{
  "momentum_20d": {
    "total_return": 1.5767861044475322,
    "benchmark_return": 0.5547470601722604,
    "excess_return": 1.0220390442752718,
    "max_drawdown": -0.19738748974329046,
    "sharpe": 1.685298986695345,
    "ending_equity": 257678.6104447532,
    "trade_count": 869
  },
  "low_volatility_20d": {
    "total_return": 0.30893544763919367,
    "benchmark_return": 0.5547470601722604,
    "excess_return": -0.24581161253306671,
    "max_drawdown": -0.13781121283721787,
    "sharpe": 0.9358390014723847,
    "ending_equity": 130893.54476391936,
    "trade_count": 821
  },
  "relative_strength_20d": {
    "total_return": 1.5767861044475322,
    "benchmark_return": 0.5547470601722604,
    "excess_return": 1.0220390442752718,
    "max_drawdown": -0.19738748974329046,
    "sharpe": 1.685298986695345,
    "ending_equity": 257678.6104447532,
    "trade_count": 869
  }
}