{
  "classification": {
    "accuracy": 0.5081984820277817,
    "precision": 0.49665862628020085,
    "roc_auc": 0.5110638276890513,
    "train_rows": 133647,
    "test_rows": 55864,
    "test_start": "2024-01-01",
    "horizon_days": 5,
    "model_preset": "balanced_gbdt",
    "score_mode": "model_momentum_blend",
    "model_weight": 0.25
  },
  "backtest": {
    "total_return": 0.9898726786005865,
    "benchmark_return": 0.5407249243730161,
    "excess_return": 0.44914775422757036,
    "max_drawdown": -0.16807429555947784,
    "sharpe": 1.3732060341129961,
    "ending_equity": 198987.26786005864
  }
}