{
  "classification": {
    "accuracy": 0.5103373617987896,
    "precision": 0.49837809293904645,
    "roc_auc": 0.5111120032009658,
    "train_rows": 133647,
    "test_rows": 56349,
    "test_start": "2024-01-01",
    "horizon_days": 5,
    "model_preset": "balanced_gbdt",
    "score_mode": "model_momentum_blend",
    "model_weight": 0.25
  },
  "backtest": {
    "total_return": 0.7303015619204578,
    "benchmark_return": 0.5547470601722604,
    "excess_return": 0.17555450174819742,
    "max_drawdown": -0.19544539641383185,
    "sharpe": 1.1136878854647538,
    "ending_equity": 173030.15619204578
  }
}