{
  "classification": {
    "accuracy": 0.5074910741099136,
    "precision": 0.4943515098848577,
    "roc_auc": 0.5097494953662469,
    "train_rows": 133647,
    "test_rows": 59938,
    "test_start": "2024-01-01",
    "horizon_days": 5,
    "model_preset": "balanced_gbdt",
    "score_mode": "model_momentum_blend",
    "model_weight": 0.25
  },
  "backtest": {
    "total_return": 2.363019360735959,
    "benchmark_return": 0.6275610505605198,
    "excess_return": 1.735458310175439,
    "max_drawdown": -0.22863454173190012,
    "sharpe": 2.130668313297946,
    "ending_equity": 336301.9360735959
  }
}