{
  "aggregate": {
    "folds": 5,
    "mean_roc_auc": 0.5060801141801454,
    "mean_total_return": 0.10652991120700292,
    "mean_excess_return": -0.006732244709066149,
    "worst_max_drawdown": -0.3480743343615813,
    "positive_excess_folds": 2,
    "model_preset": "balanced_gbdt",
    "score_mode": "model_momentum_blend",
    "model_weight": 0.25
  },
  "folds": [
    {
      "test_year": 2022,
      "model_preset": "balanced_gbdt",
      "score_mode": "model_momentum_blend",
      "model_weight": 0.25,
      "accuracy": 0.5097958680740954,
      "precision": 0.5242889198859846,
      "roc_auc": 0.5090568864421583,
      "train_rows": 85051,
      "test_rows": 24347,
      "backtest_total_return": -0.2642697704221224,
      "backtest_benchmark_return": -0.18646414002950962,
      "backtest_excess_return": -0.07780563039261279,
      "backtest_max_drawdown": -0.3480743343615813,
      "backtest_sharpe": -0.9398219628046587,
      "backtest_ending_equity": 73573.02295778776,
      "trade_count": 433
    },
    {
      "test_year": 2023,
      "model_preset": "balanced_gbdt",
      "score_mode": "model_momentum_blend",
      "model_weight": 0.25,
      "accuracy": 0.49552558868406943,
      "precision": 0.47889268328126133,
      "roc_auc": 0.4945808783367331,
      "train_rows": 109398,
      "test_rows": 24249,
      "backtest_total_return": 0.17756664385681753,
      "backtest_benchmark_return": 0.26709219554611563,
      "backtest_excess_return": -0.0895255516892981,
      "backtest_max_drawdown": -0.3021843020176864,
      "backtest_sharpe": 0.8811577614110737,
      "backtest_ending_equity": 117756.66438568175,
      "trade_count": 412
    },
    {
      "test_year": 2024,
      "model_preset": "balanced_gbdt",
      "score_mode": "model_momentum_blend",
      "model_weight": 0.25,
      "accuracy": 0.5159548355424645,
      "precision": 0.4911596699610119,
      "roc_auc": 0.5191476724949664,
      "train_rows": 133647,
      "test_rows": 24444,
      "backtest_total_return": 0.3101096200050739,
      "backtest_benchmark_return": 0.2558931896202161,
      "backtest_excess_return": 0.054216430384857794,
      "backtest_max_drawdown": -0.10837584006129364,
      "backtest_sharpe": 1.2751311557653338,
      "backtest_ending_equity": 131010.96200050738,
      "trade_count": 419
    },
    {
      "test_year": 2025,
      "model_preset": "balanced_gbdt",
      "score_mode": "model_momentum_blend",
      "model_weight": 0.25,
      "accuracy": 0.5091576602590545,
      "precision": 0.5096335078534031,
      "roc_auc": 0.5221617555091254,
      "train_rows": 158091,
      "test_rows": 24242,
      "backtest_total_return": 0.17128515929160337,
      "backtest_benchmark_return": 0.18009014616634134,
      "backtest_excess_return": -0.008804986874737963,
      "backtest_max_drawdown": -0.21102957900904684,
      "backtest_sharpe": 0.8072594119617776,
      "backtest_ending_equity": 117128.51592916033,
      "trade_count": 410
    },
    {
      "test_year": 2026,
      "model_preset": "balanced_gbdt",
      "score_mode": "model_momentum_blend",
      "model_weight": 0.25,
      "accuracy": 0.48936447866370875,
      "precision": 0.4831788079470199,
      "roc_auc": 0.485453378117744,
      "train_rows": 182333,
      "test_rows": 7663,
      "backtest_total_return": 0.13795790330364222,
      "backtest_benchmark_return": 0.0496993882771819,
      "backtest_excess_return": 0.08825851502646032,
      "backtest_max_drawdown": -0.10660431563484907,
      "backtest_sharpe": 1.6512561569499886,
      "backtest_ending_equity": 113795.79033036422,
      "trade_count": 131
    }
  ]
}