test_year,model_preset,score_mode,model_weight,accuracy,precision,roc_auc,train_rows,test_rows,backtest_total_return,backtest_benchmark_return,backtest_excess_return,backtest_max_drawdown,backtest_sharpe,backtest_ending_equity,trade_count
2022,balanced_gbdt,model_momentum_blend,0.25,0.5111512712038444,0.5253156872268091,0.5089357491747775,85051,24347,-0.20271884195443912,-0.18646425021457036,-0.016254591739868762,-0.3234436643405275,-0.6410825038838187,79728.11580455609,430
2023,balanced_gbdt,model_momentum_blend,0.25,0.49160790135675697,0.4754610135037026,0.49243712593910116,109398,24249,0.2711921224146918,0.2670924297141133,0.004099692700578528,-0.27909911931778075,1.2656053172360051,127119.21224146918,412
2024,balanced_gbdt,model_momentum_blend,0.25,0.5157093765341189,0.4905215505045742,0.5187733008513118,133647,24444,0.35521644556930454,0.25589310629945894,0.0993233392698456,-0.1207133862776476,1.405233743448808,135521.64455693046,417
2025,balanced_gbdt,model_momentum_blend,0.25,0.5124989687319528,0.5138352302391146,0.5237584031772673,158091,24242,0.25752230927377884,0.18009014616634134,0.0774321631074375,-0.22088924222835382,1.0508325524101232,125752.23092737788,411
2026,balanced_gbdt,model_momentum_blend,0.25,0.48955140707718026,0.488756048961002,0.4860345992769918,182333,7178,0.10617352579430994,0.04023230488457319,0.06594122090973675,-0.08502768534039529,1.505916774622984,110617.352579431,124
