{
  "aggregate": {
    "folds": 5,
    "mean_roc_auc": 0.5059878356838899,
    "mean_total_return": 0.1574771122195292,
    "mean_excess_return": 0.046108364849545926,
    "worst_max_drawdown": -0.3234436643405275,
    "positive_excess_folds": 4,
    "model_preset": "balanced_gbdt",
    "score_mode": "model_momentum_blend",
    "model_weight": 0.25
  },
  "folds": [
    {
      "test_year": 2022,
      "model_preset": "balanced_gbdt",
      "score_mode": "model_momentum_blend",
      "model_weight": 0.25,
      "accuracy": 0.5111512712038444,
      "precision": 0.5253156872268091,
      "roc_auc": 0.5089357491747775,
      "train_rows": 85051,
      "test_rows": 24347,
      "backtest_total_return": -0.20271884195443912,
      "backtest_benchmark_return": -0.18646425021457036,
      "backtest_excess_return": -0.016254591739868762,
      "backtest_max_drawdown": -0.3234436643405275,
      "backtest_sharpe": -0.6410825038838187,
      "backtest_ending_equity": 79728.11580455609,
      "trade_count": 430
    },
    {
      "test_year": 2023,
      "model_preset": "balanced_gbdt",
      "score_mode": "model_momentum_blend",
      "model_weight": 0.25,
      "accuracy": 0.49160790135675697,
      "precision": 0.4754610135037026,
      "roc_auc": 0.49243712593910116,
      "train_rows": 109398,
      "test_rows": 24249,
      "backtest_total_return": 0.2711921224146918,
      "backtest_benchmark_return": 0.2670924297141133,
      "backtest_excess_return": 0.004099692700578528,
      "backtest_max_drawdown": -0.27909911931778075,
      "backtest_sharpe": 1.2656053172360051,
      "backtest_ending_equity": 127119.21224146918,
      "trade_count": 412
    },
    {
      "test_year": 2024,
      "model_preset": "balanced_gbdt",
      "score_mode": "model_momentum_blend",
      "model_weight": 0.25,
      "accuracy": 0.5157093765341189,
      "precision": 0.4905215505045742,
      "roc_auc": 0.5187733008513118,
      "train_rows": 133647,
      "test_rows": 24444,
      "backtest_total_return": 0.35521644556930454,
      "backtest_benchmark_return": 0.25589310629945894,
      "backtest_excess_return": 0.0993233392698456,
      "backtest_max_drawdown": -0.1207133862776476,
      "backtest_sharpe": 1.405233743448808,
      "backtest_ending_equity": 135521.64455693046,
      "trade_count": 417
    },
    {
      "test_year": 2025,
      "model_preset": "balanced_gbdt",
      "score_mode": "model_momentum_blend",
      "model_weight": 0.25,
      "accuracy": 0.5124989687319528,
      "precision": 0.5138352302391146,
      "roc_auc": 0.5237584031772673,
      "train_rows": 158091,
      "test_rows": 24242,
      "backtest_total_return": 0.25752230927377884,
      "backtest_benchmark_return": 0.18009014616634134,
      "backtest_excess_return": 0.0774321631074375,
      "backtest_max_drawdown": -0.22088924222835382,
      "backtest_sharpe": 1.0508325524101232,
      "backtest_ending_equity": 125752.23092737788,
      "trade_count": 411
    },
    {
      "test_year": 2026,
      "model_preset": "balanced_gbdt",
      "score_mode": "model_momentum_blend",
      "model_weight": 0.25,
      "accuracy": 0.48955140707718026,
      "precision": 0.488756048961002,
      "roc_auc": 0.4860345992769918,
      "train_rows": 182333,
      "test_rows": 7178,
      "backtest_total_return": 0.10617352579430994,
      "backtest_benchmark_return": 0.04023230488457319,
      "backtest_excess_return": 0.06594122090973675,
      "backtest_max_drawdown": -0.08502768534039529,
      "backtest_sharpe": 1.505916774622984,
      "backtest_ending_equity": 110617.352579431,
      "trade_count": 124
    }
  ]
}