test_year,accuracy,precision,roc_auc,train_rows,test_rows,backtest_total_return,backtest_benchmark_return,backtest_excess_return,backtest_max_drawdown,backtest_sharpe,backtest_ending_equity,trade_count
2022,0.5116852178913213,0.5274554294975689,0.5077087385781288,91938,24347,-0.1837396339704268,-0.18646425021457036,0.0027246162441435517,-0.32509019184405397,-0.44699308669669924,81626.03660295732,483
2023,0.49263887170604975,0.47759961461702566,0.491949209459006,116285,24249,0.3623870063703878,0.2670924297141133,0.0952945766562745,-0.09638893407970806,2.1326685230231512,136238.70063703877,447
2024,0.5088365243004418,0.48296241573552495,0.5124343292942903,140534,24444,0.45874951927596963,0.25589310629945894,0.2028564129765107,-0.06524227385087267,2.0531138173021244,145874.95192759697,455
2025,0.523265407144625,0.5267657235904742,0.5366577916675064,164978,24242,0.23948467490733938,0.18009014616634134,0.05939452874099804,-0.21977368283350085,0.9857760796134294,123948.46749073394,449
2026,0.48843689049874617,0.48770144189991516,0.4870626326333437,189220,7178,-0.043845272807487956,0.04023230488457319,-0.08407757769206115,-0.16412615135997455,-0.40242960635377245,95615.47271925121,124
