symbol,date,close,high,low,open,volume
ABBV,2018-01-02,68.2870864868164,68.62709792118717,67.13520345232222,67.40582555434112,4561300
ABBV,2018-01-03,69.355712890625,69.45979956475867,68.0303588084653,68.3842513828925,4702300
ABBV,2018-01-04,68.96018981933594,69.47368268194708,68.24546941988902,69.43898535817908,3579000
ABBV,2018-01-05,70.16065216064453,70.22310099577815,68.39119438156264,68.93243879566239,4599300
ABBV,2018-01-08,69.03650665283203,70.27859543327997,68.12749411779421,70.27859543327997,5582000
ABBV,2018-01-09,69.55694580078125,69.84838954752635,68.48833284689765,69.03651772354323,4055400
ABBV,2018-01-10,69.17530059814453,69.52918787319516,68.82140802902583,69.14754379918737,4608600
ABBV,2018-01-11,69.3779525756836,69.5317073331398,68.88174743337423,69.44784497964864,4240900
ABBV,2018-01-12,70.12574768066406,70.33541420526859,68.95163220541053,69.42686637470389,4372600
ABBV,2018-01-16,71.62836456298828,71.98479562653826,69.88815109372646,70.06986177954214,8528600
ABBV,2018-01-17,72.93526458740234,73.2707246792396,71.67029093785742,71.9847854404601,5384900
ABBV,2018-01-18,72.5508804321289,73.27771776809108,72.29229771236349,72.88634586874308,6371200
ABBV,2018-01-19,73.13095092773438,73.29169599947784,72.36917274384062,72.91429939507506,4991300
ABBV,2018-01-22,74.42388153076172,74.45882773486402,73.00515308969953,73.17288313889786,4538100
ABBV,2018-01-23,73.64812469482422,74.75934896413482,73.40351725568108,74.20024167577142,5095300
ABBV,2018-01-24,73.7389907836914,74.24218633200657,72.75356527956707,73.5642704034177,4436500
ABBV,2018-01-25,75.68885803222656,75.73777951712547,73.89971801583333,74.0464824705301,6327500
ABBV,2018-01-26,86.10920715332031,87.96124458570496,79.32306699557091,80.02194864310898,19614500
ABBV,2018-01-29,85.48018646240234,86.76613107326497,83.15291534018468,84.91409420727402,10182700
ABBV,2018-01-30,80.98637390136719,84.87914304709851,80.97938892650734,83.46041467243411,11851400
ABBV,2018-01-31,78.42847442626953,81.41968607441753,77.77851448724357,81.21700982116835,15744800
ABBV,2018-02-01,81.30786895751953,82.13953962634072,78.4354709754754,78.44245595121625,9943500
ABBV,2018-02-02,80.49018859863281,82.41910321189815,80.3154682073019,80.72082079487998,7184400
ABBV,2018-02-05,76.5345230102539,80.7487780675389,76.45764561020034,78.97361822164955,9827800
ABBV,2018-02-06,77.71562957763672,79.33703463025654,70.58703959312822,73.31966913081723,14107800
ABBV,2018-02-07,79.40690612792969,81.66429005092051,77.84140796192057,77.93925093079089,10030800
ABBV,2018-02-08,75.81465911865234,79.67248222779439,75.702835531584,79.20423295404045,7212400
ABBV,2018-02-09,77.78553771972656,78.79891408287483,74.3680065288599,76.57646999568138,8909300
ABBV,2018-02-12,78.22581481933594,79.20425008969774,77.33124725741999,78.67309860029393,4823300
ABBV,2018-02-13,78.1768798828125,78.5612668153875,77.14952329215053,77.95323803078041,5316200
ABBV,2018-02-14,79.02951049804688,79.44184796730868,77.07264043269207,77.603791793067,6189100
ABBV,2018-02-15,80.30146789550781,81.30086843573126,78.54028391383495,79.40690062381942,7401100
ABBV,2018-02-16,82.8873291015625,83.30665685556548,80.51113138615669,80.53210230609227,8717000
ABBV,2018-02-20,82.45403289794922,84.94903937283593,81.92288152178192,82.27232223441054,8751400
ABBV,2018-02-21,82.40513610839844,84.77434442351223,82.36319958452593,82.81048340417878,5122500
ABBV,2018-02-22,82.1604995727539,83.67707633500258,81.4755987542281,82.86637131318912,5185700
ABBV,2018-02-23,82.9921875,83.38355947795668,81.69226733659444,82.75457032253868,4685700
ABBV,2018-02-26,84.94206237792969,85.06786126747318,83.1948585409607,83.35559830801779,4473500
ABBV,2018-02-27,82.64971923828125,85.26353428824414,82.57983216183047,84.71141731981129,4754300
ABBV,2018-02-28,80.95146179199219,83.8657969565415,80.91651557710945,83.16691531523698,6660000
ABBV,2018-03-01,79.5606689453125,81.49657372384256,78.14194032589431,81.00735879716139,7148900
ABBV,2018-03-02,80.39932250976562,80.6998417460312,78.19784487963803,78.93167253369465,5439700
ABBV,2018-03-05,80.83264923095703,81.2939083189484,78.89674419348002,79.67250320387066,3975700
ABBV,2018-03-06,80.06387329101562,81.27993109739874,79.55369271596126,81.0772547963349,3650500
ABBV,2018-03-07,80.17566680908203,80.36436242156218,78.4214731826599,78.68006119357993,5286200
ABBV,2018-03-08,81.77611541748047,82.29328616879668,79.91708830430838,80.37136228799676,6179400
ABBV,2018-03-09,83.36958312988281,83.62817123033307,82.23739306688292,82.3631919627718,5835600
ABBV,2018-03-12,82.67767333984375,83.57922567095247,82.41908529734496,83.44644182819215,4892900
ABBV,2018-03-13,83.69105529785156,84.87915165360535,82.97819855080778,83.34860487352951,5403200
ABBV,2018-03-14,83.1249771118164,84.33403926335006,82.43308050621161,84.10340706148179,3556100
ABBV,2018-03-15,80.32244110107422,83.51632894884894,80.28749489756751,83.16688824194999,5812400
ABBV,2018-03-16,79.46981048583984,81.58043548919252,79.3859427907784,80.294490825129,8879300
ABBV,2018-03-19,78.29568481445312,80.35738820754932,77.18446591340798,79.49077140563156,8598900
ABBV,2018-03-20,78.72898864746094,79.77731071911278,78.33761144825584,78.90370899273624,4933800
ABBV,2018-03-21,78.5892333984375,79.52573751046764,78.08604312784306,79.02953221676735,4618000
ABBV,2018-03-22,68.5602798461914,73.03312288854947,66.75716414494643,72.81647131159323,26861200
ABBV,2018-03-23,68.11297607421875,70.11177717184941,68.0500793117819,69.18226369197777,14253600
ABBV,2018-03-26,66.58942413330078,69.82524868022391,64.1293637594978,69.53171441697438,13760600
ABBV,2018-03-27,64.3040771484375,66.89692642362105,63.682073147945474,66.74317166717731,10821300
ABBV,2018-03-28,65.88356018066406,67.68667582673868,64.00357247095957,64.42989063531155,11154200
ABBV,2018-03-29,66.1491470336914,66.77115125489212,65.34543209657612,66.05828900971228,7399400
ABBV,2018-04-02,63.919708251953125,66.14215187520554,63.10900839707915,65.69486809347302,7816500
ABBV,2018-04-03,63.3116569519043,64.61856695495946,61.655311616847655,64.53469927605428,10449200
ABBV,2018-04-04,64.95405578613281,65.28253098203511,61.941872548935166,61.99778435505541,8841700
ABBV,2018-04-05,64.4438705444336,65.18468332094011,64.05249856168199,65.0449091362555,7045000
ABBV,2018-04-06,62.74555969238281,64.83521320087128,62.05366872667691,63.91269013591643,6761200
ABBV,2018-04-09,63.23480987548828,65.26156226143648,63.19287335345906,63.87078936246033,8302100
ABBV,2018-04-10,65.42928314208984,65.96741951145125,63.54929033896949,63.94765255141794,6253700
ABBV,2018-04-11,65.44327545166016,66.03033879392676,64.57666372283617,64.70246262960447,7135700
ABBV,2018-04-12,65.04784393310547,66.1705733138876,65.01253574150816,66.1705733138876,6402500
ABBV,2018-04-13,64.84307098388672,65.4150270782065,64.32053774023088,65.40796436213714,4630000
ABBV,2018-04-16,65.38677215576172,66.01521911330646,65.18199651752185,65.59154779400158,3922500
ABBV,2018-04-17,66.08582305908203,66.38239779953469,65.40089061595818,65.81043646151869,4474700
ABBV,2018-04-18,66.60128784179688,66.79900072724683,65.68332900246826,66.3753294888152,5289700
ABBV,2018-04-19,65.67626190185547,66.74956257196786,64.53940759243699,66.67895160728318,4972900
ABBV,2018-04-20,65.38677215576172,66.23412018164458,64.97722087928199,65.95873355473276,4754800
ABBV,2018-04-23,65.78926849365234,66.23412801068815,65.4785790293168,65.61980102335353,4716300
ABBV,2018-04-24,64.51118469238281,66.00816244872509,63.861554970436856,65.63391396918465,6378300
ABBV,2018-04-25,64.8713150024414,65.1608217074903,63.91804768364143,64.22874253642209,5487800
ABBV,2018-04-26,68.80440521240234,69.58819964864087,66.07877878115862,66.37534819290467,12594400
ABBV,2018-04-27,69.71529388427734,70.15308523778597,68.04884872552532,68.80439760270987,6117600
ABBV,2018-04-30,68.17594146728516,70.20250400416958,68.15475332541122,69.94124284771955,7449400
ABBV,2018-05-01,72.07373046875,72.99168941693344,71.44528355664399,72.0949132250927,11910500
ABBV,2018-05-02,70.87332153320312,71.85482866658681,70.58380952185213,71.43821474076233,7625600
ABBV,2018-05-03,70.80978393554688,71.155781575004,69.7435401550297,70.75329298580226,7699500
ABBV,2018-05-04,70.73210144042969,71.26875462179575,69.9906780194037,70.54145124281524,5224400
ABBV,2018-05-07,70.35079193115234,71.50882925935689,70.07540533403495,71.14164892562454,6151500
ABBV,2018-05-08,70.18839263916016,70.45671654273433,69.69410495917874,69.9977370496348,7620900
ABBV,2018-05-09,71.44529724121094,72.05256151328909,69.8353428035242,70.21664865254586,5665600
ABBV,2018-05-10,72.62451171875,73.30238693308767,71.97488197841889,72.43386150329732,5369700
ABBV,2018-05-11,73.56363677978516,73.92375975729209,72.05253928172499,73.05522913795704,6358900
ABBV,2018-05-14,74.7711181640625,75.06063022793994,73.669571630286,73.71899986225615,8471700
ABBV,2018-05-15,73.56363677978516,74.53808116844098,73.14702286712576,74.41097925798395,8387600
ABBV,2018-05-16,74.1709213256836,74.6016553973197,73.57777711749881,73.76137001375524,8296700
ABBV,2018-05-17,74.36862182617188,74.43217548193792,73.58482752445092,74.21327443126896,6702900
ABBV,2018-05-18,74.83467102050781,75.39956432447232,74.22034409783231,74.33332060371593,5328000
ABBV,2018-05-21,75.01119995117188,75.7314406527136,74.81348164140783,75.55491048802196,5797300
ABBV,2018-05-22,75.01119995117188,75.72437793768947,74.91940081767744,75.23715834648624,9456800
ABBV,2018-05-23,74.56632995605469,75.07473762051946,73.95906584430757,74.74286009581205,12816600
ABBV,2018-05-24,72.82929229736328,73.82492512125123,71.74892843299037,73.82492512125123,13164500
ABBV,2018-05-25,71.37467193603516,72.82927865615979,70.2943082740185,72.22907722029194,25301700
ABBV,2018-05-29,70.23783111572266,71.73480364190958,69.85652526831456,70.80272447733657,25494700
ABBV,2018-05-30,72.73748779296875,72.84340696519743,71.19814460009428,71.92544798891277,31273400
ABBV,2018-05-31,69.86355590820312,71.3887732102993,69.55286120023467,71.2687340321374,18910900
ABBV,2018-06-01,69.23514556884766,70.20959031898772,69.12922637296253,69.15040913468474,14837300
ABBV,2018-06-04,69.9765625,70.23076639100088,68.93150684790616,69.53877110004457,10922500
ABBV,2018-06-05,70.07540130615234,70.85213282740857,69.73646646176921,69.98360757481362,10199000
ABBV,2018-06-06,70.59793090820312,70.60498823446211,69.42576827657591,70.08246056588312,4933500
ABBV,2018-06-07,70.13188934326172,70.84507257193891,69.81413726637996,70.78858163778644,5092500
ABBV,2018-06-08,70.91568756103516,70.96511578439907,69.9059349517961,70.10364784525176,4012900
ABBV,2018-06-11,70.44966125488281,71.37468305343097,70.19546275417233,71.00749726533252,5770100
ABBV,2018-06-12,69.84239959716797,70.69680498025382,69.7223549862907,70.47084657635733,8060400
ABBV,2018-06-13,68.90325927734375,70.06835951112409,68.85383104377844,69.8494584305291,7816200
ABBV,2018-06-14,69.72940063476562,69.84943982898906,69.02328012200852,69.46813410562758,4648700
ABBV,2018-06-15,70.30843353271484,70.52027188451532,69.19982431780822,69.74353485276228,20806200
ABBV,2018-06-18,69.53875732421875,70.1389587417962,69.41871273088526,70.011856821475,6425600
ABBV,2018-06-19,69.20687103271484,69.46813216729107,68.44425960727067,69.12213463413045,5528300
ABBV,2018-06-20,69.3763427734375,70.29430162662086,69.08683076732183,69.35516001928703,5842700
ABBV,2018-06-21,67.4698257446289,69.19275635191579,67.26505012336791,68.99504344511834,7225000
ABBV,2018-06-22,66.01522064208984,67.86525875686792,65.97285512536018,67.8299505680777,9454800
ABBV,2018-06-25,65.70452880859375,66.64366518121305,65.0337109569822,66.0010981894209,5573100
ABBV,2018-06-26,65.04784393310547,66.27649250140587,65.01959845728234,65.92343213452742,5117100
ABBV,2018-06-27,64.61711883544922,65.85988762075263,64.58887335570036,65.21732046510789,5833000
ABBV,2018-06-28,65.2667007446289,65.3938026164569,64.12278389817699,64.49702680209539,6698900
ABBV,2018-06-29,65.42208099365234,66.70015767931281,65.35852733212504,65.5562402572799,6787900
ABBV,2018-07-02,65.74687957763672,65.88104419532232,64.85716624743296,65.00545090458827,3854500
ABBV,2018-07-03,66.09996795654297,66.6366212684134,65.7539702759238,66.07878519468709,2452400
ABBV,2018-07-05,66.71427154541016,67.12381736769531,66.34002313078358,66.70014611762005,4744000
ABBV,2018-07-06,68.43721771240234,68.54313689603535,67.05322177147852,67.22268923292725,5867400
ABBV,2018-07-09,68.52194213867188,69.446958380066,68.437205729148,69.18569721176095,5953100
ABBV,2018-07-10,69.79296112060547,69.87063482159655,68.26774334726022,68.57137543642368,5119900
ABBV,2018-07-11,67.05320739746094,68.84675425740868,66.98965913326789,67.97116627580198,6230000
ABBV,2018-07-12,68.2016830444336,68.24448122923151,67.12455004125215,67.70948215008929,4672000
ABBV,2018-07-13,68.92927551269531,69.0933442823274,67.72374802306206,67.73801226976009,3712400
ABBV,2018-07-16,68.65821838378906,69.06481748535721,67.95202108996908,69.02201929854762,3783500
ABBV,2018-07-17,68.05900573730469,69.31446608360737,68.00193787366611,68.67246622340087,5107500
ABBV,2018-07-18,67.33854675292969,68.07327789523936,67.28861372701422,67.95914215469449,5521900
ABBV,2018-07-19,64.16422271728516,66.53962000895717,62.60202905819615,66.49682182282362,19747200
ABBV,2018-07-20,63.422359466552734,63.94308885058223,61.888694366884764,63.27968978153013,11791900
ABBV,2018-07-23,63.77188491821289,64.19274820590799,63.22975104861496,63.60781615580995,6316800
ABBV,2018-07-24,65.29841613769531,65.34834916321888,64.02155112240193,64.56368500115195,7965000
ABBV,2018-07-25,66.42548370361328,66.70368277295837,64.97028564118956,64.97028564118956,7494300
ABBV,2018-07-26,67.0103988647461,67.45266114936594,66.01173313957844,67.01752826513066,6812400
ABBV,2018-07-27,64.5993423461914,65.81913937851851,63.32247744933304,65.15574041964331,12905800
ABBV,2018-07-30,65.23420715332031,65.29840986127473,63.75761017786171,64.67780908174042,6466000
ABBV,2018-07-31,65.79061889648438,66.07594736928819,65.14861894809229,65.3768849917104,8691800
ABBV,2018-08-01,66.989013671875,67.39561271202551,65.8262789777861,65.83341382194075,5330400
ABBV,2018-08-02,67.8521499633789,68.3800141830514,66.63235274968456,66.75361789812561,6023200
ABBV,2018-08-03,68.85794067382812,69.08620670801952,67.63814354340309,67.68807656831085,4876100
ABBV,2018-08-06,69.23601531982422,69.58555198461781,68.29441711879561,68.66535287688426,5134200
ABBV,2018-08-07,67.09600067138672,70.15619535328817,66.8677346678139,69.40720008013868,8890900
ABBV,2018-08-08,66.86062622070312,67.11029138999703,66.2471601234138,66.71082167683426,4535100
ABBV,2018-08-09,68.10181427001953,68.57974545551608,66.67515011585063,67.19587948443883,6176100
ABBV,2018-08-10,68.33721160888672,69.00774002572817,67.98767499083695,68.01620892551192,4446800
ABBV,2018-08-13,69.03629302978516,69.6069609963329,68.34435988909127,68.47989475566229,5920000
ABBV,2018-08-14,68.42280578613281,69.44287078845713,68.29440580534055,68.99347357682989,5580800
ABBV,2018-08-15,69.51419830322266,69.7567340030267,68.20167009065364,68.42280125983208,6861500
ABBV,2018-08-16,70.06349182128906,70.37022489490344,69.2360238302203,69.7924220934527,6332900
ABBV,2018-08-17,70.48434448242188,70.7268802313101,68.77948116438704,70.06348114722556,6307300
ABBV,2018-08-20,69.64261627197266,71.49728422717007,69.52848595726543,70.85528419977807,6172500
ABBV,2018-08-21,69.7210693359375,69.9422059604375,69.05054094534927,69.80667113661086,3528400
ABBV,2018-08-22,69.64973449707031,70.13480046398429,69.28593366131204,69.79239871698395,2963300
ABBV,2018-08-23,69.30020904541016,69.79953929844584,69.11474119044338,69.68540900159121,2137500
ABBV,2018-08-24,69.4785385131836,69.61406789364416,68.87220739618994,69.29307066767437,2996100
ABBV,2018-08-27,69.92081451416016,70.12055208644534,69.40721994087536,69.98501723725349,2456000
ABBV,2018-08-28,69.3786849975586,70.40587957154949,69.26454924361944,69.75675015847052,3515400
ABBV,2018-08-29,69.60694885253906,69.7852818806862,68.50128190110999,69.49994794719235,3637100
ABBV,2018-08-30,69.04341125488281,69.71394513781198,68.87934248525205,69.54987636818122,3434400
ABBV,2018-08-31,68.46559143066406,68.97205637683494,68.28012363104277,68.65818863013583,4703100
ABBV,2018-09-04,67.45268249511719,68.4584833812507,67.11028613043197,68.4584833812507,4456100
ABBV,2018-09-05,67.9020767211914,67.94487490085554,67.11740714540613,67.29574015039526,5188800
ABBV,2018-09-06,66.86775970458984,67.82362769402418,66.19009628339508,67.61676070047278,5416300
ABBV,2018-09-07,67.17448425292969,67.3028842518748,65.3412209271698,66.80355394613947,4051700
ABBV,2018-09-10,66.92481994628906,67.88781722940783,66.83921813181256,67.75228782601864,3156800
ABBV,2018-09-11,66.46829986572266,66.86063478364034,66.25429801189605,66.85349993723459,2638500
ABBV,2018-09-12,66.5110855102539,67.01042126087017,65.65508914104342,65.90475429520546,3304700
ABBV,2018-09-13,68.71527862548828,68.7438125609548,66.63235031705854,66.63947971920638,4850700
ABBV,2018-09-14,68.25159454345703,68.76519436817992,67.70946079043951,68.68672742594224,3446000
ABBV,2018-09-17,68.03048706054688,68.59402009518894,67.62388796495605,68.05188615363708,3987200
ABBV,2018-09-18,66.06168365478516,68.52267712744123,65.9190194172339,68.01621200915488,10240500
ABBV,2018-09-19,64.92752075195312,65.7977872592706,64.48525809185702,65.41972191088071,8451400
ABBV,2018-09-20,66.11161804199219,66.42548590181102,64.64215568428025,65.2199529332268,5991200
ABBV,2018-09-21,65.81201934814453,66.5752844574852,65.66222026413844,66.23288266383423,9953500
ABBV,2018-09-24,66.6395034790039,67.03897327567117,65.59090410647951,65.84057477025668,5910300
ABBV,2018-09-25,66.89629364013672,67.50975977480974,66.62522936014118,66.68229724296955,5303900
ABBV,2018-09-26,67.18161010742188,67.845009106144,66.94620923380951,67.26007706529266,4656200
ABBV,2018-09-27,67.15306091308594,67.68805980846889,67.02466096050242,67.30285995071834,3028600
ABBV,2018-09-28,67.46694946289062,67.88068337562673,66.93907980500309,67.05321555015452,4527900
ABBV,2018-10-01,67.76656341552734,68.2230956178906,67.2886321165366,67.58109550760066,3763800
ABBV,2018-10-02,67.2172622680664,68.01619045281645,66.67512854106452,68.00905561051259,6792200
ABBV,2018-10-03,68.48700714111328,68.90787041064026,67.48120640444773,67.50974033764655,4796800
ABBV,2018-10-04,66.9390869140625,68.34435213230303,66.5253583996795,68.34435213230303,4425400
ABBV,2018-10-05,67.32427978515625,67.95914490129334,66.27568619855215,67.12454767342213,4190100
ABBV,2018-10-08,67.63101959228516,68.03048929817994,66.87488925266857,67.10315532362597,3305500
ABBV,2018-10-09,67.45980834960938,67.95200918082685,66.91054509341053,67.55967439619099,3625600
ABBV,2018-10-10,66.39697265625,68.04476854921035,66.33276991841988,66.94623613980558,5310800
ABBV,2018-10-11,64.69922637939453,66.61095683447229,63.92169691753424,66.33989256600856,9994400
ABBV,2018-10-12,65.38414001464844,65.66531516088219,64.09361550989054,65.39855685525798,5709600
ABBV,2018-10-15,64.29547882080078,65.3192449329848,64.29547882080078,65.2543609049853,4827900
ABBV,2018-10-16,66.26372528076172,66.3141924808787,64.54782947575941,64.72807026196472,3787100
ABBV,2018-10-17,66.52325439453125,66.62419427622262,65.48507140231956,66.19882324081095,2857400
ABBV,2018-10-18,64.81456756591797,66.61697486474489,64.32431256061663,66.22044305879874,4422300
ABBV,2018-10-19,63.42311477661133,64.8794575885223,63.42311477661133,64.35315768887821,7059400
ABBV,2018-10-22,60.75555419921875,63.82685835237766,60.20041506732599,63.82685835237766,7621100
ABBV,2018-10-23,59.811100006103516,60.98626791605716,58.75849450690025,59.53713599962993,8096200
ABBV,2018-10-24,57.25166702270508,59.93364441339267,57.14352148667087,59.72456451052933,8689100
ABBV,2018-10-25,58.92430114746094,59.97690633765987,57.431908141427535,57.965419155526064,9173500
ABBV,2018-10-26,58.246604919433594,58.78011603125145,57.2660947406534,58.412423339081,6181500
ABBV,2018-10-29,58.657554626464844,59.962495996554665,57.63378840793568,59.227116100283304,4343900
ABBV,2018-10-30,58.82337951660156,59.75342262037345,57.770774000060534,59.06850984265205,5243100
ABBV,2018-10-31,56.126956939697266,58.816150798437434,56.04765058592007,58.38357418725005,14068500
ABBV,2018-11-01,57.82844924926758,58.14567477155711,55.874639919872806,56.02604150991684,10671700
ABBV,2018-11-02,57.35980224609375,60.863682116381014,56.78303526981597,60.69065257354868,12781500
ABBV,2018-11-05,59.53709411621094,60.43829738570852,57.15070411823571,57.28047760906369,10315600
ABBV,2018-11-06,60.31578063964844,60.726729421058245,59.34247597269306,59.64528468045218,7945500
ABBV,2018-11-07,62.694950103759766,62.882402048670734,60.66183439514667,60.6690455662426,10378000
ABBV,2018-11-08,63.25008773803711,64.67759142771851,62.72378231676344,62.81750552854696,9333200
ABBV,2018-11-09,64.01432037353516,64.54783157793464,63.12753325629906,63.32219639202739,9169800
ABBV,2018-11-12,64.66317749023438,64.80736789952931,63.8052297035484,63.98547046542283,9344700
ABBV,2018-11-13,63.60334777832031,65.52110622784085,63.58892544006618,64.8866608574187,7237200
ABBV,2018-11-14,63.66826629638672,64.45411914172492,62.32727413870116,64.20178309065793,7268200
ABBV,2018-11-15,64.98761749267578,65.09576306459883,61.973991324588326,63.17799845740122,10365700
ABBV,2018-11-16,65.98975372314453,66.32860727080559,64.30990832757622,64.69202340293603,8691100
ABBV,2018-11-19,64.51179504394531,66.57374491087415,64.24503665706884,65.8167367867866,5971700
ABBV,2018-11-20,63.50963592529297,64.67759811067843,63.343817494964625,64.1657149771023,5372900
ABBV,2018-11-21,62.11097717285156,64.00710829854441,61.548626789593506,63.80523949435049,6532500
ABBV,2018-11-23,61.736080169677734,62.39937052988628,61.20978008554366,61.71445215259181,1612800
ABBV,2018-11-26,62.17585372924805,62.90402797140994,61.43326264588519,62.283999290046225,5227900
ABBV,2018-11-27,63.214027404785156,63.22844424258629,61.64232805996105,62.16142222896871,4338300
ABBV,2018-11-28,64.12245178222656,64.13686862218198,62.40655630043648,63.47358397400809,3953600
ABBV,2018-11-29,64.8218002319336,65.12460343843179,63.70430513586482,64.17293228907148,3838000
ABBV,2018-11-30,67.96517944335938,67.96517944335938,64.79294665060218,65.07412177995555,12031700
ABBV,2018-12-03,67.5254135131836,68.28963271741543,66.91980158679209,68.00124634772959,6673900
ABBV,2018-12-04,65.283203125,68.47706949738759,65.17505757278599,67.71284496211686,7008400
ABBV,2018-12-06,65.12457275390625,65.23271827684744,62.84632760584845,64.67036265765522,8734300
ABBV,2018-12-07,62.694950103759766,64.886678573412,62.269584517802,64.83621137676427,6737700
ABBV,2018-12-10,63.1635627746582,63.358220345648526,60.993462813933114,62.4858558598944,5229400
ABBV,2018-12-11,63.567317962646484,64.48294421962738,62.47866759481992,63.891754672018614,5098100
ABBV,2018-12-12,63.877315521240234,65.00922711945353,63.70428595541121,64.39640971923805,4185100
ABBV,2018-12-13,63.23568344116211,64.87947870463027,62.99055858631746,64.43248502802818,4078600
ABBV,2018-12-14,61.721656799316406,62.83915190171594,61.33954720316412,62.57960472310072,5461600
ABBV,2018-12-17,61.23140335083008,62.637279357443354,60.70509780702641,61.332337756406794,5958200
ABBV,2018-12-18,60.258113861083984,61.6423620752829,59.69576336784777,61.61352288325624,5288600
ABBV,2018-12-19,60.214820861816406,62.21910240662358,59.58758663962192,60.79880456933857,5510800
ABBV,2018-12-20,61.548614501953125,62.34888388774972,59.41456463999929,59.83271900784343,9453300
ABBV,2018-12-21,61.22418212890625,63.95663280394434,59.99854711922692,61.01510218009994,16044700
ABBV,2018-12-24,60.6762580871582,62.32005310083769,60.27251500448266,61.17371889360625,5097900
ABBV,2018-12-26,64.19454193115234,64.23058677845991,61.00788700219338,61.09439903614017,6225000
ABBV,2018-12-27,64.8218002319336,64.83621707488058,62.622860397932094,63.40870760058394,7272800
ABBV,2018-12-28,65.69416809082031,66.91980331805249,64.88668733491241,64.95157138200125,6037700
ABBV,2018-12-31,66.4655990600586,67.04236631881288,65.77347504924585,66.04022791248386,5722100
ABBV,2019-01-02,64.33152770996094,65.79508164707256,63.74754396866445,65.78065930750377,6908400
ABBV,2019-01-03,62.211910247802734,64.02152927624412,62.06050864788708,63.906172533158525,7653200
ABBV,2019-01-04,64.21617889404297,64.26664608771942,62.19748014596164,63.26450788435013,8910600
ABBV,2019-01-07,65.1534423828125,65.43461757358953,64.30991130996904,64.93715123582446,7281500
ABBV,2019-01-08,65.45623016357422,66.54488581265338,65.17505503905547,65.75182212758912,7478300
ABBV,2019-01-09,63.30778503417969,65.88883494471119,63.055448981588825,65.52114212492828,9971900
ABBV,2019-01-10,63.58893585205078,64.07919092326776,62.810299974656644,63.35822790680228,6527700
ABBV,2019-01-11,63.66826629638672,63.66826629638672,63.11312698403935,63.11312698403935,5318100
ABBV,2019-01-14,61.858341217041016,63.47121136818773,61.661290532814945,63.47121136818773,6368500
ABBV,2019-01-15,62.398380279541016,62.529745513374834,61.63208215418122,61.98239130039641,7295500
ABBV,2019-01-16,62.43488311767578,63.047917265012366,62.36189808948969,62.51516219429975,4927000
ABBV,2019-01-17,63.63905334472656,63.99666213841937,62.3400001195704,62.42757880602127,6438700
ABBV,2019-01-18,65.31761169433594,65.52925602049702,63.434711607503466,64.55131346402773,6190000
ABBV,2019-01-22,64.70459747314453,65.21545940521771,64.14994339833832,64.85055643431474,5664600
ABBV,2019-01-23,64.55131530761719,65.15705540655311,64.00396100404336,64.8359391000375,4969300
ABBV,2019-01-24,62.67570877075195,64.54401506727528,62.10646124052096,64.4637359983478,8372600
ABBV,2019-01-25,58.77853012084961,60.289227141327515,57.968445646451094,60.216247711772624,21308600
ABBV,2019-01-28,56.297203063964844,58.45742695359672,55.96149315895193,58.384447507806925,14718800
ABBV,2019-01-29,56.53804397583008,57.04161165055513,55.29737104366222,56.21692771160249,13909000
ABBV,2019-01-30,57.69843673706055,57.793315041362376,56.18044511596296,56.6986064936996,9277200
ABBV,2019-01-31,58.596107482910156,59.34050693798312,57.4430129996621,57.6181648300364,11563900
ABBV,2019-02-01,58.74935531616211,58.917213066974554,57.7349258996192,58.566903902136765,6759500
ABBV,2019-02-04,57.311641693115234,58.64718748287018,56.574536364696684,58.603400921886646,10205600
ABBV,2019-02-05,58.158206939697266,58.42823143377217,57.085391874117114,57.33352309223724,7965500
ABBV,2019-02-06,57.7130241394043,58.3041648522213,57.501379862080746,58.09252057489775,4907200
ABBV,2019-02-07,57.778709411621094,57.8152019196927,56.78617332620341,57.18026902788176,5877500
ABBV,2019-02-08,58.14363479614258,58.28229969908476,57.57438708424101,57.676559464942464,4598900
ABBV,2019-02-11,58.21659469604492,58.51581768746259,57.77871241628944,58.304173379186125,4803500
ABBV,2019-02-12,58.333377838134766,58.47204272193812,57.340841504332275,58.3771644043984,6620100
ABBV,2019-02-13,58.961002349853516,59.3477984745895,58.59609950493647,58.632586448642854,4237200
ABBV,2019-02-14,58.76396560668945,58.88073721733444,58.1801242573951,58.71287941902649,3436300
ABBV,2019-02-15,59.00477981567383,59.625113442831875,58.50121775352066,59.20912448645769,6295400
ABBV,2019-02-19,58.76396560668945,59.493771469290046,58.55232680635492,58.74937193934726,5674700
ABBV,2019-02-20,58.37715148925781,58.822333374368995,57.75681780986562,58.77124720237141,5564100
ABBV,2019-02-21,57.47218322753906,58.318760281677044,56.997808538097885,58.19468911479537,6360800
ABBV,2019-02-22,58.3990478515625,58.523119048373175,57.099994636757245,57.771420091579714,5022700
ABBV,2019-02-25,58.596107482910156,58.83694472965999,58.296884436710116,58.7201731307596,5511800
ABBV,2019-02-26,58.756656646728516,59.012087520224384,58.399047855858846,58.53041310051036,4283100
ABBV,2019-02-27,57.953857421875,58.48661231875663,57.50867562148127,58.48661231875663,4175500
ABBV,2019-02-28,57.82978439331055,58.17279385810865,57.47218126889235,57.99034248900105,6310800
ABBV,2019-03-01,58.45743179321289,59.004786033913334,57.85899137943274,58.216594590990624,8567900
ABBV,2019-03-04,57.990360260009766,58.917216617174674,57.734929378577725,58.676379399834914,5872500
ABBV,2019-03-05,57.588958740234375,58.31146467717073,57.45029390370057,57.93196267233331,5933100
ABBV,2019-03-06,56.99051284790039,57.74951128966918,56.60371679645489,57.74951128966918,5293200
ABBV,2019-03-07,57.09999084472656,57.74222336164713,56.51614968240568,56.75698130827582,6642500
ABBV,2019-03-08,56.61834716796875,56.95405723817908,56.26073824206809,56.684027031107114,6189100
ABBV,2019-03-11,56.98322677612305,57.151078958404696,56.392080410414145,56.61102433371008,8078100
ABBV,2019-03-12,57.46491622924805,57.7568397090527,56.96135393376171,57.27517070015569,6128800
ABBV,2019-03-13,57.60356140136719,57.873591502076756,57.034313873146004,57.596261785679,5984500
ABBV,2019-03-14,58.34794616699219,58.676361975286035,57.22405062244355,57.65463318499513,6161800
ABBV,2019-03-15,59.36237716674805,59.4499558319112,57.73491400694526,58.42822701023761,12751100
ABBV,2019-03-18,58.85884475708008,59.66163010359421,58.58881457966245,59.36240702310628,5550100
ABBV,2019-03-19,58.98290252685547,59.32591213206351,58.02685874312972,58.625299256053474,6335500
ABBV,2019-03-20,58.69827651977539,59.04858572863779,58.42824638861113,58.90992085479993,5360900
ABBV,2019-03-21,59.28940963745117,59.34049581039629,57.84439756387479,58.29687350482435,5159200
ABBV,2019-03-22,58.20930862426758,59.83677234114924,58.15822244409586,58.95370804505194,4992500
ABBV,2019-03-25,58.0268440246582,58.41364009651373,57.22405898918778,58.019544409724666,4008400
ABBV,2019-03-26,58.939117431640625,59.25293414550902,58.23850453816204,58.27499148704477,4921900
ABBV,2019-03-27,58.30418014526367,59.11426496240883,58.238500301267216,59.11426496240883,4006200
ABBV,2019-03-28,58.355262756347656,58.74205888416825,58.01955280450382,58.62529286821089,3071000
ABBV,2019-03-29,58.81504821777344,59.04129180764588,58.355272556765975,58.442851259424,7105900
ABBV,2019-04-01,58.95371627807617,59.19455354736602,58.36257531525272,59.09968079036251,4759400
ABBV,2019-04-02,60.62495803833008,60.93147508975691,58.96830158306798,59.03398142209852,6355800
ABBV,2019-04-03,60.63225555419922,61.83643600649806,60.42061124469424,61.02635127865931,6083500
ABBV,2019-04-04,60.435203552246094,60.85119254629293,59.89514893512701,60.60306130014841,4827900
ABBV,2019-04-05,60.90229034423828,61.435051015563566,60.333042724560684,60.442514705570126,3996300
ABBV,2019-04-08,61.28907012939453,61.30366378991203,60.41330016303981,61.08471990632979,3499200
ABBV,2019-04-09,60.347625732421875,61.14311114911835,60.2089608892281,61.13581153422005,3712700
ABBV,2019-04-10,60.537384033203125,60.85120072478255,60.281953137260786,60.71983546858707,3641900
ABBV,2019-04-11,59.67621994018555,60.7563350125404,59.282129693977645,60.719842494050944,9094200
ABBV,2019-04-12,59.73538589477539,60.4970518452856,59.040270650556984,59.65404238143907,5011500
ABBV,2019-04-15,59.920230865478516,60.27518473931486,59.43217563597903,59.86846734656493,3495500
ABBV,2019-04-16,59.313865661621094,60.119904180809925,59.173362240431906,59.97940075962073,3624700
ABBV,2019-04-17,57.66481399536133,59.30645944294801,57.346836481274636,59.232512364700035,6817100
ABBV,2019-04-18,57.36161422729492,57.83488222058031,56.799606369593704,57.72395880051041,7784900
ABBV,2019-04-22,57.79052734375,58.49303308325007,57.30986284955488,57.3838099313232,5358600
ABBV,2019-04-23,58.16767120361328,58.90715338636879,57.49473970924113,57.7905337107036,9920600
ABBV,2019-04-24,58.17505645751953,58.85537864723499,58.00497873099106,58.58917027709481,7056400
ABBV,2019-04-25,58.67049789428711,59.50611614684207,56.87356208954634,59.19553506763747,10442900
ABBV,2019-04-26,58.936737060546875,59.63924863071483,58.71489575560085,58.91455349423249,5790000
ABBV,2019-04-29,59.38041305541992,59.883261093584046,59.0920154966582,59.49872725403474,6444500
ABBV,2019-04-30,58.70748519897461,59.66881421404505,58.1824535695072,59.66141781312273,9367400
ABBV,2019-05-01,58.33774948120117,58.921941087951275,58.130695370819126,58.862781158756015,5231700
ABBV,2019-05-02,58.02717971801758,58.256417436442895,57.38382805565307,58.21944670478211,5206300
ABBV,2019-05-03,58.20463943481445,58.27119576214859,57.86447832233189,58.2120358360296,4527300
ABBV,2019-05-06,58.611351013183594,58.80361229114153,57.191541137321835,57.494731497010186,5413200
ABBV,2019-05-07,57.64262771606445,58.41168978078671,57.06583257797294,58.12329221174095,4275300
ABBV,2019-05-08,57.67222213745117,58.337757325889044,57.17677035787047,57.642642168875916,3820700
ABBV,2019-05-09,57.61307144165039,57.77575281627509,56.74048206047026,57.31727737921938,3792200
ABBV,2019-05-10,57.27288055419922,57.479940260219735,55.91963273681582,57.27288055419922,4731800
ABBV,2019-05-13,56.843994140625,57.16197168654055,56.32635325747359,56.42248954643938,3858400
ABBV,2019-05-14,58.00497055053711,58.6852926443066,56.9401146529501,57.05843448237088,6365200
ABBV,2019-05-15,58.25640869140625,58.53001914527554,57.29508518549557,58.05675097336224,4795700
ABBV,2019-05-16,58.78883743286133,59.713190222686194,58.20464579267581,58.404309154686935,5404700
ABBV,2019-05-17,58.759254455566406,59.21773544687418,57.69439829087811,58.071535789505454,4756400
ABBV,2019-05-20,59.02546310424805,59.44696769062881,58.35253730295285,58.43387514640095,4395500
ABBV,2019-05-21,59.809322357177734,60.267803383289454,59.39521410249736,59.40261050470289,4841900
ABBV,2019-05-22,60.3343505859375,60.452670447171,59.0698366884624,59.53571408981742,4219500
ABBV,2019-05-23,60.00898361206055,60.36393192020771,59.39521201204576,59.44697554205896,3299100
ABBV,2019-05-24,59.20294189453125,59.97200404354221,59.06244411588018,59.96460764199173,3872700
ABBV,2019-05-28,57.701778411865234,59.23250589580653,57.620434942136,59.15855882563445,6557800
ABBV,2019-05-29,57.72397232055664,57.88665928919027,57.01407016435604,57.36162766247318,4182200
ABBV,2019-05-30,57.39122009277344,58.11590956638324,57.03626611665697,58.064146032553964,3533100
ABBV,2019-05-31,56.72566604614258,57.36162104554965,56.49642842140289,57.16935413736142,4003200
ABBV,2019-06-03,55.978797912597656,56.821807133552404,54.58117706513051,56.66651655514508,8434400
ABBV,2019-06-04,56.75525665283203,57.265501156455386,56.12669793552574,56.30417207695077,6447100
ABBV,2019-06-05,56.9844856262207,57.8053111625514,56.68869731624238,57.24330886015229,3804400
ABBV,2019-06-06,56.99188995361328,57.472554486885095,56.83659937673491,57.0584462818761,4032800
ABBV,2019-06-07,57.25810241699219,57.960608194389756,56.999284795940504,57.30246954008648,4829100
ABBV,2019-06-10,56.90314865112305,57.494736622284975,56.644331029415085,57.2802861237838,3969400
ABBV,2019-06-11,57.80532455444336,58.345149064636885,57.30247641246371,57.30247641246371,4210200
ABBV,2019-06-12,58.101112365722656,58.603960453965,57.81271477823966,57.864478303126326,4165700
ABBV,2019-06-13,58.38211441040039,58.56698495082826,57.90145551872886,58.36732724955867,2924900
ABBV,2019-06-14,58.18986892700195,58.67052794932109,57.83491491050812,58.38213027920853,4075900
ABBV,2019-06-17,58.160274505615234,58.456068505569924,57.97540396086872,57.97540396086872,3083200
ABBV,2019-06-18,57.86448669433594,58.56699258278603,56.94753027402799,58.33035848587424,5433500
ABBV,2019-06-19,57.39122009277344,58.03457170619614,57.15458598929647,57.97541176987639,6147300
ABBV,2019-06-20,57.9310302734375,58.54480182627814,57.73876897205223,57.85708318507384,5347000
ABBV,2019-06-21,58.25640869140625,58.478255615278826,56.51862659374319,57.7905369214358,10516900
ABBV,2019-06-24,58.01236343383789,58.64831843577311,57.56867534085523,57.98278911719922,5182700
ABBV,2019-06-25,48.5839729309082,52.259199962706134,48.11070482639105,52.11130579571984,90131800
ABBV,2019-06-26,50.284786224365234,50.58797661407665,49.39740990065569,49.72277821038861,42093800
ABBV,2019-06-27,51.76374435424805,52.20743246321009,50.35872730770123,50.40310006785772,22129200
ABBV,2019-06-28,53.775150299072266,53.78993746172796,52.007788167119415,52.192658730225794,21381500
ABBV,2019-07-01,54.27799606323242,54.6107608054313,53.44977394598416,54.35194315685422,18010900
ABBV,2019-07-02,54.891761779785156,54.90654894020489,53.47934818315783,54.13009043584523,12862200
ABBV,2019-07-03,55.43157958984375,55.438975990821596,54.55899045388763,54.98049504081045,7434100
ABBV,2019-07-05,53.97481155395508,55.30588195207325,53.6938103107089,55.20235488130875,10854900
ABBV,2019-07-08,52.66591262817383,53.98218977759704,52.41448579684337,53.62723591036591,13487400
ABBV,2019-07-09,52.680686950683594,53.57545933826301,52.421869423995155,52.63631984376528,11832500
ABBV,2019-07-10,52.98390197753906,53.050452669005715,52.47365744242168,52.93213844802002,9170400
ABBV,2019-07-11,52.680686950683594,53.53848862976406,51.652807600550275,53.464541570967214,13001000
ABBV,2019-07-12,52.76329040527344,52.77830877828902,51.45697261663864,52.77830877828902,12903000
ABBV,2019-07-15,52.75579071044922,53.31885951538762,52.327858647809315,52.78582173405245,10253300
ABBV,2019-07-16,51.92243957519531,52.77830346025189,51.899912017941844,52.665688585306455,10141600
ABBV,2019-07-17,51.291805267333984,52.447973701519864,51.28429608076955,52.05007273107124,12205000
ABBV,2019-07-18,51.23925018310547,51.764778663081906,51.051560621995186,51.47949259221338,8573300
ABBV,2019-07-19,51.456974029541016,51.66718543488284,51.12663854810033,51.15666956712504,9806900
ABBV,2019-07-22,51.05156707763672,51.614635832169476,50.93144299397724,51.42694624732522,9961800
ABBV,2019-07-23,50.8488655090332,51.3819032495989,50.751263257829805,51.0515677430612,8025300
ABBV,2019-07-24,50.646156311035156,50.96898262240904,50.120627770580704,50.87888956068905,12595300
ABBV,2019-07-25,50.0455436706543,50.95396039277711,49.92541961095355,50.64614678566676,12403500
ABBV,2019-07-26,50.87137985229492,51.90742415956351,50.57858459746183,50.781286801642125,12259300
ABBV,2019-07-29,50.43593978881836,51.359374962509,50.21071002123598,50.953964817559275,10117300
ABBV,2019-07-30,50.43593978881836,50.69870403244386,49.74524356905109,50.24074103876903,8143700
ABBV,2019-07-31,50.015525817871094,50.58609806811081,49.27227089049537,50.233246437501485,11300000
ABBV,2019-08-01,49.3998908996582,50.45094777714976,48.881865918729936,50.24824558729936,13106700
ABBV,2019-08-02,49.062049865722656,49.392385324412245,48.82180745790226,49.17466474735145,9653900
ABBV,2019-08-05,48.97196578979492,49.64014020984374,48.453940736653024,48.784276217245676,11618800
ABBV,2019-08-06,48.62661361694336,49.42992478611314,48.2662528327758,49.001992775019545,10248700
ABBV,2019-08-07,48.39387512207031,48.72421057824859,47.53050487050299,48.33381308861413,10532100
ABBV,2019-08-08,49.13713455200195,49.13713455200195,48.29628881729019,48.641636990879945,7427400
ABBV,2019-08-09,49.2347297668457,50.20320864305239,48.26625089063902,49.07707121413734,10893500
ABBV,2019-08-12,48.44642639160156,49.15965012804657,48.10858748811696,48.979464033546236,5258900
ABBV,2019-08-13,48.806800842285156,49.4974971341094,48.52901819699797,48.6941859467454,7082500
ABBV,2019-08-14,47.673152923583984,48.791781207289475,47.673152923583984,48.423911237341215,9373300
ABBV,2019-08-15,47.28274917602539,48.228703209564465,47.0425067908753,48.1386158950271,9195700
ABBV,2019-08-16,48.37135696411133,48.65664305294262,47.350325229156645,47.68065784650027,8348100
ABBV,2019-08-19,49.9704704284668,50.210712854456304,48.77676748528399,48.82932033697447,9826300
ABBV,2019-08-20,49.857872009277344,51.39692341345771,49.79780995788028,50.58610290309487,12037900
ABBV,2019-08-21,50.706214904785156,50.991500989088564,50.000500288870626,50.556059812127216,7615700
ABBV,2019-08-22,50.691200256347656,51.0740886109708,50.158162525864846,50.95397025584938,6495700
ABBV,2019-08-23,49.52751922607422,50.89389891697784,49.15964931293915,50.51101063230146,8904700
ABBV,2019-08-26,49.89539337158203,50.24825067093738,49.61010729423329,49.872871540190154,4841100
ABBV,2019-08-27,49.30229949951172,50.28579683352953,49.167162767317066,50.05305784996384,7591200
ABBV,2019-08-28,49.60260009765625,49.83533333514982,49.09959341695606,49.22722095185052,6872800
ABBV,2019-08-29,49.715213775634766,50.32332614411718,49.520015020779134,50.098102098820135,6011900
ABBV,2019-08-30,49.3548469543457,49.87287199237964,49.167157387270336,49.85035016078356,6415100
ABBV,2019-09-03,49.099586486816406,49.3998909066409,48.74672922310991,49.38487253534296,7915700
ABBV,2019-09-04,49.8353271484375,49.86535816371356,48.37886013844682,49.30228951490605,9618300
ABBV,2019-09-05,50.323333740234375,50.526041712213896,49.8728798538149,50.030538427670116,5602400
ABBV,2019-09-06,50.76628875732422,51.14166798458912,50.30081645349607,50.4960152554669,7502500
ABBV,2019-09-09,50.0755729675293,51.051560983343215,49.7827777083513,51.021529966013304,10310900
ABBV,2019-09-10,51.18669509887695,51.18669509887695,49.28727773987514,49.602594814085506,12155700
ABBV,2019-09-11,52.17020034790039,52.357889950547154,51.09661559164764,51.33685805392221,8369100
ABBV,2019-09-12,53.17622375488281,53.43147888508366,52.695738792760274,53.12367089114543,9560100
ABBV,2019-09-13,52.93596649169922,53.686724751349004,52.91344466036268,53.4164513196486,8135600
ABBV,2019-09-16,52.98853302001953,53.27381917031537,52.34288029181572,52.83087443213243,5992000
ABBV,2019-09-17,53.7542839050293,54.12215380507469,52.823345376660626,52.935960247891344,9013500
ABBV,2019-09-18,53.50653076171875,53.91945003482189,53.16118270050072,53.81434435218293,6252600
ABBV,2019-09-19,53.806846618652344,53.98703273680838,53.4614984839336,53.604144395515966,5541200
ABBV,2019-09-20,54.3474006652832,54.805363752123405,54.05460534456007,54.05460534456007,12968700
ABBV,2019-09-23,54.752803802490234,55.390947220716235,54.09213855140693,54.30234996185019,8092300
ABBV,2019-09-24,54.7678108215332,55.428481732569644,54.18222031608237,55.428481732569644,8223800
ABBV,2019-09-25,54.122154235839844,54.98552728503995,54.06960139255794,54.71525388306722,5922700
ABBV,2019-09-26,55.578643798828125,55.901470142051515,54.520077426381626,54.76782334684864,10324100
ABBV,2019-09-27,56.194252014160156,56.41197258682143,55.49604663556737,55.71376720822863,7677300
ABBV,2019-09-30,56.847408294677734,57.387955081604964,56.26932130894661,56.26932130894661,8315100
ABBV,2019-10-01,54.978031158447266,57.08015089786446,54.7603105707241,56.97504519728516,10910800
ABBV,2019-10-02,54.152198791503906,54.80536063090537,53.7317759401182,54.72277675255006,8380500
ABBV,2019-10-03,55.443511962890625,55.51108320378417,54.0846409626717,54.09965361185216,6228500
ABBV,2019-10-04,56.051612854003906,56.35191156723696,55.518569464004386,55.72127739605058,7007500
ABBV,2019-10-07,55.80387878417969,56.50958785528244,55.61618916555497,56.09667413100763,5163500
ABBV,2019-10-08,55.2032585144043,56.11918458393289,55.120674640736546,55.46602278160559,6121500
ABBV,2019-10-09,55.03056716918945,56.02156756270979,54.99302697568524,55.60864834548076,5851000
ABBV,2019-10-10,55.89395523071289,56.02909195887158,54.95550732067519,54.970525694821426,7329400
ABBV,2019-10-11,56.08436584472656,56.625175974950174,56.038665380900916,56.34334869955743,7164900
ABBV,2019-10-14,56.18339157104492,56.49568776114059,55.9015584827651,56.099603512673916,5040900
ABBV,2019-10-15,56.74706268310547,57.11268389899824,56.21387113008692,56.51854869675348,6028300
ABBV,2019-10-16,56.9374885559082,57.112683385382816,56.62518649812582,56.65565541678889,8288300
ABBV,2019-10-17,57.23455810546875,58.02673262387433,56.861323990040525,57.1203011036247,6811300
ABBV,2019-10-18,58.23999786376953,58.78080803455285,57.28786605365425,57.3107162872808,9480200
ABBV,2019-10-21,58.87983703613281,59.298771571202444,57.77536058254547,58.559916311887534,7839100
ABBV,2019-10-22,59.31401062011719,59.9157586750901,59.22260386611496,59.451117845444585,6062000
ABBV,2019-10-23,59.22260284423828,59.42826077300484,58.79604962229178,59.253071761713294,6136700
ABBV,2019-10-24,58.498985290527344,59.329241504111344,58.08004493693332,59.29115390420213,5699300
ABBV,2019-10-25,58.293338775634766,58.49138389325434,58.05721185820414,58.18670043799813,5497000
ABBV,2019-10-28,59.66438674926758,59.70246853333302,58.262845759123444,58.399952966731554,7146400
ABBV,2019-10-29,59.771034240722656,59.97669217810707,59.100729650887736,59.496819783308744,6391500
ABBV,2019-10-30,60.677467346191406,60.776486976328776,59.42065201722972,59.80150479501495,7222500
ABBV,2019-10-31,60.59367370605469,60.73839379660441,59.976688310978844,60.71554356185191,10009400
ABBV,2019-11-01,62.269432067871094,62.596965704474236,60.27376132724815,60.95929752145851,13356300
ABBV,2019-11-04,63.21392822265625,63.46529239422642,62.56647980820201,63.183459309918874,9127900
ABBV,2019-11-05,62.33798599243164,63.52625072738386,62.05615862849488,63.351055875424905,7475600
ABBV,2019-11-06,62.520790100097656,62.650278642993975,61.20303700143255,62.2846574385993,9303600
ABBV,2019-11-07,62.467472076416016,62.90925686672128,61.75908570181109,62.61981085771411,6561500
ABBV,2019-11-08,64.90492248535156,65.09534885309806,62.52839932378881,62.5360180056771,11364100
ABBV,2019-11-11,65.24769592285156,65.26292747585758,63.907092615603155,64.7068799038338,8726300
ABBV,2019-11-12,65.84181213378906,67.24334718451254,65.16389483904881,65.20197661963441,12165900
ABBV,2019-11-13,66.00939178466797,66.47402672540586,64.99632222281194,65.30861841032603,5798800
ABBV,2019-11-14,66.74826049804688,66.83966726331441,65.45336328586274,65.87230369581488,5425600
ABBV,2019-11-15,67.50996398925781,67.93652306910059,66.46643105579356,67.10626095852909,8036700
ABBV,2019-11-18,67.58612823486328,68.10408818174257,67.27382620583465,67.2890577580878,5772300
ABBV,2019-11-19,67.80702209472656,68.8657981024362,67.72323983488305,67.9898356017084,7504800
ABBV,2019-11-20,66.42073059082031,67.57852643728059,65.91800788194243,67.57852643728059,10933000
ABBV,2019-11-21,65.90277099609375,66.16937262556888,65.16392138911318,66.10843477818297,9614100
ABBV,2019-11-22,65.54476165771484,66.10842210963625,64.98109539444157,65.99416512052129,7784700
ABBV,2019-11-25,66.8472900390625,66.9386909985731,65.55238693625023,66.15413510222457,9522100
ABBV,2019-11-26,66.81681060791016,67.1748131399689,66.215062536566,67.1443442211392,6431400
ABBV,2019-11-27,67.28143310546875,67.64704840903343,66.73300433877125,66.92343067102175,4711800
ABBV,2019-11-29,66.82442474365234,67.09863337175797,66.43595331919592,67.03008266756947,3042800
ABBV,2019-12-02,66.29122161865234,67.05292703688133,66.26837138592167,66.90820114778546,6526400
ABBV,2019-12-03,65.46858215332031,65.87229092983249,65.19436772201279,65.47620083512093,10054500
ABBV,2019-12-04,66.42073059082031,66.68733221834735,65.59809290253352,65.64379338206253,6174600
ABBV,2019-12-05,66.05509948730469,66.45880245780519,65.70471566741082,66.45880245780519,6072100
ABBV,2019-12-06,66.25315856933594,66.80920042752159,66.10081395580009,66.42834761071117,6044600
ABBV,2019-12-09,65.84181213378906,66.81679404930985,65.79610586119547,66.43594137535013,5582700
ABBV,2019-12-10,65.9332275390625,66.23029222509578,65.66663177100081,66.20744198945505,7816000
ABBV,2019-12-11,66.03987121582031,66.46643029075332,65.68187447608791,66.03987121582031,7326400
ABBV,2019-12-12,67.58612823486328,67.746085684603,66.07794886233634,66.08556754413866,6260500
ABBV,2019-12-13,66.90823364257812,67.86036587777889,66.51976787479107,67.62423894308236,5975200
ABBV,2019-12-16,68.11932373046875,68.64490238998539,67.22812968191155,67.31953062349578,6723300
ABBV,2019-12-17,68.61441802978516,68.68296872054512,67.84509401360377,68.5534802082093,8750000
ABBV,2019-12-18,68.04315185546875,68.69060035055466,67.80701920518443,68.59158073033971,6490100
ABBV,2019-12-19,67.6165771484375,68.30973176318632,67.4566197322686,68.30973176318632,5447000
ABBV,2019-12-20,68.0126953125,70.06929815607262,67.90605699091343,68.8581890131883,19134800
ABBV,2019-12-23,68.74394226074219,68.91151845147137,68.04317438255976,68.19551320430253,5907200
ABBV,2019-12-24,68.43924713134766,68.8581875367066,68.11933217344767,68.8581875367066,1798800
ABBV,2019-12-26,68.42399597167969,69.10191329786024,68.13454420678178,68.705823244216,4066700
ABBV,2019-12-27,67.94415283203125,68.76679646407791,67.66232541443752,68.53828821830088,4087800
ABBV,2019-12-30,67.42617797851562,68.34784687976267,67.1519693056109,67.95937539183936,7014800
ABBV,2019-12-31,67.44141387939453,67.48711435532671,66.93868539873074,67.19004963906264,4702100
ABBV,2020-01-02,68.21073150634766,68.22596305972284,67.4185570697439,67.85272898283566,5639200
ABBV,2020-01-03,67.56327819824219,68.08885687366649,66.95391726094712,67.1595751970881,5988500
ABBV,2020-01-06,68.09647369384766,68.26404983571034,67.0148532653636,67.19766096041751,6786600
ABBV,2020-01-07,67.70800018310547,68.20310991125733,67.22812781902998,67.73846909990654,7242500
ABBV,2020-01-08,68.18787384033203,68.5991955079194,67.69276991414242,67.90604652444289,7696800
ABBV,2020-01-09,68.71346282958984,68.72870019624683,67.82988733812148,68.56112403113578,7518000
ABBV,2020-01-10,67.83749389648438,68.77439427270257,67.66230487570225,68.7286937996902,8581400
ABBV,2020-01-13,67.42617797851562,68.17265203262781,66.96915577520429,68.17265203262781,9292200
ABBV,2020-01-14,68.09008026123047,68.27536363830663,66.9861251714118,67.24088539749268,8876900
ABBV,2020-01-15,68.90841674804688,69.38705086068902,68.07465902362529,68.07465902362529,8490100
ABBV,2020-01-16,68.90841674804688,69.32529561025768,68.64593484671423,68.94701304333316,7073200
ABBV,2020-01-17,67.93568420410156,68.91611705505188,67.77356566448923,68.80803802864367,10122300
ABBV,2020-01-21,67.92797088623047,68.34484970608531,67.60373376740978,67.68865385422461,13552000
ABBV,2020-01-22,67.32582092285156,68.0669369316329,67.27950301288601,67.95885788180227,6438900
ABBV,2020-01-23,65.8281478881836,67.217744132526,65.61198978125626,67.20230679197405,12266800
ABBV,2020-01-24,64.49259185791016,65.99026703490082,63.8904354972258,65.95166485183492,13215400
ABBV,2020-01-27,64.86312866210938,66.33764447061155,64.84769132714331,65.65828982467842,13832000
ABBV,2020-01-28,64.6701431274414,65.61197978400351,64.56978570447845,65.61197978400351,8614400
ABBV,2020-01-29,64.23009490966797,64.84769435470633,64.17605539996697,64.69329743837915,5703200
ABBV,2020-01-30,63.133880615234375,63.91359882557566,62.670683836071866,63.75148024736211,10870000
ABBV,2020-01-31,62.547149658203125,63.087550706005665,62.076237243352544,62.948591109698214,13870100
ABBV,2020-02-03,63.53530502319336,63.76690040543686,62.46994623933223,62.77102435915428,10143700
ABBV,2020-02-04,65.12561798095703,65.39581554798659,64.5311774436268,64.5311774436268,8251500
ABBV,2020-02-05,66.87805938720703,67.27177927911293,65.52706541700931,65.66602503239574,10020600
ABBV,2020-02-06,67.30265045166016,67.9048067376429,66.56153456969174,67.85076722197434,7769700
ABBV,2020-02-07,71.24755096435547,71.78023038381521,68.61504032079017,69.27895771929018,19090300
ABBV,2020-02-10,73.14666748046875,73.72566484838804,71.10859721658215,71.30159633922192,13998300
ABBV,2020-02-11,74.11165618896484,74.94541373465836,73.34738138367841,73.54038048833718,10682800
ABBV,2020-02-12,75.4935302734375,75.54756978699582,73.88777631361113,74.0962186443827,10591000
ABBV,2020-02-13,73.60986328125,75.16157785713541,73.51722747304926,74.76785800268507,10613000
ABBV,2020-02-14,72.60627746582031,73.57127314776972,72.39011348557601,73.51723362517521,11175800
ABBV,2020-02-18,72.26658630371094,72.95366265541396,71.9963887311084,72.312904204767,9406300
ABBV,2020-02-19,72.6757583618164,73.17755732225683,71.8111200624442,72.3901175037524,6349100
ABBV,2020-02-20,72.74523162841797,72.86874800372131,71.47915196989769,72.51363032615878,5446200
ABBV,2020-02-21,73.30878448486328,73.7411006256678,72.08902864203264,72.53678801064628,6676000
ABBV,2020-02-24,71.90373229980469,72.46729216988072,71.13945763971945,71.15489497361857,10705100
ABBV,2020-02-25,68.84663391113281,72.15077730752216,68.02059806203548,72.04269829099464,11366400
ABBV,2020-02-26,68.25222778320312,70.39065594755239,68.08238757501357,68.41434637560214,9786900
ABBV,2020-02-27,65.94393157958984,69.05507615304407,65.00209502199657,66.53837211046796,14184100
ABBV,2020-02-28,66.16783142089844,66.16783142089844,62.979487412591936,63.91360264180715,18450000
ABBV,2020-03-02,68.4683837890625,68.53786065942764,64.50032153629054,66.39171094565607,12171100
ABBV,2020-03-03,67.60372924804688,70.17447885369552,66.12921908348729,69.04736473752499,12660900
ABBV,2020-03-04,70.83067321777344,70.91559329718017,68.66908083447288,68.91611945914734,16590400
ABBV,2020-03-05,69.95059967041016,70.79979459793469,69.0396436125544,69.5259992617151,9688400
ABBV,2020-03-06,68.56874084472656,69.29441956595663,67.36442797959316,68.49926397475359,12664600
ABBV,2020-03-09,65.8281478881836,67.42618062424403,63.63568035807298,64.84771479180127,15806200
ABBV,2020-03-10,67.5728530883789,68.10553256117693,64.66242885830498,68.08237360842327,12965800
ABBV,2020-03-11,65.50390625,66.88578078466931,64.51575160595779,66.23730650821646,10382200
ABBV,2020-03-12,60.6866455078125,62.75559636925818,59.49004857348215,60.87192301917403,19935700
ABBV,2020-03-13,65.90534210205078,66.63873640749154,62.29239831351774,64.35362751669045,21867700
ABBV,2020-03-16,57.33617401123047,63.44266878569218,56.8035004634117,60.987719827910766,20916000
ABBV,2020-03-17,56.37118911743164,59.99185505470996,54.03204036276582,58.44786185534067,23205000
ABBV,2020-03-18,54.83491516113281,55.11283439618618,49.94045975799608,54.03975964023371,23712800
ABBV,2020-03-19,54.85806655883789,57.78393384880815,50.43453014168557,53.34495420413223,19739900
ABBV,2020-03-20,53.1287956237793,56.355741030722115,51.577081105140905,56.355741030722115,18844500
ABBV,2020-03-23,49.79378128051758,52.302770259768465,48.28838730398038,52.01712939408635,19219000
ABBV,2020-03-24,52.1020393371582,55.44478541616924,51.79323957577232,52.61928144067243,18376300
ABBV,2020-03-25,52.42628860473633,54.564716459432155,50.60437627321516,52.4340043295425,20017300
ABBV,2020-03-26,56.99650573730469,57.36706077672031,53.08248353051351,53.12880143797392,15979400
ABBV,2020-03-27,56.10098648071289,57.94605771816996,54.58787398710064,55.298109381882,12293300
ABBV,2020-03-30,58.085018157958984,58.85701469978675,56.718586870464954,56.757183163636626,10671600
ABBV,2020-03-31,58.81842041015625,60.153971174686305,57.46742641593853,58.208542414554,20474400
ABBV,2020-04-01,56.67999267578125,57.1200305310464,55.143720990187745,55.67640056388078,12948000
ABBV,2020-04-02,58.00009536743164,58.285736194963995,55.16686960437009,56.185904756554955,8077800
ABBV,2020-04-03,56.64138412475586,58.239416610288615,56.008347243768625,57.62953868143195,8062700
ABBV,2020-04-06,58.46329116821289,59.644444742172865,57.15089372725106,58.47100689166899,10266500
ABBV,2020-04-07,58.200801849365234,60.66347198458703,58.092722836207955,60.50906918731629,11591700
ABBV,2020-04-08,60.648040771484375,60.97228376503814,57.729895058560025,59.01141202532589,12218500
ABBV,2020-04-09,61.56671142578125,61.82147164524863,60.648033847022205,60.648033847022205,9425900
ABBV,2020-04-13,61.9913215637207,62.7864770196486,60.72524776964534,62.26924077606562,9293500
ABBV,2020-04-14,64.34968566894531,64.91381392637777,62.908029880136134,63.16658966107734,11072700
ABBV,2020-04-15,64.10679626464844,65.06267954489716,62.383076432457685,63.08039994456548,8977300
ABBV,2020-04-16,64.13814544677734,65.59547489691587,63.918763547222454,64.81980147271582,10326900
ABBV,2020-04-17,65.3839340209961,66.43384096154621,64.63960160571105,65.81486708945124,10734800
ABBV,2020-04-20,65.80699920654297,66.85690565081896,64.74142519341504,65.45442211916226,9126300
ABBV,2020-04-21,62.96286392211914,65.00782549526583,62.696467414372,64.6474116134842,9627500
ABBV,2020-04-22,63.832557678222656,64.60039409488215,63.25276197903189,63.64451696075393,7033300
ABBV,2020-04-23,64.27916717529297,65.6816509247944,64.21648493473585,64.3888581074142,7869600
ABBV,2020-04-24,65.49361419677734,65.55629644689914,64.52206323072308,64.92949187880635,6770700
ABBV,2020-04-27,66.35546112060547,66.53566506577813,65.6424641802348,65.8383416722874,9209700
ABBV,2020-04-28,64.8432846069336,67.3583508085974,64.53771620714215,67.14679977630702,8341000
ABBV,2020-04-29,65.62681579589844,66.40248921742327,64.35752712436913,65.5954746706832,8231700
ABBV,2020-04-30,64.4045181274414,65.23504277317782,63.64451846619723,65.00782416107963,15535800
ABBV,2020-05-01,64.9059829711914,65.99506766332306,63.07257194784603,64.20865936203438,12705300
ABBV,2020-05-04,64.13814544677734,64.90598209521944,63.5583495725668,64.42020959697889,6833000
ABBV,2020-05-05,66.88825988769531,67.7579565833964,64.717933546997,64.99216088850012,10927000
ABBV,2020-05-06,66.92742156982422,69.06640646180652,66.79422630685315,67.60124063600432,17042600
ABBV,2020-05-07,65.98723602294922,68.04002910856991,65.47011637445274,67.78930606079528,11941800
ABBV,2020-05-08,65.78350067138672,66.33196127292399,64.6003988654592,66.14391456386186,20188100
ABBV,2020-05-11,68.87053680419922,69.30930053343576,65.79917874412844,66.66103863128914,19219800
ABBV,2020-05-12,70.8763427734375,72.26315938625045,69.31715891163766,70.51592874384961,23492300
ABBV,2020-05-13,69.63053131103516,72.27095601310803,68.73733044750159,71.09569108975266,23562600
ABBV,2020-05-14,70.4688949584961,70.89199109770934,68.50228308299768,68.65115190356546,13379500
ABBV,2020-05-15,71.07218933105469,71.4169356339692,70.06146074290626,70.52373473796953,14071200
ABBV,2020-05-18,71.66767883300781,73.38356808106307,71.54231433191318,72.08293828189407,16300200
ABBV,2020-05-19,71.45612335205078,71.80870650648713,70.17116718313213,71.5031380259338,9892500
ABBV,2020-05-20,71.44829559326172,72.5060331461413,70.43756673855643,72.18479110139486,10661500
ABBV,2020-05-21,72.8821029663086,72.96828955090676,70.7901325460599,71.51879713912159,10393200
ABBV,2020-05-22,72.1612777709961,72.87427481900961,71.87138286472438,72.7645838851164,5507000
ABBV,2020-05-26,71.07218933105469,73.31302834458558,70.75878414456028,73.21900499532524,11869800
ABBV,2020-05-27,70.500244140625,71.29942184318128,69.38765521276132,70.9390079006396,12529500
ABBV,2020-05-28,70.53942108154297,71.44829576650498,70.51591673239884,71.19757274612034,8765900
ABBV,2020-05-29,72.60787200927734,72.78024516985057,70.20249649061228,71.29941171249983,13758800
ABBV,2020-06-01,71.06436920166016,72.91345365957774,71.05653840400112,72.12211270102847,8486500
ABBV,2020-06-02,71.33075714111328,71.84787067637525,70.55508384936662,71.27591167558994,9413300
ABBV,2020-06-03,71.2132568359375,71.69119863841034,70.2025277443659,71.66769428381491,8588400
ABBV,2020-06-04,72.89778137207031,73.24252773343301,70.71178744723528,70.7352917941086,9525700
ABBV,2020-06-05,73.53241729736328,74.85655120013915,72.71756612470946,73.25818997428442,9630100
ABBV,2020-06-08,74.11222076416016,74.4412995637575,72.71757368097445,72.79592947660254,6621400
ABBV,2020-06-09,75.35016632080078,75.7340905810795,74.24542016711892,74.39428302411953,9555900
ABBV,2020-06-10,75.92213439941406,77.84173186745869,75.84378458029738,75.99264744330665,11138300
ABBV,2020-06-11,72.28665161132812,75.91430162942626,72.10644163791467,74.97409179500468,12584800
ABBV,2020-06-12,72.44334411621094,74.22974621212965,71.32292441882925,73.44623610144897,8010100
ABBV,2020-06-15,72.92913818359375,73.67347055735216,71.12706215131364,71.51098051415784,7120200
ABBV,2020-06-16,75.26398468017578,75.37367562526774,73.24253299368945,74.32377487147089,9366100
ABBV,2020-06-17,75.01324462890625,76.07881869153498,74.64499397786011,75.88294119440039,6212200
ABBV,2020-06-18,75.39720153808594,75.56956878907165,74.63719556304433,74.87224507495726,4571600
ABBV,2020-06-19,75.77326202392578,76.94069041411616,75.02109303561944,76.56460890881685,9210900
ABBV,2020-06-22,76.21204376220703,76.23555409233204,75.07595622557425,75.71843442834691,6004300
ABBV,2020-06-23,76.24337005615234,77.64585392859543,76.03966172304584,77.11306679257072,6715600
ABBV,2020-06-24,74.54314422607422,76.1258378437465,73.924170581312,75.57737723281062,9025100
ABBV,2020-06-25,75.99263763427734,76.05531987256295,73.90066724757999,74.57448636488215,6411700
ABBV,2020-06-26,75.3188247680664,76.02398506303619,74.46480161694747,75.9142941257862,14568400
ABBV,2020-06-29,75.56172180175781,76.25904536648095,74.96625240593859,75.60873049852759,6676400
ABBV,2020-06-30,76.92501068115234,77.47346528038771,75.08376340919723,75.19345432904431,8112500
ABBV,2020-07-01,77.67718505859375,78.08461362780781,76.39222906837811,77.17573911010507,6522900
ABBV,2020-07-02,77.4734878540039,78.34318467027315,76.67431006544466,77.92008843713876,6158800
ABBV,2020-07-06,77.57534790039062,78.19432168628488,76.74482300936731,78.06895718284417,7039000
ABBV,2020-07-07,77.84171295166016,78.89161940135847,77.22273936894746,77.3167627156643,6345600
ABBV,2020-07-08,77.78689575195312,78.79762467993308,77.21493662367307,78.15514652157087,6154400
ABBV,2020-07-09,76.73699188232422,78.1786477994628,75.85162151926704,77.63019304353149,5817300
ABBV,2020-07-10,75.86729431152344,77.0425596147901,75.49904356006653,76.83100851268536,6202500
ABBV,2020-07-13,76.67431640625,78.00628148990229,75.93781483088208,76.28256126662178,8507400
ABBV,2020-07-14,78.41114044189453,78.59354386853674,76.08743599118463,76.90430032510638,6765600
ABBV,2020-07-15,79.68797302246094,79.68797302246094,78.37146901545515,79.30729534252359,5661600
ABBV,2020-07-16,79.24385833740234,79.48971509932169,78.36354676081079,79.06145492281763,4269200
ABBV,2020-07-17,79.96554565429688,80.32242605552157,79.24384637762809,79.53728554242743,6890900
ABBV,2020-07-20,78.9424819946289,80.29863601005204,78.72042253722626,79.9100319595974,4823300
ABBV,2020-07-21,77.24530792236328,79.15661061971765,77.06289847830601,79.15661061971765,8239000
ABBV,2020-07-22,77.48323059082031,77.94321438838907,76.87256703593322,77.56254273228635,4441800
ABBV,2020-07-23,77.74495697021484,78.45079156282272,77.28497310854499,77.91150159930199,5127200
ABBV,2020-07-24,77.01531982421875,77.87184011982826,76.49982116200931,77.76081038343446,5169400
ABBV,2020-07-27,77.0549545288086,77.63389427223805,76.34118781371426,76.41256145989111,5030700
ABBV,2020-07-28,76.69808959960938,77.41978893859368,76.499821348328,76.9280814971758,5941800
ABBV,2020-07-29,76.9360122680664,77.24531024936522,76.64257308423588,76.8249825337882,5512000
ABBV,2020-07-30,76.16674041748047,76.72188916114496,75.66710654818243,76.38086748984605,6411500
ABBV,2020-07-31,75.27054595947266,77.12633349608731,74.1919664157312,75.77017966917685,14613000
ABBV,2020-08-03,76.0874252319336,77.06290162940276,75.38951712248127,75.49262048446862,6919000
ABBV,2020-08-04,74.77886199951172,76.15880747486318,74.59645252745146,76.0715689513562,7865100
ABBV,2020-08-05,73.95405578613281,75.18332133206711,73.8588848497766,74.92160579508754,6918900
ABBV,2020-08-06,73.4147720336914,74.27129238028576,72.78824359779372,74.00957682149296,7269300
ABBV,2020-08-07,73.69234466552734,73.75579196023386,73.12133111450267,73.50994125657988,5226600
ABBV,2020-08-10,73.2640609741211,74.28712558271384,73.08165762375094,73.46232916840654,7623600
ABBV,2020-08-11,73.49407196044922,73.98577938867108,73.0658118230947,73.20856520221288,7208400
ABBV,2020-08-12,75.74642181396484,75.80193669504968,74.01752202360689,74.11268693365616,7705600
ABBV,2020-08-13,75.08816528320312,75.73848501724068,74.55680773053042,75.4529782022322,6004200
ABBV,2020-08-14,75.39744567871094,75.87328824213863,74.97711798017204,75.6432963588375,5488100
ABBV,2020-08-17,76.41258239746094,77.13428173232498,75.54813573112945,75.57192695304069,7251400
ABBV,2020-08-18,75.85743713378906,76.69016019152095,75.4609006156309,76.62671894712263,4557400
ABBV,2020-08-19,76.21430969238281,77.26116574995366,76.01604145382267,77.01531507035236,7672000
ABBV,2020-08-20,75.50054931640625,76.15880137719488,75.08815400702882,75.73054121899506,6798000
ABBV,2020-08-21,75.23091125488281,75.59572413785378,74.80265107469936,75.50055319203503,5269000
ABBV,2020-08-24,74.95333099365234,75.53227089581549,74.69161545124976,75.26262897988565,4103600
ABBV,2020-08-25,74.59645080566406,75.17539680733225,74.47749468605247,74.71541297594298,6710000
ABBV,2020-08-26,74.82645416259766,74.87404266838608,73.7082241125959,74.15234316216616,5682800
ABBV,2020-08-27,74.78677368164062,75.38950470330171,74.28713390365073,74.81056489951332,5271500
ABBV,2020-08-28,74.68367004394531,75.064347680414,74.17610389576424,74.96124433581531,4938300
ABBV,2020-08-31,75.95260620117188,76.14294809683203,74.55680193700191,74.64404045984595,9932300
ABBV,2020-09-01,73.15306091308594,76.07157015765779,72.39964388976115,75.75433970811719,15783600
ABBV,2020-09-02,74.50920867919922,74.73920058376618,72.88341259960578,73.01823356242078,9139200
ABBV,2020-09-03,72.859619140625,74.79471315818655,72.24101711422398,74.45369152404248,8921900
ABBV,2020-09-04,72.859619140625,73.85888677034934,71.83655423819278,73.02616374557905,9444800
ABBV,2020-09-08,71.5510482788086,72.85168753749024,70.94037866976076,72.58203956643008,8563900
ABBV,2020-09-09,72.66927337646484,73.30373416673869,71.78103553088128,72.05860985762614,5373500
ABBV,2020-09-10,71.0989990234375,72.49480926365234,70.9641780592199,72.22516128455004,10403600
ABBV,2020-09-11,71.1386489868164,71.64621524635872,70.61522392883025,71.22588750492528,8385800
ABBV,2020-09-14,71.76517486572266,72.37584447081763,70.94831063483824,71.41622685633527,5212300
ABBV,2020-09-15,72.09827423095703,72.94686215656318,71.88414111804053,72.48687833316282,3851300
ABBV,2020-09-16,71.20207977294922,72.38375662971151,71.13070612050004,72.18548841646508,6304400
ABBV,2020-09-17,71.08311462402344,72.0189407929347,70.72623427556242,70.82140519212922,5604700
ABBV,2020-09-18,71.46380615234375,71.77310412806884,70.47246493510522,70.97209873035347,10076300
ABBV,2020-09-21,70.65486145019531,70.92450938137199,69.13216294096028,70.69451751528972,7328300
ABBV,2020-09-22,70.26628875732422,70.54386318475945,69.73493113185269,70.50421315265082,5306100
ABBV,2020-09-23,69.10838317871094,70.79762655018034,69.09252438044378,70.58349949490501,6253000
ABBV,2020-09-24,68.13289642333984,68.997342988648,67.66498026132332,68.997342988648,9980800
ABBV,2020-09-25,68.38667297363281,68.88630667961152,67.77600350454885,68.20426355995869,9935600
ABBV,2020-09-28,69.21940612792969,69.94903178998095,68.89424936468211,69.22733855161859,6306900
ABBV,2020-09-29,68.91011047363281,69.21940845054735,68.45012669490524,69.08458749664443,5508900
ABBV,2020-09-30,69.46524810791016,70.13936487172612,68.84665225229776,68.99733803018589,8209300
ABBV,2020-10-01,69.10838317871094,69.92524742947784,68.78322638356441,69.92524742947784,8777300
ABBV,2020-10-02,68.2994384765625,69.27491472877178,68.24392361709259,68.60080399216118,5554300
ABBV,2020-10-05,69.73490905761719,69.93317730740563,68.37082253096602,68.59288200262239,5984200
ABBV,2020-10-06,68.1170425415039,69.83800957654208,67.97428915307367,69.7666359076605,8743800
ABBV,2020-10-07,69.0528564453125,69.23526587271508,68.22805991178073,68.33116326013844,5899700
ABBV,2020-10-08,69.26699829101562,70.2504132438118,68.93390905732689,69.21148341873418,5535100
ABBV,2020-10-09,69.5525131225586,70.34558627584053,69.27493872904351,69.32252723269465,6005800
ABBV,2020-10-12,70.04419708251953,70.26625652259769,69.2511241961456,69.92523493943025,7314900
ABBV,2020-10-13,69.65560150146484,70.42488326255598,69.37009474372655,69.79835488033399,7851700
ABBV,2020-10-14,69.18937683105469,70.0254058249457,69.05271983775329,69.8003222752571,5863900
ABBV,2020-10-15,68.51410675048828,68.92407761411934,68.29705757979889,68.65880415325954,6190900
ABBV,2020-10-16,69.35012817382812,70.05754041204972,68.94015731729323,69.04465861018282,5358500
ABBV,2020-10-19,67.77452850341797,69.76813617831151,67.6298311227155,69.6073579036065,10288000
ABBV,2020-10-20,67.72630310058594,68.19255093214564,67.05908701056752,67.67807268113648,6932100
ABBV,2020-10-21,66.63301849365234,67.63785953274477,66.36773898739682,67.18769270981151,9776900
ABBV,2020-10-22,67.77452850341797,68.24077630046637,66.6571455597405,66.73753163056097,8080100
ABBV,2020-10-23,67.79865264892578,68.44979401445573,67.47710832325629,68.03981702624279,4238700
ABBV,2020-10-26,67.46102142333984,67.78257185345736,66.5687218929693,67.59767836289387,7986300
ABBV,2020-10-27,66.48833465576172,67.73434025077414,66.46421944721097,67.52533155489387,6705600
ABBV,2020-10-28,64.70372772216797,66.08639008544112,64.50275949804252,65.39505890380455,11480200
ABBV,2020-10-29,64.84844207763672,65.41115693244417,63.59440199314511,64.71178512136572,8876700
ABBV,2020-10-30,68.40959930419922,69.24562806075508,66.72146702770169,66.88223919381954,18089100
ABBV,2020-11-02,70.94178771972656,71.17491161080721,69.13307358522928,69.15718879239903,10781400
ABBV,2020-11-03,70.70867156982422,71.85821025758976,70.28261984167764,71.65724199842141,8518800
ABBV,2020-11-04,75.96600341796875,78.36958212631622,74.49491426079638,74.87273557654646,25849000
ABBV,2020-11-05,75.31486511230469,76.7859480759382,74.76019076661692,76.65733158209235,8013000
ABBV,2020-11-06,74.6396255493164,75.28272656388623,73.72321059004719,74.74413299069684,7006900
ABBV,2020-11-09,76.46439361572266,77.93547638390793,76.10264712539754,76.96279089612176,11028900
ABBV,2020-11-10,79.47894287109375,79.68794548039453,76.87438937317125,77.17986510426034,12267200
ABBV,2020-11-11,78.90015411376953,80.28281696939432,78.59467837916156,79.70402729652201,9476500
ABBV,2020-11-12,78.45801544189453,78.5785976367481,77.39690316670044,78.37762935634721,7646600
ABBV,2020-11-13,79.6156005859375,80.02557762552509,78.297249059681,78.30528950874975,6888600
ABBV,2020-11-16,79.0689468383789,80.82139018087572,79.04483163025851,80.35514238033434,8611300
ABBV,2020-11-17,79.75224304199219,80.59631218170986,79.3744217343674,79.88086567142383,11593500
ABBV,2020-11-18,79.35835266113281,80.62043317084823,79.32619700146978,80.38730923808997,8880600
ABBV,2020-11-19,80.12202453613281,80.50788629441709,79.25384017979164,79.39050325791051,7550300
ABBV,2020-11-20,81.06254577636719,81.8583844170149,79.27795296940498,80.34709933760917,9682500
ABBV,2020-11-23,82.1397476196289,82.60599545559941,81.24744805298569,81.94681980694146,7541500
ABBV,2020-11-24,83.57063293457031,84.26196417701097,82.46129044773171,82.70244865805452,9322200
ABBV,2020-11-25,83.76358032226562,83.97258905988507,83.11244502910618,83.45811073117987,6368100
ABBV,2020-11-27,84.31825256347656,85.04978005953829,83.84397035812556,84.39060433475528,4418800
ABBV,2020-11-30,84.06904602050781,84.74429644650479,83.32144382997417,84.50313820853361,20726500
ABBV,2020-12-01,83.63494873046875,85.51600863076484,83.63494873046875,84.44686218815782,7623500
ABBV,2020-12-02,84.39863586425781,84.7121458856308,83.05616924626933,83.60280320485444,5492200
ABBV,2020-12-03,84.19766235351562,84.96937975300655,83.84396237858107,84.4066710657938,4693600
ABBV,2020-12-04,86.23949432373047,86.26360953240244,84.422739629316,84.422739629316,7235800
ABBV,2020-12-07,85.0819320678711,86.18324050183368,84.37452589699222,86.04658353695916,6532500
ABBV,2020-12-08,86.56909942626953,87.09965250345162,84.88900139355151,84.96938748002573,6688200
ABBV,2020-12-09,87.35688781738281,87.7427496017773,86.52085906208225,86.73790823238696,7350700
ABBV,2020-12-10,86.4083251953125,87.67844627392664,85.74914944223241,87.67040582498045,6285700
ABBV,2020-12-11,85.4838638305664,86.35204826391254,84.87292468093628,86.02246347701538,5205200
ABBV,2020-12-14,83.76358032226562,86.87457164092882,83.67515378454453,86.36009331222363,8272700
ABBV,2020-12-15,82.65422821044922,84.76841216125705,82.25229167837486,84.76037784642219,12101000
ABBV,2020-12-16,84.11727905273438,84.73626476217811,81.91466851895223,82.39699114293201,9182100
ABBV,2020-12-17,84.31825256347656,84.80861566602964,83.69123250003238,84.29413735073875,6360600
ABBV,2020-12-18,83.96455383300781,84.45491697884314,82.95971232647078,84.4308017639768,13906800
ABBV,2020-12-21,83.36966705322266,83.53847964514743,81.6333045840933,82.60599016598232,6664600
ABBV,2020-12-22,82.63813781738281,83.20084640262927,82.00307748085405,83.12850078441055,4002900
ABBV,2020-12-23,83.02400970458984,83.54652842680527,82.72658059379299,82.8471566478648,3659100
ABBV,2020-12-24,83.0079345703125,83.11243586106207,82.47737540251137,82.88735238371545,1378600
ABBV,2020-12-28,83.16068267822266,83.5063484103169,82.57385865845292,83.3214610030723,3948900
ABBV,2020-12-29,84.1655044555664,84.70410405106882,83.5625996782828,83.5625996782828,5096400
ABBV,2020-12-30,84.62370300292969,85.39542643435118,84.48704607295326,84.49508651973538,5328400
ABBV,2020-12-31,86.13500213623047,86.23950342919738,84.28609159068421,84.61568249883855,6148100
ABBV,2021-01-04,84.73625946044922,86.2957689759739,83.49025380448461,86.15911203212512,9523400
ABBV,2021-01-05,85.61249542236328,86.03050678597049,84.10925033709042,84.73627658209988,6823800
ABBV,2021-01-06,84.8729248046875,86.16716100821138,83.74750121904954,84.2057086484728,11017500
ABBV,2021-01-07,85.78128814697266,86.06264247381334,84.86487340636907,85.29896556766515,8196000
ABBV,2021-01-08,86.23146057128906,86.44046928444686,85.01761666475528,85.88579490967086,5345900
ABBV,2021-01-11,87.63822937011719,88.07232151424007,86.07067951611573,86.07067951611573,6334200
ABBV,2021-01-12,88.24919128417969,89.05306441467222,87.71863820724856,87.79902429368475,6106900
ABBV,2021-01-13,90.39552307128906,91.16724660536721,88.18487215806171,88.26526437044903,9821300
ABBV,2021-01-14,90.78590393066406,91.64797982003495,89.05363007256844,90.02955778322571,8268800
ABBV,2021-01-15,89.8831558227539,90.72896261958225,89.03735523072179,90.43618310511104,9196200
ABBV,2021-01-19,91.23320007324219,91.33892360148064,89.67171338567651,90.4768539894531,7723800
ABBV,2021-01-20,91.59104919433594,91.98141778980674,90.65578153529184,91.82689973129816,6554600
ABBV,2021-01-21,90.4849853515625,91.69676345949355,90.07834781959136,91.5991682180938,5417000
ABBV,2021-01-22,90.15967559814453,90.76149741821902,89.03735822479538,89.98888857642595,5185500
ABBV,2021-01-25,89.86690521240234,90.46059880952711,88.81777951104843,89.24068606908726,6928200
ABBV,2021-01-26,88.48432922363281,90.51751687854353,88.28913874130805,90.51751687854353,5554600
ABBV,2021-01-27,83.5965347290039,86.77643662829203,83.43387601248043,86.43486263078611,11887900
ABBV,2021-01-28,84.75141906738281,85.50776535170488,83.85681746990896,84.58063199734856,8534300
ABBV,2021-01-29,83.34442901611328,84.97910738272392,82.79953002244692,84.58060434957366,9380400
ABBV,2021-02-01,83.19805145263672,84.49115598033062,82.84020839625985,83.76734158342074,7518200
ABBV,2021-02-02,84.14956665039062,84.83271468351607,83.36068889442723,83.66973116587027,10481300
ABBV,2021-02-03,86.9797592163086,87.48399195263353,84.58873492324827,86.36980296316536,12101900
ABBV,2021-02-04,88.26476287841797,88.54940797814683,85.5972210213055,86.91472917479058,9077800
ABBV,2021-02-05,88.42739868164062,89.67983679509197,88.19154817319179,89.15934126085874,7251000
ABBV,2021-02-08,86.89029693603516,88.63071112270148,86.0526246892689,88.55751314712222,9199100
ABBV,2021-02-09,85.71919250488281,86.61379382929657,85.48334199307256,86.20715629958157,5506900
ABBV,2021-02-10,84.62126922607422,86.31287657028355,84.35288697742705,86.19089027980398,7446000
ABBV,2021-02-11,84.3772964477539,85.13364258217626,84.02758788657376,85.04418181967922,5090100
ABBV,2021-02-12,84.93844604492188,85.04416956500341,83.88932051255806,84.38541877681062,3738400
ABBV,2021-02-16,84.74327087402344,86.36169294203715,84.59688109412264,85.6622757941552,5637300
ABBV,2021-02-17,86.44302368164062,86.81712953741349,84.7026152111854,85.1499128582889,6940400
ABBV,2021-02-18,86.2559585571289,86.7032623618693,85.56467593554571,85.6541366964938,5386600
ABBV,2021-02-19,85.40201568603516,86.77644631653361,85.32068942109146,86.3942122508186,6702400
ABBV,2021-02-22,87.06922912597656,87.57346191536497,84.7676653375534,85.1173738743493,10272500
ABBV,2021-02-23,86.42675018310547,87.50840765583239,86.17463686419813,86.9960465289183,7058600
ABBV,2021-02-24,88.3948745727539,89.00483091133533,85.88185123130417,86.20716251950694,7626200
ABBV,2021-02-25,87.28882598876953,88.89097907567896,87.07737270600659,88.22409368062398,6237600
ABBV,2021-02-26,87.62225341796875,88.30540769635128,85.68666100467814,87.57345889979726,9250000
ABBV,2021-03-01,88.16716766357422,88.81778410256477,87.89065086828526,88.26475671678423,4709500
ABBV,2021-03-02,87.71171569824219,88.9560255716498,87.67918395062937,88.52499077417359,5487000
ABBV,2021-03-03,86.78458404541016,87.13429258204447,85.76799018365884,86.90657654977961,7218700
ABBV,2021-03-04,85.92252349853516,87.63040012544991,85.35322715303212,86.61380615647718,7503700
ABBV,2021-03-05,86.77645874023438,87.012309285695,84.63754726248747,86.21530308842536,7277800
ABBV,2021-03-08,86.296630859375,87.96384747986833,86.0445175361501,86.89845276229765,6049400
ABBV,2021-03-09,86.84965515136719,88.394879197579,86.5650100860959,86.5975418370979,6857500
ABBV,2021-03-10,87.8337173461914,88.12649690039581,87.06110842552799,87.33761900183379,5762600
ABBV,2021-03-11,87.72798919677734,88.34607381889371,87.29694817228479,87.93943625996607,4671400
ABBV,2021-03-12,88.01263427734375,88.3054138162561,87.3213516678883,87.67106021687825,5341200
ABBV,2021-03-15,89.67172241210938,89.75304868854045,88.12649834073044,88.37861165910589,6642200
ABBV,2021-03-16,90.14342498779297,90.33861551363654,89.37895047836422,89.41961051765003,5570200
ABBV,2021-03-17,85.4264144897461,85.46707452055503,83.60468006192171,84.38542338813215,19445600
ABBV,2021-03-18,84.39354705810547,85.38574358659244,84.10890203881725,84.58060304494975,8675100
ABBV,2021-03-19,84.1089096069336,84.93031919775804,83.70227205570518,84.52368164652962,10899100
ABBV,2021-03-22,86.12582397460938,86.53246147571254,83.66972999326059,84.17396272835501,7627200
ABBV,2021-03-23,85.26374816894531,86.15835563432694,84.99537213412667,85.69478913171821,6111600
ABBV,2021-03-24,83.81612396240234,85.66226178505848,83.807995679424,85.24748977570461,9420100
ABBV,2021-03-25,84.48301696777344,84.70260472417317,82.99472821847147,83.68601082735111,6281500
ABBV,2021-03-26,86.19088745117188,86.30474545508024,84.45047323829591,84.474876700387,6596900
ABBV,2021-03-29,86.80086517333984,87.02044674810739,85.79239945385159,86.01198723341652,5472700
ABBV,2021-03-30,86.84965515136719,87.04483945258221,86.10144349271205,86.90658416442145,5354100
ABBV,2021-03-31,88.01263427734375,88.7933776461778,86.85778509874318,86.92284239254846,9048000
ABBV,2021-04-01,88.25660705566406,88.6307190446487,87.28067946254637,88.58191832163538,5091700
ABBV,2021-04-05,86.32102966308594,88.7120607485725,85.71920774942103,88.7120607485725,10584400
ABBV,2021-04-06,85.70292663574219,86.43487545672163,85.29628909128655,86.08516692029792,8522500
ABBV,2021-04-07,85.56468200683594,86.31289369258526,84.71887506454648,85.82492981947907,8037300
ABBV,2021-04-08,86.28848266601562,86.95536796734045,85.67852637072598,85.7191926056638,5881800
ABBV,2021-04-09,87.45960998535156,87.60599975989028,86.24783175460138,86.52434232606511,5977500
ABBV,2021-04-12,88.03705596923828,88.29730383107088,87.31324140961641,87.68734732320087,5647500
ABBV,2021-04-13,88.01263427734375,88.12649229749891,87.04483490122807,87.85811001936312,6165100
ABBV,2021-04-14,87.17298889160156,87.8068218268749,86.9095769044411,87.43640087876202,7766700
ABBV,2021-04-15,87.98793029785156,88.03731808935434,86.94251560286884,87.24708202411996,5730500
ABBV,2021-04-16,88.82757568359375,89.35439981752168,88.19373627605482,88.48184224300931,8207700
ABBV,2021-04-19,89.40377044677734,89.50255230800661,88.17725883431038,88.87694641403029,4542900
ABBV,2021-04-20,89.74950408935547,90.18577968453496,88.94280747795443,89.00042866448307,5411800
ABBV,2021-04-21,91.20650482177734,91.73332888143588,90.01291415517741,90.37510805128197,6181100
ABBV,2021-04-22,90.5891342163086,91.44521862129709,90.22694031249463,91.08303099772144,5046000
ABBV,2021-04-23,91.68392181396484,92.0049549835623,90.17753781825263,90.30924067438214,4611000
ABBV,2021-04-26,91.69216918945312,92.22722664713213,91.24766020677694,91.83210545800722,5202300
ABBV,2021-04-27,91.73332214355469,92.07081583812263,91.0254011878412,91.5769191034996,3522900
ABBV,2021-04-28,92.13667297363281,92.66349700924961,91.63454283339837,91.93088213846256,5116000
ABBV,2021-04-29,91.28059387207031,92.69643600166387,90.81962435275658,92.50710564609504,6766700
ABBV,2021-04-30,91.78270721435547,92.44946747233531,90.63851073894529,91.75801332039141,10575400
ABBV,2021-05-03,94.40038299560547,94.74611013111631,91.85680471523034,92.52357136827393,9138200
ABBV,2021-05-04,93.75830841064453,95.4375624267435,93.05862080732949,94.350987037531,8151400
ABBV,2021-05-05,95.30583953857422,95.71742116123535,93.79944929237755,94.09578856311254,7021400
ABBV,2021-05-06,95.55281829833984,95.6351333903202,93.97234592345661,94.66380023237842,5803800
ABBV,2021-05-07,95.28116607666016,96.25249916562744,94.63086621978694,95.7997567715263,6808200
ABBV,2021-05-10,95.66804504394531,96.47474160581369,95.46225420751632,95.79974791353614,7093300
ABBV,2021-05-11,94.5732421875,95.95615694579513,94.15342709652515,95.05891185749803,5784600
ABBV,2021-05-12,94.63087463378906,95.48696542223782,94.20283237968422,94.54032614691782,6208300
ABBV,2021-05-13,95.98084259033203,96.47473933006344,94.6720159160319,95.11652486586149,6558200
ABBV,2021-05-14,95.84091186523438,96.79577811314336,95.79975118444804,96.6064540540978,6268500
ABBV,2021-05-17,96.21956634521484,96.89456006111166,95.94792092436612,96.12078447938671,6183200
ABBV,2021-05-18,96.48297882080078,97.05096356152687,94.92720053817017,95.57750036068194,8174900
ABBV,2021-05-19,95.36346435546875,95.8985217414039,94.1534133338079,95.8655944567054,6433600
ABBV,2021-05-20,96.40066528320312,96.58998934631906,94.76257189254714,94.94366256328115,5526100
ABBV,2021-05-21,95.58573150634766,97.36376109603378,95.53633743424663,96.73815518473772,5577800
ABBV,2021-05-24,95.41287231445312,96.15371434720272,95.14945399851224,95.97261739511254,4821300
ABBV,2021-05-25,94.30158996582031,95.48694718189233,93.99702355019582,95.46225328659715,6574200
ABBV,2021-05-26,94.41683197021484,94.44975925722868,93.64306270622234,94.27689571058445,5802600
ABBV,2021-05-27,92.45770263671875,94.8284107062929,92.21075113186747,94.76256241453852,26406000
ABBV,2021-05-28,93.1821060180664,94.23576057720057,92.90223344158954,93.28912129279861,7104300
ABBV,2021-06-01,92.3671646118164,93.83239446296697,92.22722834069268,93.59367632268852,6846200
ABBV,2021-06-02,91.70040893554688,92.73759663365617,91.24766652916304,92.531805772616,8100700
ABBV,2021-06-03,92.3671646118164,92.53180106040759,91.08303171399697,91.4699195178883,6286100
ABBV,2021-06-04,92.49063873291016,93.10801127360853,92.32600856748589,92.52356602204266,4255400
ABBV,2021-06-07,93.02569580078125,93.93117426729397,92.4659444483526,92.77874427344223,5570100
ABBV,2021-06-08,92.47416687011719,93.09153937691327,92.04612469537656,92.75404567225512,4114200
ABBV,2021-06-09,93.84062957763672,94.18635670566552,92.80344191331186,92.91868428932145,4884000
ABBV,2021-06-10,95.68450164794922,96.30187413207527,93.96409334003205,94.13695688195882,6263800
ABBV,2021-06-11,95.00951385498047,95.78328942591556,94.55677777345053,95.68450756146488,4471400
ABBV,2021-06-14,94.9930648803711,95.05891946466433,93.99703784383136,94.72141943034057,4427600
ABBV,2021-06-15,95.34700012207031,95.43754858138844,94.26865200116453,94.9601123922996,3590500
ABBV,2021-06-16,95.10004425048828,95.92320745706083,94.80370499370322,95.66802887269914,6670200
ABBV,2021-06-17,94.58147430419922,95.39640429784453,93.86531989751805,94.64732888233414,4172300
ABBV,2021-06-18,93.11624908447266,94.00526081228233,93.05862789581612,93.54429130303002,7415400
ABBV,2021-06-21,94.4415283203125,94.86957047367879,92.82812272317491,93.58543773334233,4666100
ABBV,2021-06-22,94.41683197021484,94.89426821155858,93.74183828702598,94.24396842357064,4359900
ABBV,2021-06-23,93.84062957763672,94.68848689266669,93.79946889467394,94.29337196927334,3837300
ABBV,2021-06-24,94.44976806640625,95.64335878108989,94.05465314586428,94.18635602596545,7712300
ABBV,2021-06-25,93.00100708007812,93.50313099453366,92.30954653318847,92.93515249842415,11709400
ABBV,2021-06-28,93.01747131347656,93.9311832597714,92.88576214488974,93.23149557231072,5141800
ABBV,2021-06-29,92.44123840332031,92.81165936541103,91.8732537332263,92.72934429386169,5795100
ABBV,2021-06-30,92.72111511230469,92.95159983520212,91.88971840736379,92.36715463635858,5042600
ABBV,2021-07-01,94.05464935302734,94.29336748633754,92.92691326399047,92.976301057007,5306900
ABBV,2021-07-02,94.80371856689453,95.06713057950137,93.75007051646719,94.26866114997003,5719500
ABBV,2021-07-06,95.26470947265625,95.40464575284031,94.47446702873016,94.80373366699291,7172100
ABBV,2021-07-07,96.10432434082031,96.28542128874177,94.91896706732585,95.41287011810732,6695100
ABBV,2021-07-08,95.77507019042969,96.15372463976946,95.22355216292864,95.28940674896312,3948800
ABBV,2021-07-09,95.96438598632812,96.58175850613686,95.5774982024099,95.73390125043761,4823400
ABBV,2021-07-12,96.82869720458984,97.42137578840553,95.99730678918392,96.14547643513785,8148400
ABBV,2021-07-13,97.05919647216797,97.20735985050409,96.05493615074656,96.7957781633798,6540300
ABBV,2021-07-14,97.68345642089844,97.8416031072349,96.87608532786852,97.27561145904657,6543400
ABBV,2021-07-15,97.53364562988281,97.7916691146692,96.34339863677474,97.2256774043048,4544600
ABBV,2021-07-16,97.79998016357422,98.49082410070511,97.31722129062116,98.1412427169469,6826100
ABBV,2021-07-19,96.06871032714844,97.38380944889488,94.67037845028243,97.10913564177338,6762000
ABBV,2021-07-20,96.59310150146484,97.99143356292943,96.10201738600105,96.17693132067483,5581400
ABBV,2021-07-21,97.37548065185547,97.44206939357892,96.37667492701128,97.08416284463024,4133800
ABBV,2021-07-22,97.83328247070312,98.14125067675504,96.87608982780101,97.08417490885569,6257000
ABBV,2021-07-23,98.37428283691406,98.77380254658534,97.85822966581644,98.19949217015147,4411100
ABBV,2021-07-26,98.04136657714844,98.6073582460009,97.60854605671575,98.32435923644834,3730100
ABBV,2021-07-27,98.18286895751953,98.46586798451249,97.18406305693358,98.04137261914958,3773100
ABBV,2021-07-28,98.67394256591797,98.99022958568803,97.6335172176913,97.90818468343134,5650400
ABBV,2021-07-29,98.9402847290039,99.15668861509758,98.34099875158648,99.07345586273448,4632200
ABBV,2021-07-30,96.80118560791016,99.17335434425043,96.65136409033852,99.0485020212319,9017200
ABBV,2021-08-02,96.09368133544922,97.58357117619093,96.06039331297377,97.29225335263858,9245500
ABBV,2021-08-03,96.75955200195312,96.80949038380898,95.62756877803915,96.27679314317322,5902700
ABBV,2021-08-04,95.78572082519531,96.9842865087063,95.64422450183501,96.36835648035674,4602000
ABBV,2021-08-05,95.81900024414062,96.18522559154944,95.26132751808947,95.82731907345007,5132400
ABBV,2021-08-06,95.26133728027344,96.17691661825062,95.2446932696975,95.93553718826136,5340400
ABBV,2021-08-09,94.93673706054688,95.87728570803912,94.67038840600323,95.3695575930883,5277900
ABBV,2021-08-10,95.56929779052734,95.74408846369445,93.98785020202537,95.05324460052098,5120800
ABBV,2021-08-11,94.65373992919922,96.00212715099713,94.51224360226406,95.85231199324404,6840400
ABBV,2021-08-12,96.2518310546875,96.3267449832512,94.81188590273928,94.85349910727246,4863600
ABBV,2021-08-13,96.95099639892578,97.18405065597392,96.30176566111024,96.40164877852469,4416400
ABBV,2021-08-16,98.55741119384766,98.73220188279791,97.142428970997,97.38380840342892,8180500
ABBV,2021-08-17,99.59784698486328,99.6644293851039,98.216158988263,98.28274773875638,6551700
ABBV,2021-08-18,97.62519836425781,99.81425115271587,97.53364041965949,99.18999590331974,5586900
ABBV,2021-08-19,98.15788269042969,99.01519210353813,96.72625649173321,96.72625649173321,6145200
ABBV,2021-08-20,98.8986587524414,99.43968113303029,97.92482227753234,98.29937281395843,4112500
ABBV,2021-08-23,99.34813690185547,100.25538476416729,99.23160977000353,99.71436865924863,4748300
ABBV,2021-08-24,99.61447143554688,99.64776580425537,98.56572104710934,99.64776580425537,3831500
ABBV,2021-08-25,100.21375274658203,101.04609287512466,98.94027336595202,99.76428831513887,5241100
ABBV,2021-08-26,100.21375274658203,100.92124058579302,100.00566771444637,100.5966284436815,5035400
ABBV,2021-08-27,99.53125,100.41352864516043,99.3980725100312,100.16382402659505,4279900
ABBV,2021-08-30,100.35526275634766,100.62993656035688,99.49795332285106,99.74765158538047,3260900
ABBV,2021-08-31,100.5300521850586,100.8546643674543,99.90579701118192,100.57167173675117,6021800
ABBV,2021-09-01,93.44682312011719,101.15429446232531,88.31128606850469,100.71315521173558,50943200
ABBV,2021-09-02,93.23873901367188,94.67036506014757,92.23993339300341,94.51222475286336,14719200
ABBV,2021-09-03,92.90583038330078,93.28038099356469,92.40642110261184,92.5395986041963,5364800
ABBV,2021-09-07,90.75005340576172,92.8641983320713,90.15909261006033,91.9319749971645,12694200
ABBV,2021-09-08,91.85707092285156,92.30653542196056,89.65969316070904,89.94268579889683,10823200
ABBV,2021-09-09,89.28514099121094,91.34102254374565,89.22687742434873,91.09132426444442,10337100
ABBV,2021-09-10,88.7940444946289,90.15908178708327,88.527695909522,89.4599191325218,7620100
ABBV,2021-09-13,89.45994567871094,90.53365916679205,88.90227280513601,89.38503174334885,7398900
ABBV,2021-09-14,88.62759399414062,89.95101196412666,88.43615293954872,89.88442321902929,6102700
ABBV,2021-09-15,89.70130920410156,90.55862502692968,88.25303889460714,88.71914741944387,7444300
ABBV,2021-09-16,89.9593276977539,90.51699409131358,88.6691978855472,90.09249882371145,5821800
ABBV,2021-09-17,89.66802215576172,90.10083631206425,89.14364370936828,89.47658109512155,14157200
ABBV,2021-09-20,88.56099700927734,89.46824476337231,87.86182795131047,88.31129241352096,7103400
ABBV,2021-09-21,89.18525695800781,89.40166719598382,88.39452992897131,88.43614948059239,6400400
ABBV,2021-09-22,88.56932830810547,89.54316486838084,88.16980219734393,89.06873118386832,6319100
ABBV,2021-09-23,89.36006927490234,90.11749576578337,88.76910833029635,89.05210102901462,5847800
ABBV,2021-09-24,89.11865234375,89.93434841838533,88.59428037807429,88.95218686741669,5836100
ABBV,2021-09-27,89.6596908569336,90.42544234673889,89.07704888405841,89.16860681764949,4969600
ABBV,2021-09-28,89.3433837890625,90.4087844572737,89.0936855678068,89.57644435258595,6445600
ABBV,2021-09-29,90.5918960571289,91.20783232113156,89.45991933060643,89.76788111235656,6270100
ABBV,2021-09-30,89.7845458984375,91.90700974575799,89.70963197310147,90.8915536151625,7886400
ABBV,2021-10-01,90.79999542236328,91.29940465585398,88.95220538940605,90.10083265587981,8611500
ABBV,2021-10-04,90.50035858154297,91.7238934203057,89.63472395563954,90.59191016722062,9779200
ABBV,2021-10-05,91.14958953857422,92.04019342029362,90.80832696180893,91.04970641483136,7146900
ABBV,2021-10-06,90.99143981933594,91.2827576494105,90.01760320869276,90.97479580772557,5710300
ABBV,2021-10-07,92.28156280517578,93.04731428623444,91.19119279493265,91.37430866002319,7842600
ABBV,2021-10-08,92.5395736694336,93.01400727804985,92.09010924807329,92.4313717412408,5019800
ABBV,2021-10-11,91.84040832519531,92.72269319489526,91.79046994869861,92.50628297965739,4613800
ABBV,2021-10-12,90.36719512939453,91.77385240876258,90.02593887449204,91.65732526316143,6305800
ABBV,2021-10-13,90.33390045166016,90.75839582365462,89.89276106617221,90.38383884239369,5471100
ABBV,2021-10-14,91.74919128417969,91.8165809000364,90.81409207473826,90.94887773369211,7289500
ABBV,2021-10-15,92.10298919677734,92.63371844999018,91.89238143208732,91.95135134911096,4634500
ABBV,2021-10-18,90.50238037109375,91.81657093262004,90.21595043264536,91.81657093262004,7949400
ABBV,2021-10-19,90.51922607421875,91.04153571012807,90.02219477213124,90.77195799451933,4614900
ABBV,2021-10-20,91.32796478271484,91.91766402150763,90.56134934504455,90.56134934504455,5626800
ABBV,2021-10-21,91.62281036376953,91.78286790596455,90.26649574708698,91.32796075736884,4811800
ABBV,2021-10-22,91.94293212890625,92.0103281611949,91.24371275520001,91.5469884732596,4614400
ABBV,2021-10-25,91.40377044677734,91.9429258135746,90.77194714875814,91.89238200644954,5697400
ABBV,2021-10-26,92.23779296875,92.31361512111815,91.15105591790125,91.66493947901361,5047400
ABBV,2021-10-27,91.31954956054688,92.43155856289573,91.12578754341651,92.3136187010739,4875300
ABBV,2021-10-28,92.38941955566406,92.5831815416013,91.15104477865657,91.3111087484639,5193300
ABBV,2021-10-29,96.60157775878906,96.81218554483014,93.8636765402549,94.42810386430753,16545000
ABBV,2021-11-01,96.71951293945312,97.4861283287394,95.6749001707041,97.09018468172246,7096800
ABBV,2021-11-02,98.1684799194336,99.14570292984423,97.01435360380509,97.09016930604132,10357800
ABBV,2021-11-03,99.04462432861328,99.078322343936,97.92418942128056,98.16849521194072,6186900
ABBV,2021-11-04,98.61497497558594,99.17098254418453,98.00000391882065,99.04461660339041,4912200
ABBV,2021-11-05,98.7160873413086,98.83402719401616,97.30080268157786,98.33699587578283,4635800
ABBV,2021-11-08,97.77256774902344,98.94354665953816,97.53668802996152,98.73293884934141,7015000
ABBV,2021-11-09,97.39347076416016,98.2190497342768,97.224987096409,97.92420010209229,3146800
ABBV,2021-11-10,98.35382843017578,98.64867802224883,97.20812164905841,97.21654775947167,4981100
ABBV,2021-11-11,98.25273895263672,98.97723022810491,97.96631545766711,98.51389696967065,3120900
ABBV,2021-11-12,98.53916931152344,98.90141495086283,98.08425573463866,98.90141495086283,2740300
ABBV,2021-11-15,98.42964172363281,99.23838119521722,97.90733858114824,98.52230965418438,3941000
ABBV,2021-11-16,98.07582092285156,98.96037609285942,98.00842489657235,98.23588487845498,3476400
ABBV,2021-11-17,98.85929870605469,99.08675872625241,97.93262568395556,98.2274753145453,4361500
ABBV,2021-11-18,98.62340545654297,99.71856842231107,98.2611598380725,98.90983536352006,3160300
ABBV,2021-11-19,97.92417907714844,99.2383758269529,97.60405760625736,99.09515767015033,5885800
ABBV,2021-11-22,97.4271469116211,98.85085093805726,96.88799158316506,97.6798723565132,3975800
ABBV,2021-11-23,100.14820098876953,100.52729881791028,97.84836781971886,98.19376120832565,8948300
ABBV,2021-11-24,99.96287536621094,100.4514805095141,99.47426379566868,99.97972115988107,5792800
ABBV,2021-11-26,98.1516342163086,99.49952248426143,97.57878089902385,99.07830699882378,5016700
ABBV,2021-11-29,98.4717788696289,99.33948194568771,98.21062726385114,98.4212350561854,4372500
ABBV,2021-11-30,97.11544799804688,98.38752065150673,96.9638101557322,98.29485272413451,8172100
ABBV,2021-12-01,97.64620208740234,100.23246557750578,97.39347016010315,97.53668191952741,6287500
ABBV,2021-12-02,98.45491027832031,99.06988129029385,97.38501934172682,97.93260076045875,4919800
ABBV,2021-12-03,100.12294006347656,100.24930602037874,98.56444373432196,99.18784098053588,6428100
ABBV,2021-12-06,102.22899627685547,103.1556690525412,100.4261945266478,100.78001398927066,8939900
ABBV,2021-12-07,102.3637924194336,102.89452163464163,101.9341508106051,102.75973601705607,6123300
ABBV,2021-12-08,102.66708374023438,103.14726922543629,101.72355856438175,102.7428994565739,5278100
ABBV,2021-12-09,104.58781433105469,104.84896589531404,102.86082813757768,102.95349606565141,8082300
ABBV,2021-12-10,105.6998291015625,106.15474265803508,104.22557470506845,104.22557470506845,7059500
ABBV,2021-12-13,106.57595825195312,107.61214488616979,105.47236916123016,105.47236916123016,7834200
ABBV,2021-12-14,107.23306274414062,107.70482213533664,105.62401614922047,105.89359386236671,6381400
ABBV,2021-12-15,109.70979309082031,110.17313274364432,107.49420172195032,108.04178319513171,9585600
ABBV,2021-12-16,111.01557159423828,112.27921827001529,109.44022951853613,109.6002934875178,9569000
ABBV,2021-12-17,109.12010192871094,110.37532892493313,108.98530986445645,110.22368463902714,12631100
ABBV,2021-12-20,110.24053955078125,110.68702702685054,108.02494153801841,108.26082122898033,7119200
ABBV,2021-12-21,109.47392272949219,110.65333402371508,108.79997525486182,110.55223354710922,6085900
ABBV,2021-12-22,111.24301147460938,111.68949885760279,109.33068958522777,109.44020972408606,7070900
ABBV,2021-12-23,112.119140625,112.69200039913841,111.34410563426452,111.47889768164734,5702300
ABBV,2021-12-27,113.2311782836914,113.2901417821155,112.17813930594964,112.20341121305707,4436800
ABBV,2021-12-28,113.21428680419922,113.94719756514016,112.66671186743477,113.34907883168671,4237200
ABBV,2021-12-29,114.03146362304688,114.4610988165456,112.95315294351978,113.39964035670785,5594300
ABBV,2021-12-30,114.51167297363281,115.2698688068936,114.25895388369321,114.36004151966905,6354300
ABBV,2021-12-31,114.0651626586914,114.74754262867155,113.98092726369697,114.60431803367261,3963400
ABBV,2022-01-03,114.0820083618164,114.31788802148967,112.47296201195587,114.07358867914142,6839800
ABBV,2022-01-04,113.86299133300781,114.75596624834517,113.20589609891131,114.0062030784413,6298300
ABBV,2022-01-05,114.46111297607422,116.38185491499402,113.72820200988818,113.72820200988818,7724900
ABBV,2022-01-06,113.92195892333984,115.12664213216283,113.86299542814825,114.90760180993374,4667000
ABBV,2022-01-07,113.62712097167969,114.43584770098781,112.99529759057289,113.93881639292556,8630300
ABBV,2022-01-10,114.89917755126953,115.32881278591535,113.36595962910874,113.79559486375456,9794400
ABBV,2022-01-11,115.38777923583984,115.48886684603195,113.5597054428275,114.44426059544054,7159400
ABBV,2022-01-12,115.65735626220703,115.74160451122978,114.59589773870177,115.00869359174838,6589300
ABBV,2022-01-13,113.64859008789062,115.01045870561214,113.12085414709622,114.90832213094605,8386400
ABBV,2022-01-14,115.64885711669922,115.80207499152904,112.60165659328658,113.50391077202296,10484500
ABBV,2022-01-18,116.42342376708984,117.444828610424,115.14666446595533,115.34243058885978,12341900
ABBV,2022-01-19,115.08708190917969,117.03626193880844,114.77213913621337,116.10848668852692,6196700
ABBV,2022-01-20,113.23152160644531,114.7381011663923,112.99319425082132,114.48274671740465,6612800
ABBV,2022-01-21,112.33778381347656,114.26994972854315,112.07392232046742,113.25705200670825,7583000
ABBV,2022-01-24,112.49101257324219,113.41878790884167,109.17143050026283,113.05278979929729,13733800
ABBV,2022-01-25,113.28257751464844,114.3295293422586,111.32487760358079,111.92070891537143,10296500
ABBV,2022-01-26,114.25292205810547,115.31688806509635,113.06128532542222,113.45281754278973,8040300
ABBV,2022-01-27,115.73397827148438,117.7172126530896,115.21476229185497,115.33392597630102,8869100
ABBV,2022-01-28,117.39375305175781,117.44482134258418,114.5678660604788,115.75099575346646,8014400
ABBV,2022-01-31,116.51704406738281,116.75537141234307,115.43605097482761,116.45746872507584,10300000
ABBV,2022-02-01,116.61067962646484,117.32566169832738,115.79354798157416,116.9256094226233,7413900
ABBV,2022-02-02,117.98959350585938,118.66202742856069,113.24856679412618,115.25733553238474,11363100
ABBV,2022-02-03,119.78556823730469,120.61972709781791,118.3470838422777,118.73862912250522,10272700
ABBV,2022-02-04,119.71744537353516,121.54747462891135,118.5087815939523,119.2918589868708,6921500
ABBV,2022-02-07,121.3176498413086,121.72620912074196,119.44507240705155,120.16005439302629,9597800
ABBV,2022-02-08,122.15180206298828,122.22841748464428,120.22815623879926,120.8920699740444,7559500
ABBV,2022-02-09,121.88795471191406,122.55186852415142,121.58153195335316,122.55186852415142,5989100
ABBV,2022-02-10,121.47086334228516,122.9263614053799,121.13038646505184,121.84536842544452,7333400
ABBV,2022-02-11,120.87506103515625,122.23694289488525,120.47500872590591,121.59856320836252,6475200
ABBV,2022-02-14,121.71774291992188,121.8794678731893,118.68756902039415,120.67931078744961,9931900
ABBV,2022-02-15,123.21578979492188,123.81162124165054,121.88796209007072,122.01564582345614,9530100
ABBV,2022-02-16,124.16058349609375,125.30967207597017,122.7050851486422,123.19876697618115,8028900
ABBV,2022-02-17,123.39452362060547,123.82011002669492,122.21139393119144,123.24982580107903,5486600
ABBV,2022-02-18,122.59442901611328,124.04142031629543,122.03265179754351,123.15620623468307,7585900
ABBV,2022-02-22,123.89672088623047,124.56915472677461,120.22816789437931,120.22816789437931,11576800
ABBV,2022-02-23,124.91809844970703,126.27147288827692,123.72646188704773,124.45847091492828,9271000
ABBV,2022-02-24,123.64988708496094,124.01588518673005,122.11777331366237,122.23693699654852,12070200
ABBV,2022-02-25,127.28437805175781,127.9823459997793,124.31379321603998,124.381888600325,8320700
ABBV,2022-02-28,125.7778091430664,126.04167063479194,124.06694349126379,124.82448676887137,11090600
ABBV,2022-03-01,125.70968627929688,127.2503066428681,124.44995443876523,125.69265919030141,7489900
ABBV,2022-03-02,127.30994415283203,128.73990847226446,125.3096825285288,125.71824190724256,8247200
ABBV,2022-03-03,128.02490234375,128.3483391719049,126.69707487062452,127.51419347507125,5408400
ABBV,2022-03-04,128.15260314941406,128.25473975197886,126.0587248696214,126.48431136413346,5389500
ABBV,2022-03-07,127.20775604248047,128.31428313809332,126.13528312770377,126.82473092919341,7137700
ABBV,2022-03-08,125.2500991821289,127.58231782985646,124.57767824060338,126.8247743949317,8817500
ABBV,2022-03-09,126.68854522705078,127.76953822402021,125.76927712583249,126.19486348818178,5368900
ABBV,2022-03-10,126.96945190429688,127.46313371361819,125.71822678140094,126.03316956623252,4635700
ABBV,2022-03-11,126.8758316040039,128.0164001837757,126.80773621281139,127.11415897924374,5171400
ABBV,2022-03-14,129.46339416503906,130.20391037975537,126.84178025917572,128.29727854243654,8647200
ABBV,2022-03-15,132.6808319091797,133.14896660012897,129.51446777519655,129.5995772699749,8384300
ABBV,2022-03-16,132.82554626464844,133.48095309653306,130.67207966203938,133.2085715084728,7178900
ABBV,2022-03-17,134.9875030517578,135.0045301458509,132.96172044216922,133.77883912849495,7227900
ABBV,2022-03-18,135.5067138671875,135.71100002492724,133.75329989048862,134.48530905422245,9912800
ABBV,2022-03-21,136.23020935058594,136.99625967607494,135.32796825989607,136.14508687536883,5825000
ABBV,2022-03-22,136.19615173339844,136.4429991125881,134.50232621490971,136.23020591777365,5756600
ABBV,2022-03-23,134.84278869628906,137.19202086640502,134.7917204081357,136.19615028381676,6300600
ABBV,2022-03-24,136.42593383789062,136.80895888378345,135.20876333838598,135.52369302245262,4638100
ABBV,2022-03-25,137.3197021484375,137.872959244145,136.38340692261576,136.65578843844227,5129400
ABBV,2022-03-28,137.86444091796875,137.9155092010436,135.78757748716234,136.70684554610276,4516500
ABBV,2022-03-29,138.043212890625,138.97950826358237,137.28566953900224,138.73267384045775,6154100
ABBV,2022-03-30,139.3795928955078,139.8903019424869,137.65171256917634,137.65171256917634,5151800
ABBV,2022-03-31,137.98365783691406,140.1541516204689,137.97515078240596,138.68161295479226,8670100
ABBV,2022-04-01,138.46876525878906,138.80073507212444,136.2727511751281,138.0176447777096,5703300
ABBV,2022-04-04,137.79635620117188,139.4561404687871,137.43035815225448,138.31557209902746,6892400
ABBV,2022-04-05,139.10716247558594,141.26064157755062,137.75380086007561,137.7963620970387,6683300
ABBV,2022-04-06,143.77162170410156,144.07804447624386,139.4221275431231,140.0094389387182,8810800
ABBV,2022-04-07,147.4912109375,148.6062451457369,142.60547474787222,142.71613135988102,7469000
ABBV,2022-04-08,148.9212188720703,149.72983054346983,146.82732778722536,147.25291424457964,7204200
ABBV,2022-04-11,144.5546875,148.98929080063292,144.12059401965178,148.87012712046672,8163200
ABBV,2022-04-12,142.4097442626953,145.17605635167655,141.47346180991508,144.11209016360684,8279700
ABBV,2022-04-13,136.44383239746094,141.63719897970105,134.29781423110182,141.63719897970105,18312600
ABBV,2022-04-14,139.32806396484375,140.6671770379635,134.61541704199948,135.49957536843763,11074800
ABBV,2022-04-18,136.79574584960938,139.74007569740755,136.27211703345625,139.0276093836313,6500200
ABBV,2022-04-19,134.21192932128906,137.7743128567907,131.94573554028494,137.68846692412183,9359900
ABBV,2022-04-20,134.51235961914062,135.71413714710337,133.49944575670406,134.22050441453177,6250000
ABBV,2022-04-21,136.07469177246094,137.6713294391819,133.35354294497864,134.76990936460507,7903300
ABBV,2022-04-22,133.0445098876953,135.90300686063296,132.48653746095272,135.01025621714552,7938300
ABBV,2022-04-25,134.16900634765625,134.46086156151392,131.19891259403005,132.915726461311,6932600
ABBV,2022-04-26,134.0659942626953,137.07901110971977,133.7569803278732,134.2891884577347,6787800
ABBV,2022-04-27,135.30215454101562,136.91596445772728,132.67543029666982,134.39224489802064,6039100
ABBV,2022-04-28,134.1776123046875,136.00602362729643,132.48654926227283,135.9373494871993,7465000
ABBV,2022-04-29,126.08284759521484,128.64089725928906,120.11690736677369,128.3833724921633,25155900
ABBV,2022-05-02,126.93266296386719,127.81682129363567,123.12992552006253,125.88540517745629,9690800
ABBV,2022-05-03,128.41769409179688,129.39627756045937,127.00131466461991,127.08716060502512,6163400
ABBV,2022-05-04,130.1259307861328,130.7954872847148,126.69230234283937,127.19875939464441,5791500
ABBV,2022-05-05,130.6324005126953,131.61099728830632,128.7954096412273,131.13887071189424,6869300
ABBV,2022-05-06,131.19032287597656,131.7826257091164,127.9112023613616,128.4863333896751,6145600
ABBV,2022-05-09,129.5851593017578,131.79983839618268,127.84258060004392,130.15169811056748,6969000
ABBV,2022-05-10,130.55511474609375,132.64962987785051,129.19883014277175,129.8512278319589,6525200
ABBV,2022-05-11,130.44351196289062,132.84704068775963,129.56793329983168,129.6366074202921,5630000
ABBV,2022-05-12,132.44361877441406,132.49513420025434,128.889814090062,131.66247830890777,6914800
ABBV,2022-05-13,131.7654571533203,132.52943875881348,130.39200089483276,131.69678303057097,6398500
ABBV,2022-05-16,133.45655822753906,134.67549478654652,131.56806515158743,132.13460390559555,6565600
ABBV,2022-05-17,132.8642578125,133.73124431982518,131.20753829787537,133.37930734251225,6032200
ABBV,2022-05-18,130.8469696044922,133.65396409510623,130.26325914556384,132.87281060014237,6498100
ABBV,2022-05-19,130.2375030517578,130.8212134885802,128.14298800527638,129.79112777179031,5994800
ABBV,2022-05-20,129.62803649902344,131.78264645430434,126.8811367156139,130.76114002744626,6746400
ABBV,2022-05-23,127.07002258300781,130.4779003708165,126.34896364559239,130.17745259776592,6886400
ABBV,2022-05-24,127.99706268310547,129.91989899418732,125.85104527717736,126.2115746295832,6367200
ABBV,2022-05-25,130.44351196289062,131.3276699791637,128.58075755374338,129.07005575018047,5042600
ABBV,2022-05-26,129.25035095214844,131.3963684965628,129.09583087785975,130.16026029525986,6659300
ABBV,2022-05-27,128.76104736328125,128.80397033205256,126.82963165283202,128.34901567922904,8405000
ABBV,2022-05-31,126.50341796875,127.79962074303832,125.90253577119063,127.59359837605388,11227800
ABBV,2022-06-01,125.34458923339844,126.94980607337996,123.88530000630152,126.86396013721213,5597900
ABBV,2022-06-02,125.97123718261719,126.24593373143719,122.6663647327331,125.88539123654785,5998900
ABBV,2022-06-03,126.33173370361328,127.22448415670308,125.9712044007978,125.9712044007978,4891800
ABBV,2022-06-06,125.78238677978516,126.88973923387879,125.03557682115391,126.18583915009805,3912400
ABBV,2022-06-07,128.02279663085938,128.2030678319494,125.21580257380855,126.11713238276054,4991200
ABBV,2022-06-08,128.11727905273438,128.63232862993675,127.2588718229003,127.8168312829905,4835200
ABBV,2022-06-09,124.83814239501953,129.20744463321196,124.7265583751407,128.52071631084698,5642900
ABBV,2022-06-10,122.92390441894531,124.15143348607923,122.02257426863441,123.9024880711604,5464700
ABBV,2022-06-13,119.6790771484375,121.95386307802646,119.12969730813745,120.91518506367476,5997000
ABBV,2022-06-14,118.13396453857422,120.74352909594073,117.01804594182978,119.69627153121814,5861800
ABBV,2022-06-15,118.53740692138672,119.3958138303951,116.94076954670113,117.23263785043395,5981800
ABBV,2022-06-16,119.44731140136719,119.56748783992154,116.53731261942681,117.20686893397951,6963400
ABBV,2022-06-17,118.70051574707031,119.77352446845926,117.7648552855994,118.1168052897952,10429900
ABBV,2022-06-21,123.1556625366211,123.58486606867922,119.9194642373921,120.13406600342118,7160500
ABBV,2022-06-22,126.66654968261719,128.84691105340036,123.27584425452831,123.3702695595347,7995700
ABBV,2022-06-23,128.28890991210938,129.44776447839413,126.64934957257314,127.6622765361387,7795000
ABBV,2022-06-24,130.76971435546875,131.1130850016033,128.43484635475707,129.5250268715767,8527600
ABBV,2022-06-27,131.4564666748047,133.4393850389841,131.12168841979067,131.33629020116513,5377300
ABBV,2022-06-28,130.89846801757812,133.1560691736239,129.954215223472,131.4821784006624,5735700
ABBV,2022-06-29,132.3148651123047,134.44371097624506,131.6367292909203,132.1088427003418,6140900
ABBV,2022-06-30,131.4736328125,132.2290221435352,129.50787324489934,131.48221216801366,7289500
ABBV,2022-07-01,132.0229949951172,132.07449731774898,130.01432582297184,131.40494092703386,4620000
ABBV,2022-07-05,132.1345977783203,132.2376155364793,128.46920891529498,130.39203242422556,5478800
ABBV,2022-07-06,130.9328155517578,133.0445024848241,130.2117568324673,132.7183036411327,5113600
ABBV,2022-07-07,130.47787475585938,130.97575242869178,128.76963996967166,128.93273940883688,6516100
ABBV,2022-07-08,131.20751953125,133.26769116012514,130.2975970786075,130.47786831780368,4078400
ABBV,2022-07-11,131.53372192382812,132.62390265523652,130.71823776339806,130.71823776339806,4491000
ABBV,2022-07-12,130.87277221679688,132.68401199834886,130.5294014654038,131.33630635835894,5319500
ABBV,2022-07-13,130.6066131591797,132.0487436568257,129.87697510528943,130.4778573550375,5221200
ABBV,2022-07-14,130.3466796875,130.84054150597422,128.65713153887427,129.00370077216255,7576900
ABBV,2022-07-15,133.10194396972656,133.3185530509015,131.20444630331107,131.55968836942256,4873000
ABBV,2022-07-18,129.59291076660156,133.83844423379938,129.00372708491378,133.2579333782125,6838400
ABBV,2022-07-19,129.74020385742188,130.16474927323503,128.92575144724023,129.96547258375597,5647100
ABBV,2022-07-20,127.96399688720703,130.3553566450998,127.66073885213085,129.5582367258022,5315700
ABBV,2022-07-21,128.01600646972656,128.09398259002205,126.51707486736284,127.57412856727895,4066800
ABBV,2022-07-22,128.6398162841797,129.35028727349797,127.86868839951552,128.6398162841797,3639700
ABBV,2022-07-25,130.1560821533203,130.77991744336697,128.6744700342668,128.70046206962118,4347000
ABBV,2022-07-26,130.7192840576172,133.0500005992379,130.25141411631856,130.96188524507176,4900600
ABBV,2022-07-27,130.9618377685547,131.26509575332187,129.03834817906238,129.53222320212288,4145800
ABBV,2022-07-28,129.7488555908203,132.05357967112803,127.03690533012849,131.21313527508178,6572300
ABBV,2022-07-29,124.34228515625,126.75965015771354,120.47798614901015,126.01451431198825,17754700
ABBV,2022-08-01,121.49171447753906,123.76177364127335,120.56462117279541,122.60941162938911,8523900
ABBV,2022-08-02,121.6390151977539,123.76178189992156,121.3877544392062,122.32349419024487,5197100
ABBV,2022-08-03,122.3407974243164,123.91771776550195,121.8642548365533,122.79134798190772,5474200
ABBV,2022-08-04,120.36531829833984,123.53647804185734,120.1660416692196,123.11191953386701,7071700
ABBV,2022-08-05,119.60289001464844,121.2231352783567,119.52491390173931,120.47799935097946,5371100
ABBV,2022-08-08,121.59567260742188,121.99423914038614,119.3689380916302,119.60286638413922,4854600
ABBV,2022-08-09,121.5177001953125,123.24191332119725,121.19712297089809,121.89026148630549,3819700
ABBV,2022-08-10,122.11556243896484,122.21953058832949,120.43467351345359,122.08957040162369,4075300
ABBV,2022-08-11,123.103271484375,123.78775034642683,121.00649721815839,121.50035903593881,5972800
ABBV,2022-08-12,123.5538558959961,123.97840133931443,121.53505717124315,122.93868013543788,5208700
ABBV,2022-08-15,123.28521728515625,124.14299399537643,121.66498560884264,123.99570140850872,4513200
ABBV,2022-08-16,123.51052856445312,124.74952644202533,123.10330234241015,123.12929438034719,3852300
ABBV,2022-08-17,122.54875946044922,123.6924485676596,121.77763163777291,122.5314270316336,3605200
ABBV,2022-08-18,122.41880798339844,122.67008197349934,121.145158484064,122.5921058610288,3525200
ABBV,2022-08-19,122.90399932861328,124.21231343414065,122.56608968701248,122.84334243923324,4530700
ABBV,2022-08-22,121.59567260742188,123.60581125929498,121.2664357888194,123.00796807023326,4023500
ABBV,2022-08-23,120.4520034790039,122.03758382820871,119.95812833809042,120.9978494727638,3768100
ABBV,2022-08-24,119.49024200439453,120.83322101131175,119.30828455101052,120.47797892946706,5018900
ABBV,2022-08-25,120.7205810546875,120.91985771803154,119.2822935070727,120.2353788026656,3301200
ABBV,2022-08-26,118.13863372802734,121.17116177745172,118.05198478116311,120.33937683818372,3838800
ABBV,2022-08-29,117.58409881591797,118.45919488857328,116.76097359521546,118.00864422367896,3835800
ABBV,2022-08-30,117.4454574584961,118.25990979532789,116.87360625764352,117.09021535910856,4337100
ABBV,2022-08-31,116.50104522705078,117.87000311729805,116.24977126512043,117.56675830698572,5789600
ABBV,2022-09-01,119.95811462402344,120.07941518885494,116.18912428912125,116.6569941189656,4521000
ABBV,2022-09-02,118.07794952392578,120.7812268152529,117.67072336519766,120.14007235146225,3601600
ABBV,2022-09-06,119.2129898071289,120.73792644376228,118.04330851418896,118.96172904992248,4810600
ABBV,2022-09-07,120.18338775634766,120.46930010765189,117.26348836801884,119.1783184522299,4141700
ABBV,2022-09-08,121.75165557861328,121.7949800459517,120.13141040140081,120.98918725992506,3988300
ABBV,2022-09-09,122.53141784667969,123.18124506047461,121.38772882520023,121.6476491341034,4427000
ABBV,2022-09-12,123.2419204711914,123.78776642270401,121.5783641403154,122.17619416142249,4938400
ABBV,2022-09-13,120.02742004394531,122.97329818699174,119.1263321056106,121.77762507850615,6195900
ABBV,2022-09-14,120.91120910644531,121.68233701725217,119.80217150934718,120.58195902516677,4673600
ABBV,2022-09-15,123.47586822509766,124.68021450314738,120.77259041440128,121.29245763373792,6416900
ABBV,2022-09-16,124.81883239746094,125.50332459399218,122.47945663550297,124.24698116964849,13887500
ABBV,2022-09-19,123.6058349609375,124.64555612265403,122.54010854096408,124.45493903391595,5042500
ABBV,2022-09-20,122.8346939086914,123.45852918338733,121.62167499866247,122.87801837347288,4532900
ABBV,2022-09-21,121.5696792602539,124.44625421977108,121.55234683185088,123.16391893333203,5076100
ABBV,2022-09-22,123.90908813476562,125.1654317279327,121.301118839201,121.48307633459982,6161000
ABBV,2022-09-23,123.95237731933594,124.26429492209705,122.12419616274668,123.0946138273196,5751600
ABBV,2022-09-26,122.3495101928711,123.72714112481745,121.39642470618165,123.10330575548844,5697800
ABBV,2022-09-27,122.7913589477539,126.1011388859665,122.41878444740532,123.54515433158966,5598000
ABBV,2022-09-28,125.28673553466797,125.91057093380547,123.57118157665333,124.95748540157511,5226700
ABBV,2022-09-29,123.6578140258789,125.84989723678216,122.88668609659798,125.50332793717527,5509400
ABBV,2022-09-30,116.28443908691406,123.31123906301316,116.18045772519045,123.20725770128955,15359000
ABBV,2022-10-03,119.84547424316406,120.26135996146635,117.23749254321861,117.73136757557708,7437500
ABBV,2022-10-04,123.02531433105469,123.65780922764193,119.3602786871066,120.61662209616769,6612300
ABBV,2022-10-05,124.18634033203125,125.17407737502704,122.26285031870711,122.57476797548323,4777900
ABBV,2022-10-06,121.55233764648438,123.89172613564992,121.21442803239106,123.71842830625381,5124800
ABBV,2022-10-07,120.2267074584961,121.34441779352817,119.17832684120089,120.44331655372883,4648800
ABBV,2022-10-10,119.83683013916016,120.94586780093836,118.58915946446672,120.46066547650686,3830800
ABBV,2022-10-11,122.60939025878906,124.48955535443692,119.58553617599368,119.58553617599368,5675100
ABBV,2022-10-12,121.28378295898438,123.95240908409163,121.24045848790435,122.72207078589838,4528000
ABBV,2022-10-13,125.0911865234375,125.3187475489508,119.27075804916959,119.64711051697665,5066200
ABBV,2022-10-14,125.108642578125,126.45652606991716,124.46971174700458,124.81105981900572,5290500
ABBV,2022-10-17,126.39525604248047,126.85037786822403,124.37342427548515,124.8548026159717,4016200
ABBV,2022-10-18,126.56155395507812,127.67311534022167,125.62502709490984,127.1129541101715,3540400
ABBV,2022-10-19,125.27493286132812,127.30551233677407,124.55721918157657,126.73660338012992,3333300
ABBV,2022-10-20,125.0998764038086,126.07140754687751,124.66225000342256,125.30119416380063,3880100
ABBV,2022-10-21,128.71469116210938,129.3273655297362,124.66226590395702,125.45874925952167,5419400
ABBV,2022-10-24,132.06689453125,132.62705578934967,130.15008876133612,130.15884983673163,5139700
ABBV,2022-10-25,131.13037109375,131.81306715823843,128.91596938858484,129.56366122002376,5229400
ABBV,2022-10-26,133.48480224609375,133.81740259008302,131.9005967849627,132.17192302124948,4727900
ABBV,2022-10-27,134.35128784179688,134.7801664675698,133.0909218320362,134.57884873316627,6850400
ABBV,2022-10-28,129.19606018066406,130.3951521857823,124.58347440516158,127.7256286020362,10812200
ABBV,2022-10-31,128.13702392578125,128.46962431369718,126.10644406793111,127.06046655871113,8604800
ABBV,2022-11-01,128.5833740234375,129.27481776215288,126.51777717086155,128.36456085411928,6351200
ABBV,2022-11-02,126.4915542602539,129.60745248220712,126.45653666489514,128.68843425588284,5345000
ABBV,2022-11-03,126.40401458740234,127.27926743458444,125.18741366403117,126.03640999422169,3850700
ABBV,2022-11-04,127.15673065185547,127.41930917310846,125.23117708816422,127.21800476077713,4623700
ABBV,2022-11-07,129.62493896484375,130.23761322515438,126.64907157072507,127.1567197736388,4304000
ABBV,2022-11-08,130.00128173828125,132.71457043528284,129.50239464681485,130.26386021787758,4637500
ABBV,2022-11-09,129.20481872558594,131.7868252630144,128.69717048062807,130.05381504065187,4573700
ABBV,2022-11-10,131.0428466796875,131.86558642590316,129.31859764269444,131.86558642590316,5607700
ABBV,2022-11-11,131.4279327392578,131.74302420735503,127.56806559389064,130.8852670492992,6786400
ABBV,2022-11-14,132.8108673095703,135.26156451385597,132.14566662100867,132.14566662100867,7077100
ABBV,2022-11-15,133.94866943359375,134.28126973850775,131.2529028279525,134.25501322551943,5909500
ABBV,2022-11-16,132.9246368408203,137.14336169590106,132.36447558986538,134.29879013060065,7358700
ABBV,2022-11-17,133.17845153808594,133.97493468541052,131.26164602420872,132.13689870778398,5069500
ABBV,2022-11-18,135.6466522216797,136.2243221770756,134.5000733847941,134.5000733847941,5691100
ABBV,2022-11-21,137.51092529296875,138.8413128758302,135.16524157173157,136.01423759283787,6492100
ABBV,2022-11-22,139.8566436767578,139.93542658139856,137.90483360747115,138.01862074894242,5351100
ABBV,2022-11-23,139.50656127929688,140.8632059656083,139.00767406360532,139.9967007737656,3221100
ABBV,2022-11-25,139.70785522460938,140.69689521584084,139.37526822420918,139.68159870761195,1661900
ABBV,2022-11-28,138.666259765625,140.67934336962074,138.14111623107905,140.04041272604064,3902800
ABBV,2022-11-29,138.46498107910156,139.5415382120122,137.59848941212587,138.56125941490964,3689000
ABBV,2022-11-30,141.07325744628906,141.07325744628906,136.94207600314692,138.98140352822514,12342500
ABBV,2022-12-01,141.46710205078125,142.8412418826775,140.0229270430342,140.91568856097814,5827800
ABBV,2022-12-02,143.2438507080078,143.3313679590996,140.48679687035528,140.6706058016503,4304900
ABBV,2022-12-05,143.48895263671875,144.5830186860346,142.56993448423376,142.56993448423376,4859400
ABBV,2022-12-06,143.29640197753906,143.88281980202942,141.39710483858698,143.56772823234664,5480400
ABBV,2022-12-07,144.7667999267578,144.88058705828212,142.89375957055012,143.27012519889362,4637800
ABBV,2022-12-08,145.283203125,145.4932552294332,143.78651510443052,144.76679387257636,4274400
ABBV,2022-12-09,142.7187042236328,146.82364155507517,142.49989104694865,145.95713656749916,4644800
ABBV,2022-12-12,144.69680786132812,144.84559924348926,142.44740162179545,142.85002380993038,4109400
ABBV,2022-12-13,144.23287963867188,146.6048202182343,144.12785359340418,146.12342858526455,5050400
ABBV,2022-12-14,144.29417419433594,145.2744530366139,142.51741211505836,144.06661327889213,4485400
ABBV,2022-12-15,142.75375366210938,144.07538073625668,141.747204811603,143.445197578376,5268300
ABBV,2022-12-16,140.4605712890625,142.94629949168817,140.4605712890625,141.8347246512185,18905500
ABBV,2022-12-19,141.3445587158203,141.9922371452831,140.0929404509332,140.7231234427806,4033400
ABBV,2022-12-20,140.54811096191406,141.65968587393667,140.10173679502273,141.44962037200585,4221000
ABBV,2022-12-21,141.97474670410156,142.42986849344473,140.35552386286844,141.30954610302157,3707200
ABBV,2022-12-22,142.9025115966797,143.00753764663813,141.37956709580112,141.67714980754752,3606000
ABBV,2022-12-23,142.75375366210938,143.38393681999005,142.07980518806767,143.00757112736437,2685100
ABBV,2022-12-27,142.65744018554688,143.37514044374808,141.59837855851444,143.09506652881223,2669200
ABBV,2022-12-28,141.99224853515625,144.1453761558968,141.88722247985567,143.27887113377616,2944500
ABBV,2022-12-29,142.2810821533203,143.43642217153393,141.95724291577415,142.6311912597321,3112500
ABBV,2022-12-30,141.44960021972656,142.5349184587953,139.88290364300948,141.99225266161224,3680400
ABBV,2023-01-03,142.12355041503906,142.68371165894305,140.7493971425557,141.8259543203889,4937500
ABBV,2023-01-04,143.27015686035156,143.78655289319346,141.3620984934119,142.14107308110056,4440400
ABBV,2023-01-05,143.09507751464844,143.9703302683749,142.0885288346847,142.74496839997954,3516000
ABBV,2023-01-06,145.77333068847656,147.1387226777606,143.6464598164799,144.27664278927185,5099100
ABBV,2023-01-09,141.49334716796875,145.5370101533838,140.81065116667259,145.20440987136416,7833000
ABBV,2023-01-10,139.72532653808594,142.15852773263518,138.55249124249931,141.99222759939775,5936200
ABBV,2023-01-11,137.56349182128906,139.4627889444273,135.71670773344422,139.3577628738405,7492000
ABBV,2023-01-12,134.4974822998047,137.18353827086167,134.05569580255982,136.95381414590577,7665100
ABBV,2023-01-13,135.716796875,135.90233962579336,133.7199135800206,134.38259322592927,6019300
ABBV,2023-01-17,135.03646850585938,137.04218306958225,134.8155752471929,135.89353542806566,8507000
ABBV,2023-01-18,131.8291015625,134.674207974283,131.7142462294037,134.40913335237826,6190800
ABBV,2023-01-19,131.39614868164062,133.0130754308773,130.17681360950715,131.60819757609568,7169900
ABBV,2023-01-20,132.17367553710938,132.27971345999015,130.01775536266322,132.0323006281039,7059000
ABBV,2023-01-23,131.2547607421875,132.91586867372362,130.812974279563,132.4122391171032,7616400
ABBV,2023-01-24,130.49490356445312,131.53751327321746,129.39043727181914,130.83949650846475,5171400
ABBV,2023-01-25,130.58326721191406,130.7511482641111,129.443463804125,130.22101247440347,5744300
ABBV,2023-01-26,130.23863220214844,131.38727959923352,129.98240200881295,130.6980938574328,4577800
ABBV,2023-01-27,129.24905395507812,130.48605072957562,129.01048547633442,130.1591330425128,4591500
ABBV,2023-01-30,128.6923828125,129.99123600685041,128.3477899333204,128.88676992201175,4573400
ABBV,2023-01-31,130.54788208007812,130.6362447535742,127.59675214392355,128.6747120457706,5628700
ABBV,2023-02-01,129.53179931640625,130.27399735553414,128.3389704460375,129.55830542621416,5439900
ABBV,2023-02-02,127.9767074584961,128.9397987729949,126.73971067677779,128.9397987729949,6160800
ABBV,2023-02-03,128.29481506347656,129.70853745648833,127.85302850094237,128.93098879210626,6553000
ABBV,2023-02-06,128.13572692871094,129.29320510068698,127.95017071475078,128.77190040193068,4297000
ABBV,2023-02-07,128.24180603027344,128.52455590882727,126.9341215476026,127.74700722506049,5401900
ABBV,2023-02-08,127.77351379394531,129.31093592895652,127.64981409220347,128.48037501058,5753800
ABBV,2023-02-09,131.38731384277344,135.80517922741447,130.68045268477982,131.21060192383882,12216900
ABBV,2023-02-10,134.34725952148438,135.3456877110819,131.4491415445821,132.26202697885932,8956700
ABBV,2023-02-13,135.8316650390625,135.87584638275638,133.64923878666573,134.32076285340517,5602600
ABBV,2023-02-14,134.8243865966797,136.0702276308587,134.09101946625344,135.99954018045287,4662800
ABBV,2023-02-15,133.47256469726562,135.61965457217443,133.2693466374206,134.85093672448755,5648100
ABBV,2023-02-16,132.12066650390625,132.97773337232815,131.413805424081,131.7495674705051,3757500
ABBV,2023-02-17,133.6934051513672,133.76409259690695,131.30776116396964,131.78488456854848,4562400
ABBV,2023-02-21,134.30311584472656,135.2043642129268,132.3769328915943,132.3769328915943,8466100
ABBV,2023-02-22,133.1279296875,134.43561382865659,132.7479998049539,133.41951036776345,6041700
ABBV,2023-02-23,134.364990234375,135.69035010577855,131.80261972697346,133.33119767029336,5993300
ABBV,2023-02-24,134.930419921875,135.1689748913427,133.33998604749627,133.68457893009065,5621100
ABBV,2023-02-27,136.31764221191406,136.73292260308534,135.27503253689108,135.41639397126,6828800
ABBV,2023-02-28,135.9818878173828,136.39716823195303,134.85091538518242,136.03491352579476,7561700
ABBV,2023-03-01,137.19236755371094,137.4662729947433,134.62999806191098,134.97459095260535,5485800
ABBV,2023-03-02,136.40599060058594,137.63415641016167,136.25578482327123,137.1570194871595,4567800
ABBV,2023-03-03,137.89039611816406,137.98758968456102,136.07906882563225,136.36181864869738,4851200
ABBV,2023-03-06,137.20120239257812,138.2438254523963,136.54735357600563,137.65181972965678,4051900
ABBV,2023-03-07,135.12481689453125,137.54581184833822,134.34728179670813,137.45746263476408,4606900
ABBV,2023-03-08,132.1825408935547,135.84053298108734,131.24594208429767,135.00112775192983,5860100
ABBV,2023-03-09,130.19447326660156,133.33999065901952,129.50528747757753,132.5977926527248,5350200
ABBV,2023-03-10,132.2797393798828,133.1014559202652,130.30053071274565,130.62744845690776,6825500
ABBV,2023-03-13,134.25892639160156,135.46943067536685,131.65238851016676,131.65238851016676,7653800
ABBV,2023-03-14,135.93772888183594,136.06142857841473,133.82598968021912,134.25893187711705,6644100
ABBV,2023-03-15,136.12326049804688,136.40601034256343,134.06453369527023,134.4621388671488,6304600
ABBV,2023-03-16,137.2188720703125,137.76668294602266,134.7536961651123,135.3633636144038,6331200
ABBV,2023-03-17,136.26463317871094,137.8992486700775,134.19707553315058,137.64300494241783,42756400
ABBV,2023-03-20,137.94337463378906,138.13776171908563,136.47665410234734,136.52966631065544,4408200
ABBV,2023-03-21,138.51773071289062,138.76513005239167,137.04216555149054,138.40286191874628,4675700
ABBV,2023-03-22,135.77867126464844,138.61494673515577,135.7256590379155,137.55464827147694,4376900
ABBV,2023-03-23,137.2188720703125,138.27915683843793,136.08789985334508,136.1585873021871,4584000
ABBV,2023-03-24,139.6222381591797,140.02867427331475,136.5915751305753,137.20124278403475,4678700
ABBV,2023-03-27,139.1980743408203,140.6117964306672,139.05671291763807,140.33789097779444,3887800
ABBV,2023-03-28,139.82540893554688,140.13466483794187,139.11854793168135,139.42780383407634,3532500
ABBV,2023-03-29,139.60452270507812,141.1065939870999,138.15546364160667,140.4704203999902,3959900
ABBV,2023-03-30,139.53384399414062,140.07282405358862,139.09205750220795,139.6133623269476,3635800
ABBV,2023-03-31,140.8150177001953,140.99174307721907,139.3659585914726,139.9844569642957,4957300
ABBV,2023-04-03,141.74276733398438,141.78694867678576,139.4189662216122,139.8254157002307,4389400
ABBV,2023-04-04,141.17730712890625,142.9002719565796,140.9564138565826,141.8223117090598,4224400
ABBV,2023-04-05,142.0785369873047,142.8472411607512,140.49693381298502,141.37167591129747,5743000
ABBV,2023-04-06,142.74122619628906,143.30671239819293,141.91949626471913,142.0785464214523,5498300
ABBV,2023-04-10,142.50265502929688,143.1918409036192,141.5572389123693,142.8825984371821,3309500
ABBV,2023-04-11,142.59100341796875,143.6601191106597,142.4231224045083,142.68819697932727,2875800
ABBV,2023-04-12,143.4569091796875,144.44650660025943,142.78539857033564,143.24484681145623,4005000
ABBV,2023-04-13,145.0709228515625,145.22251047761134,143.16268213793973,143.56394510174965,3868500
ABBV,2023-04-14,144.0900115966797,145.34731371085186,143.5014854658397,145.02630069460113,3473100
ABBV,2023-04-17,143.7244110107422,144.63395015920696,143.25181040364276,144.38427488022168,4354100
ABBV,2023-04-18,142.30661010742188,143.76899972503287,141.2544090829511,143.56391223160392,4996200
ABBV,2023-04-19,143.75119018554688,143.9562776999343,141.3525112174322,141.48626098631888,4826900
ABBV,2023-04-20,144.22377014160156,144.2505200915391,143.18939338974377,143.72440599477653,3808100
ABBV,2023-04-21,144.8212127685547,145.51673870063198,144.47344980251603,144.98171247305768,4812100
ABBV,2023-04-24,146.3103485107422,146.56002378209968,144.74987126161687,144.9638844683298,4728900
ABBV,2023-04-25,147.04153442382812,148.20074879957957,146.67594724279988,146.96128457479375,5506200
ABBV,2023-04-26,144.27725219726562,145.57912828748286,143.11803795364364,145.0619399755198,5192000
ABBV,2023-04-27,132.74754333496094,137.20604900060783,131.22274201682623,137.20604900060783,17063000
ABBV,2023-04-28,134.75390625,134.9946694288903,131.4724517498965,131.9450523859844,7123800
ABBV,2023-05-01,137.06341552734375,137.95511684502367,134.4863992635001,134.50422349333041,5601000
ABBV,2023-05-02,135.19973754882812,138.23152992622065,134.8252246610754,136.9207280159455,5135600
ABBV,2023-05-03,133.08641052246094,135.10165043345106,132.37304680677946,134.70931331579334,6815300
ABBV,2023-05-04,131.401123046875,132.86351284535098,130.50050950236002,132.86351284535098,5694300
ABBV,2023-05-05,131.99853515625,133.20233728815262,131.20492158675518,132.45329789620277,4447700
ABBV,2023-05-08,131.48133850097656,132.15011439732567,130.84823827194978,132.10552661631297,3689500
ABBV,2023-05-09,130.9285125732422,132.3819901468468,130.42916198768754,131.44570099579036,4201600
ABBV,2023-05-10,130.5629119873047,131.0622625737691,129.43044744610523,130.65208756615175,4127300
ABBV,2023-05-11,130.7145233154297,131.58840060666373,129.46614662264602,131.33871166182152,4300400
ABBV,2023-05-12,131.2138214111328,131.61509782170316,130.25079612334807,130.89280844644455,3526500
ABBV,2023-05-15,130.7145233154297,132.7743516616655,129.88524742799885,131.67756259541372,4391800
ABBV,2023-05-16,127.77188110351562,131.0265992113116,127.71838119924922,130.0635601156677,4685400
ABBV,2023-05-17,127.82540130615234,127.97698891160422,125.30188470797034,127.53113821099858,5482000
ABBV,2023-05-18,127.9056396484375,128.0126394529364,126.60374973314362,127.16552591932772,4791200
ABBV,2023-05-19,129.39479064941406,130.01006679218722,128.22666399286032,128.28016389983475,5610300
ABBV,2023-05-22,129.20750427246094,130.77690716335425,128.20880323736966,129.7157805104292,3867300
ABBV,2023-05-23,127.08524322509766,129.13615845445952,126.9247299535461,128.80621979871196,5121900
ABBV,2023-05-24,125.86363983154297,127.45979286403023,125.67639016797558,127.14769194970755,4143500
ABBV,2023-05-25,123.6076431274414,125.01653296550992,123.28663008071335,124.86494536098327,6986600
ABBV,2023-05-26,122.66243743896484,124.70444118177915,122.2522624310964,123.69681428657894,7590300
ABBV,2023-05-30,121.66371154785156,122.02038657842901,120.60258496340529,120.81659814551992,7671500
ABBV,2023-05-31,123.01911163330078,123.68788757730559,121.06628369980173,121.824221605905,12579100
ABBV,2023-06-01,118.98863983154297,120.61152934299041,116.90206177127459,120.61152934299041,11895600
ABBV,2023-06-02,122.04714965820312,122.13632522858329,119.04212070307936,119.22938395836502,6661600
ABBV,2023-06-05,122.03823852539062,123.33120266861367,121.52996226144207,122.16307616115806,4276200
ABBV,2023-06-06,120.76311492919922,122.64460544082155,120.04976468915658,122.58219341764547,4359900
ABBV,2023-06-07,121.71721649169922,122.21656699773716,119.71980086126665,120.29048909763584,4645200
ABBV,2023-06-08,122.73377990722656,122.95670525678243,121.27139015839141,122.16309155661489,4714200
ABBV,2023-06-09,123.21529388427734,124.1159210133399,122.23443050037912,122.66244336596591,4359500
ABBV,2023-06-12,122.81403350830078,124.54393645055008,122.08284541475402,124.46368658777371,4888500
ABBV,2023-06-13,123.33122253417969,123.47389802840443,122.34143340320708,122.61785866934001,4229100
ABBV,2023-06-14,121.47645568847656,124.18723506806616,121.34270594545912,123.77704651234419,6128300
ABBV,2023-06-15,121.17330169677734,122.02041529849495,120.78987662897346,121.94016543866857,6614900
ABBV,2023-06-16,123.6254653930664,123.87514066392947,121.70831307616457,121.89556272617098,14616000
ABBV,2023-06-20,122.89430236816406,123.90191577077357,121.8599254038378,122.25227622522256,4868800
ABBV,2023-06-21,122.03823852539062,122.54650118305736,120.09432264697573,121.94015083969609,5828400
ABBV,2023-06-22,122.5286865234375,122.96561147960672,121.17329665333295,122.29683546298895,4826900
ABBV,2023-06-23,121.2000503540039,123.67006699486477,120.97712500823663,122.43060261664999,7395600
ABBV,2023-06-26,120.3350830078125,121.40512180471019,119.21154431201214,121.40512180471019,6468100
ABBV,2023-06-27,118.2396011352539,120.27267906771246,118.16826339650137,120.27267906771246,7839900
ABBV,2023-06-28,118.15933990478516,118.74786605588663,116.7772137100081,118.23960336632277,6911900
ABBV,2023-06-29,118.80134582519531,119.40770971012687,117.82048267921012,118.03448225695506,4947600
ABBV,2023-06-30,120.138916015625,121.20895488711297,118.41793898497659,119.015377241505,8711300
ABBV,2023-07-03,120.38860321044922,120.76311617221157,118.73003803333954,119.48798967904101,2674600
ABBV,2023-07-05,122.71593475341797,122.94778581115503,120.05866855489246,120.54018129446152,6903300
ABBV,2023-07-06,122.38599395751953,123.30444513696784,121.66371813739815,122.5910814308955,6091000
ABBV,2023-07-07,120.82552337646484,122.74267568494403,120.69177362704788,122.29682504517848,6873200
ABBV,2023-07-10,119.92491912841797,121.35163312070638,119.54148047371032,120.74528273539742,5153300
ABBV,2023-07-11,120.88794708251953,121.05735889367078,119.20261862886618,119.4879695648122,5144800
ABBV,2023-07-12,120.3618392944336,121.80640467227072,120.19241386813376,121.110878737353,4944100
ABBV,2023-07-13,120.44297790527344,120.9027959801035,119.64056619959447,119.84792731262444,4631800
ABBV,2023-07-14,122.62480163574219,123.1747700708801,120.92080332967898,121.4707717648169,5544100
ABBV,2023-07-17,121.56095886230469,122.8231749725682,121.3175265563525,122.45353481271347,4033000
ABBV,2023-07-18,123.13872528076172,124.32881268842475,121.45276238777133,121.53390189706417,5392800
ABBV,2023-07-19,124.13044738769531,124.47305472806687,123.47229296387924,123.73376080483257,4784200
ABBV,2023-07-20,128.19662475585938,128.6744646423773,124.9148494702966,125.17630357990889,7009800
ABBV,2023-07-21,129.59408569335938,129.99077231134328,127.9712267757082,128.20563438048808,5654300
ABBV,2023-07-24,129.0891876220703,130.21617108890828,128.78265142079977,129.0170727864604,4468700
ABBV,2023-07-25,127.69173431396484,128.8637860695834,127.41224462586744,128.38594619823198,4778200
ABBV,2023-07-26,127.93516540527344,128.27777280223282,126.6909849373321,127.51141849549414,5006800
ABBV,2023-07-27,134.20120239257812,136.47319125239494,130.26125867153957,130.26125867153957,13664400
ABBV,2023-07-28,136.00436401367188,136.8247974843107,133.93972269357639,135.1658811992787,8000300
ABBV,2023-07-31,134.85934448242188,135.68880262167986,133.09222844165714,135.6256849472746,9109200
ABBV,2023-08-01,133.92169189453125,136.02239070586836,133.2905839110468,135.23801462333213,4409600
ABBV,2023-08-02,134.67901611328125,135.75190641146224,133.53399723335227,133.53399723335227,5756400
ABBV,2023-08-03,134.3815460205078,134.6610357912792,133.5971559702975,134.30040649166307,4674300
ABBV,2023-08-04,133.19139099121094,135.75190751414226,132.6774937581226,134.30936338170548,4231200
ABBV,2023-08-07,135.5355682373047,136.03144381266736,133.25455434776148,133.43486898685924,3800600
ABBV,2023-08-08,134.89541625976562,136.81580059795039,134.26430823413216,135.94126027774288,4013400
ABBV,2023-08-09,135.93223571777344,137.09527655133385,135.15687057635924,135.6797925328592,3737100
ABBV,2023-08-10,136.5363311767578,137.79854741562633,135.7519549252556,136.31994535418383,3275800
ABBV,2023-08-11,137.20347595214844,138.39357716046536,136.78875371806694,136.9961148351077,3454800
ABBV,2023-08-14,137.28463745117188,138.06901363095884,136.65352938943963,137.96082760812584,2570900
ABBV,2023-08-15,137.14939880371094,137.85263550553822,135.950286541076,136.65353700002802,3636300
ABBV,2023-08-16,136.63548278808594,138.4837384862288,136.48221468238356,137.5731270103602,3214900
ABBV,2023-08-17,135.25607299804688,136.9600717190993,135.1659088035919,136.28388153206063,5285700
ABBV,2023-08-18,135.36422729492188,136.07647473850963,134.54378009192635,135.49945979777988,4050900
ABBV,2023-08-21,135.3822784423828,135.55358213710753,134.22824842827455,134.97656713005338,3944800
ABBV,2023-08-22,133.65121459960938,135.238002206266,133.40778234364421,135.238002206266,3209300
ABBV,2023-08-23,132.60540771484375,134.33645297480504,131.57759916183159,134.03892763615352,5414800
ABBV,2023-08-24,132.1996612548828,133.27255162116302,131.9472180813017,132.46111534283423,3986300
ABBV,2023-08-25,132.25375366210938,133.13730476567994,131.81197123176355,132.5512789204499,3275100
ABBV,2023-08-28,132.92091369628906,133.49794236125283,132.32587696050618,132.6143775358675,2806900
ABBV,2023-08-29,133.06520080566406,134.2553020592747,132.0824744341097,133.42584380242047,3419100
ABBV,2023-08-30,133.72337341308594,134.15613126597685,132.44310792986334,133.54304503035095,3486400
ABBV,2023-08-31,132.4971923828125,134.07496916613408,132.41603912140056,133.7864548080511,4110700
ABBV,2023-09-01,133.61517333984375,134.23727049039638,132.8578436596597,132.8578436596597,3357800
ABBV,2023-09-05,131.7218475341797,134.3003865390136,131.5054617322823,133.88565052465793,3911100
ABBV,2023-09-06,131.2800750732422,131.73987946074112,129.5941118952878,131.72185762704507,5304300
ABBV,2023-09-07,134.2552947998047,134.33643431076612,131.51446320115323,131.76690640667076,5142100
ABBV,2023-09-08,134.35447692871094,135.0216423965768,133.61516910449635,134.33644133962375,4339800
ABBV,2023-09-11,134.37249755859375,134.706094046666,133.8135181160043,134.21021852963173,2911600
ABBV,2023-09-12,134.57986450195312,134.87738979462796,133.09223803857898,134.78722561243944,2424800
ABBV,2023-09-13,136.2838592529297,137.40181804151453,134.38151062076417,134.71509332289065,5953700
ABBV,2023-09-14,138.51979064941406,139.46645950836054,136.8608742960372,137.05019981355312,6336900
ABBV,2023-09-15,137.14939880371094,139.4754947240338,136.97809508660242,137.7444494766801,8868300
ABBV,2023-09-18,138.79025268554688,138.81729918478578,137.1313365323298,138.0148876074162,2967600
ABBV,2023-09-19,138.3845672607422,139.4213866106807,136.680568705141,138.74519648929734,3509700
ABBV,2023-09-20,138.4927520751953,139.6377711894555,138.2763662856674,138.89846339307744,2744800
ABBV,2023-09-21,138.33045959472656,139.61072498914825,137.63624764641995,138.55585630038735,3660300
ABBV,2023-09-22,137.70840454101562,138.75423501477758,137.51005429870494,138.75423501477758,3049200
ABBV,2023-09-25,139.430419921875,139.5115732048896,136.73468367619327,137.4379204148168,3740000
ABBV,2023-09-26,138.7632293701172,139.38532647079037,138.24030736892993,139.20499810290838,3936300
ABBV,2023-09-27,138.05999755859375,138.84437370908637,136.68958170635366,138.70011651261404,3621300
ABBV,2023-09-28,137.26661682128906,138.69112589137328,136.47321588171675,138.51982216513602,3697400
ABBV,2023-09-29,134.39051818847656,137.51902529838463,134.1831570888431,137.45592137985358,5581600
ABBV,2023-10-02,133.6602325439453,134.21020099879547,132.2808059494578,133.85858272485007,3827800
ABBV,2023-10-03,132.92091369628906,133.42581377813235,131.04562556363913,133.2815566118914,4580900
ABBV,2023-10-04,133.15536499023438,133.50698331385928,131.9111707264276,132.14559211359332,3159600
ABBV,2023-10-05,132.93894958496094,134.81425147901433,132.61437783873782,133.37170732755152,3599500
ABBV,2023-10-06,133.65121459960938,134.6339407805992,131.73984148025187,132.07343790720293,5370100
ABBV,2023-10-09,134.4356231689453,135.01263823448718,132.67753146589772,133.6782934748824,2903300
ABBV,2023-10-10,134.2372589111328,134.8413204199204,133.47090462366276,134.688052313851,3729000
ABBV,2023-10-11,134.64297485351562,135.59865469901135,134.1290775104441,134.45364932185052,3189800
ABBV,2023-10-12,135.04367065429688,135.31685684771,133.86897419106847,134.8888683868224,4554400
ABBV,2023-10-13,134.73403930664062,136.28207556814593,134.1694509139887,135.6355355022269,4304700
ABBV,2023-10-16,134.0692596435547,136.13635059667638,133.78697244408423,134.97076957606316,3704400
ABBV,2023-10-17,135.844970703125,136.2820740787542,133.99643109835176,134.16034833791872,5372400
ABBV,2023-10-18,135.93605041503906,136.23655380404048,135.08007359088208,135.92694930439978,4910500
ABBV,2023-10-19,132.5121307373047,135.27128124986447,130.51789021153277,135.27128124986447,6147100
ABBV,2023-10-20,133.15866088867188,134.32424201682755,132.29358309907832,132.29358309907832,4223800
ABBV,2023-10-23,131.7927703857422,133.33170571557457,131.31014750529872,133.09495177822566,3903300
ABBV,2023-10-24,133.2315216064453,133.83252832940315,132.12968984251341,132.17520928636625,3362900
ABBV,2023-10-25,132.2753448486328,133.76874628757534,131.87468769242642,133.04936973310078,5461500
ABBV,2023-10-26,132.22073364257812,132.90369199186296,131.3374397325839,131.91112919232657,5569400
ABBV,2023-10-27,126.51121520996094,130.21740969384012,123.87044812375015,126.36552796897195,9427200
ABBV,2023-10-30,129.20664978027344,132.68519196521632,128.09570277109052,128.09570277109052,9258500
ABBV,2023-10-31,128.5601043701172,129.50714795998348,127.19418733824688,129.38876403754355,10394000
ABBV,2023-11-01,129.7347869873047,130.86394994891313,129.07914577021916,129.17931356435236,4207800
ABBV,2023-11-02,130.45416259765625,130.9185832275765,127.94998166159992,128.67847344014493,4066800
ABBV,2023-11-03,128.77862548828125,131.08247055618781,128.2960026966533,131.08247055618781,5414500
ABBV,2023-11-06,128.57830810546875,129.64372162034743,128.3779725151676,129.20663210279278,4377000
ABBV,2023-11-07,129.4524688720703,129.47067108861143,128.0046006522107,128.8696783618539,5024400
ABBV,2023-11-08,129.3341064453125,131.02784381766415,129.23393865843272,130.61807156036477,5299100
ABBV,2023-11-09,125.70077514648438,128.94256297929638,123.70654811225646,128.39619065263162,14970300
ABBV,2023-11-10,126.20160675048828,126.90278128658099,124.20736593804806,126.2562412009949,4586400
ABBV,2023-11-13,126.24714660644531,126.7206683599823,125.14530085000499,126.20161326373159,4454700
ABBV,2023-11-14,125.718994140625,127.57664897795043,125.62794134731347,126.51122152708174,4509200
ABBV,2023-11-15,125.30010986328125,125.8920016003985,124.11631249422217,125.8920016003985,6473200
ABBV,2023-11-16,125.91932678222656,126.41106465490141,124.799278797529,125.91932678222656,5257000
ABBV,2023-11-17,125.93753051757812,126.46568667583479,125.09976988908194,125.99216496587638,4332300
ABBV,2023-11-20,125.94664001464844,126.29267673668018,124.88122651740991,125.23636434982275,4490000
ABBV,2023-11-21,126.3290786743164,126.90276813483028,125.5095342120022,126.3290786743164,4690800
ABBV,2023-11-22,126.09234619140625,127.33987920992344,125.96486116684848,126.6296035166979,3428500
ABBV,2023-11-24,126.27447509765625,127.55844044466458,126.08325449395596,127.48558986878894,1636500
ABBV,2023-11-27,126.65689086914062,126.92097586153689,125.47309369471232,126.30175310629436,5529400
ABBV,2023-11-28,125.73721313476562,127.17598069234226,125.5915119883418,126.62050722957423,5347200
ABBV,2023-11-29,126.11965942382812,126.65691673210301,125.34563429542693,125.6825699098778,3996500
ABBV,2023-11-30,129.6619415283203,129.94422880613897,125.67345961636464,125.67345961636464,9297400
ABBV,2023-12-01,130.5907745361328,131.21909857876634,129.56177928400393,129.79853322833017,4903400
ABBV,2023-12-04,131.26458740234375,132.48481686332332,130.46325906514846,130.59074406616747,4845300
ABBV,2023-12-05,131.64707946777344,132.11148621860792,129.90780858757248,131.2281921650954,3961700
ABBV,2023-12-06,133.2952880859375,133.9236121133952,131.79277108661998,131.84740554208136,4978800
ABBV,2023-12-07,134.74314880371094,135.11650275382186,132.22075173138532,134.44264542153567,7225100
ABBV,2023-12-08,135.93605041503906,136.65544110547967,134.77046909124138,134.83421855019262,5695200
ABBV,2023-12-11,137.7208251953125,139.0594245989108,137.1744529875825,137.20177020848678,6343500
ABBV,2023-12-12,139.54208374023438,139.86078936547875,136.74650031708984,138.16705175374167,5882200
ABBV,2023-12-13,140.50732421875,140.93531263478644,139.07765783011214,139.30531065162833,8104500
ABBV,2023-12-14,141.0354766845703,141.29044672630755,139.10497136092755,140.56195493784753,7869600
ABBV,2023-12-15,140.27053833007812,141.9551745503098,139.42367661259834,140.9079772641055,15203000
ABBV,2023-12-18,139.70596313476562,140.55283874272283,138.18524415803302,139.32350811320626,5379600
ABBV,2023-12-19,139.86988830566406,140.67121672709231,138.822677070593,139.86077330081835,5476700
ABBV,2023-12-20,138.130615234375,140.425359350308,137.99401521739819,140.22502377460142,4716400
ABBV,2023-12-21,138.95018005371094,139.2415823499679,137.76638254111302,138.45845604731014,4036100
ABBV,2023-12-22,141.09010314941406,141.5636248693288,139.40546685240113,139.5875863154993,3373400
ABBV,2023-12-26,140.79869079589844,141.39969748636605,140.35250022752797,140.46176911858632,2073400
ABBV,2023-12-27,141.0354766845703,141.11742836338047,139.97916428604458,140.27966766984028,3747400
ABBV,2023-12-28,140.91709899902344,141.7184413912103,140.72586451186038,141.37240465007037,2601200
ABBV,2023-12-29,141.117431640625,141.3359833506861,140.60749154530794,140.72586156361874,3712000
ABBV,2024-01-02,145.53387451171875,145.8252628420954,140.93528561960733,141.05365561562465,8059900
ABBV,2024-01-03,146.11666870117188,147.29135095051714,145.55208034951235,146.235038700133,5301400
ABBV,2024-01-04,147.0272979736328,147.78309308078198,145.17874435999863,145.9800867032627,8332200
ABBV,2024-01-05,147.64649963378906,148.45694304721238,146.2532656072841,146.90890678385398,5607600
ABBV,2024-01-08,146.99996948242188,148.22019913462552,145.497466456751,147.6829279295132,6001600
ABBV,2024-01-09,147.80130004882812,148.85761236415098,146.46270048773297,146.9999577551592,4454000
ABBV,2024-01-10,150.1506805419922,150.32369889354408,147.40974582610883,147.76488363909587,6609900
ABBV,2024-01-11,149.13990783691406,150.36012356425763,148.51158385788383,149.56789623147597,4591500
ABBV,2024-01-12,149.2962188720703,150.12360784302197,149.09396916989883,149.61798358759324,4971400
ABBV,2024-01-16,148.450439453125,149.20428172991356,148.0275639548729,148.9100952723622,4747700
ABBV,2024-01-17,148.96524047851562,149.80181737298068,148.48720856246243,148.6986462956237,4423100
ABBV,2024-01-18,150.1235809326172,150.45453365615617,148.0091615337615,148.15625475035245,5074300
ABBV,2024-01-19,151.47496032714844,151.56688306093068,149.48005604828805,150.68435187320364,5863000
ABBV,2024-01-22,152.044921875,152.10007831821144,150.54643970571712,151.1715787931328,4864000
ABBV,2024-01-23,153.98468017578125,154.01225839927793,150.82224629074335,151.18077722378075,5784700
ABBV,2024-01-24,150.9693603515625,154.39838887984655,150.82226712087802,154.23291951601345,5422200
ABBV,2024-01-25,151.8059539794922,151.87950060290555,150.03167500515704,150.76712721170657,4465800
ABBV,2024-01-26,151.13479614257812,152.47699702615026,150.30742145203905,151.9346066395173,4654300
ABBV,2024-01-29,150.68435668945312,153.3043861410645,150.47290493707683,152.4678233072801,4704100
ABBV,2024-01-30,151.61285400390625,151.6680104506238,150.08679351601128,150.96933874623383,3819600
ABBV,2024-01-31,151.13479614257812,152.47699702615026,150.7211087973086,152.3758722059662,4993900
ABBV,2024-02-01,154.06739807128906,154.15013273277089,149.54438755175528,150.49127719559132,5584400
ABBV,2024-02-02,155.06027221679688,158.90300166032029,151.89783834722024,155.74975585600407,7870400
ABBV,2024-02-05,157.4412841796875,159.16040624243718,154.85802108055708,156.13586351857313,6486700
ABBV,2024-02-06,159.30747985839844,159.92343089295937,156.07151355553523,157.79980959550673,7037400
ABBV,2024-02-07,160.8887176513672,161.39434183558026,159.3350928345405,159.9694060537368,6409100
ABBV,2024-02-08,160.68646240234375,161.71610089472003,160.23600871278657,160.2819770965895,5709100
ABBV,2024-02-09,160.0337371826172,161.24722098925872,159.08684752148088,160.94386055828284,3502700
ABBV,2024-02-12,159.10528564453125,160.6589106635803,158.33305314104456,159.53734924628043,3477100
ABBV,2024-02-13,159.30747985839844,161.06336814808483,158.09399600171972,160.3830866319822,5480400
ABBV,2024-02-14,160.34629821777344,160.75079749209368,158.74669127684686,159.09603410968327,4348500
ABBV,2024-02-15,162.3412322998047,162.4791374565427,159.78554717050966,159.97860877891017,5276200
ABBV,2024-02-16,163.1686248779297,164.48323376446626,161.86320405768575,162.61703229356425,6689900
ABBV,2024-02-20,161.56903076171875,164.26260730092167,161.3575929991138,161.6425773807951,5484100
ABBV,2024-02-21,161.00820922851562,162.3779883596738,159.50053898880248,162.06541180098301,3818500
ABBV,2024-02-22,162.48829650878906,163.03068689006358,159.16958165972702,160.6772518554805,4852300
ABBV,2024-02-23,163.72019958496094,164.47404183069554,162.72734137299872,162.95716927314973,3941800
ABBV,2024-02-26,164.38209533691406,165.28301672449646,163.63745522888098,164.40967356109448,4327400
ABBV,2024-02-27,164.5475616455078,165.04398365685577,162.69973665155928,164.3453120041047,3888500
ABBV,2024-02-28,163.63746643066406,165.37496481087513,162.61702998339203,165.33819851864473,4331300
ABBV,2024-02-29,161.84478759765625,163.65583232134244,161.23803865896772,163.51792718386966,7485700
ABBV,2024-03-01,164.47402954101562,164.73143564774455,161.56900173355396,161.84479799864374,4028700
ABBV,2024-03-04,162.7641143798828,165.45769051539784,162.05624055149778,163.95922221249126,4723600
ABBV,2024-03-05,164.70384216308594,165.09913935194248,163.44437594230936,163.44437594230936,5309800
ABBV,2024-03-06,166.45054626464844,167.4617945762219,163.72939194409233,164.00517418581148,6047100
ABBV,2024-03-07,166.0000762939453,167.70079407049334,165.05317258917282,167.48935636339831,6125200
ABBV,2024-03-08,164.4188690185547,167.44339771145005,164.26257371773218,165.2370557005753,6195600
ABBV,2024-03-11,165.1359100341797,166.63437806620465,163.85806775885214,164.01434901237238,5134800
ABBV,2024-03-12,166.32183837890625,168.13288319402983,165.19108913795466,165.21866736132563,5391100
ABBV,2024-03-13,165.34738159179688,167.7835516714756,164.94288225156762,167.77436360559093,5987900
ABBV,2024-03-14,166.57925415039062,167.35147250475873,164.2442089281114,165.6231762870179,6999400
ABBV,2024-03-15,163.52713012695312,166.0092683109972,163.21455356360335,165.32897276763345,20957800
ABBV,2024-03-18,164.08792114257812,165.36576361676416,163.24215621260285,164.5659530415332,8569000
ABBV,2024-03-19,165.1634979248047,165.4117019156227,163.81210897558879,163.81210897558879,7625600
ABBV,2024-03-20,162.04705810546875,164.76821255992334,161.55062199078444,164.7590244939409,7326600
ABBV,2024-03-21,163.1778106689453,163.3984505051314,161.68853035053945,162.54348341404446,5743600
ABBV,2024-03-22,164.05113220214844,164.5475682610348,162.51588370074077,162.92957106475933,4084400
ABBV,2024-03-25,164.12466430664062,164.74060126578524,163.75694535501302,164.55674178997143,4366400
ABBV,2024-03-26,164.73143005371094,165.2646324074229,163.98678998256193,164.76819634160339,4392400
ABBV,2024-03-27,165.79783630371094,166.0092740231152,164.38208872402566,165.29221216810905,5073500
ABBV,2024-03-28,167.40664672851562,167.59050624163464,165.75188305528116,166.39539836498855,5418700
ABBV,2024-04-01,166.17474365234375,167.222758213616,164.77740025570102,167.2043820832568,3502100
ABBV,2024-04-02,166.11038208007812,166.4229445950471,164.10627589790846,164.91527443319666,4523800
ABBV,2024-04-03,163.02151489257812,166.94697904363335,162.35042140507053,166.13798041042048,5893000
ABBV,2024-04-04,154.35238647460938,163.36164146856652,153.9386991286152,163.31567309066062,10539000
ABBV,2024-04-05,156.28294372558594,157.2390214444782,153.7916035681785,154.4443208582261,7030100
ABBV,2024-04-08,156.0990753173828,158.0939793310743,154.8120309672868,155.55668496914888,4745000
ABBV,2024-04-09,156.4116668701172,156.78858797299384,153.8927481681277,156.03474576724054,5933200
ABBV,2024-04-10,155.39122009277344,156.24618707314676,153.8559715871875,154.9867207926037,3231700
ABBV,2024-04-11,154.00306701660156,155.7037848817775,153.73645882510255,155.54750360946926,3307000
ABBV,2024-04-12,150.57913208007812,152.59266697872906,148.4635279396253,152.59266697872906,7029400
ABBV,2024-04-15,150.01309204101562,152.824618551258,149.85535126502978,152.65760390324357,5433700
ABBV,2024-04-16,150.8203582763672,151.93384590080595,150.39353362443785,150.48631482075223,4881300
ABBV,2024-04-17,152.4070587158203,152.86173327270146,151.46059995756556,152.3142633667156,4792200
ABBV,2024-04-18,152.78750610351562,155.36705833850277,152.57407962352113,153.06587800368624,4480100
ABBV,2024-04-19,154.41136169433594,154.58766441086226,151.47920342447526,153.12158527593195,5532400
ABBV,2024-04-22,155.7846221923828,157.36204421437873,154.88456099610704,155.58975759832362,5580700
ABBV,2024-04-23,157.31565856933594,158.08581481468718,156.09084183403675,156.43415920948075,4084100
ABBV,2024-04-24,155.70111083984375,156.91665357739433,154.7175423394924,156.36919777566425,4074700
ABBV,2024-04-25,155.22787475585938,157.08366865849115,153.63190502549318,155.57120625568328,5503700
ABBV,2024-04-26,148.11090087890625,155.38562344504086,146.28294282567694,155.04229195903125,10721700
ABBV,2024-04-29,149.87391662597656,149.90175240128795,147.1273354737242,148.08306818230437,6219000
ABBV,2024-04-30,150.9131622314453,151.29360338618955,148.17586900897206,149.641947916687,5484800
ABBV,2024-05-01,150.0594940185547,151.88745211998466,149.5213120952246,150.4028113550338,5176400
ABBV,2024-05-02,149.215087890625,150.72756426363404,146.7190431371004,150.47702815358016,5904300
ABBV,2024-05-03,151.98023986816406,152.40707870802146,149.15016541080337,149.53988044271617,5849900
ABBV,2024-05-06,150.99667358398438,152.75968636440476,149.39141575180037,152.5555478934236,5834600
ABBV,2024-05-07,150.82965087890625,152.1658247418678,150.21723549861827,151.58124513717618,5301700
ABBV,2024-05-08,148.88107299804688,151.15441784961394,148.3428910311372,150.44922121637964,5906700
ABBV,2024-05-09,148.83465576171875,149.6883333616155,148.4820645707175,149.21509688536662,3570000
ABBV,2024-05-10,149.159423828125,149.7996749422784,148.7882707386421,149.1223141826098,3509500
ABBV,2024-05-13,149.65122985839844,150.84822493985044,149.20584325437636,149.65122985839844,3505900
ABBV,2024-05-14,149.93887329101562,150.551288710951,148.20371042645007,149.99454484581256,4025000
ABBV,2024-05-15,151.98023986816406,152.56481949532537,150.19867936859814,150.60695630448322,5261300
ABBV,2024-05-16,152.4998779296875,153.0380457312491,150.48632897595738,151.6647621328049,4642000
ABBV,2024-05-17,154.42062377929688,154.48558336825207,152.6297892872723,153.46489096027912,5152200
ABBV,2024-05-20,152.69471740722656,154.42060627322374,152.55553853036534,154.0401651316916,3058700
ABBV,2024-05-21,151.18223571777344,153.76180213585442,150.78324684531805,153.44630642808568,3645200
ABBV,2024-05-22,148.10162353515625,150.26362499308183,147.70262050903426,149.92030767370332,6904900
ABBV,2024-05-23,146.84896850585938,148.5006239699959,146.38502002360565,147.56345313293363,5672900
ABBV,2024-05-24,145.73550415039062,147.33148816245546,145.08597906608168,146.94177311187008,3691700
ABBV,2024-05-28,144.13954162597656,145.07672682030528,142.84976513822315,145.07672682030528,5533500
ABBV,2024-05-29,143.62916564941406,145.10453259113777,142.59919944713877,143.7219610097785,4254500
ABBV,2024-05-30,145.03958129882812,145.15092441076345,142.50642639220465,143.4992688436596,4311100
ABBV,2024-05-31,149.61407470703125,149.98522773774425,144.93746723199624,145.35501793119352,15664400
ABBV,2024-06-03,148.63983154296875,151.4235227086644,147.37789098150998,148.46352883710102,4467800
ABBV,2024-06-04,150.44920349121094,151.07089271803864,148.2500923588491,148.6398073596105,4215500
ABBV,2024-06-05,153.51126098632812,154.01231906814095,150.46776037454705,151.15439499930602,5100500
ABBV,2024-06-06,156.41558837890625,156.7032341546474,152.4998622994357,153.55766420686814,5186700
ABBV,2024-06-07,157.2042999267578,158.0579634236652,155.6918233640783,156.8145849059034,3781700
ABBV,2024-06-10,158.16934204101562,158.43842596367986,155.59906317225207,156.81460607825414,4247500
ABBV,2024-06-11,155.6083221435547,158.3363415551852,155.34851211945505,157.97446229600467,3790200
ABBV,2024-06-12,154.1143798828125,156.3877242666909,153.13081151613235,155.7753231242366,4725600
ABBV,2024-06-13,154.55050659179688,154.86598814217254,153.10298968199496,154.03088658915857,3690800
ABBV,2024-06-14,156.4341278076172,157.03726926014068,154.0308783447558,154.4669910004667,4377600
ABBV,2024-06-17,157.445556640625,158.11364361533472,155.29284295657055,156.25784960971538,4076000
ABBV,2024-06-18,159.0044403076172,160.53546478875057,157.62186859512903,158.15077671391884,4250900
ABBV,2024-06-20,159.7189178466797,160.34988102124876,157.76105457716648,158.83740435487755,5847500
ABBV,2024-06-21,158.1043701171875,160.46122228013382,157.36204968146313,160.24780993338538,12228100
ABBV,2024-06-24,160.28492736816406,160.90661663776672,158.3920096244155,158.79101268316592,6249900
ABBV,2024-06-25,158.4384307861328,160.90664048516635,158.31779963165346,159.6910975421663,4844600
ABBV,2024-06-26,158.8095703125,159.92305807039997,157.88167328664002,158.01157830391702,5576100
ABBV,2024-06-27,156.80531311035156,159.19000094638528,155.6547157774104,158.93946480159485,5382000
ABBV,2024-06-28,159.15289306640625,159.43126499053565,156.8609864061895,157.73321182778898,24463400
ABBV,2024-07-01,158.08580017089844,161.34272755429612,157.31564399688824,158.92091592807546,5194500
ABBV,2024-07-02,153.9937744140625,156.47125741647895,153.52053793768638,156.47125741647895,5965500
ABBV,2024-07-03,152.02662658691406,155.05157957999313,151.72970693768795,154.11439463785518,3527600
ABBV,2024-07-05,155.19076538085938,155.24643693266296,151.83178294192783,152.84318722258303,5978300
ABBV,2024-07-08,154.51339721679688,155.62687067563314,153.67828150373225,154.53194496079286,3500200
ABBV,2024-07-09,155.93309020996094,156.37847679564098,152.97309658048988,154.97735745392652,4224600
ABBV,2024-07-10,156.01658630371094,156.30423208121687,154.13295670399478,155.37633516870315,3887800
ABBV,2024-07-11,157.6589813232422,158.06725826513315,155.2835672888778,155.44130807850215,3689500
ABBV,2024-07-12,158.0022735595703,159.2549399631638,157.64966822788992,158.3270431186004,4133500
ABBV,2024-07-15,157.34681701660156,159.5380386929238,156.77559964402352,158.17087205603227,2395100
ABBV,2024-07-16,158.44241333007812,159.05109548791333,156.62575449895132,157.88056936359442,3829500
ABBV,2024-07-17,164.12649536132812,164.5666143280033,158.73270182544474,158.73270182544474,6983200
ABBV,2024-07-18,160.2590789794922,165.44684469618363,159.86578389962602,163.3586300023765,5957800
ABBV,2024-07-19,161.3640594482422,162.79678230968963,160.33399072298292,162.62821911435208,4293600
ABBV,2024-07-22,162.572021484375,163.620808245585,161.06438337081158,162.30046572965026,4066900
ABBV,2024-07-23,162.1412811279297,163.48972957671532,161.78545088463605,162.30048526280413,2933800
ABBV,2024-07-24,165.0067138671875,165.37191740412734,161.9539729438289,162.18807814157614,6117700
ABBV,2024-07-25,170.58778381347656,174.27728423316617,160.87710421212412,165.74648975394544,9442200
ABBV,2024-07-26,173.38771057128906,174.97026429984726,170.53162374951097,171.78642442247246,6948800
ABBV,2024-07-29,170.3724365234375,174.29604274198437,169.05207950355722,172.33891202135996,5458500
ABBV,2024-07-30,174.9047088623047,175.77558780062108,170.99047603875718,171.91752366083415,6032200
ABBV,2024-07-31,173.5375213623047,175.57891198712372,171.78640463047216,174.539484256614,6473900
ABBV,2024-08-01,177.6483917236328,178.82827675762377,174.89531235567347,175.8317331317877,6595500
ABBV,2024-08-02,177.2550811767578,181.58135484825243,174.60502297300582,178.83763456344192,6303900
ABBV,2024-08-05,172.63856506347656,177.25511343895175,171.40248256417107,175.53210233869223,6459300
ABBV,2024-08-06,173.90272521972656,175.87857381748563,171.4399337710839,173.6405142318289,4273200
ABBV,2024-08-07,175.58828735351562,177.53604464596094,174.15556444177818,175.95349095280852,6351000
ABBV,2024-08-08,178.29452514648438,178.5848276141128,175.0357845706275,175.0357845706275,5744600
ABBV,2024-08-09,177.85443115234375,178.8657675326574,176.14079332062792,178.65039470653005,3206500
ABBV,2024-08-12,178.08851623535156,178.45373409593216,175.7661964520062,177.99488272046952,4808300
ABBV,2024-08-13,179.07176208496094,179.73662720123434,177.33939201850842,178.4443618057826,3477300
ABBV,2024-08-14,180.7292022705078,181.05695524396992,178.36005894860273,178.85636079620204,4153400
ABBV,2024-08-15,181.10379028320312,182.59271032374392,179.12794167878658,182.12449988941438,4719900
ABBV,2024-08-16,181.572021484375,181.899774541351,180.04566501016853,181.5533033526879,3674900
ABBV,2024-08-19,184.35317993164062,184.64346812748167,181.0569886171207,181.1037982316893,4309300
ABBV,2024-08-20,183.67897033691406,184.92441196054858,181.78741023664236,184.58729983468774,3631800
ABBV,2024-08-21,184.03477478027344,184.7932733260134,183.22945233779643,183.95050033933504,4250400
ABBV,2024-08-22,183.88497924804688,184.98059005604415,182.92984015716712,184.48428809059195,3676700
ABBV,2024-08-23,184.9899444580078,185.39259857079608,183.75386205953063,184.70901534120406,4720300
ABBV,2024-08-26,184.88693237304688,185.38323427364443,183.60404039851898,184.9992983011375,4182300
ABBV,2024-08-27,183.4635772705078,185.6922635394079,182.77062067473125,185.40197535251392,2504500
ABBV,2024-08-28,182.97662353515625,183.75385453473774,181.69373157695372,183.0890037504648,3910200
ABBV,2024-08-29,182.7706298828125,183.95052939692061,181.52520262248638,183.5385019023844,4538300
ABBV,2024-08-30,183.8287811279297,184.00670338175996,181.8248410112468,182.83617727882256,3820800
ABBV,2024-09-03,185.1210479736328,187.2373540404716,183.63214218826417,183.66959273684722,4872400
ABBV,2024-09-04,184.48428344726562,187.17182124971902,183.95053094387285,186.04810469566138,4214300
ABBV,2024-09-05,180.59814453125,184.5966659784472,179.94265272563973,184.43747613198826,5902800
ABBV,2024-09-06,181.10379028320312,182.35860510657915,180.57003781816468,181.16934660256055,4312600
ABBV,2024-09-09,183.93177795410156,184.10970019821752,181.609458293491,182.57397060655842,3606900
ABBV,2024-09-10,186.6754913330078,186.7878572561215,180.6449391226857,183.6508418751557,6333300
ABBV,2024-09-11,182.2181396484375,185.11167680249147,181.12252890919325,185.11167680249147,4909300
ABBV,2024-09-12,181.68438720703125,182.6676320107796,179.10922972936362,182.39606194785486,4165200
ABBV,2024-09-13,181.86228942871094,182.21811961559658,179.61487094079052,181.53453643402023,2718100
ABBV,2024-09-16,183.28564453125,183.6883129170961,182.09640036837536,183.36993326508153,3235700
ABBV,2024-09-17,181.15061950683594,183.61341103613722,179.62426316235607,182.41479343212836,3534100
ABBV,2024-09-18,180.6730499267578,183.1452005201912,179.58679825832448,180.85097218314849,3236800
ABBV,2024-09-19,181.309814453125,181.81548975294942,179.7553665810538,181.13189219165525,3929300
ABBV,2024-09-20,181.1693572998047,181.4971103386471,179.91455669098679,180.72923832245598,11661200
ABBV,2024-09-23,181.50645446777344,181.94657340890467,179.98008391497154,181.38471518531,3178000
ABBV,2024-09-24,181.20680236816406,182.79872932164292,179.40887596320508,180.6824089527988,4286500
ABBV,2024-09-25,179.09986877441406,182.199434173668,178.81895391559496,181.66566736461175,5589300
ABBV,2024-09-26,179.69915771484375,180.6074870941388,177.56411929242708,178.0136115940452,6215700
ABBV,2024-09-27,182.40542602539062,183.66024092654564,178.1728137245225,180.35467619837746,4891900
ABBV,2024-09-30,184.92437744140625,185.05547578317768,182.01210815259617,182.4616004289391,4550200
ABBV,2024-10-01,184.4374542236328,186.31965496087622,183.9317789703359,185.083572598282,3924600
ABBV,2024-10-02,184.3063507080078,184.47489959528005,182.0870236717233,183.22009913898353,2946900
ABBV,2024-10-03,183.02345275878906,184.52173183821066,182.3586019551738,184.3531686546678,3453800
ABBV,2024-10-04,181.93719482421875,183.20136864663215,180.7760421521953,182.69570769085544,4749700
ABBV,2024-10-07,181.30044555664062,182.68634444605166,180.57939748454936,182.0589441765977,5033800
ABBV,2024-10-08,180.7385711669922,182.60205367922137,180.0268965119503,181.98401252980096,4419000
ABBV,2024-10-09,182.36798095703125,182.49907931916425,179.74599942572138,180.58878685827625,4478900
ABBV,2024-10-10,181.99339294433594,182.43351187491206,180.99141580363988,182.17130089851435,3562500
ABBV,2024-10-11,181.84356689453125,182.82681164339206,181.27234960528054,182.60206549579158,2973000
ABBV,2024-10-14,183.2107391357422,183.8568718279946,181.34727073254024,181.89039655662708,3623900
ABBV,2024-10-15,181.09640502929688,185.2401197432394,180.4923104378366,183.8053896874896,6553500
ABBV,2024-10-16,179.7749481201172,180.32239667763017,178.1419930410931,179.7654999155992,5576000
ABBV,2024-10-17,177.99099731445312,180.8698770301124,177.88716787402674,179.8504646339494,4419000
ABBV,2024-10-18,178.26470947265625,179.04814712380823,177.60398326166998,178.36853890600776,5607900
ABBV,2024-10-21,176.07485961914062,178.7555429106591,175.46133121667503,178.12313250115955,4496500
ABBV,2024-10-22,178.17031860351562,178.4912551169309,175.78225597535368,175.867217806913,4210400
ABBV,2024-10-23,177.33969116210938,178.65170977010084,176.98100504966172,178.11368060142937,4266700
ABBV,2024-10-24,179.01039123535156,179.78439511960357,177.61342512546588,177.85883361418507,6741800
ABBV,2024-10-25,177.31138610839844,179.22749942040514,176.669527468389,179.03870814803346,4017400
ABBV,2024-10-28,179.0386962890625,179.47289602290462,176.99988606836104,177.53790083127848,5383700
ABBV,2024-10-29,178.8216094970703,180.43568264434023,177.9437906014114,179.80327223071737,6131500
ABBV,2024-10-30,190.1956024169922,190.99792213369827,177.97211620920493,180.8698779476654,10396400
ABBV,2024-10-31,192.43263244628906,195.68909463725169,190.12008340264674,190.63923059270977,8829300
ABBV,2024-11-01,192.13058471679688,193.2443782778893,190.9695933397977,192.90457416721256,4493900
ABBV,2024-11-04,189.223388671875,192.7818910881898,188.98741397800603,192.3571251170238,3531800
ABBV,2024-11-05,190.36549377441406,191.0639840372951,187.22232359832927,189.24226635557773,5109300
ABBV,2024-11-06,189.91241455078125,194.58471021041538,189.58205864918656,194.24490610411013,7194800
ABBV,2024-11-07,189.26113891601562,190.969607803629,188.04351582880744,190.62035546166817,4520200
ABBV,2024-11-08,188.30780029296875,190.56371772538097,188.28891828523152,189.87467567186644,4596900
ABBV,2024-11-11,164.6442413330078,168.55199573030634,163.01130063456128,168.55199573030634,20760300
ABBV,2024-11-12,161.4916229248047,166.72082971705817,161.4349913080169,166.13560273716547,10557000
ABBV,2024-11-13,160.7931365966797,162.95465811161807,160.13239603670505,162.03907529276754,8483500
ABBV,2024-11-14,160.11354064941406,161.99188983948605,159.13187793857392,160.46277855857295,8442500
ABBV,2024-11-15,155.73385620117188,160.1135457197044,155.47899951203215,160.1135457197044,11265400
ABBV,2024-11-18,156.9514617919922,157.3856614955381,155.55449586350747,156.3284852445024,8336900
ABBV,2024-11-19,157.22518920898438,157.72545429088046,154.6200199796021,155.99811820701797,5246000
ABBV,2024-11-20,158.34844970703125,158.49004316171178,156.35682276097504,157.5461444081828,7135600
ABBV,2024-11-21,162.09573364257812,162.78479012275028,157.55558281001024,159.13189204608824,6847700
ABBV,2024-11-22,167.02285766601562,168.82570748404288,163.7664103126823,164.55928169557652,11328600
ABBV,2024-11-25,167.12669372558594,170.08110112772252,166.83408744666835,167.08894411655646,12465000
ABBV,2024-11-26,170.97781372070312,171.45919688335186,166.75858528623306,167.15502102066463,6947500
ABBV,2024-11-27,172.80899047851562,173.90391652065912,170.74184984458591,170.9778245397331,5271500
ABBV,2024-11-29,172.66738891601562,173.24316772126195,172.2615193727322,172.86561398784707,2710700
ABBV,2024-12-02,171.57249450683594,172.4503135061561,168.8257454525544,172.05387772555153,3936600
ABBV,2024-12-03,171.31761169433594,173.21484287025808,171.29872968782524,172.05385151799234,4107600
ABBV,2024-12-04,166.56036376953125,170.32651020265473,166.04121662632798,169.99615431352578,6125500
ABBV,2024-12-05,166.28663635253906,166.80578353089533,163.79474429918045,165.16339456739135,5444200
ABBV,2024-12-06,166.3055419921875,166.82468924431583,164.38942846385766,166.1261989048383,4839600
ABBV,2024-12-09,166.66419982910156,168.13667949186203,164.59705937839894,165.73916873613575,4394500
ABBV,2024-12-10,165.814697265625,166.9945707428405,164.07792696382438,165.68255201228698,4089600
ABBV,2024-12-11,164.5876007080078,166.1261600950408,164.08733558266889,166.08841048677476,9492200
ABBV,2024-12-12,163.4738311767578,166.0412369974502,162.34115552709994,165.0973382222766,4999500
ABBV,2024-12-13,163.6437225341797,165.10676848487915,162.71870578711406,163.53045929246815,5471600
ABBV,2024-12-16,162.00135803222656,163.61541693839106,160.96306357587585,162.0391076475698,8157900
ABBV,2024-12-17,165.54095458984375,166.59811649925908,160.6610001578273,161.0102380594554,7664700
ABBV,2024-12-18,163.31336975097656,166.5981334485224,163.12459287691112,166.1544998729549,5471600
ABBV,2024-12-19,161.8975067138672,164.12510818974047,160.7836987745551,163.22839291551637,6110500
ABBV,2024-12-20,165.72976684570312,166.88132462990427,161.08578609096335,162.15238202999097,18950900
ABBV,2024-12-23,168.38206481933594,168.62747326180752,164.8330113918088,165.45597350004422,6945600
ABBV,2024-12-24,169.9017791748047,170.06224023791728,167.86295436804647,168.40098358208778,2692800
ABBV,2024-12-26,169.14666748046875,170.2321597767812,168.6086526367208,168.97677260436512,2759300
ABBV,2024-12-27,168.0233917236328,169.58083312130356,167.3437835506038,167.93844430269175,2745400
ABBV,2024-12-30,166.31495666503906,167.39100066260647,165.66366422389922,167.08896055240868,3405700
ABBV,2024-12-31,167.73080444335938,167.86294969181512,166.05066582609973,166.45654977669716,3326400
ABBV,2025-01-02,169.37319946289062,169.69412159157264,167.91958727550346,168.63695956638372,4092000
ABBV,2025-01-03,171.05332946777344,171.38369978527209,168.76909626329467,169.58084974941121,4380200
ABBV,2025-01-06,169.99615478515625,171.77067447582348,169.2032689629958,170.63799896198788,6302100
ABBV,2025-01-07,169.4581298828125,171.9500218368227,168.3820859572797,169.55252551247804,5905200
ABBV,2025-01-08,168.4859161376953,169.18440635317248,166.2960642639297,169.14664234003803,4488500
ABBV,2025-01-10,165.3427276611328,167.57976289156886,163.60595757165714,166.93791871175202,5372200
ABBV,2025-01-13,166.8246612548828,167.99508642394264,164.5592957355149,165.3332995820555,4734100
ABBV,2025-01-14,165.701416015625,166.86240735828136,164.32331760677002,166.701946311146,4779100
ABBV,2025-01-15,163.2622833251953,166.22549186154055,160.7564147110735,165.32985754902975,8048700
ABBV,2025-01-16,165.50132751464844,165.74906477506147,162.47143103465325,163.35752789777845,5236000
ABBV,2025-01-17,163.46234130859375,165.77765252353862,163.18603574675174,164.72004409963975,7852500
ABBV,2025-01-21,164.46278381347656,167.36882628354192,163.1383925944726,164.03402678576214,7548500
ABBV,2025-01-22,161.21372985839844,162.80490384497202,160.12753862343206,162.2618154967747,9465000
ABBV,2025-01-23,162.6143341064453,162.63339417254022,160.5277002954562,162.4142542974459,7116200
ABBV,2025-01-24,162.26181030273438,163.0335758214835,161.26136759604907,161.32807056116135,5584900
ABBV,2025-01-27,168.55027770996094,169.0743205042719,164.44371292480145,164.51041588888242,6985200
ABBV,2025-01-28,166.55894470214844,168.7980302356516,165.52991908708563,168.45502169729733,5603700
ABBV,2025-01-29,166.98770141601562,168.5693527030525,166.07302167456294,166.26357874248455,3748300
ABBV,2025-01-30,167.35928344726562,167.8071005281052,165.76810948413046,167.70229196581144,5209200
ABBV,2025-01-31,175.21987915039062,182.71842353733146,175.00073926500713,178.45940722581065,11926500
ABBV,2025-02-03,181.1653594970703,182.61361931268732,173.55248360457443,174.5338662685686,9830000
ABBV,2025-02-04,180.9843292236328,182.12768613985955,178.2212154645372,178.77384112407074,7377800
ABBV,2025-02-05,182.69937133789062,184.25243974658704,180.9557458668039,181.5274315925468,6449600
ABBV,2025-02-06,183.86178588867188,185.3100457131274,181.56553479000044,182.84228308357103,4586400
ABBV,2025-02-07,181.60365295410156,184.70977515815952,181.45120149242996,184.04281818656077,3805900
ABBV,2025-02-10,181.35592651367188,182.42307227046584,180.16492665813095,182.42307227046584,3685700
ABBV,2025-02-11,182.77560424804688,182.8708755136973,179.37410166958836,180.84142163861566,3977000
ABBV,2025-02-12,183.890380859375,185.19571207116306,181.40357253667682,181.50838110731056,4525000
ABBV,2025-02-13,184.31912231445312,185.10994790986692,182.39446260680236,185.10994790986692,4108900
ABBV,2025-02-14,183.7665252685547,185.96749086957362,183.6807767606491,184.79555097914283,3976900
ABBV,2025-02-18,186.98696899414062,187.72062894328718,181.67034413110537,182.9375696656051,6065500
ABBV,2025-02-19,188.03504943847656,188.75917206450228,186.75828663616062,187.50146932929977,4888700
ABBV,2025-02-20,191.3984375,191.85577735476178,187.53959522035706,188.6543692942856,5067000
ABBV,2025-02-21,192.54177856445312,194.35209230542662,190.57901337157833,190.86485620925063,5889400
ABBV,2025-02-24,194.44740295410156,195.80037705089512,191.7795603590756,192.30360320536914,6305000
ABBV,2025-02-25,194.50454711914062,196.28627806099934,192.79904190455002,195.49545249648466,7746800
ABBV,2025-02-26,193.4279022216797,194.2092051172113,191.9224766369456,193.98052790761292,4766700
ABBV,2025-02-27,195.34303283691406,197.03901543738152,192.70377313406755,193.4755387002994,5696900
ABBV,2025-02-28,199.16375732421875,199.70686023316338,194.7618265404458,195.43830631218782,13136400
ABBV,2025-03-03,201.49810791015625,202.279410764519,199.04941985932345,200.06890813726315,7016400
ABBV,2025-03-04,197.95370483398438,205.48083287526526,197.86795633100994,204.3469986518046,7554000
ABBV,2025-03-05,201.55528259277344,202.16507394161457,196.27677759235863,197.29628045448428,5752800
ABBV,2025-03-06,200.8025665283203,201.97450626216948,198.6587668856692,201.46952350943073,4346000
ABBV,2025-03-07,204.17547607421875,204.8424476086176,199.1351712001438,201.14557949093214,6806100
ABBV,2025-03-10,206.43362426757812,208.33922401629337,199.3257308078985,200.07845085024152,8604000
ABBV,2025-03-11,203.50852966308594,206.4336323706973,202.38423274572673,206.4336323706973,7144500
ABBV,2025-03-12,202.05075073242188,203.77531627872048,199.43055092618243,201.99358506282107,6139800
ABBV,2025-03-13,201.56478881835938,203.70858824307672,200.73584315457418,201.99354579558877,5559500
ABBV,2025-03-14,201.7744140625,202.7748567420954,198.45866035077978,199.87833726095388,4511600
ABBV,2025-03-17,204.34698486328125,205.3283675450745,199.63062851648002,202.20318520213777,5075400
ABBV,2025-03-18,203.75625610351562,205.0234671247845,202.25083057840916,204.34698736503094,5088200
ABBV,2025-03-19,202.2317657470703,204.37556538396507,200.83114882121336,203.92774829672797,5412900
ABBV,2025-03-20,201.95545959472656,203.34653921340532,201.14557391886152,202.95588779146706,5836100
ABBV,2025-03-21,200.09750366210938,202.8320492872633,198.88745824541007,201.73632066873176,16657700
ABBV,2025-03-24,199.29713439941406,201.05981986233735,197.70596046225006,199.50675152058022,7393800
ABBV,2025-03-25,191.8367156982422,199.38288866288644,189.96923615926474,199.34478306637683,10089100
ABBV,2025-03-26,191.79861450195312,193.53270268507256,187.21564950687136,193.53270268507256,6742900
ABBV,2025-03-27,193.15158081054688,194.0662604967959,191.79860680981537,192.4846238437879,4995300
ABBV,2025-03-28,195.6002655029297,196.29581982810723,192.0749091333794,193.16110032915591,6478100
ABBV,2025-03-31,199.63063049316406,200.8597359140849,194.78086816239724,194.78086816239724,11093700
ABBV,2025-04-01,196.53404235839844,202.13649596725335,195.8956681605601,200.583441993451,7853200
ABBV,2025-04-02,195.50498962402344,197.43917201868737,190.8839048652032,197.43917201868737,9262800
ABBV,2025-04-03,192.12255859375,200.7454000282269,191.74144447429416,200.37380867325734,7593100
ABBV,2025-04-04,178.1354522705078,190.5599549353195,177.38273230691365,190.5599549353195,13505200
ABBV,2025-04-07,177.74484252929688,179.31695671052015,167.95958247932887,172.48538246969346,12581100
ABBV,2025-04-08,167.37835693359375,179.49797284243576,164.18648598706102,178.74526731730495,12517100
ABBV,2025-04-09,171.3515167236328,172.07565389398695,156.63076236216813,160.3562131603243,18977800
ABBV,2025-04-10,165.9777374267578,169.59837990548834,157.18339853953756,169.36017993371098,13970000
ABBV,2025-04-11,166.78761291503906,168.61698684144196,161.33759673200532,165.6061358936121,9047700
ABBV,2025-04-14,170.64646911621094,171.68501752532228,167.8833406634622,169.06481778173125,7164400
ABBV,2025-04-15,170.01177978515625,173.56971561950206,169.54058801728655,170.87721848140046,8078500
ABBV,2025-04-16,165.08836364746094,170.05987514112653,163.23247276739767,169.7521544528443,9459300
ABBV,2025-04-17,166.3480682373047,168.4732072493832,165.30953298911777,165.9441958640535,8998100
ABBV,2025-04-21,163.62673950195312,167.48277095736626,162.06892914654935,166.80965027191053,7364600
ABBV,2025-04-22,167.10772705078125,167.9539442034649,164.34792520909093,164.51139630941776,6191900
ABBV,2025-04-23,170.25221252441406,171.3099694961355,167.70394980699766,168.28091882643238,7119700
ABBV,2025-04-24,173.44471740722656,174.52172516025226,169.34828472220906,170.7906924571641,8789400
ABBV,2025-04-25,178.916259765625,181.45489688686158,173.07932387718023,179.93555892198754,10482100
ABBV,2025-04-28,184.95513916015625,185.7051900362942,180.43559769106247,180.78177614719772,10408000
ABBV,2025-04-29,186.08021545410156,188.03227282036738,183.26271928405723,185.19554043805906,6671400
ABBV,2025-04-30,187.6091766357422,188.2630611156533,183.67620029500034,187.02259688856043,8400700
ABBV,2025-05-01,185.91673278808594,188.30152408109333,182.51265707527085,185.4744026439956,5823600
ABBV,2025-05-02,190.8497772216797,191.34019057087738,187.15721692989266,187.67647726004728,6424800
ABBV,2025-05-05,188.54193115234375,190.8786246529476,187.541853567044,190.84977767192262,5121500
ABBV,2025-05-06,179.9644012451172,188.30153096029295,178.60854911024376,187.99381026365788,9392000
ABBV,2025-05-07,180.8683319091797,182.87808340415816,179.57978436748428,180.94526209161506,5771700
ABBV,2025-05-08,178.45469665527344,179.4932320429574,174.66596977972208,177.0603720351821,8816700
ABBV,2025-05-09,177.51231384277344,182.48381063144504,177.15650996512568,178.61815387917918,7806100
ABBV,2025-05-12,182.77227783203125,185.29167835302098,173.0889079919219,173.0889079919219,12792700
ABBV,2025-05-13,180.78176879882812,182.4741885861793,178.29121497358156,181.77222093277453,7523800
ABBV,2025-05-14,170.62721252441406,180.44519244950644,169.81946775608134,179.35858865624795,12212000
ABBV,2025-05-15,174.7044219970703,175.1179198542467,169.7906336150366,171.1849581909531,12073300
ABBV,2025-05-16,176.95458984375,177.00267303747518,173.58897170401707,174.33902257275167,6152800
ABBV,2025-05-19,178.57969665527344,178.66623759620052,175.5025484749641,177.1468997172285,5216700
ABBV,2025-05-20,177.7527313232422,178.85857146041093,176.58918254743685,177.762342093216,5505100
ABBV,2025-05-21,174.81980895996094,177.7142350095897,174.56978224493747,176.86801783184126,5140900
ABBV,2025-05-22,175.53138732910156,176.51222863299068,173.3293181208534,174.44478355092892,4689200
ABBV,2025-05-23,176.22377014160156,177.05075123088986,174.74290453530605,175.36794206908831,4027000
ABBV,2025-05-27,178.58932495117188,178.84896247236392,176.8391963850399,177.19500029865316,5726700
ABBV,2025-05-28,176.06028747558594,178.95472843489566,175.36793057769282,178.23352455566786,4787800
ABBV,2025-05-29,178.49314880371094,179.57976735237233,175.67565266951576,176.41609276648424,4925900
ABBV,2025-05-30,178.96435546875,179.5220882801249,175.98337329452283,177.8969730435713,11609000
ABBV,2025-06-02,179.81056213378906,179.81056213378906,176.1276124467238,178.59893018772027,4435600
ABBV,2025-06-03,180.06056213378906,181.48373362995082,177.72386869089365,179.72399446623615,5335600
ABBV,2025-06-04,180.14710998535156,182.87806516118712,180.07980525301707,181.17603456573588,4382200
ABBV,2025-06-05,180.27210998535156,181.35872844799582,177.9450273948796,180.30095696463155,4417900
ABBV,2025-06-06,182.54151916503906,183.17618212649845,181.07026436443033,181.25297170238963,3607800
ABBV,2025-06-09,181.897216796875,184.42622812883212,181.752967234018,183.19537482501534,4661500
ABBV,2025-06-10,182.22415161132812,184.51277625830082,181.55103103072682,181.78180684525972,4087500
ABBV,2025-06-11,184.14739990234375,185.32055944631327,181.80108081440468,182.0703291025684,3908000
ABBV,2025-06-12,185.03207397460938,186.15715031701933,180.21443712281325,184.82051965317183,5781400
ABBV,2025-06-13,183.74351501464844,186.0417507511393,182.98383872437975,184.20508138122207,4965700
ABBV,2025-06-16,183.53195190429688,184.30123892697827,181.67604641184317,183.57040965261265,4203900
ABBV,2025-06-17,178.3585205078125,183.29155966121183,177.92580112151595,181.8972351173984,4733900
ABBV,2025-06-18,178.36814880371094,179.93555525794727,176.64686732737658,178.13735827995964,3573200
ABBV,2025-06-20,178.18544006347656,179.916332295591,177.08921076195915,178.9451016879691,12158100
ABBV,2025-06-23,176.7045440673828,178.66622664574496,175.3006088686241,177.40652633969123,5157900
ABBV,2025-06-24,178.42584228515625,178.99318581413442,176.15645349631316,177.4353901335739,4074400
ABBV,2025-06-25,178.27197265625,179.90669842608926,177.55076881606243,178.18543171693062,4471100
ABBV,2025-06-26,179.61822509765625,181.7337682317834,178.65661991775505,179.36821303313695,5734000
ABBV,2025-06-27,175.31024169921875,180.78177763597654,174.75250892235604,180.68561124678504,29264700
ABBV,2025-06-30,178.49314880371094,179.09896476240613,174.77174145271042,175.42562593205776,6482600
ABBV,2025-07-01,182.6953582763672,184.3973887392783,177.31036384586574,177.90655431267555,5937600
ABBV,2025-07-02,183.42617797851562,185.19552789072398,182.25301854972037,182.4164896605617,4658200
ABBV,2025-07-03,182.0126190185547,184.11853661464556,181.6183573911825,183.81081592803412,3706200
ABBV,2025-07-07,180.42599487304688,184.04162527308216,179.6567077507392,182.16649800009753,11049100
ABBV,2025-07-08,182.4838104248047,185.58979089983757,179.50282863962497,179.61821656039095,7106900
ABBV,2025-07-09,183.30117797851562,183.75313359499364,181.08949776349831,181.26257965597202,5594100
ABBV,2025-07-10,187.5130157470703,189.91702876946866,182.28188106266256,183.1857923067533,6049400
ABBV,2025-07-11,185.06089782714844,186.55138866082856,183.82043370915247,186.4456115133305,4991000
ABBV,2025-07-14,184.1666259765625,185.27246605114746,182.7434397626956,184.35894407567332,4072800
ABBV,2025-07-15,180.78163146972656,184.9328475464658,179.44315014042792,184.48669696980684,6729200
ABBV,2025-07-16,184.84556579589844,185.63119102190868,180.88832873186396,181.29568941203,6202600
ABBV,2025-07-17,185.64088439941406,186.33922122095166,182.59536568313231,183.31310486072965,4853100
ABBV,2025-07-18,183.5652618408203,186.55258805342535,182.8960360058837,185.74756053642196,5332000
ABBV,2025-07-21,179.28797912597656,184.18601578335807,179.07459761143647,183.91444200115455,4954800
ABBV,2025-07-22,181.47996520996094,182.53716416690665,179.336456363624,179.37526107377758,4432100
ABBV,2025-07-23,184.81646728515625,185.05894493449398,181.15020641114253,181.42178019442792,4344500
ABBV,2025-07-24,185.08802795410156,186.45560535138594,184.2733066619722,185.02012711326068,3462700
ABBV,2025-07-25,184.55458068847656,185.64087578282027,182.85723720373414,185.64087578282027,3786800
ABBV,2025-07-28,182.8475341796875,185.45659582938706,181.99400819177274,185.45659582938706,3776900
ABBV,2025-07-29,185.46632385253906,186.69811457624317,182.20742333289655,183.4586016146986,6715500
ABBV,2025-07-30,183.61376953125,186.90176580545275,182.35288281732196,185.99975606989298,5008400
ABBV,2025-07-31,183.33250427246094,192.8473248135255,181.97462056365157,191.13057892151147,10347900
ABBV,2025-08-01,189.345947265625,191.13057920592146,184.07932504657936,184.2054181596383,8082000
ABBV,2025-08-04,191.2566680908203,191.43124488997066,187.8910772214761,188.9482761932044,4217500
ABBV,2025-08-05,192.5757598876953,193.87543658902857,190.5680377657742,191.60584925094003,4153400
ABBV,2025-08-06,190.39346313476562,192.09080676851988,188.81250404286268,191.29547293343728,4057200
ABBV,2025-08-07,192.8764190673828,193.8172335165731,190.58742950022824,191.12088328064453,4683300
ABBV,2025-08-08,192.09078979492188,194.30218469266464,191.20816763144137,193.08979648996967,4101700
ABBV,2025-08-11,192.66305541992188,193.42927833945086,190.96571174281334,192.21688999865904,6067800
ABBV,2025-08-12,192.66305541992188,194.001536884048,191.12090100235366,192.129601590041,3049800
ABBV,2025-08-13,195.4078826904297,195.6503603316498,193.21589014167782,193.74932911263346,3558500
ABBV,2025-08-14,198.5212860107422,198.88985675886508,194.8162353730808,195.72795366602017,4635400
ABBV,2025-08-15,200.47080993652344,200.61629059624855,198.17212671490574,199.71428090663255,4430900
ABBV,2025-08-18,200.35443115234375,202.07116218495455,199.76278511973385,200.38352728512288,6083500
ABBV,2025-08-19,199.98585510253906,201.54741165215046,198.9286561738294,200.31562113173396,3975500
ABBV,2025-08-20,202.8568115234375,205.3203929229194,200.43203483872196,200.43203483872196,5782100
ABBV,2025-08-21,203.19625854492188,206.05749168383238,202.58521016758283,202.84709015782246,5323900
ABBV,2025-08-22,204.26316833496094,205.10698577998662,200.88786895553707,204.49593739584498,5516900
ABBV,2025-08-25,201.30494689941406,204.94211162971064,200.81999160204117,203.97220103496488,2796200
ABBV,2025-08-26,202.09056091308594,202.30394241607704,200.35442755656078,201.27583961057113,3702900
ABBV,2025-08-27,201.79959106445312,204.08858060434142,201.5571134216669,202.53673257030613,3459100
ABBV,2025-08-28,201.66380310058594,201.75109149960468,199.30692752911526,201.40192310386894,4523100
ABBV,2025-08-29,204.0691680908203,204.65112032440302,201.64439178365913,201.74138875580962,4264700
ABBV,2025-09-02,205.54345703125,205.77624090817372,202.70162601548998,203.81701730980186,4335500
ABBV,2025-09-03,205.48524475097656,206.99830280447918,205.11667401498894,206.0283922779098,3973500
ABBV,2025-09-04,206.59095764160156,207.74515362266243,205.29128099051675,205.8635246921593,3531600
ABBV,2025-09-05,206.16419982910156,207.89063955551038,204.65114162390387,206.15450605074165,4465400
ABBV,2025-09-08,203.4775390625,205.62104800878214,201.36314105002072,204.64144362680707,5525500
ABBV,2025-09-09,204.08859252929688,204.3795686775743,202.82770575320242,203.22537266252618,3097100
ABBV,2025-09-10,205.27188110351562,205.88292952428804,202.16817010849797,203.90430359019706,4520600
ABBV,2025-09-11,213.59373474121094,215.09709928053556,210.22814344079248,213.7198278676327,7647700
ABBV,2025-09-12,211.770263671875,213.74888946053915,211.6635729205288,212.52679270881708,4418800
ABBV,2025-09-15,211.06222534179688,212.99235257240002,207.86151771905358,212.99235257240002,5162100
ABBV,2025-09-16,209.75286865234375,212.12916154844766,209.3455079614961,211.76059077115903,4251000
ABBV,2025-09-17,214.16595458984375,214.8836937529138,210.76157375349982,212.5074157720074,5258400
ABBV,2025-09-18,215.3104705810547,215.38806520903563,213.30274843116044,214.41815455876682,4445600
ABBV,2025-09-19,215.7760009765625,216.76531388024824,214.92247495772298,215.72750248919016,14415100
ABBV,2025-09-22,215.89239501953125,218.38507234363288,214.76729518142326,215.7663167064003,5990700
ABBV,2025-09-23,215.91180419921875,217.64793770109995,215.2522572803009,215.32985190603603,4629900
ABBV,2025-09-24,213.37063598632812,215.5529348134635,211.96425379133422,215.3201509440244,5074500
ABBV,2025-09-25,211.96426391601562,215.57233266652864,211.46961481944885,213.47733694015156,6666000
ABBV,2025-09-26,213.9719696044922,214.81578705726346,211.12043018520353,213.99137195963078,4185600
ABBV,2025-09-29,216.44525146484375,216.52284608823555,213.17664270298062,214.10776338402135,4958400
ABBV,2025-09-30,224.5730743408203,225.35871429041782,215.87299062883858,216.3482373098497,9187300
ABBV,2025-10-01,237.02674865722656,237.44380309642148,225.01925112427264,226.6099038591992,12243100
ABBV,2025-10-02,229.44204711914062,235.36820142420663,227.46343602466055,233.6417617555966,8107700
ABBV,2025-10-03,226.87179565429688,231.65344788552295,226.67781649110287,229.77181892325189,6547300
ABBV,2025-10-06,223.2637176513672,225.9406655107791,221.0620165019738,224.73798586943187,11940300
ABBV,2025-10-07,225.82427978515625,227.0366679976353,220.7419430705662,224.33060921957204,4901000
ABBV,2025-10-08,224.28213500976562,225.98917235720373,222.76906202492884,224.51490408461635,5412800
ABBV,2025-10-09,223.74868774414062,226.7554018461208,223.68078689555313,226.25105896945018,4607600
ABBV,2025-10-10,223.56439208984375,227.6186112720608,223.56439208984375,224.54399646266307,6156900
ABBV,2025-10-13,223.37042236328125,226.77480336673497,222.32291710075816,223.07944621263675,5411900
ABBV,2025-10-14,222.23562622070312,223.70987971480452,220.66436094458479,221.20752332624815,5527600
ABBV,2025-10-15,220.9949493408203,223.66188977160718,220.11574279636199,221.95230989688548,5459400
ABBV,2025-10-16,221.6299285888672,222.84129340049773,220.25250700000703,220.9949477453818,4737500
ABBV,2025-10-17,224.26759338378906,225.38126203134183,221.57133199029485,222.26493956935656,7150000
ABBV,2025-10-20,226.70005798339844,226.8954355591978,224.68764063059317,225.66454341594357,5246700
ABBV,2025-10-21,226.0455322265625,227.43273237655458,224.52156628449666,226.78797296834108,3298100
ABBV,2025-10-22,223.3981170654297,226.79774941899083,223.15389137426683,226.3190616980245,3523500
ABBV,2025-10-23,222.97805786132812,224.55087192157671,222.00115508866074,223.7009712793892,5818000
ABBV,2025-10-24,222.7240753173828,223.74981133496678,221.02425907467585,223.49582197259375,3554700
ABBV,2025-10-27,222.7631378173828,223.31997955224926,221.87415271769424,222.68498380689172,2784400
ABBV,2025-10-28,222.28445434570312,223.1245913416139,219.1290625068183,221.75693339773758,3724200
ABBV,2025-10-29,219.93991088867188,222.73385368465463,218.86531177238822,222.36262582514667,5469300
ABBV,2025-10-30,222.92919921875,224.34570519098529,221.18054989701037,221.80576704575194,5020700
ABBV,2025-10-31,213.00387573242188,218.69922073232811,211.01100061870739,217.84932008320254,10825300
ABBV,2025-11-03,207.06431579589844,213.9417046750593,206.80054787662974,211.67528311431965,8874300
ABBV,2025-11-04,210.90354919433594,212.0660659350467,207.46484709447003,207.46484709447003,6184000
ABBV,2025-11-05,211.7632293701172,212.40797390524332,207.68954638207143,210.75702065372565,4928200
ABBV,2025-11-06,213.98077392578125,214.6059910957348,210.6690741666541,210.9035361952691,6615300
ABBV,2025-11-07,214.0980224609375,215.88575638401574,212.075826498219,214.2445519192415,4647900
ABBV,2025-11-10,213.65841674804688,214.78184899920225,211.15753307274113,211.98790641062376,4530800
ABBV,2025-11-11,219.96920776367188,220.21343347041838,213.94171910993086,213.94171910993086,4802400
ABBV,2025-11-12,227.84304809570312,228.5952674658444,220.08643706248637,220.19389697250656,8583200
ABBV,2025-11-13,226.92474365234375,233.76306321615613,226.79775642533633,228.3412646299307,7968500
ABBV,2025-11-14,226.99314880371094,229.57217175396943,225.00027353111082,228.21427737687034,5461500
ABBV,2025-11-17,228.5952606201172,229.91408539392876,223.93542997985105,227.8723471646892,5023100
ABBV,2025-11-18,228.46824645996094,231.7115708172322,226.74890294796197,229.5721513620755,6232600
ABBV,2025-11-19,227.5304412841797,232.64940256366936,225.03933609110183,228.14587992959937,7618400
ABBV,2025-11-20,224.15032958984375,229.52329463295175,222.733823605204,227.87232662559848,4283600
ABBV,2025-11-21,230.82260131835938,232.5126390539411,224.82441849063892,225.22495223165413,8017600
ABBV,2025-11-24,224.20895385742188,232.13163607671763,223.20274517672019,230.54905832772153,10225900
ABBV,2025-11-25,226.44606018066406,228.67339725569084,224.99046971848787,225.00024828604296,7134100
ABBV,2025-11-26,222.40170288085938,227.11036679186768,221.40525781588542,226.68052715966894,5920800
ABBV,2025-11-28,222.44076538085938,222.82175687797908,220.30134585612794,221.61040694167733,2655600
ABBV,2025-12-01,219.91058349609375,224.18942240544223,218.80667859422815,221.9425430496452,5208300
ABBV,2025-12-02,219.1876678466797,221.39547762792668,217.95677573337036,219.62728601447526,5096700
ABBV,2025-12-03,224.922119140625,225.4594037868403,219.33423360660686,219.6468347695128,4872900
ABBV,2025-12-04,223.42742919921875,225.60591810614545,222.33328800891235,224.79508705416092,3732900
ABBV,2025-12-05,220.85816955566406,223.95494940092988,219.85196094279405,223.64233337430682,3985200
ABBV,2025-12-08,217.96653747558594,220.89724573453563,217.253402639687,220.85817618321164,4006100
ABBV,2025-12-09,217.8395538330078,219.62728768910102,215.14329265041,218.7187603625964,4267900
ABBV,2025-12-10,219.9789581298828,220.7604833255062,215.89551171493943,219.80312278670303,8735200
ABBV,2025-12-11,218.8066864013672,220.74096469059342,217.10688505831573,220.33065239431838,4170600
ABBV,2025-12-12,218.1619415283203,218.65039293073227,215.99321610910297,218.52339079607194,5467600
ABBV,2025-12-15,222.19654846191406,223.026921840269,218.3963970022703,219.06069868622512,5971900
ABBV,2025-12-16,218.50384521484375,221.60062526987542,216.7845016710119,221.18056422529378,6405900
ABBV,2025-12-17,219.12905883789062,221.18056062570994,217.71255279694554,218.70899780014523,5243400
ABBV,2025-12-18,217.67347717285156,221.03401010013388,217.6441563766061,218.82621525889815,4760400
ABBV,2025-12-19,221.5811004638672,224.16988692381207,217.21434375116482,217.80047648791552,18968800
ABBV,2025-12-22,222.6459197998047,223.3688183287326,219.0704519891459,220.88749178584516,4828100
ABBV,2025-12-23,223.50558471679688,225.45939031385612,222.64592039041136,222.94875787293896,3612100
ABBV,2025-12-24,224.58018493652344,225.4691700653765,223.69119980767036,224.16012388600063,1744900
ABBV,2025-12-26,224.66810607910156,225.28355962493848,223.3981294334741,224.5118129569329,1593900
ABBV,2025-12-29,225.50823974609375,226.66099280636442,224.43365560527607,224.83417442617286,3803000
ABBV,2025-12-30,224.4336395263672,225.86968773818123,223.33949832771907,225.43984815010728,2348000
ABBV,2025-12-31,223.2125244140625,224.93186796249393,223.1538977251782,224.43365290462978,3196900
ABBV,2026-01-02,224.01358032226562,225.41055908779236,220.49673916034243,223.45675347349484,3336800
ABBV,2026-01-05,215.09445190429688,221.99139821144107,212.82804515374926,221.75693617254836,9341300
ABBV,2026-01-06,218.75782775878906,219.02159567760762,214.47900380890988,214.6743813795205,9151700
ABBV,2026-01-07,228.02865600585938,231.56503946826768,219.54914662566253,220.0375980389832,10285400
ABBV,2026-01-08,218.95323181152344,226.19207031260316,217.96655043229256,225.7915514889001,9365900
ABBV,2026-01-09,214.99676513671875,219.92034857825814,213.9417083478846,218.58199654264465,6714200
ABBV,2026-01-12,214.95767211914062,217.35109575464344,213.3457885624189,216.08111921274156,6546100
ABBV,2026-01-13,215.6512908935547,215.6512908935547,210.8644731850727,214.45946829724056,4872600
ABBV,2026-01-14,216.76495361328125,218.18145963919358,211.98789969565632,215.89551074995413,8426400
ABBV,2026-01-15,211.74368286132812,217.87863128067283,210.8449340700102,217.38041621669825,6954200
ABBV,2026-01-16,211.08389282226562,214.03818095119146,210.621053146631,212.32468842695135,8649700
ABBV,2026-01-20,210.77859497070312,210.77859497070312,206.76077650603958,208.47425393254102,8251400
ABBV,2026-01-21,212.85646057128906,214.67827765363515,208.34626043821217,209.23254089507478,10727100
ABBV,2026-01-22,214.78659057617188,215.71226990750898,211.4876295593915,212.98447305317677,5650900
ABBV,2026-01-23,215.9190673828125,216.4705471250413,212.59057962550767,213.9495419537121,5816400
ABBV,2026-01-26,217.40606689453125,218.10524000133958,215.170651343692,215.7713571956343,6553400
ABBV,2026-01-27,220.5178985595703,223.40326101045827,217.2878781882673,217.51438442240152,5747400
ABBV,2026-01-28,215.3380584716797,220.61638716105196,213.39807474457828,220.19294641136008,5215800
ABBV,2026-01-29,217.07122802734375,220.72470414278948,214.6782619530531,214.6782619530531,7834000
ABBV,2026-01-30,219.61192321777344,220.60654315661586,216.2144949250442,217.15001648010207,6622200
ABBV,2026-02-02,222.2018585205078,226.28861777924718,221.00044680551576,221.42390258684242,5413000
ABBV,2026-02-03,222.2215576171875,225.21522965577242,220.23233272781906,220.5376067649115,8158500
ABBV,2026-02-04,213.8018341064453,217.48485207779035,201.15748442543773,206.58352158708928,15319700
ABBV,2026-02-05,215.68272399902344,216.5197632520078,210.77859508785727,213.59501692260497,10794000
ABBV,2026-02-06,220.02552795410156,222.37912528695193,215.17065494306107,215.41684562377395,6067100
ABBV,2026-02-09,219.85812377929688,220.54746971787606,216.76596937876855,220.01568942390278,6767700
ABBV,2026-02-10,219.0506134033203,222.36925883347655,218.55823206228652,220.34065011262308,6044500
ABBV,2026-02-11,217.52423095703125,220.7345519311951,214.72750851134595,218.88320828366528,8072400
ABBV,2026-02-12,224.0335235595703,225.55990881325556,217.54394070320856,218.1938877185254,8712000
ABBV,2026-02-13,227.97256469726562,231.16320124979194,224.52589525259853,224.93949378280422,8252200
ABBV,2026-02-17,229.3118438720703,231.66542613375927,227.6672919594186,229.11489433651246,7336400
ABBV,2026-02-18,225.2349395751953,230.43448574371988,222.62532427280055,230.43448574371988,5495100
ABBV,2026-02-19,220.9315185546875,225.8750165076434,219.62178235579546,225.4811174367331,5410800
ABBV,2026-02-20,221.38450622558594,223.23586496053125,219.71041259514806,221.61099744540795,6830300
ABBV,2026-02-23,225.9833526611328,227.90363702686005,222.34957569337126,222.37913240018597,5463200
ABBV,2026-02-24,224.95919799804688,227.24383969312285,224.2009264968359,225.51066271664155,4880800
ABBV,2026-02-25,223.46234130859375,229.0065599003612,223.0290433333975,226.2098375484582,5410900
ABBV,2026-02-26,221.26632690429688,224.30923995073329,217.76057420048568,224.12213263907722,5331300
ABBV,2026-02-27,228.54373168945312,228.73083900868136,221.63069325337082,221.67009217651702,8018100
ABBV,2026-03-02,230.6905059814453,232.06918278492,228.36646539540905,230.09965737391593,7438800
ABBV,2026-03-03,230.29661560058594,232.11843268503017,226.73177928055205,229.80423422925367,6595700
ABBV,2026-03-04,232.5911102294922,233.4970901325881,228.54373483203983,230.00117945647355,5380800
ABBV,2026-03-05,228.8096160888672,231.222281664165,224.52589239451012,229.8633043491551,9423100
ABBV,2026-03-06,226.60374450683594,228.0710463328807,223.3441823882998,226.84993518075905,6139600
ABBV,2026-03-09,223.98428344726562,227.16506290770764,219.82858345936515,226.46588977315912,7915800
ABBV,2026-03-10,223.5509796142578,227.74607841746533,222.71394031819258,224.19108439790529,6466800
ABBV,2026-03-11,224.21075439453125,225.7962228723725,221.86702949019443,222.60560148248783,5299200
ABBV,2026-03-12,221.9359588623047,224.33878218924437,220.16339807148051,221.6897681939918,7607000
ABBV,2026-03-13,216.33267211914062,225.13645344371216,216.09633867769944,223.43281810608008,5676100
ABBV,2026-03-16,218.07569885253906,220.95120415900206,216.9629272095003,217.7211836763293,3991800
ABBV,2026-03-17,216.4114532470703,219.87782228183778,216.4114532470703,218.65671108090154,4405700
ABBV,2026-03-18,205.1654510498047,215.66302471771533,204.43673629086913,215.17064338274338,8597000
ABBV,2026-03-19,203.0876007080078,207.22360090618636,201.18701597237956,205.19499221537362,7006800
ABBV,2026-03-20,201.94529724121094,204.61399578498018,199.9659145666147,203.12700949432545,27982400
ABBV,2026-03-23,201.8074188232422,205.44119569713197,200.12348297152388,204.20040006816654,7419900
ABBV,2026-03-24,202.0733184814453,202.87097392521315,198.72513105602079,199.94622728053946,6990500
ABBV,2026-03-25,204.0231170654297,206.4850236717388,202.72323819096692,203.70800083349056,6000100
ABBV,2026-03-26,207.90310668945312,208.22808019966658,202.6247777555646,204.03299629982286,4576300
ABBV,2026-03-27,206.2093048095703,210.23699570067572,205.93357245374762,208.19852968482243,5654000
ABBV,2026-03-30,209.87261962890625,210.68013224711012,207.56827854122412,209.0257231146787,7491200
ABBV,2026-03-31,214.17604064941406,215.83043473893997,211.5762677756691,211.78305952371684,8311700
ABBV,2026-04-01,211.70428466796875,217.09093793141716,210.49303073356393,215.04262967714786,5702800
ABBV,2026-04-02,205.65785217285156,211.29069638901697,204.5450804666202,210.72938942680952,5151100
ABBV,2026-04-06,203.5406036376953,205.81540305674832,202.1717840940153,203.88526156484158,4929100
ABBV,2026-04-07,203.22547912597656,203.34366087107026,198.5872550973625,203.08761294527287,8801600
ABBV,2026-04-08,208.36593627929688,208.98634158928198,201.44305569400052,203.11714928029073,5477500
ABBV,2026-04-09,209.16360473632812,210.256692003712,205.55938444569702,206.28809927309473,4477800
ABBV,2026-04-10,204.7715606689453,210.83770257914364,204.5844533495221,210.29608008246763,4633200
ABBV,2026-04-13,203.32395935058594,204.9094279257695,199.91667373871107,203.28456042719137,7532500
ABBV,2026-04-14,207.0561981201172,207.21376375707712,200.9506724376383,201.67940223886336,6199400
ABBV,2026-04-15,206.9469757080078,208.33709020370273,204.09726447580036,207.51295446683528,5952100
ABBV,2026-04-16,207.51295471191406,208.17821762418268,205.0604103893249,206.31149980107602,5075400
ABBV,2026-04-17,206.9072723388672,210.8492154452588,206.35123258145273,208.17822468465647,8986600
ABBV,2026-04-20,202.27027893066406,206.85762206655826,201.40641738424267,206.47037901159248,5774300
ABBV,2026-04-21,203.67030334472656,204.7426722301592,199.4999900020088,202.56814769727748,7772100
ABBV,2026-04-22,199.08294677734375,204.5341511234929,198.3978209952055,203.71993928067758,7646200
ABBV,2026-04-23,199.52976989746094,201.3269751816899,198.99359304867002,199.6290692013965,7461100
ABBV,2026-04-24,197.3056182861328,198.83472762743767,195.74670703178018,197.52404949122166,7605800
ABBV,2026-04-27,195.98501586914062,199.9964563834118,194.84313443753496,196.6006291525273,7467600
ABBV,2026-04-28,196.29281616210938,197.77227579864916,195.05165061416844,197.26588570943002,6313100
ABBV,2026-04-29,202.44898986816406,204.37528118102975,189.4018585166218,190.64302403770057,10406300
ABBV,2026-04-30,209.8264923095703,213.35139038132547,206.6987460059277,207.52288175637523,10319200
ABBV,2026-05-01,205.1398468017578,209.50874344835918,204.11712760742685,209.50874344835918,6343100
ABBV,2026-05-04,206.68882751464844,206.86754808759213,203.4220711892264,204.25614598247176,4579300
ABBV,2026-05-05,204.65330505371094,208.03920829775223,204.3752851836201,207.49309242759287,4490500
ABBV,2026-05-06,203.5809326171875,205.5469345641726,202.12132074945646,204.65330144761927,7290000
ABBV,2026-05-07,201.27734375,205.53701729713268,200.60214180502433,203.47171598154063,6681100
ABBV,2026-05-08,200.1255340576172,200.96951753154104,198.60634865360774,200.49291420797542,4915400
ABBV,2026-05-11,201.34683227539062,203.92846259391789,200.58227007975088,200.58227007975088,4931700
ABBV,2026-05-12,206.39093017578125,209.8264829612744,202.07166815644783,203.1440369712674,7044100
ABBV,2026-05-13,207.0264129638672,208.04913216115733,202.85609976169084,205.39800437440988,5705700
ABBV,2026-05-14,209.28038024902344,212.0010055111805,206.8774854977185,208.01935177404684,5006500
ABBV,2026-05-15,208.90306091308594,213.40104377193384,207.54274828298603,211.59391456232896,5385000
ABBV,2026-05-18,207.92999267578125,209.86620796671846,206.21220858989463,208.88319936472857,5069000
ABBV,2026-05-19,212.24923706054688,214.27482776219156,207.25478800199255,208.4165171613416,7220300
ABBV,2026-05-20,210.799560546875,212.98400888991557,210.0052115627839,211.8520665116434,5129000
ABBV,2026-05-21,212.9840087890625,214.11595116679868,208.01934657952725,209.45909559010315,3813800
ABBV,2026-05-22,214.17552185058594,218.455058194335,214.17552185058594,215.4663370381466,5406100
ABBV,2026-05-26,211.61375427246094,215.51598659419918,210.41231451873963,214.3939681019095,4706700
ABBV,2026-05-27,213.8776397705078,214.41383176826292,209.8661994120553,211.61375503785547,4640100
ABBV,2026-05-28,217.08482360839844,217.82952293635012,214.37410714597283,214.37410714597283,5189300
ABBV,2026-05-29,216.18125915527344,218.04797705213986,213.38118230997378,217.47207439989498,7618500
ABBV,2026-06-01,211.4250946044922,214.9698706446199,210.01513237495973,213.7386289796587,4858400
ABBV,2026-06-02,213.8776397705078,215.03938404866173,207.51295439675928,209.51866700051227,5861800
ABBV,2026-06-03,215.59542846679688,217.9883841649017,212.21944903448474,213.28189403213514,5667500
ABBV,2026-06-04,223.3502197265625,223.39986937747335,218.28625835257904,220.92746221119617,6782000
ABBV,2026-06-05,225.62403869628906,228.84114532178216,224.40273601246867,225.76304863468368,6248900
ABBV,2026-06-08,221.4934539794922,226.9645064502679,219.60687319060779,225.147438206934,4915600
ABBV,2026-06-09,223.8268280029297,225.53467300567257,220.1529810183117,223.21121474064327,4257500
ABBV,2026-06-10,223.3601531982422,225.53467770347956,222.5360174407216,225.32615522106838,4147300
ABBV,2026-06-11,223.18142700195312,225.941777951073,222.45657541784976,224.41265352113243,4569000
ABBV,2026-06-12,226.12049865722656,226.7857615690241,222.73461057642814,225.89212843996987,4086500
ABBV,2026-06-15,220.02389526367188,224.89919716966983,218.4451363237411,224.40273095075224,5261900
ABBV,2026-06-16,220.89767456054688,221.92039373121457,217.60113168546346,221.7317341490814,5945500
ABBV,2026-06-17,219.66644287109375,221.26506473036358,217.2834110384559,220.8281720258257,5624200
ABBV,2026-06-18,214.95994567871094,220.7785302826924,213.84785106246724,219.80544559961086,9646100
ABBV,2026-06-22,228.38438415527344,230.67807080928134,220.37142727506134,220.37142727506134,9912800
ABBV,2026-06-23,233.10081481933594,233.64693069306986,229.66527705174937,231.32347241312564,7365600
ABBV,2026-06-24,233.2299041748047,235.68244855520894,231.20432862932248,234.67959222816853,7311000
ABBV,2026-06-25,241.4215850830078,242.88119693489142,232.00859009712372,232.00859009712372,10278100
ABBV,2026-06-26,251.55943298339844,251.55943298339844,242.93084788720816,243.52659824465232,52635100
ABBV,2026-06-29,252.5126495361328,254.18078393459402,247.43876409852305,251.26156010049706,9760500
ABBV,2026-06-30,249.86151123046875,253.6942309419307,248.3324019843584,253.19776473656486,6999700
ABBV,2026-07-01,249.28561401367188,250.0203894678692,245.81035050083676,248.97780738382934,6988000
ABBV,2026-07-02,259.2248840332031,259.79086280661,248.7395045519223,250.51686213593447,7113400
ABBV,2026-07-06,252.95945739746094,259.07593988053287,251.80766730710835,258.0830074623675,8580200
ABBV,2026-07-07,252.85023498535156,258.50996190666103,252.4729309679583,255.39213955934298,8238300
ABBV,2026-07-08,250.95375061035156,254.0119843469605,248.9281599460388,251.4601407009564,7578700
ABBV,2026-07-09,248.1437530517578,253.0587656656278,246.2373245594484,249.42462925015664,5526000
ABBV,2026-07-10,246.32667541503906,249.88137528006084,243.31809140864215,249.2359601195237,5780700
ABBV,2026-07-13,246.2472381591797,247.9749460102823,242.88119788876747,246.61461830329182,4156400
ABBV,2026-07-14,243.0500030517578,244.678411658044,241.47124409798792,244.25145797848666,5246800
ABBV,2026-07-15,244.11000061035156,247.75,243.07000732421875,243.32000732421875,6389000
ABBV,2026-07-16,254.38999938964844,254.5399932861328,243.5,244.75,6555500
ABBV,2026-07-17,254.49000549316406,260.9599914550781,254.2899932861328,257.0,6872400
ABBV,2026-07-20,253.3800048828125,256.1499938964844,252.67999267578125,253.10000610351562,4332400
ABBV,2026-07-21,256.1000061035156,257.05999755859375,252.60000610351562,253.6999969482422,4819300
ABBV,2026-07-22,253.3000030517578,257.80999755859375,252.25,257.80999755859375,4953200
ABBV,2026-07-23,256.9200134277344,258.3800048828125,253.10000610351562,253.97999572753906,4622700
ABBV,2026-07-24,259.3599853515625,260.19000244140625,256.7650146484375,258.5400085449219,3051954
