symbol,date,close,high,low,open,volume
BKNG,2018-01-02,69.90507507324219,70.13656223944623,68.32856275363415,68.54751408220537,11887500
BKNG,2018-01-03,71.44867706298828,71.63903052010629,69.91486000512506,70.11970662185095,13125000
BKNG,2018-01-04,70.7863540649414,72.4177012817264,70.5818959046556,72.01192265580984,14815000
BKNG,2018-01-05,71.42440032958984,71.50116926260847,70.72956528461155,71.29279644441505,8965000
BKNG,2018-01-08,72.53167724609375,73.43802270271844,71.48902137732287,71.57911056180554,13890000
BKNG,2018-01-09,73.05966186523438,73.50773957718026,72.75454348997522,72.97779792233027,9220000
BKNG,2018-01-10,73.35810852050781,73.3831801907916,72.6730602422947,72.67698235996424,6855000
BKNG,2018-01-11,74.14891815185547,74.45286361957837,73.55277862898747,73.63581546992984,9647500
BKNG,2018-01-12,75.17904663085938,75.4367709008987,74.02790113483587,74.34241767981399,13882500
BKNG,2018-01-16,75.1817855834961,76.37092702457066,75.0051333757508,75.62203402308123,15122500
BKNG,2018-01-17,76.37367248535156,76.72853082400822,75.15084559174444,75.49826311134211,12892500
BKNG,2018-01-18,75.46534729003906,76.67093903720054,75.43636844320162,76.32469448593088,9965000
BKNG,2018-01-19,74.81907653808594,75.74304525692932,74.45951174181549,75.65217913149742,15862500
BKNG,2018-01-22,75.03687286376953,75.46458553131941,74.45836406342961,74.81087663820445,9955000
BKNG,2018-01-23,76.88441467285156,77.1358710031419,75.39799167546963,75.49825595571642,11800000
BKNG,2018-01-24,76.58281707763672,77.74610228524833,76.08969107027686,77.4707546720308,10132500
BKNG,2018-01-25,76.36465454101562,77.41945029390315,76.2001497037485,77.03873589735592,8247500
BKNG,2018-01-26,76.39639282226562,76.96353863950613,76.18018323407924,76.80804344692427,9512500
BKNG,2018-01-29,75.56405639648438,76.7872790971535,75.25149720760352,76.09047934319524,11220000
BKNG,2018-01-30,75.26246643066406,75.71681953821215,74.43210545939138,74.69805495256124,9557500
BKNG,2018-01-31,74.89115142822266,75.78888310877079,74.26249944234928,75.51626977270614,11320000
BKNG,2018-02-01,74.5636978149414,75.5487768565771,74.16027254000856,74.57544922616471,9000000
BKNG,2018-02-02,72.81721496582031,74.4191874495616,72.7181235762816,74.03260104014817,12845000
BKNG,2018-02-05,71.51799774169922,73.3463619313195,71.14864633106896,72.12000916408631,13705000
BKNG,2018-02-06,72.79996490478516,73.00912210137061,70.5027619128917,70.5027619128917,14112500
BKNG,2018-02-07,73.74078369140625,74.43366876703458,71.93905986789245,72.3585471815695,12280000
BKNG,2018-02-08,70.73973846435547,73.99929493170623,70.62027448566727,73.80071623009214,16927500
BKNG,2018-02-09,69.1314926147461,71.44240434692013,67.13666621341059,69.24821483665632,28437500
BKNG,2018-02-12,70.11070251464844,70.5685743340428,67.85266806873508,69.48362677876885,17057500
BKNG,2018-02-13,70.41856384277344,70.69156568942874,69.01400471550369,69.68886306910797,9380000
BKNG,2018-02-14,71.22345733642578,71.51409000869317,69.44562479008849,69.884304339623,11310000
BKNG,2018-02-15,73.25392150878906,73.47208836845849,71.9159489751673,72.494457591139,12282500
BKNG,2018-02-16,73.8316650390625,75.47162595285651,73.19244193934051,73.42510199490877,13977500
BKNG,2018-02-20,74.20845794677734,75.01923824147882,73.67224834508747,73.75606961615624,10200000
BKNG,2018-02-21,73.66246795654297,75.04744648731295,73.66168353281688,74.944821451835,12967500
BKNG,2018-02-22,73.5238037109375,74.7227317446094,73.27233990387015,73.7999357738259,10807500
BKNG,2018-02-23,74.69413757324219,74.72508121661478,73.44624662643612,74.01692600200077,13882500
BKNG,2018-02-26,74.64009094238281,75.32866548567463,74.327531739364,74.65223083207414,14252500
BKNG,2018-02-27,74.61541748046875,75.19275329820394,73.24492474719104,73.79249728985043,16547500
BKNG,2018-02-28,79.66925048828125,81.75690031185007,79.66925048828125,80.33353768133146,36027500
BKNG,2018-03-01,79.44718170166016,80.43303787289905,78.29015681952939,79.69158569855384,20937500
BKNG,2018-03-02,79.65947723388672,79.81928302413249,78.16286399627624,78.44644438017318,16060000
BKNG,2018-03-05,81.18192291259766,81.351911236012,78.9191821473527,79.11933716013802,15370000
BKNG,2018-03-06,81.68523406982422,82.09101266111998,80.63944800121575,81.27749068418589,13327500
BKNG,2018-03-07,83.1509017944336,83.3479191330224,80.88190035062229,80.88190035062229,14507500
BKNG,2018-03-08,84.21430206298828,84.96123765305359,83.45444963153929,83.74076423306009,14610000
BKNG,2018-03-09,85.01842498779297,85.30630843347048,84.5664251924426,84.95536480445408,12235000
BKNG,2018-03-12,86.40811157226562,86.87851922429252,85.1539526414079,85.38621674643936,13242500
BKNG,2018-03-13,84.99453735351562,87.30505330704341,84.68823861777182,86.59768252429612,12980000
BKNG,2018-03-14,85.73480987548828,85.95728734945531,84.69411882256585,85.2119205753573,8612500
BKNG,2018-03-15,85.6905517578125,86.46607773634915,85.03761997927572,85.778287667916,8400000
BKNG,2018-03-16,85.05291748046875,86.11398145566801,84.98555414973319,86.02037354459819,11850000
BKNG,2018-03-19,84.08937072753906,84.8284696287796,83.22767014568377,84.66631058427143,11270000
BKNG,2018-03-20,83.7846450805664,84.90406997614798,83.74234596710835,83.79796534183376,6420000
BKNG,2018-03-21,84.01455688476562,84.83081316827393,83.60720943128658,83.90958606224363,7430000
BKNG,2018-03-22,82.79328918457031,84.38899341861513,82.32444297412445,83.54100169642035,11082500
BKNG,2018-03-23,81.74398040771484,83.77993309551559,81.70990654216467,82.88885780778007,10312500
BKNG,2018-03-26,83.57313537597656,83.91272359919265,81.43103862290945,82.69224997964042,7317500
BKNG,2018-03-27,81.37386322021484,83.82890783509364,80.54937409793226,83.71884944822969,10720000
BKNG,2018-03-28,80.47809600830078,81.62297377570114,79.14677937628633,80.95947075751573,15812500
BKNG,2018-03-29,81.48469543457031,82.02481967276854,79.93090161056642,80.67313820357197,9895000
BKNG,2018-04-02,79.54469299316406,81.23479700676498,78.72451468321896,81.0945719609698,9307500
BKNG,2018-04-03,80.98255920410156,81.46902886201953,79.74877288094247,80.29438061051727,9460000
BKNG,2018-04-04,81.1173095703125,81.54306488476813,78.89139145822271,80.02843979328958,9637500
BKNG,2018-04-05,81.9037857055664,82.3491216380204,81.11689681315765,81.37266371831768,8002500
BKNG,2018-04-06,79.64458465576172,82.08083259562964,79.3363285849174,81.269663864781,8760000
BKNG,2018-04-09,80.24502563476562,81.81448544077816,80.09854012969478,80.44086259059627,8887500
BKNG,2018-04-10,81.37500762939453,81.75258426413241,80.60770700216797,81.31351629996837,7280000
BKNG,2018-04-11,81.49486541748047,82.43999117230533,80.88345584123319,80.98528895585576,7667500
BKNG,2018-04-12,81.69699096679688,82.35657919550592,81.5536356771752,82.03539879989306,6007500
BKNG,2018-04-13,81.69892120361328,82.4356665923625,81.3644206582641,82.4356665923625,6550000
BKNG,2018-04-16,82.11921691894531,82.94369843784546,81.69541898483604,82.02207539205871,4860000
BKNG,2018-04-17,84.69332122802734,85.07285518881494,82.74236292257768,83.03220366183868,10955000
BKNG,2018-04-18,85.40971374511719,85.62318155098161,84.45480129276902,85.05798567876656,7430000
BKNG,2018-04-19,84.56172180175781,85.62317382301437,84.44499958233443,85.2095585082182,6622500
BKNG,2018-04-20,83.48148345947266,84.89584418128558,82.98208946107296,84.64320746095584,10367500
BKNG,2018-04-23,83.57234954833984,84.22292807901106,82.74981789148633,83.54923519927576,6337500
BKNG,2018-04-24,80.97158813476562,84.28872876816924,80.49530853744707,83.72588615900607,9837500
BKNG,2018-04-25,81.37580871582031,81.85483008019398,79.68962661870052,80.72992923894999,6695000
BKNG,2018-04-26,82.71495056152344,82.88533482186511,81.39146371935433,82.17482640497312,8900000
BKNG,2018-04-27,83.8868637084961,85.07286735049237,83.15716300343048,84.05528318835276,11455000
BKNG,2018-04-30,85.3078842163086,85.89774836755792,83.57704976016285,83.96246323284993,11700000
BKNG,2018-05-01,85.3623275756836,85.47787691638004,84.28129465095357,85.01021100006803,6977500
BKNG,2018-05-02,84.20413208007812,85.60948313847413,84.17162705679407,85.24012417359543,6702500
BKNG,2018-05-03,84.29773712158203,84.6596477525079,82.90687939487447,84.17200522664184,6775000
BKNG,2018-05-04,85.21817779541016,85.33999504031007,83.27114137829058,84.1563372283425,7572500
BKNG,2018-05-07,85.97216796875,86.24164361913739,85.09598176087155,85.77397774588047,8622500
BKNG,2018-05-08,84.66553497314453,86.12259084233357,84.40702626582102,85.16492900136332,9860000
BKNG,2018-05-09,85.5268325805664,85.8397877392915,84.53470847302516,85.58206347714216,15897500
BKNG,2018-05-10,81.47019958496094,82.19128659859419,80.1772677539953,80.2943784647733,28362500
BKNG,2018-05-11,81.15567779541016,82.05693564943566,80.83998092793439,81.95196483479933,11975000
BKNG,2018-05-14,81.15686798095703,81.25870859371784,80.49101176215139,80.94927957817059,11095000
BKNG,2018-05-15,80.98961639404297,81.12278912376216,79.6939427035842,80.45497562200472,10017500
BKNG,2018-05-16,81.25751495361328,81.96723902000068,80.9042255029816,81.09105279377029,7007500
BKNG,2018-05-17,81.82624053955078,82.19246178942643,81.04993008159238,81.21521934850857,7587500
BKNG,2018-05-18,80.93439483642578,82.17092300955396,80.93439483642578,82.17092300955396,6932500
BKNG,2018-05-21,81.13883209228516,81.40948810805097,80.78436228533339,81.32723569331189,8665000
BKNG,2018-05-22,81.35936737060547,81.56656729314534,80.88621792426906,81.31393056047791,7412500
BKNG,2018-05-23,81.67505645751953,81.7244079108051,80.41188785687109,80.53134437186296,10267500
BKNG,2018-05-24,81.79373931884766,82.07692376246929,81.27163434308169,81.74361090601852,6990000
BKNG,2018-05-25,82.66874694824219,82.99345353257762,81.51133352583891,81.62609844735006,8612500
BKNG,2018-05-29,81.31392669677734,82.4525438193191,80.65081226913728,82.04598076005274,12192500
BKNG,2018-05-30,82.1744384765625,82.58218186467307,81.22383660264136,81.72048133226636,8567500
BKNG,2018-05-31,82.6021499633789,82.95818862541616,82.15877133747667,82.25355959010852,8850000
BKNG,2018-06-01,83.38629913330078,83.6404972071657,82.95975945695571,83.07491284291216,7537500
BKNG,2018-06-04,83.2633056640625,84.0513674741277,83.24215611023791,83.58448603072685,7117500
BKNG,2018-06-05,83.8582763671875,84.0110297928924,83.27114649583359,83.50419501712592,8497500
BKNG,2018-06-06,84.35924530029297,84.46421613858611,83.38983949659537,84.04864338065201,7442500
BKNG,2018-06-07,83.50537872314453,84.49163092920942,83.11135148323058,84.49163092920942,7345000
BKNG,2018-06-08,83.68396759033203,83.96441020649341,83.11955618749786,83.33811152290373,6395000
BKNG,2018-06-11,83.20418548583984,83.79444567904082,83.07218564589974,83.78034099299141,5882500
BKNG,2018-06-12,83.50614929199219,83.571166801425,83.11407944107376,83.27466962638545,6395000
BKNG,2018-06-13,82.50188446044922,83.58565901947082,82.3749796666662,83.58565901947082,11432500
BKNG,2018-06-14,83.156005859375,83.42743888461737,82.69578071729943,82.82072821261164,9690000
BKNG,2018-06-15,83.87629699707031,84.04746571892062,82.72750475435527,83.27389694965413,12900000
BKNG,2018-06-18,84.02395629882812,84.36119122667643,83.07100111038743,83.29308264823875,7195000
BKNG,2018-06-19,83.79051208496094,84.08310210268915,82.88573544645556,83.18341301179191,8972500
BKNG,2018-06-20,84.04550170898438,84.71684134009371,83.74234065014574,84.1720105648339,8702500
BKNG,2018-06-21,83.13365936279297,84.30791905153758,82.95897196664129,84.03648608038849,7882500
BKNG,2018-06-22,82.36441040039062,83.52770322887268,82.09493472308367,83.42938879585559,9230000
BKNG,2018-06-25,80.31475067138672,81.99466496843003,79.55097600426117,81.91045521797189,11342500
BKNG,2018-06-26,79.91758728027344,80.77811502259345,79.6277464577953,80.21604929276988,8937500
BKNG,2018-06-27,78.39473724365234,80.69860460485741,78.38729642451354,80.2524766967125,11240000
BKNG,2018-06-28,79.099365234375,79.33907015092066,77.55261633044658,78.21847245170814,8930000
BKNG,2018-06-29,79.39704895019531,80.27401968279028,79.27092856388948,79.74407798613171,8710000
BKNG,2018-07-02,80.21370697021484,80.74913220019822,78.09510546162656,78.8322471229589,7360000
BKNG,2018-07-03,80.695068359375,81.18505669747707,80.32963154857728,80.69193066494915,5220000
BKNG,2018-07-05,81.04444885253906,81.27945471083254,80.3331558883664,81.19328763928863,6205000
BKNG,2018-07-06,81.74085235595703,81.84581570252568,80.82000630176498,81.35191272968963,6320000
BKNG,2018-07-09,81.53404998779297,82.21596816388109,81.35035290487323,82.05106736631765,7132500
BKNG,2018-07-10,80.84429168701172,81.77413991426675,80.50627236534652,81.70246601221893,7127500
BKNG,2018-07-11,80.40601348876953,80.64611437542308,79.39430863257354,80.56307752439616,8317500
BKNG,2018-07-12,80.57286834716797,81.07930720482409,79.99710137918511,80.78124115462842,8927500
BKNG,2018-07-13,79.56741333007812,80.42206147230048,79.43580946929676,80.41109448390205,6782500
BKNG,2018-07-16,79.11933135986328,79.66376610315979,78.93366952002019,79.54938968403869,10280000
BKNG,2018-07-17,79.53137969970703,80.16041266619197,78.33675495380828,78.35947335346482,8812500
BKNG,2018-07-18,79.2724838256836,79.70607584891347,78.89020804855663,79.29911687523328,6645000
BKNG,2018-07-19,78.75116729736328,79.14636740721944,78.43625481663047,78.97716348872923,8677500
BKNG,2018-07-20,78.71473693847656,79.34142417968549,78.42802636766478,78.68026712312074,8982500
BKNG,2018-07-23,78.17813110351562,78.74919897200365,77.74846119615935,78.57059691902236,8250000
BKNG,2018-07-24,79.3641357421875,80.29398395812234,78.67869149508196,78.68848558351648,8450000
BKNG,2018-07-25,80.90892028808594,80.99900199605933,79.47184884775825,79.49064513049677,8470000
BKNG,2018-07-26,81.5920181274414,81.70207649810094,79.9422631727344,80.99626705710173,11372500
BKNG,2018-07-27,81.66642761230469,83.50223277197739,80.69349585129622,82.97973196676725,13017500
BKNG,2018-07-30,79.50709533691406,82.08161081919643,79.4052622172327,81.82192179614282,9397500
BKNG,2018-07-31,79.46088409423828,80.00257714011322,78.62699699782812,79.60345494871811,7012500
BKNG,2018-08-01,79.24193572998047,80.2552093320549,78.78053775944439,79.53647559148457,7255000
BKNG,2018-08-02,79.63125610351562,79.82435129602807,78.21846448548558,78.77426218105369,9387500
BKNG,2018-08-03,79.4996566772461,79.90230503763478,79.1467557134069,79.73701578269295,7585000
BKNG,2018-08-06,81.3068618774414,81.7757081051483,79.37901770706195,79.58934781150855,10092500
BKNG,2018-08-07,81.39069366455078,82.60529526516822,81.31275183520164,81.97860799431785,9960000
BKNG,2018-08-08,80.0985336303711,81.6613369149905,79.96692977235686,81.38598184013306,13892500
BKNG,2018-08-09,76.07951354980469,76.64157174916956,74.45834899292593,74.85003038236569,42005000
BKNG,2018-08-10,74.32752990722656,75.1806092731845,74.03141372517494,74.80498241864063,23410000
BKNG,2018-08-13,72.62762451171875,74.61108780192299,72.54614906117857,74.48653629711775,16462500
BKNG,2018-08-14,71.81645965576172,73.16305333990562,71.77259170506385,72.9754341788316,17215000
BKNG,2018-08-15,72.9891586303711,73.33110011602416,71.10949273935407,71.28378420906822,17155000
BKNG,2018-08-16,71.481201171875,73.81443589258096,71.36878951823203,73.361651583151,23535000
BKNG,2018-08-17,72.09573364257812,72.1732869924423,71.13063856995957,71.36995501438196,15382500
BKNG,2018-08-20,72.7976303100586,73.58646914793565,72.09417411916941,72.2359605621813,12332500
BKNG,2018-08-21,74.34397888183594,74.48185066902504,73.283303693457,73.40081034968551,13935000
BKNG,2018-08-22,75.08503723144531,75.45282732359416,74.34436949961145,74.39724712290226,11537500
BKNG,2018-08-23,74.21942138671875,75.59421716841625,74.11797673561335,74.81164628008925,10675000
BKNG,2018-08-24,74.55000305175781,75.17081834461892,74.43524560634698,74.43524560634698,10285000
BKNG,2018-08-27,75.81748962402344,75.93851499972236,74.96715188709888,74.96715188709888,8517500
BKNG,2018-08-28,75.64238739013672,76.16214642497857,75.39915632842627,76.13120278416511,6627500
BKNG,2018-08-29,76.14374542236328,76.50565606202957,75.57346199016185,75.57346199016185,6785000
BKNG,2018-08-30,76.14257049560547,76.68856666429468,75.66236878894875,75.97061737506473,6672500
BKNG,2018-08-31,76.43828582763672,76.49077497329979,75.9416410917222,75.9416410917222,7617500
BKNG,2018-09-04,75.41246795654297,76.41869657002962,75.25736874914378,76.40146166460744,9737500
BKNG,2018-09-05,74.11287689208984,75.5146939673226,74.01220921060722,75.5146939673226,13252500
BKNG,2018-09-06,74.79127502441406,74.84336822456814,73.31699188877596,74.06197022225709,10297500
BKNG,2018-09-07,74.49006652832031,75.3192469999784,74.01182219253036,74.24252488144452,8705000
BKNG,2018-09-10,73.46974182128906,75.04664227456134,73.3189457380909,75.00943071694874,9775000
BKNG,2018-09-11,73.67225646972656,73.93272250699042,72.31822155247653,73.23906032354039,9405000
BKNG,2018-09-12,73.4822769165039,74.0090883295797,73.133290596178,73.37770204576019,12590000
BKNG,2018-09-13,73.73804473876953,74.78187348892835,73.49481365693138,73.9942076039685,9835000
BKNG,2018-09-14,75.05643463134766,75.15199982588713,73.76819459216742,73.91703334848465,9800000
BKNG,2018-09-17,74.05726623535156,75.20018633903207,73.60918107191512,75.12184857041647,10440000
BKNG,2018-09-18,74.85432434082031,75.12576476236895,73.98244880173141,74.28835156336383,7467500
BKNG,2018-09-19,75.46809387207031,75.72268788718851,73.96443602416096,74.45638914747882,6707500
BKNG,2018-09-20,76.28905487060547,76.7144216270368,75.71210759698013,75.9855053597811,8210000
BKNG,2018-09-21,76.64156341552734,76.8522894593314,75.97061234947685,76.61257709830255,14935000
BKNG,2018-09-24,76.72069549560547,77.28118485906288,75.33414827962457,75.90756195629466,10962500
BKNG,2018-09-25,76.57381439208984,77.26317335579998,76.46414449680657,76.93415619924882,9500000
BKNG,2018-09-26,77.06340789794922,77.80486000057886,76.51074787259624,76.77826619380235,7590000
BKNG,2018-09-27,77.13507843017578,77.93606451165076,77.00347457247352,77.34893469894196,8645000
BKNG,2018-09-28,77.70928192138672,77.97327405350215,76.95020648861505,77.34188782813679,10415000
BKNG,2018-10-01,77.9133529663086,79.00614470034014,77.83972173699287,78.2470691811557,7775000
BKNG,2018-10-02,77.41905212402344,78.19497405489085,77.40338606435745,77.5522248372356,7432500
BKNG,2018-10-03,77.26395416259766,77.84677348394544,77.23927843492811,77.67248201360621,8770000
BKNG,2018-10-04,75.7273941040039,77.16055108299503,75.58991825352983,76.96510258826062,11085000
BKNG,2018-10-05,74.569580078125,75.96512931768457,74.42387153828159,75.71054279077809,9690000
BKNG,2018-10-08,74.45443725585938,75.08112451517891,73.67420467025424,74.223346048834,8087500
BKNG,2018-10-09,73.26372528076172,75.03255574423476,73.21320092823048,74.45835017571437,8195000
BKNG,2018-10-10,70.06134796142578,73.07728493307376,69.93288178547307,73.04829861284252,15882500
BKNG,2018-10-11,69.78600311279297,70.81651166229325,68.8244267250024,69.70413916698011,15325000
BKNG,2018-10-12,70.78321838378906,71.64021993758811,70.18042986989477,71.08481808503494,17465000
BKNG,2018-10-15,70.94615936279297,71.53054751765147,70.11148776597203,70.64260981906968,10177500
BKNG,2018-10-16,71.68798828125,71.89831837709215,71.28181377741959,71.48157283235753,8985000
BKNG,2018-10-17,72.48075866699219,72.78548110111124,71.42283266008837,71.84976082558893,8165000
BKNG,2018-10-18,70.96102905273438,72.81328459027048,70.81924263266266,72.58258189580638,8795000
BKNG,2018-10-19,70.72721099853516,71.91322226619546,70.34571213932227,71.17959934733155,6552500
BKNG,2018-10-22,71.57128143310547,72.50465598587755,70.79105626908483,70.92853959597228,6730000
BKNG,2018-10-23,71.67742919921875,72.12864467738216,69.94111845096839,69.99477303496406,10120000
BKNG,2018-10-24,68.6842041015625,72.35149643753812,68.37281781979713,71.60731004393492,13337500
BKNG,2018-10-25,70.6798095703125,71.07736292670249,68.93605082606638,69.35827990802541,11760000
BKNG,2018-10-26,69.35906219482422,70.54937642719325,68.58627796059035,70.11069687503637,13145000
BKNG,2018-10-29,70.0335464477539,72.10044303727993,68.92861474507856,70.53293296448145,11667500
BKNG,2018-10-30,71.91244506835938,72.66094222975971,69.52319485456363,70.12637938023423,10825000
BKNG,2018-10-31,73.42352294921875,74.34240415976294,72.27002439191168,72.4216049034805,11592500
BKNG,2018-11-01,74.26602935791016,74.73604851067036,73.1916529071949,73.74274410709415,8730000
BKNG,2018-11-02,73.44036102294922,74.61344774262687,72.73024854426417,74.47713734436392,8850000
BKNG,2018-11-05,73.28801727294922,73.83753968010994,72.0138816221795,73.39141925559548,16987500
BKNG,2018-11-06,76.35643005371094,78.72726452816424,76.22952525360778,77.8871169497336,22525000
BKNG,2018-11-07,78.26429748535156,78.94894982314814,76.99956020320201,77.28822806650562,15412500
BKNG,2018-11-08,77.45901489257812,79.09897587104263,77.35952755731233,77.98817216855706,10465000
BKNG,2018-11-09,75.8934555053711,77.31173061705412,75.28909078686424,77.06300858964617,9262500
BKNG,2018-11-12,74.6651611328125,75.9436074156984,74.10036112417137,75.52098233582171,10022500
BKNG,2018-11-13,74.81400299072266,75.63692325604642,74.58486908190723,75.04940481872872,10260000
BKNG,2018-11-14,73.96366119384766,75.79006849784736,73.83597942863284,75.6956687093473,7525000
BKNG,2018-11-15,73.98324584960938,74.38510982405442,72.0867260991522,73.32287319157344,9172500
BKNG,2018-11-16,72.66914367675781,73.42273561053803,71.73616529155917,73.04633185540452,8367500
BKNG,2018-11-19,69.7190170288086,73.43997895058531,69.71197215778092,72.64290745052683,13962500
BKNG,2018-11-20,68.56082153320312,69.74409095891848,67.63449940543997,68.9865842667495,20747500
BKNG,2018-11-21,68.95133972167969,70.06527372593087,68.80915731596495,69.69083465716096,9220000
BKNG,2018-11-23,69.095458984375,69.57839491924545,68.04497396572093,68.57217379846446,4015000
BKNG,2018-11-26,70.59794616699219,71.23520437470958,69.20082061795922,69.64419921105684,11297500
BKNG,2018-11-27,71.46631622314453,71.77183060098395,70.1020987143323,70.25054157257094,9925000
BKNG,2018-11-28,73.22260284423828,73.47562803780251,71.15061868808802,71.60927494406495,8712500
BKNG,2018-11-29,73.0541763305664,73.8375316163291,72.84109699909094,73.08746577384018,8952500
BKNG,2018-11-30,74.10114288330078,74.30598952333749,72.57045587489812,73.17834687051398,9025000
BKNG,2018-12-03,75.19078063964844,76.2146326110257,75.0207923306734,75.4167767869106,13387500
BKNG,2018-12-04,72.97544860839844,75.41953343746802,72.57554942631019,75.11637236946486,8885000
BKNG,2018-12-06,73.72355651855469,74.00830977540463,71.20271025420023,72.05500523026609,9920000
BKNG,2018-12-07,71.85407257080078,73.72042560416565,71.08951351984233,73.13525303498493,10235000
BKNG,2018-12-10,71.5211410522461,72.57202220892414,70.94341677001766,71.79649616519255,10792500
BKNG,2018-12-11,72.55282592773438,73.55708985150135,71.84623208544282,72.06244164317853,6605000
BKNG,2018-12-12,72.70167541503906,74.18496837637204,72.1474464380541,73.79798600738798,8147500
BKNG,2018-12-13,71.79766845703125,73.07219252062697,71.33587452335419,73.03263515694205,9040000
BKNG,2018-12-14,70.78204345703125,71.80589563489664,70.3668666886295,70.77264531447089,9977500
BKNG,2018-12-17,68.13349914550781,70.77498199128623,66.62513481251845,70.37155668844053,15822500
BKNG,2018-12-18,69.30463409423828,70.48829211827498,68.03480899339496,68.63133707696797,9797500
BKNG,2018-12-19,68.02030944824219,70.76246024086275,66.8499643249896,69.3046275904299,13102500
BKNG,2018-12-20,66.7884750366211,68.15269984179983,66.02783061961829,67.64351176737142,11845000
BKNG,2018-12-21,63.97660446166992,67.2079591293237,63.340907558561064,66.7665378098813,26092500
BKNG,2018-12-24,63.32798767089844,64.59154479989635,62.914372272270306,63.517952673270266,9680000
BKNG,2018-12-26,66.7128677368164,66.78180735882657,63.702810541083245,63.81404926797221,10340000
BKNG,2018-12-27,67.28276062011719,67.35639931038583,65.28833024323308,65.40191476660168,7912500
BKNG,2018-12-28,67.20561981201172,67.92709537543564,66.65452107567837,67.56087409854327,7025000
BKNG,2018-12-31,67.46373748779297,68.14056071549376,67.07480524878582,67.7794344309167,7005000
BKNG,2019-01-02,67.4355239868164,68.02579155467838,66.22680189568698,66.2428639031404,7815000
BKNG,2019-01-03,65.14106750488281,67.08223200420626,64.93973958741044,66.76770802730529,11130000
BKNG,2019-01-04,67.27297973632812,68.03792719044918,65.74816490454437,66.04192779645055,13525000
BKNG,2019-01-07,67.04854583740234,67.81545062528818,66.72658104617429,67.43708951392227,8370000
BKNG,2019-01-08,66.07325744628906,68.77859229750766,65.84726128864169,67.76218109667468,16310000
BKNG,2019-01-09,64.6072006225586,65.91502145176308,64.11877369469066,64.3275424201112,19657500
BKNG,2019-01-10,65.69763946533203,66.03644320597823,64.2354963657741,64.2354963657741,11492500
BKNG,2019-01-11,65.24954986572266,65.72583687609954,64.8202685000001,65.43364285611867,8280000
BKNG,2019-01-14,66.30670166015625,66.93143150779628,64.43133921727825,64.53160348692784,10980000
BKNG,2019-01-15,66.5193862915039,66.74929709971728,65.86331684336447,66.38973975484313,10902500
BKNG,2019-01-16,65.82454681396484,66.51586305763585,65.66669837590737,66.32785540028556,12592500
BKNG,2019-01-17,67.54559326171875,68.07044739708012,65.66670435847318,65.86998961756248,9080000
BKNG,2019-01-18,68.94583892822266,69.59524450202805,68.0543751907067,68.42725278914877,13815000
BKNG,2019-01-22,66.93730163574219,68.9227298525019,66.25186489577295,68.27685046989656,18950000
BKNG,2019-01-23,68.32111358642578,68.4100223977718,67.17740904507767,67.2612303091145,10947500
BKNG,2019-01-24,70.33277893066406,70.70526807637414,68.50011141580802,68.5040260630674,17392500
BKNG,2019-01-25,70.58853912353516,71.8372143612473,70.46359913397234,70.97199522161458,12080000
BKNG,2019-01-28,71.03506469726562,71.87326242408629,69.72607085512641,70.01748049460389,9695000
BKNG,2019-01-29,70.84706115722656,71.30141428578355,70.27520883425436,71.15335992191525,5307500
BKNG,2019-01-30,71.23483276367188,71.89206777964151,70.72094557931833,71.49451436816297,7512500
BKNG,2019-01-31,71.78749084472656,72.50700908346471,71.30023672720247,71.30023672720247,7872500
BKNG,2019-02-01,71.95001983642578,72.93353001380534,71.33077351778309,71.44435803978385,6955000
BKNG,2019-02-04,72.89124298095703,72.94099038524345,71.98842359167853,72.08438475822892,7987500
BKNG,2019-02-05,74.50770568847656,75.05488228970509,73.63308076306078,73.93075834115768,12197500
BKNG,2019-02-06,74.69061279296875,74.81086119784518,73.43136635726039,74.26015846639227,6075000
BKNG,2019-02-07,73.52066040039062,74.44463667140639,72.93118475627274,74.10974756806854,9065000
BKNG,2019-02-08,73.28682708740234,74.41878766195288,72.93118437916925,74.12032569710422,6900000
BKNG,2019-02-11,73.04830169677734,73.66284906513,72.7345695912356,73.36674034420483,8192500
BKNG,2019-02-12,74.23469543457031,74.41917692032568,72.91943373309839,73.51165112755858,6555000
BKNG,2019-02-13,75.20137786865234,75.35922634501324,74.37101673944426,74.39138934557971,6932500
BKNG,2019-02-14,74.51044464111328,75.30555138830185,74.45835144043541,74.8061648842845,5222500
BKNG,2019-02-15,75.73404693603516,75.77635351709196,74.3631732606118,75.41130517226424,8295000
BKNG,2019-02-19,75.80963897705078,76.45043087053978,74.77874202731854,75.49864864265854,8460000
BKNG,2019-02-20,75.4442138671875,76.18135550359666,75.20255159909897,75.8492155636638,8055000
BKNG,2019-02-21,74.66632843017578,75.69800977639099,74.43053070589075,75.38466617946779,10352500
BKNG,2019-02-22,74.83123016357422,75.35568834894373,74.30990220212526,75.21742807663477,9645000
BKNG,2019-02-25,74.02867889404297,75.78341228886703,73.86417403903481,75.54056965413065,11352500
BKNG,2019-02-26,75.03528594970703,75.19586864830349,73.8641565903176,73.8641565903176,9150000
BKNG,2019-02-27,74.6541748046875,76.46569255580582,74.30205830100081,74.6541748046875,18765000
BKNG,2019-02-28,66.46963500976562,69.08801826650159,66.27222923101779,68.70064752627935,49745000
BKNG,2019-03-01,67.1370620727539,67.61686780063299,66.50723721180297,66.90675532337194,31202500
BKNG,2019-03-04,66.89187622070312,67.76062167841476,66.19547237438357,67.51230303343401,26085000
BKNG,2019-03-05,68.38457489013672,68.49425227024363,66.95259814866718,67.17311086773373,15490000
BKNG,2019-03-06,68.607421875,69.16360803463725,68.35949174726315,68.4801286141898,15535000
BKNG,2019-03-07,67.56517791748047,68.8068085828135,67.34075055997583,68.40690190702965,14972500
BKNG,2019-03-08,67.2052230834961,67.34975875110109,66.3086716319218,66.90050062802806,19330000
BKNG,2019-03-11,66.97334289550781,67.52521847940275,66.32393731719348,67.43512930263498,17030000
BKNG,2019-03-12,67.99563598632812,68.16718570584615,66.17197050351551,66.96630031571226,17482500
BKNG,2019-03-13,68.96347045898438,69.32107798805951,68.1370241294127,68.1695366214018,17022500
BKNG,2019-03-14,68.30426025390625,69.80399567220886,68.10254390149808,69.2814949615897,13017500
BKNG,2019-03-15,68.62897491455078,68.86006610941291,68.31758862505255,68.61409327810539,19002500
BKNG,2019-03-18,68.79190826416016,69.15499926153183,68.6540364820011,68.84596625471572,10075000
BKNG,2019-03-19,69.09352111816406,70.0049542532119,68.1577932596699,68.58511742360902,12477500
BKNG,2019-03-20,69.5008544921875,69.75779429956293,68.5882337010677,69.20121963061061,9730000
BKNG,2019-03-21,69.49812316894531,69.90116005863742,68.97522634008436,69.1628455442907,10000000
BKNG,2019-03-22,67.43122863769531,68.98188489884308,67.019966492458,68.7022266400817,16402500
BKNG,2019-03-25,68.63758087158203,68.93095526773106,67.08339881780924,67.13431911025008,13992500
BKNG,2019-03-26,69.28306579589844,69.87019554319934,68.90509322353083,68.98264655542292,11560000
BKNG,2019-03-27,68.62662506103516,69.9916342671192,68.39553385466569,69.28739365835733,8887500
BKNG,2019-03-28,67.71713256835938,69.15420380414088,67.65250354656834,68.93525254178373,10432500
BKNG,2019-03-29,68.34461975097656,68.79974981311331,67.8949657128631,68.01912876779748,11002500
BKNG,2019-04-01,68.90550231933594,69.40450031942069,68.46956450607509,68.74295480779531,12560000
BKNG,2019-04-02,69.07470703125,69.38883506898296,68.59254798550977,69.17184108629671,12315000
BKNG,2019-04-03,69.52043151855469,70.35118085730132,69.28855592412641,69.65908771523581,12155000
BKNG,2019-04-04,69.74251556396484,70.15730379846894,69.2294129105624,69.53531568492643,9330000
BKNG,2019-04-05,69.30579376220703,70.03353711666978,69.26388313201869,70.03353711666978,9145000
BKNG,2019-04-08,70.06056213378906,70.23173083374498,69.18633323899414,69.24586725479148,8100000
BKNG,2019-04-09,70.28578186035156,70.38017416741735,69.23529671070787,69.5917238551565,9462500
BKNG,2019-04-10,70.73739624023438,70.85411848990647,69.40607977180021,70.26150504551075,9817500
BKNG,2019-04-11,71.23051452636719,71.41891067134598,70.7432679179263,70.89406402334295,10525000
BKNG,2019-04-12,71.79766845703125,72.38244507644603,71.5654043518444,71.59399472593736,10337500
BKNG,2019-04-15,72.3131103515625,72.38792194810587,71.51878810246384,71.83408902438445,9657500
BKNG,2019-04-16,72.13568878173828,72.98171583899423,72.03541702677572,72.53128483601724,10412500
BKNG,2019-04-17,72.06087493896484,72.70479708968935,71.97549229465928,72.4071195286604,8105000
BKNG,2019-04-18,72.23790740966797,72.62645106555959,72.06282407563971,72.36833836754472,8615000
BKNG,2019-04-22,72.23242950439453,72.58611489969401,71.71815392137232,71.83134998223828,7897500
BKNG,2019-04-23,73.93859100341797,74.23431124126839,72.35659530901611,72.43062248759483,13732500
BKNG,2019-04-24,73.13760375976562,74.18338985744367,72.9934640521641,73.91548304422203,12665000
BKNG,2019-04-25,73.09764099121094,73.82421140628777,72.73220422202552,73.26958662616825,9610000
BKNG,2019-04-26,73.16581726074219,73.77291641365446,72.4611806184075,73.16973190875515,13527500
BKNG,2019-04-29,73.49168395996094,73.8316606216608,73.07258510383234,73.23669399298504,10822500
BKNG,2019-04-30,72.65623474121094,73.99225768092343,72.54695331664576,73.32247939011356,10560000
BKNG,2019-05-01,71.65861511230469,73.06748462831457,71.60652191803185,72.75727873332089,10185000
BKNG,2019-05-02,70.81572723388672,71.69426677568741,70.50943594768893,71.46826311730415,13225000
BKNG,2019-05-03,71.44514465332031,71.67584734546882,71.06051565473652,71.13571572271253,12402500
BKNG,2019-05-06,70.5223617553711,70.9606528736765,69.798532953273,70.46164736390611,13502500
BKNG,2019-05-07,69.91487121582031,70.52510804017072,69.37473945928862,69.77582650969904,11930000
BKNG,2019-05-08,68.60782623291016,69.39079306398683,68.38730607719505,69.13189591660873,11615000
BKNG,2019-05-09,67.9968032836914,68.58706336392001,67.17349468805043,67.7382946195204,15697500
BKNG,2019-05-10,71.6715316772461,72.85244758262898,69.15577357094276,71.48156672660888,29210000
BKNG,2019-05-13,69.61170959472656,71.06210155789947,69.32735226566024,70.50238909564013,12325000
BKNG,2019-05-14,70.25444793701172,71.0820671133426,69.78560169603239,69.99789660074428,10260000
BKNG,2019-05-15,70.08838653564453,70.56466620735317,68.93606061776818,69.66419259905663,9520000
BKNG,2019-05-16,70.63203430175781,71.16040715911225,70.1107063162254,70.1107063162254,7625000
BKNG,2019-05-17,70.00454711914062,71.26301644653503,69.91485389283137,69.96851593219331,8655000
BKNG,2019-05-20,68.6313247680664,69.32734006527348,68.39435414329549,69.31676155314625,8800000
BKNG,2019-05-21,69.41313171386719,69.856898886982,68.82717466842878,69.02732224734024,8515000
BKNG,2019-05-22,68.34893798828125,69.52319801331959,68.26629707267404,68.83188157799638,9197500
BKNG,2019-05-23,67.24870300292969,68.42452423656621,66.78730498645717,68.42452423656621,12095000
BKNG,2019-05-24,66.917724609375,67.82250115587392,66.88285884979685,67.82015535589373,6732500
BKNG,2019-05-28,66.0293960571289,67.72067314625795,66.012945573224,66.88286389648559,9770000
BKNG,2019-05-29,66.03408813476562,66.17509760380331,65.10542031610942,65.6819716153403,7937500
BKNG,2019-05-30,65.53040313720703,66.33138936331082,65.42112171247545,66.07640684297218,6645000
BKNG,2019-05-31,64.87081146240234,65.10268709010212,64.25665257724314,64.6310990690135,9160000
BKNG,2019-06-03,64.64521026611328,66.28047224371471,64.56374225996524,64.96011530005661,11557500
BKNG,2019-06-04,68.42765808105469,68.47779395829626,65.5476354466455,65.5476354466455,16200000
BKNG,2019-06-05,69.1314926147461,69.21727119590156,67.99915109547105,68.76919353168428,9717500
BKNG,2019-06-06,68.73432922363281,69.19533867984411,68.40257782720806,69.17105890326879,8392500
BKNG,2019-06-07,69.65203857421875,70.0985548781077,68.79112997900123,69.14128918661018,8440000
BKNG,2019-06-10,69.76289367675781,71.0668001061103,69.65244681965356,69.81969342341391,7457500
BKNG,2019-06-11,70.64456176757812,70.99824716221828,70.15339306352449,70.48279868010705,8775000
BKNG,2019-06-12,70.45929718017578,71.05073017267976,69.68494407169594,70.66571265105235,5307500
BKNG,2019-06-13,70.87525177001953,72.0432434808107,70.58266926001636,70.58266926001636,7980000
BKNG,2019-06-14,69.5427474975586,70.95984955509068,69.4342579985946,70.8235466416767,8137500
BKNG,2019-06-17,69.77424621582031,70.0092520509221,69.24900365459382,69.56234725829648,7030000
BKNG,2019-06-18,70.85449981689453,71.35232494276268,70.14712898885679,70.83060851397684,10320000
BKNG,2019-06-19,72.14978790283203,72.24182693769156,70.8584174898654,70.97239797321377,10505000
BKNG,2019-06-20,72.90377044677734,73.31973161289513,72.25514923654228,72.93354119063012,13625000
BKNG,2019-06-21,73.63582611083984,73.76077360210853,72.44472726372989,72.82739903325191,18895000
BKNG,2019-06-24,73.27586364746094,74.00125378203506,73.2175025305348,73.67381295319838,8780000
BKNG,2019-06-25,72.28335571289062,73.83127013588422,72.11022967480892,73.66833413473802,8055000
BKNG,2019-06-26,71.68604278564453,73.17168143097274,71.61436140457663,72.39419805326382,6937500
BKNG,2019-06-27,72.27159118652344,72.80349010008592,71.78825929502716,71.87325345131806,10677500
BKNG,2019-06-28,73.42862701416016,73.51832025448174,72.25828188320075,72.56183889086249,15342500
BKNG,2019-07-01,74.35728454589844,74.65417764639433,73.77055068598685,74.41917182715729,11362500
BKNG,2019-07-02,74.73212432861328,74.81085056559728,74.00476950236553,74.50690513461475,5550000
BKNG,2019-07-03,75.18883514404297,75.38310325874576,74.61501805351048,74.66280812925858,4322500
BKNG,2019-07-05,75.38858795166016,75.539780005492,74.4744056987029,74.60562109713666,4255000
BKNG,2019-07-08,73.46974182128906,75.28086366670543,73.43997108105896,75.15278598276443,8577500
BKNG,2019-07-09,73.55239868164062,74.01732286711992,73.08787044335703,73.36164925243357,9020000
BKNG,2019-07-10,73.22025299072266,74.14461788816085,72.80860237019895,74.04787229751474,7980000
BKNG,2019-07-11,73.40745544433594,73.60055809438661,73.19438361355229,73.45759131111441,6760000
BKNG,2019-07-12,73.73295593261719,73.83087440842114,73.22416385245938,73.5582610643636,6705000
BKNG,2019-07-15,73.71063232421875,73.84106330122006,73.33384002477214,73.70984790056417,7105000
BKNG,2019-07-16,73.98442840576172,74.31030791790373,73.46231595202198,73.63152736281074,6477500
BKNG,2019-07-17,73.1556167602539,74.30519320925013,73.10822263638674,73.93936794797531,7120000
BKNG,2019-07-18,73.8673095703125,74.24998132059771,72.92414095852173,72.92414095852173,5765000
BKNG,2019-07-19,73.71768188476562,74.48145649164672,73.71768188476562,74.26368555195245,4950000
BKNG,2019-07-22,74.17242431640625,74.67769025579447,73.74314287969449,73.77878559548148,6985000
BKNG,2019-07-23,74.4289779663086,74.82574692331495,73.94681889108378,74.36552182771301,5487500
BKNG,2019-07-24,75.17315673828125,75.23504402323134,74.27269076569686,74.27269076569686,5302500
BKNG,2019-07-25,75.442626953125,75.55151987930635,74.61618821369814,74.88879406416174,6202500
BKNG,2019-07-26,77.03755187988281,77.15622394904173,75.98588650250545,75.98588650250545,9545000
BKNG,2019-07-29,75.18490600585938,76.88597704568046,74.7399585530348,76.72146474932474,7622500
BKNG,2019-07-30,75.06897735595703,75.40973846074196,74.55979675790765,74.80538112634636,5187500
BKNG,2019-07-31,73.89472961425781,75.02550999573292,73.09805396329848,74.66711801332977,6750000
BKNG,2019-08-01,73.63032531738281,75.10421977245598,73.15561461051114,73.85006102424614,5960000
BKNG,2019-08-02,72.3072509765625,73.43920426907778,72.04521610479742,73.40513039737084,7605000
BKNG,2019-08-05,70.05587005615234,71.28496483902995,69.44837500710565,71.28496483902995,10785000
BKNG,2019-08-06,69.97439575195312,71.1286788241799,69.22237257580973,70.47104795534477,9847500
BKNG,2019-08-07,71.34683227539062,71.52857200377001,68.73981184321063,68.87298454835681,13557500
BKNG,2019-08-08,76.02547454833984,76.72266289536255,74.22335439563844,74.41919138468565,19925000
BKNG,2019-08-09,75.11207580566406,75.50100803187861,74.30207986315699,75.4587089161331,10050000
BKNG,2019-08-12,75.08073425292969,75.4685010394964,74.07333250226672,74.43642356017473,7027500
BKNG,2019-08-13,76.11083984375,76.92200851012976,74.71959369129186,74.71959369129186,9607500
BKNG,2019-08-14,74.07410430908203,75.44655420780663,74.02592576018255,74.75445355233339,11010000
BKNG,2019-08-15,74.60210418701172,75.19119147334249,73.395735183972,74.4203644128171,7262500
BKNG,2019-08-16,75.288330078125,75.84725064687494,74.61542153854052,75.5550640216744,6020000
BKNG,2019-08-19,76.13199615478516,76.76456283911958,75.64944862163377,76.17664853597239,7085000
BKNG,2019-08-20,75.76656341552734,76.46062147898634,75.56328562440189,76.08421764848046,5760000
BKNG,2019-08-21,76.60279846191406,76.67525679182495,75.97414643555344,76.20876380341112,5075000
BKNG,2019-08-22,76.47431945800781,77.06379508653735,75.5276322816912,76.8652163946681,5115000
BKNG,2019-08-23,74.36708068847656,76.45316921419015,74.14812939812856,76.10261406377765,7585000
BKNG,2019-08-26,75.07759094238281,75.1437813504386,74.50612716429933,75.133598785407,5480000
BKNG,2019-08-27,75.20213317871094,75.6647114372163,74.90210987630658,75.2706768490187,6905000
BKNG,2019-08-28,76.06423950195312,76.29728803447459,74.55901268590713,74.88136598386413,5707500
BKNG,2019-08-29,76.6572265625,77.42570012128313,76.29923061697055,77.02110194895457,7820000
BKNG,2019-08-30,77.02032470703125,77.28744708227967,76.49508215091225,77.23143923891807,6772500
BKNG,2019-09-03,76.05563354492188,77.0787013921611,75.64984741147687,76.6345307906188,8537500
BKNG,2019-09-04,76.72187042236328,76.90869772488381,75.81787071951618,76.80373436914111,7000000
BKNG,2019-09-05,78.11820983886719,78.76447779555018,77.06067230534816,77.32349157680721,11007500
BKNG,2019-09-06,77.068115234375,78.58430904454794,76.87697733658008,78.58430904454794,10325000
BKNG,2019-09-09,78.03243255615234,78.12095289724897,77.2933336528093,77.57769096086572,9242500
BKNG,2019-09-10,79.0707778930664,79.0707778930664,76.92711968389784,77.68345356703878,11402500
BKNG,2019-09-11,80.30065155029297,80.4577155807748,78.39003455696786,78.85300140594947,9990000
BKNG,2019-09-12,79.95792388916016,80.9629722011319,79.796937758911,80.52938020087525,11055000
BKNG,2019-09-13,80.83881378173828,81.14745832978184,79.88703151156727,80.17765672839427,9820000
BKNG,2019-09-16,81.19328308105469,81.54031208943408,79.7072485679705,80.57795131268783,9847500
BKNG,2019-09-17,81.36915588378906,81.51799467137928,80.61438343239985,80.9837423892461,6582500
BKNG,2019-09-18,80.62220764160156,81.42436662818176,79.78440594333162,81.16428913456303,4627500
BKNG,2019-09-19,80.63005065917969,80.79182123354443,80.16630685186043,80.4408700803195,6402500
BKNG,2019-09-20,79.57251739501953,80.58540256062446,79.48986902550546,80.14632702763608,12685000
BKNG,2019-09-23,78.70455169677734,79.51101386434252,78.61563541406905,78.96266441460389,7887500
BKNG,2019-09-24,77.96936798095703,79.15811339437202,77.78449054337318,78.83811338784732,7070000
BKNG,2019-09-25,78.08256530761719,78.36104316251016,76.84759864712122,78.00892660669219,8335000
BKNG,2019-09-26,77.4919204711914,78.1041146335769,76.9259400726079,78.1041146335769,7685000
BKNG,2019-09-27,76.15235900878906,77.52716223023913,75.86291416940843,77.14370608952756,7640000
BKNG,2019-09-30,76.87149810791016,77.65877561673548,76.07756420368177,76.49509426280704,5662500
BKNG,2019-10-01,77.47545623779297,77.85655910143953,76.9541283187557,77.43511445307747,5867500
BKNG,2019-10-02,76.04228973388672,77.12176104872746,75.59068592347158,77.12176104872746,7232500
BKNG,2019-10-03,76.82605743408203,76.93768465642641,75.13321887822819,75.85077229001743,5305000
BKNG,2019-10-04,77.67797088623047,77.74337688402122,76.97724890236051,77.18601767543448,4055000
BKNG,2019-10-07,76.43869018554688,77.56281416876872,76.34155611964813,77.20050753948927,6352500
BKNG,2019-10-08,75.9150161743164,76.60202191758788,75.34198345865858,75.87036378928451,4257500
BKNG,2019-10-09,76.11632537841797,76.54051176736372,75.44537427278911,76.52328433141956,5757500
BKNG,2019-10-10,76.88323974609375,77.17777960220035,75.7446227418564,76.09126326646822,5687500
BKNG,2019-10-11,77.4421615600586,78.48442895178204,77.27609534555238,77.72104283170901,6930000
BKNG,2019-10-14,77.89534759521484,78.11624877226521,76.94630701127241,76.94630701127241,4412500
BKNG,2019-10-15,78.97793579101562,79.24114350620414,78.00696139413871,78.03085269389952,6835000
BKNG,2019-10-16,79.41820526123047,79.78872968556479,78.99401131123095,78.99401131123095,7500000
BKNG,2019-10-17,79.45343780517578,80.08953064264168,79.17299515997486,79.62852115403773,4997500
BKNG,2019-10-18,78.86592102050781,79.66455391558543,78.60858524845636,79.54470145692488,8805000
BKNG,2019-10-21,79.20708465576172,79.70686713407983,79.017508127416,79.22431956476603,4862500
BKNG,2019-10-22,79.2387924194336,79.64026786800494,78.72804303364133,79.47340977079911,4660000
BKNG,2019-10-23,79.59835815429688,79.69431930420896,78.97088653559189,79.10601656903756,4402500
BKNG,2019-10-24,80.0495834350586,80.13105143577826,78.98107887101175,79.70686500011915,4297500
BKNG,2019-10-25,80.5266342163086,80.64139911503949,79.11032390312016,79.12442111467499,6060000
BKNG,2019-10-28,80.57051849365234,81.45767928101476,80.18824267944008,80.4126700340375,4892500
BKNG,2019-10-29,80.01237487792969,80.58540759338868,79.81418462828937,80.45654545700789,4442500
BKNG,2019-10-30,80.27674865722656,80.32805742842224,79.52471805972489,79.72761481524373,3757500
BKNG,2019-10-31,80.24620056152344,80.65354801415603,79.56154815172786,80.14084126275813,4810000
BKNG,2019-11-01,79.59013366699219,79.96458012876454,78.6395243531535,79.2611240070334,8330000
BKNG,2019-11-04,78.63677978515625,80.12908208438166,78.44681481391811,79.98102774271116,8207500
BKNG,2019-11-05,79.33202362060547,79.50319233749836,78.39826061761825,78.68810143069845,6392500
BKNG,2019-11-06,78.80950164794922,79.21489169539232,78.39118729005946,79.06292272249893,9457500
BKNG,2019-11-07,72.45804595947266,76.19036378331758,72.243405224402,76.07208016080622,45682500
BKNG,2019-11-08,73.60409545898438,76.53425380476712,72.10826688078158,76.0250657660851,25842500
BKNG,2019-11-11,74.26407623291016,74.34006073697122,72.57202212871194,73.20497730584046,11780000
BKNG,2019-11-12,73.4728775024414,74.47205384336712,72.8614678833298,74.47205384336712,12415000
BKNG,2019-11-13,72.81682586669922,73.31699682299292,72.56418914388725,72.67973848864676,10650000
BKNG,2019-11-14,73.06985473632812,73.43999067566179,72.49839084404051,72.67190537279143,6922500
BKNG,2019-11-15,72.41455078125,73.40041426753344,72.18777020480779,73.39493077355831,9160000
BKNG,2019-11-18,71.99193572998047,72.58415309953931,71.54816117923703,72.34483667991513,9050000
BKNG,2019-11-19,72.27669525146484,72.63156106324827,71.81099410603329,72.26495130805053,6850000
BKNG,2019-11-20,72.53206634521484,72.72281575786455,71.95160033599268,72.3064586409651,8867500
BKNG,2019-11-21,73.3738021850586,73.47916150062579,72.2488937045334,72.51327439081346,8567500
BKNG,2019-11-22,73.53907012939453,73.83126418547982,73.26136923317846,73.69261544629781,5997500
BKNG,2019-11-25,74.32283782958984,74.51984770853272,73.44037611291739,73.83519523590294,7467500
BKNG,2019-11-26,73.92800903320312,74.40938364503599,73.71493717312575,74.40742632140287,8240000
BKNG,2019-11-27,74.67181396484375,75.05957322143266,73.75449407895259,74.14500255345195,6570000
BKNG,2019-11-29,74.57701873779297,74.81085165233026,74.38313912763093,74.6107041247466,3840000
BKNG,2019-12-02,73.80973052978516,74.55588177414816,73.15641022109757,74.3490703471159,10007500
BKNG,2019-12-03,73.63504028320312,73.69770452418655,72.5594834431479,73.06357647183141,4817500
BKNG,2019-12-04,75.26246643066406,75.55505644442842,73.63504140351122,74.2092395002284,10590000
BKNG,2019-12-05,74.58447265625,75.55505871887125,74.47832892994575,75.55505871887125,9070000
BKNG,2019-12-06,75.60480499267578,75.8261021298093,75.21077775265711,75.33063022619142,7482500
BKNG,2019-12-09,74.64595794677734,75.54134385592181,74.5437288763266,75.51901393107694,8577500
BKNG,2019-12-10,74.60053253173828,75.45321595958549,74.48106854815097,74.51318509279744,5970000
BKNG,2019-12-11,75.43285369873047,75.58717598019369,74.59465592869556,75.04195671198109,6685000
BKNG,2019-12-12,76.31803894042969,76.73165427247247,75.3772237462551,75.62750715371644,7560000
BKNG,2019-12-13,77.30195617675781,77.9443095699119,76.34156004662833,76.8033465659523,9892500
BKNG,2019-12-16,78.14091491699219,78.25803309237604,77.68852663413392,77.68852663413392,6602500
BKNG,2019-12-17,78.40924072265625,78.7919125388194,77.98348536269806,78.3359979511344,7782500
BKNG,2019-12-18,78.0034408569336,78.67556487573064,77.46527397601946,78.67556487573064,9495000
BKNG,2019-12-19,78.45818328857422,78.92232299937851,78.13073499369489,78.17930202079923,6937500
BKNG,2019-12-20,79.24702453613281,79.31517974333572,78.42763055594844,79.0018361221901,14580000
BKNG,2019-12-23,79.59326934814453,79.96145538795453,79.02846939315477,79.35473732831876,5490000
BKNG,2019-12-24,80.05936431884766,80.18861490554681,79.56153925984115,79.59874334756798,2432500
BKNG,2019-12-26,80.85527801513672,81.03114582123253,80.2023460927474,80.2685439870516,4565000
BKNG,2019-12-27,81.17723083496094,81.50819784527353,80.43734751666067,80.80356129584723,7000000
BKNG,2019-12-30,80.44595336914062,81.57399180613139,80.31278066025756,81.15567739677438,5617500
BKNG,2019-12-31,80.44046020507812,80.60731828290525,79.90150898723151,80.15766433858751,5672500
BKNG,2020-01-02,81.25712585449219,81.36796864448701,80.42049699650609,81.01506767301196,8225000
BKNG,2020-01-03,80.90070343017578,80.9872664471314,79.70686293664353,79.99944548571142,7350000
BKNG,2020-01-06,80.19255828857422,80.6778476410872,79.70687298883787,80.29439143200476,9600000
BKNG,2020-01-07,81.00135040283203,81.18857361961443,79.84550608572889,80.1921391025872,8632500
BKNG,2020-01-08,80.79964447021484,81.80861495251395,80.57403676683812,80.95396674342433,8145000
BKNG,2020-01-09,81.63743591308594,81.86108626445323,81.15606134681839,81.15606134681839,6845000
BKNG,2020-01-10,81.73966979980469,82.01776663052013,81.3495572839382,81.79724648951117,4962500
BKNG,2020-01-13,81.48899841308594,81.87088568991837,81.19563146848849,81.87088568991837,6372500
BKNG,2020-01-14,81.13570404052734,81.70442608816145,80.96650013577785,81.25790976589677,8292500
BKNG,2020-01-15,80.88816833496094,81.62569839462006,80.74011397354238,81.21717802700218,7725000
BKNG,2020-01-16,80.48042297363281,81.19563049365738,79.94068726883087,81.19563049365738,13670000
BKNG,2020-01-17,80.47809600830078,80.84431734113645,80.17337350274124,80.68608038042997,11770000
BKNG,2020-01-21,77.96663665771484,78.9043143480747,76.92085043876695,78.57099403710711,17792500
BKNG,2020-01-22,78.36652374267578,78.89373110100102,78.02420128875515,78.50557589742294,8932500
BKNG,2020-01-23,78.06963348388672,78.58626234876971,77.36147825452726,77.79702760021289,9212500
BKNG,2020-01-24,76.88520812988281,78.36771665404088,76.5632432842312,78.2576508009424,14510000
BKNG,2020-01-27,74.76737213134766,75.12028053527771,73.16736481158847,74.67023808812282,17722500
BKNG,2020-01-28,75.10266876220703,75.86918520343517,74.41918917413379,74.99378327999989,12812500
BKNG,2020-01-29,74.1822280883789,75.71330369049556,74.03103601622438,75.3607911340827,11130000
BKNG,2020-01-30,73.32599639892578,73.85163490532639,72.80780618119603,73.29975182710962,14722500
BKNG,2020-01-31,71.69895935058594,73.08472203755343,71.30296738870382,73.08472203755343,17945000
BKNG,2020-02-03,72.03112030029297,72.78040184022292,71.67939217373316,72.02485238121344,15865000
BKNG,2020-02-04,73.02910614013672,74.24292323720658,72.3894945976862,72.73730802720718,16565000
BKNG,2020-02-05,75.95809173583984,76.14178880464634,73.74196802666523,74.36825931013567,13807500
BKNG,2020-02-06,76.80450439453125,77.23926929843421,75.86878417761507,76.72617409661692,10300000
BKNG,2020-02-07,74.79480743408203,76.76926912774414,74.58212402107657,76.38659736321503,11237500
BKNG,2020-02-10,73.8958969116211,74.91230824059484,73.75332604730987,74.48537260060019,11755000
BKNG,2020-02-11,74.78343963623047,75.15905899621028,74.13011939021138,74.2029661926371,10222500
BKNG,2020-02-12,76.78336334228516,77.0434408781197,74.85826065143416,75.35725869608795,11830000
BKNG,2020-02-13,76.76691436767578,76.80373745673303,75.55897659740452,76.14258034949692,9720000
BKNG,2020-02-14,77.98189544677734,79.31047742613345,77.7351381956787,78.27487392441391,13397500
BKNG,2020-02-18,77.40692138671875,77.87341441455708,76.84564009538873,77.24907292996306,9087500
BKNG,2020-02-19,77.101806640625,77.94391912042086,76.86013689905799,77.66073468739854,6032500
BKNG,2020-02-20,77.19659423828125,77.85657099565013,76.62787210602002,76.7692700830493,8980000
BKNG,2020-02-21,75.54407501220703,77.0865055765517,75.28712776314633,76.96508429263638,8962500
BKNG,2020-02-24,70.21018981933594,71.89284578257694,69.63598423762684,71.71384777659537,22150000
BKNG,2020-02-25,67.62667083740234,70.94537300780463,67.01682254840213,70.61988949331078,23957500
BKNG,2020-02-26,65.7317123413086,68.26744736665368,65.00475342312285,67.80840270756254,22582500
BKNG,2020-02-27,65.01298522949219,67.76061947951402,62.373067284607934,63.177187413466065,33450000
BKNG,2020-02-28,66.41559600830078,67.29060937682384,64.02164710817298,64.37807427047883,24425000
BKNG,2020-03-02,67.72066497802734,67.87498723281202,64.69610716309256,66.96746150948658,21730000
BKNG,2020-03-03,65.92051696777344,68.54359992224703,64.50694064452507,67.62863318257638,17607500
BKNG,2020-03-04,67.84406280517578,68.03050165307461,65.45912325699611,66.47396587661142,14837500
BKNG,2020-03-05,64.52691650390625,65.80379390873097,63.94488159984414,65.13598040696587,19720000
BKNG,2020-03-06,63.1423225402832,65.95889646057319,62.04209741883226,62.78981002887041,26937500
BKNG,2020-03-09,59.840850830078125,62.22500544052434,57.831923370426175,58.124901841406604,19257500
BKNG,2020-03-10,61.06289291381836,63.25629811496962,58.74963152571723,62.27514110703027,18550000
BKNG,2020-03-11,56.49982452392578,59.86944684740088,55.640477260909854,59.62503912949324,20745000
BKNG,2020-03-12,50.150691986083984,53.65975117823566,50.135025926262024,50.8008820282512,32052500
BKNG,2020-03-13,55.67063903808594,55.68395556319431,49.77742485894075,52.3597698903771,28827500
BKNG,2020-03-16,50.5137825012207,55.298546359908876,49.0469401648477,49.939188444721175,24672500
BKNG,2020-03-17,53.592002868652344,53.68052322189514,49.073976035228924,51.29284189701391,27002500
BKNG,2020-03-18,48.32350540161133,51.979446133835225,45.63149055545335,50.05120588524625,23335000
BKNG,2020-03-19,46.667877197265625,48.43670398239439,45.04319012663551,47.43870417673961,24515000
BKNG,2020-03-20,46.1175651550293,50.916429865644915,45.33342167555525,47.64159194444881,28662500
BKNG,2020-03-23,45.13092041015625,48.025435869373084,43.37031908718217,45.70825614902324,21497500
BKNG,2020-03-24,49.330909729003906,50.09586100380597,47.024308226477245,47.730898381103195,21350000
BKNG,2020-03-25,53.49759292602539,56.77321121044928,48.84051885183712,49.33090310362602,24967500
BKNG,2020-03-26,55.070194244384766,55.989856218666816,53.01465700178778,54.06474994545705,15412500
BKNG,2020-03-27,49.16170883178711,53.090648115121816,49.10139038410918,52.67585980053497,17537500
BKNG,2020-03-30,51.240745544433594,51.77577854378618,47.66666459607223,49.401417627065584,15020000
BKNG,2020-03-31,52.693477630615234,54.45877804658666,50.76210353921043,51.03627825303882,19257500
BKNG,2020-04-01,49.80718994140625,52.02840492030099,48.88870086742554,50.6759353525518,14070000
BKNG,2020-04-02,49.351661682128906,52.28886829108592,48.61608534168067,49.78133152917105,14345000
BKNG,2020-04-03,48.203269958496094,50.102135773818866,47.12223315508286,48.732038812800134,11057500
BKNG,2020-04-06,53.138427734375,53.399678149078106,50.63676637839196,51.04685556953573,18787500
BKNG,2020-04-07,53.90964126586914,58.556140723251495,53.53441411409931,55.30559026260748,19585000
BKNG,2020-04-08,53.74082946777344,55.96008703739779,53.268853006750525,54.15561771458658,19522500
BKNG,2020-04-09,55.64361572265625,56.79358828824777,54.952691621971866,55.804986612230536,25820000
BKNG,2020-04-13,55.658103942871094,55.93227866668042,53.59708323737033,55.35180894045092,10110000
BKNG,2020-04-14,56.77086639404297,57.57537872750041,55.775216172300674,57.18878862103096,14475000
BKNG,2020-04-15,55.79910659790039,56.40189874510689,54.46974400212732,55.14225646182094,11320000
BKNG,2020-04-16,55.12502670288086,56.10226532595657,54.48345413290843,56.10226532595657,12210000
BKNG,2020-04-17,57.611026763916016,58.15115103444687,56.801030861016024,57.53778026796974,17282500
BKNG,2020-04-20,55.29071044921875,57.57694682080457,55.22686956944871,57.265560511086576,11480000
BKNG,2020-04-21,52.572059631347656,54.3549872773624,51.59990850091544,54.161888330215184,16317500
BKNG,2020-04-22,53.072628021240234,54.05143557462631,52.56344369509099,53.46469789793229,8915000
BKNG,2020-04-23,53.26846694946289,54.40394627809805,52.90772920616358,53.035414693760664,9317500
BKNG,2020-04-24,53.3769645690918,53.83953921204512,52.432623050528555,53.75376061517358,8362500
BKNG,2020-04-27,54.952293395996094,55.27543108696349,53.70087631054854,53.85324125268753,11422500
BKNG,2020-04-28,56.37526321411133,57.32822199352593,55.25819182852635,56.17472347387076,15337500
BKNG,2020-04-29,59.55611038208008,59.8381181718564,57.70620397742569,58.27531457565794,17575000
BKNG,2020-04-30,57.99095153808594,59.55179392130034,57.372489544177,59.32109493473387,11272500
BKNG,2020-05-01,56.74618911743164,57.197012299854045,55.43484577873399,56.50961443136937,11462500
BKNG,2020-05-04,55.356117248535156,56.610276055289404,54.38514281920502,55.45129397434066,11785000
BKNG,2020-05-05,54.568843841552734,56.65101416665353,54.20301481201969,56.529200648962544,10647500
BKNG,2020-05-06,54.00912857055664,55.475970781694905,53.111792819644165,54.7356953081798,13165000
BKNG,2020-05-07,56.555049896240234,56.73835474504888,54.130157553801354,54.53202148823025,16370000
BKNG,2020-05-08,56.04273223876953,56.568367013286895,53.50738929460249,56.44067779482953,21935000
BKNG,2020-05-11,55.266029357910156,55.96987769718745,54.95738856095499,55.89350098769367,14117500
BKNG,2020-05-12,54.28369903564453,55.382754984669745,54.25197470280717,54.877877523823855,12672500
BKNG,2020-05-13,53.5062141418457,54.40120412517515,52.34096781342499,54.0259732245684,19522500
BKNG,2020-05-14,54.150142669677734,54.40199123717046,51.04568875496355,52.82743995482605,17717500
BKNG,2020-05-15,54.220638275146484,55.20689036032962,53.743574240062664,53.93471212940495,15815000
BKNG,2020-05-18,61.001407623291016,61.94653359323734,56.01023167399696,56.01023167399696,33050000
BKNG,2020-05-19,60.614810943603516,62.62295395489846,60.481638233828335,60.956744912323934,20710000
BKNG,2020-05-20,62.6354866027832,62.89360304782472,61.81491604233713,61.827451878136316,17500000
BKNG,2020-05-21,62.49958419799805,63.5868850661167,61.72053195309087,62.86462509560067,15797500
BKNG,2020-05-22,63.894737243652344,64.12935460155842,62.06755324757946,62.345254136867304,14365000
BKNG,2020-05-26,68.42294311523438,69.12757203895023,66.27653638835216,66.75477322877317,30025000
BKNG,2020-05-27,66.53583526611328,70.0323546175425,66.29612290426266,69.55960122924601,25447500
BKNG,2020-05-28,64.58763122558594,66.89893189180107,64.392967148621,66.4128581494805,16602500
BKNG,2020-05-29,64.21277618408203,64.90135063468026,63.39064055275477,64.90135063468026,17220000
BKNG,2020-06-01,65.43914031982422,65.96555583985092,63.966030017876214,63.966030017876214,12252500
BKNG,2020-06-02,64.8230209350586,66.27419718648268,64.76740903478832,66.19390208920905,12840000
BKNG,2020-06-03,67.60276794433594,68.30269782968139,66.36192202367788,66.74342079115628,14937500
BKNG,2020-06-04,68.25569915771484,68.5118620170413,66.82058500700319,67.16918284718199,12560000
BKNG,2020-06-05,70.99746704101562,72.59317150516368,70.61401087988924,71.55051559447622,25860000
BKNG,2020-06-08,72.10474395751953,73.321302845776,71.50390533192133,72.3276099197562,16800000
BKNG,2020-06-09,69.63951110839844,71.22072243296806,69.32734784649988,70.81846998176148,11260000
BKNG,2020-06-10,67.89027404785156,70.2282153206814,67.2796487430852,70.18708910576095,13410000
BKNG,2020-06-11,62.2132568359375,64.89195498922705,61.75107447075391,64.8563122765207,23002500
BKNG,2020-06-12,63.605690002441406,65.17514998797266,61.60498748811282,64.76701807534066,12235000
BKNG,2020-06-15,64.65342712402344,65.21195915095737,60.906616514547075,61.40209208877932,10245000
BKNG,2020-06-16,65.55703735351562,67.44140983484475,64.30405123910438,67.22481177608536,11365000
BKNG,2020-06-17,64.16657257080078,65.74661100157152,63.687543718426525,65.72075490359946,8875000
BKNG,2020-06-18,63.77919387817383,64.94052175723597,62.31352459804489,63.546145372938454,13665000
BKNG,2020-06-19,63.72280502319336,64.92056031909888,62.66879351123264,64.78386887817388,18855000
BKNG,2020-06-22,63.981693267822266,64.09019026290369,62.42868388012509,63.05028358237323,8347500
BKNG,2020-06-23,65.68863677978516,65.7434717276488,64.2355031906974,64.71727377895766,9082500
BKNG,2020-06-24,63.07339859008789,65.401545833334,61.96376771125583,65.04668000481739,14932500
BKNG,2020-06-25,63.27157211303711,63.60763409504043,61.16942537559718,62.112982293368,12465000
BKNG,2020-06-26,60.36766052246094,63.1274344172332,60.037866447578025,62.56302299221555,15042500
BKNG,2020-06-29,62.40322494506836,62.48469293953074,60.33750514545376,61.40639810388469,9145000
BKNG,2020-06-30,62.36875915527344,62.7956910685215,61.35352444129992,62.03818061445841,7340000
BKNG,2020-07-01,64.97147369384766,65.41054923630159,62.71343920764159,62.905750007053726,13470000
BKNG,2020-07-02,65.40978240966797,67.13747972803019,64.9562135841761,66.19823299312762,9020000
BKNG,2020-07-06,66.73285675048828,68.07396722699303,65.80888784173568,66.82803348944564,11020000
BKNG,2020-07-07,64.91898345947266,66.481010009255,64.80970950966388,65.85549564926741,6677500
BKNG,2020-07-08,65.06978607177734,65.2523027756889,63.97112232377906,65.09720354561614,8312500
BKNG,2020-07-09,65.42151641845703,65.79047942790775,63.7451208675397,65.48496508694463,10165000
BKNG,2020-07-10,66.87541961669922,66.93025456021064,64.74390169056193,65.04549387987473,8085000
BKNG,2020-07-13,66.06700134277344,68.13585530239713,65.99845765439285,67.40380871049247,10015000
BKNG,2020-07-14,66.43791198730469,66.72501848362084,64.732537798588,65.35922499251939,6527500
BKNG,2020-07-15,70.4765396118164,70.60931639631009,68.34971296461448,68.42648189712204,16170000
BKNG,2020-07-16,68.41825103759766,69.46443310142925,67.78686472013578,69.2180643150924,6292500
BKNG,2020-07-17,67.84639739990234,68.82285538955647,67.33133738200928,68.82285538955647,9217500
BKNG,2020-07-20,67.12022399902344,68.46564499875355,66.60203374840692,67.52601007867307,7707500
BKNG,2020-07-21,67.04424285888672,69.04024250613556,66.72698457310719,67.99211053927701,9565000
BKNG,2020-07-22,67.39009094238281,67.69481335444908,65.85117888695689,67.28903477361132,9187500
BKNG,2020-07-23,66.40775299072266,67.73437760279877,66.2781064513737,67.41906921051101,6595000
BKNG,2020-07-24,66.6364974975586,66.94748782076951,65.48769798853974,65.73445522827397,8122500
BKNG,2020-07-27,66.69642639160156,67.05089622615291,65.45010423769551,66.21897387250323,5597500
BKNG,2020-07-28,65.87077331542969,66.69683127930183,65.69608588387567,66.44223721609654,5265000
BKNG,2020-07-29,66.88089752197266,67.54127005966046,65.68275410637413,66.14923956367717,7782500
BKNG,2020-07-30,66.10538482666016,66.55464293927571,64.90762964804313,65.95106254329745,5135000
BKNG,2020-07-31,65.102294921875,66.28203826066327,63.671879656304775,66.11048106549663,7630000
BKNG,2020-08-03,64.63658905029297,65.40624319005104,64.02753259301724,65.25035204987525,5032500
BKNG,2020-08-04,65.61148071289062,65.80222266348667,64.0533762674804,64.27467338719512,6005000
BKNG,2020-08-05,67.55577850341797,67.93413966763794,65.93500974423615,66.59068335990037,7860000
BKNG,2020-08-06,68.61409759521484,69.16988790377457,66.61417586310486,66.6639232643724,11277500
BKNG,2020-08-07,68.71945190429688,71.34253454043487,68.23063647018067,71.0272336066745,14150000
BKNG,2020-08-10,69.27173614501953,69.94973226342586,67.80175593219873,68.93567407182837,8927500
BKNG,2020-08-11,70.7021484375,72.35973285476709,70.50277781335697,71.21798546885714,11900000
BKNG,2020-08-12,70.81847381591797,71.59909492792026,70.71781357854711,71.14082713210584,6855000
BKNG,2020-08-13,70.22703552246094,71.44162961714267,70.07153287405306,70.46556754557,5505000
BKNG,2020-08-14,69.67476654052734,70.00181891609631,69.25958229793413,69.7190229769308,6562500
BKNG,2020-08-17,68.65835571289062,70.20432030641787,68.5439867408735,70.20432030641787,6112500
BKNG,2020-08-18,69.67632293701172,70.18902962694845,68.31405568123672,68.54397395324261,5972500
BKNG,2020-08-19,69.22824096679688,70.78007731321806,68.94819428307892,69.836908829712,7790000
BKNG,2020-08-20,69.27603149414062,69.52122738748564,68.38770532230343,68.61840058407162,6147500
BKNG,2020-08-21,69.69434356689453,69.9168210494157,68.72689522878139,69.05316316344046,6760000
BKNG,2020-08-24,71.851318359375,71.97978451819323,70.38251895527327,70.64181201413946,9060000
BKNG,2020-08-25,72.60961151123047,72.78547179665517,71.14512265770071,71.91320776922876,7830000
BKNG,2020-08-26,73.12545013427734,73.7913061302131,71.87363727598225,72.02208755025032,9860000
BKNG,2020-08-27,74.16459655761719,75.39290699845637,73.41140036351679,74.12856536098809,9972500
BKNG,2020-08-28,76.19153594970703,76.59732205859807,74.2323518771227,74.26839054253666,8020000
BKNG,2020-08-31,74.82848358154297,75.84880951179203,74.73761744530027,75.29928715845779,8030000
BKNG,2020-09-01,75.54957580566406,75.86840293420875,74.40860544612345,74.62011594740885,7897500
BKNG,2020-09-02,76.32782745361328,76.58907783029613,74.24878395695328,75.98588604694612,8382500
BKNG,2020-09-03,76.19935607910156,77.01287797243158,74.8065411543872,76.46177936343054,10702500
BKNG,2020-09-04,75.114013671875,76.87108501604051,74.65731482448655,76.29805989513434,9482500
BKNG,2020-09-08,74.09016418457031,75.59734812730673,73.75096449914406,73.90450980648627,8672500
BKNG,2020-09-09,73.28604125976562,74.8139862972158,71.41890400358741,73.93153220253942,11522500
BKNG,2020-09-10,71.15218353271484,74.49360441438995,70.96221852236486,73.28331333755543,8545000
BKNG,2020-09-11,69.86551666259766,71.8740521669957,69.3265653008663,71.03193973045275,9570000
BKNG,2020-09-14,69.89879608154297,70.7158441966816,69.5075106656634,70.61988304716708,9425000
BKNG,2020-09-15,69.99321746826172,71.19724077681765,69.91487967732866,70.40095349282252,6700000
BKNG,2020-09-16,70.76324462890625,71.98410663369208,70.02844886214135,70.50238268126758,9557500
BKNG,2020-09-17,70.00141906738281,70.7311122589793,68.7981731183594,69.84395911489516,12015000
BKNG,2020-09-18,67.84992218017578,70.28773890699736,67.36894351064208,70.15613503879653,15732500
BKNG,2020-09-21,64.72078704833984,66.11908557222777,63.92881059463771,65.65337703093599,16402500
BKNG,2020-09-22,65.56722259521484,65.77637984346427,63.64799174074734,64.9883178851799,10850000
BKNG,2020-09-23,64.17559051513672,66.31494570351748,63.990324564162606,66.27616528690767,7222500
BKNG,2020-09-24,64.64950561523438,65.8159286023155,62.70834103315244,63.34560678506904,9852500
BKNG,2020-09-25,64.9315185546875,65.04785231601811,63.13880423594486,64.03966622822668,7565000
BKNG,2020-09-28,66.60124969482422,67.73124555966562,65.45950241685553,66.38935072346844,7407500
BKNG,2020-09-29,65.52727508544922,67.06618757092042,65.42661483568715,66.59146923108953,5710000
BKNG,2020-09-30,67.00389862060547,67.75239565944719,65.7630599507711,65.90563081531238,8152500
BKNG,2020-10-01,68.2690200805664,68.54397922574763,67.76061647488733,67.97761045208972,8487500
BKNG,2020-10-02,67.00507354736328,67.3689490089671,65.96007181108014,66.54602881839807,6747500
BKNG,2020-10-05,66.85153198242188,67.38735308176598,65.11560997793246,66.79238644133315,7925000
BKNG,2020-10-06,66.96590423583984,68.8976707661432,66.58950041007363,67.13746142571948,8260000
BKNG,2020-10-07,68.89061737060547,68.9818794590712,67.3689475532232,67.52561563256297,5387500
BKNG,2020-10-08,70.0640869140625,70.28812576013003,68.66148525236522,69.3296871433525,6572500
BKNG,2020-10-09,71.20309448242188,71.63080705689168,69.98183657551378,70.77655480801131,6622500
BKNG,2020-10-12,72.26493835449219,73.08746248817134,71.54659314037849,71.70992506712352,8925000
BKNG,2020-10-13,69.75701141357422,72.34249396281206,69.40058427781737,72.06909619588357,10655000
BKNG,2020-10-14,67.86245727539062,70.15652274919277,67.79508649482318,69.85140438370868,7920000
BKNG,2020-10-15,66.6682357788086,67.02271314406163,66.05369578711827,66.58559486721026,8040000
BKNG,2020-10-16,65.3271255493164,67.08851551246545,65.3157700813706,66.74227085925212,10405000
BKNG,2020-10-19,64.74547576904297,66.05565017026282,64.72002308659133,65.79244238977086,7947500
BKNG,2020-10-20,65.4775161743164,66.14415667637144,65.06194350910118,65.52804052283152,7315000
BKNG,2020-10-21,66.66510009765625,66.7524475447108,64.91624612757097,65.01887116008794,7112500
BKNG,2020-10-22,70.18981170654297,70.39935737187098,66.67879186891832,67.14136267378764,11877500
BKNG,2020-10-23,71.42479705810547,71.52702614441516,70.06958183061909,70.53333312861386,7920000
BKNG,2020-10-26,68.51618194580078,70.23878383892504,67.13863682769103,69.52828274366749,7372500
BKNG,2020-10-27,66.49589538574219,68.34815131951504,66.01216744098309,68.09590307156459,6122500
BKNG,2020-10-28,62.8665885925293,65.40976481578417,62.76866263655013,65.14303088747477,10520000
BKNG,2020-10-29,63.8540153503418,64.35692805115816,62.23794194041209,62.66878851673835,8522500
BKNG,2020-10-30,63.5500602722168,64.03809126158735,62.320184974913865,63.482689493933364,10277500
BKNG,2020-11-02,62.83054733276367,64.76427111400659,62.59083867723054,64.76427111400659,8567500
BKNG,2020-11-03,65.39409637451172,65.89348287246207,62.62099820578916,63.56142128932052,8527500
BKNG,2020-11-04,67.1072998046875,68.61565680129196,65.59854686091623,66.70190967148619,10580000
BKNG,2020-11-05,69.26114654541016,69.84318139935436,67.91768289140816,67.91768289140816,9705000
BKNG,2020-11-06,69.86590576171875,70.34610752959458,66.62828291478893,67.4096809656146,11307500
BKNG,2020-11-09,82.96719360351562,83.35025376895715,78.85377364226238,80.25520233919413,41232500
BKNG,2020-11-10,78.62739562988281,82.37029193196034,77.92902695617468,81.45336787748681,18462500
BKNG,2020-11-11,78.3367691040039,78.64932832022244,76.60083951184801,78.21652069002012,11032500
BKNG,2020-11-12,76.88362884521484,77.94429656421052,76.50095712676668,77.35677822374004,9537500
BKNG,2020-11-13,80.40679168701172,81.07343224399268,77.16094381203786,77.16094381203786,11137500
BKNG,2020-11-16,82.62918090820312,83.11408170097585,80.71660673349557,82.95270708768786,21147500
BKNG,2020-11-17,81.51837921142578,81.92063164790707,80.60615429757429,81.46941623563093,8477500
BKNG,2020-11-18,80.08287048339844,82.39026383331623,80.06015955127812,81.3127496354287,9417500
BKNG,2020-11-19,78.76566314697266,80.48945303562893,78.33599316493151,79.23058737398465,9720000
BKNG,2020-11-20,78.05279541015625,79.76639496849617,77.85970019625239,79.0253387630103,7695000
BKNG,2020-11-23,79.11307525634766,79.98338954035101,78.33598038259345,78.52672979771536,8412500
BKNG,2020-11-24,82.38790893554688,82.52812652651704,79.37823983484833,80.29437939466833,11140000
BKNG,2020-11-25,80.83490753173828,82.99541212178273,80.05350199122337,82.59511697022943,5397500
BKNG,2020-11-27,80.39895629882812,81.61512672054343,80.22701063548963,80.99392295803378,2930000
BKNG,2020-11-30,79.4503173828125,80.60773082091706,79.11425532713663,80.59480650657598,8387500
BKNG,2020-12-01,80.39895629882812,81.81605870529978,79.51101861366304,80.18510000065609,7377500
BKNG,2020-12-02,81.40753173828125,82.17404805148304,79.78048781313072,80.39894977806752,6192500
BKNG,2020-12-03,82.12078094482422,83.11565424735703,80.88895193597817,82.12744481045357,8432500
BKNG,2020-12-04,83.233154296875,83.77915798343099,81.86110020901278,82.3977057531381,8487500
BKNG,2020-12-07,83.3800277709961,83.71883152023675,81.66525541813829,83.03495610383494,8037500
BKNG,2020-12-08,81.7298812866211,83.35770209056095,81.56536899200279,81.9809416459573,8557500
BKNG,2020-12-09,82.5312728881836,84.9957230028403,81.34448464037303,82.2711953397222,17447500
BKNG,2020-12-10,82.44352722167969,84.27306456991293,81.4376944363877,82.05654490420288,9505000
BKNG,2020-12-11,81.83016967773438,82.41024732659118,80.29948994056592,81.86973451898189,8862500
BKNG,2020-12-14,80.92147827148438,83.93936572858505,80.88505112533282,83.03967647840328,8480000
BKNG,2020-12-15,82.1764144897461,82.48075597498107,80.49062802090307,81.39971541630266,7867500
BKNG,2020-12-16,82.20225524902344,82.96563391713127,81.367583678674,82.96563391713127,5965000
BKNG,2020-12-17,82.77882385253906,83.30837715176702,81.09812489601981,82.95586456814631,7382500
BKNG,2020-12-18,82.23906707763672,82.98717559789223,81.78001491769763,82.98717559789223,13405000
BKNG,2020-12-21,81.0072250366211,81.149018930375,79.27678670099333,80.29437080363918,8927500
BKNG,2020-12-22,80.40482330322266,81.0526600159982,79.56545277767522,81.01310265822353,4970000
BKNG,2020-12-23,82.28607177734375,82.80701126505068,80.31122171327789,80.50549730631138,7867500
BKNG,2020-12-24,81.79647064208984,82.99697500467731,81.50858716337359,82.99697500467731,4562500
BKNG,2020-12-28,83.73802947998047,84.29969921211494,83.21082956341691,83.4062780495388,6275000
BKNG,2020-12-29,85.59772491455078,86.16957720467909,84.36628442000385,84.8370805356937,8547500
BKNG,2020-12-30,86.37560272216797,86.71832113149704,85.18920310515824,86.16957572941642,5742500
BKNG,2020-12-31,87.2376937866211,87.26511126235945,85.58206672851928,86.09398910113393,4415000
BKNG,2021-01-04,84.76266479492188,88.40959214674807,83.08352759435299,88.12797659653454,8350000
BKNG,2021-01-05,85.70230102539062,87.18559381845735,84.38978846304647,84.75952840963097,8705000
BKNG,2021-01-06,88.12053680419922,89.63555018903962,84.6028600118577,85.225236660465,9835000
BKNG,2021-01-07,87.73042297363281,89.61635664686217,86.94392997195098,89.23055469968612,7492500
BKNG,2021-01-08,89.36333465576172,89.69391319205025,88.06804950821876,88.37630558876874,7762500
BKNG,2021-01-11,87.0026626586914,89.69624583573841,86.71908984073025,88.22313592189491,8015000
BKNG,2021-01-12,86.02621459960938,87.87885867841514,85.84173312114255,87.63288586402622,6485000
BKNG,2021-01-13,85.48101806640625,86.48606661425198,84.9318840796269,84.9318840796269,5990000
BKNG,2021-01-14,85.48765563964844,86.78764723570241,85.33803991375498,85.5926264572711,6827500
BKNG,2021-01-15,83.00597381591797,85.3584002622178,82.879457504136,85.3584002622178,8520000
BKNG,2021-01-19,84.72191619873047,84.99256472496693,82.60371122229085,83.6236485648003,6872500
BKNG,2021-01-20,84.60482025146484,85.38544132038855,83.21474682605374,85.38544132038855,8475000
BKNG,2021-01-21,82.6421127319336,84.48575491565182,82.44862155726474,83.85475703588136,11520000
BKNG,2021-01-22,80.93048095703125,82.62528457185066,80.88191391877002,82.32446925687967,8917500
BKNG,2021-01-25,79.05784606933594,80.69977176783254,76.2636020310089,80.09306116447874,21987500
BKNG,2021-01-26,77.67637634277344,80.5579671727117,77.34305613282952,79.64300069373125,11190000
BKNG,2021-01-27,73.87435913085938,77.3943817865912,72.88105467774281,76.35133740380518,17640000
BKNG,2021-01-28,79.67160034179688,80.2461943372154,75.82452571318085,77.51501078685232,21082500
BKNG,2021-01-29,76.1554946899414,79.90269362055061,75.93889666169669,79.74602555410975,13405000
BKNG,2021-02-01,77.96232604980469,78.58588313322453,76.96510686469902,78.18676087913963,11967500
BKNG,2021-02-02,80.90264892578125,82.75843064427005,79.33123194326133,79.70685128331438,11017500
BKNG,2021-02-03,79.40526580810547,82.04910204068078,79.30420963671504,81.45100519545666,8815000
BKNG,2021-02-04,81.58456420898438,81.70050201351965,78.94934923561136,79.75346557873655,8880000
BKNG,2021-02-05,82.11255645751953,83.42742979497395,81.22971378473744,82.61664950834835,5960000
BKNG,2021-02-08,82.23553466796875,83.49283112670767,81.10866916684122,82.92058294971733,5475000
BKNG,2021-02-09,81.67622375488281,82.44274007551714,80.3586087729954,81.58221992592517,5742500
BKNG,2021-02-10,83.88843536376953,84.65025263727033,81.90731749378983,82.89121629875315,8352500
BKNG,2021-02-11,84.57389068603516,85.52958780337948,83.53907135608516,84.02867133015046,6457500
BKNG,2021-02-12,84.23389434814453,85.73833664303415,82.64484636453057,83.28485384773833,5265000
BKNG,2021-02-16,85.54916381835938,86.09242577286138,83.57313334470604,83.78777407429249,6060000
BKNG,2021-02-17,87.49227142333984,87.65599182336778,85.15707988143997,85.51899049330189,7192500
BKNG,2021-02-18,88.51143646240234,89.14282279585913,85.7790722294991,85.7790722294991,7925000
BKNG,2021-02-19,89.81416320800781,90.94964260253293,88.51378301886096,89.02884306436457,8837500
BKNG,2021-02-22,92.04557037353516,93.72783798783922,88.74174953995615,88.74174953995615,12602500
BKNG,2021-02-23,92.41178894042969,92.7106394231407,89.77969635313104,91.98055015173858,12882500
BKNG,2021-02-24,95.70698547363281,95.97176207725613,91.03346401054726,91.800764823282,15250000
BKNG,2021-02-25,89.03668975830078,95.52878239684233,88.57724903437374,94.78381142903342,18795000
BKNG,2021-02-26,91.20305633544922,91.8489357828129,88.19494873035083,91.80584477995137,12597500
BKNG,2021-03-01,90.88933563232422,93.30991793696437,90.09461724584538,92.9452654791026,8997500
BKNG,2021-03-02,89.38958740234375,91.73144332102726,89.10718739346846,91.5747677572556,7750000
BKNG,2021-03-03,89.10717010498047,91.45489753998565,88.99514694920431,89.54703001600338,9112500
BKNG,2021-03-04,86.927490234375,89.1921812635946,84.73604196797844,89.1921812635946,12102500
BKNG,2021-03-05,90.36447143554688,90.58773335392179,85.34235202674024,87.57062326213752,10882500
BKNG,2021-03-08,92.7787857055664,94.4865057869939,90.0221418437609,90.22072054826735,14100000
BKNG,2021-03-09,92.702392578125,95.63842251185577,91.81014446212863,93.22528181422237,12042500
BKNG,2021-03-10,92.8014907836914,94.78653063345341,92.58959183258438,93.19435251482473,11097500
BKNG,2021-03-11,92.51715087890625,95.86249387098061,91.80115880136987,93.93581477235291,12805000
BKNG,2021-03-12,94.04391479492188,94.50570125449931,92.07924735443116,92.39689410308877,10115000
BKNG,2021-03-15,95.5503158569336,95.70776835984881,92.98520570363317,94.50296087277152,11720000
BKNG,2021-03-16,93.8684310913086,95.15980151641915,93.22020584042973,94.64356860995508,9017500
BKNG,2021-03-17,96.4229736328125,96.72848795959918,92.82813943741431,92.96522680497846,9860000
BKNG,2021-03-18,91.92530822753906,95.86208369890278,91.80976636789812,95.1010508720721,12450000
BKNG,2021-03-19,89.6061782836914,92.04830576974767,88.74722691157443,91.37187110522349,15940000
BKNG,2021-03-22,87.41864013671875,91.65309326756234,87.14877600204623,91.65309326756234,13282500
BKNG,2021-03-23,86.75708770751953,88.15225596224165,85.5612900363187,88.15225596224165,12547500
BKNG,2021-03-24,86.27650451660156,89.22468222382909,86.13080343350627,87.4151215383744,11025000
BKNG,2021-03-25,88.86864471435547,89.41582128045995,85.11203998239733,85.64864550634027,10532500
BKNG,2021-03-26,91.00801086425781,91.23518744456594,87.99638407821705,89.1440034527645,9425000
BKNG,2021-03-29,92.0980453491211,93.0239790270815,90.3766164403545,90.51722998287092,8535000
BKNG,2021-03-30,91.45294952392578,92.8371434875194,90.74400984587017,91.78039783606597,6260000
BKNG,2021-03-31,91.25516510009766,92.59000775469602,90.84272257377884,91.87558450458974,13270000
BKNG,2021-04-01,93.316162109375,93.60091533194449,91.97544030395962,92.21241092574323,6205000
BKNG,2021-04-05,94.36273956298828,95.44768707393109,93.48851064771743,94.39485610708506,8557500
BKNG,2021-04-06,94.8648681640625,95.86012991196037,94.28635947952117,94.59069343205239,10277500
BKNG,2021-04-07,94.41991424560547,95.57811190660821,93.82965418835389,95.14138968882803,5887500
BKNG,2021-04-08,95.0994873046875,95.39089694966576,93.68983320874081,93.68983320874081,5550000
BKNG,2021-04-09,95.96392059326172,96.1464372791569,94.2205504349717,95.33488013363831,5995000
BKNG,2021-04-12,94.3576431274414,95.96940951545646,93.86568999565536,95.41322329644173,13785000
BKNG,2021-04-13,94.17121887207031,94.62164991731517,92.71651627705722,94.15672570988275,19742500
BKNG,2021-04-14,96.12686920166016,97.24707101815066,94.2961588423666,94.51628306390563,23490000
BKNG,2021-04-15,95.30394744873047,96.70303053159337,95.02859980575924,96.64858405949921,15982500
BKNG,2021-04-16,97.01518249511719,97.50517827480668,95.40655389486956,95.71598284178077,19587500
BKNG,2021-04-19,96.20442199707031,97.46249560360613,95.69171522250872,97.15346256456266,8175000
BKNG,2021-04-20,91.84894561767578,95.43242457863492,90.76359460223581,95.32510047783846,11942500
BKNG,2021-04-21,92.34754943847656,92.67108312354209,91.772955347003,92.43332803713088,7020000
BKNG,2021-04-22,91.92922973632812,93.80733403956212,91.77059687512559,92.19048014398813,7187500
BKNG,2021-04-23,93.82417297363281,94.17277081518007,92.06279090048378,92.71806848129117,6342500
BKNG,2021-04-26,96.28471374511719,96.3896845685093,94.27735125819024,94.97806568279077,8082500
BKNG,2021-04-27,96.51580810546875,96.71047217454804,95.6353112262545,96.27492280618668,5517500
BKNG,2021-04-28,98.11973571777344,98.50710652377748,96.39242738970505,96.94077686823428,8087500
BKNG,2021-04-29,97.97598266601562,98.54666206027646,96.98033243377385,98.21255736103791,5470000
BKNG,2021-04-30,96.59139251708984,97.82987779270442,95.41870170170446,97.82987779270442,8202500
BKNG,2021-05-03,95.58712768554688,97.41039711659074,95.38619570838854,97.29602815323868,4752500
BKNG,2021-05-04,93.3349609375,95.09282429806207,92.78230090705262,94.38662642550491,8477500
BKNG,2021-05-05,91.57164001464844,94.15007072559624,91.15136818771761,94.08348435625902,9537500
BKNG,2021-05-06,89.27755737304688,91.02640362240943,88.3296897881168,89.9966795680514,10817500
BKNG,2021-05-07,91.14704132080078,92.49207378817171,89.723678554107,90.5657909051103,9540000
BKNG,2021-05-10,88.64108276367188,91.3789230129649,88.58585186797303,91.32565691174311,9572500
BKNG,2021-05-11,88.037109375,88.6281538885007,86.36855070778338,87.34461274125232,10472500
BKNG,2021-05-12,85.08267974853516,87.60118054736823,84.73917684974825,87.39594540958063,10427500
BKNG,2021-05-13,86.45433044433594,87.56670290390637,84.68706885140978,85.9326140296487,7487500
BKNG,2021-05-14,89.400146484375,89.76715211439856,87.24316102791238,88.17183632943497,8510000
BKNG,2021-05-17,87.07633209228516,89.1267709297147,86.62354776698592,88.57999022801441,8057500
BKNG,2021-05-18,86.62471771240234,88.22982045997922,86.58477186854029,87.40533884032261,8615000
BKNG,2021-05-19,88.91172790527344,89.01748315068822,84.67257565941101,84.88838927410035,10145000
BKNG,2021-05-20,90.32333374023438,90.46865380997227,88.55529530385874,89.29674740551134,7797500
BKNG,2021-05-21,89.82707977294922,91.50817423717434,88.84631122077768,91.04873360410966,6580000
BKNG,2021-05-24,91.98523712158203,92.2856564121406,90.09420851536198,90.15374252989612,8312500
BKNG,2021-05-25,91.61431884765625,92.98010492408814,91.23360445669555,92.3385360681606,6952500
BKNG,2021-05-26,91.92727661132812,92.93389390893796,91.71616205006916,92.69066280077881,7347500
BKNG,2021-05-27,91.44864654541016,92.46662681218942,91.13177672003245,92.46662681218942,17225000
BKNG,2021-05-28,92.4971694946289,92.74236539170576,90.6927037018729,91.64683182688636,5807500
BKNG,2021-06-01,91.19404602050781,93.23117167213465,90.71501721072951,93.21980873612814,7900000
BKNG,2021-06-02,90.78825378417969,92.29935981480067,90.50585384022577,91.6413330572174,7317500
BKNG,2021-06-03,89.92225646972656,91.1458676240757,88.59799256253504,89.82864858780606,7082500
BKNG,2021-06-04,90.70091247558594,91.20108332731158,90.25243886951671,90.27358842189435,4342500
BKNG,2021-06-07,90.0284194946289,91.69697087085355,89.75580611328421,90.86308365923762,4970000
BKNG,2021-06-08,90.23286437988281,90.8509379165346,89.70174980720702,90.10282935179292,5847500
BKNG,2021-06-09,90.63707733154297,91.27473154632847,89.8811320368208,90.08637460591893,6660000
BKNG,2021-06-10,91.04403686523438,91.21246383457851,89.41543137000033,90.37348162396621,6735000
BKNG,2021-06-11,90.25753021240234,91.18033355688023,89.82864476432279,90.63080376556117,7292500
BKNG,2021-06-14,90.28378295898438,90.70014007993831,89.72799267027253,90.55130129933174,4755000
BKNG,2021-06-15,90.16313934326172,91.37891369996225,89.45263088512716,90.17920134970704,5302500
BKNG,2021-06-16,90.01704406738281,90.84427476887008,89.48631801062895,90.55716826576472,4197500
BKNG,2021-06-17,89.85137939453125,90.83018328715967,89.59482802048052,89.93519319918094,6195000
BKNG,2021-06-18,87.83851623535156,90.04798336614856,87.36497841619727,89.42403793469767,12072500
BKNG,2021-06-21,88.63990020751953,89.17415246597139,87.39279363584522,88.2803428270848,5075000
BKNG,2021-06-22,88.1632308959961,89.17180543353953,87.69712638078268,88.82869107129623,5360000
BKNG,2021-06-23,87.98226165771484,88.55999334713802,87.45153561646065,88.16870793256432,4055000
BKNG,2021-06-24,87.98031616210938,88.83183420156193,87.52284027872604,88.8208672116082,5307500
BKNG,2021-06-25,89.3680419921875,90.06209256913358,87.98932403931839,88.43740924167622,8430000
BKNG,2021-06-28,86.34778594970703,88.51965312474566,85.05759593350861,88.11817766747582,15305000
BKNG,2021-06-29,85.08030700683594,86.0469707739345,84.83393825935633,85.86875722335151,12942500
BKNG,2021-06-30,85.70307922363281,86.95293492375075,85.19037250434606,85.32902870959401,10367500
BKNG,2021-07-01,86.56204986572266,87.10961494972793,85.96081526041996,85.96081526041996,6130000
BKNG,2021-07-02,87.69282531738281,87.99441752974177,86.76884897790903,86.95802954747965,6082500
BKNG,2021-07-06,87.04380798339844,87.86046022621422,86.87303522219196,87.49189317716912,7555000
BKNG,2021-07-07,84.86802673339844,87.24474072695483,84.32985981855701,87.14564934393698,6830000
BKNG,2021-07-08,84.75639343261719,85.56599328237644,83.2821103879444,84.21704618565428,7490000
BKNG,2021-07-09,85.97333526611328,86.37872535066008,84.62047360791456,85.36192567763115,7405000
BKNG,2021-07-12,86.32626342773438,86.41164608172468,84.85746363460034,85.46691603899936,7555000
BKNG,2021-07-13,85.71678161621094,87.29525091181617,85.61377560239187,86.34190739357813,9872500
BKNG,2021-07-14,85.25382995605469,86.87852076130869,85.22523958147505,86.40537135351488,5287500
BKNG,2021-07-15,84.97064971923828,85.51586901102958,84.03492937099088,85.11204769317305,6797500
BKNG,2021-07-16,84.0043716430664,85.64002185248204,83.80774279381949,85.53857720415667,4692500
BKNG,2021-07-19,80.98177337646484,83.10153981978094,80.63434844960678,82.31974595361939,11412500
BKNG,2021-07-20,83.44466400146484,83.87629124462917,80.43421040614076,80.9817829347854,7850000
BKNG,2021-07-21,85.93574523925781,86.11278591709973,83.96402547468769,83.96402547468769,6760000
BKNG,2021-07-22,85.95062255859375,86.35092512270373,84.9945372041032,85.83821092277337,6220000
BKNG,2021-07-23,86.2702407836914,86.72498238028014,85.48257484817742,85.89736313347066,5382500
BKNG,2021-07-26,87.37203216552734,87.58315418189066,86.14803247830278,86.3215469847449,6277500
BKNG,2021-07-27,87.97874450683594,88.11622034167954,86.29177810416952,87.2537428837389,7782500
BKNG,2021-07-28,87.20087432861328,88.7014020798299,86.68777160769989,88.12798091494786,7555000
BKNG,2021-07-29,86.73124694824219,88.02379030776898,86.65878861778499,87.91098272039878,7087500
BKNG,2021-07-30,85.31806945800781,86.37286525814274,84.99571616367587,86.11474505437293,6917500
BKNG,2021-08-02,85.0313491821289,87.57843970677689,84.61029302903724,85.8436907466634,6317500
BKNG,2021-08-03,83.79167938232422,85.66390408071155,82.88023902043518,85.13514286422507,6742500
BKNG,2021-08-04,81.69031524658203,84.15594518669795,81.43690162035892,83.49791843007648,9790000
BKNG,2021-08-05,86.47154998779297,87.27762355706408,83.62599030882683,84.21077427870426,10960000
BKNG,2021-08-06,85.5029296875,87.34343388454442,84.30595910563969,86.476257378006,11447500
BKNG,2021-08-09,84.51591491699219,85.50255556145333,83.44349567453833,85.50255556145333,6850000
BKNG,2021-08-10,86.18798065185547,86.28668355043847,84.51590334675033,84.51590334675033,6937500
BKNG,2021-08-11,86.17819213867188,86.55812212164912,84.94832047401847,85.96473179173918,5622500
BKNG,2021-08-12,85.90205383300781,86.03248479671912,84.37293587010285,85.43948298639135,5157500
BKNG,2021-08-13,86.30353546142578,86.485275210617,84.87781936509647,86.02857630209733,5702500
BKNG,2021-08-16,83.46267700195312,86.09280446100281,81.96645998365916,85.90205505703383,10360000
BKNG,2021-08-17,82.77254486083984,83.27898373777582,81.98056828932692,82.40553916282602,7060000
BKNG,2021-08-18,81.71656036376953,83.19201622003533,81.53246736476649,82.64445123497211,7517500
BKNG,2021-08-19,81.30726623535156,81.97038062982928,80.62456366189726,81.43495546306627,8670000
BKNG,2021-08-20,81.2634048461914,81.5869310656174,80.6269234506241,81.23246119863997,8750000
BKNG,2021-08-23,83.71452331542969,84.09641060673596,81.08361138508069,81.15842298442223,12330000
BKNG,2021-08-24,87.4664306640625,88.11936247006682,83.76153068853785,84.21117724673401,11490000
BKNG,2021-08-25,88.6681137084961,89.24427667635827,86.56792748630141,87.74923227596477,8500000
BKNG,2021-08-26,89.17768859863281,89.7883213748703,88.12798771951621,88.12798771951621,7315000
BKNG,2021-08-27,90.30062103271484,90.85523837000238,89.24542940583622,89.26384468266396,6012500
BKNG,2021-08-30,89.21331787109375,90.34370963303463,88.92778768048255,90.08637386783857,6122500
BKNG,2021-08-31,90.0734634399414,90.71621276663524,89.46518393278086,89.5388226434743,9710000
BKNG,2021-09-01,89.5713119506836,91.26140859234569,89.4988536236382,90.31589428717538,8117500
BKNG,2021-09-02,90.10438537597656,91.1356782001773,89.41150033438763,90.25243971470675,5795000
BKNG,2021-09-03,90.26067352294922,90.54620371587305,89.16592446641164,89.4706543609528,4912500
BKNG,2021-09-07,91.59709167480469,91.73182577776068,90.29318530421826,90.39619880827482,5972500
BKNG,2021-09-08,90.71109771728516,92.27977298774432,89.9434010673299,91.65308580896885,6617500
BKNG,2021-09-09,90.81765747070312,91.86578950642836,90.24815090723934,90.33236066145493,5592500
BKNG,2021-09-10,90.27438354492188,91.84893839679053,90.1502204922276,91.26141257753127,6055000
BKNG,2021-09-13,90.95276641845703,91.22224205181723,89.11382363743776,90.65430446762747,5807500
BKNG,2021-09-14,91.20892333984375,91.79252699262491,90.50350991532207,90.98918762587849,4300000
BKNG,2021-09-15,93.06197357177734,93.14539889347196,90.68643249379974,91.2144168392323,6225000
BKNG,2021-09-16,91.84894561767578,93.52416082820041,91.5814272600661,92.75450672571162,6075000
BKNG,2021-09-17,91.08006286621094,92.63934003306309,90.86973276039616,92.07728187042278,9230000
BKNG,2021-09-20,91.68208312988281,91.87987741899603,89.53410707587791,90.47806007507009,7795000
BKNG,2021-09-21,91.08987426757812,92.57434012036491,90.9633579281959,92.57434012036491,5277500
BKNG,2021-09-22,94.24249267578125,95.0720692238449,91.608054474681,91.608054474681,10425000
BKNG,2021-09-23,96.96073913574219,97.48637013349158,94.42030510914046,94.42030510914046,10487500
BKNG,2021-09-24,97.58116149902344,98.01749523083369,96.05478533193768,96.05478533193768,7472500
BKNG,2021-09-27,97.00029754638672,99.48668108378584,96.57885292952315,97.69122526500878,8020000
BKNG,2021-09-28,95.2859115600586,97.11153402441526,94.89932523981983,96.35324301862026,7745000
BKNG,2021-09-29,93.1344223022461,95.86795910589697,93.01495832967652,95.43828176349567,7357500
BKNG,2021-09-30,92.97972106933594,94.25384917918139,92.2406147051058,93.33457938195781,7790000
BKNG,2021-10-01,96.19149780273438,97.0101073934181,94.66276814896338,94.66276814896338,7665000
BKNG,2021-10-04,96.33445739746094,97.4832570572846,94.85508666484512,96.19149805264071,6435000
BKNG,2021-10-05,95.26986694335938,97.4072643592447,95.0242825920312,96.31408416438869,6682500
BKNG,2021-10-06,95.89107513427734,96.05401112892463,93.37648938249772,94.00317662903518,5997500
BKNG,2021-10-07,96.70575714111328,97.80990422899099,96.60587387849682,96.86320962001415,3920000
BKNG,2021-10-08,96.91610717773438,97.56708172114695,96.46450325346235,96.88947412579013,4107500
BKNG,2021-10-11,96.64349365234375,98.22979246635592,96.47820438787602,97.15580445912968,3762500
BKNG,2021-10-12,96.537353515625,97.83577647758362,96.09671656586467,96.76414161850171,5502500
BKNG,2021-10-13,96.45233917236328,97.21415638643526,95.4237880671894,96.54908474400148,4462500
BKNG,2021-10-14,97.77191925048828,98.53569384929597,96.921193161447,97.23845142553759,6960000
BKNG,2021-10-15,99.42166900634766,99.48668651473737,98.52707500690558,98.70333124905642,5832500
BKNG,2021-10-18,98.00340270996094,99.4083577566097,97.69946469421156,98.71704893187801,5245000
BKNG,2021-10-19,96.47467803955078,98.04766406109927,96.18796746869965,98.0186777404233,6865000
BKNG,2021-10-20,93.383544921875,96.54949375487877,92.77879163355304,96.54949375487877,10172500
BKNG,2021-10-21,94.43910217285156,94.77986322543691,93.61265595264562,94.02470989815232,5312500
BKNG,2021-10-22,93.79127502441406,95.52916179939827,93.44385754241985,94.28165931255232,4047500
BKNG,2021-10-25,94.51156616210938,94.80689040986078,92.89901553406706,93.9185569253582,3560000
BKNG,2021-10-26,95.68858337402344,96.54910365178873,94.90013295821709,94.90013295821709,4385000
BKNG,2021-10-27,95.10340118408203,96.25885718881347,94.39485746794234,95.23187483302242,4895000
BKNG,2021-10-28,95.1692123413086,95.22678903669687,93.83044771603663,95.02233088185238,3735000
BKNG,2021-10-29,94.81709289550781,95.18252974097518,93.6972795314861,94.74306571213762,5412500
BKNG,2021-11-01,97.51615142822266,97.52829131741647,94.7916241115807,94.7916241115807,7245000
BKNG,2021-11-02,96.11160278320312,97.68654638677978,94.81161838257898,96.9674240415276,6825000
BKNG,2021-11-03,95.3869857788086,96.94039116547641,94.19901722945973,95.69994093769584,9037500
BKNG,2021-11-04,95.4527816772461,99.46241153847993,95.26791170823822,99.44752243122086,13327500
BKNG,2021-11-05,102.57979583740234,103.07762099475437,98.53296148431552,99.65668951106608,18887500
BKNG,2021-11-08,103.39801025390625,105.25574955521452,101.83873294168619,104.14768766230688,12430000
BKNG,2021-11-09,103.72467803955078,105.24439804532119,102.66675198354388,103.36432874704677,10182500
BKNG,2021-11-10,100.65311431884766,104.57500826771249,100.27005412068769,104.14220067102404,9152500
BKNG,2021-11-11,97.09900665283203,100.8704928290548,96.94821055732585,100.78941331334865,8557500
BKNG,2021-11-12,96.02621459960938,97.74999690851834,95.66469238839791,97.74999690851834,7920000
BKNG,2021-11-15,94.19940185546875,96.50991774295467,94.012178626272,96.15740526169382,8427500
BKNG,2021-11-16,93.23273468017578,94.47827226147889,92.7114067947846,94.47827226147889,10780000
BKNG,2021-11-17,92.68634033203125,94.11245229261614,92.23552089160098,93.46304668323206,11445000
BKNG,2021-11-18,93.0623550415039,93.49594704305146,91.49015353676259,92.99068113838968,8512500
BKNG,2021-11-19,91.65270233154297,92.36085753745797,89.22467972545579,90.66880355661486,12135000
BKNG,2021-11-22,89.97396087646484,92.67263202567982,89.82512210352041,91.29313723175915,9340000
BKNG,2021-11-23,91.69734954833984,92.02831651953181,90.17136186298514,90.5657849637718,6412500
BKNG,2021-11-24,90.99193572998047,92.09412560604719,89.73974164798604,90.55482501287155,7377500
BKNG,2021-11-26,84.42894744873047,84.70430254771476,82.21830724496893,83.11290875327569,18045000
BKNG,2021-11-29,85.46495819091797,87.26158732139338,83.83635261973203,86.42104369493053,11252500
BKNG,2021-11-30,82.32523345947266,85.00941892723533,81.29472498197316,83.09410305123207,16517500
BKNG,2021-12-01,80.96064758300781,85.48690770091054,80.58111343898665,84.09056600209647,14315000
BKNG,2021-12-02,85.07012939453125,85.77319708241636,81.273578821354,82.24416484773107,13290000
BKNG,2021-12-03,82.81837463378906,85.97688294810064,81.76044849056373,85.58207127648724,10152500
BKNG,2021-12-06,87.23808288574219,89.88857562859096,84.30439827062382,84.72035944550177,14260000
BKNG,2021-12-07,87.93331909179688,90.7737844671847,87.36420850714805,89.65788575456055,10062500
BKNG,2021-12-08,90.36839294433594,91.04638899598467,88.5376825795187,88.87060692495443,9380000
BKNG,2021-12-09,88.81771850585938,90.06953152343105,88.43347795792955,90.06953152343105,6010000
BKNG,2021-12-10,87.5937271118164,89.45303527051645,86.96312520858645,89.04137721254133,7842500
BKNG,2021-12-13,84.19198608398438,86.6298028878799,83.88608328189588,86.24908848396187,9820000
BKNG,2021-12-14,83.22923278808594,84.80691780344229,82.6941961353734,83.03613758349127,9810000
BKNG,2021-12-15,83.44270324707031,84.51394201588815,81.72440464587953,84.45206219886825,10905000
BKNG,2021-12-16,84.795166015625,85.77593455887452,83.62365553938963,85.65999675306192,13125000
BKNG,2021-12-17,86.57926940917969,87.39161096007204,83.46697561680217,84.3106567559303,12172500
BKNG,2021-12-20,86.51229095458984,86.6125627000004,82.54809807642762,84.25034206556987,8315000
BKNG,2021-12-21,92.66168212890625,92.84146457791472,87.7899699726433,87.7899699726433,13942500
BKNG,2021-12-22,93.4227066040039,94.27069092711838,91.2504434188864,91.91512662356044,8215000
BKNG,2021-12-23,94.09130096435547,94.88093167576454,93.80851250944221,94.30712205314605,4662500
BKNG,2021-12-27,93.78814697265625,94.64044192257874,93.00439570652689,93.59857045822199,4127500
BKNG,2021-12-28,93.49047088623047,94.58756579139248,92.63425380465489,93.49634285749056,3650000
BKNG,2021-12-29,93.40312194824219,94.43167315203587,92.98480750363068,93.57036853665377,2575000
BKNG,2021-12-30,93.8433609008789,95.12767890233062,93.4422814044799,93.4422814044799,4895000
BKNG,2021-12-31,93.97301483154297,94.6854806505017,93.36669273328474,93.6565409931199,4557500
BKNG,2022-01-03,96.40887451171875,96.58826098609524,93.87039752042848,94.90403625140702,9725000
BKNG,2022-01-04,96.5463638305664,98.6348060802276,95.63766497762886,96.94078701994191,9540000
BKNG,2022-01-05,94.52410125732422,97.15776231123273,94.50452055082866,97.10527316821944,6375000
BKNG,2022-01-06,95.17703247070312,96.35912143319855,94.51196081679934,94.51196081679934,6177500
BKNG,2022-01-07,95.35759735107422,96.59843587798585,94.93418793019661,95.37404783354955,5747500
BKNG,2022-01-10,95.03721618652344,95.32471119808875,92.53085554883752,95.32471119808875,8185000
BKNG,2022-01-11,96.72222137451172,96.91179042082724,93.6925755681803,93.6925755681803,7222500
BKNG,2022-01-12,95.41714477539062,97.72217744016933,94.66942467051155,97.1366163828839,6952500
BKNG,2022-01-13,96.31330108642578,97.72413550409219,95.63921973303742,95.68113036578161,6310000
BKNG,2022-01-14,95.99878692626953,96.35325675714066,94.11206133643431,96.31330344708546,6902500
BKNG,2022-01-18,93.38470458984375,95.96156583049117,93.08702705912052,94.94868079076352,8747500
BKNG,2022-01-19,93.10584259033203,94.54369860789653,92.70005650184861,92.91273990028805,6822500
BKNG,2022-01-20,95.32079315185547,97.23572083388721,94.40896409381313,94.73758533199594,13950000
BKNG,2022-01-21,91.88262176513672,95.32078804064221,91.62607787330052,95.32078804064221,14562500
BKNG,2022-01-24,92.02987670898438,92.29347287874992,86.90083044627639,90.76475106084507,14602500
BKNG,2022-01-25,91.22301483154297,92.74587220987425,87.54161820873664,89.50237066973354,11340000
BKNG,2022-01-26,92.85281372070312,94.96983859016144,90.9085114609904,93.02397495391598,10982500
BKNG,2022-01-27,92.42274475097656,95.52837486469718,91.73417025257473,94.76341992068767,8277500
BKNG,2022-01-28,94.51001739501953,94.58482900224722,91.70245297398519,92.42549737122154,7570000
BKNG,2022-01-31,96.20167541503906,96.74493733151282,92.9507325760176,94.22956719780801,9482500
BKNG,2022-02-01,96.57415771484375,97.0230198197842,95.39676782750924,96.54751719645722,9202500
BKNG,2022-02-02,95.60826873779297,97.42801183607823,95.49428826103531,97.33244663592852,9177500
BKNG,2022-02-03,95.47276306152344,96.77784231052384,95.02859997731245,95.56284477964864,11522500
BKNG,2022-02-04,95.68465423583984,96.74414902957575,93.66123732426891,94.33257691423852,7817500
BKNG,2022-02-07,97.25606536865234,97.9744105642717,96.12450079328055,96.64308693127767,10812500
BKNG,2022-02-08,99.5407485961914,99.75538932358619,96.98934711832453,97.33246150097001,11235000
BKNG,2022-02-09,102.89352416992188,103.38272808382952,101.33541982692591,101.68323325361372,17337500
BKNG,2022-02-10,102.9483642578125,104.11909787078032,101.084752974828,101.084752974828,11830000
BKNG,2022-02-11,99.09539794921875,105.24438210494726,98.40760790900741,104.97019992642343,14850000
BKNG,2022-02-14,99.7083740234375,101.08669581815826,98.47379597334252,98.76481710383975,11292500
BKNG,2022-02-15,103.21392059326172,104.18293775432014,100.79803782059189,100.79803782059189,11377500
BKNG,2022-02-16,105.88126373291016,106.36694896738803,103.09877114196969,103.16065096103664,12690000
BKNG,2022-02-17,102.77484893798828,104.82959809954599,102.31227805370074,104.37525245741098,8265000
BKNG,2022-02-18,102.47950744628906,103.36430727925517,101.17011784579621,102.81674231794905,8215000
BKNG,2022-02-22,98.63359832763672,102.53198891092318,97.40451128458605,101.38475832832866,12835000
BKNG,2022-02-23,96.73828125,100.14315816005738,96.54949661690667,99.35862241631791,12950000
BKNG,2022-02-24,89.89054870605469,89.99042452026409,83.76936930752227,84.66592824710408,37952500
BKNG,2022-02-25,89.3602066040039,91.52463320329551,88.12837009338133,90.84075771118323,13652500
BKNG,2022-02-28,85.08267974853516,87.80681163238584,84.35454773395783,87.80681163238584,20442500
BKNG,2022-03-01,81.15606689453125,84.1504656757243,80.81256407665272,84.1504656757243,20915000
BKNG,2022-03-02,84.74073028564453,85.90754173605387,81.8093990023762,81.90653305800396,14502500
BKNG,2022-03-03,82.33345794677734,86.0920198130901,81.8567824116686,85.11556186530483,11222500
BKNG,2022-03-04,77.75003051757812,80.68488802121955,76.91457452942561,80.22740469060018,18667500
BKNG,2022-03-07,71.17450714111328,77.51541431108,71.12789743549996,77.17112704017278,27232500
BKNG,2022-03-08,74.4007797241211,77.62234808093872,70.3633434863969,72.20189068817503,30175000
BKNG,2022-03-09,79.72528076171875,81.58654648019782,78.62975456077741,78.70965372213573,19410000
BKNG,2022-03-10,79.52511596679688,80.73109624063305,77.00896155635476,77.39633232944837,15962500
BKNG,2022-03-11,79.01749420166016,81.49879024116109,78.75271763586956,80.76439050289918,9017500
BKNG,2022-03-14,78.33402252197266,79.92150170338913,77.77783628811534,78.73549053391717,10630000
BKNG,2022-03-15,81.4764633178711,82.30212516338767,78.92701945486763,79.61755126544298,11885000
BKNG,2022-03-16,86.26514434814453,87.7253226767509,83.42820553460454,83.70982106703237,18510000
BKNG,2022-03-17,84.64751434326172,85.76262111705535,83.03731671697801,84.88408904450061,9825000
BKNG,2022-03-18,85.63337707519531,86.53698089090247,83.5880258769964,84.64752083076843,12730000
BKNG,2022-03-21,84.65729522705078,86.34583051382802,83.89783124486112,86.34583051382802,7837500
BKNG,2022-03-22,86.24634552001953,86.84404643189727,84.75992253507367,85.03370131813473,6790000
BKNG,2022-03-23,84.59306335449219,86.51503565968241,84.29029825501442,86.35836758898515,7302500
BKNG,2022-03-24,88.59760284423828,88.7534939702848,84.68080375032565,84.75953000164488,8500000
BKNG,2022-03-25,88.0468978881836,90.01117682800054,87.19499888781769,88.79266063646062,6195000
BKNG,2022-03-28,89.17845916748047,89.33395433649831,86.98035483481392,88.54981462618548,6620000
BKNG,2022-03-29,92.90332794189453,94.82138541944494,91.66679256981499,91.66679256981499,13417500
BKNG,2022-03-30,91.18268585205078,92.75136872462868,90.78865866468651,92.75136872462868,6157500
BKNG,2022-03-31,91.98406219482422,93.59033753463424,91.95860204711911,92.6060428454508,8882500
BKNG,2022-04-01,92.7431411743164,94.71955245085607,92.04477258350464,93.12658983939909,7052500
BKNG,2022-04-04,93.02281188964844,93.21826039284733,91.41966649747843,93.05022936563421,7335000
BKNG,2022-04-05,90.00804901123047,92.93076694211486,89.7953655951457,91.94804091431428,8880000
BKNG,2022-04-06,87.0367660522461,87.69870762084622,85.95769035550019,87.64308824295301,10555000
BKNG,2022-04-07,86.68660736083984,87.1346926112656,85.04272415430613,86.48998594824617,7487500
BKNG,2022-04-08,84.89347839355469,87.2694077258522,84.85274066303924,86.30470121257137,7540000
BKNG,2022-04-11,84.96360778808594,86.54403481937553,84.01338677465735,84.2111885544137,6315000
BKNG,2022-04-12,85.44026947021484,87.43744182221651,85.10499188492646,86.05011025465022,6960000
BKNG,2022-04-13,88.52396392822266,89.00181236019185,85.80492021313832,85.8660230745594,8210000
BKNG,2022-04-14,87.23846435546875,90.37856419391066,86.696382845633,89.18550824157056,10055000
BKNG,2022-04-18,86.1425552368164,87.19500528841743,85.11204663627943,86.56126565826266,8235000
BKNG,2022-04-19,87.71200561523438,88.24507743551946,86.35796359699862,86.35796359699862,8492500
BKNG,2022-04-20,88.19847869873047,89.46948404104928,87.88396217678503,88.51965908617652,6637500
BKNG,2022-04-21,87.70965576171875,91.5708350700416,87.12056860759424,90.71579844538736,9745000
BKNG,2022-04-22,86.71283721923828,88.67476282906502,86.55420435452683,87.18794391906823,7545000
BKNG,2022-04-25,87.97286987304688,88.78051243176265,85.64120428201142,85.85897522020807,10505000
BKNG,2022-04-26,84.60128021240234,87.8643625551656,84.5617228545208,87.41667337133003,11090000
BKNG,2022-04-27,88.4785385131836,89.30576184281301,85.54289639349321,85.69956447905037,11597500
BKNG,2022-04-28,90.78356170654297,92.57158432478847,88.48910027251868,89.5305832179222,12080000
BKNG,2022-04-29,86.57339477539062,90.6817273992712,86.41202016679156,89.79417825802764,11827500
BKNG,2022-05-02,85.89227294921875,87.13272322735862,82.87947336195286,86.44376016048027,14875000
BKNG,2022-05-03,82.48503112792969,86.38381770137443,80.75223958552095,86.31683540397964,15505000
BKNG,2022-05-04,82.38320922851562,82.6291820638853,78.22787824686608,81.78275909427109,21817500
BKNG,2022-05-05,85.0693588256836,90.39972692848883,84.47360771551558,90.08638328545445,25987500
BKNG,2022-05-06,85.9435806274414,87.93135489710536,81.57517032862064,84.0208238695744,17250000
BKNG,2022-05-09,79.25917053222656,83.9452275555653,79.15537261130365,82.46232327231239,16795000
BKNG,2022-05-10,80.0977554321289,82.24572390359,78.8682722911113,82.24572390359,12287500
BKNG,2022-05-11,81.16194152832031,83.66555994986413,78.78835811534164,80.82705244817843,11542500
BKNG,2022-05-12,80.41383361816406,82.83167347573267,78.41156640624813,80.35077343692197,10910000
BKNG,2022-05-13,82.32681274414062,83.23159691147046,81.16430430565008,82.42120506155368,7547500
BKNG,2022-05-16,80.13809967041016,82.04087979436426,79.6524144442471,81.70873241918414,7232500
BKNG,2022-05-17,84.07762908935547,84.64204064546638,82.63898848350723,83.2319904171858,10177500
BKNG,2022-05-18,80.30926513671875,83.58684122097499,79.9810398623736,83.03614592398904,9012500
BKNG,2022-05-19,82.38594818115234,83.91467023495537,80.0037508448008,80.67117579221642,9680000
BKNG,2022-05-20,82.87554931640625,83.51711817793704,80.4060045069898,83.34047345250217,10775000
BKNG,2022-05-23,82.51325988769531,84.50064606704903,82.0436365830065,84.50064606704903,7407500
BKNG,2022-05-24,80.2967300415039,82.04674921295477,79.09387995003736,81.83877236882594,8475000
BKNG,2022-05-25,84.102294921875,84.89113375189521,79.82710387617793,79.82710387617793,8907500
BKNG,2022-05-26,87.01206970214844,88.20630599031834,84.53900638482331,85.02664888478579,7555000
BKNG,2022-05-27,88.75389099121094,89.07467546936942,87.67755705455183,88.66106751741977,7715000
BKNG,2022-05-31,87.87574005126953,88.87217474647923,85.97530565049489,87.86634190878402,12627500
BKNG,2022-06-01,87.68029022216797,89.17768025425747,86.05795270941542,88.71549784237706,6462500
BKNG,2022-06-02,92.92057800292969,93.37257785683796,88.39628381047443,88.50203906115499,12002500
BKNG,2022-06-03,91.4913330078125,93.17791106235809,90.51330614726281,90.76633132955634,7717500
BKNG,2022-06-06,91.93901062011719,93.7411303129163,91.36911571434256,92.6886879299014,5165000
BKNG,2022-06-07,91.13334655761719,91.88889601270999,90.08638742640035,90.1658981086622,5865000
BKNG,2022-06-08,91.88026428222656,92.24060605582733,90.10086292626758,90.22149979984441,6742500
BKNG,2022-06-09,89.21842193603516,91.49839045116923,89.15536174285506,91.26141979275522,9312500
BKNG,2022-06-10,82.44705200195312,86.49075567684099,82.11686195988081,86.1629189055785,10787500
BKNG,2022-06-13,77.5259780883789,78.96854049769004,74.94520214281938,78.58861054632943,18240000
BKNG,2022-06-14,76.43672943115234,78.17382442601391,74.53746791776788,77.6838360528219,14465000
BKNG,2022-06-15,77.2878646850586,78.48796585704818,75.65729414577666,78.05790737841102,9507500
BKNG,2022-06-16,72.31350708007812,74.78225990988267,71.76750344476261,74.53119954033976,13827500
BKNG,2022-06-17,74.68826293945312,75.29888813127567,72.48075306245337,72.53597648197419,14137500
BKNG,2022-06-21,75.87975311279297,76.52915873811087,74.94324844827014,76.36112773135059,15080000
BKNG,2022-06-22,74.0212173461914,76.24713475483073,73.72315136675877,74.28873563426357,10967500
BKNG,2022-06-23,71.87560272216797,73.48854191683179,70.30692742838687,73.3083710311628,15050000
BKNG,2022-06-24,75.6353530883789,75.71251797060785,72.5912212700885,73.15915898688672,12730000
BKNG,2022-06-27,74.27190399169922,76.3619071652541,74.06705738382506,75.98236569674795,8612500
BKNG,2022-06-28,72.00721740722656,76.53426092477648,71.88619203978558,75.27148074675702,10130000
BKNG,2022-06-29,70.90699005126953,71.82821719027422,68.93566617299554,71.43614730670973,10575000
BKNG,2022-06-30,68.50443267822266,69.87256475492282,66.70505432626071,68.64700355595494,16017500
BKNG,2022-07-01,69.24822998046875,69.24822998046875,67.35915839984452,68.27372920459173,8907500
BKNG,2022-07-05,70.0307846069336,70.39112632276759,66.17273612955547,67.03717075946699,13140000
BKNG,2022-07-06,68.5776596069336,70.79417156622698,68.392393709819,70.25522030409378,9735000
BKNG,2022-07-07,69.95089721679688,70.46321551163581,68.96739430942331,69.84396906662947,8367500
BKNG,2022-07-08,69.30696868896484,69.77777225254889,67.58828167805632,69.07901519585725,5767500
BKNG,2022-07-11,67.54714965820312,68.7174871306602,67.1339228211386,68.06064076190015,8882500
BKNG,2022-07-12,68.0837631225586,69.02693175955346,67.25261765970166,67.85462922632757,8067500
BKNG,2022-07-13,68.07515716552734,68.44725045465626,65.72429138287619,66.29301356693699,7217500
BKNG,2022-07-14,65.5636978149414,66.9459346277953,65.38469978749599,66.24874627573816,13430000
BKNG,2022-07-15,66.53035736083984,67.49859008920583,65.81906445089528,66.94749142013619,12025000
BKNG,2022-07-18,68.10490417480469,70.11069772079067,67.72732748010073,68.34461655491125,11110000
BKNG,2022-07-19,71.86541748046875,72.16583675133744,69.46912312529588,69.46912312529588,11180000
BKNG,2022-07-20,71.86541748046875,72.4247413406798,70.75931306583801,71.56969728008416,11887500
BKNG,2022-07-21,71.6543197631836,71.73892546383722,69.95011815420317,71.07894123312259,8442500
BKNG,2022-07-22,70.88936614990234,72.7580649885386,70.38644600167096,72.57906698275089,7712500
BKNG,2022-07-25,71.86033630371094,72.22537716447057,70.64025130655929,71.2399095308078,8495000
BKNG,2022-07-26,70.3378677368164,71.46394879260826,70.29674153212245,71.31041096175083,7510000
BKNG,2022-07-27,73.5410385131836,74.54295668040676,71.942196368438,71.942196368438,10187500
BKNG,2022-07-28,74.92562103271484,74.93855281672923,72.73769914424608,73.89432806664604,8007500
BKNG,2022-07-29,75.81708526611328,76.23892588994737,74.41957104271961,74.9522619335542,9965000
BKNG,2022-08-01,74.68042755126953,75.38192635925184,72.96956982478157,75.34941386923757,10207500
BKNG,2022-08-02,76.62432861328125,77.24710113383625,74.52884199611091,74.68042250572034,11000000
BKNG,2022-08-03,77.02307891845703,77.32036056065402,75.30595301953778,75.79045792298923,15337500
BKNG,2022-08-04,76.26986694335938,76.55070553990092,73.46230275506721,74.4516925287312,20115000
BKNG,2022-08-05,75.39720916748047,76.60945746314923,74.57585784915506,75.74149643911238,9590000
BKNG,2022-08-08,76.60475158691406,77.92431639022786,75.31533853156311,75.31533853156311,8742500
BKNG,2022-08-09,76.65998077392578,76.65998077392578,75.17512660625253,76.44220983258698,7495000
BKNG,2022-08-10,79.26387786865234,79.40174967161661,77.57769563295183,78.33677123760046,11595000
BKNG,2022-08-11,80.83332824707031,82.20107165304123,80.32884675134764,80.7491185056329,9460000
BKNG,2022-08-12,83.07450866699219,83.15323489976004,81.1697641463092,81.62450563317381,8242500
BKNG,2022-08-15,83.41842651367188,84.5233582836352,82.25278781910494,82.33112560047257,9440000
BKNG,2022-08-16,84.26365661621094,84.64398252843291,82.848130621395,82.89004125345545,6592500
BKNG,2022-08-17,83.41410827636719,83.93935087507116,82.31701337333514,82.74707923704133,6410000
BKNG,2022-08-18,84.0047607421875,84.39644212568223,82.59392632628038,82.99187562792636,5397500
BKNG,2022-08-19,81.74046325683594,83.40040082395339,81.62295659374038,83.10624942508987,5907500
BKNG,2022-08-22,77.26551818847656,79.9833891751266,77.12490465011325,79.05784400097768,11625000
BKNG,2022-08-23,78.05516052246094,78.80992557915022,77.38185600400921,77.3947877897474,8085000
BKNG,2022-08-24,77.98189544677734,79.08643857650591,77.1801323542809,77.2384934697996,5727500
BKNG,2022-08-25,78.67048645019531,79.66574837574134,78.13858737515496,78.33599321743797,6260000
BKNG,2022-08-26,74.84844970703125,79.15223029834208,74.7325119145472,78.86590825215715,9595000
BKNG,2022-08-29,74.36670684814453,75.25620597862103,73.87475365248663,74.30168185816707,8010000
BKNG,2022-08-30,73.64483642578125,75.39800102543015,73.23984219506107,75.24171393781572,8132500
BKNG,2022-08-31,73.47171783447266,75.08113118434484,73.37810246666294,74.09096433018313,9740000
BKNG,2022-09-01,72.55908966064453,73.38239821722152,70.57718750580301,72.81328771831967,14422500
BKNG,2022-09-02,71.98725891113281,73.3577443989792,71.2450221755238,73.00366296891745,8440000
BKNG,2022-09-06,71.08403015136719,72.40437950528613,69.72254711552156,71.98724542173024,8460000
BKNG,2022-09-07,73.3401107788086,73.66676721330528,70.78244132393645,71.44985887785445,9877500
BKNG,2022-09-08,74.65496826171875,74.90290588373324,71.66919057995365,72.19835526726624,11545000
BKNG,2022-09-09,77.59297180175781,77.74807104039704,75.12616850225605,75.20254895675474,13172500
BKNG,2022-09-12,78.85769653320312,79.54822838914843,78.34616267869076,78.73588674967374,10287500
BKNG,2022-09-13,75.23388671875,77.07439134727692,74.94717610622456,76.02507891558463,9900000
BKNG,2022-09-14,77.05831909179688,77.16250549209524,74.3063816789544,75.07642421521945,7575000
BKNG,2022-09-15,76.64273834228516,78.92544823760521,76.26947226184213,76.59769748889089,9522500
BKNG,2022-09-16,73.49677276611328,75.77517972938045,72.63272641355276,75.75089247997121,19800000
BKNG,2022-09-19,74.53629302978516,74.81086371649079,72.42552854114146,72.42552854114146,6687500
BKNG,2022-09-20,74.28719329833984,75.4551853293407,73.59000493487558,73.93860285195893,7762500
BKNG,2022-09-21,70.76481628417969,74.06041204706563,70.73309568189555,73.95739853201714,9315000
BKNG,2022-09-22,67.39166259765625,70.74053171246628,67.1731072144722,70.7373940176812,14470000
BKNG,2022-09-23,65.40584564208984,66.54250546411095,64.47208261272772,66.43479288424581,15725000
BKNG,2022-09-26,65.38116455078125,67.14568442709503,65.37137793210674,65.7113546058776,11222500
BKNG,2022-09-27,65.37764739990234,67.00194225171838,64.83830010833636,66.44849774650622,10032500
BKNG,2022-09-28,67.63841247558594,67.99522805979028,64.74232829659273,65.09248748689552,9547500
BKNG,2022-09-29,65.75991821289062,66.48766159863924,65.0067221492115,66.21544419962773,8620000
BKNG,2022-09-30,64.36123657226562,66.65451781643951,64.30874742341861,64.97852569707781,12460000
BKNG,2022-10-03,65.76032257080078,66.3505827235744,63.69577170382889,65.50611699912089,9672500
BKNG,2022-10-04,68.89806365966797,69.15226173857943,67.65094962613463,67.72106215686361,11652500
BKNG,2022-10-05,67.63175964355469,68.34814761720912,66.96041999961291,67.63568176181325,8757500
BKNG,2022-10-06,66.96669006347656,67.87460443915957,66.29613482170453,67.51269376676932,9282500
BKNG,2022-10-07,66.00432586669922,66.54758026273433,65.33690095832192,65.8323727542162,11085000
BKNG,2022-10-10,65.46263885498047,66.65021139186179,64.92524890948663,66.5562075593489,6957500
BKNG,2022-10-11,64.0243911743164,65.46264318322652,63.485051340163636,65.46264318322652,7617500
BKNG,2022-10-12,65.63065338134766,65.90247477425328,63.80503113026234,64.39137643309566,7270000
BKNG,2022-10-13,66.27733612060547,67.01290885232527,63.32876980454027,63.696163958576044,11942500
BKNG,2022-10-14,65.42973327636719,67.99014408740558,65.30282848495271,67.18367448488695,9725000
BKNG,2022-10-17,68.44566345214844,68.62191969407985,66.63806017823322,66.71326772231508,7970000
BKNG,2022-10-18,69.48243713378906,71.11299967900848,68.56277897020692,70.50668510330571,9185000
BKNG,2022-10-19,69.39862060546875,70.50158730180037,68.5780463740098,68.5780463740098,7840000
BKNG,2022-10-20,69.46913146972656,71.55991925827081,69.07549275332335,69.31206744790764,8627500
BKNG,2022-10-21,71.39501190185547,71.64999438071105,68.93644171993945,69.40684931848914,7672500
BKNG,2022-10-24,70.83765411376953,71.62414706494854,69.09232661836889,71.01234150681283,7845000
BKNG,2022-10-25,73.42469787597656,73.64482206999638,70.59168119572496,70.59168119572496,8120000
BKNG,2022-10-26,72.52031707763672,75.12616495470624,72.36364899903202,73.42470524509307,9390000
BKNG,2022-10-27,71.82390594482422,73.47326481557829,71.4079373343096,73.2194627034193,9390000
BKNG,2022-10-28,73.3115234375,73.42903012233558,71.03273495282883,72.0303427261267,11517500
BKNG,2022-10-31,73.22376251220703,73.84496618202955,71.98449286668028,73.27977782291909,8955000
BKNG,2022-11-01,74.00870513916016,75.47672037658498,73.87239472139527,74.07646440086833,8722500
BKNG,2022-11-02,69.6477279663086,73.82107796842072,69.37903674874565,72.96173074979627,15147500
BKNG,2022-11-03,71.51016998291016,74.52493401554062,71.39384369773232,72.42161044558217,18565000
BKNG,2022-11-04,73.4164810180664,75.05175033607992,72.5430364836412,73.82500885788737,10967500
BKNG,2022-11-07,71.82704162597656,73.90333625351712,70.42091371916337,73.47953831655168,10847500
BKNG,2022-11-08,72.82073974609375,74.14305395095823,71.69975348194617,71.90421164668477,7942500
BKNG,2022-11-09,73.08041381835938,73.72747364006227,71.68015792650436,72.06909755955593,8987500
BKNG,2022-11-10,76.24088287353516,76.58517014486044,75.06153554765419,76.2545916104969,12905000
BKNG,2022-11-11,78.95366668701172,79.64341419792267,75.8413796713176,75.8413796713176,11070000
BKNG,2022-11-14,77.52324676513672,79.10054347243856,77.3180116497676,78.19928549766372,10392500
BKNG,2022-11-15,78.41038513183594,80.76281898115353,77.36538358575433,79.49612440619023,10280000
BKNG,2022-11-16,78.87571716308594,79.46519285321887,77.94430000139766,78.68653659276421,7562500
BKNG,2022-11-17,76.01567077636719,77.25690538669919,74.51553154148183,76.80529402188863,12372500
BKNG,2022-11-18,75.99685668945312,77.24710079559357,75.41795212374578,76.7602427281967,7652500
BKNG,2022-11-21,75.18257141113281,76.31569755349648,74.41957371095687,75.31770146244662,6997500
BKNG,2022-11-22,76.25889587402344,76.37953274927129,74.39214706058328,75.5942126894463,8177500
BKNG,2022-11-23,77.1393814086914,78.41430112501577,76.44571947720097,76.56870213453578,6360000
BKNG,2022-11-25,77.73397827148438,78.19028128861171,76.89539195421422,77.1014115076339,4220000
BKNG,2022-11-28,77.74454498291016,78.52790028019842,77.47663070278244,77.7884129393239,8285000
BKNG,2022-11-29,79.00811767578125,79.4158536771713,77.75670029894722,77.75670029894722,7117500
BKNG,2022-11-30,81.4478759765625,81.65350702201506,78.81382632970148,79.58935233142304,11102500
BKNG,2022-12-01,80.69741821289062,82.27784509177307,80.21604356887838,81.61434221859385,7297500
BKNG,2022-12-02,81.6824951171875,82.03696494667636,79.30460081506757,79.5752568480416,6760000
BKNG,2022-12-05,80.54975891113281,81.7388928502327,80.16786413103287,80.53212805604888,6975000
BKNG,2022-12-06,79.98847961425781,81.27162489009164,79.25682152242261,80.60929490808451,6570000
BKNG,2022-12-07,76.59534454345703,77.85185660951346,75.99607482854323,77.40769357931393,10385000
BKNG,2022-12-08,78.7574234008789,79.15027768879077,76.32431317254533,76.86286854396126,7852500
BKNG,2022-12-09,79.11856842041016,79.55842095190589,77.99484034183065,78.40061900074198,6050000
BKNG,2022-12-12,81.46942138671875,81.5438445169764,78.92350336914036,79.12090919065494,8375000
BKNG,2022-12-13,80.20938873291016,84.30401300759502,79.83689955440552,84.30401300759502,10472500
BKNG,2022-12-14,78.60232543945312,81.06442202763961,77.86635677970078,80.57012308157596,10037500
BKNG,2022-12-15,76.99211883544922,77.40455378926718,76.46804920641068,77.03715968781519,8557500
BKNG,2022-12-16,75.9291000366211,77.2502336630606,75.51626912429796,76.3532864137783,20197500
BKNG,2022-12-19,75.65062713623047,76.74772210379781,75.18687585292874,76.45826976357733,6962500
BKNG,2022-12-20,76.71089935302734,76.89107025095078,75.38741236196626,75.38741236196626,6132500
BKNG,2022-12-21,77.1961898803711,78.23766539334353,77.07633742100995,77.37949847573007,6275000
BKNG,2022-12-22,75.71133422851562,76.28748963514377,74.70823572739573,76.28748963514377,6317500
BKNG,2022-12-23,77.22047424316406,77.2917596713552,75.15240493132346,75.45399712751673,3945000
BKNG,2022-12-27,78.26822662353516,78.82127520555044,76.85504626286897,77.46958619122917,5787500
BKNG,2022-12-28,76.72382354736328,79.51101511373221,76.58712465923003,78.62934538584817,6022500
BKNG,2022-12-29,78.47345733642578,78.84789632363105,77.34032387415782,77.74061895630766,5165000
BKNG,2022-12-30,78.93445587158203,79.02532947028695,77.47427761103691,77.52480195730799,4917500
BKNG,2023-01-03,79.59758758544922,80.25521853716496,78.55415464336104,79.85688070891165,6672500
BKNG,2023-01-04,82.66168212890625,82.78506073985417,80.55992767817575,81.03189662308925,9202500
BKNG,2023-01-05,84.01297760009766,84.34708225753151,81.68444250392798,81.68444250392798,9400000
BKNG,2023-01-06,85.3568344116211,85.82489622209312,84.25660937927093,84.80338996293727,8760000
BKNG,2023-01-09,86.49898529052734,87.05164536512272,85.57892359369092,85.97374268992746,6790000
BKNG,2023-01-10,86.99014282226562,86.9905387694208,85.35958014237691,86.19150993959093,5417500
BKNG,2023-01-11,87.1413345336914,87.98187804596229,86.77668214659089,87.08414631744395,7247500
BKNG,2023-01-12,88.39315032958984,88.81969005306016,86.74339523485389,87.16954648182677,7302500
BKNG,2023-01-13,90.13885498046875,90.16509955277036,87.03753544043431,87.0841451434203,7267500
BKNG,2023-01-17,91.41888427734375,91.5093619502777,90.00452348818291,90.00452348818291,8600000
BKNG,2023-01-18,89.94731903076172,93.01299552987678,89.82942391224984,92.43644424851601,7677500
BKNG,2023-01-19,90.68956756591797,90.96139651885599,88.84710575317847,88.91134631730517,7105000
BKNG,2023-01-20,91.82112121582031,92.06396381663725,90.88070192604498,91.1486087281091,7592500
BKNG,2023-01-23,94.0650634765625,94.15123054457881,91.25358459890953,91.65309528872295,8522500
BKNG,2023-01-24,94.09481811523438,95.21188955592174,93.7630667160449,94.10578510363733,5927500
BKNG,2023-01-25,93.64087677001953,93.72861269202204,89.68256277194216,90.0178403982663,7607500
BKNG,2023-01-26,95.22325897216797,95.32940269276331,93.90564395632326,94.0031739586017,5950000
BKNG,2023-01-27,96.52989196777344,96.9247035462277,94.85624588281365,94.85624588281365,7475000
BKNG,2023-01-30,95.45161437988281,96.2083366784318,94.54644177139356,95.33293481550704,7930000
BKNG,2023-01-31,95.33879852294922,95.41282569791235,94.13791324021403,94.78026651348627,8452500
BKNG,2023-02-01,95.79471588134766,96.44099129211762,93.61737257501395,94.87818785828053,10280000
BKNG,2023-02-02,96.145263671875,97.32422239259513,95.52915499948975,96.19070047247457,8650000
BKNG,2023-02-03,96.16014862060547,96.8318841522531,94.39015283747881,94.8918925727983,7182500
BKNG,2023-02-06,96.74298095703125,96.9356877098068,95.01802579560993,95.17077923519132,6152500
BKNG,2023-02-07,97.41822814941406,97.52750208817616,94.50765063743088,96.54203449153651,10705000
BKNG,2023-02-08,94.98550415039062,97.37044329062918,94.79240893972481,96.46292493623402,8765000
BKNG,2023-02-09,95.41792297363281,97.5557089035931,95.39677341895734,96.42454017465153,8725000
BKNG,2023-02-10,91.98092651367188,94.18491024603829,91.30958692937116,93.3651203665144,14190000
BKNG,2023-02-13,94.90522003173828,95.28945314358202,92.6945722659005,93.09996240396802,6725000
BKNG,2023-02-14,96.78606414794922,97.18087576446976,94.39328820501613,94.71328821981405,6590000
BKNG,2023-02-15,98.56938171386719,98.68062045620455,97.21573546275391,97.91997606207671,7482500
BKNG,2023-02-16,97.65284729003906,99.36918850643072,96.72534484296796,96.9329332063996,8530000
BKNG,2023-02-17,96.43199157714844,96.92785941383677,95.6682169006638,96.5741739751575,7175000
BKNG,2023-02-21,95.00157165527344,95.95022374468019,94.59305128479055,94.59305128479055,5630000
BKNG,2023-02-22,95.04935455322266,95.94865519123144,94.73170779489261,94.9146204511393,4150000
BKNG,2023-02-23,95.04075622558594,96.11983199994829,93.31971549413569,95.16804952956029,10490000
BKNG,2023-02-24,96.0587158203125,97.497356318297,94.20058795090488,95.17821891739123,14092500
BKNG,2023-02-27,98.74564361572266,99.04645142071377,96.94548091575811,97.15189640444318,9072500
BKNG,2023-02-28,98.8600082397461,99.83489741857625,97.9650182123592,98.38372861356915,8500000
BKNG,2023-03-01,99.96924591064453,100.0448419402524,98.89565379414518,99.09501693735255,8222500
BKNG,2023-03-02,100.9684066772461,101.19441030727803,99.00961890189721,99.47337010306946,8217500
BKNG,2023-03-03,102.63581085205078,102.94327505533983,101.4176830407209,101.83678194101034,10477500
BKNG,2023-03-06,102.36279296875,102.87315388232112,100.84424606369457,100.84424606369457,11200000
BKNG,2023-03-07,101.01033020019531,103.01181328409791,100.71774765040094,101.82776687714227,7430000
BKNG,2023-03-08,101.16582489013672,101.83834489799358,100.41458610196429,100.95158011630262,5285000
BKNG,2023-03-09,98.13108825683594,101.34207777572209,98.05901840313582,100.71695938884433,8157500
BKNG,2023-03-10,97.15579223632812,98.88310031854058,96.41082147520454,98.26816456647362,9590000
BKNG,2023-03-13,95.52641296386719,96.6532710157149,95.29335699095974,96.34736824219775,10455000
BKNG,2023-03-14,96.97014617919922,98.44325634004173,96.35325305075857,97.88158663279917,9472500
BKNG,2023-03-15,94.6192855834961,95.3552467210856,93.34436568565036,94.73325859330258,10640000
BKNG,2023-03-16,95.56636810302734,96.05714834968323,94.04273352840906,94.159067287975,8440000
BKNG,2023-03-17,95.60319519042969,95.78963401814796,93.7215645340846,95.56637210252204,19970000
BKNG,2023-03-20,97.67439270019531,98.07234202105549,95.49665336648599,95.98233860429785,8072500
BKNG,2023-03-21,100.71343994140625,101.12000299417376,98.61756448520893,98.61756448520893,7062500
BKNG,2023-03-22,100.20110321044922,102.30638389284177,100.15253618815993,100.9503920328687,6827500
BKNG,2023-03-23,99.4381103515625,102.44895188014958,98.85411825903316,100.7796164863619,8812500
BKNG,2023-03-24,97.89373779296875,98.46363280753975,96.5890544341428,98.31518996317493,8240000
BKNG,2023-03-27,98.2454605102539,99.5963650268333,98.09544882675026,98.89917676290845,6160000
BKNG,2023-03-28,99.6872329711914,100.04209126607904,98.24545492511434,98.70333418603357,5895000
BKNG,2023-03-29,100.7310562133789,101.23006169273343,100.07969325598027,101.10942481152051,5917500
BKNG,2023-03-30,102.21905517578125,102.79599500699827,101.0729973373632,101.38242630481213,6635000
BKNG,2023-03-31,103.88955688476562,104.22053133237732,102.69806979132512,102.8433823882259,9145000
BKNG,2023-04-03,104.39012908935547,104.8597522931719,103.01180717413614,103.5911077387624,5577500
BKNG,2023-04-04,103.33808898925781,104.7724188387106,102.81597660804509,104.66235299461138,6517500
BKNG,2023-04-05,102.44779205322266,103.21352396324468,101.4450895078136,103.13009864529491,6522500
BKNG,2023-04-06,101.20421600341797,102.06200199086317,99.95672085350039,102.06200199086317,6817500
BKNG,2023-04-10,100.76238250732422,101.25237078580084,99.96413820112146,100.46823116139603,5145000
BKNG,2023-04-11,100.52347564697266,101.39340150302377,100.31157666478336,101.12431429954482,5917500
BKNG,2023-04-12,99.7706527709961,101.36361530400106,99.27204327609947,101.36126203333353,6905000
BKNG,2023-04-13,102.997314453125,103.05489114150129,100.28962631094407,100.62255807654535,8365000
BKNG,2023-04-14,103.78968811035156,104.1077307967827,102.44857773504917,102.87276414244276,4635000
BKNG,2023-04-17,104.81549072265625,104.82058574046196,103.08896699097482,103.08896699097482,4392500
BKNG,2023-04-18,105.62353515625,106.6093912747293,105.27611020539346,105.60198965451319,6125000
BKNG,2023-04-19,104.82450103759766,105.55224439915993,104.67879249229148,105.12099820464603,4962500
BKNG,2023-04-20,104.2170181274414,105.74182565817713,104.06191142278873,104.3533210764053,6192500
BKNG,2023-04-21,105.25732421875,105.3509321116669,103.1293247083103,104.28947986574352,5252500
BKNG,2023-04-24,104.95806884765625,106.02774624507504,104.45554466660981,105.66544712391385,6090000
BKNG,2023-04-25,103.6001205444336,104.7943570395876,103.45050480096167,104.7943570395876,7090000
BKNG,2023-04-26,101.73375701904297,104.18880865196759,101.28098024584118,103.53823012939587,8935000
BKNG,2023-04-27,103.38156127929688,103.43679217508303,100.94805499045897,102.69847022193154,9422500
BKNG,2023-04-28,105.21736145019531,105.5154274817967,102.64755233995417,103.05841848712899,7382500
BKNG,2023-05-01,105.40458679199219,106.53615149470755,104.92008193463117,104.98274617652132,6307500
BKNG,2023-05-02,106.38220977783203,106.99714556214118,105.23850527074984,105.23850527074984,7287500
BKNG,2023-05-03,103.64671325683594,106.60076270763673,103.23819294132642,106.60076270763673,9997500
BKNG,2023-05-04,101.97660064697266,103.63849544612931,101.85987841397261,102.26448411142839,12195000
BKNG,2023-05-05,100.63431549072266,103.8010410109991,98.87332187536484,103.02434212157821,19705000
BKNG,2023-05-08,103.38272857666016,103.72271271031549,100.78393315918198,100.78393315918198,8622500
BKNG,2023-05-09,103.20413208007812,104.36664046085241,102.17283909944085,102.83321175345536,8487500
BKNG,2023-05-10,103.6353759765625,104.34274684834283,101.78312005207812,103.20413718516095,10295000
BKNG,2023-05-11,104.05290222167969,104.5158690667321,103.22293716354054,103.28090233677901,5307500
BKNG,2023-05-12,103.04393768310547,104.9596421806048,102.81597669961026,104.9596421806048,5507500
BKNG,2023-05-15,103.64124298095703,103.9162021479733,102.65734412875736,102.89391883170272,4967500
BKNG,2023-05-16,103.65103912353516,105.45159027014545,103.65065064705185,104.18686025453667,5630000
BKNG,2023-05-17,105.62431335449219,105.74338885942697,103.4281662916484,104.26088051977125,7440000
BKNG,2023-05-18,108.92538452148438,109.15530280283859,105.53187107343456,105.70303976534993,8440000
BKNG,2023-05-19,108.30967712402344,108.92500892155071,107.8498479776572,108.92500892155071,8590000
BKNG,2023-05-22,105.58203125,109.1294793003243,105.4801981068174,108.27326210861735,7070000
BKNG,2023-05-23,103.30519104003906,104.97335389286876,102.74195243101514,104.82334220386313,7242500
BKNG,2023-05-24,102.84847259521484,103.52725294708523,101.65580518687115,102.70824755196533,6752500
BKNG,2023-05-25,101.73375701904297,103.31105358384349,100.70599027560263,103.3040012421354,9507500
BKNG,2023-05-26,101.48936462402344,104.35528272495256,101.38125609806019,102.42351612036066,11632500
BKNG,2023-05-30,99.04683685302734,102.08118156807845,98.70842157147473,101.64954688028698,12142500
BKNG,2023-05-31,98.26349639892578,98.82242448677846,96.23302666082743,98.5768400792723,20580000
BKNG,2023-06-01,99.87837982177734,100.59123416994835,97.9336889548936,98.04218595445855,7977500
BKNG,2023-06-02,102.84143829345703,103.18729442110426,100.60220009761584,100.94805622526306,8185000
BKNG,2023-06-05,104.60828399658203,104.75947602532801,102.51749651140595,102.51749651140595,7820000
BKNG,2023-06-06,106.0708236694336,106.90001167957807,105.1468548797311,105.30900643804328,7867500
BKNG,2023-06-07,103.56722259521484,106.76725294879942,103.26915652904533,106.15780055489388,7857500
BKNG,2023-06-08,103.69568634033203,104.94044710853792,102.5026302953375,102.5026302953375,5945000
BKNG,2023-06-09,102.0768814086914,104.6858596207426,101.99345608284705,103.69569281789386,7960000
BKNG,2023-06-12,102.04592895507812,102.90449180274284,101.05733108490766,102.8641500170637,7937500
BKNG,2023-06-13,102.3870620727539,103.008661653916,101.24218479117819,103.008661653916,6677500
BKNG,2023-06-14,102.22023010253906,102.75722410580349,101.02834696015162,101.6554226786548,5857500
BKNG,2023-06-15,104.64511108398438,104.90597301889782,101.33463432430946,101.6620826165711,9960000
BKNG,2023-06-16,103.44227600097656,105.84013958089184,103.09641987645307,105.84013958089184,20722500
BKNG,2023-06-20,103.27229309082031,104.57736494053728,102.3839594030842,102.62014564245865,7312500
BKNG,2023-06-21,103.55233001708984,104.39052774527278,102.62013592697534,103.27228331359544,6122500
BKNG,2023-06-22,104.88796997070312,105.05561252549354,103.44267300390874,103.49242040909365,5627500
BKNG,2023-06-23,102.77405548095703,104.112424033969,102.5903584223633,103.32711145101256,8115000
BKNG,2023-06-26,102.45407104492188,103.85667289519579,102.03261887374816,102.38434698505085,5650000
BKNG,2023-06-27,105.76766967773438,106.65013131319942,103.69882334140644,103.69882334140644,9705000
BKNG,2023-06-28,104.44026184082031,106.64189976033089,104.30631217659285,105.67483996193425,6055000
BKNG,2023-06-29,104.02664947509766,104.8100122354996,103.12931370097533,104.6341444643937,5600000
BKNG,2023-06-30,105.7665023803711,106.53694089245668,104.84918987530975,105.19033946275825,7665000
BKNG,2023-07-03,106.56787872314453,107.44054632914658,105.10025937582488,105.50682243258478,4482500
BKNG,2023-07-05,104.7352066040039,106.65953227691524,104.48766491386164,106.35637121501775,6920000
BKNG,2023-07-06,103.11717224121094,104.18684959929621,102.79638781792869,103.84138945114609,7730000
BKNG,2023-07-07,103.28246307373047,104.25892104166378,102.93347674945798,102.93347674945798,6722500
BKNG,2023-07-10,106.8827896118164,107.06492531633216,103.28599792411254,103.28599792411254,10027500
BKNG,2023-07-11,109.02018737792969,109.24657951893923,107.07040896973008,107.31716624327632,6952500
BKNG,2023-07-12,109.21875,110.51089720973481,108.93047062921771,109.8348586272524,7672500
BKNG,2023-07-13,111.0228500366211,111.74705984332047,110.60845022253388,110.64957643447816,7777500
BKNG,2023-07-14,112.2914810180664,112.32438198142762,110.7694080448029,111.42469303578075,5965000
BKNG,2023-07-17,115.5322494506836,115.74101819478504,111.91195513603633,111.91195513603633,6290000
BKNG,2023-07-18,116.7836685180664,116.89960633137241,114.37053488256069,115.02150191009031,7700000
BKNG,2023-07-19,114.6791763305664,117.42563782074382,114.63570431811006,116.73863210404224,7497500
BKNG,2023-07-20,114.27261352539062,116.44135072613676,114.2193474230571,114.37836877709236,6430000
BKNG,2023-07-21,114.4974365234375,116.44643037542943,114.49312592891272,115.1190287363326,17470000
BKNG,2023-07-24,113.34276580810547,114.35800427693364,112.45169787108394,113.83707225221336,6377500
BKNG,2023-07-25,115.24907684326172,115.96154274501237,113.0196400902205,113.0196400902205,6142500
BKNG,2023-07-26,115.86518096923828,116.18048191121679,114.49939485594433,115.24906477480846,4172500
BKNG,2023-07-27,115.77665710449219,117.20511488620784,115.63134450087648,116.50204722252609,5587500
BKNG,2023-07-28,117.98377990722656,118.13967103498103,116.76957426660711,117.03435086841253,4727500
BKNG,2023-07-31,116.36026763916016,118.19371969643193,116.15032598951832,117.50397225189124,9212500
BKNG,2023-08-01,114.14766693115234,115.59335219520662,114.13043202357888,115.24006273740446,7625000
BKNG,2023-08-02,112.99651336669922,113.98119659759888,112.41213271353728,113.19548802014278,7087500
BKNG,2023-08-03,111.23355865478516,111.6287662011402,109.44945816958291,110.25710069848311,16385000
BKNG,2023-08-04,119.97782135009766,124.03562994884453,115.54596220164349,123.5750089110107,24370000
BKNG,2023-08-07,127.02217864990234,127.17023300361272,120.61782304263502,120.81562479473867,12802500
BKNG,2023-08-08,126.3547592163086,126.9007628659697,124.17740848291197,125.0473267843806,8300000
BKNG,2023-08-09,125.52008819580078,127.35354763055466,124.89104770250069,127.35354763055466,7450000
BKNG,2023-08-10,126.24588775634766,127.36296691809817,125.53303335038868,125.92511074436834,6490000
BKNG,2023-08-11,125.58158874511719,126.02183716002257,124.07361278982307,125.27411710058534,5362500
BKNG,2023-08-14,126.68219757080078,126.78442664061434,124.57339055971022,125.33756107433749,3917500
BKNG,2023-08-15,125.3594970703125,126.46756637293043,125.1440719384353,126.29756310267805,4072500
BKNG,2023-08-16,125.15543365478516,126.3802177060198,124.61021443588153,124.68306123989255,4002500
BKNG,2023-08-17,121.89311981201172,125.63288517096326,121.73174521374945,125.46289685519734,7370000
BKNG,2023-08-18,119.79254913330078,120.74629618077797,118.85839773463519,119.8086111405234,11602500
BKNG,2023-08-21,119.54070281982422,120.41453576729835,118.25873053863143,120.13096290104242,5862500
BKNG,2023-08-22,120.39810180664062,120.88574440667743,119.58106101558103,119.72050166775014,4667500
BKNG,2023-08-23,121.36436462402344,122.62166122082341,120.08004650104874,120.08004650104874,4677500
BKNG,2023-08-24,118.53762817382812,121.81167825402203,118.3363002264117,120.90924733873332,5657500
BKNG,2023-08-25,119.16899871826172,119.5473598400163,117.81926717248514,118.537612425068,4937500
BKNG,2023-08-28,120.23046112060547,120.79643400435768,119.74086121947708,120.10512515958816,3522500
BKNG,2023-08-29,121.84613037109375,122.19393632152625,119.85404556783153,119.88342036371392,4197500
BKNG,2023-08-30,122.61892700195312,123.33922217132546,121.3534050854524,121.3534050854524,4100000
BKNG,2023-08-31,121.61779022216797,122.9996309291894,121.0290914766877,122.38900567493405,5752500
BKNG,2023-09-01,122.00396728515625,122.81004841323094,121.14423158510377,122.81004841323094,4940000
BKNG,2023-09-05,123.16922760009766,123.79591484623577,121.01459517816859,121.01459517816859,6552500
BKNG,2023-09-06,123.03488159179688,123.71523088296357,122.01768585244898,122.33455564551616,5820000
BKNG,2023-09-07,121.5558853149414,122.27226571519547,120.16385477287177,121.84142295393225,6072500
BKNG,2023-09-08,123.1089096069336,123.29848612287165,121.73411380201948,122.00828853936684,4110000
BKNG,2023-09-11,124.6591796875,124.82016583275666,123.1743254820716,123.45319929599732,4447500
BKNG,2023-09-12,124.29689025878906,125.41396191974353,123.40895249949205,123.93497209942694,4130000
BKNG,2023-09-13,122.03336334228516,124.31137446229259,121.80579830445123,124.05364273187558,6272500
BKNG,2023-09-14,125.24199676513672,126.37826802135514,122.46772942383164,124.11318126881959,7657500
BKNG,2023-09-15,123.7767105102539,126.01830167567205,123.15472239603594,125.36693129626053,21440000
BKNG,2023-09-18,123.70543670654297,125.46211980683147,123.18567760958337,123.53584431782781,5287500
BKNG,2023-09-19,121.92015838623047,123.0160803309035,121.07256254070758,122.67335445471178,7035000
BKNG,2023-09-20,120.2030258178711,122.78811231476807,120.16464135865931,122.78811231476807,4557500
BKNG,2023-09-21,118.92459869384766,119.4929248546991,118.07387253817085,119.11339079641722,6682500
BKNG,2023-09-22,119.95353698730469,121.29073272588779,118.94809267427839,119.26653131040237,5907500
BKNG,2023-09-25,121.33890533447266,121.59624110920633,118.09148862682414,118.4165836617574,4880000
BKNG,2023-09-26,119.87676239013672,121.15951159810987,119.08400150539741,120.63739926149088,5422500
BKNG,2023-09-27,120.7416000366211,121.46111825654657,119.4760855846243,120.17993774313288,4460000
BKNG,2023-09-28,121.60994720458984,122.09367509903606,119.9198505009517,120.74159026542448,6760000
BKNG,2023-09-29,120.79212951660156,122.868028292702,120.15995875296356,122.2570070851011,6307500
BKNG,2023-10-02,121.1763687133789,121.91155301730261,120.12314168788868,120.31624439076973,4017500
BKNG,2023-10-03,117.92658996582031,120.92803369931542,117.38450096738376,119.6582013144686,5705000
BKNG,2023-10-04,119.32411193847656,119.82859346174224,117.95518808701227,118.08130846782869,4655000
BKNG,2023-10-05,118.23876190185547,119.30648202320857,117.11856010284474,119.03191880366792,4550000
BKNG,2023-10-06,119.44043731689453,119.6413692998653,117.40565733705435,117.40565733705435,5140000
BKNG,2023-10-09,117.88468933105469,118.34334558077803,114.93651144492861,118.34334558077803,6062500
BKNG,2023-10-10,119.86970520019531,120.79250106551288,118.09578737001401,118.26812895950422,5512500
BKNG,2023-10-11,120.32210540771484,121.22453623305891,119.0499271665726,120.75491301256503,3630000
BKNG,2023-10-12,119.4231948852539,120.88259629812035,118.6367019108882,120.15015384447176,4290000
BKNG,2023-10-13,115.5487060546875,120.14663897963278,115.35325756041422,119.18075944534269,6830000
BKNG,2023-10-16,116.19066619873047,117.50945415064162,115.9830778228368,116.47385060066752,5942500
BKNG,2023-10-17,116.65795135498047,117.55959782044806,115.95879826057201,116.47973776462386,5307500
BKNG,2023-10-18,111.6381607055664,115.54594972708183,111.31424606810064,115.3806604758726,11407500
BKNG,2023-10-19,109.09068298339844,111.13564549923933,108.4710480827519,111.11723769143154,10907500
BKNG,2023-10-20,107.9720458984375,109.40167658236105,107.59485767906293,108.87917575915088,7842500
BKNG,2023-10-23,110.43571472167969,111.29427758270087,107.39862816378468,107.8592417149935,6670000
BKNG,2023-10-24,111.0557632446289,111.97738644092621,110.34564310276659,111.11764307225368,4712500
BKNG,2023-10-25,110.17642211914062,111.68830527477026,109.939458947734,110.5563520994381,5885000
BKNG,2023-10-26,107.42566680908203,110.40360809329546,107.04769412024493,109.49608217531004,7230000
BKNG,2023-10-27,107.56155395507812,109.06678056643756,107.2129636009426,107.61168982586108,5245000
BKNG,2023-10-30,109.21013641357422,110.17602328106307,108.36410946488799,108.42560080069354,5247500
BKNG,2023-10-31,109.2614517211914,109.82351737754425,108.30027133751396,109.6221894577578,5457500
BKNG,2023-11-01,108.34767150878906,110.18464973751614,107.95207545954047,109.78788078815364,7762500
BKNG,2023-11-02,111.18303680419922,111.39219402096317,107.96225323432702,109.9449399344403,12622500
BKNG,2023-11-03,111.97148895263672,112.37178406182848,108.19921817092819,108.88700827259927,14512500
BKNG,2023-11-06,116.38494110107422,117.59718937520228,113.13478265448617,113.13908577838627,11975000
BKNG,2023-11-07,117.97007751464844,118.8830869328574,116.0845321256474,116.38495146036442,7707500
BKNG,2023-11-08,118.30064392089844,119.09888833482405,117.65554887978962,118.87484947914585,5877500
BKNG,2023-11-09,117.90583801269531,118.80944176813361,117.44600886624187,118.7291466686863,5147500
BKNG,2023-11-10,120.41141510009766,120.65268887678374,118.01237859984697,118.40562138710243,5660000
BKNG,2023-11-13,122.17318725585938,123.23424347138922,120.50227529226154,120.54027127837836,6037500
BKNG,2023-11-14,124.29961395263672,124.60433637307405,123.19663966659469,123.99645290869479,7467500
BKNG,2023-11-15,122.23625183105469,125.62428216653149,122.09798408896135,125.22006492417985,7105000
BKNG,2023-11-16,122.55076599121094,123.80179468732453,121.50850604256175,121.97617194312613,6475000
BKNG,2023-11-17,122.80143737792969,123.57304123941807,121.55353898689954,123.57304123941807,5310000
BKNG,2023-11-20,123.69017028808594,124.12180503225203,122.75092376134454,123.06113718739215,5675000
BKNG,2023-11-21,123.18528747558594,124.20169130621052,123.05054590994085,123.6141729569631,4605000
BKNG,2023-11-22,122.5958023071289,124.11473776581842,122.59424093061777,124.02230278221941,4815000
BKNG,2023-11-24,122.03138732910156,122.87663735843729,121.68514275936069,122.87663735843729,2925000
BKNG,2023-11-27,122.62715148925781,123.09951648037716,121.02909371117595,121.38200218379906,6332500
BKNG,2023-11-28,123.06230926513672,123.29418490942236,122.22607625260007,122.84140061117944,4502500
BKNG,2023-11-29,122.45049285888672,124.31919911635235,121.57979010440174,123.47904405908562,3895000
BKNG,2023-11-30,122.42737579345703,122.53313103088446,120.61781522797904,122.53313103088446,6392500
BKNG,2023-12-01,123.75362396240234,124.52640829380944,121.38396218849675,122.41133309446438,5125000
BKNG,2023-12-04,122.77127838134766,124.85775547032571,122.03021474338875,123.27850161312334,5895000
BKNG,2023-12-05,123.30123138427734,123.77085462216084,121.59624547515119,121.59624547515119,4592500
BKNG,2023-12-06,123.37916564941406,124.8992740152559,122.49044358239432,124.564780846665,4727500
BKNG,2023-12-07,126.83653259277344,126.91760464128559,124.44297225007561,124.4844869361779,6982500
BKNG,2023-12-08,128.275146484375,128.37032320248034,126.15850293383231,126.15850293383231,6122500
BKNG,2023-12-11,131.0839080810547,132.59541036309523,128.77065007597295,128.77065007597295,8267500
BKNG,2023-12-12,133.2690887451172,133.36269662912215,131.15635955019505,131.6024799333747,6075000
BKNG,2023-12-13,134.1198272705078,134.47939216485392,132.3925262270471,133.72933366927217,5500000
BKNG,2023-12-14,134.74961853027344,136.8913188853342,133.8957623129534,135.28230934273768,6885000
BKNG,2023-12-15,136.2701416015625,136.8921372855585,134.55223879911412,134.81192039098158,22607500
BKNG,2023-12-18,135.93365478515625,136.69626381335655,135.53884324594847,136.45654400049517,5050000
BKNG,2023-12-19,137.68685913085938,138.23912329916826,136.26270428354243,136.60033518585496,5410000
BKNG,2023-12-20,135.88198852539062,138.73811238949787,135.66929765564845,138.50154515798204,7897500
BKNG,2023-12-21,137.85369873046875,138.0326967339771,136.38176139176915,136.38176139176915,5450000
BKNG,2023-12-22,138.48626708984375,139.61274433266072,137.8713386826259,137.8713386826259,6372500
BKNG,2023-12-26,139.69850158691406,139.99852492568303,138.07851003017362,138.16390013879237,4942500
BKNG,2023-12-27,138.44476318359375,140.24569542873098,138.23168382152775,140.24569542873098,4225000
BKNG,2023-12-28,139.0647735595703,139.54340644949113,138.66172922525007,139.2845018257617,3492500
BKNG,2023-12-29,138.93746948242188,140.02203598618516,138.27200931070468,139.3275894941767,4112500
BKNG,2024-01-02,136.32650756835938,138.34092196315734,135.7060958452955,137.87129884181203,8335000
BKNG,2024-01-03,133.5342559814453,136.33124167136114,133.36818229466928,135.6199412725613,8185000
BKNG,2024-01-04,133.95216369628906,135.0774453758358,132.548374315459,133.17114682067307,4415000
BKNG,2024-01-05,133.49002075195312,135.1099977315119,132.94636280081568,133.94515088028814,8045000
BKNG,2024-01-08,135.63246154785156,135.71707469947648,133.43827204483645,133.62666816506223,6617500
BKNG,2024-01-09,136.66612243652344,136.71586236452137,134.77705107075673,134.77705107075673,5607500
BKNG,2024-01-10,137.9163360595703,138.56652600954024,136.8423631895021,136.8423631895021,3712500
BKNG,2024-01-11,139.1356658935547,139.16190299559582,136.53804337746212,137.1878449536402,4187500
BKNG,2024-01-12,137.1819610595703,140.09332320046028,137.04566558685667,139.91550557047069,4180000
BKNG,2024-01-16,137.2328643798828,137.4796216100266,135.7816957925085,137.0017806789198,4330000
BKNG,2024-01-17,136.6923370361328,137.51251529330003,135.58193702997727,136.9602512752756,4560000
BKNG,2024-01-18,138.21636962890625,138.67580271317217,136.3652796809501,137.0095976390235,5575000
BKNG,2024-01-19,141.6514129638672,141.88954901077565,139.10548790570914,139.51205836451368,5877500
BKNG,2024-01-22,137.32374572753906,143.73320350894724,136.32848403909392,143.0834019621985,11410000
BKNG,2024-01-23,136.72056579589844,138.30217295075443,136.5415678013477,137.99860848871037,5955000
BKNG,2024-01-24,136.96066284179688,137.9711947023044,136.16751344308352,137.0879635892356,6522500
BKNG,2024-01-25,137.2152557373047,138.66524403084517,136.75346184593002,137.8709292525341,6952500
BKNG,2024-01-26,137.8556365966797,138.5254147578429,136.3045847499759,136.9289261121542,5240000
BKNG,2024-01-29,139.19833374023438,139.60019770081578,136.96184485431567,137.96923903241952,5487500
BKNG,2024-01-30,139.24807739257812,140.04436451660862,138.05542473347273,138.1063300930174,4637500
BKNG,2024-01-31,137.3805389404297,139.1916758646233,137.13025552390738,138.2629930544064,4660000
BKNG,2024-02-01,139.37734985351562,140.98755512313696,137.5462508612115,140.7012329905767,4912500
BKNG,2024-02-02,139.49249267578125,140.35576213244497,137.5384111320727,138.61356462849182,4940000
BKNG,2024-02-05,141.9839630126953,142.12849119770146,138.47489996197442,138.69385127212433,5770000
BKNG,2024-02-06,142.76498413085938,143.36268506668296,141.21744327824854,142.37564105694764,6925000
BKNG,2024-02-07,145.27096557617188,146.70217290616557,142.8190510851435,142.96710547016988,7120000
BKNG,2024-02-08,150.41368103027344,150.59151358693208,145.93795442867602,146.8799500064866,9412500
BKNG,2024-02-09,147.2003631591797,147.34529477478137,143.47275188871197,144.9215749784076,9972500
BKNG,2024-02-12,148.4556884765625,149.89589016741303,146.86664054394154,147.15843117388883,6182500
BKNG,2024-02-13,146.78636169433594,148.36012474735819,145.0045993679785,146.68413261394232,6602500
BKNG,2024-02-14,146.42208862304688,147.6715485063821,144.72573137638827,146.53568810995253,6342500
BKNG,2024-02-15,146.9058380126953,147.37859901367472,145.38495238045567,146.98339884693203,7437500
BKNG,2024-02-16,145.5811767578125,147.1220390371561,145.27292063007545,147.04449314490876,5240000
BKNG,2024-02-20,144.9552459716797,146.10326866779604,144.4734903161727,145.27408056935556,6372500
BKNG,2024-02-21,146.5325164794922,146.98882682101896,145.2963696725002,145.57015587741625,5620000
BKNG,2024-02-22,152.8330841064453,153.46015971779448,147.85404189493755,148.99813476615745,11850000
BKNG,2024-02-23,137.32138061523438,144.8549536712449,136.74834806945145,144.8549536712449,23962500
BKNG,2024-02-26,137.07818603515625,140.4642516683126,136.99357286844076,139.41298947567,10830000
BKNG,2024-02-27,136.23097229003906,138.40871159872285,135.65324801792227,137.72680092642318,9822500
BKNG,2024-02-28,136.91677856445312,137.3762266298451,135.52122187490053,136.23095334007726,8490000
BKNG,2024-02-29,135.8671112060547,137.67549913473331,135.18793477596995,137.31083924489153,12022500
BKNG,2024-03-01,137.07737731933594,137.54700050787153,135.29249244519028,136.40447636426327,8710000
BKNG,2024-03-04,135.57608032226562,137.17531846073354,135.22749738814696,135.59136537762797,6770000
BKNG,2024-03-05,134.35598754882812,136.04255790440027,133.78568923025838,135.20788644404604,7187500
BKNG,2024-03-06,134.26905822753906,135.03009863380072,133.13083702191213,134.46372977859792,5912500
BKNG,2024-03-07,136.56544494628906,136.81440652070808,133.8622195720618,134.82743251115264,6767500
BKNG,2024-03-08,136.87725830078125,137.8314763754691,135.49973056733447,136.53483870031516,7635000
BKNG,2024-03-11,137.54638671875,139.2459166530113,136.5152033424225,136.56546003161873,5887500
BKNG,2024-03-12,137.4387664794922,139.1445726157981,137.34216280201218,138.313262694038,4710000
BKNG,2024-03-13,137.4387664794922,138.21313880191883,136.74097006019437,137.4387664794922,5815000
BKNG,2024-03-14,137.8927001953125,139.4021681319025,137.44975236579353,139.4021681319025,8697500
BKNG,2024-03-15,134.0609130859375,137.4780227521311,133.86574340616426,137.37160741671707,19277500
BKNG,2024-03-18,135.51187133789062,136.26071833415108,134.5450856136873,136.1240591125535,5775000
BKNG,2024-03-19,137.673583984375,137.8388992517439,135.2797931478988,135.63674290380072,4692500
BKNG,2024-03-20,140.5209503173828,142.2687745676072,137.43917425616482,137.83460676008517,10760000
BKNG,2024-03-21,143.2429962158203,143.72913035063652,140.84174554730976,141.96599720620804,7607500
BKNG,2024-03-22,142.33670043945312,143.1766536834336,141.5407423924047,142.34612263178212,5135000
BKNG,2024-03-25,142.42349243164062,142.53697816942937,140.16791845417552,141.69702492562953,4165000
BKNG,2024-03-26,143.76409912109375,144.8569235510513,142.95987237553408,143.28973895957463,6872500
BKNG,2024-03-27,144.25181579589844,145.74125617160504,143.5701224344955,144.4261638013781,5230000
BKNG,2024-03-28,142.4604034423828,145.08194497855803,142.08812947472993,144.89974763956874,6852500
BKNG,2024-04-01,140.1431884765625,143.51946410781107,139.3236524711958,143.36945801097792,5690000
BKNG,2024-04-02,140.0340118408203,140.77932371217094,138.16916679030922,138.16916679030922,6430000
BKNG,2024-04-03,142.63711547851562,143.17627764116165,141.1857681716935,141.32635208791146,6375000
BKNG,2024-04-04,138.2999267578125,144.1724990788878,138.15738052312713,143.6431636128225,8065000
BKNG,2024-04-05,141.44021606445312,141.77713808813326,138.61682388646636,138.61682388646636,6462500
BKNG,2024-04-08,141.4115447998047,142.7105340883739,140.9395363991126,140.96820742668876,4140000
BKNG,2024-04-09,140.63833618164062,141.9239784332699,138.64978948362617,141.7582587186173,3950000
BKNG,2024-04-10,140.8209686279297,142.04652782601008,139.28164590283112,140.2884873859305,4525000
BKNG,2024-04-11,142.85269165039062,143.59643069275225,140.11098342915383,140.45928997926447,4362500
BKNG,2024-04-12,138.68753051757812,141.3098663258966,137.49769769880322,140.5555216061702,6020000
BKNG,2024-04-15,136.87449645996094,142.3563399885706,136.69189467062256,140.70079037760433,5190000
BKNG,2024-04-16,136.1731719970703,137.33944174817515,135.50639830734198,136.2815496850013,5582500
BKNG,2024-04-17,135.23622131347656,137.18000916446414,134.71238335514488,136.37775964497854,4272500
BKNG,2024-04-18,134.6955108642578,136.85605423770653,134.45991109321116,136.26074838183385,3917500
BKNG,2024-04-19,134.09393310546875,136.58235091440574,133.7146036798986,135.88808953593954,5470000
BKNG,2024-04-22,135.98585510253906,137.14505436611526,134.47481410861621,135.12666802286031,5057500
BKNG,2024-04-23,138.7735137939453,139.2804697020448,136.19084434894197,136.19084434894197,3805000
BKNG,2024-04-24,138.12677001953125,140.23115461696764,137.64494993755306,137.64494993755306,3897500
BKNG,2024-04-25,137.53616333007812,138.42048627784814,136.11426610219254,138.33095297965517,3567500
BKNG,2024-04-26,138.26657104492188,139.0829614246439,136.81953782141457,136.81953782141457,3650000
BKNG,2024-04-29,138.01995849609375,138.69813172414126,136.9377244668324,138.2665683044419,3662500
BKNG,2024-04-30,135.55511474609375,138.07259319846168,135.24881104864036,137.94104199193606,5802500
BKNG,2024-05-01,134.1260986328125,136.85407032269927,133.71731931324365,134.97469508022994,5655000
BKNG,2024-05-02,136.37498474121094,136.96401400573887,133.2743647718459,135.08267652494297,11355000
BKNG,2024-05-03,140.47735595703125,147.18555259258824,140.06622480226295,145.29242589508704,13365000
BKNG,2024-05-06,141.3031768798828,142.1007078540974,138.26067732800078,142.1007078540974,8750000
BKNG,2024-05-07,141.57803344726562,142.27111129987847,139.40257070024265,140.60967480236727,6657500
BKNG,2024-05-08,143.72169494628906,143.86307277715446,140.30536362648448,141.51481966209286,6830000
BKNG,2024-05-09,148.43507385253906,149.25538886271985,142.93634783929693,142.93634783929693,10925000
BKNG,2024-05-10,149.44503784179688,149.6735821867933,148.25403674184437,148.5693581328239,7075000
BKNG,2024-05-13,147.05947875976562,149.52551636812723,145.97881783656746,149.24867770934836,5960000
BKNG,2024-05-14,148.15310668945312,148.38165101558693,146.4311973829657,146.45357696107698,5270000
BKNG,2024-05-15,148.92591857910156,149.09634192674216,147.22442637654808,148.56228785360494,4810000
BKNG,2024-05-16,146.66720581054688,149.10222082065386,146.66720581054688,148.9259104846509,4957500
BKNG,2024-05-17,145.6202850341797,147.579381653246,144.91974741117338,147.579381653246,4960000
BKNG,2024-05-20,147.9870147705078,148.17235784433785,145.06703373262786,145.4487149353426,5497500
BKNG,2024-05-21,150.0965118408203,150.31169436189867,147.22090040981647,148.12799247830932,5600000
BKNG,2024-05-22,150.20486450195312,151.30044519140736,149.1493393617838,150.39727793896316,5082500
BKNG,2024-05-23,147.36106872558594,151.182659079993,146.54076875028937,151.182659079993,5467500
BKNG,2024-05-24,149.03663635253906,149.49646628057948,147.44901948693771,147.64850331766107,3795000
BKNG,2024-05-28,148.83128356933594,149.80828559568724,147.83308535355027,149.08378036729027,4267500
BKNG,2024-05-29,146.63893127441406,148.2791717243587,146.34167532920318,147.29509935665644,6385000
BKNG,2024-05-30,147.437255859375,147.92142773217114,145.47188236062885,147.08265785885428,5255000
BKNG,2024-05-31,148.29052734375,148.57208457299225,145.75772563104672,147.13800916644254,8827500
BKNG,2024-06-03,147.79144287109375,148.60783312850248,145.83785843420907,148.29054942130662,5747500
BKNG,2024-06-04,149.2726593017578,150.1522637180986,147.99840130992465,148.1393746948392,4067500
BKNG,2024-06-05,150.43812561035156,150.7114440906388,147.40976703492288,149.57501383156875,3565000
BKNG,2024-06-06,149.6143035888672,151.37469585605317,149.21926053310403,150.43813882843207,3660000
BKNG,2024-06-07,150.0779266357422,150.35933625150668,148.38196188209946,149.06207140431576,4035000
BKNG,2024-06-10,149.11875915527344,149.78116707423715,147.46412816387755,149.78116707423715,5667500
BKNG,2024-06-11,149.11798095703125,150.34556538077996,148.0954443608202,148.4992641140203,5482500
BKNG,2024-06-12,152.5701141357422,153.95869493164284,149.83823512685095,149.83823512685095,6412500
BKNG,2024-06-13,151.7723388671875,152.16710513701557,150.36841350329541,151.53067158391238,3842500
BKNG,2024-06-14,151.88880920410156,152.0466376134351,150.11766876393486,151.019371653903,3592500
BKNG,2024-06-17,155.5873565673828,155.78060329936352,151.7081735283709,152.66221572324696,4502500
BKNG,2024-06-18,156.3788299560547,157.00620984904097,154.97215733427024,155.7699474552131,4495000
BKNG,2024-06-20,156.33554077148438,157.60761192816665,155.9104760737348,157.23764904387266,5302500
BKNG,2024-06-21,157.00543212890625,157.14633963313634,155.10245263704195,156.74921619287147,12455000
BKNG,2024-06-24,156.6945037841797,158.1464441265432,155.86009414117413,157.00583654814483,4047500
BKNG,2024-06-25,158.00042724609375,158.7332964531999,156.883436802517,158.09843941900183,3752500
BKNG,2024-06-26,156.7409210205078,157.75677614828103,156.298530075491,156.96921066310009,4377500
BKNG,2024-06-27,157.80441284179688,159.0087853082846,157.43443495310646,159.0087853082846,4212500
BKNG,2024-06-28,155.91917419433594,158.6809617832915,155.50589548659786,157.1983172875734,8030000
BKNG,2024-07-01,152.90347290039062,156.54295505225525,152.30837333697045,156.54295505225525,5777500
BKNG,2024-07-02,154.1365966796875,154.3794350395626,152.58586340407857,152.58586340407857,4905000
BKNG,2024-07-03,154.16334533691406,154.95367351091414,153.57533240721293,153.99095323041757,1985000
BKNG,2024-07-05,154.6852264404297,155.0634620854352,153.69536069576597,154.95405421209622,5042500
BKNG,2024-07-08,156.82949829101562,157.5446508014247,154.05118063495104,154.78993534023675,3987500
BKNG,2024-07-09,156.54808044433594,158.2310579834239,156.40717294605915,157.62454766905105,3770000
BKNG,2024-07-10,157.04281616210938,157.07587724814377,155.46649901330605,156.65198367774912,3975000
BKNG,2024-07-11,154.93167114257812,157.39472284788013,154.52705556792554,157.39472284788013,5735000
BKNG,2024-07-12,158.4746856689453,159.46887548632085,155.4665021323926,155.4665021323926,4940000
BKNG,2024-07-15,160.89801025390625,161.37030939452225,157.9563389653703,158.79703954329108,3637500
BKNG,2024-07-16,162.12164306640625,163.11466177179247,161.78906535366474,162.0393807176134,3610000
BKNG,2024-07-17,157.02670288085938,161.71313515007824,157.0137156672727,161.45218974876462,5670000
BKNG,2024-07-18,154.70140075683594,158.3294879514875,153.70129516341197,157.5186954058707,4740000
BKNG,2024-07-19,156.1454620361328,156.52841216941223,154.70138900355434,154.99776772350006,4002500
BKNG,2024-07-22,153.86856079101562,156.82990049623552,153.6953729332622,156.48983071052987,6365000
BKNG,2024-07-23,154.25428771972656,155.28508212547962,153.5627523685565,153.77410613521278,5212500
BKNG,2024-07-24,149.7902374267578,153.14713958670558,149.56274346913344,152.71142980250158,8052500
BKNG,2024-07-25,144.04779052734375,149.01169817205874,143.3853826542306,149.01169817205874,12062500
BKNG,2024-07-26,145.6658172607422,146.1873176371866,144.01905377859794,145.5693965946074,5850000
BKNG,2024-07-29,147.79669189453125,149.548148773616,146.2282571094685,147.0083456196491,5615000
BKNG,2024-07-30,146.4530029296875,149.22581044996713,144.98729459232158,147.6778397539072,5492500
BKNG,2024-07-31,146.21766662597656,148.61813941692142,145.6316204138003,148.61813941692142,9827500
BKNG,2024-08-01,144.21702575683594,147.5322029832138,142.92803373115254,146.26564204925072,13797500
BKNG,2024-08-02,130.99057006835938,136.39963140013847,129.53115272658894,130.33957291269726,20037500
BKNG,2024-08-05,133.16709899902344,133.3213840697717,125.1603704540018,126.14433565413407,16630000
BKNG,2024-08-06,134.4915313720703,137.392259336048,133.2875490975808,134.40967439039534,10732500
BKNG,2024-08-07,130.1046142578125,136.66649024160455,129.560682728387,133.92359073714164,10492500
BKNG,2024-08-08,133.6165771484375,134.19631726714135,130.1943342779855,130.51590664642097,9432500
BKNG,2024-08-09,135.51365661621094,136.02335587937537,133.6165778192681,133.6165778192681,6295000
BKNG,2024-08-12,135.36135864257812,136.63224382826948,133.79055139950225,135.48848319503483,5317500
BKNG,2024-08-13,140.42210388183594,140.59882008580823,136.6727926040319,137.16321385182718,6582500
BKNG,2024-08-14,140.61175537109375,142.09518000463206,140.02374255406684,140.58893391562748,4750000
BKNG,2024-08-15,143.05557250976562,143.81480653616424,141.9759671881745,142.47818950630128,5045000
BKNG,2024-08-16,142.43328857421875,143.12955326483376,141.38713488653445,143.05554867907358,4907500
BKNG,2024-08-19,145.7059783935547,145.8547533030024,142.10191409459608,142.34120913009693,4952500
BKNG,2024-08-20,145.72525024414062,146.39472973177362,144.27054743908855,145.31788721524495,4400000
BKNG,2024-08-21,147.1225128173828,147.3995984146809,144.96330209299208,145.7252837320316,6540000
BKNG,2024-08-22,148.30679321289062,149.21519244399232,147.69004323991084,147.69004323991084,4347500
BKNG,2024-08-23,150.76634216308594,151.65780562241997,147.96596829224555,148.74724311447557,5582500
BKNG,2024-08-26,149.4796905517578,151.8581223061621,148.9625141823171,151.2157882343566,5480000
BKNG,2024-08-27,152.7684783935547,153.5607734414533,149.50446902776034,149.50446902776034,5907500
BKNG,2024-08-28,153.4293212890625,153.9539746948574,151.9372330674939,152.63270211539415,5805000
BKNG,2024-08-29,153.1368865966797,154.67029362936066,152.80115587184804,154.08897695282423,5600000
BKNG,2024-08-30,153.8618621826172,155.08276524437358,152.935746320518,154.68326958335294,5990000
BKNG,2024-09-03,150.10508728027344,153.71230459048874,149.49228598782815,152.55438565686228,6917500
BKNG,2024-09-04,149.53163146972656,149.90042327395162,148.361896475004,148.6244183451695,5490000
BKNG,2024-09-05,148.8495635986328,149.16561082105298,146.89775804898076,147.76365236781285,5307500
BKNG,2024-09-06,147.2013397216797,149.68629564582048,146.00285733050544,149.0077540702651,7077500
BKNG,2024-09-09,150.02357482910156,150.26539619699233,146.6975490774672,147.9181382558159,6025000
BKNG,2024-09-10,151.28321838378906,151.38616816310454,149.03535863574731,150.633871792986,4372500
BKNG,2024-09-11,150.9932403564453,151.3297496072818,146.7275292431184,151.3297496072818,6135000
BKNG,2024-09-12,152.69866943359375,153.67662457309595,150.45713033951276,151.2654538666049,4655000
BKNG,2024-09-13,155.14022827148438,155.3792956836502,153.63796814184477,153.69674928951693,3992500
BKNG,2024-09-16,156.97108459472656,157.7801906252111,155.03803374897615,155.82703440130155,4512500
BKNG,2024-09-17,159.47340393066406,159.67301302994176,157.20778647768955,157.7995407751712,4347500
BKNG,2024-09-18,158.91598510742188,160.71252729670786,158.5297691688573,159.77204393165988,3400000
BKNG,2024-09-19,158.4903106689453,161.94139326682281,157.71434229234995,161.89287549155483,7465000
BKNG,2024-09-20,160.32472229003906,160.46082487552187,157.23028463635666,158.18101627506323,11097500
BKNG,2024-09-23,161.6293182373047,161.9366325563418,159.01024658840103,160.32471093934444,6342500
BKNG,2024-09-24,164.8042755126953,165.01059645212638,161.14884333540695,162.84913254187518,5400000
BKNG,2024-09-25,164.7308807373047,164.94430475452398,163.67086374922874,164.8042593516018,4917500
BKNG,2024-09-26,168.40919494628906,168.56463541862476,165.56682693269568,166.09546599864674,5347500
BKNG,2024-09-27,167.58706665039062,168.4900781819777,166.9148456337343,168.41197419316117,4065000
BKNG,2024-09-30,166.16763305664062,166.80868759592371,165.02397418140333,166.4844131414312,5445000
BKNG,2024-10-01,161.78358459472656,166.79411319504825,161.1606789850851,166.79411319504825,5962500
BKNG,2024-10-02,162.73117065429688,162.87437634060933,160.64940602581228,161.78358422617205,4112500
BKNG,2024-10-03,161.90707397460938,162.27869245995194,160.2052045776342,160.95554464725353,3015000
BKNG,2024-10-04,165.20428466796875,165.56327706852122,163.09845676630843,164.2993017713172,4190000
BKNG,2024-10-07,164.49893188476562,167.90977365935908,164.09023282933032,164.73760803982873,4612500
BKNG,2024-10-08,166.9984588623047,168.05650446742325,164.90051666994307,164.90051666994307,4022500
BKNG,2024-10-09,169.31890869140625,169.82268692944209,166.76532969985678,166.83357663227082,3847500
BKNG,2024-10-10,169.16976928710938,169.95010176317416,168.34212295640265,169.20054436113696,3110000
BKNG,2024-10-11,169.03211975097656,170.7604149860796,168.76108838536024,169.63451367292302,3125000
BKNG,2024-10-14,169.5445556640625,170.3520966528941,169.00724843040598,169.53272719986649,3495000
BKNG,2024-10-15,169.9410400390625,172.4421583339694,168.62892321445506,168.78042086410895,4570000
BKNG,2024-10-16,171.10479736328125,171.84053986702256,168.80014303738722,169.65067882847848,3100000
BKNG,2024-10-17,172.4263916015625,173.3802986851369,171.8839676515356,172.001514912485,3717500
BKNG,2024-10-18,171.6393585205078,172.70252078374511,170.99553489111352,172.4263727869384,3652500
BKNG,2024-10-21,172.14825439453125,172.63704387623014,170.5509300975336,170.5509300975336,3307500
BKNG,2024-10-22,172.70291137695312,173.38223538723145,170.85112477965225,170.88623394683904,3105000
BKNG,2024-10-23,170.1477508544922,172.40941044407037,168.47468528746808,171.76874709961928,4445000
BKNG,2024-10-24,171.16238403320312,171.26337744250517,169.21356187388184,169.63765593848336,3995000
BKNG,2024-10-25,171.52101135253906,172.59326325335385,170.98212392195876,172.59326325335385,3740000
BKNG,2024-10-28,171.5119171142578,172.7900985393606,170.4266630556096,172.7900985393606,5382500
BKNG,2024-10-29,174.6659393310547,175.19180938730617,170.90519491349235,170.90519491349235,5047500
BKNG,2024-10-30,176.10154724121094,176.65187186566922,172.98775636994608,172.98775636994608,8017500
BKNG,2024-10-31,184.4775390625,191.592330713373,183.1985749884593,186.75576765323595,12850000
BKNG,2024-11-01,187.35183715820312,188.96967304951133,184.19150035044268,184.19150035044268,12992500
BKNG,2024-11-04,188.43081665039062,190.34571885784456,186.52894682386838,188.25447318646712,5000000
BKNG,2024-11-05,193.8953857421875,193.93601787010294,188.17594722106725,188.17594722106725,9630000
BKNG,2024-11-06,197.29638671875,199.6361503795814,194.96646506306524,198.69488448369955,6807500
BKNG,2024-11-07,194.12774658203125,197.92086116834304,193.81886715681722,197.77094366120627,8380000
BKNG,2024-11-08,195.01144409179688,196.28685658197696,194.2050768812469,194.2050768812469,7060000
BKNG,2024-11-11,199.82943725585938,199.9888205399314,194.7246273867998,194.7246273867998,4385000
BKNG,2024-11-12,198.15362548828125,199.2511294876435,197.0999289474354,198.39388178344254,7787500
BKNG,2024-11-13,196.7539520263672,198.58915494933336,196.15864614254122,197.1705367241798,4982500
BKNG,2024-11-14,196.1045684814453,197.05254604549862,195.35383730876956,195.59251341827198,6052500
BKNG,2024-11-15,196.27064514160156,196.4517139247024,194.58653390090763,196.0659043841143,5890000
BKNG,2024-11-18,197.95083618164062,198.41043070190372,194.52541230777803,196.04186353953543,5730000
BKNG,2024-11-19,196.34169006347656,197.0048365208051,194.76842904390367,197.0048365208051,5115000
BKNG,2024-11-20,197.8975830078125,198.00093910621183,193.58177364854492,195.94007749596184,4185000
BKNG,2024-11-21,205.5701904296875,205.59938536681858,197.897971636749,199.24637141091563,6067500
BKNG,2024-11-22,204.2379608154297,205.7705896163722,202.8055428800889,205.2395879054912,6165000
BKNG,2024-11-25,201.54275512695312,206.59904751461312,200.15610091261294,205.65225868376325,11112500
BKNG,2024-11-26,205.72012329101562,205.73116921135255,201.58891898713298,201.58891898713298,4067500
BKNG,2024-11-27,206.0526885986328,206.3229223927086,203.60088539105843,204.65379944331136,4277500
BKNG,2024-11-29,205.21749877929688,206.3228882984918,204.24625547841987,204.24625547841987,3317500
BKNG,2024-12-02,206.09725952148438,206.44875755254776,204.54923552596412,205.3922769996196,5147500
BKNG,2024-12-03,205.7067108154297,207.43541249102276,205.3039259736297,206.09727591908128,4897500
BKNG,2024-12-04,206.84207153320312,207.05943839564995,203.63124514129015,205.13941962347621,5080000
BKNG,2024-12-05,208.60861206054688,210.26787768895952,205.1393958036554,207.26495272609085,4592500
BKNG,2024-12-06,209.44435119628906,210.90089485187508,207.85030362123692,207.85030362123692,4707500
BKNG,2024-12-09,203.48782348632812,208.65248109926333,203.19067211142396,207.06001623595606,6825000
BKNG,2024-12-10,204.89971923828125,206.41473462975372,201.98507900736024,204.45202499986033,6367500
BKNG,2024-12-11,209.15432739257812,209.25509627631104,206.2215081965083,207.58635753214224,4910000
BKNG,2024-12-12,208.2032012939453,210.90248094846675,207.67843431671375,209.43093865532055,3687500
BKNG,2024-12-13,206.57040405273438,207.8665013038069,206.01680080973415,207.06000360979607,4102500
BKNG,2024-12-16,203.5878143310547,206.72018153124773,203.1555105455371,205.7417812450945,8562500
BKNG,2024-12-17,203.69961547851562,204.58041232292913,201.91669225219468,202.6738079268996,5512500
BKNG,2024-12-18,195.33779907226562,204.18606046670592,195.19949623340045,203.69962639475176,7907500
BKNG,2024-12-19,196.80184936523438,198.39273146840043,195.47570979684602,197.46095471928297,6955000
BKNG,2024-12-20,199.49639892578125,200.94344610036984,195.8151466085736,195.8151466085736,11595000
BKNG,2024-12-23,200.070556640625,200.39735835437043,197.77867873642788,200.21558243803943,4130000
BKNG,2024-12-24,202.43435668945312,202.43435668945312,199.57937907880657,200.98533484796383,1965000
BKNG,2024-12-26,201.37139892578125,202.54895532089088,201.24337646692146,201.29316549101353,1717500
BKNG,2024-12-27,199.0538330078125,200.6838318793544,198.2137355628944,199.94726183793335,2912500
BKNG,2024-12-30,197.215576171875,198.2275610773488,195.1279945891079,197.2799868593121,3692500
BKNG,2024-12-31,196.32847595214844,197.8620624116109,196.12457156993975,197.1812204487795,2632500
BKNG,2025-01-02,194.62416076660156,199.1522184229059,193.4932429772396,197.20767292813105,3532500
BKNG,2025-01-03,193.77696228027344,196.07278944183312,192.78947245818108,195.11770845987968,4137500
BKNG,2025-01-06,194.0116729736328,195.31093580652922,191.47321671474188,195.31093580652922,6955000
BKNG,2025-01-07,189.51918029785156,193.20438199238956,189.19911662051666,192.89022727570625,5507500
BKNG,2025-01-08,192.53500366210938,192.72546213331262,189.1003297076582,190.02499164201123,6657500
BKNG,2025-01-10,187.28460693359375,191.089932547094,185.72809316812234,190.0372330698043,7655000
BKNG,2025-01-13,188.24681091308594,188.90593141424594,184.1538151997923,186.12840310925017,5247500
BKNG,2025-01-14,188.83596801757812,190.03209538309275,187.74020253785696,188.95529284304237,5152500
BKNG,2025-01-15,190.8445281982422,193.60665085587044,190.29409040407197,191.71742642873863,5757500
BKNG,2025-01-16,192.24179077148438,193.68803901282504,189.60098284552015,190.37587066648194,4710000
BKNG,2025-01-17,194.683837890625,196.6659173409825,193.4055126386449,195.60058600214893,6502500
BKNG,2025-01-21,185.1847686767578,194.99284481234696,182.36298360335795,194.63049889016665,10147500
BKNG,2025-01-22,182.5293426513672,185.89999790388384,181.60863005561427,184.99312313005134,9322500
BKNG,2025-01-23,190.39010620117188,190.56041089065565,182.12785664498628,182.58623824372165,10057500
BKNG,2025-01-24,188.28590393066406,190.7797113419143,186.6618291702055,189.75232099424184,6000000
BKNG,2025-01-27,184.7480926513672,188.92880236055146,184.01744674689385,184.01744674689385,7490000
BKNG,2025-01-28,185.11642456054688,187.75762478143378,184.14117460254656,184.54028575185527,8275000
BKNG,2025-01-29,186.5855712890625,187.46083605740725,185.27800275267575,185.94146445101254,4477500
BKNG,2025-01-30,188.65895080566406,189.25206275196402,185.72374986796945,189.25206275196402,5925000
BKNG,2025-01-31,187.2059783935547,190.85877164828867,186.15804219575045,189.51525172058308,6130000
BKNG,2025-02-03,185.44122314453125,187.41540398499285,181.98481261091464,184.54382984717236,6290000
BKNG,2025-02-04,184.8895721435547,186.85072907439135,183.97796421330497,184.55646955669943,6545000
BKNG,2025-02-05,185.6976776123047,188.83084390642955,185.09229550977912,185.26458996041202,5465000
BKNG,2025-02-06,188.87152099609375,191.53050792574479,186.90248055508513,186.93250772087518,10700000
BKNG,2025-02-07,193.1297149658203,200.44913940667618,192.39986779120625,193.0281622289172,10765000
BKNG,2025-02-10,194.15750122070312,197.06266000702772,193.86152558265633,196.10284575813586,4795000
BKNG,2025-02-11,193.5189208984375,194.88060464888486,192.1864653986169,193.4691318773853,4435000
BKNG,2025-02-12,198.29196166992188,198.39273054977122,192.71715892161276,192.71715892161276,4972500
BKNG,2025-02-13,197.92013549804688,200.70161285464738,196.9563569027012,199.9259261202386,5610000
BKNG,2025-02-14,199.33084106445312,200.95254938735647,196.60982480939728,200.95254938735647,5062500
BKNG,2025-02-18,203.18280029296875,204.0963980667239,199.96151194404658,201.86377541845266,6947500
BKNG,2025-02-19,201.94674682617188,204.2394236989496,199.27630344336967,204.2394236989496,4680000
BKNG,2025-02-20,198.29672241210938,201.92263867088968,196.62047683519012,201.92263867088968,7540000
BKNG,2025-02-21,197.2064971923828,208.71967077524508,196.3928844985483,206.01169338554087,18112500
BKNG,2025-02-24,199.51576232910156,201.64366656722342,197.50166588326405,197.73442166083527,8755000
BKNG,2025-02-25,198.9131317138672,201.1327150419,195.6764384612925,201.1327150419,8975000
BKNG,2025-02-26,198.94163513183594,202.67385280332508,198.56426051035436,199.8682718446914,6430000
BKNG,2025-02-27,194.3412322998047,199.39957377589567,194.28274565044023,199.24033332128585,5240000
BKNG,2025-02-28,198.20901489257812,198.20901489257812,193.47114320875642,195.13236031580223,7635000
BKNG,2025-03-03,195.44845581054688,199.73982363704502,194.18199363364894,198.2089957525113,8797500
BKNG,2025-03-04,193.5615997314453,196.3098844201708,189.3034248812416,191.62614381872558,9742500
BKNG,2025-03-05,194.3147735595703,195.58006003367342,191.3424454628626,193.41184810419466,5327500
BKNG,2025-03-06,185.5625457763672,192.50694692327428,185.17844822372487,190.30594931519317,7640000
BKNG,2025-03-07,185.0481719970703,187.10915589969628,182.20121197661646,185.26080168498544,7422500
BKNG,2025-03-10,176.2439422607422,181.47579223374512,174.45775936766648,181.47579223374512,9020000
BKNG,2025-03-11,172.37857055664062,175.3890697688,170.5813006539914,174.22375275333206,10085000
BKNG,2025-03-12,174.24395751953125,175.10636375556234,170.28909347935638,174.81731908032475,7642500
BKNG,2025-03-13,170.08157348632812,174.24393097174448,169.44803466074436,173.51258884416382,7977500
BKNG,2025-03-14,176.81610107421875,176.81610107421875,172.36944194873212,172.71789358183486,6322500
BKNG,2025-03-17,180.6929931640625,182.44869485167516,176.6692212514301,177.15863055482697,7105000
BKNG,2025-03-18,177.05487060546875,180.77295197134728,174.88301794767378,180.54369196244508,7152500
BKNG,2025-03-19,181.8214874267578,183.6286661595933,176.13150944360908,176.13150944360908,6960000
BKNG,2025-03-20,181.708251953125,184.2289493801364,180.0543109600647,180.91632449942577,5982500
BKNG,2025-03-21,182.82601928710938,183.92877230660596,176.49339508443182,179.42352164754334,14360000
BKNG,2025-03-24,186.48709106445312,187.20932507913085,184.4174068825192,185.07984115937177,5800000
BKNG,2025-03-25,189.18716430664062,189.84763498964176,187.00026711901145,187.00026711901145,6622500
BKNG,2025-03-26,188.64273071289062,189.34911987135692,187.37168034946893,189.19073136869093,4482500
BKNG,2025-03-27,188.1929168701172,190.35248964325885,182.6961740674311,187.68609177146223,4850000
BKNG,2025-03-28,183.4983673095703,188.1928958124672,183.31464814091177,188.1928958124672,4635000
BKNG,2025-03-31,182.41622924804688,183.17370275325425,175.84127826133323,179.08618854096918,8985000
BKNG,2025-04-01,185.53797912597656,185.86347157971707,179.36058579884966,181.0374859440705,5550000
BKNG,2025-04-02,185.6785430908203,187.27427012291847,183.10993371414594,183.10993371414594,4835000
BKNG,2025-04-03,176.22413635253906,179.12376638872846,173.56841793612165,177.75690669734837,9857500
BKNG,2025-04-04,169.6309814453125,178.70762702705133,169.6309814453125,171.14355682961894,12712500
BKNG,2025-04-07,168.07327270507812,176.75433975607896,162.63790099105992,165.11940129649474,13960000
BKNG,2025-04-08,164.8845977783203,175.43145083915374,163.5157591511126,173.23385936819767,8772500
BKNG,2025-04-09,182.788818359375,184.27328384137954,162.19521682919773,163.3811216494336,15065000
BKNG,2025-04-10,177.9707489013672,180.5132272279775,173.1875249112548,179.1966511309359,10582500
BKNG,2025-04-11,181.60923767089844,183.87215704608775,175.60684837082678,178.50845734892974,7625000
BKNG,2025-04-14,180.43362426757812,186.16951999594627,180.06062738518636,186.16951999594627,7202500
BKNG,2025-04-15,182.6351776123047,182.83591984504332,179.13684015455965,182.14220362811426,5392500
BKNG,2025-04-16,179.80010986328125,183.2418048576189,177.85712421933388,181.1071700241073,6220000
BKNG,2025-04-17,181.08578491210938,182.3243449069998,178.84147456648137,181.61121904443283,5420000
BKNG,2025-04-21,175.71337890625,181.30357482991812,173.07983389839154,180.82168769133807,5887500
BKNG,2025-04-22,182.0665740966797,182.47955328291368,176.47716416245697,176.79711314467446,5907500
BKNG,2025-04-23,187.33090209960938,190.06185769503273,184.71637398926367,186.8874263650635,5947500
BKNG,2025-04-24,191.16937255859375,191.79458876974672,185.7708257287825,186.3445649190713,5950000
BKNG,2025-04-25,191.58392333984375,193.16658483111644,189.80645577814718,191.1950966464382,4740000
BKNG,2025-04-28,193.62353515625,194.66292380470082,191.021664964439,193.2295426330536,5822500
BKNG,2025-04-29,194.386962890625,195.21412975796247,191.71737781704314,192.0412842905683,9307500
BKNG,2025-04-30,201.91221618652344,202.5798012192485,187.00383417610198,187.37841709409525,11450000
BKNG,2025-05-01,201.99732971191406,204.3133120033756,196.79319690661433,198.07096878105278,7790000
BKNG,2025-05-02,206.01119995117188,206.96071526519523,202.66531473848468,205.070792806382,6772500
BKNG,2025-05-05,205.54873657226562,207.88015617042947,204.91043965370906,204.91043965370906,4812500
BKNG,2025-05-06,204.4103240966797,206.52991442512663,204.00288834336578,205.5103130230285,4567500
BKNG,2025-05-07,205.75146484375,207.03082289718728,203.23235341716816,204.46062717283658,3935000
BKNG,2025-05-08,204.52516174316406,207.41846327104895,204.5227902959632,205.94073446496782,5227500
BKNG,2025-05-09,200.8533935546875,203.9771481970545,199.48574832032062,203.56850406634942,5710000
BKNG,2025-05-12,205.70196533203125,207.08821966086265,201.48615167215848,205.08108422818478,7345000
BKNG,2025-05-13,208.37193298339844,209.96330997425846,203.97398603410483,204.40993958881648,6340000
BKNG,2025-05-14,206.5556640625,209.41331835503496,205.20978470150257,208.2179126054115,4887500
BKNG,2025-05-15,207.39468383789062,209.28303534505574,206.25708410816878,206.45349127397557,3890000
BKNG,2025-05-16,210.53587341308594,211.14406654191282,206.7326612011354,208.55882658733105,5012500
BKNG,2025-05-19,212.94845581054688,213.0268646117667,206.97854170125774,210.45469039660117,3967500
BKNG,2025-05-20,210.2828369140625,212.82847198814764,209.46399287850113,211.16583085682038,4460000
BKNG,2025-05-21,209.5950469970703,211.20977576003142,208.3156891600416,209.3293543164798,3272500
BKNG,2025-05-22,211.51943969726562,211.91104566494582,209.3024387751698,209.7605660990817,3400000
BKNG,2025-05-23,211.15870666503906,211.33451094769453,208.77739619390925,209.09693735720302,3810000
BKNG,2025-05-27,215.86827087402344,216.66178421774595,212.1137567634972,212.1137567634972,6442500
BKNG,2025-05-28,216.79959106445312,217.97717311688538,215.86827698937947,215.86827698937947,4715000
BKNG,2025-05-29,217.8583984375,218.16209471819684,215.24148386836595,216.987276787229,4840000
BKNG,2025-05-30,218.5287628173828,219.06608440283662,216.87086448945402,218.17516041343953,5817500
BKNG,2025-06-02,219.3199005126953,219.53848148837005,216.64122245132023,217.77921503699744,3417500
BKNG,2025-06-03,216.79208374023438,220.17280073795715,216.37908941380962,218.33711935069942,5310000
BKNG,2025-06-04,220.0361785888672,220.1597204062199,216.72989806553514,216.7417704054837,5230000
BKNG,2025-06-05,220.571533203125,223.31079635444735,219.75901800642944,220.7489234929449,4642500
BKNG,2025-06-06,222.70111083984375,223.36470383711546,220.28871115192592,222.73880174793604,4352500
BKNG,2025-06-09,219.7183380126953,223.05848478362958,219.28361401653805,222.16921539856972,4982500
BKNG,2025-06-10,217.6783905029297,219.98488954008315,215.5876722983093,219.3431151896245,4465000
BKNG,2025-06-11,216.81765747070312,217.88740740192407,213.79006846451188,217.67917687075771,6570000
BKNG,2025-06-12,216.6459197998047,217.67918935060138,215.21243967895174,216.77165703372407,4832500
BKNG,2025-06-13,210.15798950195312,213.13165245944325,209.12591526224213,212.00715908095268,6550000
BKNG,2025-06-16,212.96067810058594,213.38311585461705,210.73866973736625,211.21306677530234,5607500
BKNG,2025-06-17,210.26390075683594,213.7666737989837,209.62727089775072,210.71844615426383,4905000
BKNG,2025-06-18,209.67724609375,212.28083901338513,209.32304839362598,210.49593014520926,4525000
BKNG,2025-06-20,210.382080078125,213.3160698164593,209.23062361894208,213.3160698164593,11047500
BKNG,2025-06-23,211.5478515625,212.20548304689117,207.669833666405,211.82232491056286,4390000
BKNG,2025-06-24,217.4503173828125,218.87626232867757,213.33591068541412,213.79205994404884,5850000
BKNG,2025-06-25,217.57408142089844,219.03691540068544,215.77529751555144,216.77285832455215,4432500
BKNG,2025-06-26,221.9629669189453,223.41508830227195,218.21268350304683,218.9746421011813,5482500
BKNG,2025-06-27,225.81558227539062,226.54342079819463,222.6626341527501,222.82566889243813,7440000
BKNG,2025-06-30,229.6277313232422,230.0152622446093,225.75171096037133,226.25069560525827,7192500
BKNG,2025-07-01,227.30697631835938,229.88675339989715,225.34556619577882,227.70640009692826,5652500
BKNG,2025-07-02,226.1578826904297,226.49304579463177,223.70820066387043,225.69142933950462,5285000
BKNG,2025-07-03,226.75442504882812,228.48380367721836,224.22342998618018,225.98057369425976,3280000
BKNG,2025-07-07,230.68597412109375,230.68597412109375,226.40260158788496,227.09474643688688,4400000
BKNG,2025-07-08,226.61680603027344,231.617713223969,225.21544867559746,230.64950626439008,5922500
BKNG,2025-07-09,224.8203887939453,228.7455842940988,224.2285916241299,228.47864612499768,4625000
BKNG,2025-07-10,226.82225036621094,228.71741748667148,224.66607637298233,226.96543344081985,4230000
BKNG,2025-07-11,226.766357421875,227.09516560262153,224.52728129122963,225.79536633158702,3772500
BKNG,2025-07-14,228.70753479003906,228.8622324476548,225.65296720137619,225.98336411566578,3352500
BKNG,2025-07-15,225.1174774169922,229.65789281593825,223.70820663035263,227.81784717348503,4092500
BKNG,2025-07-16,224.4273223876953,225.18967437512055,223.12197012691482,224.22225418180506,4225000
BKNG,2025-07-17,225.45106506347656,226.81869578252184,223.96205479175023,224.36265876043427,3537500
BKNG,2025-07-18,226.20309448242188,228.05503291837363,225.4534373084423,228.05503291837363,3677500
BKNG,2025-07-21,225.18174743652344,226.74255359475288,224.10287350531155,224.69983034034098,3907500
BKNG,2025-07-22,229.0839385986328,229.49923461759138,225.1956318381142,226.88137325860436,3590000
BKNG,2025-07-23,227.5286865234375,228.847928784978,225.2947702324623,228.7031569679091,3737500
BKNG,2025-07-24,224.10482788085938,228.42151840689047,223.87160121837005,227.91024755406096,4312500
BKNG,2025-07-25,223.40159606933594,225.3058872404085,223.08189666801223,225.23568016851007,4620000
BKNG,2025-07-28,225.2451934814453,225.49309706886967,221.45246832086386,223.66099514139825,5640000
BKNG,2025-07-29,221.75550842285156,225.92940955381678,219.8067931584068,225.92940955381678,8110000
BKNG,2025-07-30,222.63368225097656,225.75369045461113,215.45994208619643,217.75851245039627,9285000
BKNG,2025-07-31,218.31619262695312,224.67640846676713,217.90446750106415,223.1132268681226,7210000
BKNG,2025-08-01,213.64491271972656,217.3408613306309,211.77393954464634,217.3408613306309,4990000
BKNG,2025-08-04,217.20677185058594,217.40192935043765,211.785817610636,214.664670653882,5922500
BKNG,2025-08-05,216.48370361328125,218.45264884649563,214.57702176407858,218.31103936630956,5545000
BKNG,2025-08-06,219.5953826904297,219.69535211760638,214.7836863594551,217.14253815127645,4975000
BKNG,2025-08-07,215.46192932128906,221.7249750058197,214.41360460332734,220.13838599138592,5065000
BKNG,2025-08-08,214.42311096191406,216.33136628366285,212.85714535438777,216.33136628366285,4720000
BKNG,2025-08-11,212.7707061767578,215.45122433863807,212.16937654191935,213.46840409815172,4372500
BKNG,2025-08-12,216.62965393066406,216.8926429632166,212.77070105838018,212.77070105838018,3612500
BKNG,2025-08-13,216.08941650390625,217.4943446990315,214.31482690423286,217.4943446990315,4762500
BKNG,2025-08-14,217.55105590820312,218.92068387300313,214.9391562085628,216.84621626697555,4495000
BKNG,2025-08-15,216.34210205078125,218.7279321237523,215.6650274433148,218.7279321237523,3950000
BKNG,2025-08-18,219.42442321777344,219.57831893314489,214.96296055542854,216.13384503466403,4237500
BKNG,2025-08-19,221.4901580810547,222.2235496106074,219.19238961235502,219.70683797226405,4995000
BKNG,2025-08-20,223.69947814941406,224.02035775775076,221.4187620649412,221.48698699793457,4387500
BKNG,2025-08-21,226.51406860351562,226.67312393492045,222.0851220609447,224.01917557795642,3907500
BKNG,2025-08-22,226.91587829589844,229.85622322129115,224.7018134558195,227.0884303395009,4887500
BKNG,2025-08-25,226.23086547851562,229.04229556883894,226.0928420065234,226.41252627710568,2890000
BKNG,2025-08-26,226.31338500976562,227.2050451285016,223.85259675674502,226.12260030864326,4272500
BKNG,2025-08-27,222.74356079101562,225.810429692772,221.3703770113028,225.14367432731342,3780000
BKNG,2025-08-28,224.1837615966797,224.72835053482038,221.9232756830748,223.3115296026794,4197500
BKNG,2025-08-29,222.08395385742188,223.4757788674357,221.6357331252274,223.4757788674357,3472500
BKNG,2025-09-02,218.37530517578125,221.2220355786719,216.44839335534806,221.2220355786719,6115000
BKNG,2025-09-03,221.44532775878906,221.999449171601,217.5601834420473,219.14121944625597,4745000
BKNG,2025-09-04,221.56076049804688,222.06212069084776,216.32860880016278,220.9316809333603,5510000
BKNG,2025-09-05,218.76116943359375,224.5903853174734,216.7427425031314,222.26839633756038,5060000
BKNG,2025-09-08,221.3000946044922,224.0337141556975,218.92725432847934,219.66271174015708,5350000
BKNG,2025-09-09,221.38475036621094,222.68004250696538,219.22606149128063,220.3902314294623,3970000
BKNG,2025-09-10,217.5298614501953,221.07363171050983,213.57206576525203,221.07363171050983,6242500
BKNG,2025-09-11,218.45126342773438,220.00084254948933,214.95476748833644,217.5298613346301,4495000
BKNG,2025-09-12,216.87466430664062,219.32539597877962,216.0549800395554,216.9811565710737,3220000
BKNG,2025-09-15,220.907958984375,220.9147037976689,215.5110473673978,218.53073817128114,4127500
BKNG,2025-09-16,217.5377960205078,221.57346763025282,215.75140581572848,221.57346763025282,4307500
BKNG,2025-09-17,220.66439819335938,220.81141997316607,216.74117504831375,218.28599503196912,5287500
BKNG,2025-09-18,216.2611846923828,222.01728395101,214.98615735507627,220.7955027447507,5870000
BKNG,2025-09-19,216.3231658935547,217.16629780037576,214.55743454458866,216.46301844904463,10512500
BKNG,2025-09-22,216.827392578125,217.63078320490277,213.36546937277083,214.5574521868767,5360000
BKNG,2025-09-23,218.8891143798828,219.22923483958954,215.5074621621837,215.55076537757506,4477500
BKNG,2025-09-24,219.5478973388672,219.6460381596601,215.6898338938834,219.6460381596601,3805000
BKNG,2025-09-25,221.5397186279297,221.79638530476154,216.70303562861145,219.44420360458102,6130000
BKNG,2025-09-26,220.4379119873047,221.9723948919254,217.8131641252049,221.64777991396943,4057500
BKNG,2025-09-29,216.73521423339844,221.94975836849602,216.4658309300625,221.3779952248657,5932500
BKNG,2025-09-30,214.5284423828125,216.8663310893563,212.60815614014263,215.63024174062267,4937500
BKNG,2025-10-01,212.5930633544922,213.57327420604872,208.59752682342696,212.65028059196533,8105000
BKNG,2025-10-02,215.5328826904297,215.78757895912327,210.62388645095078,211.59297210504866,5212500
BKNG,2025-10-03,215.27464294433594,217.1726789874251,213.37065024556077,216.5230549093039,6740000
BKNG,2025-10-06,215.34693908691406,223.49297579717424,208.9980237366034,213.28758848595112,8847500
BKNG,2025-10-07,208.27964782714844,215.4403052199379,206.1340848756564,215.4403052199379,6615000
BKNG,2025-10-08,203.87844848632812,208.12986326811316,203.03490731159545,207.52472470841928,7227500
BKNG,2025-10-09,206.2902374267578,207.0411852406951,200.20474853189805,201.95379230901196,5562500
BKNG,2025-10-10,205.2174530029297,208.19940325670785,203.8633521194125,206.38083481171697,4922500
BKNG,2025-10-13,208.75050354003906,209.12557579086842,205.39704296071324,206.76345120788523,5117500
BKNG,2025-10-14,209.79507446289062,211.31009598595577,206.45195081549147,206.99550699881374,5175000
BKNG,2025-10-15,201.8771209716797,210.2655168008736,201.1674907975192,210.2655168008736,6875000
BKNG,2025-10-16,196.7694549560547,202.14848146417953,195.91519782560744,201.03596618987945,7642500
BKNG,2025-10-17,201.44639587402344,201.98716316628997,195.6267285419632,196.63394892631737,7307500
BKNG,2025-10-20,204.30160522460938,205.53808863656684,201.860013149867,202.8680368544435,7477500
BKNG,2025-10-21,210.0279083251953,210.97712333085266,202.99519002049777,204.22691418354103,7612500
BKNG,2025-10-22,207.82630920410156,211.69508861957775,206.87550273076675,211.69508861957775,4895000
BKNG,2025-10-23,202.37814331054688,208.91539840783918,201.86280924770531,208.91539840783918,7767500
BKNG,2025-10-24,204.4716796875,205.66008554718917,201.84294538730754,203.82958858040482,5637500
BKNG,2025-10-27,208.7723388671875,209.13152669373164,206.7233252497083,207.9931841110339,5372500
BKNG,2025-10-28,203.45489501953125,209.5908410374315,203.45489501953125,208.2232354331019,10177500
BKNG,2025-10-29,201.67843627929688,207.4055406276994,195.80909973281462,206.611274443133,11540000
BKNG,2025-10-30,201.8512725830078,209.77995927898675,200.84959966331022,201.18296014564152,8150000
BKNG,2025-10-31,201.75314331054688,203.02817068616224,199.83722226204546,201.25369367690433,4430000
BKNG,2025-11-03,199.8781280517578,202.0507155764029,198.00035704686908,201.19130518687518,5672500
BKNG,2025-11-04,198.33689880371094,201.84292845383848,196.81831549483508,198.60470577723677,5670000
BKNG,2025-11-05,195.134033203125,198.22684067765252,194.17408716659662,197.90977383933284,6372500
BKNG,2025-11-06,194.6532745361328,195.88299795144874,192.91893300406895,193.89635493945255,7330000
BKNG,2025-11-07,196.28033447265625,199.23724535339778,194.89166083016065,195.38435047677672,6785000
BKNG,2025-11-10,197.0114288330078,199.99815356465876,196.41027647727415,196.91845650306806,6580000
BKNG,2025-11-11,200.67678833007812,201.5203144286854,197.01142924118807,197.59152868545874,5090000
BKNG,2025-11-12,205.64059448242188,205.93898805077237,199.38863764522384,200.84960965991905,6045000
BKNG,2025-11-13,201.66851806640625,208.03490976332967,201.1714631937917,206.98238538496474,7342500
BKNG,2025-11-14,200.57186889648438,203.78467342650316,199.47922434412072,201.90849379757526,5137500
BKNG,2025-11-17,190.87704467773438,202.202100368364,189.6449265628438,199.8562697027108,10437500
BKNG,2025-11-18,190.0426788330078,193.1978570377184,188.93452873835926,190.64581671346997,8140000
BKNG,2025-11-19,186.37771606445312,190.26040958188895,185.25606117381224,189.5317120672295,8655000
BKNG,2025-11-20,182.0996856689453,187.0424516606045,181.6236837248961,185.67166306580077,9042500
BKNG,2025-11-21,189.4462890625,190.70423466248053,182.79103764445014,182.79103764445014,11915000
BKNG,2025-11-24,193.71238708496094,194.6910063698653,191.16471215168764,192.04440246356333,10055000
BKNG,2025-11-25,194.93896484375,196.76787029635972,193.3802460119352,193.99610053769194,8380000
BKNG,2025-11-26,195.161865234375,196.6776749517712,194.2682759445301,194.67632959235567,7092500
BKNG,2025-11-28,195.27468872070312,196.7761901889247,194.10098516346062,194.87656287210248,3332500
BKNG,2025-12-01,194.3656005859375,196.52468350064373,194.10177986965743,195.16780896526384,6165000
BKNG,2025-12-02,204.03102111816406,205.66602444474708,194.81061907997469,194.88967738381126,10837500
BKNG,2025-12-03,200.5400848388672,205.30445402876222,200.33943801925693,202.35825907515576,5130000
BKNG,2025-12-04,199.74502563476562,201.90609398638378,199.45418021044804,201.24693630968633,4657500
BKNG,2025-12-05,206.88836669921875,206.98709013036685,199.81472124121214,200.4620043560031,7595000
BKNG,2025-12-08,206.10609436035156,207.38237667991817,203.80833364582935,206.55236189313322,7600000
BKNG,2025-12-09,206.83738708496094,208.14829322554328,199.1315842406999,205.17457848393056,8492500
BKNG,2025-12-10,210.0794219970703,213.59812771155651,201.61964004281995,205.95124606284648,11445000
BKNG,2025-12-11,210.1781463623047,213.36763733815437,208.59972569844803,210.04836780743344,6167500
BKNG,2025-12-12,211.05233764648438,213.29716025410247,210.47311774227617,211.3421450150521,5045000
BKNG,2025-12-15,217.26492309570312,218.35170078198817,212.8373879164601,213.29159766419693,9157500
BKNG,2025-12-16,216.43809509277344,219.7509864567027,215.7195446945857,215.96317180615503,5717500
BKNG,2025-12-17,212.61843872070312,217.01651330552812,212.34773517687583,215.97353170036692,4462500
BKNG,2025-12-18,212.79718017578125,216.03364109531455,212.29041207780148,212.53324953112306,4870000
BKNG,2025-12-19,214.71875,216.36125504584152,212.0841968113174,212.59175456045907,11570000
BKNG,2025-12-22,215.24623107910156,217.7549845881752,214.5698822005272,216.48388058298164,3375000
BKNG,2025-12-23,216.53125,216.61285893386642,214.6606225918245,214.79955823304968,3017500
BKNG,2025-12-24,216.8194580078125,218.0340248824514,215.64350883212595,215.7251177641628,1320000
BKNG,2025-12-26,216.56588745117188,218.43132127412036,215.56509222784257,216.41222150478296,1740000
BKNG,2025-12-29,216.61325073242188,217.43609777738055,215.11882321839877,216.69525449809092,2622500
BKNG,2025-12-30,216.04876708984375,217.16898411755176,215.49502905388803,215.49502905388803,3387500
BKNG,2025-12-31,213.18968200683594,216.51690882848902,213.0925531033613,215.5654829278491,2822500
BKNG,2026-01-02,211.91062927246094,213.31828469335292,209.04916853236432,213.2478221964228,4250000
BKNG,2026-01-05,213.66897583007812,216.7673058037206,210.25218272225607,210.71635439548734,4462500
BKNG,2026-01-06,212.9134063720703,213.69684604634793,209.83340569874233,212.98944208536955,5365000
BKNG,2026-01-07,216.78802490234375,217.9094416615181,211.83938583280846,211.83938583280846,4515000
BKNG,2026-01-08,216.7593536376953,217.23666111050053,213.2959853457121,216.60011447381777,4020000
BKNG,2026-01-09,218.63475036621094,219.6988403435386,214.68929103068734,215.5674754336341,5122500
BKNG,2026-01-12,214.63037109375,217.12559384500832,213.40824162922053,217.12559384500832,4475000
BKNG,2026-01-13,211.57264709472656,215.67535625006153,209.71397099533868,213.6514729339962,4730000
BKNG,2026-01-14,206.4894561767578,210.20282957982306,201.333013945693,209.49542562921212,6202500
BKNG,2026-01-15,206.7299041748047,208.10132607641796,204.74304399564787,206.6538684589693,4742500
BKNG,2026-01-16,203.65866088867188,208.12083539979292,203.1670179036239,206.7299147533219,9327500
BKNG,2026-01-20,200.11924743652344,201.32983565852203,197.15109067229534,199.52490234717624,7160000
BKNG,2026-01-21,205.5575408935547,206.16541660751088,199.1124850681316,199.43175307408265,6820000
BKNG,2026-01-22,205.0515594482422,208.94128667013783,203.78444938232155,207.3210744559336,5565000
BKNG,2026-01-23,202.965576171875,204.2127927014512,201.72115384467847,201.72115384467847,5192500
BKNG,2026-01-26,203.31509399414062,205.49343290427925,202.51851852945853,203.57585078194074,4517500
BKNG,2026-01-27,205.1514892578125,205.45165342824623,202.55913748171196,203.31510594110497,3910000
BKNG,2026-01-28,202.43692016601562,207.49822319689454,201.7514142098906,205.47075592319104,5015000
BKNG,2026-01-29,203.55555725097656,204.9265691589602,201.03524732987825,203.2649450039829,6107500
BKNG,2026-01-30,199.11764526367188,203.0424063156549,197.24543851007047,202.41064321714148,6772500
BKNG,2026-02-02,203.91104125976562,204.28166792115655,198.2482254754225,200.4377109057545,5405000
BKNG,2026-02-03,184.89791870117188,203.62243116969717,183.72555335858434,201.4154212561692,15850000
BKNG,2026-02-04,183.40469360351562,184.4297710837026,173.666244939376,181.28964936470783,15347500
BKNG,2026-02-05,176.8875732421875,186.9839071838918,176.42180704180242,185.0826347021269,9667500
BKNG,2026-02-06,177.43495178222656,180.0929823947782,173.93176605200594,176.90150209355232,13297500
BKNG,2026-02-09,168.67221069335938,176.7028547200742,167.96281737070896,175.90310539558774,16940000
BKNG,2026-02-10,170.42739868164062,174.3628961875412,166.23711243095798,167.97437744484938,14335000
BKNG,2026-02-11,171.6734161376953,174.27531977995997,167.17660282393283,169.33026475653332,16720000
BKNG,2026-02-12,165.56910705566406,174.56233834480673,164.8027818829314,170.28089146492337,17067500
BKNG,2026-02-13,164.8326416015625,166.8788177920757,162.08583434648367,165.36609128481157,15562500
BKNG,2026-02-17,164.8147430419922,165.92779234344073,160.0531942116696,164.45805701985665,12257500
BKNG,2026-02-18,169.98353576660156,170.95247106066296,163.21641756576548,163.46561791331737,16902500
BKNG,2026-02-19,159.5321044921875,164.87007902863004,154.10056973077485,162.77333379537657,22657500
BKNG,2026-02-20,162.29244995117188,162.41905466334183,157.1869710466711,159.73194291942346,20137500
BKNG,2026-02-23,154.09341430664062,161.62404797274922,149.89834458652703,161.30080127390494,19445000
BKNG,2026-02-24,161.96482849121094,162.5396749274358,154.45846143410947,154.85655937159652,20127500
BKNG,2026-02-25,165.724365234375,166.3812001875098,161.13997525386273,162.30079925803764,18732500
BKNG,2026-02-26,169.19810485839844,170.86370772398283,165.7283583139372,166.38121462263553,18872500
BKNG,2026-02-27,168.7637939453125,168.89914572740327,165.6049478894096,166.94651441978587,23010000
BKNG,2026-03-02,166.39234924316406,167.97635824530678,160.35016005546464,161.22596025460157,13575000
BKNG,2026-03-03,165.3609161376953,166.96162967997682,162.1566948506829,163.81553995261697,10957500
BKNG,2026-03-04,169.33026123046875,172.08344658223737,164.3907643430925,165.04881419912144,10470000
BKNG,2026-03-05,183.64952087402344,184.4779411703147,178.03328015987387,179.5818454057678,20312500
BKNG,2026-03-06,181.56076049804688,182.93051645176658,177.7240161423587,180.26681798083936,9555000
BKNG,2026-03-09,177.1821746826172,179.10653623753083,173.16468637947747,178.0208713318864,12960000
BKNG,2026-03-10,174.4322967529297,176.83146260965253,170.95143855222022,176.05740753780887,9612500
BKNG,2026-03-11,172.46324157714844,176.93638659205817,170.60550033880742,174.66210523270874,6420000
BKNG,2026-03-12,168.28533935546875,173.49065237498968,168.11097302062672,170.5476420945789,6462500
BKNG,2026-03-13,169.22499084472656,172.36669008875424,168.98278661207434,169.7879676660262,5725000
BKNG,2026-03-16,171.29017639160156,173.1339451437819,169.65110848183994,170.1925482221448,5045000
BKNG,2026-03-17,177.24761962890625,178.56430165494882,173.72327643709272,174.6569187106599,8277500
BKNG,2026-03-18,174.81613159179688,178.64570734356408,174.72196219529528,175.63846618920903,6447500
BKNG,2026-03-19,171.3408660888672,177.02376895306057,169.9770917744866,174.74230348861528,5987500
BKNG,2026-03-20,172.5278778076172,172.73337013398682,169.9064769939005,171.3045584425845,11935000
BKNG,2026-03-23,175.43057250976562,177.25677680020274,174.28265571004835,175.8674776893077,8345000
BKNG,2026-03-24,171.1956329345703,175.25103546337454,170.1722047865732,174.1585822313327,8577500
BKNG,2026-03-25,169.08493041992188,174.5567856370996,166.86611257357833,171.50645523218347,6237500
BKNG,2026-03-26,168.1277313232422,170.57118875869435,166.9486885681149,168.70148423681852,8120000
BKNG,2026-03-27,162.07814025878906,167.7654418195775,160.80733292266825,167.53882341531005,8975000
BKNG,2026-03-30,164.28738403320312,166.12517116181115,161.59376197735645,162.1922634802976,10225000
BKNG,2026-03-31,167.990478515625,169.17471151131002,162.21301051955655,165.06503260980088,9462500
BKNG,2026-04-01,166.96266174316406,169.57967883764164,161.64243372027832,168.25022684779495,8807500
BKNG,2026-04-02,167.3516845703125,167.68804295849006,162.21261119402152,165.34392986001393,5852500
BKNG,2026-04-06,175.74818420410156,176.38657871607083,165.83310754904306,165.83310754904306,8190500
BKNG,2026-04-07,172.97515869140625,175.43896610791256,169.28443989915613,173.9826205241031,9117800
BKNG,2026-04-08,180.54611206054688,186.18193764715502,179.638390385659,180.61594382962676,8876800
BKNG,2026-04-09,176.15716552734375,180.52617192904728,173.38413784781264,179.5785571845502,7232500
BKNG,2026-04-10,173.02503967285156,178.9601164523721,171.11982552192103,176.70577387066484,5118300
BKNG,2026-04-13,176.80552673339844,177.31424237465242,170.16222374030613,170.28193317747403,5825300
BKNG,2026-04-14,180.6658172607422,182.09223929670424,177.55364586668105,177.81298840934414,5523000
BKNG,2026-04-15,185.224365234375,186.13208696661178,181.8727901788689,182.87028257371566,5933400
BKNG,2026-04-16,184.09718322753906,187.69813117187584,183.67823827258474,186.10215256545817,5853000
BKNG,2026-04-17,191.52850341796875,192.27662269130357,187.5285645159278,188.0871578047337,7881200
BKNG,2026-04-20,191.5484619140625,192.42626008544786,188.61583186013954,190.12205510608723,5372200
BKNG,2026-04-21,190.3813934326172,193.43371763487272,188.6956289001298,190.96991027516438,4282700
BKNG,2026-04-22,178.9501190185547,190.53100565017132,177.45388051431752,190.0821371430052,9374700
BKNG,2026-04-23,176.30677795410156,180.04737437462705,174.09234365550842,178.46136514525043,6009900
BKNG,2026-04-24,179.79800415039062,181.63338650377074,175.758156907622,176.19705599658812,6320600
BKNG,2026-04-27,177.07484436035156,181.01493605706156,176.6658688482523,177.84290250294748,5734300
BKNG,2026-04-28,172.9452362060547,178.4912914834554,172.56618422562659,177.5436767529112,10931200
BKNG,2026-04-29,173.54371643066406,176.38657574322977,163.81816592628994,164.12738612242697,12303600
BKNG,2026-04-30,167.9378204345703,175.49881462429775,166.7807256020416,173.94272892149587,8644800
BKNG,2026-05-01,169.2046356201172,171.1497426978161,167.72833595350792,168.60613410981335,5444300
BKNG,2026-05-04,165.164794921875,170.43155362417355,164.7957276010839,169.573709543544,5568200
BKNG,2026-05-05,167.20965576171875,168.65601669656817,163.63863114583654,164.8356189808662,8002100
BKNG,2026-05-06,167.89791870117188,175.0798605361442,167.79816337853012,172.7955945441657,9043500
BKNG,2026-05-07,170.85049438476562,173.2843782380196,167.12985205264914,167.82809367763366,8120900
BKNG,2026-05-08,165.51390075683594,170.13229527563075,165.20468055908543,168.77570505091595,8861000
BKNG,2026-05-11,157.404296875,164.8954589917453,155.67863936027408,163.68850176406477,10544300
BKNG,2026-05-12,160.15737915039062,160.78580424018534,157.464152683526,158.03271544339043,6892500
BKNG,2026-05-13,154.6412353515625,158.54143403116458,154.3818928240626,157.80328422447624,6829800
BKNG,2026-05-14,154.09262084960938,157.7933243304519,153.58390520777405,154.54148938305536,5678600
BKNG,2026-05-15,153.74349975585938,156.25716950240093,152.666206198545,154.55146611871382,6777000
BKNG,2026-05-18,154.68115234375,156.4367334721294,152.7360300053127,155.24971509181978,6976300
BKNG,2026-05-19,154.1524658203125,160.50650263549252,152.98540156132657,152.98540156132657,8389800
BKNG,2026-05-20,156.55642700195312,157.83321603890778,149.76350628582819,153.06520364954022,8111300
BKNG,2026-05-21,159.27957153320312,160.0177213534045,153.12504554505588,154.86068771770627,7470500
BKNG,2026-05-22,160.65611267089844,162.3917548092019,158.60128090080102,158.78082221483666,7379700
BKNG,2026-05-26,162.8905029296875,165.82313285831884,161.70348460423907,162.44163441868838,6369700
BKNG,2026-05-27,167.94778442382812,170.08241747355677,164.58624002836248,164.59620947261135,9931800
BKNG,2026-05-28,169.3941650390625,169.51385925533899,166.19220776893246,166.69095396411916,7322100
BKNG,2026-05-29,167.01014709472656,170.0724561028415,166.80068221187761,169.86297599946624,8488900
BKNG,2026-06-01,168.82557678222656,170.82056144139617,164.47650961641585,168.26698351294309,6638700
BKNG,2026-06-02,166.79071044921875,167.80814173568385,162.01271334266704,167.1198695462641,7011700
BKNG,2026-06-03,164.36679077148438,167.99766237312832,164.03761646440222,165.29446658608418,6981100
BKNG,2026-06-04,167.07000732421875,170.79064970932328,165.94283604321004,168.07746916743534,6666200
BKNG,2026-06-05,165.83999633789062,171.9199981689453,164.88999938964844,167.5399932861328,7810300
BKNG,2026-06-08,162.3000030517578,166.72999572753906,162.1999969482422,165.5500030517578,6621000
BKNG,2026-06-09,163.99000549316406,168.88999938964844,161.5800018310547,162.61000061035156,8153200
BKNG,2026-06-10,160.63999938964844,164.10000610351562,159.22999572753906,164.10000610351562,6791900
BKNG,2026-06-11,163.58999633789062,165.0,158.1199951171875,160.66000366210938,8094500
BKNG,2026-06-12,164.94000244140625,168.44000244140625,161.69000244140625,166.2100067138672,6491800
BKNG,2026-06-15,174.63999938964844,176.8000030517578,169.02000427246094,169.02000427246094,9471700
BKNG,2026-06-16,175.72000122070312,176.7100067138672,174.10000610351562,175.72000122070312,7444100
BKNG,2026-06-17,171.6300048828125,176.5800018310547,170.6999969482422,174.77999877929688,5895000
BKNG,2026-06-18,171.77999877929688,174.4499969482422,170.2899932861328,172.66000366210938,18363000
BKNG,2026-06-22,167.77000427246094,171.0,164.1300048828125,169.49000549316406,8274700
BKNG,2026-06-23,168.94000244140625,170.11000061035156,165.85000610351562,167.57000732421875,9166100
BKNG,2026-06-24,181.25,184.88999938964844,171.00999450683594,171.1699981689453,13956100
BKNG,2026-06-25,177.0500030517578,183.17999267578125,176.55999755859375,181.1999969482422,10844600
BKNG,2026-06-26,181.4600067138672,183.2899932861328,176.9199981689453,177.41000366210938,12746700
BKNG,2026-06-29,182.41000366210938,186.5,181.7899932861328,185.0,8451400
BKNG,2026-06-30,178.24000549316406,181.3800048828125,176.6999969482422,180.30999755859375,6582000
BKNG,2026-07-01,182.63999938964844,185.4499969482422,177.52000427246094,179.8800048828125,7100800
BKNG,2026-07-02,184.55999755859375,186.4199981689453,181.67999267578125,184.35000610351562,14188400
BKNG,2026-07-06,181.02999877929688,186.88999938964844,180.57000732421875,185.49000549316406,7362100
BKNG,2026-07-07,181.9499969482422,188.30999755859375,180.89999389648438,184.8000030517578,5369500
BKNG,2026-07-08,174.2899932861328,179.8800048828125,172.75,179.38999938964844,5003400
BKNG,2026-07-09,175.52000427246094,175.64999389648438,170.30999755859375,172.27999877929688,4613000
BKNG,2026-07-10,178.38999938964844,180.0399932861328,175.8300018310547,175.8300018310547,3975400
BKNG,2026-07-13,175.8000030517578,180.63999938964844,174.50999450683594,178.47999572753906,5079900
BKNG,2026-07-14,174.85000610351562,176.8800048828125,171.1699981689453,171.1699981689453,5409800
BKNG,2026-07-15,182.8000030517578,183.13999938964844,175.1999969482422,175.3000030517578,6800500
BKNG,2026-07-16,184.61000061035156,185.9199981689453,179.99000549316406,184.5500030517578,5880000
BKNG,2026-07-17,181.67999267578125,184.36000061035156,178.75999450683594,183.22999572753906,7196000
BKNG,2026-07-20,179.4499969482422,182.22999572753906,177.36000061035156,181.38999938964844,4059300
BKNG,2026-07-21,179.39999389648438,180.55999755859375,177.10000610351562,178.97999572753906,4039400
BKNG,2026-07-22,177.86000061035156,180.3699951171875,176.38999938964844,177.97000122070312,4851000
BKNG,2026-07-23,172.8300018310547,175.8000030517578,171.02000427246094,174.07000732421875,4669300
BKNG,2026-07-24,177.4600067138672,180.3000030517578,174.5,174.60000610351562,5012000
BKNG,2026-07-27,186.7899932861328,187.33999633789062,180.58999633789062,180.6699981689453,5665000
BKNG,2026-07-28,199.30999755859375,199.97999572753906,188.47999572753906,189.47999572753906,9074000
BKNG,2026-07-29,201.3000030517578,204.61000061035156,195.33999633789062,196.44000244140625,7906000
BKNG,2026-07-30,193.24000549316406,199.89999389648438,190.14999389648438,197.0,7597000
BKNG,2026-07-31,192.89999389648438,194.9600067138672,190.80999755859375,191.61000061035156,4599800
BKNG,2026-08-03,192.7100067138672,199.42999267578125,191.07000732421875,198.22000122070312,7057500
BKNG,2026-08-04,194.27000427246094,195.14999389648438,190.3699951171875,192.8300018310547,9369600
BKNG,2026-08-05,207.02000427246094,211.47000122070312,202.1300048828125,207.74000549316406,10654000
BKNG,2026-08-06,207.38999938964844,211.82000732421875,205.82000732421875,207.4499969482422,6867400
BKNG,2026-08-07,214.4199981689453,215.69000244140625,207.16000366210938,207.25,7207600
BKNG,2026-08-10,212.8800048828125,215.4499969482422,209.2100067138672,213.92999267578125,4705300
BKNG,2026-08-11,212.8699951171875,214.36000061035156,208.77000427246094,210.0,3496500
BKNG,2026-08-12,212.25999450683594,212.8699951171875,208.0,209.57000732421875,3998200
BKNG,2026-08-13,213.33999633789062,214.3800048828125,208.52999877929688,213.0,3684100
BKNG,2026-08-14,212.05999755859375,214.92999267578125,211.7100067138672,212.55999755859375,4105500
BKNG,2026-08-17,204.75999450683594,213.49000549316406,204.02000427246094,210.8300018310547,5954900
BKNG,2026-08-18,208.25,211.63999938964844,204.80999755859375,205.75,4536300
BKNG,2026-08-19,213.0,216.4199981689453,207.44000244140625,208.1999969482422,5144600
BKNG,2026-08-20,209.8699951171875,213.0,209.50999450683594,212.0,3852800
BKNG,2026-08-21,209.6199951171875,211.6300048828125,206.2899932861328,210.0399932861328,4502800
BKNG,2026-08-24,213.36000061035156,215.0500030517578,210.7899932861328,210.83999633789062,4911300
BKNG,2026-08-25,213.77999877929688,217.32000732421875,211.8699951171875,214.10000610351562,5530500
BKNG,2026-08-26,208.88999938964844,215.58999633789062,208.05999755859375,214.4499969482422,4008900
BKNG,2026-08-27,202.55999755859375,207.75999450683594,201.75999450683594,207.55999755859375,5418300
BKNG,2026-08-28,205.6300048828125,207.55999755859375,203.05999755859375,203.5800018310547,3591700
BKNG,2026-08-31,199.08999633789062,203.97999572753906,198.85000610351562,203.97999572753906,5055400
BKNG,2026-09-01,195.69000244140625,201.42999267578125,195.14999389648438,198.39999389648438,5301200
BKNG,2026-09-02,199.60000610351562,200.6199951171875,195.72999572753906,196.6699981689453,4845800
BKNG,2026-09-03,195.1300048828125,203.25999450683594,194.67999267578125,200.58999633789062,7376000
BKNG,2026-09-04,193.2899932861328,195.5500030517578,192.19000244140625,194.0,5131671
