symbol,date,close,high,low,open,volume
COST,2018-01-02,168.25408935546875,170.36261298958146,166.84244025327646,167.2802209322879,2509300
COST,2018-01-03,170.27320861816406,171.63125249526863,168.3076270475466,168.7007460882552,3364400
COST,2018-01-04,168.9508819580078,171.8099104573115,167.57496554611203,171.5418735532998,3525800
COST,2018-01-05,167.74476623535156,169.46911334712183,166.82451641135236,169.245751474638,2819000
COST,2018-01-08,168.39697265625,168.84369638416138,167.2980361028074,167.3605839685196,1961800
COST,2018-01-09,166.44032287597656,169.12960848071097,166.31524077572797,168.8705010804576,2241900
COST,2018-01-10,165.6630096435547,166.39564303046726,164.28710669278897,165.9578489114884,2609500
COST,2018-01-11,169.20108032226562,170.35362151982872,165.31457851032016,165.6719520326693,4678600
COST,2018-01-12,171.39894104003906,171.70270987544552,169.75500114297748,169.84435133359116,3499500
COST,2018-01-16,171.12197875976562,172.29239266790404,170.55017297132682,171.85461216869447,2006600
COST,2018-01-17,171.8009796142578,172.04221420850837,170.95220738461973,172.0154118794721,2585200
COST,2018-01-18,171.1041259765625,172.4621699950473,170.84503219980894,171.747409267796,1908000
COST,2018-01-19,171.8009796142578,172.11369163024648,170.79139341040218,171.28279216427399,2353800
COST,2018-01-22,173.66831970214844,174.00782046277547,171.5955150742411,171.98863413352876,3009100
COST,2018-01-23,172.8105926513672,173.41814396608743,171.60444685383004,172.98034983684676,2316400
COST,2018-01-24,173.54319763183594,173.9988508185534,171.4793230459528,173.71294115658893,2799200
COST,2018-01-25,176.85787963867188,177.30460326172127,173.98992161313166,174.22221298926505,3558700
COST,2018-01-26,177.7156219482422,178.0015180212368,174.83872028881922,176.67921971367085,2756200
COST,2018-01-29,177.18850708007812,178.58228293852648,176.50947828437413,177.23316854680488,2031100
COST,2018-01-30,176.82220458984375,177.60842914876835,175.18719396792997,176.53629483537847,2285000
COST,2018-01-31,174.10609436035156,177.3225105252907,173.41814966270752,176.40226077339088,2682300
COST,2018-02-01,172.85525512695312,174.57960192108348,171.935005472472,172.80165046869973,2096600
COST,2018-02-02,170.63954162597656,172.97144012843432,170.46978442100837,170.8718330663438,2386600
COST,2018-02-05,163.29539489746094,171.63126127477366,163.08096260076218,170.34469476043358,3407200
COST,2018-02-06,165.2967529296875,165.5022557149805,157.4254809282162,159.8467301770147,4067900
COST,2018-02-07,163.67066955566406,166.3510123807265,163.5634602051987,164.93043395534627,2594800
COST,2018-02-08,159.57867431640625,164.850009635025,159.5071968733797,164.850009635025,3013200
COST,2018-02-09,161.46380615234375,162.66996552778733,157.05910362854922,160.62396346223335,2777200
COST,2018-02-12,161.7676239013672,163.7332059388475,161.1600860635526,162.4645119543563,1596200
COST,2018-02-13,164.52835083007812,164.93041310936266,160.86522427857537,161.01710871684708,2123900
COST,2018-02-14,167.38742065429688,168.39700721618303,162.88443691836915,163.2418241538002,2191000
COST,2018-02-15,171.5350799560547,171.74113256630596,167.13652516109173,168.49818926601228,2072900
COST,2018-02-16,171.60678100585938,174.34804399191387,171.1409412666465,171.50823824697602,1969300
COST,2018-02-20,168.525146484375,171.53516460974413,168.0861943359204,170.09286397322535,2202100
COST,2018-02-21,166.40196228027344,169.43885353500522,166.3482141700068,168.89239163161537,1747200
COST,2018-02-22,167.1544647216797,168.7132282809861,166.32134166596242,166.9394722786082,1360100
COST,2018-02-23,170.03904724121094,170.07488842422305,166.54528371487177,168.26529142548537,1561700
COST,2018-02-26,172.7266082763672,172.98640908011077,170.14658918230333,170.29889374693084,1852400
COST,2018-02-27,170.2988739013672,175.1543160638269,170.2988739013672,173.29992413871526,2170400
COST,2018-02-28,171.0155487060547,173.57764713097208,171.0065952428528,171.64264653483357,2179800
COST,2018-03-01,169.34030151367188,172.88782696070626,167.80842577723482,171.3828116085258,2447700
COST,2018-03-02,169.60906982421875,170.55865625104116,167.71885043273738,167.95176347365734,2275900
COST,2018-03-05,171.5350799560547,171.98299901753234,167.96964805412583,168.8206915370524,2155800
COST,2018-03-06,171.51724243164062,172.22494882057597,170.2720274836935,172.12640604040416,2458700
COST,2018-03-07,167.84422302246094,169.98527548442135,165.53295913839167,169.50152893631582,5157100
COST,2018-03-08,166.34823608398438,166.93949271362177,164.01009729351767,166.79615528775645,6061500
COST,2018-03-09,168.93716430664062,168.99091240991635,165.0313093255388,167.0738192664502,3288100
COST,2018-03-12,169.64486694335938,170.2988386381159,168.01444861026113,168.6594531750532,2394100
COST,2018-03-13,167.93380737304688,170.31672620447296,167.3425509776102,170.2540246488742,1964300
COST,2018-03-14,165.39866638183594,169.32242971076815,164.38636450413853,169.1163906835113,2866000
COST,2018-03-15,166.18698120117188,167.13658141340684,164.97760752979235,165.56886417059633,1811300
COST,2018-03-16,166.50946044921875,166.84988337743417,165.25529229696352,166.78716813511758,3569400
COST,2018-03-19,164.96859741210938,166.60798294203985,163.76817751677427,166.29444777681974,2493200
COST,2018-03-20,167.83529663085938,168.04133559481875,165.37174151637572,165.81966062810002,1852500
COST,2018-03-21,166.68862915039062,168.31904765154354,166.67966201950188,167.36946129700075,2048300
COST,2018-03-22,163.6159210205078,166.22281398448175,163.49050419420368,165.64051083639131,2489800
COST,2018-03-23,162.00338745117188,165.2373641124245,161.9944339895698,164.18923498988983,2351800
COST,2018-03-26,167.71881103515625,168.02339271006022,163.3471167105407,163.9652471898135,2036600
COST,2018-03-27,164.07278442382812,168.11302403444463,163.09632392626148,167.9159385085898,2495300
COST,2018-03-28,164.48492431640625,165.38971637274662,162.3528240946277,164.48492431640625,2168700
COST,2018-03-29,168.80279541015625,168.99092745777926,165.20153547595075,165.4971637396972,3016000
COST,2018-04-02,163.71444702148438,167.44113757770648,162.19152466679392,167.44113757770648,3599200
COST,2018-04-03,163.5890655517578,164.98657139492306,162.4603139867575,164.41323531389602,2287000
COST,2018-04-04,166.1959228515625,166.93947027019038,162.09298185628262,162.26319331793817,2111000
COST,2018-04-05,166.84991455078125,167.5217934013213,165.66740121251385,167.25303912722325,1933600
COST,2018-04-06,164.7984161376953,167.74571806675894,164.0279946694909,166.0346636699062,2259000
COST,2018-04-09,165.2015380859375,167.88008575564928,164.38632198236994,165.90924430227614,1946000
COST,2018-04-10,164.4311065673828,166.59903340036962,163.19484546045564,166.40194790015207,2526000
COST,2018-04-11,165.41650390625,166.957346571009,163.23962382917364,163.26649787930506,1697300
COST,2018-04-12,169.15223693847656,170.24514736367829,166.16909300836892,166.17804647263551,2841600
COST,2018-04-13,169.23280334472656,170.0569728761671,167.5307025057329,170.03905228412958,1744400
COST,2018-04-16,174.31216430664062,175.40508778919948,171.44548536443847,171.85756320050945,3026800
COST,2018-04-17,175.58432006835938,176.3726622061424,174.4466015139514,175.27973830400092,2160500
COST,2018-04-18,176.04115295410156,177.16991779087599,175.69177661638702,175.8530345942429,1663100
COST,2018-04-19,174.75119018554688,175.94264313939806,173.3447174413733,175.727650687892,2427600
COST,2018-04-20,173.39845275878906,175.2886720487759,172.6728259496854,174.17782767680302,2252800
COST,2018-04-23,173.2103729248047,174.13308545152987,172.23389860779758,173.62245096442808,1618000
COST,2018-04-24,172.4578094482422,175.0109538228267,171.23946893189475,174.27635992691728,1598900
COST,2018-04-25,173.7657470703125,174.39283111368394,171.45448273668038,172.2069835887261,1311700
COST,2018-04-26,174.92138671875,175.9784830521566,173.20137877212673,173.90013157327343,1445800
COST,2018-04-27,176.1038818359375,176.4084635551095,174.2674107207305,174.64366113901477,1563100
COST,2018-04-30,176.62347412109375,178.3076407499182,175.93367483541707,176.5697260127514,2165000
COST,2018-05-01,176.07704162597656,176.5518348881237,173.35368521388543,176.0232935086632,1413200
COST,2018-05-02,173.79263305664062,175.208059234235,172.40408093493537,175.11846993499935,2498100
COST,2018-05-03,172.9057159423828,173.78364716897772,170.37049234441812,173.72093193733295,1815500
COST,2018-05-04,174.85867309570312,175.94262974125732,171.3559421996316,172.75344770563277,1704500
COST,2018-05-07,172.95053100585938,175.40513274104208,172.1890766921507,175.38721214854104,2361900
COST,2018-05-08,174.22267150878906,174.8676763366184,172.37724634504835,172.88788086266783,1908600
COST,2018-05-09,175.6200714111328,175.96049421740534,173.0311001982671,173.9269381773819,1999100
COST,2018-05-10,175.6021728515625,176.93187594506375,174.47910956431886,176.14124871314692,1874200
COST,2018-05-11,175.88067626953125,176.0783364889998,174.81153162147356,175.49434911010383,1296300
COST,2018-05-14,175.98854064941406,177.23738666733283,175.57524726446215,176.06041835589573,1440900
COST,2018-05-15,175.6291046142578,176.7252153504123,173.63454335399416,174.98221914015787,2319600
COST,2018-05-16,178.5311279296875,179.1061357755318,175.1978701123941,176.15921885192122,2163200
COST,2018-05-17,179.33074951171875,180.90303809913868,177.79439291707598,178.84557849898167,2391000
COST,2018-05-18,178.75572204589844,179.25885214517677,177.69554330019022,179.24087929612625,1624600
COST,2018-05-21,179.3486785888672,180.89401449533915,178.87250093609848,179.3307194501234,1202800
COST,2018-05-22,178.76470947265625,181.28037378888058,178.63892694230842,179.43854739436273,1563600
COST,2018-05-23,178.01902770996094,178.872553164561,176.78815459256728,178.872553164561,1635100
COST,2018-05-24,178.6928253173828,178.8725126814832,176.8330398495799,178.15374951581455,1176300
COST,2018-05-25,178.21665954589844,179.88777819134216,177.7315022594713,178.69283726176383,1331000
COST,2018-05-29,176.7611846923828,178.64792281982443,176.09632628027356,177.98307811698402,2298100
COST,2018-05-30,179.36671447753906,180.16633512919358,177.66864303933923,178.03701115204788,2390900
COST,2018-05-31,178.10887145996094,180.3190525017498,177.62370040543286,179.8878000049346,4822800
COST,2018-06-01,177.11155700683594,178.78267553761904,175.1978529948498,175.6021529906768,4056400
COST,2018-06-04,178.4502716064453,178.82761925101795,177.2193985484867,177.28229667721692,1870600
COST,2018-06-05,177.7494659423828,179.106135141614,176.98579114707994,178.98933217498657,1868500
COST,2018-06-06,177.58773803710938,178.25258266656132,176.72521948172397,177.90218750233825,2066900
COST,2018-06-07,181.99916076660156,182.27767828382443,179.16005332853547,180.13936127918015,2735000
COST,2018-06-08,183.06825256347656,183.29286516837794,180.58853434070102,181.04673911936425,2052500
COST,2018-06-11,183.73318481445312,184.0835800708629,182.76285632533273,183.06832630081388,1684800
COST,2018-06-12,184.07460021972656,184.2542876338981,182.5921482069517,183.5085718412788,1384800
COST,2018-06-13,183.38278198242188,184.92811835948572,182.57418179619398,184.11052489188103,1665800
COST,2018-06-14,184.2901611328125,184.8382164830897,183.54444557690968,184.06554850908032,1685000
COST,2018-06-15,186.26678466796875,186.58123415189382,183.79604552200755,184.54174745463257,3879600
COST,2018-06-18,185.26950073242188,186.97655135622963,184.31713159876006,185.08082007793445,1975000
COST,2018-06-19,186.45547485351562,186.7070399557143,183.84097999573316,184.09254509793183,1940600
COST,2018-06-20,186.8597412109375,187.40779659381255,185.9433315222749,186.6620809935552,1527700
COST,2018-06-21,188.63865661621094,189.67186911770077,186.87768775719138,187.03042268380415,1825800
COST,2018-06-22,189.66293334960938,190.26489362619375,188.69260502474737,189.00705451947547,1738600
COST,2018-06-25,190.24691772460938,190.54340807266902,188.64767672666466,188.68360871918622,2398600
COST,2018-06-26,188.7554473876953,190.88478422728215,188.64763772315214,190.81290654783152,2276700
COST,2018-06-27,188.70156860351562,190.8488648774256,188.3242210162604,189.1238414602871,2211700
COST,2018-06-28,187.51565551757812,189.74380946118768,186.92267475305678,188.67465091253345,1826700
COST,2018-06-29,187.75820922851562,189.1508104499082,187.16524223046588,188.3691627870685,2164600
COST,2018-07-02,186.86874389648438,187.6144595342777,185.12574755143348,187.25507107128016,1876100
COST,2018-07-03,186.08706665039062,188.59375126942166,185.88940643995568,187.35388516928728,842100
COST,2018-07-05,187.9019317626953,188.03669385021698,186.4733987979006,187.0573861228495,1436700
COST,2018-07-06,188.3332061767578,189.0250169618945,185.673800137372,186.10505257714064,1523200
COST,2018-07-09,189.5191650390625,190.28283979642944,188.6746193115186,189.1418174455516,1738300
COST,2018-07-10,190.2019805908203,191.1004311497843,189.42033299148727,189.56408837114571,1687800
COST,2018-07-11,189.5281219482422,190.2738374757565,188.64764433532548,189.76172784196118,1472800
COST,2018-07-12,192.28640747070312,192.42116958135514,190.66919359653562,190.95669066901615,2222000
COST,2018-07-13,194.5504913330078,194.64034187876612,192.00788814112275,192.2684327889923,1951200
COST,2018-07-16,193.03213500976562,195.08060147327268,192.17859589224648,194.64035570261908,2078200
COST,2018-07-17,193.1668701171875,194.20907605548584,192.2684195585029,192.32232439854116,2064800
COST,2018-07-18,193.13990783691406,193.95750109380117,191.9090350213208,193.4723301396908,1869500
COST,2018-07-19,195.44891357421875,196.0418941878782,192.29535728946598,192.68169812900769,2790800
COST,2018-07-20,196.48219299316406,196.70680567641395,194.2809914391691,194.94583620765584,1793900
COST,2018-07-23,196.61691284179688,198.0724120385908,196.04190504468914,197.55130908038893,1394300
COST,2018-07-24,196.3833465576172,198.2700847146903,195.4938754704669,197.12906224919934,1453900
COST,2018-07-25,198.2880401611328,198.39586355297897,195.29619808617497,195.5118311605994,1560200
COST,2018-07-26,199.20448303222656,201.8099844834499,198.39588291543842,199.45604812230596,1820000
COST,2018-07-27,197.34461975097656,199.9052088081805,196.54499946411443,199.73450104313162,1596800
COST,2018-07-30,196.85948181152344,197.76691184527067,196.4102565793041,196.796583698565,1292700
COST,2018-07-31,196.50006103515625,197.72195392866044,196.1586455517577,197.38053844526192,1888500
COST,2018-08-01,195.08058166503906,196.8505304301718,194.28994075615228,196.44621669586593,1841300
COST,2018-08-02,198.66537475585938,198.91693980492116,193.17584152585582,193.17584152585582,1904800
COST,2018-08-03,199.48300170898438,200.01308431550964,198.55759861309477,198.55759861309477,1195700
COST,2018-08-06,200.10287475585938,200.59702521912277,198.56651853539776,198.94386605936296,1285500
COST,2018-08-07,201.12713623046875,202.58262170236594,200.33649537696058,200.5701012887337,1428100
COST,2018-08-08,201.77403259277344,202.0435705082146,199.6716615290146,200.22869650079656,2010700
COST,2018-08-09,196.07789611816406,199.77052923967187,194.8829549785815,199.1146503231602,3637100
COST,2018-08-10,197.9376678466797,199.20448660037235,195.63763629088763,195.98803150900798,2830800
COST,2018-08-13,197.26380920410156,199.0786832331827,196.8145839094268,198.58453266718683,1518900
COST,2018-08-14,199.4560546875,199.95918488421955,197.53337074473905,197.66813286554975,1450600
COST,2018-08-15,199.15956115722656,199.5548816510346,196.55405966151997,198.3060357506516,1844100
COST,2018-08-16,200.5252227783203,201.48655794093654,199.58184675982267,200.75881503529473,1657700
COST,2018-08-17,202.76231384277344,202.94201492045255,199.5907844933345,199.75251272139224,1980900
COST,2018-08-20,204.26272583007812,205.0443733749419,203.02285975814254,203.04981217629188,1783700
COST,2018-08-21,205.3319091796875,206.73350373446178,204.57721391045692,206.18544827982,2066700
COST,2018-08-22,205.93382263183594,206.85023217101516,205.1881071532186,205.27794396784088,1267900
COST,2018-08-23,206.203369140625,206.9580779790124,205.35883718714229,205.74516432135883,1337900
COST,2018-08-24,207.7936248779297,208.49441515208187,206.28423465953003,206.6436093660253,1453200
COST,2018-08-27,206.6705780029297,209.21319469326227,204.9365750295704,209.10538501470612,1904100
COST,2018-08-28,206.8772430419922,208.28781715186201,206.49989541171803,207.48819661667582,1882100
COST,2018-08-29,206.81434631347656,208.4405397099723,205.50260240218924,208.2518590514327,1793600
COST,2018-08-30,207.90411376953125,208.20134002991122,206.6521682297285,206.814284148138,1272000
COST,2018-08-31,209.97573852539062,210.32700351981742,207.34575199780795,207.34575199780795,1881300
COST,2018-09-04,211.3717803955078,211.5789468911957,209.98473789999895,209.98473789999895,1858400
COST,2018-09-05,212.2094268798828,212.7138059837216,210.03878261779803,211.27272479322497,2126000
COST,2018-09-06,213.17315673828125,213.25422846720238,211.7140580239065,212.08334050502367,1853200
COST,2018-09-07,217.47842407226562,218.82042986637188,213.64151450297845,213.7405899553145,2722400
COST,2018-09-10,219.02760314941406,219.5860347254811,218.07288347018223,218.86548716311506,2817300
COST,2018-09-11,219.95529174804688,220.8109358664928,219.018575902546,219.70308844864275,2185700
COST,2018-09-12,218.36105346679688,220.774871393186,218.17190445337766,220.66679409597404,1912000
COST,2018-09-13,217.30731201171875,219.7571654683138,217.1091610892514,218.41514581038513,2078200
COST,2018-09-14,212.00225830078125,215.2627185096407,211.18263544655787,215.2627185096407,3875300
COST,2018-09-17,208.95799255371094,211.2907530515001,208.51665391495294,210.81339321969926,2884600
COST,2018-09-18,211.0745849609375,212.08334322149503,208.68777221067475,208.93996177581414,2000200
COST,2018-09-19,210.62423706054688,211.4258425236063,209.3362562080851,211.3177514685724,1581400
COST,2018-09-20,210.68722534179688,211.6599621361287,209.2461444838693,211.299695357471,1910100
COST,2018-09-21,211.44383239746094,212.4165693692529,210.7683217567692,211.0925674140332,3717800
COST,2018-09-24,210.16481018066406,211.52484669709557,209.76850851344682,210.9303941962697,1530400
COST,2018-09-25,209.79559326171875,211.3537810977146,209.61545983224923,210.7863477387508,1889700
COST,2018-09-26,210.58816528320312,212.2544301785032,210.26391966143166,210.37201069755392,2008500
COST,2018-09-27,210.75926208496094,212.26339704979063,209.2641289786169,210.48905515414165,1421400
COST,2018-09-28,211.5519256591797,212.08332407035948,210.57017307286026,210.63322733010156,1602800
COST,2018-10-01,211.3447723388672,213.03805686598824,211.14662143704237,212.38956550425252,1673100
COST,2018-10-02,212.8759307861328,213.9747625555877,210.64223231589366,210.8493988127889,1647600
COST,2018-10-03,210.03878784179688,213.74058697354766,209.61546670983924,213.11911493968216,2322300
COST,2018-10-04,208.66973876953125,210.75932499878155,207.75105417112246,210.092816202907,2862800
COST,2018-10-05,197.08700561523438,204.50860760424044,196.15929162330843,202.65320710698893,7379000
COST,2018-10-08,201.689453125,202.20284779859952,197.48327526765038,197.55533138376782,3863500
COST,2018-10-09,201.90560913085938,202.78827244856745,200.45551252297565,201.8875916671067,2502800
COST,2018-10-10,199.09555053710938,202.65323796607558,199.08653493081965,201.84263051153218,3021400
COST,2018-10-11,199.78904724121094,202.94143044495945,198.98742803297537,200.77078614055773,3650900
COST,2018-10-12,204.4095001220703,205.01295459503092,201.20307874655518,202.83330875822904,3130500
COST,2018-10-15,202.21189880371094,204.4005609148874,201.97772667689176,203.77908878772246,2441900
COST,2018-10-16,205.06703186035156,205.58942845993914,202.0407570654452,202.53612059272768,2541800
COST,2018-10-17,205.79660034179688,206.14786537131883,203.1125611487308,205.7605654066505,2129300
COST,2018-10-18,205.87765502929688,207.74205746584465,203.77906674795608,205.84162009472837,2624600
COST,2018-10-19,206.859375,207.7240346874194,206.0037309170461,206.16584687783129,2099800
COST,2018-10-22,206.3099822998047,207.3817948608803,204.69776939875302,207.04854729739668,2007300
COST,2018-10-23,206.03074645996094,206.4900887503823,201.59039642265668,204.5176092138911,2656700
COST,2018-10-24,201.53634643554688,208.13833885895792,200.9328919021065,203.4908222733969,3100200
COST,2018-10-25,203.9141387939453,204.98595120359138,200.70771716921192,201.80654890487438,2218900
COST,2018-10-26,196.51953125,202.65316484023694,195.44771897925074,200.23033147055276,3995400
COST,2018-10-29,200.32943725585938,202.55412010199848,197.02394011546104,197.9246209845603,3801400
COST,2018-10-30,205.283203125,205.5444083001205,200.86085630501557,200.94192803647067,2410500
COST,2018-10-31,205.92269897460938,207.66100668711547,203.15760174076652,205.9407026992179,2674600
COST,2018-11-01,206.7963409423828,207.87715527793048,204.94092673678776,205.51736196529984,2095000
COST,2018-11-02,207.30068969726562,209.16509174802943,204.6166511026271,206.98544592987517,2167200
COST,2018-11-05,211.16461181640625,211.56091356922022,206.97645157379148,207.79607440408418,2513900
COST,2018-11-06,213.20018005371094,213.90271005020907,210.92144475245956,211.66000968089594,2101300
COST,2018-11-07,216.49664306640625,216.9559990776882,213.40731446827166,215.0375445442131,2603600
COST,2018-11-08,215.50352478027344,216.49663410418697,213.9958142801248,215.33198646287337,2140600
COST,2018-11-09,214.6368865966797,216.91198789917343,214.03199756797125,214.84453177943772,2256700
COST,2018-11-12,211.69366455078125,215.954984805392,211.37768516733962,214.5465849167605,2301400
COST,2018-11-13,211.38670349121094,213.44513616899312,210.14984198793837,211.93742536054543,1548100
COST,2018-11-14,210.63734436035156,214.07709309019356,209.1928377980066,214.07709309019356,1896500
COST,2018-11-15,207.59487915039062,210.04151889398588,204.94058044183464,209.7435997765492,2722300
COST,2018-11-16,208.56991577148438,208.66018969442112,204.50721728817575,207.0170610268978,2822400
COST,2018-11-19,206.51145935058594,210.80888607306994,205.67182792991835,209.10255345632234,1949500
COST,2018-11-20,197.9978790283203,203.13493811183702,196.8603283342431,203.06271070294756,3704800
COST,2018-11-21,197.3297576904297,200.4535132495753,196.31858795672338,199.1263641670587,2036500
COST,2018-11-23,198.6749725341797,199.6861285898658,196.5082056217186,196.90544943672901,1007500
COST,2018-11-26,198.12425231933594,201.76262327444854,197.62769754641167,201.1938548763427,2205600
COST,2018-11-27,201.33831787109375,201.43762883651462,197.15826161521628,198.05204652803445,2369800
COST,2018-11-28,207.9559783935547,208.06432638153058,200.59798594069943,201.1306475176957,2765600
COST,2018-11-29,208.55184936523438,209.08451095564914,206.16840020924187,206.74620564778647,1478700
COST,2018-11-30,208.80459594726562,210.70955023305916,207.37813604727168,209.17475614034547,2764000
COST,2018-12-03,209.52687072753906,209.6352049278515,206.03295500779757,208.2990326121208,2481500
COST,2018-12-04,204.3537139892578,210.628322561337,203.64047707348675,209.55396244646943,3418600
COST,2018-12-06,210.5380401611328,211.13390585297722,204.5794245705908,205.78920247151075,4029800
COST,2018-12-07,203.0084991455078,211.08875104841508,201.35633369079136,210.49288538750753,2881900
COST,2018-12-10,201.0222930908203,203.31545426218426,197.8172731401932,202.71958860412516,2650000
COST,2018-12-11,204.48915100097656,205.16626739501953,202.23209635416669,203.24325242762765,2466800
COST,2018-12-12,205.66278076171875,208.0552526952188,205.0037247948242,206.15933543922787,2891400
COST,2018-12-13,204.49815368652344,207.30592993571523,203.56824836766907,206.60173005883456,2170200
COST,2018-12-14,186.93829345703125,197.71798874625605,185.5389168088846,196.81516687983478,8822300
COST,2018-12-17,182.57763671875,187.78692201855458,181.16021374970867,186.5951907086652,4739400
COST,2018-12-18,183.26377868652344,184.78051250394148,181.98177354771562,183.35405258938937,3308500
COST,2018-12-19,181.8373565673828,186.8841275262307,180.43797991042265,183.72425097385482,3369600
COST,2018-12-20,177.97325134277344,181.19631774268618,174.85850536575884,180.86227811221005,4250900
COST,2018-12-21,175.61692810058594,181.1963610923961,175.43636646729198,178.0003774775872,5080200
COST,2018-12-24,171.52713012695312,176.34819555273296,171.35559176941197,175.05715312953328,2031700
COST,2018-12-26,179.32749938964844,179.46291714990133,171.0937551670854,172.27646330248643,3268800
COST,2018-12-27,181.5393829345703,181.58452677323302,175.11129705680426,177.81976206498192,2705900
COST,2018-12-28,182.40614318847656,185.0333584048124,180.19423213619547,182.20753503067723,2037800
COST,2018-12-31,183.91383361816406,184.5277458252893,181.81025718616036,183.61590077318837,1729400
COST,2019-01-02,184.86181640625,185.16878633713316,180.42897112825742,181.01579988182561,2143100
COST,2019-01-03,180.94357299804688,185.92715400367894,180.60049624981323,183.9048278826763,2877700
COST,2019-01-04,186.19796752929688,187.7237247547267,181.87344351961352,183.3450474187541,2761600
COST,2019-01-07,186.88409423828125,188.79807185791972,183.7603250557719,185.5479219628336,2226600
COST,2019-01-08,188.2834930419922,188.76198750381795,184.33815232667985,188.3737669582801,2366500
COST,2019-01-09,189.50228881835938,190.6940201974456,187.71470552569733,188.82517247368781,1862900
COST,2019-01-10,190.17037963867188,190.40510834267977,185.98128712058664,187.92234844179816,2340700
COST,2019-01-11,190.0530548095703,190.72114805084928,188.96967116163532,189.6287273662671,1861100
COST,2019-01-14,188.6897430419922,190.1793933977266,187.931376089108,189.11407036047973,1523100
COST,2019-01-15,190.52247619628906,190.80234873962286,188.76197650760332,189.62867768851004,1681900
COST,2019-01-16,189.75509643554688,190.91072111772357,189.14118416861012,190.91072111772357,1455000
COST,2019-01-17,190.91073608398438,191.0822606830971,189.27661677859925,189.4752387101716,1517100
COST,2019-01-18,192.83375549316406,193.34837066649752,191.19062655003992,191.9038498975341,2115400
COST,2019-01-22,191.75933837890625,194.6122584774649,190.31483181292865,192.3010369511272,3310800
COST,2019-01-23,191.47946166992188,193.97125851678328,189.59256751847005,192.3010327687339,2220200
COST,2019-01-24,189.8724822998047,191.75035361089374,188.59950004273472,191.75035361089374,1994400
COST,2019-01-25,188.75289916992188,191.68706906905493,188.4549664193559,191.42524311736227,2252300
COST,2019-01-28,190.2877960205078,190.30584254173542,187.1640258518322,188.40088757847272,1999400
COST,2019-01-29,189.8724822998047,190.08012749125132,188.30158092177507,189.8815193359348,1636500
COST,2019-01-30,190.81137084960938,191.5516774763989,188.9786439098668,190.025906606887,1589800
COST,2019-01-31,193.77264404296875,193.99834948912567,189.33978577421425,190.62179105526963,4341100
COST,2019-02-01,189.83633422851562,194.1066772712116,189.02378638366076,193.20385551646177,3453700
COST,2019-02-04,190.65789794921875,190.66693498368798,187.6966435964125,190.22454734967732,1630300
COST,2019-02-05,191.0460968017578,191.8676678391372,189.2675369849983,190.93776260815721,2074500
COST,2019-02-06,191.03707885742188,191.63293071476258,190.0259091771531,191.63293071476258,1618800
COST,2019-02-07,189.24465942382812,190.19518545598842,186.72803701528196,190.16802875334173,2526600
COST,2019-02-08,188.06788635253906,188.7377841575385,186.25736518428357,188.14030885685094,2013700
COST,2019-02-11,188.94595336914062,189.12700268801532,187.17163689254212,188.88257851028678,2376600
COST,2019-02-12,191.8246612548828,192.5941380720984,189.43477450066328,190.15898553807028,2091200
COST,2019-02-13,192.6394500732422,193.28217733593723,191.281559232237,192.12344492333384,1703000
COST,2019-02-14,193.58087158203125,194.22361251381807,191.13667137879295,191.91519583896869,1411100
COST,2019-02-15,195.9617156982422,196.66781769007295,193.7619257904792,194.76676536549644,2635500
COST,2019-02-19,197.455322265625,198.79511711618457,195.99785299879312,196.14269792531402,1938100
COST,2019-02-20,196.54104614257812,198.31536224458623,194.68525993625286,197.55493316476864,1785600
COST,2019-02-21,194.8391876220703,196.18803056033815,194.02445880574948,196.0794037350093,1615300
COST,2019-02-22,195.7987823486328,196.07036325416894,193.95205705470863,194.7848950353551,1542500
COST,2019-02-25,196.4867706298828,198.33349574973136,196.03414043438121,196.77644677215162,1794000
COST,2019-02-26,196.99368286132812,198.170523944819,195.65390156373513,196.34189437856932,1884100
COST,2019-02-27,197.39202880859375,198.1252875069799,195.943606673951,195.9979200866941,1482700
COST,2019-02-28,198.01663208007812,198.87662655504008,196.91221346989954,197.7903170175526,2055600
COST,2019-03-01,198.65032958984375,199.67327818586728,195.32802582688342,198.94000571341525,2178200
COST,2019-03-04,197.71795654296875,200.1350005111289,195.41858705126467,199.5465728761305,2444700
COST,2019-03-05,198.99435424804688,200.61476433909453,198.16150249728923,198.17056394201833,2160200
COST,2019-03-06,198.46022033691406,200.88632522933273,197.55495999752347,199.60990483562958,1985300
COST,2019-03-07,196.2514190673828,198.60510190884742,195.73542776168597,197.46447864374454,3279100
COST,2019-03-08,206.23641967773438,207.03303939320065,202.57011249563624,204.118099959586,6782700
COST,2019-03-11,207.9292755126953,208.12843391726878,205.54843610277123,205.97390962043474,3748400
COST,2019-03-12,210.88943481445312,211.28773772307946,208.11932683460805,208.49954829681886,2647100
COST,2019-03-13,213.98545837402344,214.95407982189525,210.88040801043857,212.0572492963838,2421200
COST,2019-03-14,211.68606567382812,213.98543457595332,211.17912211488976,213.75911950048612,2300300
COST,2019-03-15,211.46881103515625,213.32458359461236,211.08858955458646,211.98480222191364,5075400
COST,2019-03-18,214.17555236816406,214.25702248810654,211.36925344689718,211.45072356683966,1735400
COST,2019-03-19,214.59193420410156,215.49719440845283,213.90392760836292,215.01740760520062,1852300
COST,2019-03-20,214.52859497070312,215.89554694661595,213.44228530779174,214.57386075106962,1499500
COST,2019-03-21,216.84608459472656,217.1267269405053,214.1393646587107,214.257039125595,1617000
COST,2019-03-22,215.05364990234375,217.57027260968485,214.45617474682845,217.03617230998645,1873600
COST,2019-03-25,214.51954650878906,215.52438605105385,213.45133211162138,214.4833283593655,1357100
COST,2019-03-26,216.4206085205078,217.48880915261802,214.87260717257044,215.45197327085572,1193000
COST,2019-03-27,216.7283935546875,217.45260463022393,215.59681806577976,216.09471404353462,1351200
COST,2019-03-28,218.36688232421875,219.02771845026973,216.882256041494,217.2443546223828,1396700
COST,2019-03-29,219.19976806640625,219.4713489680759,217.95956565170167,218.7652469116419,1968000
COST,2019-04-01,221.0555419921875,221.25470038767972,219.5980721778186,220.04165475199267,1610200
COST,2019-04-02,217.7151336669922,221.05554686766698,217.54313197498462,220.88354517565944,1574300
COST,2019-04-03,219.50753784179688,220.47617309975797,218.18586539367308,218.7923882038638,1663600
COST,2019-04-04,221.24566650390625,221.57156084501977,218.3941013790474,219.2269394034088,1319700
COST,2019-04-05,222.5763702392578,223.68078903286514,220.8925853418874,221.7525937728601,1616200
COST,2019-04-08,223.16473388671875,223.44536232039607,221.96978386995573,222.68494711691426,1244200
COST,2019-04-09,221.70730590820312,222.40434640163934,220.89256334103675,221.88835520762584,1450200
COST,2019-04-10,222.34100341796875,223.30057721468978,221.52627459781846,222.04226583373304,1556600
COST,2019-04-11,218.38497924804688,221.04643267718623,218.09528934891148,220.53948916687398,2719800
COST,2019-04-12,219.02774047851562,219.72479482066552,218.07721434161613,218.62942371157285,2187600
COST,2019-04-15,222.9927978515625,223.37300556515592,219.036814290747,219.40796055983117,1859700
COST,2019-04-16,222.09658813476562,223.43638350189661,221.1098575920966,223.28247707489524,1360500
COST,2019-04-17,222.2957000732422,223.11044256889681,221.17318622744122,222.96559761680157,1363000
COST,2019-04-18,222.52198791503906,223.8255646981105,221.51714862918593,223.40913896506197,1365000
COST,2019-04-22,220.35848999023438,222.48585750454652,219.57996547576033,221.96080480286145,1300000
COST,2019-04-23,222.31378173828125,223.17377608891587,219.26305955668886,221.47188264454653,1524600
COST,2019-04-24,224.4683380126953,225.13822175829245,222.33192326688567,222.40433193140274,1156400
COST,2019-04-25,222.33193969726562,223.73508214007393,220.82920425374212,222.8841490439495,1278200
COST,2019-04-26,220.72056579589844,222.5944473730863,219.1272988792976,222.35002323234858,1842900
COST,2019-04-29,221.13694763183594,222.46768115314669,220.42179819341266,221.78873604281156,1429700
COST,2019-04-30,222.2685546875,222.5039173867564,219.99635636517007,221.58056184978284,1427600
COST,2019-05-01,218.7018585205078,222.20522569029728,218.66565418200798,222.0965850484426,1350400
COST,2019-05-02,219.6976776123047,219.8787269535068,217.64273236605342,218.85577814660485,1237600
COST,2019-05-03,221.4447784423828,221.68015496961272,219.72478933336782,220.22268527961208,905900
COST,2019-05-06,221.0917510986328,221.63491288226618,219.12733762180432,219.8425010973608,1194900
COST,2019-05-07,217.42543029785156,219.74290846156705,215.6511276977356,218.8195390111198,1775200
COST,2019-05-08,218.47552490234375,220.02352614568352,215.62396038582622,216.8641626187049,1611900
COST,2019-05-09,220.9989776611328,221.53452038444124,217.99447578064462,218.44832836320734,1919300
COST,2019-05-10,224.22128295898438,225.61007043888918,217.87642030632702,220.51784506241205,2036500
COST,2019-05-13,219.59205627441406,222.32424413872283,218.45742469198768,221.58900508938785,1962800
COST,2019-05-14,220.32725524902344,222.46943984102765,219.4921682183073,219.92786278857645,1635100
COST,2019-05-15,222.0881805419922,222.75080131342258,218.96567312796756,219.76445795959594,1194800
COST,2019-05-16,224.6025390625,226.6811775260738,222.57836068567346,222.9595951433843,1800600
COST,2019-05-17,225.4285430908203,226.97163882620492,222.92326841761596,223.1865106248192,1672000
COST,2019-05-20,225.92779541015625,226.8718164769452,224.33931147418554,224.33931147418554,1600500
COST,2019-05-21,226.8627166748047,227.67965953072832,225.20162862043438,226.11840573547502,1504200
COST,2019-05-22,226.4814910888672,227.84304871827106,226.1456446391013,227.84304871827106,1242300
COST,2019-05-23,225.5919189453125,226.8536283211777,224.36651167465772,225.6826949840569,1822800
COST,2019-05-24,224.47544860839844,226.52685691617893,223.99436606785488,226.1183924374788,1340200
COST,2019-05-28,223.57681274414062,227.10778458342764,223.4225045586757,225.63730693919118,3164100
COST,2019-05-29,218.47552490234375,222.17896307011392,216.8598110642624,221.59803240755073,2594900
COST,2019-05-30,219.2470703125,221.0987963591955,218.5299894216929,219.80077094355858,2030300
COST,2019-05-31,217.4679718017578,218.44829489194322,211.54065908972672,216.9233432459394,4058100
COST,2019-06-03,218.82046508789062,219.2470737229188,216.10642197696325,217.64951780622604,2512500
COST,2019-06-04,222.9414520263672,223.1320761931702,220.11848858777893,220.57234114156816,1761500
COST,2019-06-05,225.07456970214844,225.80072272438636,222.40591440893266,223.38623760953118,1825500
COST,2019-06-06,228.0245819091797,228.68720268908032,224.87484441294845,225.11084272963762,1487800
COST,2019-06-07,232.381591796875,232.91713448240856,227.85213835621383,227.97921651634857,2270200
COST,2019-06-10,233.14404296875,234.9412812031828,232.47232240853484,232.73556462403752,1839500
COST,2019-06-11,233.3800811767578,235.6584301955835,232.56315200019196,235.01396723085512,1613500
COST,2019-06-12,233.48898315429688,234.86868487668576,232.16372766909063,233.80665776534264,1071700
COST,2019-06-13,235.74002075195312,235.8852568532472,233.77937493591398,233.92461103720805,1228500
COST,2019-06-14,236.1394805908203,237.0925875840192,235.0139351103176,236.00333036349528,1287800
COST,2019-06-17,237.3013458251953,238.04567068108494,236.39364069390425,237.0290453661929,1191900
COST,2019-06-18,238.49041748046875,239.81568680653837,237.8640987759323,239.2801164468078,2763200
COST,2019-06-19,239.32553100585938,239.72492346763138,236.85657201534218,238.10012357546626,1628400
COST,2019-06-20,242.67494201660156,243.0743344404569,240.13335134652584,240.54182968486478,1745100
COST,2019-06-21,241.5675506591797,244.11819964701806,241.44045865505055,242.14846748973594,2964000
COST,2019-06-24,242.1484375,243.23769451120995,241.92151126441098,242.63860592514013,1586100
COST,2019-06-25,241.77633666992188,242.42988550275317,240.86863149659862,242.09403902077773,1182400
COST,2019-06-26,240.00631713867188,242.1938898296535,239.94277113123735,241.85804336315996,1334400
COST,2019-06-27,241.06829833984375,241.8852550569619,238.71734555179611,240.4510655454986,1122900
COST,2019-06-28,239.87017822265625,241.80359467605192,239.05322140502278,240.99572377446972,1952500
COST,2019-07-01,239.22567749023438,242.357271289529,237.67350946408777,241.83987271382597,1955800
COST,2019-07-02,240.968505859375,241.05928192156722,237.51923710379052,239.56157384877304,1201300
COST,2019-07-03,244.29978942871094,244.31793356026012,240.66896864945483,240.66896864945483,986500
COST,2019-07-05,243.49188232421875,243.81864284933002,241.6946163332265,243.44650815160665,1081500
COST,2019-07-08,244.53575134277344,244.79899358121068,242.67496694576357,243.5645002258538,1236000
COST,2019-07-09,245.05311584472656,245.78835466630863,243.7097024949313,244.49940139952258,1400300
COST,2019-07-10,246.36932373046875,246.46915799229237,244.4812816612753,245.1257445084801,1257000
COST,2019-07-11,251.0167694091797,251.2255238479916,246.72331442845078,247.1953110955044,1985600
COST,2019-07-12,253.64910888671875,254.15742151366925,250.53568712140685,250.9804537447484,2046400
COST,2019-07-15,254.68385314941406,254.7928010166952,253.15891541897275,254.1029363620374,1568000
COST,2019-07-16,254.74749755859375,255.40104650996452,253.95779834672257,255.06519996707388,1379200
COST,2019-07-17,255.57345581054688,256.7444031919561,254.35713425273426,255.1105173269976,1716600
COST,2019-07-18,256.79888916015625,256.9350394040479,253.42222460681677,256.1544262050922,1696100
COST,2019-07-19,255.528076171875,258.06963941730885,255.38284002914136,256.94409393732553,1607600
COST,2019-07-22,254.3116455078125,256.26320513033335,253.5400909498066,255.2647243906169,1459100
COST,2019-07-23,254.24815368652344,256.0453916998958,253.26781686017867,255.83663729686288,1117800
COST,2019-07-24,254.9107666015625,255.28292895179234,253.25876466031525,254.00306165981846,1257100
COST,2019-07-25,253.9758758544922,255.91837806460848,253.55833926483552,255.24668515503544,1600200
COST,2019-07-26,255.40097045898438,255.7640469458615,253.35863405672023,253.9758668545074,1447700
COST,2019-07-29,254.27549743652344,255.33749715553486,253.73995461823225,255.07428255565884,1257400
COST,2019-07-30,253.70355224609375,254.67480326249316,253.34047577949323,254.4024751368237,978200
COST,2019-07-31,250.19078063964844,253.90329146380643,247.4676651274673,253.26788676391212,1886900
COST,2019-08-01,249.2285614013672,255.0015517405195,248.99254924378107,250.2996466226377,2634300
COST,2019-08-02,247.3496856689453,249.56448874018676,245.53427513192554,248.98354407187654,1969200
COST,2019-08-05,240.63262939453125,245.57960560687076,238.46320089244213,245.1620690139397,3329800
COST,2019-08-06,244.45407104492188,245.28917196900372,239.67953310500258,241.87619175026632,2383000
COST,2019-08-07,248.98353576660156,249.49184848393415,239.26202042140915,243.42838414077733,3037500
COST,2019-08-08,249.4373779296875,249.4736938939648,245.9881092493808,247.83983561402255,2046700
COST,2019-08-09,248.65672302246094,250.04551063762386,246.81408288337602,249.23763984858206,1284300
COST,2019-08-12,246.26947021484375,249.60076014393792,244.4449740865718,248.73842921242593,1638600
COST,2019-08-13,250.76263427734375,252.4872685267869,245.0894770745946,246.15147659041003,1724600
COST,2019-08-14,243.4010772705078,249.94562221632884,243.26492706793726,248.71115677841348,2122100
COST,2019-08-15,246.46011352539062,247.7762971863296,243.96392414847998,245.56149421401165,1623200
COST,2019-08-16,248.802001953125,250.59018231301866,248.20291319437763,248.802001953125,1230800
COST,2019-08-19,250.1725616455078,251.77921722342728,249.21039656199997,250.8987422657692,1313400
COST,2019-08-20,247.77627563476562,250.85338168542708,247.6673554490378,250.7807774619295,1390600
COST,2019-08-21,250.2361297607422,251.01677053390003,249.3465965111185,249.9910593615325,1682300
COST,2019-08-22,254.08486938476562,255.05609296335479,251.3163517122823,251.44344374555482,2345500
COST,2019-08-23,248.72024536132812,254.27539529347473,247.53115407785688,252.5325895789988,1984300
COST,2019-08-26,252.75962829589844,252.82317431970984,250.24529440606074,250.2997545119078,1426400
COST,2019-08-27,265.3948059082031,266.3569710413452,254.46602939288238,255.06511804764324,5169000
COST,2019-08-28,267.3100280761719,272.26611716309014,265.4310998387138,266.63833526186113,5162100
COST,2019-08-29,269.79364013671875,270.8489107400953,266.32763519738154,270.62148244873595,2613100
COST,2019-08-30,268.1469421386719,271.3491210608681,266.3911754118098,271.09440259844604,1801000
COST,2019-09-03,265.68157958984375,267.45553043743223,264.23513974649643,266.1546479557223,1842900
COST,2019-09-04,269.38427734375,269.5480190622831,267.2464456998638,267.4556897372636,1375700
COST,2019-09-05,270.1575012207031,272.650106238197,269.89367664749136,271.4856745772246,1865300
COST,2019-09-06,276.3343811035156,277.13493284450254,271.35825075928517,272.18609277497694,3018100
COST,2019-09-09,272.004150390625,279.5911524580125,271.2854694439266,277.0075712172084,3397200
COST,2019-09-10,270.1846923828125,271.32183334401964,267.9831752665341,270.5303876769763,2725000
COST,2019-09-11,264.4444885253906,269.038528319519,261.82451050141475,267.72853930753104,4754700
COST,2019-09-12,263.71673583984375,266.31850190059794,262.6159630336111,264.1260900650115,2942600
COST,2019-09-13,265.5451965332031,267.51928579047035,263.6802961469167,263.9987012222482,2306300
COST,2019-09-16,262.6251220703125,265.07225294969635,262.30671687829414,264.335387433387,1508900
COST,2019-09-17,265.0994567871094,265.44515215358297,262.62503642745435,263.4164822600458,1758900
COST,2019-09-18,266.0273742675781,267.064460445967,262.7251115320873,264.4535884960687,1666000
COST,2019-09-19,261.84271240234375,263.5984798050628,259.0044119392983,263.35283949737254,3004700
COST,2019-09-20,260.50543212890625,263.28007376403076,260.30532189701427,262.6796597816324,3409500
COST,2019-09-23,261.6061706542969,262.1156077066606,259.95048635299617,260.5053979498706,2025400
COST,2019-09-24,261.9155578613281,266.2002997035277,260.54188190318433,263.18004490388216,2483200
COST,2019-09-25,262.4612731933594,263.52562172138283,260.96933073689365,262.2338449722323,1827800
COST,2019-09-26,262.2338562011719,263.64390012764443,260.72372941675616,263.2982047747711,1877300
COST,2019-09-27,260.1324768066406,263.3892375488074,258.7224048185119,263.3892375488074,1538100
COST,2019-09-30,262.0974426269531,262.56140521791286,260.6965043631301,261.72448466579027,2151500
COST,2019-10-01,258.2948303222656,262.61596748874933,257.61254550650506,262.03376554899853,2648900
COST,2019-10-02,259.3682556152344,259.98688154382836,256.739199527099,257.658018525113,2480600
COST,2019-10-03,262.9070129394531,264.59906551000824,256.17514342009366,259.6229628857006,3590200
COST,2019-10-04,265.33599853515625,265.5907170604522,257.7398895583934,261.86088826971815,4513300
COST,2019-10-07,266.9189147949219,268.99305948088323,264.2716464337723,264.7628992642536,1988700
COST,2019-10-08,265.5361633300781,268.892979042425,264.22617427842283,266.50045697056885,2201100
COST,2019-10-09,270.0938720703125,271.613105490248,266.64605090452824,266.64605090452824,2235500
COST,2019-10-10,270.3121337890625,272.4408588747841,269.51158190816125,271.6675972733573,1637500
COST,2019-10-11,270.7305603027344,273.6052563526531,270.51221033187466,271.158126469449,1855500
COST,2019-10-14,270.6578369140625,273.22323457015,270.6396526461065,271.0945092051756,1297600
COST,2019-10-15,271.44921875,272.58635976270205,270.3939485587447,271.38553219035305,1580700
COST,2019-10-16,271.8040771484375,271.9769248572981,268.43812759532517,270.00283522768825,1811100
COST,2019-10-17,275.09710693359375,275.28813882161865,271.86763804732925,271.86763804732925,1734600
COST,2019-10-18,275.515625,276.5527109920924,273.8053881338776,274.73328526188124,1853900
COST,2019-10-21,273.8963317871094,276.10695510484015,273.0685175270205,275.6429926689087,1322900
COST,2019-10-22,272.8866271972656,277.3533216447995,272.86844293050655,274.3785421764504,1955600
COST,2019-10-23,270.4759521484375,272.9594515714232,270.3485789666201,272.53188523027893,1798700
COST,2019-10-24,270.23016357421875,271.3491202606105,267.9649876914232,268.41073805878966,2056700
COST,2019-10-25,269.7298889160156,270.41217362659575,268.4653745932005,268.8383602331193,1686200
COST,2019-10-28,271.9495544433594,272.08600581482193,268.5563156077519,269.0020937708392,1672600
COST,2019-10-29,269.1476745605469,271.94960614434365,269.10220001549146,271.28550566066247,1295300
COST,2019-10-30,272.7684326171875,273.14141840176194,269.24784658715754,270.1120853272991,1264300
COST,2019-10-31,270.8719482421875,273.16029689703754,268.5380262591515,272.011559672285,2277400
COST,2019-11-01,269.9420471191406,272.0662984982289,269.40415383935135,271.6742510040215,1364500
COST,2019-11-04,270.6076354980469,271.88399500445144,269.10335365755043,270.9176065337058,1651600
COST,2019-11-05,272.7591857910156,273.22415621625424,269.6867974402348,270.8537585786852,2204500
COST,2019-11-06,274.9381408691406,275.0110637690945,271.6195785589905,273.47943246712464,1675000
COST,2019-11-07,278.2566223144531,279.97972806761607,275.76772887883106,277.08966137980036,2399400
COST,2019-11-08,275.8953552246094,277.41788828689505,274.67369515056555,276.0047534666814,1501600
COST,2019-11-11,274.27264404296875,275.63105238678895,273.23333256329886,274.9199357462085,1160900
COST,2019-11-12,273.962646484375,275.99572372731575,272.2851414386177,274.2634917244489,1540800
COST,2019-11-13,276.15069580078125,277.1535596403057,273.0691813768566,273.67089968057127,1517900
COST,2019-11-14,277.6915283203125,278.87674147846127,275.5764017983569,277.50920709621454,1336400
COST,2019-11-15,276.84356689453125,278.4663726812189,274.9654892253045,278.3478486245849,1706100
COST,2019-11-18,277.6459045410156,279.3234097398455,276.0139726842932,276.3421675215943,1241300
COST,2019-11-19,275.5489807128906,277.7370574146803,274.8287661573934,277.6094075506371,1761400
COST,2019-11-20,274.0265197753906,276.3969180406195,271.69259688048834,275.731374689298,1979500
COST,2019-11-21,273.7529602050781,275.2116687780606,273.0691931698568,274.1358819867249,1302500
COST,2019-11-22,272.87774658203125,275.27549410725754,270.98144491021816,275.27549410725754,1277300
COST,2019-11-25,272.6407165527344,274.0812014519974,271.27318238947527,273.7712303803651,1613000
COST,2019-11-26,274.6373291015625,274.73762941174397,272.4310561482284,272.83220174384456,3359100
COST,2019-11-27,274.1997375488281,276.05046608465113,274.0265143214189,275.1661261740822,1906500
COST,2019-11-29,273.33355712890625,274.31819711866945,273.19680930325814,274.2543721925175,981600
COST,2019-12-02,271.1273193359375,273.6891642798664,268.28282508614427,273.27889292793463,2705500
COST,2019-12-03,269.5592346191406,270.03330312176206,266.85151581266,269.06691452090206,1921400
COST,2019-12-04,270.3341064453125,270.9176009634149,269.08509653177765,269.8965133792857,1742000
COST,2019-12-05,267.2161865234375,270.890293937538,266.66916728244985,270.890293937538,1941100
COST,2019-12-06,268.9028015136719,269.8509384639735,268.2737335975289,268.9301510829584,1462000
COST,2019-12-09,269.09429931640625,270.9450280477739,268.5381542058167,268.948425645146,1960000
COST,2019-12-10,269.6594543457031,270.48909492988645,268.5380665142698,269.88737666588924,1565900
COST,2019-12-11,269.2218322753906,270.17912270943674,267.17053140285446,269.860025898088,1749800
COST,2019-12-12,271.0817565917969,271.4646784293723,268.14611524557176,269.19455262153303,2742700
COST,2019-12-13,266.09478759765625,268.94837994495185,263.56941791056346,268.62018510730223,5195600
COST,2019-12-16,267.5809020996094,268.45611634001045,266.9883094141561,267.1524068675015,2410000
COST,2019-12-17,269.4498291015625,270.1335962481466,266.8971095500043,267.58087669658846,2474100
COST,2019-12-18,266.09478759765625,270.18826420614374,266.04921425550043,269.8509435710416,3309800
COST,2019-12-19,267.77227783203125,267.86345233380024,265.75745210892984,266.26799593177407,2333600
COST,2019-12-20,268.79339599609375,268.96661922235677,266.9244436991145,267.89995811595264,4866500
COST,2019-12-23,267.4075622558594,269.230940691519,267.1522903877689,268.8662705688964,1309800
COST,2019-12-24,268.2463684082031,268.4469411788092,267.45317529997607,267.9546211377668,543600
COST,2019-12-26,269.6139221191406,269.6139221191406,267.9455149003662,268.48340831931307,1101800
COST,2019-12-27,268.1370544433594,270.1336571876032,267.28918966773875,270.060734250775,1439100
COST,2019-12-30,269.07598876953125,269.5044560235791,267.7266786124169,268.2189986163375,1238900
COST,2019-12-31,267.9637756347656,269.3586593816588,266.37741707095574,268.9483879997562,1550700
COST,2020-01-02,265.7483215332031,268.56543830513044,265.3016026518854,268.09136985602896,2103600
COST,2020-01-03,265.967041015625,267.0337015611103,263.7789651655769,264.43538235608327,1926000
COST,2020-01-06,266.04010009765625,266.2771482613654,263.1318084835107,264.89136247051727,2655100
COST,2020-01-07,265.6206970214844,265.9306680610016,263.73349339430064,265.59334745395495,1963400
COST,2020-01-08,268.66571044921875,269.38595275545237,264.8457302212563,265.2924490557635,2492800
COST,2020-01-09,272.97808837890625,275.29375972796277,271.4190792671313,272.1848951253889,3261200
COST,2020-01-10,270.99066162109375,273.7530805448238,270.46189379000316,273.5069343200588,2024200
COST,2020-01-13,273.3882751464844,274.09939171153115,270.5893822238122,270.69880831443896,1778600
COST,2020-01-14,273.2789306640625,274.4185425517358,272.2122416952757,272.82308590899316,1459900
COST,2020-01-15,274.25445556640625,274.4550283791808,271.7199597445589,272.00258127766523,1604000
COST,2020-01-16,276.2692565917969,277.2082956248731,274.40030432348294,274.7741003416566,1758600
COST,2020-01-17,277.7735290527344,278.33877204812825,276.26924705667415,276.6065676944057,2506500
COST,2020-01-21,285.5957946777344,285.6687175787036,278.75812503172506,279.1592705434282,3585900
COST,2020-01-22,284.34674072265625,285.8692460138267,282.8150818142789,285.72337241195527,2218900
COST,2020-01-23,285.24945068359375,285.7235192664262,283.2893235793547,284.4653831483627,1535900
COST,2020-01-24,283.0886535644531,286.5257122107709,281.8031683122103,286.28866408945606,1986100
COST,2020-01-27,282.1222839355469,284.2373821082658,278.65784766966254,279.1136923502354,2265100
COST,2020-01-28,283.3987121582031,284.1827518439755,281.8032553895399,283.0887410389984,1571700
COST,2020-01-29,282.2407531738281,284.4197038932863,282.06755780853075,283.40771433152554,1713700
COST,2020-01-30,282.1405944824219,282.2955939634112,279.5878746151145,281.5662255566378,1232600
COST,2020-01-31,278.5393371582031,281.87612372111084,277.66412311921914,281.3017549440251,1837000
COST,2020-02-03,275.3302001953125,281.3291042357905,275.029354933711,279.8886472184137,2816800
COST,2020-02-04,277.9740905761719,278.89490576703076,276.02308974137014,277.6732453181722,1982300
COST,2020-02-05,281.6663818359375,282.2498484404016,278.4298685701183,279.888576815097,1731800
COST,2020-02-06,283.7768249511719,284.9005770158719,281.25527643412926,282.62569354079426,1917900
COST,2020-02-07,286.5360412597656,286.7004846738879,282.41564358044303,283.2196263355515,1903500
COST,2020-02-10,286.6822204589844,289.5600917107298,285.59502031569133,286.6548132234903,2336300
COST,2020-02-11,283.8408508300781,287.266894398077,283.6490001970101,286.90145532706657,2047500
COST,2020-02-12,287.8972473144531,288.22616194799315,283.9230317698715,283.9230317698715,1384600
COST,2020-02-13,290.711181640625,291.2502090635411,286.45374883392844,287.65057763215407,1438000
COST,2020-02-14,290.8116455078125,292.18206262197,289.56914737395607,291.32326566660134,1113400
COST,2020-02-18,294.22857666015625,295.53506231369283,291.0857508243947,291.4420726975076,1547100
COST,2020-02-19,295.11480712890625,296.4943695581723,293.93626824683116,294.2560099998389,1413600
COST,2020-02-20,296.083251953125,296.98774644795554,293.27848537082286,294.4753144046102,1427500
COST,2020-02-21,294.1372985839844,297.16135108682533,293.2967635504874,294.69458833916855,2239000
COST,2020-02-24,286.5268249511719,292.35567059464614,286.1979382047334,288.24441897690895,2300400
COST,2020-02-25,278.53277587890625,289.22204320607915,278.1033772933925,287.7876662415741,2881800
COST,2020-02-26,279.2818908691406,284.40723780302625,278.3591343678248,280.9811948104687,2236000
COST,2020-02-27,267.8069763183594,278.65154169309307,267.68820234779105,275.89244466176234,3625300
COST,2020-02-28,256.8527526855469,262.507982268108,247.8445287204208,260.607682599619,7091800
COST,2020-03-02,282.4339294433594,282.771961305527,266.2081770095883,269.00382653281025,7563800
COST,2020-03-03,276.5776062011719,287.029323491674,275.0244555729882,282.4338589817626,5131400
COST,2020-03-04,293.0317077636719,293.241848420217,278.6697356242341,281.65726270797114,4219300
COST,2020-03-05,288.4820251464844,296.4761271288898,286.1431815398435,288.49114230380945,6407700
COST,2020-03-06,284.4437561035156,290.06246036415035,276.59583790474585,285.1746619167109,6185500
COST,2020-03-09,275.8923645019531,283.52099694160876,267.6881245717024,270.29192248592767,5203100
COST,2020-03-10,282.6714782714844,282.97298577142374,268.98559169387755,281.36502012166386,4245500
COST,2020-03-11,271.7354431152344,281.20047210425946,268.7753509802538,274.86912365380545,3622700
COST,2020-03-12,255.6741943359375,270.0909832818932,252.46740891744625,256.21322179729674,7307600
COST,2020-03-13,276.1573181152344,277.0526673577806,254.2306436994496,263.8783782118982,6100100
COST,2020-03-16,258.7165222167969,273.65407722326233,255.363583309853,257.4831409995267,5465500
COST,2020-03-17,280.4696044921875,280.6523379570696,261.5669790441939,264.0337414140418,7170600
COST,2020-03-18,280.9355773925781,290.52849954744664,270.4290436039126,272.2562668715066,6701800
COST,2020-03-19,278.8525085449219,286.7369804035897,276.4862580598473,283.5941545522355,5429500
COST,2020-03-20,265.3310852050781,281.40150942275073,262.2247835530005,281.31928772695517,6581200
COST,2020-03-23,260.863525390625,270.1275606233943,254.36776013928994,266.7837387401517,5646400
COST,2020-03-24,260.3245544433594,271.66248048497727,258.39681900328054,269.1409029376359,7124200
COST,2020-03-25,256.596923828125,265.605148113799,255.08947036285792,259.6575280644015,5639600
COST,2020-03-26,267.0486145019531,268.35510005939614,256.5968973296612,257.03544086095764,5463100
COST,2020-03-27,259.7671813964844,268.13586723779594,258.8535697703309,262.32531067844263,4250400
COST,2020-03-30,265.9706115722656,266.4822318513131,261.1467433118079,262.6541969154733,4396000
COST,2020-03-31,260.498046875,266.336009759107,259.4656614371614,262.59022497994687,5618600
COST,2020-04-01,262.00555419921875,263.85103973955006,256.63351310648886,257.9673783409617,3745800
COST,2020-04-02,266.2995300292969,267.48721400508634,258.38764990596354,259.8128818293967,3500600
COST,2020-04-03,263.7139892578125,267.0852183753274,261.1101905574503,264.179940107275,2650100
COST,2020-04-06,278.7611389160156,279.0991707130499,264.55449111624336,267.68817189782294,5272500
COST,2020-04-07,277.3998718261719,283.2195727800455,277.0252877551368,280.02193244220626,4036500
COST,2020-04-08,279.5377197265625,280.86246759175214,276.1664909651124,278.7519993159696,3964400
COST,2020-04-09,274.0926513671875,278.0577227463246,271.8725537762039,273.5810310525386,6487600
COST,2020-04-13,273.7362976074219,277.6922513690762,271.94562671429463,272.78613375585496,3120400
COST,2020-04-14,287.001953125,287.5592428019359,275.2254865578497,276.59590391830375,4288300
COST,2020-04-15,283.46624755859375,286.6456258120079,280.31430441783436,284.7179188110428,2937300
COST,2020-04-16,293.7808837890625,294.7584546926463,285.0833131729007,287.5409301048297,3940000
COST,2020-04-17,290.45538330078125,294.3016799481475,286.89227610958704,293.55251181904026,3688000
COST,2020-04-20,285.119873046875,290.87564239506474,284.6173978595651,290.4827961299889,3156300
COST,2020-04-21,275.2986145019531,284.94638016756716,273.48968109313995,284.26117135969116,3833000
COST,2020-04-22,282.689697265625,284.25196520494734,275.9472395847861,277.73791041095956,2970600
COST,2020-04-23,279.0169677734375,282.89069978768043,278.45967809897576,280.5061590928466,2625200
COST,2020-04-24,283.7220458984375,283.9778560083517,279.1174639199818,280.78021569381866,2019400
COST,2020-04-27,282.1049499511719,286.2253466227203,281.01775006613457,286.0060609096409,2287300
COST,2020-04-28,278.6058349609375,284.37983838662836,277.9937029950524,283.9778471006283,2425900
COST,2020-04-29,280.5609130859375,282.01355182273,275.1066520758794,278.60579924666183,3667700
COST,2020-04-30,277.456787109375,281.9437064604447,277.06304326019074,280.3412332675687,3794300
COST,2020-05-01,276.46783447265625,279.1233557925003,274.8744993248188,276.3396232083267,2525400
COST,2020-05-04,278.8211975097656,279.77353235562475,274.77382331847,277.4568148543407,2477500
COST,2020-05-05,281.96197509765625,283.68346529653496,277.85963458362943,279.3430621069202,2460900
COST,2020-05-06,282.85028076171875,284.8190280452744,280.6983824981,283.7934496247198,2406700
COST,2020-05-07,279.28814697265625,283.74759586460766,278.85776739886916,283.26227659586147,2601800
COST,2020-05-08,280.1488342285156,281.28429155950465,278.0976782899796,280.1121984596407,2337400
COST,2020-05-11,284.1688232421875,285.54237157237446,279.2881604713512,279.8742211724555,1865900
COST,2020-05-12,279.1416320800781,285.28596349496826,279.09585831587066,284.63582514070276,2264900
COST,2020-05-13,276.66925048828125,280.57010839690406,274.8195210165563,279.14162049601515,2954900
COST,2020-05-14,274.4715881347656,277.3468961864179,269.7099704692019,275.63454365975844,3718900
COST,2020-05-15,273.986328125,274.5540571128842,270.9187304587757,273.8581447785034,4577200
COST,2020-05-18,277.2369384765625,277.63068219817626,274.6363576052283,276.28460403448474,3987300
COST,2020-05-19,278.9493713378906,282.96927513547496,277.59412685247554,278.94020540615844,3523000
COST,2020-05-20,279.2057189941406,281.96198127054015,277.63988190137667,280.90890531523314,2827000
COST,2020-05-21,276.5135498046875,279.3247516449845,275.854245593688,279.0958269598445,2492100
COST,2020-05-22,276.9347839355469,278.31749807869153,275.46966025303016,276.55020608514354,2366400
COST,2020-05-26,279.1050720214844,281.0280457033777,277.9421442349907,280.2130880429784,3234600
COST,2020-05-27,280.21295166015625,280.4876500760485,274.22427468956045,278.8851774452321,2980200
COST,2020-05-28,283.4637145996094,284.7823230900241,281.0279524699519,281.34845263475853,4301900
COST,2020-05-29,282.4656066894531,282.8410465465035,276.8615345694027,278.5555829188072,4971800
COST,2020-06-01,282.30084228515625,283.6285890200006,280.62509752684423,281.9437062745631,2293700
COST,2020-06-02,281.20196533203125,282.9692574613032,279.03176346050185,281.98948089913875,2528900
COST,2020-06-03,280.78985595703125,282.21834365871973,280.1305517912592,281.5773434063364,2165900
COST,2020-06-04,284.553466796875,288.76568782355935,283.03340308987987,284.6450422866778,4553900
COST,2020-06-05,285.73468017578125,287.19063801018325,281.3851105896121,286.7327885800602,4375600
COST,2020-06-08,281.2935791015625,285.0479506046395,280.6251087688834,284.4710557612873,3764500
COST,2020-06-09,279.79180908203125,282.58470770724557,279.44386694718895,281.5774332513472,3155800
COST,2020-06-10,281.4217529296875,282.6121783609162,279.8833853626287,280.64343115897503,2713700
COST,2020-06-11,275.46966552734375,283.13408817461965,275.29570845972296,281.1103736488423,3443000
COST,2020-06-12,273.51922607421875,279.42546620744423,271.2757529729351,277.15455120653843,4020000
COST,2020-06-15,272.12738037109375,272.9423657696412,269.06894953362206,272.0083350481678,3266800
COST,2020-06-16,275.9549865722656,277.21865543149363,273.9954056033216,275.94584858648574,2633800
COST,2020-06-17,274.3524475097656,276.5409806042605,273.7023093203353,275.64358590504816,2188400
COST,2020-06-18,274.3159484863281,275.45140627228807,272.68600542958256,274.70969233856715,1881800
COST,2020-06-19,274.6180419921875,276.4494394418785,273.46428060141915,274.87443651734793,3438000
COST,2020-06-22,275.1216735839844,276.0648420860191,273.1071253539561,274.43489958896185,2094400
COST,2020-06-23,275.89093017578125,279.1965898004516,275.37814102594274,276.2938399284991,2409600
COST,2020-06-24,272.89654541015625,275.8817324306203,271.596268767621,275.41471710179906,2398100
COST,2020-06-25,275.195068359375,275.7627973692905,270.4975271816429,272.0175911457282,2274300
COST,2020-06-26,271.5596008300781,276.6508833026227,271.0010380436397,275.08504636983776,2866000
COST,2020-06-29,276.16558837890625,276.2022241542393,271.8068532962598,272.3654440766813,1841700
COST,2020-06-30,277.64910888671875,278.9402479366985,274.83793396277844,275.6345876873596,2391700
COST,2020-07-01,279.0592956542969,279.81931359772256,275.39649932085246,276.9989727167344,1906100
COST,2020-07-02,279.9657287597656,282.87767204242004,278.92184670911877,280.2038193787326,2540500
COST,2020-07-06,285.2309875488281,285.29509316649995,281.339267958833,281.60482841425375,2332400
COST,2020-07-07,289.57147216796875,291.2380229218542,283.61026340799,283.88496189903907,3346600
COST,2020-07-08,289.6539001464844,291.2380414538569,287.5386377960706,290.40477999634857,2364500
COST,2020-07-09,298.0966491699219,301.24665584806587,292.73063869863955,293.02366907449357,5313600
COST,2020-07-10,298.7284240722656,299.79977599934847,295.8714203952567,298.51780329198436,2484100
COST,2020-07-13,295.6974792480469,301.3656293111639,294.39717461030597,298.79251782776777,2583200
COST,2020-07-14,300.3492736816406,300.9536383784143,293.4357573708985,294.2324110341724,1844800
COST,2020-07-15,299.1587829589844,301.55790913385454,298.1698126923784,300.4407555778188,1770700
COST,2020-07-16,298.7650146484375,300.25760804987993,296.7413282792273,299.0855147929957,1402000
COST,2020-07-17,297.4098815917969,300.1661165380808,297.2175646843304,299.7082670449203,1768100
COST,2020-07-20,298.9847717285156,299.836364756482,295.45932637742425,297.5013444036955,1863300
COST,2020-07-21,300.1111755371094,303.54504672096874,298.97571774135275,299.433567232534,1874200
COST,2020-07-22,300.6239013671875,301.86926625206274,297.61127247054526,301.8601003217982,1312600
COST,2020-07-23,298.6184997558594,302.5285512220096,297.9042558634685,300.44075923310487,1561700
COST,2020-07-24,298.31634521484375,301.03597168903997,297.29993299014956,298.7192549106438,1423400
COST,2020-07-27,299.9830322265625,301.26500538389314,297.7670280978832,298.22487765013835,2083300
COST,2020-07-28,299.9554138183594,302.18055483353817,298.3529411790906,300.3216876897826,1374000
COST,2020-07-29,298.64605712890625,300.3858794759608,297.9592829436284,299.45184869923855,1341300
COST,2020-07-30,298.07708740234375,299.5728915306756,295.48925552406484,296.12244902630374,1390300
COST,2020-07-31,298.7286071777344,299.444387443189,295.993945135347,298.07707042450454,2149900
COST,2020-08-03,302.20660400390625,302.7296817819895,297.59989010608115,298.7469757571299,2480200
COST,2020-08-04,311.81463623046875,311.842165169574,301.8395825559735,302.4268759252275,3933300
COST,2020-08-05,311.9797058105469,314.5124793835744,309.79565068656115,313.714084405761,2923700
COST,2020-08-06,315.0447692871094,316.7057470253417,313.4847216410806,314.21887324127886,2104300
COST,2020-08-07,312.84228515625,316.34778457775326,311.66767092137604,314.88869542697324,1759000
COST,2020-08-10,312.00726318359375,312.9891751154052,310.7041617033839,312.6587999211898,1503800
COST,2020-08-11,305.0605163574219,312.7872970348388,304.48238075265436,312.7872970348388,2065600
COST,2020-08-12,309.0340881347656,310.99788438528617,305.73966120604774,306.2718966743127,1853900
COST,2020-08-13,308.0612487792969,311.51166242367657,307.5381711453173,309.2450206814447,1536500
COST,2020-08-14,308.5935363769531,310.86936414935354,307.9695285700913,308.8229534828598,1522900
COST,2020-08-17,311.9705810546875,312.34682850708725,309.5846373105788,309.85076902179236,1504700
COST,2020-08-18,312.6955871582031,314.5767966566316,309.07997049842237,312.92500431679315,1489400
COST,2020-08-19,312.83319091796875,313.7875740142285,311.9614226324125,313.03507911131175,1730100
COST,2020-08-20,312.8056640625,313.5306300350092,310.8510256332787,312.13578396583296,1717500
COST,2020-08-21,316.2376708984375,317.36641303021025,311.3923832187784,312.0714768288356,2372600
COST,2020-08-24,315.7972717285156,317.61423747179606,313.94356339807143,316.69656895336493,1461500
COST,2020-08-25,316.3294982910156,316.51304319157157,313.34707568961045,315.80644853396893,1176200
COST,2020-08-26,315.9257507324219,316.43964289483176,313.55817812739235,314.76950736951096,1757000
COST,2020-08-27,317.8436584472656,319.11004549882705,314.3473435901397,317.15540705011455,2220700
COST,2020-08-28,319.6881408691406,320.3213343151322,317.0544370020537,318.86224489763515,1487300
COST,2020-08-31,319.03662109375,320.03687635746206,315.9440828553426,318.2933118793858,1586900
COST,2020-09-01,322.4504089355469,322.5513390428251,316.97192607308733,317.24721546114085,1773700
COST,2020-09-02,329.31451416015625,330.28726856340546,322.38612798324425,324.4967543933573,2434900
COST,2020-09-03,319.6239318847656,333.7285204541845,317.0728145387556,333.17791374536506,3630400
COST,2020-09-04,318.0363464355469,324.8362726898884,312.37432004392326,324.8362726898884,2557000
COST,2020-09-08,310.9610900878906,316.5221861688415,310.3370823181525,315.5310886474775,2144300
COST,2020-09-09,317.90789794921875,320.90869192610023,312.36520026446783,312.83319216520385,2100900
COST,2020-09-10,311.575927734375,319.3485796288761,310.8693332003349,317.761003332249,1959600
COST,2020-09-11,311.20892333984375,314.9988987311764,308.4283889009879,312.26423651537937,1599600
COST,2020-09-14,314.68682861328125,316.44873608245877,312.4385300558774,312.91570749440166,1522300
COST,2020-09-15,315.59539794921875,319.1284275075555,314.5308990586147,316.6139966087923,1362500
COST,2020-09-16,315.4301452636719,320.0460158449951,314.9896543833115,318.6786709894039,1656500
COST,2020-09-17,310.9795837402344,314.65944430958126,308.6762262660514,311.6219350482946,2681500
COST,2020-09-18,308.2998352050781,313.1267794400024,303.93175312662424,312.1907678528367,3409300
COST,2020-09-21,311.6126403808594,311.65851259518286,306.23508942444306,306.4736921509608,2427400
COST,2020-09-22,316.09088134765625,316.50381531127607,311.6309985054489,312.6496249590768,2128100
COST,2020-09-23,316.25604248046875,319.57799736930565,315.7329648087971,319.348580285767,3577100
COST,2020-09-24,318.4310302734375,318.73384861402235,310.45648724607247,316.5956929231583,5779300
COST,2020-09-25,314.3748474121094,315.46687511542126,307.74928003794815,312.6863408132536,7338500
COST,2020-09-28,320.8352355957031,320.97288026073534,314.85204744714866,315.4577119783089,3459200
COST,2020-09-29,323.1478271484375,325.12080899409614,318.52276966462085,320.2204621383355,2526000
COST,2020-09-30,325.7723388671875,328.2500551817073,322.2576806038723,323.53322533992394,2525800
COST,2020-10-01,328.9474792480469,330.07622171037195,325.60718009921106,326.9286251265593,2053000
COST,2020-10-02,325.7814636230469,328.37845284077326,323.7992965429195,325.5245175944202,2125000
COST,2020-10-05,329.05755615234375,329.4246459538437,326.07513354778604,326.07513354778604,2093500
COST,2020-10-06,328.8464660644531,333.11361838490944,327.6443227398841,332.1041775766792,2760400
COST,2020-10-07,333.13201904296875,334.710410031757,330.0486662304638,330.79197549794344,1959100
COST,2020-10-08,335.0315856933594,335.8391384454586,331.9665762969971,334.76545398982216,1793100
COST,2020-10-09,339.0418395996094,339.3079713401063,335.5914246410274,335.86671402428374,1730700
COST,2020-10-12,345.4838562011719,349.3197039125501,340.24394876242513,340.45502260487723,2806900
COST,2020-10-13,349.3379821777344,350.81544278985206,345.48379189506676,347.2640707417093,1823300
COST,2020-10-14,347.1907043457031,352.2654101389026,345.6857425361663,351.3661129129057,1904400
COST,2020-10-15,345.57562255859375,347.20907151563495,342.34543922922654,345.465506809471,1697800
COST,2020-10-16,350.127197265625,353.1830206114544,347.90642749097094,349.17281432068955,2459400
COST,2020-10-19,344.63958740234375,351.54963024318744,343.85956355872503,350.57690385162266,1938100
COST,2020-10-20,347.16314697265625,350.6227469263581,345.15345083894874,346.59419701791137,1282300
COST,2020-10-21,346.7135009765625,349.8886259765197,345.97934941254266,347.3925666688895,1466500
COST,2020-10-22,344.8139343261719,347.2274069301363,341.4002064310054,346.2822095078063,1813200
COST,2020-10-23,343.75860595703125,345.5205136930238,342.80422293044114,344.68543204538474,1108000
COST,2020-10-26,340.1888427734375,341.95077841354976,335.97674820217327,336.4906402628275,2145000
COST,2020-10-27,342.03338623046875,344.04308237887483,338.4085846464438,338.4085846464438,1525400
COST,2020-10-28,334.9122619628906,341.74890296005896,334.64615828212817,337.087131658535,1908300
COST,2020-10-29,335.4639892578125,339.3531972199043,333.30334622660297,333.96533847421773,1838500
COST,2020-10-30,328.8072509765625,334.5353221524963,327.12470284623913,332.034466114681,2724100
COST,2020-11-02,335.0318908691406,336.19955958543085,331.6483592701669,333.0367107800081,1646300
COST,2020-11-03,341.9919128417969,344.6030963087591,338.24984599240327,339.2152383518697,2013100
COST,2020-11-04,345.86273193359375,350.8920258654343,343.86755223915225,343.8859307771283,2449800
COST,2020-11-05,354.1927795410156,355.43399022413837,348.9244243761317,351.6643416832176,2255800
COST,2020-11-06,354.5881042480469,355.6362420066837,350.2024242563934,351.1126528440036,1950200
COST,2020-11-09,335.5926208496094,358.1187008792407,335.37196618732935,356.9694110818105,4371300
COST,2020-11-10,337.0821533203125,341.60577107895506,331.537979516059,334.56291863431414,2662600
COST,2020-11-11,342.87457275390625,344.51116049116416,338.49806772353367,339.8955941766275,1688800
COST,2020-11-12,345.43975830078125,347.7659199326208,343.40782161703123,346.5798729599195,1535900
COST,2020-11-13,348.317626953125,349.2278556841925,344.77780802509517,346.18453790894444,1274600
COST,2020-11-16,349.19097900390625,350.560923280853,346.5430111744777,346.5430111744777,1691500
COST,2020-11-17,351.1494445800781,357.18091561631053,351.02991394332884,356.114371242255,3299100
COST,2020-11-18,351.43450927734375,356.785582281186,350.9747932697356,352.0413377744472,2134600
COST,2020-11-19,352.6389465332031,353.71466622790876,349.6691711613177,352.7032854465518,1768900
COST,2020-11-20,350.4139404296875,354.4410573213522,350.31281637184657,353.0159488591602,1807600
COST,2020-11-23,350.9563293457031,352.19756797526594,349.69671218001974,352.1424043080706,1679600
COST,2020-11-24,353.26409912109375,354.9466470254226,350.0368844164446,352.7768013731661,2061100
COST,2020-11-25,356.509765625,357.0522271495416,354.4962072572271,354.7076867229319,2034200
COST,2020-11-27,357.09814453125,359.1944479966144,356.50969468751055,359.0013471085438,1329400
COST,2020-11-30,360.2057800292969,361.4746003810272,354.19271636241245,360.1874014947904,3733800
COST,2020-12-01,365.6687927246094,366.1499947486796,359.649160415363,362.7816381677925,2996800
COST,2020-12-02,361.83819580078125,365.02728281145846,360.01721778849077,363.6969224954998,2212800
COST,2020-12-03,352.9219055175781,357.33757924346804,352.1954090630906,356.64880267148135,3976400
COST,2020-12-04,352.3369140625,354.11072744606423,350.88392122175236,354.01637015663596,2839700
COST,2020-12-07,352.2425537109375,355.2335098763806,351.60097021848594,353.1294603950095,2652900
COST,2020-12-08,356.2713928222656,358.08292612348276,349.8083070810236,352.82756764145574,2685500
COST,2020-12-09,353.14837646484375,359.47935654541254,351.7425189815067,358.42262393632967,2461600
COST,2020-12-10,351.7330627441406,353.8182234118502,350.5725286055815,353.148335637788,2566300
COST,2020-12-11,353.9125671386719,358.3187671209001,351.49717046288345,358.3187671209001,3483900
COST,2020-12-14,353.2332458496094,356.81859230185756,352.1293203317506,355.29010219543807,2778400
COST,2020-12-15,350.87445068359375,354.4692414304065,348.44016524940247,353.3464559957012,2133900
COST,2020-12-16,348.572265625,351.7802116183327,348.0155950997457,350.19511295722236,2385100
COST,2020-12-17,349.3742370605469,350.0158204595735,347.2135792793982,349.34593275746624,2314200
COST,2020-12-18,346.2701416015625,350.383854803378,345.2605732427834,350.1385603863898,4140000
COST,2020-12-21,344.354736328125,345.43977302615036,341.37322490465993,344.46795354269483,2329700
COST,2020-12-22,341.580810546875,344.1566174376192,340.24100627853136,343.533893943358,2105500
COST,2020-12-23,341.4487609863281,342.5904064211761,339.19374562968466,341.9771272434711,1782100
COST,2020-12-24,343.9868469238281,344.7039278732423,340.99591909940426,340.99591909940426,972500
COST,2020-12-28,350.1007995605469,350.695218831422,344.45856746474215,344.85485657659325,3207700
COST,2020-12-29,351.66705322265625,352.17655958959597,349.3460134525153,351.2235998427615,2072600
COST,2020-12-30,353.2992858886719,354.62961701124016,352.1953604112435,353.0634070835102,1778000
COST,2020-12-31,355.4977111816406,355.7430343858023,351.42171797334066,353.8088106487648,1628900
COST,2021-01-04,358.67730712890625,359.998222685529,353.6389392812025,356.1109445644108,3322200
COST,2021-01-05,354.5164794921875,358.73399462838836,354.05416614415174,357.46024303539775,2748400
COST,2021-01-06,349.1195373535156,354.5730548921518,348.7704412831118,352.7049129383573,2661400
COST,2021-01-07,347.13812255859375,350.6574158012714,346.0719457832479,350.0535810503862,2849500
COST,2021-01-08,349.0440673828125,349.345999202298,343.713211467523,347.32686255251724,2599700
COST,2021-01-11,343.448974609375,350.04413659426484,343.30742429538964,347.76081715799046,2562500
COST,2021-01-12,343.62823486328125,344.4490884504274,339.90133844127075,343.43952031262336,2387600
COST,2021-01-13,346.2229919433594,347.9118637992627,342.49609454851867,343.7887060559216,1968800
COST,2021-01-14,341.8827819824219,345.79836480190943,341.13739681730993,345.32660714187955,2363900
COST,2021-01-15,341.7035217285156,344.2981889343127,340.42032588305284,340.6656490874362,2340400
COST,2021-01-19,334.4478759765625,342.4488962402477,332.53254103246906,341.89219686399275,4533800
COST,2021-01-20,340.8920593261719,341.45817425323054,333.4477387358245,334.3723940764803,2767200
COST,2021-01-21,342.30731201171875,343.43009743264224,339.60887229003686,340.8920391746354,2121600
COST,2021-01-22,341.83551025390625,344.0339165681295,339.5239155281413,342.68469688153,1960300
COST,2021-01-25,341.4393005371094,341.5147690872316,336.66511571392414,340.4768965618,2735900
COST,2021-01-26,344.3642272949219,345.23224525328715,338.6087781604482,339.85422527685273,1807000
COST,2021-01-27,336.2594299316406,345.1378835223605,334.80640831453354,342.4866078459246,3120800
COST,2021-01-28,336.8915100097656,341.1844923336892,335.9574392450931,336.6933798947314,2251100
COST,2021-01-29,332.5231628417969,336.1651476674385,332.0042408310627,334.71212572605134,2598700
COST,2021-02-01,330.7209777832031,332.8627759758668,329.48497502429956,331.3720056539297,2371200
COST,2021-02-02,335.4952087402344,337.49548566730994,330.9097375057177,331.89100162925206,1905000
COST,2021-02-03,335.14599609375,337.3349580720856,333.2589658628668,336.10839993953005,1759800
COST,2021-02-04,336.4128723144531,338.80467824868634,334.5221157229437,337.22588380048734,3411600
COST,2021-02-05,335.7699890136719,337.35821747036533,334.758427412426,337.07458669910733,2165600
COST,2021-02-08,340.1754455566406,340.3739957631023,336.14815379985606,337.09353205695226,2520700
COST,2021-02-09,339.92022705078125,341.91499031195895,338.7290411331997,340.3740190314449,2154000
COST,2021-02-10,336.66815185546875,341.28160307266734,335.7227734536054,341.28160307266734,2162400
COST,2021-02-11,332.9622497558594,337.02736491726375,332.19649563871417,336.29943401041083,2088400
COST,2021-02-12,333.48211669921875,333.69956404318697,330.9768705650171,332.76362012841025,2096600
COST,2021-02-16,334.6639099121094,335.94961051995426,332.81097656818065,333.7941492033601,1829000
COST,2021-02-17,338.4833068847656,338.6062106988516,332.68813239466726,333.8225692194734,2143000
COST,2021-02-18,337.4244079589844,338.634490930081,333.03783915710056,333.03783915710056,1914900
COST,2021-02-19,335.3918762207031,338.3792753523087,335.2122520211283,337.20701539774313,1839400
COST,2021-02-22,331.0809326171875,333.9927139925431,329.76687175771303,333.4822016227185,2215600
COST,2021-02-23,323.4612121582031,331.82781672613055,323.3477713668808,330.69335111158955,3692600
COST,2021-02-24,322.09033203125,323.79200108061065,319.433821863283,323.1207907039979,3305800
COST,2021-02-25,315.661865234375,324.26481507800537,315.1419186163512,322.232257138465,3618100
COST,2021-02-26,312.9202575683594,317.5431718985772,312.86353717111274,317.1839234822421,3362200
COST,2021-03-01,313.6482238769531,317.6471854369969,313.26061521835817,316.9003283216231,4653200
COST,2021-03-02,310.5189208984375,316.40863757318385,310.4811265422499,315.46325935672945,4660100
COST,2021-03-03,306.22686767578125,310.4810688594585,306.07560372717273,310.24472434925417,4064200
COST,2021-03-04,301.613525390625,307.8152052339314,297.8320118836987,305.70700106758295,5501200
COST,2021-03-05,299.98748779296875,301.0368439930712,290.23117555377786,298.1061651147415,8102800
COST,2021-03-08,294.4096984863281,304.72374949615744,293.9370093754938,301.4905721344169,4873500
COST,2021-03-09,301.36773681640625,302.78580447107606,295.6292827830172,296.6219474516822,5426800
COST,2021-03-10,306.1418151855469,309.507388179225,299.98742261396035,303.59877432550866,4523500
COST,2021-03-11,310.6984558105469,313.15644423733124,308.87388330110764,312.36233022572003,4338900
COST,2021-03-12,313.0526428222656,313.5158690439322,307.8152379798246,310.1786841730808,3182100
COST,2021-03-15,312.45703125,315.4538646890932,309.4412717780588,315.378247109681,3243000
COST,2021-03-16,309.3750915527344,312.0032424369558,308.7984245581264,311.6629200501039,3066700
COST,2021-03-17,311.2091064453125,312.4475497960582,306.41603120809555,308.1933471513312,2672400
COST,2021-03-18,305.3383483886719,310.21650475214625,304.77111553698205,308.647173031091,2736900
COST,2021-03-19,310.9444580078125,311.26588324825195,304.78060033397963,305.93393445226417,4859300
COST,2021-03-22,316.2195739746094,317.8078314232084,310.2637023069941,310.50950989381477,4064900
COST,2021-03-23,321.75006103515625,323.80154472891365,315.56727860834457,315.6523880475923,3641200
COST,2021-03-24,319.5757141113281,323.8015566035634,318.4317855045738,323.52738879650195,3006400
COST,2021-03-25,327.42236328125,328.783710533896,318.8477739630222,319.35828639542945,4307100
COST,2021-03-26,332.7921447753906,333.2081136429321,325.30476286097047,327.2994977411078,3061200
COST,2021-03-29,336.69647216796875,338.2279803814573,331.837242760365,332.25321151596137,3012000
COST,2021-03-30,330.6460266113281,335.39181480576167,329.7857289842281,334.266812435758,2602400
COST,2021-03-31,333.2270202636719,337.9255525090818,330.154540173733,331.5064244891472,2832200
COST,2021-04-01,335.5525817871094,337.8025867952811,332.4233818692204,333.2836795988541,2938600
COST,2021-04-05,341.1113586425781,342.86031402935697,337.34874313512137,337.97269619016606,2705700
COST,2021-04-06,340.4495849609375,342.9831915546818,339.3907660173221,340.14705701971815,2142000
COST,2021-04-07,339.2112121582031,341.71645907984583,338.0767465688344,341.1586893011147,1808400
COST,2021-04-08,341.4895935058594,346.02739837467806,339.95808508389956,342.9832787128921,2839200
COST,2021-04-09,343.3708190917969,343.8435082071434,339.9580175273093,341.19646070146473,1610800
COST,2021-04-12,344.8835144042969,345.29948323561786,341.6030499872243,343.02111768018375,1836600
COST,2021-04-13,345.2615661621094,347.2374031484366,344.3729083413771,345.38446994486117,1796400
COST,2021-04-14,343.3330383300781,344.92126689637473,342.74687956928886,344.92126689637473,1509400
COST,2021-04-15,348.6555480957031,349.36458190732725,344.3729850275198,344.9496808633171,1850100
COST,2021-04-16,350.470703125,352.4370776234682,348.44757937644033,349.5064274840196,2249200
COST,2021-04-19,349.3645935058594,351.2364532169283,348.08835568309394,350.735403794106,1560000
COST,2021-04-20,351.42547607421875,354.8571749732528,348.5893412530745,348.8445830007416,2330700
COST,2021-04-21,353.65655517578125,354.11978129798507,351.1796687131853,351.3120066692484,1531800
COST,2021-04-22,350.9811706542969,354.93284517910837,349.81834491345927,353.8929232381956,2138000
COST,2021-04-23,352.890869140625,354.3751202417087,350.1776375861734,350.9812150444497,1404500
COST,2021-04-26,348.39080810546875,353.4769480832513,348.09774313431683,353.4769480832513,2059700
COST,2021-04-27,349.9884948730469,350.69752860312826,345.3372497600807,348.0599438996981,1875900
COST,2021-04-28,349.4023132324219,350.2626108263543,348.06932655505307,349.3644900275644,1305600
COST,2021-04-29,353.8930969238281,355.0015427822411,349.1465963321454,349.15607961874247,1848300
COST,2021-04-30,352.5193786621094,354.48051092296424,351.79934272190104,353.2962565015487,2118900
COST,2021-05-03,359.3691101074219,359.65331959840745,353.2773124134561,354.17732840988447,2685800
COST,2021-05-04,355.55108642578125,359.28385872631145,354.0920768630835,359.09436645129966,2133800
COST,2021-05-05,352.9078063964844,357.66376159366393,352.48146325330305,356.55531568132943,1905300
COST,2021-05-06,362.62811279296875,362.79863845570736,353.5614558621119,353.5614558621119,2641400
COST,2021-05-07,364.1060791015625,366.1240529555591,362.0975885334865,362.6944283848827,1817100
COST,2021-05-10,361.4154052734375,367.4882636267642,361.22591305685467,365.2144726775822,1998700
COST,2021-05-11,358.2890319824219,360.8849371118365,356.2236993877279,359.35960251349013,1859700
COST,2021-05-12,352.6235656738281,357.1142486477307,351.59087049959527,356.2236871169417,2344600
COST,2021-05-13,359.56805419921875,361.37759837888035,352.02673032982614,353.4667732613679,2023100
COST,2021-05-14,364.20086669921875,365.5272258185758,360.1080766345225,362.0407878727058,1876100
COST,2021-05-17,363.7650146484375,366.6924877918155,362.7607693207722,364.78822654876785,1830800
COST,2021-05-18,362.67547607421875,368.9662482304325,362.3912666326543,366.12403816496493,1698200
COST,2021-05-19,359.6911926269531,361.65232468198366,356.34685964836785,357.3132007463376,1725000
COST,2021-05-20,363.4049377441406,364.295499141129,358.3837119206561,359.23636909092374,1427300
COST,2021-05-21,360.6954650878906,365.0819479603708,360.4207099748032,364.7977095602064,1706600
COST,2021-05-24,363.2818603515625,365.4703599832705,361.8039132993041,364.12503437803093,1657000
COST,2021-05-25,365.1102600097656,365.45131129328684,361.93645341888964,363.4428210793456,1379700
COST,2021-05-26,365.33770751953125,367.3556814595383,364.7692596767541,365.56507509165885,1648000
COST,2021-05-27,367.11883544921875,367.37462397124017,363.3292216639365,364.8734939074324,4452000
COST,2021-05-28,358.3742370605469,365.04396440995845,357.19946621667054,363.9449731088514,4681200
COST,2021-06-01,358.3363342285156,360.202719748828,355.74991300114306,359.94690237266076,2117800
COST,2021-06-02,360.5722351074219,361.8322977455115,357.8437088515871,358.4784818133433,1881000
COST,2021-06-03,363.6797180175781,363.98289402746633,358.93321799933216,359.67222036560554,1780300
COST,2021-06-04,367.1377258300781,367.3651222883831,363.52812147743424,363.9828854815892,1765900
COST,2021-06-07,360.39215087890625,366.12395725845124,358.65841584357446,365.1954917670878,2515800
COST,2021-06-08,359.7290344238281,361.15959370599046,357.82474459257975,360.40168265235957,1553800
COST,2021-06-09,359.9753723144531,361.69965336741797,359.1890402476922,360.2122231542849,1398900
COST,2021-06-10,362.86505126953125,363.1966193896752,359.5301721929808,360.26914582245047,1404000
COST,2021-06-11,361.74700927734375,363.67023692596194,360.5153964843697,363.67023692596194,1404200
COST,2021-06-14,363.5755615234375,363.78399144140064,359.1416913515362,360.7617720871648,1652600
COST,2021-06-15,363.7176208496094,364.27658535243705,361.4912172112581,363.5755161306626,1252000
COST,2021-06-16,359.45428466796875,366.1145286205222,357.2847230447821,364.1818178191368,1801700
COST,2021-06-17,364.513427734375,366.1429626029021,359.264805240841,360.37327984782917,1686500
COST,2021-06-18,360.84698486328125,364.6650191256978,360.2974747410482,364.51343112344233,3415700
COST,2021-06-21,366.45562744140625,367.2609261224382,360.54383941469604,362.144953490673,1631600
COST,2021-06-22,371.55267333984375,371.8558493789644,366.2282706447931,366.6640681307425,1934800
COST,2021-06-23,371.35369873046875,372.74638283574814,370.04627745868123,372.3295230414838,1538000
COST,2021-06-24,371.4483642578125,374.69795016092814,371.19254690038446,372.7273643076027,1487300
COST,2021-06-25,373.7601013183594,373.7979766350323,370.6715571746437,372.3010920776988,2056100
COST,2021-06-28,375.68328857421875,376.51700805072124,372.45264005899776,374.22427949033937,1645500
COST,2021-06-29,377.81500244140625,378.4308088566251,374.6696162771892,375.45594836201514,1523600
COST,2021-06-30,374.85906982421875,379.4065940190703,374.2242969029291,377.03808581082393,2031700
COST,2021-07-01,373.779052734375,376.7728508716901,373.16324632253617,375.45594630122037,1523400
COST,2021-07-02,377.9571533203125,379.69088899794616,375.2759852334339,375.3707313656044,1676600
COST,2021-07-06,377.88128662109375,380.28769922760694,376.2233307571982,378.80975231335935,2113100
COST,2021-07-07,383.395263671875,384.7595271039775,378.20351069481,378.20351069481,2308600
COST,2021-07-08,385.7353210449219,387.1469718903947,381.9551904122439,382.27730412590313,2235500
COST,2021-07-09,390.68072509765625,392.22499722480006,386.1521381219455,387.0616372663992,2304200
COST,2021-07-12,386.4269104003906,392.55661166564727,383.25310317055124,392.2629189193371,2491300
COST,2021-07-13,385.6500549316406,387.7627750823153,383.4141966160936,383.4141966160936,1540300
COST,2021-07-14,388.3880310058594,388.8806703598075,385.83951357566326,387.0900640760634,1265800
COST,2021-07-15,390.1596984863281,390.519716425876,386.42692655384593,388.8712147507073,1894100
COST,2021-07-16,388.7859191894531,391.675516836747,388.21747138076773,390.44387509918585,1413900
COST,2021-07-19,392.36712646484375,393.47560120426425,388.4827666023954,388.4922498887234,2293100
COST,2021-07-20,394.3471984863281,396.08096297194527,391.1355158602432,392.22502403339985,2045400
COST,2021-07-21,393.1819152832031,395.1714393994845,390.53865156055605,395.1714393994845,1480000
COST,2021-07-22,395.578857421875,396.5831027984073,391.798697873458,394.11984796612705,1339200
COST,2021-07-23,401.1590576171875,401.68960126491965,395.114618652889,396.2894186549762,1344500
COST,2021-07-26,400.96954345703125,402.1727353427407,398.2410170930238,401.13058584086883,1220000
COST,2021-07-27,402.0211486816406,402.22957858271457,399.42527266027497,401.69903500042756,1666500
COST,2021-07-28,400.0125732421875,402.51370261183,398.42094283310126,401.0073350197537,1362700
COST,2021-07-29,403.6670227050781,404.2080619266449,398.99704721188965,400.24997099867886,1434200
COST,2021-07-30,407.88128662109375,409.57082443693,404.2933904069403,404.33136568556876,2283900
COST,2021-08-02,407.1219482421875,408.8209581251238,403.856769532733,408.73553547458374,1366900
COST,2021-08-03,412.95941162109375,414.60147313869817,407.31178365596287,408.0711444145714,1448100
COST,2021-08-04,412.93096923828125,415.73103078281684,410.89023954424437,413.84217325221033,1280500
COST,2021-08-05,420.6667785644531,420.96102183171575,414.5350883638808,415.5032408271332,1742600
COST,2021-08-06,417.2877502441406,420.9230946529737,416.594838844202,420.230212219692,1789800
COST,2021-08-09,418.08502197265625,420.2776239145931,416.983970470358,418.25586730060223,1472500
COST,2021-08-10,420.51495361328125,421.24581133230504,418.2654030421826,418.2654030421826,1893700
COST,2021-08-11,421.72039794921875,425.23237333350187,419.34744943731306,422.8594248215961,2267500
COST,2021-08-12,422.72650146484375,423.9319777781536,419.77456758996914,420.48645210255813,1230700
COST,2021-08-13,425.0615234375,425.5740594545863,421.9482161819095,423.12518936187166,1309300
COST,2021-08-16,429.84527587890625,430.1585212342417,424.33054707925146,425.1468562487269,1515600
COST,2021-08-17,429.3517761230469,430.7185966802488,426.8459577459462,429.8453389483375,1936700
COST,2021-08-18,423.5332946777344,432.10438274651545,423.2390514069705,428.0418964308212,2030100
COST,2021-08-19,431.1741943359375,432.35116738836825,418.88231092122055,420.43897886367057,1953700
COST,2021-08-20,435.66375732421875,437.2109240747187,430.6046448686832,432.34163008162653,1911200
COST,2021-08-23,431.8101501464844,435.7302654549159,431.4874326469186,434.0312263258404,1835900
COST,2021-08-24,428.8297424316406,432.246793851381,427.4154455167182,432.11389483969305,1541700
COST,2021-08-25,428.2981872558594,429.80737887140253,424.58689270569266,427.918492361394,1520600
COST,2021-08-26,426.4757385253906,429.48464957805896,423.99839451703053,428.2981754821043,1418600
COST,2021-08-27,427.45343017578125,428.66837859981763,424.09332712545597,426.47577659211646,1310200
COST,2021-08-30,432.75933837890625,433.3858002321084,427.54835296513403,428.1178663741046,1219800
COST,2021-08-31,432.3416748046875,433.66104795007607,429.44668949476346,432.9586645297419,1699000
COST,2021-09-01,433.3193664550781,433.4712386340938,428.8867149070988,432.33224074146057,1325400
COST,2021-09-02,437.5431823730469,437.98929780199256,435.0943125283292,436.07196604708423,1455000
COST,2021-09-03,439.0428466796875,440.0395022635044,435.67327195817495,435.67327195817495,1302400
COST,2021-09-07,436.2427978515625,439.6598490134954,434.3729135328557,438.995411938495,1463400
COST,2021-09-08,442.0328063964844,442.1561753720442,434.8000358835835,435.777689392416,1372000
COST,2021-09-09,442.2606506347656,445.89599498059823,441.59621347008397,443.58949599747245,1398700
COST,2021-09-10,441.52020263671875,444.5955339927254,439.6598195048944,443.42806210880093,1324800
COST,2021-09-13,436.2998046875,444.4437511607125,434.91401087985724,443.3237264253116,1679500
COST,2021-09-14,435.11334228515625,438.71074040495336,434.17366392677104,437.5242661275348,1383900
COST,2021-09-15,437.3154296875,438.7581719286906,432.95869977430954,434.95195331499275,1770300
COST,2021-09-16,439.7642822265625,440.20089661679526,433.3668226784138,437.37236069312723,1577500
COST,2021-09-17,436.1574401855469,439.29922171695034,433.79396375608957,438.1601948376945,3411400
COST,2021-09-20,428.2128601074219,437.52430882802764,423.92255016289994,433.4238463730838,2602000
COST,2021-09-21,429.13348388671875,433.62311286893873,427.2826014399185,428.21280767830365,1531300
COST,2021-09-22,429.3422546386719,432.2087946273767,426.9788074806444,431.59183388344553,1380800
COST,2021-09-23,429.7694396972656,432.3986561590856,428.1748252864865,429.31382316561906,2061200
COST,2021-09-24,443.9786682128906,444.8993733975676,431.87663075759536,432.8068370056851,3353800
COST,2021-09-27,437.154052734375,446.5793970214419,434.0027702422272,441.89044856906634,2526000
COST,2021-09-28,424.61541748046875,434.2495827581655,423.0208030138135,433.9078920724495,2632700
COST,2021-09-29,428.8297424316406,432.82577934519503,426.08660023311216,427.00730535222755,1922000
COST,2021-09-30,426.5137634277344,432.2183118474278,426.46628707838113,430.56674898304493,1836400
COST,2021-10-01,425.54559326171875,428.15583664609943,418.3603271237374,426.87446761254716,1860700
COST,2021-10-04,417.771728515625,426.51366045034234,414.0034860996132,425.5549802314128,2264000
COST,2021-10-05,423.5617980957031,426.285938287001,416.9270434857717,417.2402599364597,1808700
COST,2021-10-06,426.5042724609375,426.9219137185207,419.89799188036295,421.36920837867433,1334600
COST,2021-10-07,429.8548278808594,436.2333139789216,429.0954960223546,433.271879177438,1966200
COST,2021-10-08,428.88671875,432.5885126258753,427.13073106230144,432.294269328476,1545800
COST,2021-10-11,426.8459167480469,430.6331326545999,426.69404459331656,427.16863421435437,1011700
COST,2021-10-12,424.1597900390625,429.8358932281501,423.0967137552622,427.2730972844731,1380900
COST,2021-10-13,422.66949462890625,427.6147392158249,421.50202272820707,425.74485499575155,1621500
COST,2021-10-14,427.7571716308594,428.74432627079335,423.80858203777865,424.3875675403756,1480400
COST,2021-10-15,429.3992614746094,430.87047788532675,426.3523748950127,430.82303050433137,1494800
COST,2021-10-18,438.4734191894531,438.853085142071,425.7069451452576,426.7605203362713,2141300
COST,2021-10-19,443.34271240234375,443.4186629775551,436.9167781329657,439.47007309962436,1365300
COST,2021-10-20,445.8960266113281,448.4872969774169,444.06411719683643,444.70955228070005,1352900
COST,2021-10-21,452.97686767578125,453.3755067779759,445.24103286746083,445.8959689305782,1423300
COST,2021-10-22,457.4949645996094,460.3804780538727,454.24878730938724,454.6474264315834,1710300
COST,2021-10-25,465.19281005859375,467.1955646038947,455.1315030507926,457.49495038750354,1903400
COST,2021-10-26,460.8550720214844,463.4368411430984,456.773612196134,457.627867861131,2378600
COST,2021-10-27,464.2530517578125,466.521604082471,458.98511847640066,459.2603885711608,1741800
COST,2021-10-28,466.354248046875,467.5901659951529,462.5038637350304,462.96018838619983,1362400
COST,2021-10-29,467.31439208984375,469.81477682280394,462.67489891418586,462.78898005563394,2471600
COST,2021-11-01,467.62811279296875,470.49929023419463,463.1882906514871,469.7957415097374,1548700
COST,2021-11-02,472.4957580566406,474.87254515165745,468.43621614321705,470.35664967112547,2012200
COST,2021-11-03,477.5726318359375,478.1715869013265,471.3169401815235,476.6314333123364,1856000
COST,2021-11-04,490.2076416015625,494.57144878711546,481.0712847891306,482.02199974635437,2615000
COST,2021-11-05,487.8307800292969,492.3752246867788,483.5620798047834,489.3994826809947,2071700
COST,2021-11-08,478.9796447753906,488.10648409633916,475.54757810399695,488.10648409633916,2834800
COST,2021-11-09,483.63812255859375,484.0089152607405,479.217304497655,480.2250598745223,1881800
COST,2021-11-10,480.595947265625,485.2068917887997,478.9416834421757,483.2104135065472,1226600
COST,2021-11-11,486.9371337890625,487.24136950985377,479.19832985597293,481.2518774510412,1227300
COST,2021-11-12,491.6811828613281,494.04845355415046,487.935364030223,488.90511174613755,1780200
COST,2021-11-15,494.2671813964844,497.318939076508,492.47983274916,492.93615733076376,1392300
COST,2021-11-16,500.760498046875,502.26264375776674,491.9093451125499,494.2196332623334,1690700
COST,2021-11-17,500.3516540527344,504.5823463731328,498.65941194078965,501.5020398110344,1609400
COST,2021-11-18,503.280029296875,504.63954487652586,496.7391050077717,502.12964317853545,1664200
COST,2021-11-19,507.48223876953125,508.89885314085683,501.9871351628397,507.75798331106813,1909800
COST,2021-11-22,513.0534057617188,518.538992204041,506.08464811861626,507.0353631793981,2190500
COST,2021-11-23,518.3866577148438,518.91905557555,507.4629561264326,511.44645266481115,2147000
COST,2021-11-24,522.6364135742188,523.6822346406967,516.5423574113944,518.6529163544081,2316400
COST,2021-11-26,519.2139892578125,527.2189933359219,517.483680989017,522.4654183206724,1844800
COST,2021-11-29,527.5327758789062,533.1420179303675,515.6773289348721,519.2140191237132,2919100
COST,2021-11-30,512.7965087890625,529.7097027177808,509.4785237104643,523.8438091604107,4244200
COST,2021-12-01,503.7266845703125,521.2293160535562,503.3083677958555,516.3331123089125,2877100
COST,2021-12-02,499.6101379394531,504.74396298268414,488.70540913802,492.9551344179485,3277500
COST,2021-12-03,502.861572265625,511.00920506591916,498.9066242290064,503.8693276326739,2984400
COST,2021-12-06,506.92132568359375,509.63084062941925,501.5687947881288,506.0181346926361,2432900
COST,2021-12-07,515.3064575195312,516.238139460406,508.3567346114124,511.7222441336346,2579800
COST,2021-12-08,503.9834289550781,520.7920603313228,499.6481716139383,519.2899726664175,3037500
COST,2021-12-09,498.4884338378906,506.0941541680693,497.9845270130366,502.73810221939823,3200500
COST,2021-12-10,531.2783203125,533.6075826027485,508.2614997982355,508.356606070967,6333600
COST,2021-12-13,529.7572631835938,532.1625994359817,520.9726678787468,523.3114471331253,3415200
COST,2021-12-14,518.462890625,529.7098061456638,511.07581726159134,529.0348357019765,3494400
COST,2021-12-15,537.6101684570312,538.5703996570655,518.6434552564497,519.2899343354671,2937100
COST,2021-12-16,525.3935546875,538.6274892146473,522.3702884134163,536.954221786393,2683000
COST,2021-12-17,520.6209106445312,529.0442297318674,514.3176669638092,522.2466538202239,5752000
COST,2021-12-20,521.5240478515625,522.0754786191443,511.5130523432481,515.4109593601415,2033600
COST,2021-12-21,518.5482788085938,524.585351585039,509.6591201409436,523.3684089936299,2472800
COST,2021-12-22,522.5794067382812,522.8931588811779,513.1958559656122,518.5008609887383,1454500
COST,2021-12-23,523.2449340820312,525.3745260890962,520.5068706366534,524.5474088011206,1757800
COST,2021-12-27,535.6992797851562,537.8574211080584,524.2622100765445,524.3572583527038,2262900
COST,2021-12-28,536.8117065429688,538.7131364544751,533.0658872962198,535.6613205567745,1155000
COST,2021-12-29,539.78759765625,543.3242304126771,535.7280251085103,538.4851224503243,1753000
COST,2021-12-30,536.11767578125,541.793474565265,534.6535955555185,541.4607475225657,1338700
COST,2021-12-31,539.7208862304688,540.2437678451494,531.4782038995653,535.6422819764822,1509200
COST,2022-01-03,538.7797241210938,539.5022187858658,528.1317044053804,537.1825298677926,2714100
COST,2022-01-04,536.4218139648438,540.6905142990707,534.1020674412534,536.4218139648438,2097500
COST,2022-01-05,522.8171997070312,537.2015229362493,522.6746272669401,535.9085644054758,2887500
COST,2022-01-06,522.7030639648438,526.2397537262453,516.76109557213,519.2805133814546,2503100
COST,2022-01-07,509.7543029785156,521.343519813734,507.90991377003274,520.5639266403514,2323900
COST,2022-01-10,493.23095703125,504.2687448508502,483.43860360782725,503.20394863550956,4916800
COST,2022-01-11,496.3016357421875,496.71989451524445,485.14022514155704,493.23078772207833,2457300
COST,2022-01-12,499.88592529296875,503.9074891200878,496.2827364055154,496.30176927378307,1729500
COST,2022-01-13,491.4055480957031,502.9757327919298,489.83684521707755,501.63525024405936,2428100
COST,2022-01-14,478.1999816894531,487.6976123379874,477.1256694272585,486.3571301316053,3872500
COST,2022-01-18,464.01544189453125,470.67993381094027,462.8650559418636,470.0904951977147,3801900
COST,2022-01-19,466.00244140625,471.78277551189876,463.0932559926134,465.74575881570007,2709400
COST,2022-01-20,459.0242004394531,475.2433952119141,458.0924893409131,466.5633630513432,2893700
COST,2022-01-21,457.87384033203125,470.2331354159389,457.59815386989345,458.16858867647005,3295600
COST,2022-01-24,464.80450439453125,465.8217762911174,445.89480030008485,452.1124547973239,4412600
COST,2022-01-25,453.7952575683594,458.8530679616278,449.0892070571968,456.24808932298754,3076800
COST,2022-01-26,459.6421203613281,469.52954922817685,455.17374885718226,459.4139580763557,3074900
COST,2022-01-27,458.7388916015625,471.35489547684284,456.63782003222957,462.9220599027407,2372300
COST,2022-01-28,468.1605224609375,468.44575433369624,452.44520661930176,459.89880781384824,1918500
COST,2022-01-31,480.234619140625,481.461049477905,466.4492531749771,467.75172793784475,2480700
COST,2022-02-01,483.35296630859375,484.5603637880218,472.4482652333674,480.11102501449767,2347200
COST,2022-02-02,496.29217529296875,498.1650556595019,485.1878040021707,485.91984397812803,2547600
COST,2022-02-03,496.806396484375,501.2529482109818,489.6081002927122,491.1981843541356,2665100
COST,2022-02-04,494.9020690917969,497.02535805912504,486.36120082259964,493.3214578225448,2387400
COST,2022-02-07,491.20770263671875,497.02536101828343,489.62709135805613,496.35884029047327,1863600
COST,2022-02-08,496.2160339355469,498.34885369585606,486.0755511024039,491.20768497251026,1462000
COST,2022-02-09,503.528564453125,508.6797017243911,500.52925045817886,502.7382588724764,2256700
COST,2022-02-10,493.6737060546875,499.37710983039705,490.1221836220284,495.9493722972923,2558900
COST,2022-02-11,485.2852478027344,496.4063912503346,483.1048029366164,493.59757819927546,2349700
COST,2022-02-14,482.3240966796875,487.056312726801,477.44906305720684,484.6378285731122,1749600
COST,2022-02-15,489.33197021484375,491.31247086572375,486.32318297936126,488.7797616058863,1984600
COST,2022-02-16,487.88470458984375,489.931804898233,477.70612667464206,487.0182101796782,1770800
COST,2022-02-17,490.36981201171875,493.41672246907325,482.77159758284193,485.25673955451066,2022800
COST,2022-02-18,488.1417541503906,493.12156907831775,485.91371280769397,490.2555704905684,2154700
COST,2022-02-22,478.1535949707031,489.9603501934992,474.3259390969835,485.59946033632417,2451800
COST,2022-02-23,471.564697265625,483.666589513293,471.1076520146686,478.87724693599085,2021400
COST,2022-02-24,481.39093017578125,482.31452249016803,459.87223173396836,460.14833600237495,2859800
COST,2022-02-25,492.73114013671875,493.4547879084599,481.0767613907368,484.24742770574954,2003000
COST,2022-02-28,494.40692138671875,494.7687452561906,486.83727081326634,489.6937383417404,2408900
COST,2022-03-01,497.91082763671875,504.03318248294624,494.34977422797795,494.6068748918638,2316000
COST,2022-03-02,502.7381896972656,507.5846875889869,494.90196719328225,498.92956704804396,2571500
COST,2022-03-03,507.5466613769531,513.1739349633266,504.2045850637737,508.9177681178734,3851800
COST,2022-03-04,500.35784912109375,504.5663612848954,487.29427100362506,494.6449145925941,4417900
COST,2022-03-07,503.2334289550781,519.2010430577727,498.37739924610753,498.40599181682774,3896900
COST,2022-03-08,498.3202819824219,513.9070689190808,497.41572228327607,501.04343382197044,3649700
COST,2022-03-09,502.405029296875,505.4614122102225,491.03628676144,502.3764367277891,2789700
COST,2022-03-10,507.232421875,508.80350222814155,493.3500318255165,498.08221836822594,1777700
COST,2022-03-11,502.1859436035156,516.6873144494942,501.2433187578192,510.94578767665695,1735100
COST,2022-03-14,500.7862854003906,509.6984485087089,498.491557695244,502.5192156906142,1950000
COST,2022-03-15,516.3731689453125,517.8299371799706,502.6621014221593,504.6426018677217,2547900
COST,2022-03-16,517.3919067382812,525.2281296580202,505.8422532925449,518.4773781984925,3017200
COST,2022-03-17,526.3421630859375,526.7039869249234,517.2110218669956,517.3538103624,1974200
COST,2022-03-18,534.4925537109375,535.6351521199798,523.219063299642,526.5040119325251,3597800
COST,2022-03-21,528.9512329101562,539.6343949781824,524.4856190946919,533.3406579759678,3136900
COST,2022-03-22,532.6551513671875,533.5406495700076,525.9043971349897,530.3128845452104,1777500
COST,2022-03-23,527.5133056640625,533.8641677441663,525.5042130224207,530.3031148180361,1546800
COST,2022-03-24,531.4076538085938,531.5505004230307,522.9429748910962,528.9320720015197,1614200
COST,2022-03-25,529.1224975585938,533.616644844215,523.90464448303,533.035843779035,1974900
COST,2022-03-28,538.1680908203125,538.2156869952926,527.018323612552,530.1032996231055,2056100
COST,2022-03-29,542.7097778320312,543.8904417986115,537.5205748932697,540.8245278282972,2005400
COST,2022-03-30,548.8893432617188,550.5842088425861,541.3864074224005,543.6334816423229,2086500
COST,2022-03-31,548.2988891601562,558.2679905146017,547.9751887355098,551.0125680342786,3439800
COST,2022-04-01,548.0323486328125,555.0973287556869,544.9283112686575,549.7557483938028,1933500
COST,2022-04-04,547.6134033203125,551.9552317086656,544.1284803352637,546.48033552457,2201800
COST,2022-04-05,547.7943725585938,556.0400175816936,544.7284001550015,545.1950053908648,1826800
COST,2022-04-06,556.8111572265625,558.7249996412525,543.0810871619625,546.5660098584067,2646200
COST,2022-04-07,578.9583129882812,582.9764406175909,560.6103105440295,563.9523285301551,4804200
COST,2022-04-08,571.3317260742188,578.9109095615883,569.1322478049251,577.3684213267587,3230200
COST,2022-04-11,556.6970825195312,572.2458076758337,554.9165552879425,570.1415218044127,2792700
COST,2022-04-12,553.5453491210938,563.4192013162294,551.0697669866374,558.6203564232127,2142000
COST,2022-04-13,562.8098754882812,565.0950148563811,554.6022378876069,554.6022378876069,2211800
COST,2022-04-14,562.1433715820312,567.751584138119,558.9631451027169,563.4668823149938,2206200
COST,2022-04-18,554.26904296875,563.781072057116,551.869591265382,557.3730808097762,2161900
COST,2022-04-19,565.8662109375,566.3708814339985,554.1547055867555,555.44009274032,2327800
COST,2022-04-20,574.654541015625,576.3208134427798,568.722571656774,570.484094520177,1793300
COST,2022-04-21,563.4286499023438,580.034248969534,562.866910538581,578.225187863123,2027900
COST,2022-04-22,544.3474731445312,563.5810315975687,543.7285486391579,562.1051436409056,2878200
COST,2022-04-25,541.0245361328125,543.0431020336712,527.046894203382,543.0240403184791,3154500
COST,2022-04-26,527.265869140625,541.1483186627842,526.8373873555921,538.2061313128775,2057400
COST,2022-04-27,527.5706176757812,536.6541650791575,526.3994262666577,529.579652906933,2261600
COST,2022-04-28,535.982177734375,538.652539931715,520.5321460225457,529.7544565187018,2118700
COST,2022-04-29,507.10394287109375,535.581615502038,505.1774985503161,534.9616840315355,2968000
COST,2022-05-02,504.4622802734375,514.2377566955439,494.27671767925517,507.5904024595535,3303400
COST,2022-05-03,503.6324768066406,509.5359121954374,499.4552448793421,505.46357383204446,2398000
COST,2022-05-04,519.2254638671875,520.8563199256712,498.6063720747684,506.9894157718997,2465200
COST,2022-05-05,493.37066650390625,517.2323836950164,488.4590625804087,516.4980122344599,3977000
COST,2022-05-06,480.056884765625,492.5313611633585,475.7270854726025,490.5858241216864,3560800
COST,2022-05-09,475.7366638183594,483.5761202716326,471.4545375786027,473.13306773261314,3292700
COST,2022-05-10,478.244873046875,486.9903601890488,472.68478602970777,486.1034215763133,2729400
COST,2022-05-11,466.43798828125,484.4820981278562,465.22679351364553,480.5909948702485,2782900
COST,2022-05-12,463.6722717285156,474.2393390127193,457.5495021673348,464.2540468901758,2829500
COST,2022-05-13,474.2488098144531,475.69845984263975,466.9339097665864,470.2813940661344,2338600
COST,2022-05-16,471.63568115234375,474.63984575441305,466.9529866194425,473.1711611696988,1579700
COST,2022-05-17,467.7636413574219,470.71058599255855,457.9977125389939,466.51429027243796,2602800
COST,2022-05-18,409.5208740234375,442.38553638979465,404.8953994850994,438.70424948397647,9511600
COST,2022-05-19,403.3503723144531,410.598534763398,399.33528317380615,410.445938499711,5839600
COST,2022-05-20,397.15130615234375,408.9963332685696,387.69057028060064,408.9486305629177,5115000
COST,2022-05-23,409.5972595214844,410.0931756748163,397.3803000349952,400.55612507772753,3687200
COST,2022-05-24,417.44622802734375,418.419025802462,404.7047425680549,405.13389237639973,3473400
COST,2022-05-25,419.7350158691406,422.73920934675175,410.88463627190805,416.13001280076867,3225100
COST,2022-05-26,443.4632263183594,446.38156094568393,426.79248351216137,428.30887079069174,5917600
COST,2022-05-27,448.96612548828125,452.89538499720857,434.05016696668787,435.6523842044471,5719600
COST,2022-05-31,444.6363220214844,449.00427787723487,436.8254761689703,448.9661506347458,4424500
COST,2022-06-01,435.83367919921875,448.7182442619019,435.5571256789122,447.65009921925304,2319400
COST,2022-06-02,465.0361022949219,468.3931626751237,436.6824699784639,439.56264873214326,4950600
COST,2022-06-03,454.2019958496094,465.55107926878287,453.5725470714506,462.5755243936803,2857400
COST,2022-06-06,450.5970153808594,458.73211809896424,447.2018278122921,458.25526558534784,2297000
COST,2022-06-07,449.93890380859375,451.798640035469,438.3132385618646,438.6184311199261,2435500
COST,2022-06-08,446.32440185546875,452.46626449695157,445.2753496199641,449.93895202136486,1697000
COST,2022-06-09,450.1964416503906,461.8221081364526,445.523292887863,445.70449916948144,3087500
COST,2022-06-10,441.8609924316406,446.5150767638443,436.5679421475821,443.4727559590988,2549900
COST,2022-06-13,431.3130798339844,437.4072686636181,428.1181623105571,429.16724361590485,3113400
COST,2022-06-14,433.7449951171875,437.5216876354284,429.4342592656349,431.31305916182947,2224600
COST,2022-06-15,437.5503234863281,442.86243819712246,430.49291233329825,437.273740888013,2250200
COST,2022-06-16,430.8457946777344,436.57754213024754,427.23124445621426,429.46291073908094,2906600
COST,2022-06-17,426.010498046875,434.5938432336185,422.6820768379856,430.1686379670534,3623400
COST,2022-06-21,441.6702880859375,443.3011445156969,428.3470577947198,429.69175617013013,2420600
COST,2022-06-22,438.6661376953125,443.2057827472074,437.27373656355053,438.1225479723151,1827500
COST,2022-06-23,453.0097961425781,454.23053716588765,444.14987008553,444.7793187685311,2030100
COST,2022-06-24,461.9460144042969,462.3847104867864,454.61202176565814,457.77832885874074,2862600
COST,2022-06-27,459.44732666015625,464.68315714603887,455.2510310025314,463.3193661506444,2034700
COST,2022-06-28,446.9156188964844,464.68314503231835,446.2289793402806,461.1162981820351,1754600
COST,2022-06-29,448.0887145996094,451.07381564584153,444.8270600829461,449.14734219169435,1275600
COST,2022-06-30,457.0917053222656,459.7716138919543,443.2057636378718,446.62001453821296,3852400
COST,2022-07-01,463.2716979980469,468.5075285455198,455.8709387170656,458.90371329075134,2660400
COST,2022-07-05,465.6559753417969,468.17374120579274,456.3096496270292,463.08096040599776,2489400
COST,2022-07-06,469.8427429199219,474.0104289401057,465.19820441953823,465.65599327824566,2262300
COST,2022-07-07,472.0362243652344,472.5893603688765,466.57148512925215,469.28000339470526,2125200
COST,2022-07-08,478.32122802734375,482.11695541280284,473.99139904966773,474.29659164385805,2607800
COST,2022-07-11,475.8034362792969,482.14556894294276,471.93139616444915,477.92066262180504,1891100
COST,2022-07-12,467.85906982421875,478.6645346909646,465.44619733330853,474.0009323655843,1775300
COST,2022-07-13,469.4326477050781,474.2965487301239,461.42153201340784,461.8983844843973,2008400
COST,2022-07-14,488.23968505859375,489.508128864452,470.76780444056874,473.1234566895419,3715600
COST,2022-07-15,498.7399597167969,500.50429039405145,491.9019122852849,492.98909156799965,4265100
COST,2022-07-18,492.39776611328125,504.061615151393,491.79692744531343,497.7003623599902,2464100
COST,2022-07-19,496.1459045410156,501.24826091868607,493.03681710910485,498.2249743344245,2391000
COST,2022-07-20,499.93206787109375,501.8012920252587,492.88417542783316,497.1281734303248,1740700
COST,2022-07-21,504.9485778808594,505.21558496305596,497.45241371295134,499.77945581562693,1716100
COST,2022-07-22,505.19659423828125,512.244488292202,501.71560584799965,506.1408111021925,1800800
COST,2022-07-25,504.6435546875,507.6476909702622,501.6489065601775,506.81797215039563,1452700
COST,2022-07-26,488.2301940917969,495.6214078482602,485.2069655378226,491.15807542950125,3334800
COST,2022-07-27,498.1296691894531,501.0003306277106,487.50541034735,489.3460249553559,2060100
COST,2022-07-28,512.2401123046875,515.1061654172722,497.05006579398855,497.05006579398855,2083300
COST,2022-07-29,517.1315307617188,517.9149256487906,508.15126554675425,508.2467773312741,2131500
COST,2022-08-01,522.3954467773438,528.0320406646952,517.0836978669898,517.2460912004915,2256000
COST,2022-08-02,519.195068359375,526.4365868572573,516.6251718720799,519.739625419136,1984200
COST,2022-08-03,522.5866088867188,524.201154560651,517.914928063861,520.6663438668936,1693300
COST,2022-08-04,519.0231323242188,522.7680920116195,516.5296218358993,522.5770101448136,2000500
COST,2022-08-05,516.52978515625,517.4182548923219,509.53660645198823,513.2529371049255,1711500
COST,2022-08-08,517.7048950195312,523.0548389985235,514.619070656455,519.5582788818992,1344100
COST,2022-08-09,511.89630126953125,520.6664185331264,510.05248039926664,519.367154859263,1877300
COST,2022-08-10,515.7177124023438,525.3571737421753,513.3006457808918,520.1696235159505,2336600
COST,2022-08-11,508.4378967285156,519.2237902848292,508.14174020264716,518.9849524959028,2340200
COST,2022-08-12,513.2242431640625,514.3611134333688,509.89958131121136,512.2402034315492,1918200
COST,2022-08-15,521.3828125,522.5770012597343,511.7624208543806,512.4503039011865,1848000
COST,2022-08-16,528.3283081054688,534.9679519056419,524.4590893257914,526.4939919265084,2498000
COST,2022-08-17,531.4810180664062,534.4712721643513,524.4974027130937,525.4431911275211,1835200
COST,2022-08-18,535.913818359375,539.5345783361545,531.5764866883425,534.0986277952853,1619200
COST,2022-08-19,529.7709350585938,534.28972762771,528.4716130959425,533.7069773833653,1617000
COST,2022-08-22,521.1153564453125,528.3091784920633,519.988049101427,528.3091784920633,1860900
COST,2022-08-23,517.8671875,521.6312732370915,512.908912865481,521.3733097760456,1359000
COST,2022-08-24,518.9658203125,520.8765225999758,515.2781788920732,518.5168332637462,1145800
COST,2022-08-25,526.1788330078125,526.3125378688255,515.4597615315109,521.3733881731838,1483300
COST,2022-08-26,508.07476806640625,527.9938127885378,507.9314420945937,525.4430419842497,1886800
COST,2022-08-29,507.3487548828125,511.5905161163454,500.6039784219701,503.4987202554639,1579900
COST,2022-08-30,500.73779296875,512.0778070707396,498.22521464289963,510.42506815062114,1872700
COST,2022-08-31,498.788818359375,502.82043058424455,497.03100487488797,502.07522868907625,2179800
COST,2022-09-01,505.5430603027344,505.9347868570033,493.9451437545589,496.5149819057557,2280600
COST,2022-09-02,495.9324035644531,510.9601192920126,493.0090308940026,508.91565349822906,1901700
COST,2022-09-06,495.7317810058594,499.7920237696826,489.6461982811182,496.93547458601796,1933400
COST,2022-09-07,505.9921569824219,507.92192650169034,495.731695774126,496.78255863184637,1827900
COST,2022-09-08,505.49542236328125,509.23087820950803,498.2729696224803,500.9193111061236,1600800
COST,2022-09-09,512.6222534179688,514.0361542319049,505.8870405626684,508.36136698705667,1930900
COST,2022-09-12,515.4310302734375,518.3734695991251,513.0235269069639,513.7209145320129,1522400
COST,2022-09-13,487.515625,508.47602919084466,485.9775238170028,507.0907585181452,2881400
COST,2022-09-14,485.3183898925781,491.06005970102655,480.6562715610929,490.91673370284275,2007300
COST,2022-09-15,481.019287109375,486.3310369841806,478.1818931274553,485.70050174875377,1749600
COST,2022-09-16,481.6307373046875,483.8280332628189,475.0961098562383,477.26477560139716,3004800
COST,2022-09-19,483.95233154296875,484.0860655689255,476.61524030594563,479.7392286676837,1441300
COST,2022-09-20,477.21697998046875,480.9524063505501,471.389361484513,480.5416123669996,1843100
COST,2022-09-21,471.0550231933594,483.81850123128646,470.9881416121564,480.0639780123907,2082600
COST,2022-09-22,465.4184265136719,471.9434619550105,462.78164804440325,471.9434619550105,3133100
COST,2022-09-23,445.5757141113281,460.78491532177895,442.83386132279514,457.5558241788378,5377800
COST,2022-09-26,458.8551330566406,462.4950185055813,444.4388880984342,445.06942333868403,4001900
COST,2022-09-27,456.9444274902344,466.59347960063604,454.202574449898,463.8134043522281,2412400
COST,2022-09-28,466.4884338378906,469.60285884588365,453.01797642686506,460.0302505592845,2419500
COST,2022-09-29,457.5940856933594,467.1762561715526,452.9033082392286,463.92803906979043,1963900
COST,2022-09-30,451.1836853027344,462.2275424647569,450.8015506668001,459.19909559109885,2436700
COST,2022-10-03,456.39984130859375,459.3709689084585,449.3971021888826,453.31404709913727,2338500
COST,2022-10-04,464.42486572265625,466.2304642608578,459.2659752713613,462.2275405538614,2175600
COST,2022-10-05,458.874267578125,462.26575247063386,453.61983629648967,459.8104930381962,1587700
COST,2022-10-06,460.94732666015625,471.8287892999655,460.40279871015326,461.86448467542607,2430700
COST,2022-10-07,447.2476501464844,457.7182909407105,445.30828841268607,456.9062657597885,2568100
COST,2022-10-10,445.48980712890625,449.25389311655215,440.9996449136928,448.7188987872932,1616300
COST,2022-10-11,450.94488525390625,455.94138277307826,442.9963850341898,444.238329993675,2341400
COST,2022-10-12,445.556640625,458.320117038482,445.4801962119246,453.1421305201686,2043900
COST,2022-10-13,447.0947570800781,450.67732374611006,428.98130818002113,437.7323278548488,3390900
COST,2022-10-14,434.3504333496094,452.2537353266568,433.52884528155687,450.9544424858917,2301600
COST,2022-10-17,443.4453125,446.0343056984082,439.92006477089416,441.03780917963473,2097500
COST,2022-10-18,452.1390075683594,455.2438986637352,447.89724632412265,452.072155148722,1864000
COST,2022-10-19,450.3811950683594,453.6676054255047,446.1012404860336,446.92282849781793,1207600
COST,2022-10-20,443.875244140625,451.00215551596216,442.24160184675486,449.9703891079924,1709500
COST,2022-10-21,456.8298034667969,458.157755552597,441.63972609403,443.0058712340234,2508400
COST,2022-10-24,474.7807922363281,475.76480260966224,459.53339829199655,460.1065855735511,2366200
COST,2022-10-25,476.7775573730469,477.85710887082786,468.5997536078264,471.2938509315801,2130900
COST,2022-10-26,477.150146484375,484.7642963632277,473.55801680852875,475.764875646295,2088700
COST,2022-10-27,475.22637939453125,481.41866038273037,472.92940354088853,478.3560064394516,1576600
COST,2022-10-28,488.9412841796875,490.8075935769603,474.6808613330777,475.9537592303913,2369300
COST,2022-10-31,479.9734802246094,487.76409071292414,479.01640449135994,487.76409071292414,2192200
COST,2022-11-01,478.4996032714844,485.61069858127746,478.3273366393036,482.0790865833955,1586300
COST,2022-11-02,462.7557067871094,481.6387927053057,462.52598874514473,476.432298271164,2464400
COST,2022-11-03,465.4163818359375,470.2400226609623,459.1188069473701,460.23859844352893,2010400
COST,2022-11-04,465.5312194824219,471.48423182109804,456.03701518249716,469.3499423819243,1987300
COST,2022-11-07,467.5793151855469,468.96708661470444,454.13241346668826,456.57294478540587,2036000
COST,2022-11-08,471.6086120605469,476.872528196044,463.71273785730114,469.66574963702317,1709900
COST,2022-11-09,468.9383850097656,476.2217171154433,465.9618643750408,470.7855341131938,1640500
COST,2022-11-10,491.104248046875,492.7503901761269,479.8777398126939,483.2753759991647,3098300
COST,2022-11-11,493.3438415527344,494.65508915929865,484.95987728754415,491.10431686166385,2393500
COST,2022-11-14,487.8023681640625,498.3493617714367,487.55354832672697,493.63098526689265,1820200
COST,2022-11-15,503.8716125488281,507.0586909659196,497.6793608483686,497.6793608483686,2502200
COST,2022-11-16,501.6129150390625,505.87191345068607,497.84203456524534,498.9331148479581,1833600
COST,2022-11-17,498.9427795410156,499.3925771425379,490.9416396084815,496.7223566018643,1902500
COST,2022-11-18,501.1918029785156,506.8098325243547,495.9470469660423,504.25445682528084,1584400
COST,2022-11-21,500.9048156738281,504.64701520442253,499.6702087761491,503.1730809133302,1268300
COST,2022-11-22,509.1165466308594,509.93003779563566,504.07273784646753,507.2119748991083,1809100
COST,2022-11-23,511.5474548339844,513.7582976811127,507.6330473727307,511.078497020241,1288200
COST,2022-11-25,510.7530212402344,512.858599582349,510.1883792578546,511.2315591172937,744200
COST,2022-11-28,508.1307067871094,513.2319375530043,506.23571524903264,508.1020248868259,1684300
COST,2022-11-29,506.25482177734375,510.8104533867536,505.33600800601766,508.2454973256463,1685700
COST,2022-11-30,516.1030883789062,519.2901669221105,499.7275366272896,504.77128601155044,3601800
COST,2022-12-01,482.232177734375,496.8563233658956,474.39375414204443,496.8563233658956,6970400
COST,2022-12-02,473.30267333984375,477.5520920411163,470.9865371545925,477.1213962670496,3632100
COST,2022-12-05,467.68463134765625,471.5512254883948,463.92333072555203,471.35979865867796,2455300
COST,2022-12-06,460.506591796875,470.37404088035333,456.68786873147,469.5988118250852,2995900
COST,2022-12-07,461.28179931640625,465.6556424935036,458.3148586568221,458.5254164896347,2072600
COST,2022-12-08,460.7554016113281,462.58339051650364,453.17534912933746,462.17185497063195,2901000
COST,2022-12-09,462.2867431640625,469.05327609106035,450.30416464303903,454.70671917183074,4211100
COST,2022-12-12,466.7466735839844,466.8806782025718,460.0375927419211,462.00916636090284,2276400
COST,2022-12-13,467.2443542480469,476.5949730386252,460.879777670026,475.7048996744595,2626700
COST,2022-12-14,462.76519775390625,470.5845184964674,460.3916688861794,467.8759781093368,2145000
COST,2022-12-15,443.9970397949219,456.23804750777384,443.27923294183074,454.93640922619807,3437700
COST,2022-12-16,441.642578125,444.83920734717515,437.26873531792126,441.46073141169865,4909200
COST,2022-12-19,438.94366455078125,443.5184855576819,435.8140080936852,441.1353762396348,1939200
COST,2022-12-20,438.16845703125,440.4941442539805,433.1055177871618,436.9625321568108,1993700
COST,2022-12-21,442.22637939453125,443.78641740156553,436.61793001778585,439.6614236223876,1462400
COST,2022-12-22,439.0202331542969,440.6376935970136,433.928612083175,438.96281094276196,1906100
COST,2022-12-23,442.79107666015625,443.2983256241883,435.2780264057079,437.88127353619757,1229500
COST,2022-12-27,438.8192443847656,444.7531258937422,437.48889503316013,444.4659856356489,1230800
COST,2022-12-28,433.5457458496094,440.69510305516616,433.3638991157994,437.90045814922286,1324100
COST,2022-12-29,436.9337463378906,439.2977243671695,433.9955170757559,436.0723840924224,1465000
COST,2022-12-30,436.905029296875,437.0964561077681,431.4018443714488,435.1344335228205,1803200
COST,2023-01-03,433.8232421875,439.1062891721442,428.6741706036406,438.3406403480383,1978100
COST,2023-01-04,436.9624938964844,439.7858789891392,433.16290207186796,437.55587617714536,2097300
COST,2023-01-05,430.8659362792969,436.8380796412712,430.32039608936884,435.0292216531338,2169300
COST,2023-01-06,462.1431884765625,463.62667349629197,442.37957897950355,443.20265015069486,5174500
COST,2023-01-09,458.20001220703125,465.9714625711385,457.6162100231523,462.2005818050851,2384800
COST,2023-01-10,460.73626708984375,461.3966517038177,455.0703949214956,456.65914419514064,1649900
COST,2023-01-11,463.5213623046875,463.72234003758757,458.5445566340333,459.7121902378911,1576400
COST,2023-01-12,461.7220458984375,464.18173757956754,458.2000141571504,464.1721574756488,1628200
COST,2023-01-13,464.4209899902344,464.74639222791853,458.4392667806745,460.24815389890915,1405900
COST,2023-01-17,465.87579345703125,469.42656583261765,463.57881729569834,464.3062042763811,1539900
COST,2023-01-18,458.88909912109375,467.8281828893733,457.97986549911803,463.99987998864714,1925500
COST,2023-01-19,449.3374938964844,457.0611023699696,447.9784626594032,455.79775534377774,1919500
COST,2023-01-20,459.5015869140625,459.70259383469903,449.31831695084713,453.57731537476144,2588600
COST,2023-01-23,471.465087890625,473.9822018755213,457.09940023537695,459.34853416908476,2709400
COST,2023-01-24,470.986572265625,472.41263511225816,466.10550890304546,470.92915005248665,1510200
COST,2023-01-25,469.8093566894531,470.823854664807,463.70320862912365,468.3545828322404,1329800
COST,2023-01-26,476.91082763671875,477.26497019350364,470.661124248014,472.0297647484992,1576400
COST,2023-01-27,481.6866760253906,487.2472839536223,476.4897323580367,478.308199700599,2034100
COST,2023-01-30,481.67706298828125,483.897485649129,478.891969162479,478.891969162479,1855900
COST,2023-01-31,489.1997375488281,489.45813749961303,480.45205073294966,481.629264479574,1924100
COST,2023-02-01,495.6791687011719,498.11017894668635,483.05536406829526,486.491263148596,2080200
COST,2023-02-02,501.8341369628906,508.18100203141586,499.15926881416243,502.6586407413155,2287400
COST,2023-02-03,493.560302734375,500.0318103537513,491.3552081378313,497.71167141421995,1844100
COST,2023-02-06,494.3177490234375,495.8804444439094,491.1347189767582,493.21517246052673,1740100
COST,2023-02-07,495.2189636230469,496.61868929511104,486.4560489327623,490.866238105036,1927300
COST,2023-02-08,483.0236511230469,491.0483144305982,480.8664823088245,490.1950495362682,2062900
COST,2023-02-09,479.97491455078125,488.1529809776421,477.8561033539626,484.442654873399,1517300
COST,2023-02-10,479.3612976074219,479.8981906684583,474.9415120052335,477.9423784854589,1536800
COST,2023-02-13,485.55474853515625,485.88071720406384,480.66515998459266,481.0390540353933,1452600
COST,2023-02-14,482.45806884765625,486.8970482385753,478.0574473226281,484.17422492990437,1257300
COST,2023-02-15,490.1855163574219,490.31975425623625,480.65562032986765,481.98828550318854,1422600
COST,2023-02-16,483.3017883300781,489.6582516859671,482.822417389314,482.83198491236266,1456000
COST,2023-02-17,486.54229736328125,486.7627892510244,481.134979587592,483.4647151307766,1340400
COST,2023-02-21,481.03912353515625,483.19629268455674,476.0632510231941,480.1570974232608,1811800
COST,2023-02-22,476.8686218261719,484.605646303175,476.11120757386914,483.12920492334337,1332000
COST,2023-02-23,472.7939453125,478.2779203205519,467.7317605201854,478.22039815322813,1546300
COST,2023-02-24,468.4508361816406,470.12863440086454,464.7021813364362,468.4220750967931,1587600
COST,2023-02-27,466.93603515625,472.65972508676765,465.6417278261219,472.228279557232,1501700
COST,2023-02-28,464.20361328125,468.70971159587174,463.8201224000751,465.5650395566715,1918200
COST,2023-03-01,458.9209289550781,462.6695834714292,455.4214981409038,461.2506643987878,1759300
COST,2023-03-02,465.65130615234375,467.3195075179397,455.93924705847695,457.6649705912674,2379200
COST,2023-03-03,455.65167236328125,456.36113198727054,446.1313433187826,455.2393911210496,5354200
COST,2023-03-06,463.1490173339844,468.65221565442664,455.900931017773,456.859672903605,3104700
COST,2023-03-07,465.133544921875,474.77848439461985,464.9897395139267,466.04436126967397,2659100
COST,2023-03-08,465.9869079589844,466.79224762096476,461.28907863485864,463.07232447385525,1548500
COST,2023-03-09,459.73583984375,469.783464057042,458.87297810840175,467.36744534637165,1629400
COST,2023-03-10,451.70166015625,460.63711217748977,449.0555232236641,459.2181929306666,2123000
COST,2023-03-13,452.5261535644531,457.02265518525286,447.54068423704626,447.54068423704626,1799600
COST,2023-03-14,462.0368957519531,465.1432100540085,453.48490538138896,455.81464110793047,2422900
COST,2023-03-15,465.6225280761719,466.92640282963345,458.79629140575133,461.6437556118737,2226300
COST,2023-03-16,467.15655517578125,468.00025267065735,462.8422169248294,464.9226703188736,1979600
COST,2023-03-17,466.9551696777344,469.6875895874037,461.6437613118464,468.8918467881096,3959300
COST,2023-03-20,469.10284423828125,470.54095712444047,465.68012854718665,467.86605896380945,1623800
COST,2023-03-21,470.5984191894531,472.65970821129565,465.9389188190469,472.65970821129565,1664000
COST,2023-03-22,467.40582275390625,476.1303795633297,467.2428530218622,469.26578430974854,1299700
COST,2023-03-23,467.6359558105469,472.89943944848625,464.3091202663886,470.44506253931553,1565900
COST,2023-03-24,474.8360595703125,475.5071905603,466.48542635375753,466.84975293355194,1635200
COST,2023-03-27,472.8706359863281,479.2366663807314,472.1899374946272,476.7631253883872,1452100
COST,2023-03-28,466.6867370605469,473.6759729989965,465.3828622521247,472.2857856808166,1407800
COST,2023-03-29,470.6175842285156,471.0298361818334,465.85263629654503,469.0165018020108,1643000
COST,2023-03-30,471.20245361328125,475.2866739867466,470.7422469935548,472.6597306880295,1545500
COST,2023-03-31,476.3700256347656,477.79854153051286,473.56091922909025,474.57718317966544,2082000
COST,2023-04-03,476.52337646484375,478.60385878602693,474.57713202304774,476.01524454432973,1804700
COST,2023-04-04,477.1945495605469,481.8444237172705,475.0565448900486,476.01528665571976,1913300
COST,2023-04-05,476.6193542480469,483.3305473906189,474.7306315790124,478.4121968776343,1941500
COST,2023-04-06,465.9292907714844,467.72213302631087,457.79915081660175,462.1134883635645,4114700
COST,2023-04-10,473.45550537109375,473.5226243269468,461.78763269070026,463.93520521014904,1653600
COST,2023-04-11,478.0766296386719,479.3613402388687,472.6597439020382,473.45548678376076,1547400
COST,2023-04-12,469.16033935546875,479.4188597966828,468.3837607824084,479.3709344066341,2063700
COST,2023-04-13,477.3479919433594,477.8752882554824,470.0807123629722,473.1295044124585,1600500
COST,2023-04-14,471.0299072265625,479.7257037146978,469.9369566205374,475.71816939513525,1675300
COST,2023-04-17,473.56097412109375,477.3480163110484,470.8860760407421,472.43923322982346,1411800
COST,2023-04-18,476.3988342285156,477.09872633383367,473.73353297296836,475.6318524280555,1339600
COST,2023-04-19,475.564697265625,477.44382301461457,473.45545358723405,476.6193191048205,1098800
COST,2023-04-20,484.720703125,489.5911282230554,475.06619470337444,475.2962833901084,2936500
COST,2023-04-21,485.4588928222656,489.57190313788135,484.6055986174311,488.3542823852962,1508600
COST,2023-04-24,490.31976318359375,490.5786129465479,484.9412062632711,485.219249588393,1374100
COST,2023-04-25,482.4101257324219,491.959185894824,481.5376671809582,490.04170228944724,1789900
COST,2023-04-26,474.251220703125,482.12248266226385,473.0336291542743,479.7735828152547,1441900
COST,2023-04-27,480.5885314941406,481.53770585079036,474.414231448323,474.414231448323,1361600
COST,2023-04-28,482.45806884765625,484.0016291626351,479.9845277795574,480.8665538856942,1170200
COST,2023-05-01,473.2253112792969,479.4187744569789,468.63293035278105,478.555912780338,2203200
COST,2023-05-02,474.3950500488281,475.22915077273586,469.60134082317074,474.5772133400814,1940800
COST,2023-05-03,469.841064453125,478.20129519217414,469.4575735356144,476.11124482203223,1426400
COST,2023-05-04,471.09002685546875,471.6376565974427,466.85315293302364,469.7449944958449,1487000
COST,2023-05-05,479.4676818847656,479.79433049770836,473.6263860847502,473.83775040130206,1709200
COST,2023-05-08,479.4676818847656,480.6109666898181,476.23960430779795,477.84402629841395,1015000
COST,2023-05-09,481.1297607421875,482.0424476072551,476.9025038589409,477.45010425017955,1571800
COST,2023-05-10,480.0440673828125,485.1456020406554,475.6630887988966,482.24417347133004,1257600
COST,2023-05-11,482.1865539550781,483.25296292116496,478.01691014382027,479.89998454874416,1046700
COST,2023-05-12,484.2809753417969,486.1640204738916,481.52365192563934,483.41631385498323,1472800
COST,2023-05-15,482.3306884765625,485.1744752109116,479.27550811221266,484.2233504734328,1135700
COST,2023-05-16,476.6719055175781,480.64938953575415,474.8945278184343,480.37076628184934,1229300
COST,2023-05-17,475.56707763671875,478.4589191476203,472.5887729027694,478.4493023496685,2069500
COST,2023-05-18,478.5454406738281,479.02581151784534,474.6832403234438,475.56713557701966,2298900
COST,2023-05-19,477.0273742675781,479.7847270890678,474.5294697433648,479.7847270890678,1635000
COST,2023-05-22,472.5599365234375,477.48854531407784,469.3606800962614,477.48854531407784,1943800
COST,2023-05-23,465.83477783203125,468.04450111763947,464.0093746444467,468.04450111763947,1800200
COST,2023-05-24,463.8075866699219,468.12130672264124,462.0302089898344,468.12130672264124,1600600
COST,2023-05-25,467.4487609863281,469.360656491777,458.0335060969299,461.3576634482353,3421900
COST,2023-05-26,487.3457946777344,490.69877348829516,465.11421992200366,466.5841534010826,5302600
COST,2023-05-30,488.0854797363281,494.58007202855214,481.8983024265834,489.7763940777249,2544800
COST,2023-05-31,491.4769592285156,493.69626992782986,485.1264714721721,488.88294524047,3320800
COST,2023-06-01,492.4761047363281,493.5713641981787,482.38834758292086,489.3344903612144,2407700
COST,2023-06-02,492.4665222167969,498.14447880665966,489.4017250987075,490.2856201989078,2284800
COST,2023-06-05,497.9042053222656,498.54788560873135,491.91880546801343,492.4664350749464,2023500
COST,2023-06-06,495.9924621582031,498.2694150331903,492.6298665964399,497.9043285382207,1410300
COST,2023-06-07,491.15985107421875,498.90339532329494,490.5257582130335,494.31108178709286,1784700
COST,2023-06-08,499.6719970703125,499.86409843009324,492.37994438547355,492.37994438547355,1530400
COST,2023-06-09,496.9724426269531,501.5647569792676,495.2622944334921,497.84669168114016,1287300
COST,2023-06-12,500.51751708984375,500.80578647753254,495.74265954291053,496.9724369226114,1404500
COST,2023-06-13,501.52630615234375,502.4197887276904,497.5776139464456,501.52630615234375,1204700
COST,2023-06-14,506.50286865234375,507.12731536765546,502.6022609844105,504.38922588274926,1841400
COST,2023-06-15,508.40521240234375,510.40357126889,505.9841249032399,508.2322859579808,1871600
COST,2023-06-16,503.0923156738281,509.5964958285537,502.11234056815846,509.28905150836306,3147800
COST,2023-06-20,499.2973937988281,502.3717784776159,497.798639330783,501.45906227998995,1684400
COST,2023-06-21,499.2205505371094,501.16126735317204,496.2614499603336,497.57766127449065,1273600
COST,2023-06-22,503.6206970214844,504.08183416875534,499.2781267546607,500.2484850345489,1114000
COST,2023-06-23,503.851318359375,504.77365138951194,498.95155973948914,502.59274923064277,1434300
COST,2023-06-26,502.8713073730469,504.26439429762814,500.7961315017666,503.81287393229263,1278500
COST,2023-06-27,509.5101013183594,511.5084015955659,501.6031581973194,502.1316129804107,1673600
COST,2023-06-28,511.88311767578125,512.5460317317181,507.85760798750107,508.21307769179907,1245200
COST,2023-06-29,510.8166809082031,511.5468538739383,508.18425842363973,509.75027185304253,1121800
COST,2023-06-30,517.2440185546875,518.3776864991704,512.6804963847482,513.1992756898142,2221900
COST,2023-07-03,519.799560546875,519.8380277358766,513.3626394019275,516.1583713684369,951400
COST,2023-07-05,519.885986328125,524.6128174867816,516.3984904364759,519.972420214265,1630400
COST,2023-07-06,516.273681640625,519.0886473433077,515.5147169267448,517.7244107622658,1750100
COST,2023-07-07,504.4372863769531,515.3993791545638,504.0337913870486,512.930266592449,2740600
COST,2023-07-10,506.3202819824219,510.2977650384657,504.44682471930025,504.44682471930025,1955600
COST,2023-07-11,508.8470764160156,509.92310206592686,505.4940983962923,506.79107579818526,1262300
COST,2023-07-12,516.8790283203125,518.9061792093195,510.25950401436995,511.1145781903462,1960500
COST,2023-07-13,517.3112182617188,517.9548985804299,511.87338910299025,516.6867128964756,1647200
COST,2023-07-14,525.2373046875,525.3909975014379,516.9748939426353,517.5609907283313,1828700
COST,2023-07-17,531.2515258789062,532.4524524937809,524.660796050838,524.7376717731086,1909900
COST,2023-07-18,531.8570556640625,533.2116757418039,527.8219285522658,530.9731310265198,1778800
COST,2023-07-19,532.3565063476562,534.0666545181131,530.3485892699994,532.7119760434905,1261100
COST,2023-07-20,535.0946044921875,539.0432379656884,531.9721946315298,532.0682453254855,1732800
COST,2023-07-21,535.9593505859375,539.984860653727,535.5654722901817,537.2179198671355,5264300
COST,2023-07-24,541.7908935546875,544.3272649375742,534.0569369712426,536.0937040589846,2086400
COST,2023-07-25,543.0015258789062,545.2688618923086,542.1464518151957,544.5195139660874,1602500
COST,2023-07-26,543.9429931640625,545.7300169017309,541.3009540656411,543.3089295816044,1306400
COST,2023-07-27,539.7733154296875,548.7369897782701,538.5915637245745,545.4320372723467,1485300
COST,2023-07-28,541.2049560546875,545.5186763839608,540.5324252181855,542.4154998325887,1371400
COST,2023-07-31,538.658935546875,542.1368151836408,537.1025389641901,540.8974797238019,1365900
COST,2023-08-01,533.6630859375,540.7822137316249,532.7696033237982,538.6205452226334,1445300
COST,2023-08-02,530.6654052734375,534.7774059646641,529.3876616327178,530.5789713988886,1635000
COST,2023-08-03,535.7959594726562,538.351506204544,530.5406726811987,531.7993004100997,1463400
COST,2023-08-04,530.3677368164062,539.2545960309915,529.7624649571569,539.0432610396396,1142000
COST,2023-08-07,536.4876098632812,537.5924859916757,533.2018905074628,533.2018905074628,1015400
COST,2023-08-08,534.28759765625,536.9584873697701,530.1756542255578,536.0937965004549,1020400
COST,2023-08-09,537.72705078125,540.0232371314352,534.9504936618549,536.0745448428831,1471800
COST,2023-08-10,539.4467163085938,546.8636709176609,538.6877516605709,541.0896053253327,1107200
COST,2023-08-11,540.8590698242188,542.8189614244513,537.0833626690448,538.3514898792483,1043100
COST,2023-08-14,539.4275512695312,545.4226280354433,538.4380179261746,542.5980454211527,1247600
COST,2023-08-15,536.5836791992188,542.9725742127405,536.28585171605,539.0239412019879,1124300
COST,2023-08-16,537.1025390625,542.7709375286802,536.785477939596,539.648527565227,1340100
COST,2023-08-17,525.6312866210938,538.4187540937476,523.6810117992559,537.5060379085976,1941900
COST,2023-08-18,523.54638671875,527.8985144846474,521.7882136524879,525.4486358022153,1878100
COST,2023-08-21,521.8843994140625,523.7482402270844,515.2456429627348,522.5088461914062,2076100
COST,2023-08-22,517.2344360351562,520.6835240838601,516.3985955576537,520.6835240838601,1286000
COST,2023-08-23,519.6265869140625,519.9244144067343,515.1879662741138,517.8012134115265,1295800
COST,2023-08-24,511.801025390625,520.7431556566884,510.944335859002,519.097162609954,1587500
COST,2023-08-25,514.0150146484375,515.7283353641346,510.6941816252648,512.956166818687,1511500
COST,2023-08-28,516.1134033203125,516.9315532119552,513.1583464913781,515.9305151533813,945800
COST,2023-08-29,522.447021484375,522.7357768011361,514.3326739594314,514.3326739594314,1468500
COST,2023-08-30,521.9561157226562,524.0352127836253,519.1165611082896,522.4084892672453,1292800
COST,2023-08-31,528.7131958007812,531.5238450393647,519.7806410291171,519.7806410291171,2086500
COST,2023-09-01,523.87158203125,532.7559632352585,520.3967657937991,532.361340764306,1437700
COST,2023-09-05,524.33349609375,528.6265201559935,523.6308484977236,525.2960528005473,1714300
COST,2023-09-06,526.2200927734375,528.1355710903531,519.9538396363312,521.4361557145454,1476600
COST,2023-09-07,528.0778198242188,530.3590743640046,523.9099331176508,528.106724723358,1340000
COST,2023-09-08,530.5515747070312,531.6970194110295,527.5772489631055,528.510959415003,1075300
COST,2023-09-11,537.857421875,538.4445673193097,531.1964876959977,532.1109282443948,1388600
COST,2023-09-12,537.8670654296875,539.4168264477488,535.3548064109857,538.3387675872376,1055500
COST,2023-09-13,538.80078125,539.4553127966687,533.8532254048189,537.3954272308039,1162700
COST,2023-09-14,543.6231689453125,545.4808963355168,539.272393839877,543.6616500635752,1257300
COST,2023-09-15,535.5279541015625,544.3353701333713,534.7386506716804,544.1621170023908,2945300
COST,2023-09-18,541.64990234375,543.0648913061772,536.5964794418553,537.2799158794685,1003100
COST,2023-09-19,543.2188110351562,544.1621564831016,538.4830488620588,540.6103201658299,1144700
COST,2023-09-20,542.7184448242188,547.9065815924117,541.5922110106068,543.2189344360163,1311500
COST,2023-09-21,534.2959594726562,543.4306126425628,533.5259259058714,542.9493343195978,1687700
COST,2023-09-22,537.6746215820312,541.8905662599129,534.0072825729956,534.3730001022916,1527300
COST,2023-09-25,537.7035522460938,540.25435163286,533.9688266249981,538.5409720825432,1313300
COST,2023-09-26,532.2554931640625,540.3505709737931,531.3314173752169,538.2137228212155,2425100
COST,2023-09-27,542.4298095703125,545.2885758457061,524.3336897974651,526.8844895127352,4591400
COST,2023-09-28,547.3385620117188,550.755626178361,542.949306282922,542.949306282922,2192400
COST,2023-09-29,543.8060913085938,549.6102780538266,539.7055900881851,548.657356256087,1887500
COST,2023-10-02,549.9183959960938,550.3322884250135,542.8821072048321,546.6456789420971,1831700
COST,2023-10-03,543.8829956054688,554.6155258957431,541.9290361298541,549.7160866321187,2007400
COST,2023-10-04,550.3900756835938,551.1697444962824,542.6511386261723,548.1665713844582,1798800
COST,2023-10-05,548.1953735351562,553.2295268543104,543.2285474929107,550.7461138331877,1579700
COST,2023-10-06,536.6542358398438,545.7215030086628,522.3121182932642,544.8937183918266,4246700
COST,2023-10-09,538.0401611328125,538.7909833783277,529.1943235848667,534.2188401518033,1781500
COST,2023-10-10,541.043701171875,545.7217141886877,536.3752643754142,538.9549101387984,2176800
COST,2023-10-11,544.3451538085938,545.2884406960028,539.2243444558761,543.7001984367715,1449800
COST,2023-10-12,542.6702880859375,547.829578312121,541.3226850978463,546.7803655749896,1458000
COST,2023-10-13,545.61572265625,546.1932332366397,540.9376519558748,542.7376284728615,1243900
COST,2023-10-16,550.8134765625,552.6038180544148,547.2327935786707,548.3589685494165,1428300
COST,2023-10-17,552.8347778320312,554.4903469671752,549.3406927098326,550.5246185157738,1404600
COST,2023-10-18,553.1236572265625,555.6840324811951,550.5824931581869,552.430585776185,1311900
COST,2023-10-19,544.450927734375,554.2882285895291,542.9878228127488,552.2187670225408,2019600
COST,2023-10-20,532.2265014648438,545.4520219275951,531.3409656969061,545.3268848489971,2295400
COST,2023-10-23,531.6105346679688,536.0671778612034,526.1624884073473,533.3913002013355,1776500
COST,2023-10-24,531.1773071289062,535.1718821234967,528.7612804485489,531.4275225172838,1678600
COST,2023-10-25,529.3966674804688,533.0929118783974,525.1806634991581,528.0105831749719,1757500
COST,2023-10-26,527.0961303710938,533.8917796761951,525.1036893051981,529.0694189988375,1925300
COST,2023-10-27,522.6972045898438,527.50998819655,520.0019987702483,527.0960371065494,1503100
COST,2023-10-30,534.103515625,535.5280808723685,523.2843867197546,525.3057324761452,1696200
COST,2023-10-31,531.7548217773438,533.2853127689707,528.5013754553477,531.4852777034278,1394700
COST,2023-11-01,535.9514770507812,537.5300838979168,529.069232945545,534.2188870050471,1735300
COST,2023-11-02,536.1348266601562,539.5485690008502,532.3161438487042,536.6459462892353,2100600
COST,2023-11-03,540.8889770507812,542.9043798416811,535.421221415333,537.4463357143369,1826800
COST,2023-11-06,549.4907836914062,552.2198354771809,540.1464873047222,540.4936296135302,2056900
COST,2023-11-07,550.8890380859375,553.4155606419113,549.2400239115276,552.075137013114,1373100
COST,2023-11-08,547.1377563476562,552.5475959119375,544.1579714659096,551.7086393530969,1343600
COST,2023-11-09,543.1743774414062,548.6999308455353,541.9593207256538,548.6999308455353,1288400
COST,2023-11-10,556.5302734375,557.2728212332869,544.7848223845646,547.639240619526,1908800
COST,2023-11-13,557.6006469726562,559.259313666662,553.0297639146921,554.4859015254831,1650700
COST,2023-11-14,569.7222900390625,570.4455326361477,560.4744609912742,560.9855218205786,2037600
COST,2023-11-15,575.48876953125,578.4878002550823,572.2197000869846,572.7982704056107,2165100
COST,2023-11-16,557.9382934570312,565.6625339202359,551.8244567192811,565.4600048014431,2954700
COST,2023-11-17,556.5593872070312,559.2305235458713,553.5796013967838,558.2469535007365,1773600
COST,2023-11-20,560.0789184570312,561.5447085964751,556.742397760565,556.742397760565,1624100
COST,2023-11-21,563.4539794921875,564.0808130546081,557.0991231790838,561.2360481182254,1173700
COST,2023-11-22,568.0635986328125,570.0501023205298,565.4309559422875,565.9131176029725,1068600
COST,2023-11-24,570.26220703125,573.0009110740418,569.3460881336107,569.9343700726987,645800
COST,2023-11-27,573.6759033203125,578.5360711281702,571.2746890780217,571.3808093633086,1627400
COST,2023-11-28,572.8080444335938,576.1060136638343,570.3200738210708,572.0269449091256,1286800
COST,2023-11-29,566.8870239257812,573.9748347816019,566.4627193622044,573.9651821323541,1319800
COST,2023-11-30,571.5929565429688,571.9111996971365,562.0365389867579,566.858155259999,1755200
COST,2023-12-01,574.977783203125,575.0741919926877,569.5197390746021,572.1137711761883,1475300
COST,2023-12-04,577.7068481445312,578.1408054229153,570.3587089369987,571.0240944018207,1624000
COST,2023-12-05,583.7531127929688,587.1572024492152,575.7299943649726,577.1764793810856,2349700
COST,2023-12-06,585.7589721679688,586.7714999947377,582.3163304708495,583.8978350168752,2233900
COST,2023-12-07,589.1532592773438,590.5032764163434,584.717337329618,588.2371404837558,1690400
COST,2023-12-08,588.9894409179688,591.7184336068614,586.048207629582,586.8871642311321,1502100
COST,2023-12-11,601.6027221679688,602.7310228108757,596.6846968617597,599.7801369980021,2139300
COST,2023-12-12,607.04150390625,607.2247276834972,600.9759316723246,605.0550003065487,2374400
COST,2023-12-13,619.0955810546875,619.674151512623,608.4880243699498,611.3038320279451,2436900
COST,2023-12-14,608.2758178710938,618.999087173341,607.8129027107547,618.3047438616411,3839200
COST,2023-12-15,635.3154907226562,638.266317699578,617.6490806048151,618.6134039156736,8807700
COST,2023-12-18,656.935546875,657.5816269580688,637.5140629239626,640.7927854444536,5733400
COST,2023-12-19,653.5604248046875,656.5112515717552,645.2479631648554,650.9181885380632,3437300
COST,2023-12-20,637.417724609375,650.2914175920966,637.2248481707971,647.8227522081263,3782700
COST,2023-12-21,641.4292602539062,643.5315368423633,635.9230118804439,642.1042983353502,2388400
COST,2023-12-22,647.6395874023438,649.2500498963936,642.2393997761075,644.168046622282,1641700
COST,2023-12-26,650.5518798828125,651.7476315412982,646.8489108021879,648.9993332571216,1774800
COST,2023-12-27,657.6329956054688,659.3885535241843,651.3210172526104,653.5893854137323,1875900
COST,2023-12-28,653.9839477539062,657.6922664398538,652.4947571823255,656.6961418762693,1496900
COST,2023-12-29,651.0054931640625,654.0727236438657,648.1255928497645,651.9128285061764,1947500
COST,2024-01-02,641.705078125,648.756745897984,640.570863910321,646.5672947029781,2657700
COST,2024-01-03,635.8270874023438,646.4391732789506,634.2589195378265,642.2574725683335,2612600
COST,2024-01-04,639.436767578125,640.9655070700155,631.7045818900897,633.2530054981344,2171100
COST,2024-01-05,646.9913940429688,650.5813669346488,643.2732035340098,647.1590400824625,2233500
COST,2024-01-08,652.5933837890625,652.9780366902881,645.0387165344887,646.7942145874534,2245300
COST,2024-01-09,658.0078735351562,658.1163468528458,649.2105189215354,649.8219905980563,1886200
COST,2024-01-10,663.51123046875,664.5665278496842,659.8127836554137,660.3552104821547,1801900
COST,2024-01-11,664.3198852539062,665.237092730356,658.4615437945921,661.7753372958431,1670800
COST,2024-01-12,673.8471069335938,674.320488841671,666.8151222263498,668.1860275639071,2388400
COST,2024-01-16,672.12109375,677.0819718862253,668.8368566214954,673.8470353352285,1626700
COST,2024-01-17,674.783935546875,675.4545798595212,669.8526742514816,671.1446623030323,1786800
COST,2024-01-18,677.8612060546875,678.2655430950174,670.8588373553551,673.4428140999139,1900600
COST,2024-01-19,685.415771484375,686.5598579280156,673.2848795354229,679.0347476302406,2267900
COST,2024-01-22,682.9895629882812,689.05497827661,681.0269306199972,685.8694027358913,2452900
COST,2024-01-23,678.1373291015625,682.1217672145193,675.2180002628372,681.2242438010011,2208600
COST,2024-01-24,677.0720825195312,680.4844769843827,673.7286727437977,679.527841138429,1946500
COST,2024-01-25,670.5531005859375,677.062343024568,666.6672633179098,677.062343024568,2751900
COST,2024-01-26,677.4371337890625,677.7921702481747,670.1585853968804,670.7306287117233,1825500
COST,2024-01-29,684.4691162109375,684.5874616968171,676.8256592348254,680.4156328293737,2215400
COST,2024-01-30,691.1065063476562,692.9902821665402,681.3031549532685,683.4137495644305,1610500
COST,2024-01-31,685.3270263671875,695.8207656434338,683.512295587149,691.6784938032245,1928500
COST,2024-02-01,695.8164672851562,696.6263903707011,682.9961112699485,685.465366914453,2039200
COST,2024-02-02,700.7549438476562,705.4959626778091,693.6237628363086,694.6904981015488,2377400
COST,2024-02-05,702.4142456054688,704.0933513440017,697.0016570287106,701.9006814728237,2276900
COST,2024-02-06,702.048828125,703.9550861452417,695.6781971346119,702.4834195062948,1920200
COST,2024-02-07,710.9282836914062,714.424727606005,703.2439320145484,705.367515754538,2145500
COST,2024-02-08,715.25439453125,719.2150899761003,711.7974368510445,714.9877559322763,1918500
COST,2024-02-09,714.5037841796875,716.607594654844,711.2640920788534,716.2223763347039,1426100
COST,2024-02-12,713.5259399414062,714.8988605064997,706.5033915692394,714.6223352306552,1572600
COST,2024-02-13,705.4663696289062,712.903796904042,700.32041892994,712.5185785377342,1951100
COST,2024-02-14,713.2987670898438,713.6642120808373,702.325410123399,707.1947747320299,1472500
COST,2024-02-15,715.6001586914062,717.1014853854687,709.4467930346308,712.6172786391172,1264100
COST,2024-02-16,715.0864868164062,720.0941440692853,709.6640115304086,713.1110824697663,1764900
COST,2024-02-20,716.7655639648438,725.9215820371996,714.8099330307693,719.0768134833851,2407300
COST,2024-02-21,714.1284790039062,719.8274798246615,711.412297896592,716.7656270538765,1564200
COST,2024-02-22,725.3684692382812,726.9981415839642,716.9235677892136,716.9235677892136,1801600
COST,2024-02-23,728.8550415039062,733.3787342379585,728.0550051724838,731.0181116273158,1265800
COST,2024-02-26,736.1837768554688,737.5962439870287,729.9118922872556,732.8749987512093,1707000
COST,2024-02-27,735.5516967773438,737.4579547107046,732.2132586560427,736.8258108604399,1471300
COST,2024-02-28,738.7617797851562,742.633555637289,734.0701942045197,734.0701942045197,1365000
COST,2024-02-29,734.7418823242188,743.305244431099,733.8529261356637,742.1792493348131,3361200
COST,2024-03-01,740.2234497070312,742.1395941548052,730.1587630941885,731.3341309815017,1678100
COST,2024-03-04,749.8438720703125,755.3354947925382,744.4016224092812,745.7943164992846,2133400
COST,2024-03-05,750.6043090820312,759.8097009444751,747.5918293882665,758.9701178924037,2353400
COST,2024-03-06,763.7307739257812,765.6271451073253,754.2685707823161,755.4341123286803,2400600
COST,2024-03-07,775.9290161132812,777.4006827804418,767.4545141578453,769.5286647129136,4187900
COST,2024-03-08,716.6371459960938,746.9200663948847,716.182781319583,746.7521739145765,8590200
COST,2024-03-11,705.2984008789062,711.1455809985514,702.2661479035571,710.9579151699612,3762500
COST,2024-03-12,727.8179931640625,730.9489922205523,708.0935491204357,708.261501897288,3727400
COST,2024-03-13,725.1709594726562,727.442662451234,717.644673612626,725.9611091672192,2270300
COST,2024-03-14,722.9486083984375,731.57122896811,720.0249883010649,729.2501530048743,1826100
COST,2024-03-15,716.706298828125,723.5115809475582,714.3259029440655,723.5115809475582,3390700
COST,2024-03-18,722.543701171875,724.3216134960528,717.0916256026932,717.1705983798759,1595200
COST,2024-03-19,723.1658935546875,726.3067792759762,721.0423700228475,722.7905619007702,1322700
COST,2024-03-20,731.6107788085938,732.9639863475727,720.1633435354299,722.0103419129074,1398700
COST,2024-03-21,733.4281616210938,743.0582583126967,731.9860946704738,734.3566041237691,2106900
COST,2024-03-22,725.7635498046875,735.6306849373258,725.3487317687648,735.2751266208206,1794100
COST,2024-03-25,721.9707641601562,725.1313627201145,717.8026298610399,722.0102505425621,1604700
COST,2024-03-26,721.9906005859375,725.6648844523685,721.2399372000772,722.010373922796,1353500
COST,2024-03-27,723.0770263671875,726.8401692488708,718.8002590625841,724.9733976666943,1246700
COST,2024-03-28,723.6202392578125,725.862342455027,719.363245353981,724.8252069580147,1713300
COST,2024-04-01,712.3703002929688,724.2523862820765,711.3431117431544,722.7609463664472,1600700
COST,2024-04-02,702.5525512695312,711.1455723253744,699.6882511072884,711.1455723253744,2326700
COST,2024-04-03,697.0115966796875,702.068627329515,688.6951606923277,701.2488175900232,3205500
COST,2024-04-04,696.2115478515625,708.3109000847126,695.5596306249538,700.0537239677714,2252400
COST,2024-04-05,704.9428100585938,708.0738695476764,697.3375510785654,697.3572641297598,1552900
COST,2024-04-08,703.0562744140625,707.3330416606257,702.127831969222,704.7353801485045,1459000
COST,2024-04-09,709.7529907226562,710.2072951783342,698.2857217132857,707.4318542501284,1386400
COST,2024-04-10,713.6937866210938,715.0765333638649,700.2314024333106,702.2561796425991,1832000
COST,2024-04-11,723.3436889648438,724.7659825578104,715.2445790751354,722.5041662006487,2107800
COST,2024-04-12,722.3165893554688,723.8870625871488,717.6052299449946,719.0472970508646,1481800
COST,2024-04-15,709.44677734375,731.8873427767817,709.1208187324725,726.3858341940966,1808000
COST,2024-04-16,707.1651000976562,713.6148242625262,703.3723574899934,709.4664630541926,1412300
COST,2024-04-17,706.394775390625,714.8988773044823,702.2563005470455,714.1087275604978,1376700
COST,2024-04-18,702.503173828125,710.108492652666,700.8438414038799,706.3947228193074,1846400
COST,2024-04-19,700.7846069335938,706.0786763280556,693.3669536669266,704.2613380151192,2190400
COST,2024-04-22,706.6614379882812,709.4269920924413,697.4856459646084,706.0687804973168,1437100
COST,2024-04-23,713.7926025390625,715.363075526795,707.491057822634,710.187525761227,1176200
COST,2024-04-24,714.98779296875,716.5088327243898,707.2837275107033,710.8592048166759,1206600
COST,2024-04-25,714.1270141601562,719.4988376926362,706.7568106846542,719.4988376926362,1613600
COST,2024-04-26,721.3685913085938,723.1196493582819,707.3405029846692,707.3405029846692,1524400
COST,2024-04-29,718.5491943359375,724.4057593277284,712.5046019258335,721.714926357368,1526900
COST,2024-04-30,715.1559448242188,717.7379706604842,709.4180291240963,717.7379706604842,1734800
COST,2024-05-01,714.4832153320312,722.041386599277,707.6571675618004,714.5327280138912,1609100
COST,2024-05-02,724.59375,726.5327752669372,712.9102668615202,716.9861265933669,1826900
COST,2024-05-03,735.9310913085938,739.4826000828865,725.4940585183926,726.4141491488574,2323300
COST,2024-05-06,748.3465576171875,748.8312988416482,738.4833296308352,741.5600597121004,1773300
COST,2024-05-07,763.0473022460938,763.9673323307675,747.4759274114155,750.5624994313898,1897800
COST,2024-05-08,755.23193359375,765.1050637695253,754.5394806581683,761.7513646983633,1511900
COST,2024-05-09,770.6944580078125,771.3573240606968,755.4297602031661,755.6177272301863,1716200
COST,2024-05-10,778.7572631835938,779.0144876057169,769.8239676896313,770.6945455577468,1652700
COST,2024-05-13,766.8462524414062,781.022699260838,765.2930637747442,779.5585730395877,1596800
COST,2024-05-14,769.5668334960938,772.445633789335,763.1661114480404,766.6286179819168,1327700
COST,2024-05-15,778.6088256835938,781.2007541477655,770.1801370976043,770.1801370976043,1661700
COST,2024-05-16,784.5741577148438,795.9410601661191,779.3903014517131,783.3276459423042,2000000
COST,2024-05-17,787.284912109375,789.0557150626657,782.140604842641,785.1084674525276,1309100
COST,2024-05-20,784.5050659179688,794.3781368328448,783.9016149741648,786.7309630154662,1347100
COST,2024-05-21,792.3499755859375,792.8545218372166,783.5156460648277,787.0474094424684,1375700
COST,2024-05-22,793.2701416015625,797.7120332710299,789.4614084885363,791.4696309211774,1192800
COST,2024-05-23,787.8092651367188,799.3937835708598,786.9089796629621,795.683955300732,1519200
COST,2024-05-24,801.0556640625,808.1191905634072,790.5296920559464,792.0531729089357,1623000
COST,2024-05-28,804.4589233398438,806.5562080715735,796.0994316405197,801.0656743599101,1986300
COST,2024-05-29,797.8802490234375,804.7261022619007,797.6526718176923,798.3748928200584,2282800
COST,2024-05-30,806.605712890625,810.7211224048513,799.6410901078013,801.5207605477835,2277800
COST,2024-05-31,801.214111328125,803.0442691498745,779.7564618739088,800.3633385234913,4360700
COST,2024-06-03,806.6552124023438,819.0410518147744,798.483687350239,802.3122254451002,2008700
COST,2024-06-04,818.5266723632812,819.1400258376625,804.3303592391181,806.2495795761143,1754500
COST,2024-06-05,825.362548828125,825.4516112708673,812.8777454138583,822.0088497130132,2080000
COST,2024-06-06,833.6132202148438,839.9941365644805,825.3823411001761,826.470533180318,1735000
COST,2024-06-07,836.521728515625,841.2702963676034,833.266934045767,837.6099205966539,1593600
COST,2024-06-10,839.2521362304688,840.3798780260506,833.712090319111,838.1045289826866,1401600
COST,2024-06-11,840.2117919921875,841.8243355010133,831.2587518974098,840.1425346191394,1690500
COST,2024-06-12,838.727783203125,846.5728253669683,834.5727638733537,843.1795766890272,1838300
COST,2024-06-13,836.897705078125,838.7278628658552,828.5777630929274,838.7278628658552,1322400
COST,2024-06-14,846.503662109375,847.0082084215464,832.8910557425518,834.3848896060176,1395500
COST,2024-06-17,858.6124877929688,861.2341238212155,844.2282692762934,845.3362664460923,1904900
COST,2024-06-18,861.422119140625,864.5977538580221,858.4048042420063,858.701578425567,1763800
COST,2024-06-20,853.2011108398438,864.488854606377,851.3412455160424,861.9760861027086,1944600
COST,2024-06-21,839.2225952148438,857.6826760037786,838.569691940428,857.3562545572337,3833100
COST,2024-06-24,839.073974609375,841.5175458856368,832.4952496282152,840.8942899931369,1722900
COST,2024-06-25,846.3453369140625,846.5234014137028,835.9479158967505,840.2216450320633,1564200
COST,2024-06-26,847.6611328125,850.5300303497681,840.9537345419236,843.5852127388736,1505300
COST,2024-06-27,841.5076904296875,849.135118447622,839.5489205901375,848.5217650558171,1254900
COST,2024-06-28,840.8844604492188,848.0567947217386,837.7385334899266,842.130972342419,2131700
COST,2024-07-01,836.6107177734375,846.8300742443934,831.4961184607624,844.3568555696141,1989000
COST,2024-07-02,850.154052734375,851.1433401892552,834.0484843672081,836.63051013293,1377900
COST,2024-07-03,853.418701171875,854.2695342847476,845.8407857294924,845.8407857294924,814400
COST,2024-07-05,876.1823120117188,877.4387265573877,849.5209997171414,855.2984657385389,2620700
COST,2024-07-08,871.4041137695312,878.4379340947846,868.2581260745674,877.2903266683809,1611300
COST,2024-07-09,877.349609375,887.0644200274677,873.5111689825768,874.3817468271254,1356800
COST,2024-07-10,874.8369140625,880.7330898885092,871.2656003224192,877.8938393105145,1755800
COST,2024-07-11,837.5208740234375,881.2176830089157,837.4516166574069,881.2176830089157,6021100
COST,2024-07-12,833.8704223632812,840.8943391613977,829.3988237318376,840.7855320325511,3288400
COST,2024-07-15,839.6380004882812,848.7098107693078,835.6214954624988,837.7880376057977,2064000
COST,2024-07-16,841.6561889648438,842.1211251307129,832.3272146060184,838.7179735405113,1687600
COST,2024-07-17,837.2142944335938,840.8449628250748,833.6231758067258,838.9257425682399,1783100
COST,2024-07-18,830.3782958984375,846.1376395117901,816.2710456064831,840.3305263546634,2338500
COST,2024-07-19,829.1515502929688,839.7863910858308,826.6090741320799,827.5489093481777,1984400
COST,2024-07-22,838.3419799804688,840.4887772881159,829.6164571550155,836.6898867944832,1920200
COST,2024-07-23,842.9818115234375,845.4253832043839,836.5217951299163,839.8062370875896,1744100
COST,2024-07-24,821.9197998046875,836.9371759284257,820.6139331354955,835.5521493571063,2511300
COST,2024-07-25,807.209228515625,827.6874938920854,805.5571351319932,826.8366606671026,2183700
COST,2024-07-26,809.9928588867188,814.62936842471,801.4828158579776,810.389161392157,1441500
COST,2024-07-29,807.9719848632812,816.0758704611562,806.5156908441407,814.9068564986898,1320400
COST,2024-07-30,802.493408203125,814.3520087959702,795.8062110506033,810.3892252981796,2017200
COST,2024-07-31,814.35205078125,817.7996532525459,803.7219028499005,812.7867342880825,2135000
COST,2024-08-01,809.2894897460938,816.5017235771434,802.146551408403,810.934018134298,1861400
COST,2024-08-02,814.431396484375,822.5649720638913,797.5202082617539,808.6060990820656,2598500
COST,2024-08-05,794.3697509765625,803.2760978974237,785.6218888021884,790.5753685550395,2820900
COST,2024-08-06,809.2796020507812,825.3388029772963,797.5695702634891,797.5695702634891,2476300
COST,2024-08-07,802.7608642578125,826.0719674775216,801.7305623046883,816.4423720235111,1702000
COST,2024-08-08,831.619873046875,834.9189074078851,812.8164837403525,813.8567023681217,2345000
COST,2024-08-09,846.9755859375,849.7891887243906,829.8365600252132,830.6984605673107,1710600
COST,2024-08-12,855.5352783203125,862.1531197744871,844.4692218838644,849.2740728832854,1748200
COST,2024-08-13,856.773681640625,859.9736102204465,848.1942208228517,856.872727049048,1484100
COST,2024-08-14,854.6832885742188,858.6658450067,850.5124370332433,856.8231651299341,1341500
COST,2024-08-15,869.18701171875,872.1393265778783,860.9147252544819,864.7487134973469,1923800
COST,2024-08-16,862.489990234375,869.1870438815273,860.5382878230243,869.1870438815273,1516300
COST,2024-08-19,864.2335815429688,865.5017013740895,860.6175776319993,862.4900074761003,1318400
COST,2024-08-20,868.0477905273438,868.6025778323719,863.064560948926,863.8868555059917,1104600
COST,2024-08-21,873.21923828125,882.8290014304547,869.0583030502528,872.5455722674366,1465500
COST,2024-08-22,869.3952026367188,875.7752874663643,865.0559492030658,874.0910921277792,1440900
COST,2024-08-23,871.0298461914062,876.3300455695838,863.5599597015423,874.2792976070164,1305800
COST,2024-08-26,884.2059936523438,884.9390989321943,873.2389829535842,874.9528674844389,1737000
COST,2024-08-27,900.4435424804688,910.3801910776244,878.8166336975582,884.384339909587,2098900
COST,2024-08-28,879.7874755859375,903.732578386208,873.4569143182349,902.4843523536829,1668400
COST,2024-08-29,878.3807373046875,892.082078948228,876.9342994785817,882.7100736816584,1709900
COST,2024-08-30,884.0772094726562,887.9904703595737,874.8835225234702,882.2146963487656,1933500
COST,2024-09-03,870.3956298828125,888.545184478906,866.3040513274019,888.3371165894316,1784200
COST,2024-09-04,881.7391967773438,883.4629979930359,868.4341579076499,869.2861418815907,1425200
COST,2024-09-05,877.7366943359375,880.362062538815,860.6175014031058,880.362062538815,1998800
COST,2024-09-06,868.5233154296875,884.8896318212043,862.8961697076448,882.9676792656211,2074600
COST,2024-09-09,888.14892578125,890.4671807094958,873.4965557153226,876.5082493748114,1954000
COST,2024-09-10,885.9694213867188,892.3098993818937,879.2624512104155,884.2951428842831,1360800
COST,2024-09-11,892.0225830078125,893.607672208411,869.702176095653,886.6728011380575,1796100
COST,2024-09-12,906.5165405273438,907.1802898803502,888.1688322571919,892.042426800596,1867300
COST,2024-09-13,907.4774169921875,915.2345825857421,900.8991819027177,905.1294726174829,1327500
COST,2024-09-16,899.423095703125,914.04577708637,896.9265226472695,913.4216338224061,1661000
COST,2024-09-17,888.9217529296875,900.1462942355595,887.1186790881759,899.977892858967,1387000
COST,2024-09-18,884.2160034179688,896.5600367413742,882.6606034592241,891.5669507252278,1338200
COST,2024-09-19,892.359375,896.708544316776,887.168138393156,895.8466437600744,1747500
COST,2024-09-20,898.5413818359375,899.3636763947108,887.3663631065142,893.1817434209087,4658200
COST,2024-09-23,908.5474243164062,910.9448914936862,892.3990930369997,898.5413593203383,1697600
COST,2024-09-24,893.152099609375,904.2776574241944,889.1794592215568,903.524718747668,2432600
COST,2024-09-25,899.9678955078125,901.8898478506917,892.7457446227679,894.5983410009693,1728100
COST,2024-09-26,893.052978515625,900.7803949959571,889.7737772703111,896.8770504515314,2738600
COST,2024-09-27,877.380126953125,885.1768991049606,865.8682450542034,884.9490583900026,3459100
COST,2024-09-30,878.2717895507812,901.5333110173922,873.2092873107033,883.0766407028074,2142900
COST,2024-10-01,869.2168579101562,878.7374319206883,864.6299306107536,877.013630562211,1836700
COST,2024-10-02,870.3560791015625,873.0309095995018,859.0918113339158,866.5121742558712,1317100
COST,2024-10-03,867.5226440429688,872.9813880148607,864.5505564038793,866.304107460471,1451900
COST,2024-10-04,874.8934936523438,876.0625076276386,867.5227133002763,869.8211351807363,1516400
COST,2024-10-07,865.4620361328125,879.4506570518197,864.2137496554241,873.3974592998375,1963200
COST,2024-10-08,882.135498046875,883.0172319816891,868.5431782183892,868.5431782183892,1697900
COST,2024-10-09,900.6416625976562,901.5333131382223,879.6092069604563,883.9385434180342,1956500
COST,2024-10-10,885.3155517578125,901.5332382502733,883.542227925518,901.5332382502733,1765800
COST,2024-10-11,880.7584228515625,886.1775005100966,877.2612372293913,886.1775005100966,1527300
COST,2024-10-14,881.4815673828125,886.8412054364451,878.0141318361727,884.1465416930639,1431500
COST,2024-10-15,886.2864379882812,892.270279878789,881.2735191902946,883.789925456618,1613900
COST,2024-10-16,879.123779296875,883.0370404032853,871.3170903526377,881.6401252483756,1475500
COST,2024-10-17,877.0531005859375,886.9997255430965,874.5862776130247,883.2647828675676,1321500
COST,2024-10-18,881.2833862304688,882.3236047657309,875.5274458369249,877.5187541438047,1654000
COST,2024-10-21,878.5194091796875,883.1063359640386,875.4779655570494,880.7286416534287,1184900
COST,2024-10-22,885.1768188476562,886.563817214391,876.0822382674515,882.6901626076353,1189700
COST,2024-10-23,890.803955078125,897.2533946246356,886.6628537529537,887.6832994850643,2193500
COST,2024-10-24,885.1075439453125,895.0937758854767,879.9955795342377,893.112384018547,1649600
COST,2024-10-25,882.927978515625,893.2312401505465,881.7193585315949,887.3168146013197,1425800
COST,2024-10-28,882.6704711914062,887.6536402968158,881.7193813264734,887.6536402968158,912500
COST,2024-10-29,878.7373046875,882.8784060955993,865.9573644683863,881.7193088788094,1361700
COST,2024-10-30,870.910888671875,878.3212746827248,869.2068602743641,878.1330400423127,1412200
COST,2024-10-31,866.0465087890625,869.4842549025683,860.5679920683623,869.0384296674026,1771900
COST,2024-11-01,870.30224609375,872.3854475553421,860.4119132347095,867.2865507151091,1625200
COST,2024-11-04,878.9923706054688,879.9149348046558,869.7269488223757,874.3001716699699,1576700
COST,2024-11-05,883.0595703125,888.4263907510779,879.7164937122197,880.9069205792845,1622300
COST,2024-11-06,892.067138671875,892.7119709422333,879.2007670802211,891.1049157197124,2437400
COST,2024-11-07,906.6298217773438,912.135478101056,887.2260630183245,891.4421154221552,2145500
COST,2024-11-08,936.2611694335938,954.3158048786609,906.4512127940502,906.6992158618461,3277100
COST,2024-11-11,925.428466796875,943.6815178789057,923.9999666204759,936.2612244817859,2181800
COST,2024-11-12,924.9324340820312,932.0550751377413,919.5954030586574,928.4739252624382,1691400
COST,2024-11-13,926.2715454101562,930.1007585732442,915.8256882791625,922.5713592263472,1757600
COST,2024-11-14,916.51025390625,923.7122728567273,914.8039612738105,919.5953976127656,1859900
COST,2024-11-15,899.8245849609375,913.1968911033883,898.3266367323894,910.4093390219765,2269900
COST,2024-11-18,912.1651611328125,918.5437924069645,899.8641854527466,903.366017633136,1797300
COST,2024-11-19,922.7203369140625,926.539560347406,909.040447481362,920.5874860839323,1690500
COST,2024-11-20,920.666748046875,921.3809678056557,909.1792292121692,917.690711290043,1452100
COST,2024-11-21,948.0166015625,950.8338826557298,922.5714612351883,927.5315228547323,2320500
COST,2024-11-22,956.3097534179688,968.5015623595572,950.8636157698974,955.0498784659845,2078700
COST,2024-11-25,953.2147216796875,967.212000821687,942.1041717145695,967.212000821687,3240900
COST,2024-11-26,963.7399291992188,966.5869995965841,953.2146934488126,956.2998371055552,1438000
COST,2024-11-27,953.869384765625,964.5235868428007,950.9330672010396,963.7002602541495,1499500
COST,2024-11-29,964.1168212890625,965.4957327777893,954.781952585147,960.3571168501193,1095900
COST,2024-12-02,967.2119750976562,968.6999935208835,957.0537790160455,963.6010358591951,1955800
COST,2024-12-03,974.3048706054688,975.1480568119433,963.0058363720167,966.9044373090189,1653900
COST,2024-12-04,983.0047607421875,983.2329647318215,969.7415618179947,974.156028435194,1784700
COST,2024-12-05,974.4140625,982.2211948659237,970.3864947730461,978.7788805199398,2089400
COST,2024-12-06,984.6813354492188,989.7406346150636,974.414032145577,974.414032145577,1737300
COST,2024-12-09,979.9691772460938,989.0461132793307,972.6679818373667,989.0461132793307,1855500
COST,2024-12-10,985.4650268554688,987.0422924798961,978.005075106738,981.8242981799673,1556800
COST,2024-12-11,986.7446899414062,999.7499563049092,985.6535006604996,987.0522113240344,1903600
COST,2024-12-12,980.4950561523438,994.4625458050733,979.3244888987773,993.6788778816828,2344300
COST,2024-12-13,981.4473266601562,998.6389164549897,958.0160014107062,973.1640483271857,2951900
COST,2024-12-16,984.9392700195312,1000.1964243868422,978.4911899218229,981.1497756810089,2581300
COST,2024-12-17,974.2354736328125,988.9569025164676,972.9260101081195,986.0602435029734,2050200
COST,2024-12-18,957.033935546875,977.7272975703628,956.2998561333139,974.1560775133966,2725300
COST,2024-12-19,947.1734008789062,966.8549529845582,945.8937267158991,966.7259865323601,2610800
COST,2024-12-20,946.4491577148438,954.2562894690136,935.5171630778838,941.8065475372872,5373800
COST,2024-12-23,942.3224487304688,946.6377388913739,929.5155956069799,946.2607693449694,1856800
COST,2024-12-24,951.1612548828125,951.7167793571608,937.8980550785755,943.145778426394,939000
COST,2024-12-26,948.502685546875,951.7465246997758,946.379764625195,949.1772466668464,969000
COST,2024-12-27,932.1939697265625,942.8581019436351,924.5554629127156,941.1418794935255,1943400
COST,2024-12-30,914.84375,926.7081792007492,908.1873251967687,923.5635169395867,1881200
COST,2024-12-31,908.9511108398438,917.3534257855242,905.2508638644065,916.2721663073877,1742900
COST,2025-01-02,902.542724609375,918.3752630016551,894.7951108277713,907.6912709616528,1765100
COST,2025-01-03,909.2586669921875,916.8277258190612,903.7232213068081,907.0266392776538,1612200
COST,2025-01-06,915.3396606445312,920.0020698611479,905.9750624225164,910.6474014494225,1970400
COST,2025-01-07,914.0103149414062,923.8709190528224,909.1097720420179,916.4606166649115,1888000
COST,2025-01-08,919.9624633789062,923.0674667945239,908.1079040064097,915.6075147483592,1774800
COST,2025-01-10,929.4559936523438,936.7373904724259,916.1233461068053,925.9045727151838,2765800
COST,2025-01-13,917.3137817382812,927.5215664616074,913.6433241354865,926.539483976704,1693800
COST,2025-01-14,909.9033813476562,920.3492994564602,902.6517741849593,916.9169152567548,1683800
COST,2025-01-15,916.123291015625,925.418440732526,910.9648153291854,919.8532666742447,1839400
COST,2025-01-16,912.4033813476562,919.9923002308122,910.4888047307941,917.3435835968901,1353000
COST,2025-01-17,935.6561279296875,936.2612409298883,917.1848628735255,922.5714826516795,2375000
COST,2025-01-21,940.1597900390625,948.9093457194465,935.9635974195124,937.6996189303594,2042400
COST,2025-01-22,937.154052734375,944.3362122582757,931.7376436589275,943.6318617124864,2155000
COST,2025-01-23,934.63427734375,935.8544936391518,929.0095845836678,934.1680606278966,1352400
COST,2025-01-24,932.1741333007812,938.4833171496535,926.1030227220359,934.634304488929,1562400
COST,2025-01-27,957.5398559570312,959.2659476414551,919.7739410857383,922.5714229889035,3044700
COST,2025-01-28,951.012451171875,957.996256782279,946.4492186358635,954.1472440668073,2166400
COST,2025-01-29,956.3197631835938,960.5258858518863,947.3717924285562,950.14941489369,1713700
COST,2025-01-30,971.1900024414062,978.8681682003229,962.3511386602327,962.549553236077,1788200
COST,2025-01-31,972.0531005859375,983.0842734625137,967.9858740267898,968.4421609733723,1873800
COST,2025-02-03,997.7957763671875,1001.5455514805385,961.2004270726488,964.622881712202,2751000
COST,2025-02-04,1013.6978149414062,1016.1679162233769,991.6652574530807,997.369328969207,2001600
COST,2025-02-05,1034.5499267578125,1034.7582106174086,1011.8526775393927,1011.8526775393927,2047600
COST,2025-02-06,1042.594970703125,1054.5090478076497,1035.8591686087002,1041.6128882389767,2218000
COST,2025-02-07,1036.616455078125,1049.4274554400563,1028.3736075194631,1039.7844124332291,1632900
COST,2025-02-10,1054.6016845703125,1055.6741979681235,1038.7913556675985,1044.750005891313,2036900
COST,2025-02-11,1051.046142578125,1058.653385653687,1041.8103086677222,1052.605390405855,1748500
COST,2025-02-12,1057.779541015625,1059.6465895276847,1043.756856226426,1046.8851717159203,1662300
COST,2025-02-13,1069.4385986328125,1070.7991521664092,1057.3127849783118,1059.656506039082,1623300
COST,2025-02-14,1064.4630126953125,1070.0641575579969,1060.6495111056872,1069.0611085656403,1410700
COST,2025-02-18,1048.7523193359375,1063.6191233658822,1038.0366406349665,1061.8414204915152,2090600
COST,2025-02-19,1055.2174072265625,1055.8530111314349,1045.7431145747266,1048.7820843796737,1349600
COST,2025-02-20,1027.6983642578125,1046.378792221157,1026.7251373823763,1046.378792221157,2000500
COST,2025-02-21,1027.89697265625,1029.0687726301733,1017.6183253989541,1027.4798235035219,1816300
COST,2025-02-24,1028.463134765625,1031.035251827512,1018.1546637224312,1021.4518518192028,1759700
COST,2025-02-25,1048.3848876953125,1049.7355006236241,1030.3102413846902,1033.5577253738848,2083800
COST,2025-02-26,1024.858154296875,1051.5926788805564,1023.0805725095794,1042.9029794661562,1555700
COST,2025-02-27,1014.6688232421875,1035.3453477718883,1011.8086661501263,1026.874103874162,1629100
COST,2025-02-28,1041.3834228515625,1042.1481357441703,1016.9330979987722,1023.5074709979822,3307100
COST,2025-03-03,1039.635498046875,1058.6535480384034,1033.9648879102474,1044.491812641179,2422500
COST,2025-03-04,1029.7242431640625,1040.708079631924,1021.6403267013633,1038.5231685390331,2536800
COST,2025-03-05,1040.5291748046875,1043.7368950736293,1021.4118408843914,1025.9602330525859,1898600
COST,2025-03-06,1019.5449829101562,1038.6822019659999,1012.0271447376011,1025.8313156995948,2594600
COST,2025-03-07,957.6643676757812,995.5117146038834,936.2827751447076,988.2918576866914,5510700
COST,2025-03-10,927.9703979492188,953.0463851728626,917.6619884717545,948.8852585317641,4459900
COST,2025-03-11,924.0774536132812,931.5357076231729,914.8514981170068,924.5839486110597,3204900
COST,2025-03-12,920.69091796875,937.8716805225101,916.8872959671094,931.5356443186013,2331600
COST,2025-03-13,884.482177734375,917.135586014121,881.3538621015109,915.6459234488572,3447200
COST,2025-03-14,897.6904907226562,900.6996381448193,875.4846023671705,885.6639630449638,3186400
COST,2025-03-17,910.2930297851562,917.0263334904582,891.8112979464684,895.4162861047012,2256100
COST,2025-03-18,891.8609619140625,911.2365159623239,890.6593395764806,906.7079442077293,2182000
COST,2025-03-19,897.819580078125,903.88745747063,889.8250700869669,896.6377787323348,1908500
COST,2025-03-20,889.2293090820312,901.226015228293,887.9382196363246,895.2872462361541,1891800
COST,2025-03-21,902.9937133789062,903.5002083387362,877.8680840976815,882.6250513011875,3447600
COST,2025-03-24,919.6580810546875,922.2501400461218,913.6597281390044,913.6597281390044,2208100
COST,2025-03-25,923.8489379882812,925.8649163202008,916.13246709118,920.2439500057026,1623000
COST,2025-03-26,923.342529296875,932.9458704945316,917.085958537747,927.8909827133409,1644700
COST,2025-03-27,932.280517578125,936.4019417152266,921.6046021970706,923.1538488882519,1547000
COST,2025-03-28,923.2531127929688,932.2804946660383,919.6183627810934,931.0391091871221,2100500
COST,2025-03-31,939.2620849609375,988.1428509660125,915.6856407965618,916.0034427560427,3102000
COST,2025-04-01,947.8226928710938,951.119759458889,932.2805219739986,935.9252128747881,2041500
COST,2025-04-02,958.4290161132812,964.1989731583924,943.4529253369193,944.2871630149757,1719900
COST,2025-04-03,960.4152221679688,974.5868368401395,921.60453160214,924.6633222351271,3096900
COST,2025-04-04,910.1639404296875,957.8729053643689,907.840100785752,948.4184942760892,5167000
COST,2025-04-07,901.8714599609375,931.3568482909159,865.702472060165,881.6319076293911,4626600
COST,2025-04-08,902.4873046875,936.4913283454339,893.3705763826672,925.6267194688238,3545400
COST,2025-04-09,958.538330078125,960.7927056158173,891.4836293408412,901.7424564173042,5084500
COST,2025-04-10,957.6643676757812,986.5637981384363,936.392002522236,959.8392775165665,4209100
COST,2025-04-11,956.7705688476562,963.5237546842544,936.6601230776928,957.3168269774756,2721800
COST,2025-04-14,972.5709228515625,980.3270970093679,958.3496033294487,963.3151453156116,2219900
COST,2025-04-15,970.1874389648438,987.1497473706031,967.5358565148995,978.5593354841933,1788200
COST,2025-04-16,961.0806274414062,971.9055329469539,952.6292654935071,965.4304469619124,2531700
COST,2025-04-17,987.646240234375,993.0288704438776,965.2913618908269,966.5725104376681,2711100
COST,2025-04-21,951.16943359375,990.1191152067875,936.4713810613715,986.1566224643935,2841300
COST,2025-04-22,972.4814453125,980.6448272603564,960.1172951627065,963.0667977918316,2230600
COST,2025-04-23,969.114990234375,988.8877530833279,962.3221016698416,987.6662490691892,2109700
COST,2025-04-24,968.75732421875,971.2599766841544,954.0891549503023,966.8902756516267,2468500
COST,2025-04-25,970.4257202148438,971.5777598350038,956.2441646191625,967.2577021811876,1780900
COST,2025-04-28,971.7963256835938,978.509748537367,962.1036380795061,971.7566231666265,1616200
COST,2025-04-29,984.8656616210938,986.3652650783599,964.367888673241,971.2600637382552,1523100
COST,2025-04-30,987.646240234375,990.8837831083287,969.8199334787837,983.1772527220022,2212400
COST,2025-05-01,992.1549682617188,999.4444103981658,978.2117485102733,983.276576972486,1829900
COST,2025-05-02,1002.6558227539062,1012.3015371622266,998.9864758545272,1002.1884828077426,1547400
COST,2025-05-05,1009.2090454101562,1012.0828828531045,996.8883853627727,1001.8703509945988,1952600
COST,2025-05-06,1004.8435668945312,1010.5414728939917,997.892704232812,1002.8050542315159,1381200
COST,2025-05-07,1001.5123291015625,1008.4233767275962,995.8640704672318,1005.5197389234978,1316000
COST,2025-05-08,1002.0692138671875,1011.3071898480956,985.8505139680619,1007.8267816234463,1882600
COST,2025-05-09,1002.4470825195312,1005.052411797148,992.4632441732878,998.9865211016988,1176700
COST,2025-05-12,1010.4619140625,1011.217608822456,986.6857212543188,1004.1374693535056,2069000
COST,2025-05-13,993.4378662109375,1018.0990337760848,982.0717932839186,1008.0455793100721,2917000
COST,2025-05-14,985.98974609375,994.2631814477387,984.9754969047356,993.1693630715542,2215000
COST,2025-05-15,1004.8136596679688,1008.3239289083896,977.4974577090206,987.093464150095,2470700
COST,2025-05-16,1020.0877075195312,1022.5041586131152,1003.3519598567233,1006.822414308201,2033700
COST,2025-05-19,1028.5501708984375,1029.1965567524753,1007.2202874242956,1012.898286430581,1879800
COST,2025-05-20,1031.01611328125,1032.189561375944,1024.244296910224,1024.244296910224,2271200
COST,2025-05-21,1019.560791015625,1033.6513948071854,1018.0691267780941,1025.1691135206015,1438900
COST,2025-05-22,1012.4307861328125,1023.0211945660695,1008.4432233265486,1021.9670698960666,1660900
COST,2025-05-23,1002.854736328125,1009.4277210746535,1001.36313285317,1006.3351444363535,1413900
COST,2025-05-27,1012.0927124023438,1013.2462530784613,1005.2711270739444,1009.3183517874847,1868200
COST,2025-05-28,1007.4688110351562,1018.8845305865864,1007.2898258954494,1011.3568975169317,1674700
COST,2025-05-29,1003.0933837890625,1011.8441120421384,997.9821413119712,1010.3227080573704,2016700
COST,2025-05-30,1034.3575439453125,1046.5985743929546,996.3912068258352,996.6895154077406,5403800
COST,2025-06-02,1050.93408203125,1054.563674826441,1028.480521036954,1028.480521036954,2148000
COST,2025-06-03,1049.6810302734375,1061.1067023407898,1037.4200943098667,1048.2491493084917,1992900
COST,2025-06-04,1045.8028564453125,1051.9085008991958,1043.4958966082172,1049.0943861976239,1422100
COST,2025-06-05,1005.15185546875,1045.166657751493,1000.3787362396338,1044.1224867099797,3289400
COST,2025-06-06,1009.2587280273438,1014.9168798517593,1002.9641441296558,1014.9168798517593,1855400
COST,2025-06-09,1000.5476684570312,1007.677515736697,991.3892017033114,1006.7527289090833,1696700
COST,2025-06-10,1001.6317138671875,1005.8479702859119,992.1351224967011,1001.2935903497591,2255000
COST,2025-06-11,991.2003784179688,999.8118758453438,987.8193862363474,996.8286688710313,2459800
COST,2025-06-12,997.0971069335938,997.6340623016202,989.7882139434442,993.4078527179852,1720100
COST,2025-06-13,984.6671142578125,997.9722217646705,983.1356958860864,993.4874577220428,1786000
COST,2025-06-16,978.8499145507812,996.2420025076048,975.9462765884199,986.7753330989532,2109300
COST,2025-06-17,972.2470092773438,980.5801055924213,970.73555901926,977.497482671164,1668200
COST,2025-06-18,969.44287109375,977.1494892728728,968.617500152644,974.5142987793846,1509600
COST,2025-06-20,974.8026733398438,983.1258162862754,968.448488349318,978.4819742320778,3255700
COST,2025-06-23,998.8572998046875,999.2451313057601,975.7673052910646,977.6467403868727,2082900
COST,2025-06-24,996.3115844726562,1000.209685379889,986.5167456128324,1000.209685379889,2385100
COST,2025-06-25,981.017578125,999.3543581223597,980.4806227573273,997.3854610807296,1827700
COST,2025-06-26,977.4078979492188,982.2009241220966,971.0338061724676,982.2009241220966,2262800
COST,2025-06-27,979.6255493164062,987.5807681462169,974.8126152192294,976.7417582131986,2129200
COST,2025-06-30,984.398681640625,986.1885937625696,974.2657190928985,979.6454091933629,2127600
COST,2025-07-01,980.4409790039062,991.2600816055813,969.0451060355507,984.4583427144128,2200600
COST,2025-07-02,976.861083984375,980.1824145589327,971.4018247602771,978.3626412530656,1606100
COST,2025-07-03,981.4950561523438,982.1413812829926,971.8592946661065,976.910815055242,1101400
COST,2025-07-07,986.6260986328125,987.332146138302,970.7355687869206,979.4862971711708,1832600
COST,2025-07-08,980.3215942382812,990.2954177883865,978.4222518489755,983.961079966367,1716200
COST,2025-07-09,976.5926513671875,982.8573741665991,966.8375665341525,982.8573741665991,2922600
COST,2025-07-10,964.7393188476562,982.4695298883032,963.6455005310524,981.4751275301168,2897000
COST,2025-07-11,964.8984375,973.4999813064779,960.2943498201797,967.8418295762551,1942000
COST,2025-07-14,975.419189453125,975.9959598144566,964.1924086904905,965.664104757161,1679300
COST,2025-07-15,962.2632446289062,974.7628892680038,961.2489348248857,973.7684869326118,1878000
COST,2025-07-16,946.0444946289062,964.1625357763378,944.811445509589,962.5714557082682,2950300
COST,2025-07-17,948.5703125,949.4056371734318,942.2061739195998,945.0401963203284,2280600
COST,2025-07-18,945.626953125,954.88483683279,944.3342421728105,954.5765745234717,2115500
COST,2025-07-21,942.255859375,950.4099705330577,941.3012112986831,946.1837606754639,1742400
COST,2025-07-22,936.3392333984375,952.339194789655,935.9812630993111,943.4889891134915,1799900
COST,2025-07-23,935.9215087890625,943.1905872180052,930.7605583933083,937.1048499609136,2401600
COST,2025-07-24,928.5728759765625,937.6219735212227,928.2646136845384,936.0607545927455,2057100
COST,2025-07-25,930.2434692382812,936.020944329158,929.1197897535347,931.0588864294646,1827700
COST,2025-07-28,928.7618408203125,934.9768555055023,925.6792178138594,930.2633980792148,2006300
COST,2025-07-29,929.3386840820312,936.518240476703,922.1889281995648,928.7619136798183,2065900
COST,2025-07-30,922.3181762695312,932.5008470963108,919.9614474458666,929.7662405065856,1699600
COST,2025-07-31,934.3802490234375,940.6549254933855,919.8221838924715,920.180154175978,2564400
COST,2025-08-01,948.5004272460938,952.682654810084,935.5353516204702,935.5353516204702,2934500
COST,2025-08-04,951.3383178710938,956.1280171601062,944.6566123026015,948.5799878682698,2389900
COST,2025-08-05,939.6478271484375,947.4846103932141,931.731364490949,947.3153448215872,2462300
COST,2025-08-06,964.47265625,966.4542486883591,938.6819304234779,939.6478686096771,2753000
COST,2025-08-07,973.3251342773438,977.85592094085,966.8625320598978,970.5668043386935,1893300
COST,2025-08-08,976.8402709960938,984.0298343921305,972.8770859392538,973.0264772542721,2189700
COST,2025-08-11,984.5674438476562,985.4039257357371,972.1998740646383,979.0109747890199,2290100
COST,2025-08-12,987.06689453125,987.5647845158811,975.9141467199951,984.3284996157787,1588500
COST,2025-08-13,974.7191772460938,982.2373644713757,966.0061027059447,979.807658968505,2352600
COST,2025-08-14,971.2738647460938,984.1193902261032,971.0647290670321,976.4618396268553,1808700
COST,2025-08-15,967.9379272460938,975.8643575814822,963.1382605614133,975.008001405327,1638300
COST,2025-08-18,975.217041015625,977.1389497468276,965.9065230682171,969.1925846509738,2078500
COST,2025-08-19,976.7108154296875,984.3584595233447,972.667950950104,974.4902454177201,1673400
COST,2025-08-20,990.3729248046875,995.0829447697053,974.8686228657992,974.8686228657992,2229600
COST,2025-08-21,965.587890625,985.1450233486507,963.4370326840423,984.7268127891059,2145600
COST,2025-08-22,954.494873046875,969.3917626924747,949.0877953156137,967.4400121480585,3136000
COST,2025-08-25,937.6065063476562,954.2559180096035,936.5907913454862,950.9300469978306,2284300
COST,2025-08-26,937.3675537109375,940.0660785607967,929.3116669254806,937.3675537109375,4341300
COST,2025-08-27,945.5130615234375,947.9825765176382,933.2649186879557,936.5211387935202,1893600
COST,2025-08-28,940.9722900390625,946.9867793550346,940.1457756219008,946.2797536755845,2067900
COST,2025-08-29,939.339111328125,944.6067651683584,936.4911953741652,941.0120142824284,1609000
COST,2025-09-02,934.858154296875,940.5241447304179,932.6276168990629,934.6987954669822,1793900
COST,2025-09-03,945.7719116210938,946.080600974992,932.5479246903644,935.0373745694097,1670500
COST,2025-09-04,951.8660888671875,955.4508724151366,947.0962639571633,949.3766389651157,1471900
COST,2025-09-05,959.4140625,965.4584541888653,952.1846902201119,954.6642333894177,1928500
COST,2025-09-08,967.748779296875,968.2367625553978,954.5447874053142,959.6630504704509,1737000
COST,2025-09-09,975.1175537109375,975.7349324415829,959.0456501103829,965.906588817574,1496800
COST,2025-09-10,952.2543334960938,976.8600765707878,949.93421010161,972.2695458434508,2277500
COST,2025-09-11,960.2505493164062,961.0869704569363,950.2529402834537,953.7580444540328,1532000
COST,2025-09-12,963.8154907226562,965.4784263125433,955.9488043756133,956.2375586970035,1461600
COST,2025-09-15,956.0482788085938,965.6476118433683,955.659970829974,963.7357314108367,2199400
COST,2025-09-16,948.05224609375,955.5305634146549,946.7875860793374,955.0525476989035,2012600
COST,2025-09-17,958.966064453125,959.9120068526374,949.4662841387207,949.4662841387207,1556800
COST,2025-09-18,948.3409423828125,958.4779745934179,946.6580719004698,953.3298094662252,1860900
COST,2025-09-19,947.1460571289062,953.3995845639652,939.8071635532798,950.9698789865505,4606000
COST,2025-09-22,939.2794799804688,945.9910276522397,935.64485856319,943.3820888381849,2794300
COST,2025-09-23,939.6179809570312,941.002129739628,929.5606272973081,938.7815597949124,3258500
COST,2025-09-24,941.2809448242188,949.6354925206081,939.1300260692612,940.2951323855239,2149800
COST,2025-09-25,939.3292236328125,948.978334204993,931.6716730484703,948.4306673638549,2991500
COST,2025-09-26,912.0846557617188,923.715358264053,901.2306300146812,921.6441189539541,4812900
COST,2025-09-29,913.0008544921875,913.3493532005256,899.4781443227254,912.4731226671962,4107000
COST,2025-09-30,921.7238159179688,926.5832270201983,909.5155437954654,912.3833949632594,3096700
COST,2025-10-01,913.4688110351562,920.1006787960291,907.324804950434,919.1048988406222,2642100
COST,2025-10-02,912.9012451171875,914.6338925834134,906.1697626291381,908.7089894599031,2063800
COST,2025-10-03,911.51708984375,914.2255822365788,907.3547367892018,911.7262255210618,2319200
COST,2025-10-06,907.0958251953125,911.9154270820035,900.4340546408501,911.6365795119693,2504000
COST,2025-10-07,910.9395141601562,913.7675560473934,900.065613788979,904.8951223841873,2601800
COST,2025-10-08,910.9395141601562,912.512863547337,907.1157530698373,908.6890416794313,2376900
COST,2025-10-09,938.9110107421875,939.7873019968866,923.366899661988,928.3756414147282,3742900
COST,2025-10-10,926.0853881835938,941.4602341576804,925.0796406367434,940.4345515615572,3142500
COST,2025-10-13,931.6119384765625,932.0301490606819,919.1049440525201,925.0796240788637,2169600
COST,2025-10-14,942.5157470703125,943.4218801373512,932.0003125949146,936.292122007279,1925900
COST,2025-10-15,950.9598999023438,959.9318871194403,941.2709802830466,942.0078477333926,2009800
COST,2025-10-16,921.7138061523438,953.8576111942443,917.272605822159,951.5075243883481,2721400
COST,2025-10-17,932.3787231445312,934.8582056699175,924.2332498742402,925.6572080095298,2502200
COST,2025-10-20,932.1596069335938,935.8340375872455,927.5690756920449,932.2392863518073,1523700
COST,2025-10-21,933.543701171875,939.3889246039391,931.0542513020833,932.1595524576505,1448200
COST,2025-10-22,940.6934204101562,948.9783171035734,928.5648275960989,936.0331774159066,2372400
COST,2025-10-23,938.0745239257812,941.4800744611571,930.546429660558,941.4800744611571,1974800
COST,2025-10-24,928.2063598632812,939.020515797939,926.2247674387684,936.0331758749339,1639400
COST,2025-10-27,925.9259643554688,929.2618636622981,921.2159446298135,926.2844913292693,1967600
COST,2025-10-28,920.260009765625,926.7923240756604,916.316759898813,922.9585954212404,2090800
COST,2025-10-29,908.5695190429688,915.9980593015107,905.462690481413,915.121768089012,2449600
COST,2025-10-30,916.2968139648438,919.1049207994917,906.5282148000176,908.8384316450666,2677100
COST,2025-10-31,908.8876953125,917.4136469236963,907.1226517545758,913.6343234847549,2456300
COST,2025-11-03,925.4310302734375,926.5778216871088,905.8263261302335,909.8350444016509,3206600
COST,2025-11-04,938.0953369140625,938.5241207738377,926.3584058254817,930.5865372597931,2554500
COST,2025-11-05,932.4014282226562,942.6226129331292,924.8327388131737,937.3574271067811,2974800
COST,2025-11-06,920.983642578125,922.3996336225341,905.7465686049585,921.761418187689,3247700
COST,2025-11-07,920.1459350585938,934.3658563350119,918.2014048284054,926.9168856062789,2584000
COST,2025-11-10,912.9861450195312,919.408043113129,906.5143996603014,916.4164768123271,2612700
COST,2025-11-11,911.2908935546875,916.3067821656678,910.433325839686,913.9234864535292,1663400
COST,2025-11-12,911.4305419921875,915.5189916316249,909.1070751004507,912.8963802795637,1829700
COST,2025-11-13,922.4793701171875,924.1446582594108,909.1568823886911,913.7738710913252,2430600
COST,2025-11-14,920.38525390625,926.2786735081614,912.5274016794157,924.5236115682593,1739100
COST,2025-11-17,910.0244750976562,922.2998657298693,906.2550725450167,919.4279573650683,2481900
COST,2025-11-18,892.563720703125,916.3266847222724,891.6562448597587,910.0245054011991,2984700
COST,2025-11-19,888.0963134765625,892.4839685051458,871.5130590027385,892.4839685051458,3462300
COST,2025-11-20,890.7787475585938,902.0270662643333,888.4952071525561,890.9881791142635,2648300
COST,2025-11-21,896.482666015625,902.7749245805268,889.6220025607739,892.0052982755861,2870100
COST,2025-11-24,883.62890625,898.8260533364739,878.842412336212,896.4727024512009,3661200
COST,2025-11-25,891.8157958984375,893.2018419487803,882.6416475953456,884.1673146723202,2534700
COST,2025-11-26,905.7066650390625,909.436141230939,893.102184614745,893.5010844607134,1936200
COST,2025-11-28,911.021728515625,911.629999066982,900.4614725065887,902.4758133278527,1092600
COST,2025-12-01,909.396240234375,915.9976246425621,903.6624051370461,910.6327444998018,2149400
COST,2025-12-02,919.43798828125,920.405232170967,902.4558343604823,909.3962900914224,2160600
COST,2025-12-03,919.6672973632812,923.715881214339,913.4448493620074,918.2213615171383,1886800
COST,2025-12-04,893.3414916992188,905.4075119941882,885.5833949363982,904.4801337678623,3787800
COST,2025-12-05,892.1648559570312,903.3433641615109,890.4895860998004,894.7276384412609,2359800
COST,2025-12-08,885.0250244140625,891.4867883702008,880.4180170211012,890.9881939695463,2407900
COST,2025-12-09,885.9423828125,886.520769334084,879.0318720214691,884.356825906914,1899500
COST,2025-12-10,871.9517822265625,887.0791792838055,868.6411691588339,885.3241173574713,3318300
COST,2025-12-11,881.9935302734375,883.5092767256536,870.0970751940674,873.3977676872468,3041600
COST,2025-12-12,881.9835205078125,886.1218782408607,864.6823197266883,880.8168266909345,4808900
COST,2025-12-15,858.1407470703125,884.9950327667835,849.0065249130051,879.6301524301697,4771400
COST,2025-12-16,857.9712524414062,861.1622686484181,841.6871429370814,855.0295334245739,3843300
COST,2025-12-17,860.2249145507812,866.1382366378879,855.8172963770616,856.0865568206051,2363700
COST,2025-12-18,855.1791381835938,860.7235052722544,850.1134022249098,857.8814807790878,2467500
COST,2025-12-19,853.2146606445312,856.0367219389246,846.9323834916858,854.1620021599891,10097600
COST,2025-12-22,847.6104125976562,853.0949505615234,844.9279725044221,851.5991674804687,2373300
COST,2025-12-23,852.386962890625,852.5764311905995,844.4194343930145,846.712956380788,1903300
COST,2025-12-24,869.4089965820312,873.5373727454145,855.9369664034595,856.1862635988776,1822200
COST,2025-12-26,870.894775390625,875.1229068399282,866.5570286490303,868.1924328155329,1324100
COST,2025-12-29,865.4003295898438,872.0415800230837,863.2563493872968,870.8349596995871,1792500
COST,2025-12-30,863.2164916992188,865.3803743098849,859.0083233988202,861.5711058668909,1680800
COST,2025-12-31,859.9158325195312,865.5598944522304,858.9186437010379,862.1495257347843,1490000
COST,2026-01-02,852.0977783203125,860.6735771387868,850.1034008403352,858.7191261610942,2373400
COST,2026-01-05,873.278076171875,876.299587333437,858.4299209073444,861.5212425858332,2805600
COST,2026-01-06,886.6004638671875,891.5665050646708,868.8505168787445,873.4874687578451,2742300
COST,2026-01-07,880.098876953125,891.0878557524205,877.1471762988531,889.4923780743975,2680100
COST,2026-01-08,912.73681640625,929.050809464413,893.4811044141879,898.5966874815377,5207200
COST,2026-01-09,922.2799682617188,927.2359673082335,908.7680723988286,913.3949821045207,2895400
COST,2026-01-12,940.4288330078125,942.1739134123811,914.4221319939271,917.8125982682329,3246400
COST,2026-01-13,939.281982421875,940.2492871485847,926.9866282177431,935.3830012290383,2222100
COST,2026-01-14,948.3065185546875,952.923507241607,935.6521911421075,935.6921176439745,2894900
COST,2026-01-15,954.060302734375,955.5860306822914,947.3292789105369,951.8564937641298,2185900
COST,2026-01-16,960.9010620117188,962.2672057660054,948.3265261512919,959.2956026893195,3862900
COST,2026-01-20,961.5491943359375,967.1733532622899,951.4476678440788,955.6857198575818,3209900
COST,2026-01-21,980.096923828125,986.8578927925446,956.9023036795116,956.9023036795116,4073700
COST,2026-01-22,973.4257202148438,981.2337251303946,968.8286947074147,975.1409165053886,2074400
COST,2026-01-23,980.48583984375,982.0813175006098,968.2802592644157,968.7090431239021,1680600
COST,2026-01-26,974.9215698242188,990.2084913702555,973.6052732873484,983.6569535648111,2458700
COST,2026-01-27,967.5523681640625,975.2506364066631,959.0064529320031,974.9315286903042,2077900
COST,2026-01-28,958.0790405273438,967.3727861570547,952.9235308460756,966.7844788756445,2474800
COST,2026-01-29,950.211181640625,957.6003233352077,945.8434901428559,955.2968198080476,1825000
COST,2026-01-30,938.8876342773438,949.7418794251049,928.9520390398109,947.4552194382504,2396300
COST,2026-02-02,966.9569091796875,968.9140912372628,929.9206837534902,942.8618667440954,2451300
COST,2026-02-03,976.5030517578125,989.2146484066255,962.8828613925771,962.9527063348241,2960700
COST,2026-02-04,976.9324340820312,993.1588892872101,973.7770394556126,981.8852694270165,2631500
COST,2026-02-05,987.8565673828125,999.4997070043017,985.8994462889711,994.0575914763876,2988800
COST,2026-02-06,999.7093505859375,999.9190682489734,982.0749657151235,986.7182525143253,2358600
COST,2026-02-09,996.1445922851562,1008.1571300077385,991.2416723838332,999.869168286569,1861700
COST,2026-02-10,969.82275390625,996.0047951316005,967.5960044824766,994.5668791266988,1781500
COST,2026-02-11,976.7227783203125,988.1362099714881,965.7187257996974,971.8797689631986,1769400
COST,2026-02-12,997.4127197265625,1007.7477599993804,976.722770549767,977.3318720829325,2970400
COST,2026-02-13,1017.0042724609375,1021.3979215398074,992.3201193088877,998.5510682231246,2661600
COST,2026-02-17,1010.5836181640625,1026.9498242051018,1009.0158856395919,1020.8587478832064,1732200
COST,2026-02-18,994.6367797851562,1014.5279002927431,992.0605009260238,1008.5365937949513,1926800
COST,2026-02-19,986.3887329101562,1006.39967456691,982.6840864709835,990.8722174976581,1750000
COST,2026-02-20,983.8424072265625,985.9393400415574,976.3931944929476,981.705493363883,1662200
COST,2026-02-23,984.5913696289062,989.8736829776,976.6428809764551,980.3774523181329,1489300
COST,2026-02-24,996.9833374023438,997.4326975731409,983.6127239492275,984.9508091994448,1671100
COST,2026-02-25,993.3186645507812,1001.0474400220197,990.0034677101194,996.2344165878087,1554600
COST,2026-02-26,985.310302734375,1004.0631216481693,982.1049927090436,995.4755456195096,1804400
COST,2026-02-27,1009.325439453125,1012.7205375550792,988.1462097324217,989.0948454620902,3935000
COST,2026-03-02,1001.3170776367188,1019.3409122909325,1001.0374540822265,1009.4452370405662,1986900
COST,2026-03-03,1006.309814453125,1014.2782323552399,999.180145305591,1001.087351000773,1947100
COST,2026-03-04,1005.2813110351562,1012.5308016743594,995.5554332044736,1003.5438418961846,1806600
COST,2026-03-05,981.1463623046875,997.8021873503542,977.3918004146707,995.0561718234956,2766000
COST,2026-03-06,996.65380859375,1001.0474577245462,959.0683922611365,965.6088896459527,2708900
COST,2026-03-09,1003.8433837890625,1005.9503119306892,986.5584671138445,998.1816162573101,2348200
COST,2026-03-10,995.9148559570312,1008.6363865232382,994.5568411625761,999.0503208666239,1613400
COST,2026-03-11,990.7922973632812,995.9448549557765,986.4586198991574,994.8763980094773,1260500
COST,2026-03-12,1001.8662719726562,1004.7520992068786,982.5742578883157,987.1775637172665,1669200
COST,2026-03-13,1006.9688720703125,1011.3625212611244,1000.5481958516575,1004.4425694956371,1469700
COST,2026-03-16,1000.2885131835938,1011.1827392050872,993.987658533076,1009.0358300815452,1243400
COST,2026-03-17,994.7166137695312,1006.6393160634452,993.3086835679123,1005.0316634571379,1210400
COST,2026-03-18,978.5001220703125,992.539747312503,976.7227329041068,988.9349926705112,1434400
COST,2026-03-19,973.3676147460938,987.3572636603498,969.0038906181163,984.4115868414918,1340200
COST,2026-03-20,970.9212036132812,979.3389820335317,969.1337581466905,973.6672191255122,2621600
COST,2026-03-23,964.3306884765625,985.2104251155546,963.1324759708775,984.2417989022865,1779100
COST,2026-03-24,972.4089965820312,979.8582093999555,959.6075647316304,960.6660264130286,1259300
COST,2026-03-25,973.447509765625,979.3889009941519,966.6473792191523,976.5829748437683,1067100
COST,2026-03-26,978.2305908203125,985.7596440297709,971.3105781962925,974.2763065989756,1498300
COST,2026-03-27,982.4344482421875,985.6797392432705,976.6927795479637,980.5971483901997,1540900
COST,2026-03-30,995.1360473632812,1004.0830259891525,983.5828041122185,986.2189935773645,2129100
COST,2026-03-31,994.9862060546875,1007.1385551535035,984.4215189802362,995.5553874614261,2447900
COST,2026-04-01,995.1160278320312,1001.6765155169883,989.1547073426264,993.5882764241476,1769800
COST,2026-04-02,1013.4894409179688,1014.5279121155347,997.7622611779888,1006.5395033587195,1828600
COST,2026-04-06,1017.0741577148438,1019.2110715847003,1002.5552474182597,1013.4893935828142,1448600
COST,2026-04-07,1011.741943359375,1019.3808224148089,1003.3940101624592,1018.7817161563623,1428500
COST,2026-04-08,1028.7772216796875,1028.9668878725295,998.551061543806,1002.9846306949294,2265700
COST,2026-04-09,1030.53466796875,1034.3190935555074,1023.5747964142464,1027.9983092993375,1433300
COST,2026-04-10,997.0232543945312,1027.509047717785,994.0575869806171,1025.0226653129753,2333000
COST,2026-04-13,979.4287719726562,998.6009643016196,977.940940661213,997.0232365792153,2255500
COST,2026-04-14,973.3875732421875,976.1934993179242,964.600335993906,972.2692009167729,2136500
COST,2026-04-15,983.3231811523438,983.9522732117586,966.8970036114321,968.9041010441629,2346200
COST,2026-04-16,985.7796020507812,994.3072060600024,980.187679613871,983.5727822938512,1484300
COST,2026-04-17,998.4412231445312,999.2200612705607,975.5843750026705,983.5727833957324,2346500
COST,2026-04-20,996.3942260742188,1009.8346844647018,992.6995749274732,1002.3954668070767,1475400
COST,2026-04-21,1004.3526611328125,1005.0416638171133,985.2703645871046,992.9292343193174,1367100
COST,2026-04-22,1002.2457275390625,1006.6493109692844,996.8435320857524,1003.5238412245176,1215200
COST,2026-04-23,1012.9102172851562,1015.1269713580333,1005.5708914585863,1006.1200823458264,1570700
COST,2026-04-24,1009.6849365234375,1011.9815917898942,1001.0474454088031,1010.533680552328,1695200
COST,2026-04-27,996.56396484375,1012.9401658520077,995.1859594890318,1007.1685723497319,1620400
COST,2026-04-28,992.5597534179688,1011.1827550614909,984.5713449397557,1009.0158553801372,1776000
COST,2026-04-29,997.2229614257812,997.5225145518541,983.6926068688012,986.9378977858162,1516900
COST,2026-04-30,1013.06005859375,1016.2154531966797,994.8764214475948,995.0062379640076,2049300
COST,2026-05-01,1011.7000122070312,1031.27001953125,1006.3200073242188,1015.3800048828125,1509700
COST,2026-05-04,1012.7899780273438,1024.719970703125,1002.2100219726562,1007.02001953125,1479400
COST,2026-05-05,1016.4199829101562,1020.780029296875,1009.0700073242188,1010.510009765625,1456300
COST,2026-05-06,995.75,1012.22998046875,992.4199829101562,1011.3099975585938,2619100
COST,2026-05-07,1012.0599975585938,1012.6599731445312,990.6599731445312,993.5,2014000
COST,2026-05-08,1008.7899780273438,1016.0,1005.1099853515625,1011.739990234375,1805200
COST,2026-05-11,999.469970703125,1007.0,985.1500244140625,1005.8200073242188,2053500
COST,2026-05-12,1021.8800048828125,1026.0,1001.1400146484375,1002.5399780273438,2143200
COST,2026-05-13,1033.0799560546875,1042.52001953125,1017.9400024414062,1017.9400024414062,1654600
COST,2026-05-14,1041.25,1041.7900390625,1026.0999755859375,1034.949951171875,1606600
COST,2026-05-15,1048.949951171875,1057.5,1039.219970703125,1049.3599853515625,1967000
COST,2026-05-18,1076.469970703125,1079.8299560546875,1045.0,1050.0,2295200
COST,2026-05-19,1094.3199462890625,1096.5,1072.0999755859375,1077.0,2853300
COST,2026-05-20,1074.010009765625,1089.739990234375,1072.0,1089.3699951171875,2223400
COST,2026-05-21,1050.449951171875,1064.72998046875,1039.010009765625,1063.4100341796875,2149700
COST,2026-05-22,1028.239990234375,1045.6400146484375,1025.18994140625,1039.989990234375,2048300
COST,2026-05-26,1002.9299926757812,1027.5,996.1599731445312,1026.1300048828125,2704600
COST,2026-05-27,1003.6900024414062,1013.510009765625,999.6900024414062,1003.8599853515625,2390100
COST,2026-05-28,995.2000122070312,1012.0,994.27001953125,1011.6099853515625,2844300
COST,2026-05-29,956.3200073242188,998.8200073242188,945.4500122070312,986.5700073242188,7028000
COST,2026-06-01,946.1099853515625,959.2100219726562,936.510009765625,955.0,2816300
COST,2026-06-02,954.27001953125,955.3900146484375,939.4500122070312,942.2899780273438,2218200
COST,2026-06-03,961.8300170898438,969.1799926757812,951.97998046875,952.8800048828125,2174100
COST,2026-06-04,972.3499755859375,990.010009765625,968.2100219726562,986.9600219726562,2345200
COST,2026-06-05,971.8699951171875,997.4099731445312,971.5999755859375,977.5,3092000
COST,2026-06-08,974.75,978.97998046875,961.0,963.4600219726562,2086100
COST,2026-06-09,968.5900268554688,981.969970703125,964.9400024414062,974.2100219726562,1998600
COST,2026-06-10,983.3699951171875,985.260009765625,964.3099975585938,977.4400024414062,1715600
COST,2026-06-11,975.6900024414062,989.1199951171875,974.0,986.9099731445312,1903400
COST,2026-06-12,982.3499755859375,984.780029296875,970.0,975.52001953125,1737300
COST,2026-06-15,979.4500122070312,987.0,968.0,974.1900024414062,1893700
COST,2026-06-16,986.6799926757812,995.3800048828125,973.1599731445312,980.3900146484375,1523400
COST,2026-06-17,965.5900268554688,983.7100219726562,961.1599731445312,980.0,1928000
COST,2026-06-18,951.4500122070312,964.0,948.3099975585938,962.7000122070312,3742900
COST,2026-06-22,951.3499755859375,956.22998046875,942.530029296875,948.5700073242188,2191900
COST,2026-06-23,957.6799926757812,966.3800048828125,953.489990234375,964.5,2529800
COST,2026-06-24,961.0900268554688,967.9400024414062,957.0,962.030029296875,2020200
COST,2026-06-25,942.239990234375,955.75,938.5999755859375,949.5700073242188,2492700
COST,2026-06-26,952.5399780273438,961.6400146484375,943.0,953.25,8239200
COST,2026-06-29,946.6799926757812,969.8599853515625,942.3800048828125,958.5499877929688,2450000
COST,2026-06-30,935.469970703125,946.0,932.4099731445312,942.0,2870900
COST,2026-07-01,924.6699829101562,940.4299926757812,920.5499877929688,940.4299926757812,2909700
COST,2026-07-02,951.6699829101562,952.6400146484375,924.8400268554688,927.0,2787500
