symbol,date,close,high,low,open,volume
DE,2018-01-02,139.47618103027344,139.52031896421113,138.18743956093354,138.2933598271789,1897600
DE,2018-01-03,140.11175537109375,140.43836536718158,139.14961019147648,139.37028643280203,1392300
DE,2018-01-04,140.91497802734375,141.3210281164496,138.89359018700344,140.5265858035916,1747000
DE,2018-01-05,141.51522827148438,141.6476285929077,138.222729942702,141.05621804220814,1574400
DE,2018-01-08,142.2125701904297,142.27435252225257,140.26178666534437,141.27690526192052,2711800
DE,2018-01-09,146.17587280273438,146.51129135889607,142.5744367718784,143.00695336327155,4345200
DE,2018-01-10,145.59326171875,148.6827270302147,144.85179327655845,147.18213228701754,5473700
DE,2018-01-11,147.81768798828125,147.89712815346132,144.5605065258932,145.7609850749495,1958200
DE,2018-01-12,149.44187927246094,150.70414028228072,148.25905843759438,148.691575036119,2316500
DE,2018-01-16,147.8883056640625,150.59821493796093,146.846720821575,150.19216494253251,2046100
DE,2018-01-17,147.79124450683594,148.85932314224715,146.873237526247,148.82402087988052,1960400
DE,2018-01-18,148.20606994628906,148.69156008162372,146.75843520483718,147.3763390874454,2185900
DE,2018-01-19,150.34228515625,150.34228515625,148.37384379181353,148.76223605150514,1613900
DE,2018-01-22,150.3951873779297,150.4128317691172,148.92989476931223,150.05975537935436,1401000
DE,2018-01-23,148.87692260742188,150.1391833942055,148.6738909041911,149.97146740849306,1365000
DE,2018-01-24,149.7067413330078,150.43937447341114,148.34736838142592,149.80383940097795,1448700
DE,2018-01-25,149.29183959960938,151.29556942836913,147.33223422750646,150.94249296109095,1651300
DE,2018-01-26,151.37501525878906,151.78988749435163,149.30065408097624,149.61842827270496,1554500
DE,2018-01-29,149.33596801757812,151.78106369880047,148.9652336764007,151.37502709756032,1487600
DE,2018-01-30,148.7445526123047,149.53015919561693,147.25279309896183,148.0737019411741,1712700
DE,2018-01-31,146.89971923828125,150.5717741398425,146.67022085781065,149.54783342265623,1969800
DE,2018-02-01,148.1619415283203,148.63859598632703,144.99302244025537,146.52011077674086,1721300
DE,2018-02-02,145.6109161376953,148.23253567715454,145.39906224393113,147.11151084544287,2568700
DE,2018-02-05,138.602294921875,146.5819394349538,138.55815699334264,143.96914108149633,3549600
DE,2018-02-06,142.89222717285156,143.22764576712817,133.6856110482711,135.892372582475,3377400
DE,2018-02-07,142.50379943847656,144.9047564662626,142.0359671874521,142.26546548091687,2378800
DE,2018-02-08,135.6363983154297,142.30964324373207,135.59226038959622,142.29198537959792,3051300
DE,2018-02-09,136.75743103027344,138.71703651778398,131.16992220045796,137.1811389787655,3895300
DE,2018-02-12,140.53543090820312,141.55053599562825,137.62250250345372,138.35514907127595,2343100
DE,2018-02-13,142.38023376464844,142.65386999542324,139.07891419662027,139.48496417935155,1795900
DE,2018-02-14,144.12802124023438,145.54035413707444,141.0208969485891,141.19744866244764,2854000
DE,2018-02-15,147.2439727783203,147.78242319843866,143.87204773828813,145.6462793837575,3026200
DE,2018-02-16,149.56546020507812,154.70279365121584,143.0069584342482,146.3171004767862,6626900
DE,2018-02-20,145.4431915283203,150.02442900810874,144.45455355172902,149.2123291980163,3750400
DE,2018-02-21,143.0775604248047,147.21744643173602,142.9716402013611,145.46969539991247,2753300
DE,2018-02-22,144.90476989746094,146.35240469818942,143.66897555064307,143.88082947355505,1908800
DE,2018-02-23,146.74082946777344,146.75847386352373,143.7661055653122,145.66392869081193,2038800
DE,2018-02-26,147.81768798828125,148.5679786633161,146.20233728461724,147.45577594379358,1770000
DE,2018-02-27,144.39280700683594,147.87948716725177,144.39280700683594,147.87948716725177,2281800
DE,2018-02-28,142.00070190429688,145.57565866142994,142.00070190429688,144.6929539544344,2781400
DE,2018-03-01,138.41688537597656,143.74842790163711,137.47239859975272,141.8947431325231,3697000
DE,2018-03-02,135.32742309570312,137.93139864526393,133.97688630463256,137.30468600051958,4169500
DE,2018-03-05,139.0613250732422,139.67922928313007,133.3237431797711,134.6478005398029,3093400
DE,2018-03-06,139.9175262451172,140.85320460191585,138.9906970250618,139.99697990972666,2394000
DE,2018-03-07,139.37904357910156,139.74979134421153,136.80154789973417,137.737212571196,2589100
DE,2018-03-08,142.16844177246094,142.4244337230211,137.45480107994592,139.19373072158658,3508000
DE,2018-03-09,148.23260498046875,148.3032229780729,142.7598381217024,142.99817217999066,3828000
DE,2018-03-12,144.79006958007812,148.33854670410096,143.70434643005115,148.25910650339313,2260900
DE,2018-03-13,142.39788818359375,146.8025747641223,141.8241222103198,145.61093183932442,2732300
DE,2018-03-14,141.41812133789062,143.4395091091281,140.2617669043395,143.36889111913231,2243000
DE,2018-03-15,140.87965393066406,142.71566757273845,140.4824261012991,142.04481695232676,1320700
DE,2018-03-16,144.65760803222656,144.74587039488398,140.6766023850531,140.9855543268562,3818700
DE,2018-03-19,140.81788635253906,143.81907708643254,139.3172909855923,143.5719208363004,2798600
DE,2018-03-20,141.223876953125,143.0422457996153,140.50887509972853,141.40923732811686,1499400
DE,2018-03-21,139.51145935058594,141.62112272457315,137.46357829233747,140.25292795346783,2901100
DE,2018-03-22,133.8003692626953,138.02851850869365,133.47377286008899,135.7070144936482,3768800
DE,2018-03-23,130.6403045654297,135.69819907221557,130.2872280488011,133.959269616358,2940600
DE,2018-03-26,135.35394287109375,135.65405925295292,131.43473163362017,133.63267130571833,2463800
DE,2018-03-27,134.3123321533203,138.5757968918882,133.20011576212687,136.1483592963829,2691400
DE,2018-03-28,134.24142456054688,136.14676057825613,131.8575470190183,134.24142456054688,2655000
DE,2018-03-29,137.64442443847656,138.09638102520066,134.2768657965829,135.05671166059767,3526700
DE,2018-04-02,134.54275512695312,137.25452223506392,132.3006589421794,136.81142268086737,2150600
DE,2018-04-03,135.62388610839844,135.77455183481962,132.71715453237613,135.31372457842875,1957400
DE,2018-04-04,131.6626434326172,132.1854978018219,127.23164669902698,128.78249555578356,4478100
DE,2018-04-05,134.11734008789062,135.79225549056744,132.31835737843488,132.85893925561217,2963400
DE,2018-04-06,128.84449768066406,132.7526392928775,126.75306708403902,132.33612459829732,3294000
DE,2018-04-09,126.69103240966797,130.6612006893101,126.48719687556785,129.9788235792336,3629600
DE,2018-04-10,131.1663360595703,132.47792058500318,128.88881119344373,129.4293932353559,2597400
DE,2018-04-11,127.97600555419922,129.5445681059636,127.83421046361316,128.73813726319412,2309000
DE,2018-04-12,133.16021728515625,133.97551850009893,129.07484056879287,129.07484056879287,3258100
DE,2018-04-13,132.912109375,134.70223496806267,132.02591046073644,134.44524323274803,2634900
DE,2018-04-16,132.0259246826172,134.06418510945002,131.41444520233497,133.9667026774873,2608100
DE,2018-04-17,132.17657470703125,134.83517169226678,132.17657470703125,133.54132873195334,1957800
DE,2018-04-18,132.72605895996094,134.4452875843531,132.40702670468892,133.45273527776973,2022000
DE,2018-04-19,131.24607849121094,133.39067846785093,129.82815466950865,132.77919898877087,2290300
DE,2018-04-20,130.23583984375,132.81466922812723,129.65094512880813,131.44992841558943,1896700
DE,2018-04-23,129.42051696777344,130.9979638837536,128.78246602498893,130.49282388123888,1245200
DE,2018-04-24,122.39293670654297,132.17656709926513,121.7726001501578,131.4321632316029,5467900
DE,2018-04-25,122.29549407958984,123.9792672123345,120.6117209468452,122.35753451657914,3067300
DE,2018-04-26,120.81550598144531,122.5081492423918,118.4847983867632,122.33976927622227,4071600
DE,2018-04-27,121.90554809570312,124.00583567110687,120.81552697050535,121.1434163159109,2602000
DE,2018-04-30,119.92932891845703,122.68540873142476,119.83184647405012,122.06507204989234,2533400
DE,2018-05-01,119.96475219726562,120.71802674297379,117.13777527331223,119.42417027586083,2378800
DE,2018-05-02,119.41531372070312,122.18912088232382,119.27351863716137,120.00020829857033,2585000
DE,2018-05-03,121.29403686523438,121.78144895565482,116.32246058758957,120.52304816368321,3716900
DE,2018-05-04,121.67515563964844,122.51704219438497,119.76981920279528,120.6294335281876,1934700
DE,2018-05-07,124.26282501220703,125.63643616833451,123.42093866565264,124.06786015018514,1840900
DE,2018-05-08,125.90229797363281,126.46059414647023,124.26282442052518,124.6438834984567,2189300
DE,2018-05-09,128.64064025878906,128.9685295365988,125.92000304589708,126.91255504525832,2332600
DE,2018-05-10,129.92562866210938,130.7143451870911,128.10006098781386,128.9153623995224,2413800
DE,2018-05-11,130.5548858642578,132.0436941804067,129.51802079554153,130.10291557216917,2487000
DE,2018-05-14,130.0496826171875,131.70687015712565,129.1989257623405,131.46760620115867,3483900
DE,2018-05-15,128.9685516357422,129.78385317048864,127.00118858712521,128.79131452337555,3135000
DE,2018-05-16,130.58145141601562,130.8030012056442,129.0483171357111,129.0483171357111,1887400
DE,2018-05-17,130.10292053222656,131.2461252321577,128.86224688813627,130.53716306882245,4095700
DE,2018-05-18,137.5823974609375,139.2218710521713,129.48253898223,129.82815605814713,7788800
DE,2018-05-21,140.3119354248047,143.023703092815,138.3357147913083,141.34878697302463,4922000
DE,2018-05-22,137.44058227539062,141.2689679617311,137.2722023231226,140.32072866098886,2462000
DE,2018-05-23,138.7610321044922,138.85851452910586,135.63275091778394,136.23535970825202,2005000
DE,2018-05-24,140.1790008544922,140.59551561343264,138.1939230474518,140.49803314809918,2426800
DE,2018-05-25,140.90562438964844,141.25124141801317,139.6383664597517,139.75356312099194,2096700
DE,2018-05-29,137.36972045898438,140.80817736511597,136.04042178154077,139.16870358733868,3350500
DE,2018-05-30,137.4317169189453,138.3799426405432,136.6607282598374,138.0520533988207,2870600
DE,2018-05-31,132.49562072753906,137.4228990136641,132.45132159101618,137.2899610371206,4754600
DE,2018-06-01,135.9341278076172,136.51015201878127,133.3995969383014,133.55024921626233,2655900
DE,2018-06-04,134.29458618164062,136.58098115062518,133.97555401103062,136.23536409265793,1737000
DE,2018-06-05,136.8734893798828,136.97984249899105,134.62254893997476,134.99475105103062,1872200
DE,2018-06-06,140.50686645507812,140.51572357781703,137.16589214634334,137.48492435516582,2468100
DE,2018-06-07,140.5955047607422,142.066598752282,139.7270332872001,140.4094104918611,2192300
DE,2018-06-08,139.2395477294922,140.5599887772906,138.29132206824866,140.1346171499253,1390300
DE,2018-06-11,138.8496856689453,139.797925313931,137.70649463838893,139.01806568234105,1925100
DE,2018-06-12,139.65615844726562,140.5512284843191,138.73451703266184,138.73451703266184,2548600
DE,2018-06-13,135.88978576660156,139.93972271111178,135.5264408393929,139.93972271111178,2386100
DE,2018-06-14,133.08935546875,136.38601673490933,132.9387032657988,135.59730018868066,3072100
DE,2018-06-15,131.82208251953125,133.1070681824842,129.11031612841523,131.6625732129111,5991000
DE,2018-06-18,130.97134399414062,131.28151905244002,129.96107767708568,130.6168698037901,2947200
DE,2018-06-19,126.08841705322266,128.49887988175618,125.43262479820247,128.49887988175618,3752500
DE,2018-06-20,127.9228286743164,128.36592816605656,124.84771711985375,126.41627958454114,2609600
DE,2018-06-21,125.84918212890625,127.44434388269642,124.68826298436005,127.14303930762794,2784400
DE,2018-06-22,126.87715148925781,128.817930109596,126.61128899619415,127.32910826183635,2315000
DE,2018-06-25,123.75770568847656,125.7693815419753,122.87150653990938,125.6010015401754,3705200
DE,2018-06-26,123.75770568847656,125.06929016443063,122.9335469710255,124.09446569207637,1832500
DE,2018-06-27,123.51846313476562,127.02780480087695,123.29691330909547,124.89206123605796,2433700
DE,2018-06-28,124.1685791015625,125.11262150889505,122.29831025390396,123.42937275120184,1619900
DE,2018-06-29,124.50702667236328,127.10760093536615,124.31109178498065,124.78311303469268,1906200
DE,2018-07-02,125.71825408935547,125.86965584937064,122.79706034289266,122.95736329246084,1867400
DE,2018-07-03,124.8989028930664,126.46636848342071,124.56046741746596,126.28824955559003,1580700
DE,2018-07-05,124.41791534423828,125.566807093999,122.97513495947571,125.18383864754627,3014900
DE,2018-07-06,124.66727447509766,124.95227549052898,122.81480864358325,124.62274136773696,2059600
DE,2018-07-09,128.62161254882812,129.8239388484159,125.01464723966517,125.4599512632754,2149800
DE,2018-07-10,128.73739624023438,130.28704554862398,128.0605254254432,129.44097061973534,1531900
DE,2018-07-11,125.94977569580078,126.96506822358063,125.29072091511601,126.61773166380328,2396600
DE,2018-07-12,125.39762878417969,127.1699302847881,125.20169390628301,126.29713811299494,1681700
DE,2018-07-13,122.52984619140625,125.42432209504142,122.44077995853166,125.30853871022428,5103500
DE,2018-07-16,121.36314392089844,122.85045750254412,120.60612176018616,122.5743712242791,3726400
DE,2018-07-17,122.90393829345703,123.00190574437653,119.67102600271691,119.99164551576224,2704800
DE,2018-07-18,123.9815673828125,124.23093657933767,122.35175282649313,122.7258066212809,2397700
DE,2018-07-19,124.95233154296875,125.8429397313155,123.03751578426176,123.23345067286624,2303400
DE,2018-07-20,122.16471099853516,123.96374315903033,121.65707144998815,123.04641790656027,2832100
DE,2018-07-23,120.70411682128906,121.85300890060115,120.49036598128647,121.5680077805977,2789900
DE,2018-07-24,124.54263305664062,126.45744861946888,120.5259954303413,121.89752592066755,5146300
DE,2018-07-25,125.86073303222656,126.88492682852356,121.25627756890175,124.31107017134588,4371300
DE,2018-07-26,127.11647033691406,128.43457990234148,125.86072344129865,126.42179721522076,3585300
DE,2018-07-27,125.39762878417969,128.1139863281092,124.3645200806521,128.1139863281092,2321400
DE,2018-07-30,123.08203887939453,127.01852512027862,122.77033419264117,126.19026609563531,2994500
DE,2018-07-31,128.9511260986328,129.80611575645247,124.6851197660607,124.80980434224277,4856500
DE,2018-08-01,126.38618469238281,129.1025418135455,125.77166299731327,127.89131438851557,2198500
DE,2018-08-02,126.5464859008789,128.22973445657638,124.99683669729676,125.486660219588,1343200
DE,2018-08-03,127.67755889892578,128.24754745514244,126.47523270569417,126.59991727769159,1873700
DE,2018-08-06,128.18519592285156,129.0134683842505,127.16100221457425,127.30350274830293,1472900
DE,2018-08-07,130.1356658935547,131.25784092340248,128.70178614732902,128.70178614732902,1549900
DE,2018-08-08,128.96896362304688,130.31379062267817,128.39897495241698,129.96644039924874,2329000
DE,2018-08-09,124.53375244140625,128.21196883933914,123.48282764645256,127.84681619764147,3782500
DE,2018-08-10,122.0578384399414,124.079522559433,121.0069138530865,123.79452145465856,2413100
DE,2018-08-13,121.93309783935547,122.30715142533556,120.77530516488697,122.0132492671524,2155200
DE,2018-08-14,123.4827880859375,124.35559367031419,122.44077840460514,122.53874582368421,2808800
DE,2018-08-15,120.85548400878906,122.38733061673754,118.29944379662273,122.24483009748711,2563100
DE,2018-08-16,122.32504272460938,123.01080125980671,121.44333570700924,122.40519420177228,2996000
DE,2018-08-17,125.2105941772461,126.81369153482608,117.8452747006563,119.50179278228704,8811200
DE,2018-08-20,125.1571273803711,126.6177237960611,124.4535531172172,126.11898554527887,3509600
DE,2018-08-21,128.09616088867188,128.59489923567648,125.30855326893457,125.3352704239812,1945200
DE,2018-08-22,127.0096206665039,128.43459905092206,126.97400232221392,128.02491334878152,1277900
DE,2018-08-23,125.73606872558594,126.74246041687786,124.59609122996487,126.65340774385966,1414700
DE,2018-08-24,128.9244384765625,129.00460354286997,125.82512573755419,126.30606177698814,1945400
DE,2018-08-27,130.20692443847656,131.1687829866634,129.36975050266932,129.36975050266932,1902500
DE,2018-08-28,130.47410583496094,132.25532229687167,129.8239656314524,131.04409455918824,1535200
DE,2018-08-29,130.01988220214844,130.91049030756588,129.73488108540627,130.7947069051892,1687800
DE,2018-08-30,127.64196014404297,130.17128390098506,127.28570874824753,129.69926269245718,1491800
DE,2018-08-31,128.06942749023438,128.39004689972955,126.63554812965857,127.02741780677479,1181300
DE,2018-09-04,126.19913482666016,127.96253463722744,125.56681083728203,127.68644836668786,1698900
DE,2018-09-05,129.03131103515625,129.21833113345642,125.6024642772355,125.6024642772355,2232100
DE,2018-09-06,129.22727966308594,130.16240757802206,128.39010562263186,129.12931219899863,1446700
DE,2018-09-07,131.48045349121094,132.12169229010834,128.26535830964983,129.22721650799593,3136300
DE,2018-09-10,132.35324096679688,134.17007510892242,131.80996960255376,132.25527355391375,1872100
DE,2018-09-11,132.34437561035156,133.2973192576666,130.81252851577992,131.36470121628767,1152200
DE,2018-09-12,131.6140594482422,133.5021442072643,130.53643129412131,132.2196800022082,1949800
DE,2018-09-13,132.5848388671875,133.73373105954047,132.12173238601832,132.55812170825862,1502100
DE,2018-09-14,131.5962371826172,133.63573717470615,130.78579420611024,132.6115297898545,2002200
DE,2018-09-17,132.73622131347656,133.9830807703104,131.8545280179334,132.0593640697787,2131000
DE,2018-09-18,132.73622131347656,134.36603571896032,131.7120274646494,133.1370058182879,1529700
DE,2018-09-19,135.71978759765625,136.9310153337864,132.96781142903808,133.00342977880524,2373000
DE,2018-09-20,137.21600341796875,139.62064269145745,136.45898105890666,137.3674051718608,2762200
DE,2018-09-21,136.0937957763672,138.10657839798608,135.9602100225423,137.4831419745404,2514000
DE,2018-09-24,134.97164916992188,135.68413830923154,133.3240188846183,135.45257152493588,1713500
DE,2018-09-25,134.74009704589844,135.69305426120073,133.73371910711555,135.10524963809473,1400000
DE,2018-09-26,135.65740966796875,136.65488622477477,134.25024747413232,134.50851780059145,1784900
DE,2018-09-27,135.29061889648438,137.7777750421428,135.0937924114517,136.3463121785309,1494500
DE,2018-09-28,134.494384765625,136.13161597290105,134.2349254404673,134.69121127041947,1737000
DE,2018-10-01,134.96856689453125,136.40897173477597,134.360190280223,135.73797594555845,2670300
DE,2018-10-02,138.51138305664062,138.63663501484962,134.55697055152868,135.21008272424098,2149200
DE,2018-10-03,141.54432678222656,142.16163142230883,138.77981383967725,139.2539830908464,2973700
DE,2018-10-04,141.63375854492188,142.51947771073165,139.28975146047185,141.3116800893039,3882500
DE,2018-10-05,139.9249267578125,141.98264907954714,138.43084504045635,141.80371967144822,1948300
DE,2018-10-08,137.61676025390625,139.03926795392786,136.05110351891,137.60780490706824,2863700
DE,2018-10-09,134.60174560546875,137.5362326126639,134.2975641398135,136.84735346717,2107400
DE,2018-10-10,131.9266815185547,134.83432898507948,131.1214786446532,134.19911383960516,2861400
DE,2018-10-11,131.0409698486328,135.093782223214,130.17314777137506,131.31831251532415,3309500
DE,2018-10-12,132.7855987548828,134.19916493032227,130.486326827828,133.3850200533982,1881000
DE,2018-10-15,132.81240844726562,134.29754882401411,132.0161607888907,132.45454954629966,1678300
DE,2018-10-16,135.9526824951172,136.27476097968406,132.59770396897997,134.18124400427808,2124500
DE,2018-10-17,135.6663818359375,136.41789373501257,133.68917518920654,135.20115433351097,1516000
DE,2018-10-18,131.69407653808594,135.14746802148002,130.361040586762,134.628563081842,2491800
DE,2018-10-19,130.5399627685547,133.30446141004134,130.0568382837384,131.98036722649263,1901500
DE,2018-10-22,130.11952209472656,131.47045554011282,129.1264476549624,131.3809976144303,1702300
DE,2018-10-23,124.9214859008789,126.42450942033895,122.27328405283627,124.91253055638512,5166900
DE,2018-10-24,119.78612518310547,125.57458122680539,119.49088550257987,124.93936609874619,3731500
DE,2018-10-25,122.3717041015625,123.74053404429392,120.17978785448176,121.34284963398599,1854400
DE,2018-10-26,118.9898910522461,121.05655539681771,117.73737134385146,120.33188230471504,4771000
DE,2018-10-29,116.8069076538086,121.4859796467619,114.80287627095987,121.13706249339522,3274800
DE,2018-10-30,118.7751693725586,118.95411246347213,115.67069513509713,116.75324076878279,2347600
DE,2018-10-31,121.17288970947266,122.6043391385148,120.43926112657667,120.43926112657667,2018200
DE,2018-11-01,125.83403015136719,126.27241883730287,121.3160042446462,121.8617478530805,2954000
DE,2018-11-02,126.79132843017578,128.8043152105218,126.29926226469202,127.5160014868699,2938000
DE,2018-11-05,127.62336730957031,128.40173154740523,126.92553292491931,127.14919814183159,1576800
DE,2018-11-06,130.14633178710938,130.1821122191065,127.12237335424206,127.4265548062679,1729500
DE,2018-11-07,132.7944793701172,134.00227675951967,130.40573697127644,131.1214682519802,2161700
DE,2018-11-08,131.21994018554688,132.57087351438813,129.76163824312485,132.21301453963855,1899400
DE,2018-11-09,129.55584716796875,130.3341978090812,127.97229349850048,130.2089458248626,2581600
DE,2018-11-12,129.34112548828125,130.56680648290893,128.42856759992833,129.72582310064658,1562800
DE,2018-11-13,131.72091674804688,134.26176400706612,129.76160724839622,129.90475626468157,3540500
DE,2018-11-14,131.71197509765625,134.41385476231457,129.86897587955426,132.75872668313824,1824100
DE,2018-11-15,131.24671936035156,132.18611580703447,127.48914722505862,127.58756044616707,3015400
DE,2018-11-16,132.2935028076172,132.61558127741455,129.91371519063645,130.36998733474857,2327300
DE,2018-11-19,127.55179595947266,132.56188821525203,127.13130429415699,131.76564065461093,2912400
DE,2018-11-20,123.92843627929688,125.67302236860802,121.55757661564215,125.67302236860802,3701400
DE,2018-11-21,126.93451690673828,131.04994963549427,122.1749134643943,122.1749134643943,4987600
DE,2018-11-23,127.79336547851562,128.33016750345078,125.01992475353076,125.03780814330405,1192500
DE,2018-11-26,133.23291015625,133.43867835716532,129.15325831293208,129.70794374646158,4361700
DE,2018-11-27,132.23977661132812,133.25074742345873,131.20196707422386,132.3918672699911,1753800
DE,2018-11-28,135.99742126464844,136.00637661207068,131.5509547550573,132.65139767534362,2421700
DE,2018-11-29,134.1722869873047,136.42683612180977,133.38498108128428,135.85425373146066,2236700
DE,2018-11-30,138.56509399414062,138.9587470011717,134.01125932801418,134.1007308846823,2534900
DE,2018-12-03,145.12290954589844,147.0553661681843,144.15667440903647,144.92608311145779,5132000
DE,2018-12-04,135.6216278076172,144.04038923753563,135.3711238749715,143.98671177360305,3549300
DE,2018-12-06,138.12667846679688,138.21615000614287,131.13043820573932,132.14139561285987,4595900
DE,2018-12-07,131.74771118164062,138.4218850687383,130.89778636682854,137.41986959455454,3005600
DE,2018-12-10,131.5419921875,132.54400803581856,128.69697705326314,130.42366605270084,1791400
DE,2018-12-11,131.51513671875,135.87213041709393,130.56679846133505,134.45856472439303,1818800
DE,2018-12-12,132.5350341796875,135.6216108324416,132.4097822290419,134.32435556116104,1863500
DE,2018-12-13,132.68719482421875,134.61966621153775,132.20408380311198,133.61765007801498,1733900
DE,2018-12-14,133.3133544921875,133.76068473648888,130.89777390324704,130.89777390324704,1967900
DE,2018-12-17,130.6920166015625,134.2438201266228,129.72578155593894,132.67816414232698,2504000
DE,2018-12-18,133.51025390625,134.95961397339283,132.25773399779882,132.71400618199678,2846200
DE,2018-12-19,130.6920166015625,135.9884054931222,129.10846358361528,133.54598598002303,3173200
DE,2018-12-20,129.40379333496094,132.72299234006647,127.57869052303205,129.83322688163014,2822800
DE,2018-12-21,127.92757415771484,131.5867341669457,127.46234664130108,129.31428770908988,3931500
DE,2018-12-24,122.90850830078125,127.34601834053045,122.90850830078125,126.8181717310117,1444700
DE,2018-12-26,128.17808532714844,128.22282110744925,121.79020633147466,123.83897401539487,2267400
DE,2018-12-27,131.26463317871094,131.26463317871094,125.40460223027127,126.32610175872033,2457300
DE,2018-12-28,130.6531219482422,133.0633050872826,129.9426656568142,131.65136703583474,1597100
DE,2018-12-31,134.15145874023438,134.21441767823617,131.49846954171122,131.49846954171122,1954600
DE,2019-01-02,133.18917846679688,134.59211421748202,131.50744223832828,131.50744223832828,1987700
DE,2019-01-03,129.5469207763672,132.79346331829146,128.3328344866438,132.57762179139021,2047200
DE,2019-01-04,136.4087371826172,136.4806843692827,132.06503728318444,132.20891793399272,2549100
DE,2019-01-07,138.63905334472656,140.23984044808822,135.69827567219318,136.62457336495225,2947400
DE,2019-01-08,141.12115478515625,141.9934954301087,138.5131348239199,139.42144219579419,3124800
DE,2019-01-09,138.7919158935547,142.00247788802795,138.04547940706163,141.96651116257345,3134300
DE,2019-01-10,143.0996856689453,143.37847246227216,136.2378885952906,138.18040789549588,2693600
DE,2019-01-11,142.34422302246094,143.7021898944689,140.84236180410878,141.88557523132397,2039000
DE,2019-01-14,141.5618438720703,142.39820417261203,140.14990608833108,140.48266353611996,1364900
DE,2019-01-15,141.2380828857422,142.7669227788698,140.0779534349268,141.42693223283737,1369100
DE,2019-01-16,141.5618438720703,142.71297139342036,141.12117250744316,141.41794950127093,1457300
DE,2019-01-17,143.95407104492188,145.36599544665603,140.51866415680394,140.95933562770895,2155100
DE,2019-01-18,148.0369110107422,149.4578367721989,145.5457933723167,145.68968771531684,3879800
DE,2019-01-22,142.8478546142578,146.58902567960885,141.53485630198506,146.49010002135364,2076500
DE,2019-01-23,141.74172973632812,144.5206233605616,140.51865481590946,143.4774095738023,1780800
DE,2019-01-24,142.47914123535156,143.07269522977717,141.25608023717413,141.86761073626286,1602100
DE,2019-01-25,145.24005126953125,146.42715920417947,143.77415657758527,144.45764795420894,1826400
DE,2019-01-28,140.7344970703125,142.4701769159326,139.5743673660937,141.27408047382303,2199400
DE,2019-01-29,144.3227996826172,144.73649271966605,141.02229853185992,141.62484099259493,2199700
DE,2019-01-30,146.5081329345703,147.20059902159574,143.954069024116,145.60881349659127,1988800
DE,2019-01-31,147.48837280273438,148.27977821873728,144.05296631283468,146.0764348421405,3118800
DE,2019-02-01,147.3804168701172,147.81208619103995,146.5530449539651,147.56027794362498,1704300
DE,2019-02-04,147.94696044921875,148.27971780310784,145.99543990945915,147.54226965275112,1907900
DE,2019-02-05,147.6772003173828,148.37866814070645,146.59800638378866,148.0549127051324,1574600
DE,2019-02-06,147.20057678222656,148.30674940403637,146.58904624360443,147.59627947075785,1660500
DE,2019-02-07,145.50987243652344,147.3085111224569,143.99002055130578,146.31026610286287,2488100
DE,2019-02-08,146.3641815185547,146.40014824415263,144.11588379937567,144.11588379937567,1628300
DE,2019-02-11,145.6358184814453,147.7042563096698,145.62681650301116,147.15567080378236,1843900
DE,2019-02-12,148.55856323242188,149.2060742518081,146.50811624520688,146.98475439523784,1894400
DE,2019-02-13,146.31924438476562,147.93802183629353,145.75268256862327,147.38943652556804,2777700
DE,2019-02-14,146.06744384765625,146.9577749239514,144.39470934592,145.11416755400987,2029700
DE,2019-02-15,142.98280334472656,146.94879166373184,141.4719395430609,143.4144728355486,7578600
DE,2019-02-19,141.4269561767578,142.8119156617019,140.34777570022592,141.08522415474602,2971500
DE,2019-02-20,143.7831573486328,144.4486447708003,138.34227347207673,141.99350720971785,3349200
DE,2019-02-21,146.4541015625,147.75811134060336,143.86405850570202,143.86405850570202,2838500
DE,2019-02-22,149.260009765625,149.2869882440119,146.58903062514423,146.58903062514423,1967200
DE,2019-02-25,148.2617645263672,150.92375540822508,148.18981734334162,150.16831684771762,2502700
DE,2019-02-26,147.30850219726562,148.4326513078636,146.4181711615636,147.00273693258856,1623700
DE,2019-02-27,147.1195831298828,147.27246570404964,146.00443641889703,147.0476359674776,1850500
DE,2019-02-28,147.52432250976562,148.41465349999692,146.13937691415072,146.79587611890486,1778000
DE,2019-03-01,146.8678741455078,149.25107919675705,146.355269135521,148.25283394306976,1668900
DE,2019-03-04,149.12513732910156,150.20431777655642,147.62326197780337,148.02796665280735,2663100
DE,2019-03-05,145.195068359375,149.0711315490781,145.15009965912486,148.72939961672245,1965900
DE,2019-03-06,142.3083038330078,145.06920719780808,141.93059133957544,145.01525023053557,2229700
DE,2019-03-07,142.11044311523438,142.38922990947114,139.88012131629262,141.98453895904603,2051300
DE,2019-03-08,143.00079345703125,143.87313449851763,140.18593266079128,140.18593266079128,1757300
DE,2019-03-11,144.26878356933594,144.4846251161752,142.6590082487073,143.0996658717032,1340300
DE,2019-03-12,143.11767578125,144.79041026237465,142.73996331422492,144.39470756667492,1553100
DE,2019-03-13,143.6033172607422,144.77243524198207,142.8209137627508,143.67526446047506,1661800
DE,2019-03-14,141.87660217285156,143.20760456401624,141.1571577395466,143.04571996075654,1596800
DE,2019-03-15,142.22732543945312,143.29751747890657,141.5528360420687,141.75068736310322,2386300
DE,2019-03-18,144.16091918945312,144.33179209076255,141.70578078662828,142.07449135402976,1962400
DE,2019-03-19,144.763427734375,146.7329391822251,143.9540458594475,145.17710692466295,1685400
DE,2019-03-20,143.58534240722656,145.24008685257428,142.11045910202094,144.35875766011034,2017100
DE,2019-03-21,143.6482696533203,144.5026202539658,142.54211074348507,142.5601009720054,1082200
DE,2019-03-22,140.2398681640625,142.9468145934871,139.62832384187686,142.3802527079249,2177400
DE,2019-03-25,141.48989868164062,142.31727074161904,140.28481418488008,140.61755791483805,1137200
DE,2019-03-26,141.7327117919922,142.87483729886256,140.75244343222667,142.48813662862818,1036700
DE,2019-03-27,142.33526611328125,142.59606266625107,140.36575469689384,142.20936196313664,1068200
DE,2019-03-28,142.85037231445312,143.2299073227418,141.63042752523117,142.77807796210226,1123300
DE,2019-03-29,144.44073486328125,145.6697106645471,143.21175906201537,143.6003392890512,1862600
DE,2019-04-01,146.3113555908203,147.3686344140264,145.1998456733921,146.0673639273928,1371400
DE,2019-04-02,146.50115966796875,147.03432883731546,145.33544588759426,146.30235362965078,1184300
DE,2019-04-03,147.64878845214844,148.25423810194016,146.54632377977038,147.33250240448342,1356100
DE,2019-04-04,148.4169158935547,148.90488554437397,147.60361475720512,147.7210948053834,1197200
DE,2019-04-05,149.1307830810547,149.51031805221584,148.38979017223622,148.9590857346097,1294600
DE,2019-04-08,149.10365295410156,149.13979322716847,147.46803327031773,148.18191742044874,1133300
DE,2019-04-09,143.52809143066406,146.76319074569219,143.1937421742492,146.55533934800175,2451000
DE,2019-04-10,143.34738159179688,144.26007189956044,140.75387178990627,143.6817308927993,2746800
DE,2019-04-11,144.72991943359375,144.8564310464888,142.68764281134725,143.35635493021059,1162200
DE,2019-04-12,145.90472412109375,146.681871071296,144.49500511774343,146.11256173895714,1220200
DE,2019-04-15,146.8354949951172,146.9258525844092,145.83243336944255,146.2390769930974,1062500
DE,2019-04-16,148.70603942871094,149.32053437420365,146.7270251224864,146.8354735180053,1310200
DE,2019-04-17,149.51031494140625,149.81755556089598,148.06446943212364,148.9771596683971,1350700
DE,2019-04-18,152.7635040283203,153.6129454015951,149.75431894136773,149.99831064807668,2215500
DE,2019-04-22,152.85385131835938,153.58582638913572,151.72427803404182,152.03153244681585,1376600
DE,2019-04-23,151.5977783203125,152.98942043791484,151.34475498779162,152.47432836109468,1891200
DE,2019-04-24,149.38381958007812,151.56164038683403,149.33863388669866,151.18210538217437,1463400
DE,2019-04-25,146.2209930419922,148.67894548972413,145.7059148200609,148.20000754405257,1256600
DE,2019-04-26,149.1127166748047,149.13079370959684,146.0402826195358,147.14274733332064,988500
DE,2019-04-29,150.26942443847656,150.57667892761197,149.15792791131605,149.47421402502553,889700
DE,2019-04-30,149.67294311523438,150.61274177107404,147.6035576864288,150.61274177107404,1573700
DE,2019-05-01,148.68797302246094,151.20015649859712,148.68797302246094,149.65489429782895,1327400
DE,2019-05-02,148.30845642089844,150.5947117515567,146.52824773894505,149.0946488396779,1702400
DE,2019-05-03,150.8296356201172,151.1187991547834,148.60662975986472,149.2120792684079,1050800
DE,2019-05-06,144.74801635742188,145.94085223265301,142.89552740650922,145.7149376007139,2913100
DE,2019-05-07,142.56117248535156,143.57327947035822,140.3381801022941,143.08529611591638,2182200
DE,2019-05-08,140.60023498535156,142.58828110123528,140.3833657512008,142.00994016227392,1806400
DE,2019-05-09,140.50083923339844,141.24184592490982,137.16633669906992,138.93751367211289,2026000
DE,2019-05-10,141.0159149169922,141.27796982095936,137.32898649778318,139.9044187973453,1753700
DE,2019-05-13,132.18716430664062,136.0367445535623,131.19313444092322,135.54877503049568,3172500
DE,2019-05-14,132.93724060058594,134.58189237197718,131.43716375120715,132.13298485654957,2325400
DE,2019-05-15,130.88587951660156,132.48535874752298,130.14488679778083,131.75339764877012,2330500
DE,2019-05-16,131.92514038085938,133.79570674529356,131.03051329168096,132.10586936558312,2893400
DE,2019-05-17,121.83126831054688,127.75022155846464,120.34022323422113,126.51221359496688,7817500
DE,2019-05-20,122.32826232910156,122.89757166908186,119.89741844797854,121.06314578329666,3715300
DE,2019-05-21,125.50916290283203,126.06039529041851,123.4036363662718,123.85546574007257,3567300
DE,2019-05-22,125.40972137451172,126.58448014336165,124.45184560242505,124.63257453869413,2626800
DE,2019-05-23,123.32231903076172,124.53321852811096,122.40058318276581,123.50304803519995,2584400
DE,2019-05-24,125.56333923339844,125.96998277932938,124.18977452457501,124.86751836403783,2597200
DE,2019-05-28,124.31632232666016,126.93692679556194,124.29824529350785,126.93692679556194,2054400
DE,2019-05-29,127.53334045410156,127.75020968960979,123.38553707144247,123.96387801402392,3013000
DE,2019-05-30,128.03038024902344,129.85577500112265,127.69603088430968,127.69603088430968,3110600
DE,2019-05-31,126.66585540771484,127.19901080332427,124.52418841226525,126.06040565170663,2206600
DE,2019-06-03,129.4852294921875,129.9461041843465,126.09650987918508,126.09650987918508,2213600
DE,2019-06-04,131.59075927734375,132.4582775895609,130.02743377970023,131.0304953647314,1872000
DE,2019-06-05,132.13296508789062,132.79263202248214,130.27143052888073,132.19621402141985,1634100
DE,2019-06-06,132.37696838378906,132.9914496833157,130.88592325040085,131.87995333932633,1391300
DE,2019-06-07,134.38304138183594,134.82582515542157,132.44016762593358,133.09983437082988,1555800
DE,2019-06-10,135.37704467773438,136.6602377802803,135.2324560436847,135.25053307012368,1708500
DE,2019-06-11,135.548828125,137.8621925854683,134.50962595820428,136.8591307057937,2019800
DE,2019-06-12,134.455322265625,135.4132117165158,133.47938336402646,134.87101118119892,1344100
DE,2019-06-13,136.931396484375,137.57300020394422,134.64514116368784,135.19637350120948,1192500
DE,2019-06-14,136.913330078125,137.44649921161397,135.1150580189247,137.04888716171902,1013500
DE,2019-06-17,139.497802734375,140.247841183296,137.59108213955483,138.5308950010597,1742200
DE,2019-06-18,144.0251007080078,144.55825593061263,140.52793282580777,140.87132747908842,2617000
DE,2019-06-19,144.53115844726562,145.90472337780298,143.74497987898258,144.01606642753814,1671100
DE,2019-06-20,147.07945251464844,147.4138155360301,145.35347525886843,146.6185916435346,1945100
DE,2019-06-21,148.45301818847656,148.83255310615897,146.49208088608356,147.7120253840684,2380800
DE,2019-06-24,150.80252075195312,152.15800837485185,149.01326716183897,149.22111852523796,2582200
DE,2019-06-25,150.2874298095703,151.26338255902334,149.92597195661727,151.26338255902334,2084800
DE,2019-06-26,150.11575317382812,150.53144217182307,149.6729693113007,150.1067215523173,2025700
DE,2019-06-27,149.62559509277344,150.21566740952096,148.60883613409968,149.99778752149518,2072100
DE,2019-06-28,150.4335174560547,151.6590552212927,149.6346385438803,149.6346385438803,6514900
DE,2019-07-01,149.9160614013672,153.30219601795503,147.92795106051426,152.78475042152127,2409200
DE,2019-07-02,149.90701293945312,150.3972253668613,148.96288062073015,150.17934548128378,1371000
DE,2019-07-03,150.05221557617188,150.54244173556992,147.78268593627985,150.53336860376982,918600
DE,2019-07-05,148.35459899902344,148.88113149216338,146.6660685389914,148.51801232205025,1291700
DE,2019-07-08,148.7812957763672,149.48938796942326,147.07460492535478,148.0096500995727,1384000
DE,2019-07-09,148.2910919189453,148.52711804610198,146.25758810459445,147.06554020968667,1486000
DE,2019-07-10,145.9852294921875,148.09135975020348,145.8127430147677,147.25617446405894,1753200
DE,2019-07-11,146.3937225341797,146.43004276253018,144.67795882549225,145.90351026831547,2012800
DE,2019-07-12,150.1248321533203,150.1611523823125,147.16537068745598,147.17444381864968,2268500
DE,2019-07-15,150.69676208496094,152.33989926244143,150.05220959798282,151.51378718192734,1983700
DE,2019-07-16,150.83297729492188,151.24150382816913,149.56204587536962,149.97964554300168,1345100
DE,2019-07-17,148.04592895507812,151.22326980328077,148.04592895507812,150.76029083787253,1368200
DE,2019-07-18,148.19119262695312,148.75403147005002,147.0927343325364,147.74635988998793,1404400
DE,2019-07-19,150.3427276611328,151.21423317048533,148.45447726762748,148.92654332903135,2690300
DE,2019-07-22,149.9160614013672,151.2233127954683,149.38952882029253,150.333660983637,970300
DE,2019-07-23,152.8301239013672,153.3657295452763,150.20654832202766,150.76938721209424,2176800
DE,2019-07-24,151.76795959472656,152.9481176236531,149.85249012702278,150.51518881667,1775600
DE,2019-07-25,151.5228729248047,151.91322535510537,150.10668871386716,151.60457266341055,1180600
DE,2019-07-26,154.68202209472656,155.23578773957772,151.45928805836675,151.62270135381937,1950000
DE,2019-07-29,154.56402587890625,155.4355312668624,153.53820800550417,154.59125912364473,1459600
DE,2019-07-30,154.35520935058594,154.99067471708838,152.21277336344482,153.56541767022622,1400700
DE,2019-07-31,150.37904357910156,154.6366838296835,149.45308536606944,154.41881782761052,2000300
DE,2019-08-01,146.3483428955078,151.7498202067402,145.84904364695004,150.59689536954468,2193800
DE,2019-08-02,144.06973266601562,145.10463758387542,142.61724206928923,145.10463758387542,2270200
DE,2019-08-05,137.1340789794922,141.0921398673104,134.092917080207,140.34774122782562,3243300
DE,2019-08-06,138.6955108642578,140.12078229790737,136.54400094050817,138.36869800286826,1824800
DE,2019-08-07,137.2974395751953,137.606092213134,134.9008173620654,136.57118748137577,1747100
DE,2019-08-08,140.76531982421875,140.8924129441036,137.4881181056405,138.07820418890748,1661300
DE,2019-08-09,140.56556701660156,141.62770509407412,139.30370924742226,139.7303818749678,1742900
DE,2019-08-12,133.4937286376953,140.11167059834324,133.28493580122645,139.75762454863136,3738300
DE,2019-08-13,133.60267639160156,136.22625224286907,132.07755904027155,132.54053812504452,2890500
DE,2019-08-14,129.97142028808594,131.43299791376384,128.77311585484532,130.8247656393911,3001000
DE,2019-08-15,130.46163940429688,131.93229008233934,128.22841628939096,130.5614992560225,2402700
DE,2019-08-16,135.4727020263672,137.07045908170704,130.2618730448031,130.52513227663775,3493000
DE,2019-08-19,138.34144592285156,139.122164660348,135.59077715225453,136.34426264268444,1993600
DE,2019-08-20,138.07823181152344,138.52305089405107,137.1885659422403,138.03283843417407,1582900
DE,2019-08-21,140.58375549316406,140.93780159041788,139.44899058502867,140.12077639740465,1855200
DE,2019-08-22,141.04669189453125,141.81833733933294,138.94057606564417,141.17378497168733,1716400
DE,2019-08-23,133.4665069580078,139.63963053471494,132.81288129387943,137.07959437486033,2983000
DE,2019-08-26,136.90707397460938,137.89658535767046,134.6103115872332,136.48040138703135,1864100
DE,2019-08-27,136.2625732421875,138.60471578030808,135.85404680096812,137.6152041228395,1240700
DE,2019-08-28,138.64102172851562,139.32188059091257,135.23672741653095,135.7087934397167,1477800
DE,2019-08-29,142.05441284179688,143.22549803743334,140.71085500805307,140.93780800000155,1611800
DE,2019-08-30,140.6291046142578,143.87907195088482,140.49292455686103,143.63395892925564,1629100
DE,2019-09-03,136.9161834716797,139.58513855026072,136.2262376325518,139.58513855026072,2030600
DE,2019-09-04,137.73321533203125,137.9874015424934,137.12498305327472,137.46086900593338,1562300
DE,2019-09-05,141.89100646972656,142.70803166035623,138.28699202383385,138.6955046191487,1672900
DE,2019-09-06,142.09071350097656,143.2708716669332,141.72758045262327,142.55369255400387,1083200
DE,2019-09-09,143.76109313964844,144.50549169507698,142.23596194347363,142.25412206007732,1725700
DE,2019-09-10,148.91741943359375,148.91741943359375,143.72474945366494,144.24219489962613,2702900
DE,2019-09-11,149.92514038085938,149.96146061661796,147.773630457892,148.97194889992176,2213300
DE,2019-09-12,148.20936584472656,148.59973216492264,144.92309119857066,147.16538770030664,2732800
DE,2019-09-13,150.1702117919922,151.23234983316976,148.10947532640455,149.72537906619,1789300
DE,2019-09-16,149.4166717529297,150.22462332727937,147.8824683039494,149.00815940223194,1164700
DE,2019-09-17,148.87205505371094,149.10808112382992,147.33785096766726,147.96424329648823,1347800
DE,2019-09-18,150.13394165039062,150.36089463324484,147.80994532230127,148.4000175368779,1215900
DE,2019-09-19,149.28057861328125,150.69676284293766,148.60879287649922,149.9251172513922,986000
DE,2019-09-20,148.9447021484375,151.33223797897824,147.86440379237712,149.6346341920891,2942700
DE,2019-09-23,149.9795684814453,150.76936018263888,147.75541886185707,147.8734388087872,1412300
DE,2019-09-24,150.66049194335938,150.97821784543822,148.8357808813616,150.34275218916812,3124800
DE,2019-09-25,149.96145629882812,150.9146616044317,149.27151036039348,150.4062752832285,2814000
DE,2019-09-26,151.06895446777344,151.5319334668512,149.56198365995633,149.94326292721587,1808800
DE,2019-09-27,151.62525939941406,152.58283783291031,150.47617362861558,151.84413884342118,1591200
DE,2019-09-30,153.83224487304688,154.15144232953816,151.99006169730234,152.09949446379667,1828700
DE,2019-10-01,150.93215942382812,155.22757624693813,150.15697358257708,154.67126984590962,2299500
DE,2019-10-02,148.88018798828125,150.45790369508026,146.90120032931154,149.56417047521057,2646300
DE,2019-10-03,150.32118225097656,150.64949455309366,146.4726378989183,148.84378384928246,1367500
DE,2019-10-04,152.92941284179688,153.01148742532092,149.7010067332156,150.2938000841042,1217300
DE,2019-10-07,151.88973999023438,153.8322411265104,151.7620637938798,153.15738719534838,1221600
DE,2019-10-08,150.44883728027344,151.5614502631014,148.52456537544774,149.82868572338162,1848600
DE,2019-10-09,151.78028869628906,152.85642853198502,150.15697114242104,151.75293050616352,2089100
DE,2019-10-10,153.0297088623047,154.9904534037291,151.41550604005454,151.8532510049208,1996800
DE,2019-10-11,155.90245056152344,158.00911500495678,154.5618433855816,155.03607527693208,5006800
DE,2019-10-14,154.0602569580078,155.90245426318901,153.73195862042795,155.76566328919742,1769000
DE,2019-10-15,157.44369506835938,157.79936551088565,153.34891368385846,154.6348044820933,1898500
DE,2019-10-16,156.00274658203125,158.77516380060516,155.94803020144883,156.91472336683503,1824100
DE,2019-10-17,156.98770141601562,157.77200209868184,156.23075892681868,156.88738340140728,1203400
DE,2019-10-18,158.61102294921875,158.91197700021783,156.40404049088872,156.88738714125182,1616200
DE,2019-10-21,158.7113494873047,160.25259277865575,158.68399129171442,159.28589942602858,1375200
DE,2019-10-22,159.73272705078125,160.8635832647878,158.31004550404933,159.36794190595916,1486600
DE,2019-10-23,159.595947265625,160.34377495518754,158.22798200334822,158.39213115530356,1227100
DE,2019-10-24,156.96034240722656,159.5959550511592,155.8659729271512,159.5959550511592,2478700
DE,2019-10-25,157.87229919433594,158.7751612061768,156.98768061427825,157.04239699396658,2102400
DE,2019-10-28,158.0911407470703,159.95156678898528,157.7628286319491,159.08519184831087,1433100
DE,2019-10-29,158.7843017578125,159.2676484111244,156.63203567459473,157.13362576265334,1586500
DE,2019-10-30,158.51986694335938,159.24943749424065,157.4163685243021,159.24943749424065,1624700
DE,2019-10-31,158.81166076660156,159.03054023769428,155.35527435236799,158.17327970382718,2181800
DE,2019-11-01,160.60824584960938,160.7450368127518,159.4044297113057,160.4167245855474,3090800
DE,2019-11-04,163.3350372314453,163.53567322446554,162.1038630847903,162.1038630847903,1990200
DE,2019-11-05,163.1708526611328,163.88219330049685,162.50511363519644,163.4444484260402,1314300
DE,2019-11-06,160.48057556152344,162.91555220486137,159.81483632358373,162.8608358175873,1929200
DE,2019-11-07,162.23153686523438,163.3897511867458,161.90322469203664,162.16770573148887,1652800
DE,2019-11-08,162.66018676757812,163.1617768035476,161.6661353698962,162.77874820762418,1713600
DE,2019-11-11,163.9734344482422,164.5935720041654,161.03686798481317,161.6752489734582,1410200
DE,2019-11-12,160.8635711669922,163.9734150848874,160.55350242564612,163.9734150848874,1436200
DE,2019-11-13,160.20697021484375,160.31640298290637,157.49839787999557,159.62330559240596,1835500
DE,2019-11-14,159.03050231933594,161.15540971251218,157.77197001304145,157.97260600145535,1307500
DE,2019-11-15,159.12173461914062,160.35290907006896,158.73870596934742,160.07931320145556,1611100
DE,2019-11-18,159.5138702392578,159.52298499789458,157.20656997891447,158.68396798646626,1418100
DE,2019-11-19,158.36477661132812,160.80888183904162,158.12766763670996,160.80888183904162,1192800
DE,2019-11-20,156.9239044189453,158.14595037871956,154.79899613121881,157.6899618341173,2013300
DE,2019-11-21,160.53530883789062,160.78154652219243,157.06979348409166,157.52578198023193,1627600
DE,2019-11-22,159.9425048828125,161.4016594977649,159.24027880983365,160.66296047356877,1292800
DE,2019-11-25,161.06422424316406,161.3560495849017,159.7783336071139,160.5808776493004,1556800
DE,2019-11-26,161.10069274902344,162.64193573495658,161.05510504251617,161.38341724020407,2786900
DE,2019-11-27,154.1787567138672,157.19739693437853,152.34568881761183,153.6680520611189,7626000
DE,2019-11-29,153.2577362060547,154.41595088165593,152.93853869276106,153.4857304539317,1394400
DE,2019-12-02,150.7406463623047,152.5190123399318,150.2664284228889,150.74977503676493,2694400
DE,2019-12-03,149.10821533203125,149.83779959691068,147.77672300495163,148.95318093703952,1966500
DE,2019-12-04,150.72242736816406,152.17246731103407,149.29061694416276,149.62805786251997,1756400
DE,2019-12-05,150.09315490722656,151.27872762114384,149.427415688633,150.97777358421897,1234000
DE,2019-12-06,150.66770935058594,152.73788688851974,149.97459800249965,152.36398693646925,1523400
DE,2019-12-09,153.12088012695312,153.3580029715117,150.57647129401218,150.84093841025842,1730800
DE,2019-12-10,154.94488525390625,155.03608851930107,151.9992034684256,152.79261899783526,1643100
DE,2019-12-11,154.762451171875,155.65618448748708,153.5404056707396,155.60146810917664,1245800
DE,2019-12-12,158.51986694335938,158.82993581905055,153.77757486863348,154.5801191734024,2168500
DE,2019-12-13,157.31600952148438,160.87271373570505,156.07572042602183,158.44686584594405,1775600
DE,2019-12-16,157.6352081298828,159.5868380822881,157.4710450565299,158.89372675249564,1408700
DE,2019-12-17,158.5380859375,158.92111462597524,156.54085398528485,157.27956707984285,1247000
DE,2019-12-18,157.4163360595703,158.31006954104728,156.14868870269768,157.51665407697735,2209000
DE,2019-12-19,157.5531005859375,158.3465298324962,156.7870434446804,158.04557583078926,1249000
DE,2019-12-20,159.27679443359375,161.03691746704752,158.06387714030288,159.9425477337202,2593600
DE,2019-12-23,159.64151000976562,160.18868763201257,158.182341852456,160.18868763201257,1005700
DE,2019-12-24,159.1399383544922,160.05191507858672,158.70219342331177,159.55032509720263,332300
DE,2019-12-26,159.41354370117188,159.71449770802465,158.29181615974701,159.41354370117188,518100
DE,2019-12-27,160.3346405029297,160.38024212649475,158.9575605315006,159.60505627287426,719500
DE,2019-12-30,159.5194854736328,160.39877658383656,158.92411843285382,160.18811512686196,953000
DE,2019-12-31,158.6951446533203,159.98661840499085,157.99903798114042,159.4828505611391,748200
DE,2020-01-02,161.99252319335938,162.01084583589818,159.12563759557284,159.5927741357839,1591100
DE,2020-01-03,160.79261779785156,160.984956591302,158.9607452259047,159.56526652890602,1301100
DE,2020-01-06,161.94671630859375,162.01083856656177,159.1347987645928,159.81258277122254,1234200
DE,2020-01-07,159.1348114013672,161.60783713843438,158.9058272780076,161.21397717869337,1234200
DE,2020-01-08,161.1131591796875,161.91918744394604,159.36373179860072,159.83085419207268,1713900
DE,2020-01-09,162.67027282714844,163.39385626729728,161.30552287356073,161.69021439597776,1459100
DE,2020-01-10,158.85079956054688,163.40300333767266,158.83249090034795,163.1282336739238,2560900
DE,2020-01-13,160.0507049560547,160.325474649505,158.97906122336454,159.44618367830805,1300900
DE,2020-01-14,159.0706329345703,160.33462932125903,158.85080322242715,160.17892184951975,1039800
DE,2020-01-15,158.38368225097656,160.42621601498058,157.6784074804888,158.56686669139395,1139200
DE,2020-01-16,160.71932983398438,160.80176073962448,158.50276585605886,159.37290247088552,1410400
DE,2020-01-17,161.387939453125,162.129845464519,160.77426393782284,160.93913970484144,1653400
DE,2020-01-21,158.053955078125,160.68268761025408,157.8982475947106,160.38044095050003,1655100
DE,2020-01-22,156.7716522216797,159.06149285131602,156.27703881907453,158.52109381698057,1285700
DE,2020-01-23,157.59596252441406,157.7058703836476,154.48178538680764,155.96559739076326,1245100
DE,2020-01-24,155.81907653808594,157.58684083803647,154.82986367184725,157.58684083803647,1103300
DE,2020-01-27,149.55404663085938,153.86811185001386,149.23346340255463,152.21025575424542,1586800
DE,2020-01-28,149.279296875,151.74316780132193,148.74805213456693,150.9463076787119,1750700
DE,2020-01-29,146.69639587402344,150.13115781176765,146.54984267708664,150.13115781176765,1959200
DE,2020-01-30,147.56651306152344,148.23514271613612,145.2125498193858,145.6338867102871,2496400
DE,2020-01-31,145.24920654296875,147.66727825562316,144.10428595977857,146.29337355579494,1693300
DE,2020-02-03,144.98355102539062,147.8595904532644,144.05846039219745,146.0368861578387,1813400
DE,2020-02-04,150.60743713378906,151.23943557656196,147.14519816354672,147.7680422723962,1412200
DE,2020-02-05,154.19789123535156,154.58258282802223,152.5125577172634,153.35521748826764,1476900
DE,2020-02-06,154.66500854492188,154.93062392994844,152.09122970540867,154.56425499003336,1805100
DE,2020-02-07,153.37350463867188,154.70160925330512,152.64992123381424,153.34602767241628,1711100
DE,2020-02-10,154.09713745117188,154.14292308807438,152.16451118239414,152.46677185678075,807700
DE,2020-02-11,155.94729614257812,156.68004791546997,154.42685263571872,154.88482074676642,1315700
DE,2020-02-12,157.38531494140625,158.64014303131538,155.90150280729026,157.5410224143377,1008200
DE,2020-02-13,156.4053192138672,157.4586546250616,155.58098191474332,156.4969184586954,831100
DE,2020-02-14,153.94143676757812,157.82499814150646,153.1262399581893,156.46941618887564,1152400
DE,2020-02-18,152.32020568847656,153.36437248540648,150.40590222345148,153.32772720771575,1177400
DE,2020-02-19,151.06533813476562,153.1811623198765,150.9920755438353,152.50336455712412,1244600
DE,2020-02-20,151.8896942138672,152.73235379907774,150.67149745096424,150.90963581980313,2048500
DE,2020-02-21,162.51454162597656,166.6912221389477,161.2047596622375,162.95420103328487,5917100
DE,2020-02-24,157.41281127929688,161.5345245822245,157.0830736560195,158.00816427706607,2292900
DE,2020-02-25,152.6407470703125,158.4111473558528,151.86220976281894,157.70587263817848,2358500
DE,2020-02-26,152.88809204101562,155.1413015846113,151.68821767300207,154.13376602119874,2545200
DE,2020-02-27,146.54058837890625,152.54912559369865,146.5131114202346,150.57985504043734,2957500
DE,2020-02-28,143.32569885253906,145.56058551323,139.82682968499276,142.23573249129404,3048300
DE,2020-03-02,150.1402587890625,150.21353536149005,143.38981353205241,144.64464164169092,2532100
DE,2020-03-03,144.5164337158203,153.75822797516324,143.80200449311286,150.52497383299044,2443100
DE,2020-03-04,149.3617706298828,149.5632638003582,147.02612977739363,147.68560517047487,2513800
DE,2020-03-05,145.69798278808594,148.55569935282068,144.6446477381311,145.478153061538,1878400
DE,2020-03-06,150.25015258789062,151.07450346843754,140.75189964675974,141.23734466456006,2973400
DE,2020-03-09,137.39044189453125,144.94691619873046,134.76170924529433,139.2314687845297,2886400
DE,2020-03-10,141.9609375,143.18828848800877,135.5676936245222,142.53796772434941,2797700
DE,2020-03-11,133.6167755126953,138.4529174648933,131.75742617004724,138.16897948292393,2397300
DE,2020-03-12,119.42893981933594,125.0619427673429,117.3222834243787,123.6514069413389,3288700
DE,2020-03-13,127.27850341796875,127.58075007194651,119.55715380747942,126.33507625235971,2525500
DE,2020-03-16,109.95817565917969,121.70047389862289,109.76582285163282,113.48452965954122,2617700
DE,2020-03-17,116.05830383300781,118.57713599543715,109.06055008938499,112.47699603702124,2909600
DE,2020-03-18,104.60906982421875,110.41610881393996,97.21746516329145,107.91559997867945,2635000
DE,2020-03-19,109.60094451904297,110.59015044378359,97.31823498878735,103.40921297628174,2455700
DE,2020-03-20,102.24595642089844,110.47106664649634,101.06439787357984,109.60093004379223,4155200
DE,2020-03-23,101.80632019042969,105.85475692143585,97.5655306887479,101.00029178162313,3130900
DE,2020-03-24,115.40797424316406,116.01249555774433,103.22601861116986,107.50344645950504,3488000
DE,2020-03-25,117.68866729736328,125.23597391864345,111.59768215034318,115.29806586348603,3962200
DE,2020-03-26,127.39757537841797,128.36846561083865,116.4521394946813,118.47636484754376,2227500
DE,2020-03-27,123.75215911865234,127.47085841272916,121.05014971824356,123.65140556248417,2302600
DE,2020-03-30,130.08946228027344,130.52238876842753,123.94560827292457,125.93522608378483,2251100
DE,2020-03-31,127.2616195678711,133.56206100334708,126.4233991221337,130.78950190030045,2240100
DE,2020-04-01,123.12580871582031,124.10219128802395,119.4505438107855,121.75333819999844,2040600
DE,2020-04-02,128.3853759765625,128.87356718163787,122.37968527083693,122.7941853810712,2863800
DE,2020-04-03,124.82988739013672,128.35777022810774,121.7072986303868,127.55638818975522,2053100
DE,2020-04-06,132.17117309570312,133.44230586094486,128.69855571336765,130.41183505839214,2079300
DE,2020-04-07,131.5540313720703,139.68748796758618,131.29610549570936,136.3254141197959,2067500
DE,2020-04-08,135.1924591064453,136.1596355764609,131.36060580808092,133.6357678255384,1210100
DE,2020-04-09,134.25289916992188,138.36109012466622,132.7606930558667,135.66220806767177,1596100
DE,2020-04-13,128.7722625732422,131.48955708909898,126.07338029244221,130.59607175889835,1655900
DE,2020-04-14,127.23394775390625,131.01052056567153,124.4982280204235,129.2419768888474,2479800
DE,2020-04-15,124.63641357421875,124.65483986067709,117.48854643846738,122.61916388875142,2938200
DE,2020-04-16,119.69922637939453,124.80222562937915,118.37281481903551,123.66003477348359,3642700
DE,2020-04-17,127.53792572021484,127.62082291579786,122.51782447559313,123.00601558976415,2468300
DE,2020-04-20,126.46945190429688,129.19595218575728,123.20868766204099,125.12461399624694,1974900
DE,2020-04-21,123.48505401611328,124.52592166144936,122.04811245042544,123.42058307670045,1958500
DE,2020-04-22,125.46542358398438,127.00368815577424,123.5402772852715,126.53390922528399,1280400
DE,2020-04-23,126.29447174072266,129.03939905837845,126.11945709656813,126.819501618043,1377000
DE,2020-04-24,127.69457244873047,128.4222493682788,124.74698407525393,127.98011673431454,1498500
DE,2020-04-27,128.68011474609375,129.67492335441173,127.21554126237751,127.69452630826498,1528900
DE,2020-04-28,130.39341735839844,133.2120352282401,129.74863778933997,131.77509388715538,1752100
DE,2020-04-29,135.49644470214844,136.72151910436685,132.21725326887275,133.56209154733656,1563200
DE,2020-04-30,133.61732482910156,134.29895695387452,131.47111900563408,133.15676600145122,2054600
DE,2020-05-01,127.28926086425781,131.76589357691583,126.32208444047754,131.6277174848666,1603100
DE,2020-05-04,122.45338439941406,125.73256103171174,119.92951694229701,125.6036051210643,2277200
DE,2020-05-05,124.48904418945312,127.52873523117276,124.09297034828467,124.46141178449439,1125500
DE,2020-05-06,121.70728302001953,125.29963633414187,121.02565087997105,124.91276859686256,1150800
DE,2020-05-07,125.27197265625,126.16545770328273,123.48500256218453,124.03767865184037,1059000
DE,2020-05-08,126.19308471679688,127.98926084881893,125.93517296733403,127.11420212348882,1727400
DE,2020-05-11,124.2495346069336,125.98123994317176,122.10332922142105,124.49824025855308,1356000
DE,2020-05-12,119.79135131835938,126.02732164668302,119.69002781623986,125.08777772295112,1392500
DE,2020-05-13,115.8950424194336,120.7861827627969,114.67916719294855,120.62037424854272,2027400
DE,2020-05-14,116.7977066040039,116.94508175571589,108.55370042415694,113.29745714933817,2720600
DE,2020-05-15,116.07003021240234,117.62671417052923,114.85415526707087,116.05160392504773,1649600
DE,2020-05-18,127.02213287353516,127.91561822086689,120.21507322194515,121.5691174470709,2450900
DE,2020-05-19,125.41017150878906,128.44065666766272,124.75618580079983,128.11825984475584,1859400
DE,2020-05-20,131.0842742919922,131.79353894654125,127.21558227151606,127.55639136616968,2399400
DE,2020-05-21,131.54481506347656,133.10150620843928,129.94207927812508,129.94207927812508,2100200
DE,2020-05-22,129.61048889160156,136.70309298020015,127.81429797810199,136.32543131750543,3427600
DE,2020-05-26,136.35302734375,139.08874754233815,133.06464505820892,133.06464505820892,2500300
DE,2020-05-27,141.2626190185547,142.1008395461658,138.65585409360003,140.00989831354363,1936400
DE,2020-05-28,141.07835388183594,144.0075006651257,140.12960402019402,143.86933866785242,1914700
DE,2020-05-29,140.1204071044922,140.8665101238643,136.20565724050928,139.33746556477925,2249000
DE,2020-06-01,137.37548828125,139.04270900954072,135.77273848097033,137.55970900360464,1464600
DE,2020-06-02,140.8849334716797,141.94422713997147,138.27816898885467,138.75715407412696,1335400
DE,2020-06-03,145.85897827148438,146.31031690232865,142.8284934822823,142.89297846105393,1678800
DE,2020-06-04,148.4289093017578,148.64076244257942,143.76805587283647,144.42204158519823,1469900
DE,2020-06-05,153.56871032714844,156.6912980818652,152.583107858232,154.65562222787068,2061200
DE,2020-06-08,155.49386596679688,156.9676598072343,153.65163069381992,153.8266452935751,1373000
DE,2020-06-09,151.80943298339844,152.78581567084245,150.26196171767052,150.63960936016682,1977400
DE,2020-06-10,148.29991149902344,152.06727854834338,148.26307298477468,151.45013153493284,1311700
DE,2020-06-11,139.171630859375,144.50490871639758,138.8031895048393,142.98505650488016,1576200
DE,2020-06-12,142.74559020996094,144.86416342104522,138.64661985566184,144.10884027108025,1598000
DE,2020-06-15,143.20614624023438,143.33510213468423,136.43592664377044,136.67542620141904,1321200
DE,2020-06-16,145.8129119873047,150.8974848340072,143.28904482295073,148.95392622782222,2105600
DE,2020-06-17,143.2429962158203,146.39321679377042,142.64427538408415,146.39321679377042,1131600
DE,2020-06-18,142.65345764160156,144.50491274588322,141.4928546928279,142.34948719082195,883800
DE,2020-06-19,142.65345764160156,146.32872139542388,141.4283697236608,146.22739791183068,2046200
DE,2020-06-22,142.3679656982422,142.524554038482,139.77962691490106,140.93102417120173,1188500
DE,2020-06-23,141.81527709960938,144.265439323879,141.56657140301706,144.1917482265502,940400
DE,2020-06-24,138.61898803710938,140.62701759133006,137.3570474099171,139.90854701182553,1985600
DE,2020-06-25,142.2666015625,142.63505701241309,136.59251413008306,137.44916075288498,1671100
DE,2020-06-26,137.28335571289062,141.7323552387668,136.5004142156693,141.0967818700504,2302800
DE,2020-06-29,142.31063842773438,142.54209804684143,139.17204655772977,139.66273982006277,1094100
DE,2020-06-30,145.49554443359375,146.51397264312143,140.83857695463743,141.50518194138695,1836600
DE,2020-07-01,145.21778869628906,148.30081877340368,143.81976338203344,147.8101254501887,1111100
DE,2020-07-02,146.18992614746094,149.9118017042695,145.83811704537064,147.08799082319806,1044900
DE,2020-07-06,148.33787536621094,149.60626984503594,146.66210960529338,149.1711245325441,947500
DE,2020-07-07,146.93060302734375,148.67118435335396,145.95846953936615,146.63434198108246,1118600
DE,2020-07-08,146.63430786132812,147.9582501507295,145.21777606997685,147.45830357085387,1042600
DE,2020-07-09,145.95846557617188,147.86570516724902,144.52342689122233,146.11587058727355,1283400
DE,2020-07-10,147.29168701171875,147.61573623315263,145.39371470155996,146.53250656396236,982700
DE,2020-07-13,151.68019104003906,154.91137393705083,149.67112229107096,150.59696120546258,1829700
DE,2020-07-14,156.9852294921875,157.22595662898016,150.26364468340134,151.36539514960944,1651500
DE,2020-07-15,159.6053466796875,161.09594768020645,157.23520166382156,158.03142357951202,1992300
DE,2020-07-16,160.5589599609375,162.28102066142154,158.2258422734994,159.20724324974924,1142400
DE,2020-07-17,163.41976928710938,163.80861981119338,160.5033832928911,162.02175806048518,1140400
DE,2020-07-20,160.92007446289062,163.06802772571646,159.89239260695243,162.82730054412067,1314500
DE,2020-07-21,162.62353515625,163.6975112614675,160.51262439891912,161.97545099867912,1079300
DE,2020-07-22,162.4754180908203,162.97536470991187,161.19775632499932,161.2718251069343,1246300
DE,2020-07-23,163.6234588623047,165.16960769556678,162.4013592038552,162.6698461934495,943800
DE,2020-07-24,162.3458251953125,164.58635320234686,161.84586437531624,163.97529625665265,910800
DE,2020-07-27,162.94761657714844,163.58644756157776,160.0867782902655,161.7347701004738,887100
DE,2020-07-28,162.75318908691406,164.00307706134691,161.69773346766038,161.9291931572088,850000
DE,2020-07-29,166.8824462890625,167.3546189986035,162.95688463037578,163.60498310217372,1886900
DE,2020-07-30,164.83627319335938,165.9565439458541,163.20680258963174,164.9936781634636,1235700
DE,2020-07-31,163.23463439941406,163.7993966249995,160.50341280112852,163.69755379326512,1409600
DE,2020-08-03,164.44747924804688,165.60477772069032,162.79023405118005,164.22528698269363,840600
DE,2020-08-04,164.901123046875,165.61402276527699,163.53088579607805,163.79937278948373,672800
DE,2020-08-05,169.2618865966797,169.974772429146,166.6047191569676,166.651013930718,1366100
DE,2020-08-06,167.81748962402344,169.65066011516035,166.88239777911627,168.50261523328246,968100
DE,2020-08-07,169.8914337158203,170.08586609570503,166.52138077286617,167.95643385584728,1254600
DE,2020-08-10,175.82601928710938,177.15922918734537,170.7246393458681,171.28014818002526,2631100
DE,2020-08-11,178.8905487060547,181.3255089255639,177.95545673640086,178.0387788260659,1909900
DE,2020-08-12,178.0480499267578,178.52023673641895,175.52976736582627,177.1036904346139,1629000
DE,2020-08-13,175.4464569091797,176.99260604789353,174.4743233198671,174.5669128530128,1324700
DE,2020-08-14,176.95556640625,178.88131271890245,174.45579045693245,175.18721098725754,900600
DE,2020-08-17,178.6776123046875,179.83491065705616,177.02035315287637,178.9183252761964,1025900
DE,2020-08-18,177.88140869140625,180.37191726112457,177.66845560119265,179.4368110552457,1120900
DE,2020-08-19,177.75177001953125,180.16820949537973,177.70547526093952,178.68686198350582,1512700
DE,2020-08-20,176.92776489257812,177.80730875097137,175.33532134536722,176.10376909071007,1558700
DE,2020-08-21,184.70481872558594,187.89895938187115,181.4643833093476,182.16801562823267,6446300
DE,2020-08-24,190.1672821044922,191.16718969447513,187.63049285742656,189.21366927951544,3177900
DE,2020-08-25,190.3524169921875,193.8705922813858,190.12095734804677,190.7227467719424,2706800
DE,2020-08-26,195.3612060546875,196.5462783819789,189.57471456315656,191.269000967138,2039900
DE,2020-08-27,194.2687530517578,196.6944461365223,193.33366096902446,195.5001203253643,1875400
DE,2020-08-28,194.3335418701172,195.16680519525133,193.26883299193094,194.73165986624497,1261400
DE,2020-08-31,194.48170471191406,195.750099403594,192.36153998163635,194.4261566417937,1944500
DE,2020-09-01,201.5458221435547,201.57359617345446,192.82442357559847,193.05588324288132,1873400
DE,2020-09-02,201.0088653564453,203.41605192232566,199.67565520470725,202.05506773635796,1983000
DE,2020-09-03,195.17605590820312,202.50869678537637,193.5651055965619,201.15698018198034,1975200
DE,2020-09-04,195.66676330566406,198.12949783753194,192.74110938632532,197.3795706901777,1662300
DE,2020-09-08,194.64837646484375,197.42589317972758,192.5467181949711,194.2965531602607,1918500
DE,2020-09-09,199.53677368164062,201.18476554567727,195.2223616658241,195.2223616658241,1569200
DE,2020-09-10,199.15716552734375,202.04577778263243,197.7684074619661,199.90709262229927,1840300
DE,2020-09-11,199.944091796875,202.30496870698633,197.20360357814212,198.24980562016805,1902400
DE,2020-09-14,202.13841247558594,202.86981900417118,200.62929051994132,201.7402943950795,1249300
DE,2020-09-15,199.76824951171875,204.57335532880012,199.23126129181273,203.50863219155937,1740200
DE,2020-09-16,199.42567443847656,202.6846310120742,198.9257276959941,201.05515978886496,1572700
DE,2020-09-17,203.62899780273438,205.16589367575435,196.28708841672136,197.94434786027293,2094000
DE,2020-09-18,205.50843811035156,208.6655517865095,203.17532039526927,203.19384112674817,3063600
DE,2020-09-21,198.32391357421875,201.32362191222285,194.59277062691544,200.21261830084438,2134000
DE,2020-09-22,201.44400024414062,202.81423766114,198.62018918461135,199.13865663281769,1622400
DE,2020-09-23,198.63868713378906,204.30481520674024,198.48129625700452,201.44397714066602,1683500
DE,2020-09-24,200.46258544921875,203.11048451362097,195.70377542462748,197.85171371430383,1025900
DE,2020-09-25,202.99017333984375,204.54557586876737,198.8979672076841,199.00906335198434,1225400
DE,2020-09-28,205.44361877441406,207.72118837967503,205.07328891482982,205.5917563691192,1191500
DE,2020-09-29,204.5517578125,206.6048996652415,202.59153786982668,205.91741928803705,892800
DE,2020-09-30,205.89881896972656,210.01437300073508,204.60748103536798,205.6665638435777,1883900
DE,2020-10-01,203.49266052246094,207.89622315147832,203.05603389385632,207.6360985245216,1383800
DE,2020-10-02,208.8345184326172,210.44173415397313,199.7579980727227,199.9716688251438,1403600
DE,2020-10-05,210.8505401611328,214.71525542354448,208.89030595566842,211.12923502506516,2071500
DE,2020-10-06,210.0701446533203,214.26932195675784,209.96795181488278,211.13852690529998,1385800
DE,2020-10-07,214.2042694091797,216.0251417010944,211.91887267869936,212.99653989065683,1029200
DE,2020-10-08,217.61380004882812,218.143334442813,214.3343583201908,214.5944829656097,1148300
DE,2020-10-09,218.14334106445312,220.18718370152567,217.0006496105536,218.33844164230447,1091500
DE,2020-10-12,219.73196411132812,220.74459319923798,218.38488702847104,220.30795236762,1234800
DE,2020-10-13,220.38223266601562,220.71668059562586,217.846010802312,219.37888887718486,1311300
DE,2020-10-14,221.54354858398438,223.5781060117243,220.26149559100202,220.5402046123977,1062500
DE,2020-10-15,221.3298797607422,222.36109322598244,217.7345602869425,218.0039842077667,1225200
DE,2020-10-16,223.02069091796875,226.1236164304046,222.6955422018157,222.9649519480985,1652600
DE,2020-10-19,221.26487731933594,225.65914163650876,220.28011756133034,223.1972422414948,905500
DE,2020-10-20,221.91517639160156,224.8601703933699,220.88396281820945,222.77917303858314,968100
DE,2020-10-21,219.6204376220703,224.74863468337995,219.30457405842682,222.5189911831902,1506500
DE,2020-10-22,220.06640625,221.10690479515551,218.20836503323397,219.30460254677575,1246400
DE,2020-10-23,222.52828979492188,222.96493058470855,220.28934688145893,220.28934688145893,820500
DE,2020-10-26,217.6230926513672,220.6331247351656,215.30054096885527,220.27080723972298,1010500
DE,2020-10-27,212.29049682617188,217.93894389827585,211.81670141311577,217.57662642341418,1395700
DE,2020-10-28,207.51531982421875,211.3521793078875,206.71636156837735,209.0296278869217,1375200
DE,2020-10-29,211.8352813720703,213.4982220102477,205.99173385439676,206.30761163223568,1190700
DE,2020-10-30,209.8750457763672,212.3648141637432,206.80927498126013,211.47296233198105,1306200
DE,2020-11-02,215.2540740966797,215.7557531682052,211.3521903409164,212.27192585489337,1435900
DE,2020-11-03,222.9278106689453,224.4699742384325,217.78102811580365,218.88656500333062,1571800
DE,2020-11-04,216.74050903320312,222.96494422431948,216.6476013028179,220.5494849915976,1992600
DE,2020-11-05,228.55767822265625,229.55172300740648,220.48448601363003,220.9397112631585,2031800
DE,2020-11-06,230.06268310546875,232.59890561997406,228.64128258382166,229.07792344218183,1481600
DE,2020-11-09,231.20533752441406,246.9986867229153,230.72225704957265,242.0934594000273,2219500
DE,2020-11-10,235.943359375,238.66538288779753,231.781351118668,231.781351118668,1852800
DE,2020-11-11,231.65127563476562,236.22205495724035,228.50189659409648,235.93406086005115,1659000
DE,2020-11-12,230.40640258789062,234.29900131673855,229.34731963099773,233.04483196490034,1275700
DE,2020-11-13,233.9180908203125,234.6613101360418,231.4004529307445,233.0169538792761,976700
DE,2020-11-16,240.70924377441406,241.86122024902988,235.60891556350333,236.9002536339297,1927500
DE,2020-11-17,239.8823699951172,241.28519999117066,235.5066914765055,238.2937529140973,1411100
DE,2020-11-18,239.06488037109375,242.10279615565733,238.99057119094462,240.09610807409445,1618400
DE,2020-11-19,237.4483642578125,241.10870757440657,236.9002455232865,239.02771056855087,1700400
DE,2020-11-20,240.2075653076172,241.2294936431832,237.36476452506193,238.42386162322822,1614900
DE,2020-11-23,242.57655334472656,244.1094600038075,241.69400079256022,242.1956798510132,2094900
DE,2020-11-24,242.94821166992188,245.41941012738857,241.55468062370497,244.93630121976454,2345300
DE,2020-11-25,238.22874450683594,246.99870119673477,236.44502666451012,244.34171590222547,3037900
DE,2020-11-27,243.3570098876953,243.58926508768303,239.8267138370034,240.26335474703887,1072200
DE,2020-11-30,243.05038452148438,245.47514322663477,239.78951287890527,244.276698617159,2342200
DE,2020-12-01,237.02101135253906,246.5156022630354,237.0117120748123,244.5367840062727,2086400
DE,2020-12-02,240.6163330078125,241.954124926629,236.33354751736243,237.02102785779013,2773200
DE,2020-12-03,234.74490356445312,241.36882455996107,234.04813815849855,240.14251064113134,2079900
DE,2020-12-04,235.404541015625,237.59703030807773,234.84712295751345,235.84118185347538,1655000
DE,2020-12-07,234.1224822998047,235.50672813252484,232.75682084876482,235.1629950379535,1598400
DE,2020-12-08,234.67062377929688,236.75162097984682,233.43502460360523,235.15370431472155,1303600
DE,2020-12-09,236.74234008789062,237.3647822384655,233.7416072796774,234.57772021609603,1373800
DE,2020-12-10,235.4602813720703,236.19421562542772,232.8311512262937,235.5903436962978,1158900
DE,2020-12-11,237.61558532714844,237.82925608020406,233.0169365310558,233.59292472439196,1403600
DE,2020-12-14,234.78208923339844,240.38408236666763,234.5869886683596,239.68731691053236,972900
DE,2020-12-15,243.39410400390625,245.36362318889076,237.8106951616405,238.13584387432826,2051100
DE,2020-12-16,242.58583068847656,243.7564056018705,241.21089848057224,243.2547265887794,1210700
DE,2020-12-17,245.7538299560547,245.85603696970915,242.97606730146094,244.36029898930167,1525000
DE,2020-12-18,251.4858856201172,252.1826510641868,245.78168557596703,246.19045690460456,3274100
DE,2020-12-21,248.74525451660156,252.69359188988093,246.72926743019173,247.04515936933666,2147000
DE,2020-12-22,250.1480712890625,251.37435681365582,246.40411977240066,248.58729528706522,1531700
DE,2020-12-23,248.9217987060547,252.11763205481088,248.81959169036773,251.46730625014303,938600
DE,2020-12-24,250.10159301757812,250.44532605555773,248.34575907043896,248.91244794895564,289900
DE,2020-12-28,248.51303100585938,254.14289403828647,248.42012326790143,254.0221168140872,691900
DE,2020-12-29,246.50633239746094,250.40823041309753,244.193080084004,250.0644973136717,892800
DE,2020-12-30,247.96910095214844,250.0281263393171,247.36350859508715,247.82935324404212,792800
DE,2020-12-31,250.6709442138672,250.8013943373387,247.31688615693758,248.53739661904262,805300
DE,2021-01-04,249.3572998046875,255.0499069102174,245.82618993593408,253.24242766971966,2800000
DE,2021-01-05,255.5437774658203,255.990998631116,249.1803511260017,249.3666719535294,1829200
DE,2021-01-06,270.52520751953125,272.83580650208324,255.88838112153667,256.21447796188477,2778300
DE,2021-01-07,279.2552185058594,280.02850804344104,273.44145847284335,273.6930327578205,2227300
DE,2021-01-08,273.832763671875,279.95396826007806,270.5532280735681,277.22409741980994,1781000
DE,2021-01-11,274.77374267578125,275.01596249048157,269.2581310788489,269.70535205143034,1303700
DE,2021-01-12,281.4539489746094,282.8235330508117,273.8234131833242,275.8917640650809,1952300
DE,2021-01-13,280.64349365234375,283.2335891526737,280.0751483100517,281.0254897338733,1203800
DE,2021-01-14,282.16204833984375,285.4229601750309,281.32353384023173,282.2086214214742,1370800
DE,2021-01-15,275.2210693359375,280.5596603432092,272.9943462425662,279.6559204016552,1766300
DE,2021-01-19,274.8389892578125,279.29246251672464,274.2892960392635,277.87630516213557,1509600
DE,2021-01-20,280.3825378417969,281.5471492907866,275.78931711087677,276.59055613999124,1327500
DE,2021-01-21,284.63104248046875,285.23663475661374,279.5067520266469,281.3701303734912,1931000
DE,2021-01-22,284.32354736328125,285.99125021756976,280.7272130037374,282.19929756025414,1429900
DE,2021-01-25,277.8298034667969,284.6311250322113,276.1341218554736,282.432351593014,1539600
DE,2021-01-26,275.7893371582031,281.5192202171624,275.2209919446764,280.38255822300783,1364200
DE,2021-01-27,261.5531005859375,270.7861433074331,259.8946950662407,269.9942018576737,1769900
DE,2021-01-28,272.9476318359375,276.97253558748,263.42576805960323,267.65564455125843,1504200
DE,2021-01-29,269.07183837890625,272.9383714315656,265.9972752916024,272.1464298991089,1734300
DE,2021-02-01,272.24884033203125,273.93519518210735,269.86371871757365,272.1649917322526,1163400
DE,2021-02-02,281.8731994628906,283.4384301670022,275.5190736264975,275.9942441174532,1637100
DE,2021-02-03,280.5689392089844,281.67762335627947,279.0036795215343,281.61242671201643,1185300
DE,2021-02-04,288.1435241699219,288.41372201368836,281.3235804675464,282.16209510613606,1459000
DE,2021-02-05,288.1155090332031,291.63729245977936,286.03786067536606,290.7056034217127,1228100
DE,2021-02-08,295.38275146484375,295.52249915804447,290.6870299430144,290.6870299430144,962300
DE,2021-02-09,293.7895812988281,296.5287501792363,291.7771573849257,294.4324492054281,1066500
DE,2021-02-10,292.2149963378906,296.09079815022477,290.1000437870986,295.85787586457076,1070000
DE,2021-02-11,292.97900390625,294.24611611595833,287.9385614743853,293.19330267713684,995400
DE,2021-02-12,291.6186828613281,294.21810336305964,290.947865584523,292.5969450249256,1721600
DE,2021-02-16,295.42926025390625,299.69641177691096,294.47894771407107,295.1683884724088,3099600
DE,2021-02-17,290.76153564453125,295.81130331714394,290.1186962932247,292.6994649871096,1999600
DE,2021-02-18,279.7396545410156,290.18388147540793,278.14647412832073,289.60623877799196,3110900
DE,2021-02-19,307.4573974609375,312.31148962327705,294.29262616584697,298.1405066287879,4870100
DE,2021-02-22,314.4544372558594,315.42337357147835,306.0785318466034,306.99159751663905,2312500
DE,2021-02-23,314.3612365722656,315.6283201566204,305.59403834084446,308.8735738823182,2222700
DE,2021-02-24,322.04766845703125,322.9141325250298,315.10657305741375,316.24323493463294,1941300
DE,2021-02-25,324.2557678222656,328.9048874974318,318.9265048441636,322.09424220980003,2883000
DE,2021-02-26,325.2713317871094,330.1999756592381,320.55698666869,322.55081522184275,2537800
DE,2021-03-01,334.95159912109375,338.49200676850614,330.13475336420896,330.80557073700163,2098800
DE,2021-03-02,327.432861328125,335.28699461867546,326.06327703917964,335.28699461867546,1882000
DE,2021-03-03,319.6252746582031,327.36760915064383,319.3923523727918,326.0353005019861,1929100
DE,2021-03-04,314.8644104003906,320.053898193906,308.1841856069574,317.398606434449,2499400
DE,2021-03-05,325.93280029296875,327.8055045683955,311.3146238017006,319.8488713282165,1979700
DE,2021-03-08,329.5385437011719,335.3243267655652,325.3645650603804,330.2186587486697,1764200
DE,2021-03-09,328.5974426269531,332.9763929256719,327.8334507139178,330.48877042982616,1456800
DE,2021-03-10,336.5447692871094,336.98266434234347,327.03223064843866,327.22787741650995,1403200
DE,2021-03-11,339.56341552734375,341.76221667976847,336.1348063208435,340.0665356234496,1675700
DE,2021-03-12,344.24981689453125,345.4330803188204,338.51993427599456,338.71558103739727,1941500
DE,2021-03-15,348.7965087890625,349.13193171264805,341.054173200507,343.8771905620428,2004400
DE,2021-03-16,348.0045471191406,350.846216299068,345.65670052125483,350.846216299068,2047000
DE,2021-03-17,353.3524169921875,354.77790017717643,346.8026437596978,350.3896240466324,1753000
DE,2021-03-18,354.4239196777344,365.6135169425885,353.23135854586656,354.9736129367383,2753100
DE,2021-03-19,347.0355529785156,353.8927708454014,346.5044833878596,351.712621846433,3042100
DE,2021-03-22,346.20635986328125,348.1908622563408,343.47651754054573,348.1908622563408,1398500
DE,2021-03-23,333.0694885253906,346.1504099293253,331.58810644061873,342.18140572638345,2911200
DE,2021-03-24,336.2559509277344,342.86162391125066,336.1627763216137,336.81497013156053,1860600
DE,2021-03-25,341.7434997558594,342.6658911622472,329.31477241954815,332.86450508875976,1970600
DE,2021-03-26,346.8585510253906,347.4268677417501,342.61005090572576,345.6846136337032,1586100
DE,2021-03-29,342.8336486816406,347.0448732934769,342.39575365529623,345.1814950422916,1413400
DE,2021-03-30,349.23138427734375,350.52959262327755,342.25460107992933,342.76827510479194,1278200
DE,2021-03-31,349.4368896484375,354.44297436667097,344.00115656060643,350.2120751803433,2053300
DE,2021-04-01,347.5502624511719,351.1740846940714,344.90712962082114,350.82851901157244,1561900
DE,2021-04-05,350.0626525878906,352.9859945985826,349.2220820247562,350.8004997333879,1419500
DE,2021-04-06,350.809814453125,356.6284803123648,350.258773442781,350.97795136514173,1309700
DE,2021-04-07,350.0439147949219,353.86386275770366,347.82105343945204,350.9405213197592,1299300
DE,2021-04-08,349.3715515136719,349.801171438277,344.290732265993,347.7090794548618,1250700
DE,2021-04-09,352.1080017089844,353.1166805255175,347.92379026062815,350.83781145834206,1224500
DE,2021-04-12,353.2848815917969,354.1161033180482,350.9872858933735,352.8832512607401,1165100
DE,2021-04-13,353.667724609375,359.01937402067887,351.7624108673776,358.216170567278,985100
DE,2021-04-14,356.3108215332031,357.6931123075589,352.9018246161716,352.9018246161716,1077100
DE,2021-04-15,356.9087219238281,360.4671594259086,353.67715241330404,358.90741081220574,1127000
DE,2021-04-16,357.7771911621094,360.56976246031445,355.675751047448,360.56976246031445,1092000
DE,2021-04-19,355.5823974609375,358.3469510821969,353.5463420406387,357.54374754124973,1145100
DE,2021-04-20,345.8223571777344,355.6010608513492,342.42270846308566,353.3688790103287,1807400
DE,2021-04-21,350.8004455566406,351.0152412158414,343.095164329769,346.2333015481882,1819900
DE,2021-04-22,344.0384826660156,352.3321723376391,341.46073505376756,351.0526331365307,1880200
DE,2021-04-23,351.4262390136719,352.7524940773981,344.5335377328972,344.5335377328972,1301300
DE,2021-04-26,355.3302307128906,358.45901914669406,352.12667993475657,352.12667993475657,1235700
DE,2021-04-27,357.1141662597656,358.17890994712184,353.53705956989285,356.3109625679973,925700
DE,2021-04-28,354.7231140136719,359.12214959795995,354.4896206451788,356.01200196817115,891000
DE,2021-04-29,351.5383605957031,357.5624736187346,347.5035875320878,357.5624736187346,1104500
DE,2021-04-30,346.3641357421875,348.8671782975738,344.27201537269707,347.95187385450834,1196700
DE,2021-05-03,349.0912170410156,352.80844132304077,347.32602218904003,351.6409746078752,924600
DE,2021-05-04,354.5176696777344,355.8439246677762,343.59019617926685,347.2980723349384,1692300
DE,2021-05-05,353.84521484375,358.0294267195136,351.0339737655663,357.39433152931895,1460800
DE,2021-05-06,364.1655578613281,365.1835854080097,353.62099059861293,354.76043924305924,2010900
DE,2021-05-07,368.1910400390625,370.69408221738297,358.95402829908454,362.20426639059673,1597200
DE,2021-05-10,365.5572204589844,373.90694578943834,365.4451481999355,371.7214512301571,1601300
DE,2021-05-11,357.89862060546875,363.4837633320743,352.58430964474564,360.71921003084924,1588500
DE,2021-05-12,348.9606018066406,362.8768043842769,347.83050159834124,359.37440297198845,1631600
DE,2021-05-13,353.1446533203125,354.760437493373,342.27321823582434,344.14116495504135,1483400
DE,2021-05-14,358.6458435058594,361.1769038477869,355.49835720009287,356.60043914940616,1143600
DE,2021-05-17,358.2255554199219,360.1869056396048,353.770511701626,356.7685589144687,1170200
DE,2021-05-18,345.2806701660156,360.81265424154304,345.2806701660156,359.79462653308474,1664800
DE,2021-05-19,334.7548522949219,338.26657388037313,327.8434243977524,337.93035704348904,2800600
DE,2021-05-20,331.7661437988281,335.2965632973418,327.3858048003333,334.30655344079565,2947000
DE,2021-05-21,335.9969177246094,344.0664612714349,328.917412166096,334.1756582636285,3614400
DE,2021-05-24,335.63275146484375,338.5560934999594,332.7841432819187,337.66883564914315,1914700
DE,2021-05-25,336.8749084472656,343.5154464387729,336.5760300826895,337.8929361554065,1682300
DE,2021-05-26,334.1195983886719,337.39785378433675,331.27099123181074,335.93150886636556,1949800
DE,2021-05-27,338.2945861816406,339.4994201651594,335.02567842214114,339.38734788810905,3337100
DE,2021-05-28,337.2579040527344,339.5368021290649,333.9702984330498,338.65886458313685,1348100
DE,2021-06-01,340.5361022949219,344.8697535015576,338.0984448681486,340.3493246755677,1483500
DE,2021-06-02,333.1576843261719,341.18986225017886,332.27042658909687,340.4426948397358,1882700
DE,2021-06-03,335.2124328613281,339.43398282739105,331.14964242906734,331.7754172162534,1336800
DE,2021-06-04,333.0923767089844,337.57543883455696,331.8501757911868,336.4826771212937,1279300
DE,2021-06-07,331.9622497558594,335.95033550918583,329.6460133303425,333.493980233159,1537000
DE,2021-06-08,333.0362243652344,335.7354211881631,329.1602404332426,333.3538004053724,1521700
DE,2021-06-09,326.4518127441406,332.41056926456656,326.1529343318514,332.2797992707097,2000800
DE,2021-06-10,318.89593505859375,331.0002244326186,318.2701602313579,328.6466213190227,2232000
DE,2021-06-11,319.0173645019531,323.62184743873746,316.2621310231471,322.5758015831918,2028400
DE,2021-06-14,313.385498046875,319.8205610897233,309.92043559811464,318.52235265545755,2775000
DE,2021-06-15,315.7765197753906,316.64510849255527,313.5910246954526,314.64641955727484,1722400
DE,2021-06-16,314.3381652832031,317.5510368777043,313.00258982166827,315.7764926662633,2264600
DE,2021-06-17,306.6982727050781,314.66506682434976,300.64611317323937,313.5723051092875,3387800
DE,2021-06-18,307.249267578125,309.93911585481305,302.09374404954605,302.71014148556156,2930600
DE,2021-06-21,315.57098388671875,316.39288516137566,310.5835686092622,310.98517039036625,2010700
DE,2021-06-22,319.5123291015625,320.0260031079164,313.49753768746695,316.4208792027082,1677400
DE,2021-06-23,324.78924560546875,326.1155003572832,318.9425630770425,320.0539936887262,3352700
DE,2021-06-24,327.46978759765625,331.31775389940077,323.6498393611143,326.47977795701746,2140200
DE,2021-06-25,326.8813781738281,332.39184466013097,324.2195764843879,330.71067524812673,6604800
DE,2021-06-28,326.7880554199219,327.77806521277284,322.31431363734305,327.24569338946225,1304200
DE,2021-06-29,326.73175048828125,330.2619287666641,325.9451930709091,328.48278018153815,1213400
DE,2021-06-30,330.2713317871094,330.9080933508813,326.02017750823774,326.02017750823774,1643600
DE,2021-07-01,331.7507629394531,333.5298828963713,329.53154233111906,333.0336016150819,1467900
DE,2021-07-02,330.07476806640625,333.26783520931787,328.8668268713175,332.01308632863964,1131800
DE,2021-07-06,327.2187194824219,330.5428643363796,322.35889434674135,330.0746733104074,1924000
DE,2021-07-07,329.4941101074219,330.13084302340764,326.06694848157656,326.21677303406346,1309100
DE,2021-07-08,321.72222900390625,325.2524086837023,317.90180166344703,323.05190448862805,1621000
DE,2021-07-09,327.2467956542969,328.4079002041583,325.4395566543243,326.98460983413105,1325400
DE,2021-07-12,331.7414245605469,332.18152525784416,323.81026762064846,325.6081336923619,1608000
DE,2021-07-13,328.4548034667969,333.3520930994531,328.2768885467497,333.3520930994531,950100
DE,2021-07-14,323.58563232421875,330.96432928483347,322.61178674879704,330.90814863395525,1409400
DE,2021-07-15,324.0818786621094,325.59881322363185,320.5329821936812,321.08544425151246,1516200
DE,2021-07-16,320.7015075683594,326.29171004509226,320.2426894675725,325.50515248255135,1153900
DE,2021-07-19,313.64117431640625,315.8791125223526,308.0041361722729,313.6879819877507,1848600
DE,2021-07-20,325.8890686035156,327.0689192209656,313.68801070338094,315.97278536593655,2053900
DE,2021-07-21,330.5429382324219,332.0411555656963,328.5859027354775,329.6065559711402,1478900
DE,2021-07-22,328.9791564941406,331.71340518090915,328.75443390316053,330.15900724902184,810600
DE,2021-07-23,332.1347961425781,333.04308806986523,329.1851691885251,329.8874558773723,796800
DE,2021-07-26,332.84637451171875,334.1854226375821,328.7262989715054,333.0149450081969,865500
DE,2021-07-27,331.0298156738281,334.8970786223924,328.23941508563456,329.98107221173257,986900
DE,2021-07-28,331.0672912597656,334.17608704939545,328.7731434191271,331.76957791594674,1250400
DE,2021-07-29,336.91033935546875,339.07338017753773,333.48320529212504,335.7211441245336,1392600
DE,2021-07-30,338.5863952636719,338.79240046576786,334.41013915875857,336.8259923686903,1053900
DE,2021-08-02,333.30523681640625,344.03616822490744,332.6497578827429,340.7494577429898,1148300
DE,2021-08-03,342.5848083496094,343.51184624156167,331.81641209486526,334.8315641892384,991500
DE,2021-08-04,337.7249450683594,343.2776840711134,337.6125552122613,341.1520784123299,825500
DE,2021-08-05,341.1427307128906,341.77946367736473,338.34292882525574,340.7026299864807,794400
DE,2021-08-06,343.5399169921875,345.2347665417943,342.313258557414,343.6522782875686,665400
DE,2021-08-09,345.8246765136719,347.3228937296226,340.1595471308764,341.69522763565794,923300
DE,2021-08-10,352.6602783203125,353.40940126576584,346.0119586320213,347.3978146490211,1184000
DE,2021-08-11,361.5184020996094,361.7337802780562,351.57402839829956,353.3906120262501,1651500
DE,2021-08-12,361.0876770019531,363.8031794983503,359.2710933605042,361.5090603962713,1314000
DE,2021-08-13,359.5707702636719,362.604639493414,358.2973041688577,361.58398630903923,814300
DE,2021-08-16,358.6624450683594,358.96209420735596,354.52362349229884,356.761590493029,910400
DE,2021-08-17,352.3886413574219,358.26911943922295,350.3098720807536,357.22974908894486,1206300
DE,2021-08-18,347.9690246582031,352.0891297796657,347.7911383051645,350.44108773108064,1374500
DE,2021-08-19,336.1424865722656,345.113015318093,332.30331390409805,345.113015318093,2281000
DE,2021-08-20,329.0727233886719,343.8113956789962,322.82707137562363,339.90667011819903,3498300
DE,2021-08-23,339.7193298339844,340.13134014145203,329.8405125699957,331.61963240163874,1946800
DE,2021-08-24,344.5698547363281,349.27048203557337,341.77005315635216,341.7794261206013,1638700
DE,2021-08-25,352.4261169433594,355.1790825295406,344.3732253843298,345.5249856238099,1657500
DE,2021-08-26,355.6473083496094,358.6062794246947,351.20886602503936,351.41487124470086,1490400
DE,2021-08-27,355.3476257324219,358.53134765937756,354.0554138922526,355.9000877294584,1115600
DE,2021-08-30,356.7615661621094,359.233628526066,352.78194239258454,356.7615661621094,1378500
DE,2021-08-31,353.9805603027344,357.2298076649068,350.0196533274619,356.76161656704977,1589800
DE,2021-09-01,352.7445068359375,355.51621853632304,345.7029234529396,354.1397356518573,1895400
DE,2021-09-02,360.4602966308594,360.49773133962174,353.7651418328781,354.97308272913347,1333700
DE,2021-09-03,364.57098388671875,367.9981456185594,359.57070716927944,360.2542763531215,1902000
DE,2021-09-07,348.0907287597656,362.5578459647294,346.7049013173304,360.9378943834812,3627000
DE,2021-09-08,346.6767883300781,348.71809464506197,339.06399655673545,347.8566104571708,2427100
DE,2021-09-09,341.6296691894531,347.62250939232814,339.9348197393303,345.35648053217227,1725300
DE,2021-09-10,339.97222900390625,345.0193132639608,339.7193875682002,344.1484848381351,1235500
DE,2021-09-13,338.5208740234375,343.3806998035887,334.27906390865934,342.71587645985613,1832900
DE,2021-09-14,333.33331298828125,339.4666043633043,332.4343655900821,339.45723139787077,1410800
DE,2021-09-15,336.8822326660156,337.8747955674922,331.49803471459626,332.49059761607276,1403500
DE,2021-09-16,332.7246398925781,338.32421515267237,330.7207970528993,337.6406459304777,1681800
DE,2021-09-17,326.881591796875,331.78822437523934,325.8328485199218,329.1476488300933,7677100
DE,2021-09-20,318.1171569824219,320.7109255674919,313.37906501049235,318.969268272188,2410000
DE,2021-09-21,315.51397705078125,322.97694393353225,312.4988253830372,320.9449820933962,1503800
DE,2021-09-22,319.1564636230469,323.54809784926834,318.28563514990185,319.91493081915553,1336800
DE,2021-09-23,329.1383361816406,329.89680346114767,323.01438872477206,323.0518520132746,1497600
DE,2021-09-24,327.0313720703125,330.88926084940147,326.34780300950996,327.60255130141996,1193200
DE,2021-09-27,329.9997863769531,333.1647338146378,326.5913418771357,326.5913418771357,1291500
DE,2021-09-28,331.423095703125,333.8764123287559,328.1738485461879,328.41731704605246,2018700
DE,2021-09-29,329.5260009765625,334.015224633001,329.4602523120716,333.22632664254274,1320600
DE,2021-09-30,314.6871032714844,331.0098515684526,314.56500681674606,331.0098515684526,2079500
DE,2021-10-01,321.3833923339844,323.6937382449813,313.35348645689515,317.53279670822883,1740800
DE,2021-10-04,317.8521728515625,321.72154228392617,316.33072454671526,320.01224882441903,1464500
DE,2021-10-05,317.71124267578125,320.38787798249996,312.5176432794436,316.31186246129624,1401400
DE,2021-10-06,317.8144836425781,318.0023287295946,309.6155643608766,313.2125656220378,1534700
DE,2021-10-07,323.1583557128906,326.60511533209865,319.72099694646784,320.4723486408736,1139200
DE,2021-10-08,322.29437255859375,324.3323515577086,320.6602003566343,323.1302173755035,1168200
DE,2021-10-11,312.3580017089844,323.1114909056295,312.24530609146063,322.15352083438995,1052100
DE,2021-10-12,310.4891052246094,314.1142818001097,309.7941010598193,313.0436446366913,1410000
DE,2021-10-13,308.98638916015625,312.63036696764567,307.1080524479365,311.85084118183397,1771800
DE,2021-10-14,309.70953369140625,312.6303621375766,301.0034534827862,301.9707957281884,2403800
DE,2021-10-15,312.5176696777344,315.5605659636753,311.4939796143918,312.6961139573315,1435000
DE,2021-10-18,311.653564453125,313.015369774391,308.64824348305325,310.5735267816752,1154000
DE,2021-10-19,322.21923828125,322.9236144836763,313.77612470639855,314.53684871212766,1433600
DE,2021-10-20,323.12078857421875,325.0085257157804,321.14855840014576,322.7451270487352,1001900
DE,2021-10-21,322.0688781738281,324.07871146872293,320.03089964626565,323.0080461820295,876400
DE,2021-10-22,319.9840087890625,325.0649124983202,319.01666663088366,324.05062339175174,825700
DE,2021-10-25,331.263427734375,332.23076988965755,318.4907337463183,319.58957321452306,1564800
DE,2021-10-26,320.3973083496094,332.3247590309501,320.2564388154975,331.86454700465623,1386300
DE,2021-10-27,317.6549072265625,325.0273555176237,317.45766124580194,321.89053680731536,2003100
DE,2021-10-28,328.4271545410156,328.51167624573617,317.6548933685816,318.6410085847955,1897900
DE,2021-10-29,321.48675537109375,328.10788159332566,319.8338096990195,327.30021046974656,1562500
DE,2021-11-01,336.92657470703125,343.3880561819683,324.74556262274547,326.0040445077502,2391200
DE,2021-11-02,333.6865234375,338.15697422497783,329.169125694145,338.15697422497783,1371300
DE,2021-11-03,322.181640625,325.9195403915337,315.0439852099967,325.0930677869824,2948400
DE,2021-11-04,329.5071716308594,329.5165438233682,323.37440437679743,323.85336067347987,1334000
DE,2021-11-05,333.59259033203125,336.8608776602382,329.6574728773856,331.3385634918504,1422900
DE,2021-11-08,338.90826416015625,343.2190719448429,336.2222565384544,337.1614248528076,1540500
DE,2021-11-09,334.16552734375,341.0778221107478,330.5872978052834,339.9789824020244,1394500
DE,2021-11-10,331.16009521484375,333.9588268531148,328.8403772056977,332.3716302544382,1067800
DE,2021-11-11,334.3533935546875,336.785836579079,330.83151160913343,331.5922358164812,782400
DE,2021-11-12,337.0298767089844,337.30224350419513,332.02412295922767,335.489655809497,1011100
DE,2021-11-15,339.1806640625,341.6225076500974,337.76253925915324,340.0822577070538,975400
DE,2021-11-16,339.9883117675781,343.92342907905254,336.41008298151905,337.9878787833273,1162200
DE,2021-11-17,332.0148010253906,338.4856850309752,327.95761533726926,338.10062254929,1647600
DE,2021-11-18,335.3863525390625,343.47260589546664,335.18913523606915,342.3080464629387,2228000
DE,2021-11-19,325.0931396484375,333.2639162864094,324.5108598195566,332.21205225215414,1742000
DE,2021-11-22,327.92010498046875,333.1231069411444,322.23811787220825,326.614646896326,1707000
DE,2021-11-23,328.0326843261719,331.60151220206143,323.91912281651724,327.7509453163902,1680300
DE,2021-11-24,345.482421875,351.8500101834408,337.0017336457046,337.41496997240824,4482900
DE,2021-11-26,337.4430847167969,339.3214209048361,327.5724475382229,333.40467337696674,2308700
DE,2021-11-29,326.9151306152344,344.67480880814696,325.2903589369002,343.735640391776,2902000
DE,2021-11-30,324.520263671875,330.80330269069356,321.0547299113196,325.1401182680304,3681500
DE,2021-12-01,320.77288818359375,332.2119786755111,320.63201868540955,332.1086552694167,1755200
DE,2021-12-02,329.2911376953125,332.5782262754957,322.5666901890869,323.90032159537617,1969800
DE,2021-12-03,327.9950866699219,331.56394295776755,324.0130227502941,331.169479710475,1379600
DE,2021-12-06,332.94451904296875,336.1282842538819,329.18784634125194,331.2915738826491,1543500
DE,2021-12-07,339.3590393066406,344.64656094190497,337.302258623276,337.80941748440216,1478900
DE,2021-12-08,339.09613037109375,341.8572876798611,335.99688620548676,340.24191693229074,1182900
DE,2021-12-09,339.90380859375,342.14840595896294,336.22225619435056,337.9597233063543,897900
DE,2021-12-10,336.560302734375,341.85722514506836,335.6023614874181,340.786559638641,1200600
DE,2021-12-13,330.0425720214844,339.48120298510764,328.12666045872334,337.274151510989,1375000
DE,2021-12-14,327.34716796875,332.7943624447749,324.96170062382583,328.5962781192544,1799800
DE,2021-12-15,323.0175476074219,328.8779486317123,317.45765865686127,328.2299202113946,1982700
DE,2021-12-16,327.1029357910156,330.37122313746903,325.8914006568258,328.49288653425964,1945200
DE,2021-12-17,325.9195556640625,329.0657750242628,320.78230420567417,328.0514572670958,2976500
DE,2021-12-20,318.0586853027344,322.6042556548668,315.861035297435,322.07832379006715,1784700
DE,2021-12-21,328.53045654296875,331.0755945784111,321.34582487176567,321.91870377011617,1518500
DE,2021-12-22,325.8913879394531,330.2115676904752,322.6418737678276,327.84484531965796,1582400
DE,2021-12-23,327.97637939453125,330.10828127691786,325.23399514258665,326.83059283641757,997800
DE,2021-12-27,329.413330078125,330.3618993733665,327.25325413223516,328.7089537486636,953100
DE,2021-12-28,328.49285888671875,331.65787987210246,327.66641492622347,328.0326756292292,718700
DE,2021-12-29,324.6798095703125,328.0608206056655,324.4825922860819,327.1685994084414,1417300
DE,2021-12-30,322.20233154296875,327.8733384809296,322.0233436476425,325.7632017130293,1538800
DE,2021-12-31,323.0124816894531,324.00160108127386,321.2885517513632,322.48491876556477,1004700
DE,2022-01-03,329.8138122558594,329.9928000944244,324.0485984515172,324.0580279425306,1570700
DE,2022-01-04,349.76617431640625,352.08355905688364,332.26324844528943,333.5820841208269,3034100
DE,2022-01-05,350.4820251464844,364.1414513831866,350.22768755910704,351.4146537971125,3310100
DE,2022-01-06,354.5422058105469,356.4922137586207,346.89293093524543,352.7994742491104,1600700
DE,2022-01-07,356.699462890625,359.8552674517391,354.84366363367116,355.0226515377778,1791700
DE,2022-01-10,357.83929443359375,363.5197596371361,352.30958614089485,359.16755941294144,2120000
DE,2022-01-11,358.48931884765625,361.2965771393803,353.958159200432,360.68426370703145,1249900
DE,2022-01-12,354.4385681152344,361.60739817871803,350.9247880406876,360.13783458820313,1458900
DE,2022-01-13,358.3385925292969,361.92772239630546,356.6334927940859,356.72770148779006,1325100
DE,2022-01-14,357.55670166015625,358.0465466328192,351.838575904384,354.82482195963155,1309400
DE,2022-01-18,361.6545104980469,365.5074072952361,357.5001573931497,358.5740847086883,2685500
DE,2022-01-19,354.1088562011719,365.60162672104013,352.8936301896018,364.7914664638412,1919100
DE,2022-01-20,345.70599365234375,358.06541599938316,344.66975546046666,353.8262832813521,2014300
DE,2022-01-21,343.16241455078125,349.59646168853834,338.9986326102659,346.2805290730458,1493300
DE,2022-01-24,342.9269714355469,344.3588458162894,326.893640924609,335.8994399540658,2251800
DE,2022-01-25,346.87408447265625,348.79583259603436,330.46391884011376,337.41610076570925,2511900
DE,2022-01-26,350.6610412597656,358.7154104898924,345.2914905214725,347.9668507706268,2296100
DE,2022-01-27,354.16534423828125,360.6841999502458,348.9747821000664,353.9110066647603,2030000
DE,2022-01-28,352.1211853027344,355.2769896125747,343.40741315903927,350.5479835204437,2100300
DE,2022-01-31,354.57989501953125,354.9473003206511,345.74365378530575,352.3190299885478,2191600
DE,2022-02-01,355.9740905761719,357.5472636470915,349.521183140923,353.26104118015513,1622500
DE,2022-02-02,352.77117919921875,357.67914431165536,345.6023205335435,356.624075985987,1642900
DE,2022-02-03,349.3892822265625,355.0602886096605,348.3907046589654,349.8226076814752,893700
DE,2022-02-04,348.0704345703125,351.17914884620785,342.46537687708604,346.79871787628645,1102400
DE,2022-02-07,350.62335205078125,352.799437651694,347.32624917079767,348.85233218978004,1087300
DE,2022-02-08,367.27838134765625,369.2377896064004,352.53562882273735,354.5798162671122,2647500
DE,2022-02-09,372.4784240722656,376.4632188378628,369.7465445248307,369.7465445248307,1630400
DE,2022-02-10,370.3588562011719,376.0675521167913,367.47624851104547,370.02914015850644,1402300
DE,2022-02-11,369.90667724609375,376.5574021524038,364.8668144775506,371.4139012062394,2390200
DE,2022-02-14,364.8103332519531,374.63569349550113,361.69221807877904,371.2632119723405,1799900
DE,2022-02-15,370.5943298339844,373.04361182291643,366.4964965301783,368.09795787829444,1590800
DE,2022-02-16,367.9189758300781,371.1972482746983,363.06753049064235,368.76679648431235,2174900
DE,2022-02-17,358.470458984375,368.0320519794955,357.12336379483406,364.12263558229336,2570300
DE,2022-02-18,347.70306396484375,370.17987208109145,344.78276701908914,357.75450175667453,3729400
DE,2022-02-22,333.27117919921875,348.993653091688,331.7921860563073,344.05742795056017,2359000
DE,2022-02-23,317.9537658691406,335.35305075561973,317.70885776397654,334.4204508106119,3068300
DE,2022-02-24,322.8900146484375,323.8603038054557,307.80811436701583,309.993629530858,3599900
DE,2022-02-25,326.8653564453125,328.11824284005127,318.4059224750812,322.8334719497082,3424600
DE,2022-02-28,339.1494445800781,341.38207860652045,325.94220155995504,327.8262605285097,3265400
DE,2022-03-01,337.85882568359375,340.8921613859233,330.2849015466889,340.1856393628508,2863200
DE,2022-03-02,354.18426513671875,359.1204905642806,339.49802854149533,339.86540510079976,2564200
DE,2022-03-03,359.789306640625,363.7081526645437,353.86396200511246,356.3132156151611,2961400
DE,2022-03-04,367.4574279785156,368.12626082664815,352.79945229498543,356.9066868252669,2404400
DE,2022-03-07,347.6087951660156,381.98343348848385,346.70445513059724,371.4609828071169,5456700
DE,2022-03-08,343.7748107910156,366.4494672448446,343.01176921308166,352.18712713687785,3512000
DE,2022-03-09,347.47698974609375,352.28134597586285,343.1248180286007,347.84439505265414,1744600
DE,2022-03-10,356.2284240722656,357.6037789938469,341.29725182071513,343.36972807114455,1768800
DE,2022-03-11,366.9016418457031,369.59583228306496,360.26974644445164,360.7690209047963,2144300
DE,2022-03-14,371.0276794433594,376.3878289390681,364.04726700542415,370.2175479722461,2466500
DE,2022-03-15,365.9502258300781,372.1016777322706,359.6103565157254,369.7371743274265,2197700
DE,2022-03-16,365.6957702636719,377.64069438189824,359.86460684388084,367.391411432441,2271500
DE,2022-03-17,382.605224609375,383.62263243271957,361.7581099570649,362.24798363069567,2783800
DE,2022-03-18,389.1994323730469,390.8762435185425,380.65521900174093,384.0277002793326,2941700
DE,2022-03-21,397.8096008300781,402.05813384794277,390.38640460582445,390.94219849845337,2750200
DE,2022-03-22,402.7646179199219,410.98854410337384,398.67621418536066,400.3624546911561,2234400
DE,2022-03-23,406.5045166015625,409.78278926512763,396.1704529269382,398.619735118214,2633500
DE,2022-03-24,407.1639709472656,410.2349961606984,401.1443889489294,405.487159672422,1878500
DE,2022-03-25,411.1487731933594,411.6197879278008,403.3016516184277,407.2770171270522,1457500
DE,2022-03-28,407.53131103515625,412.5900328893224,402.58565685383667,412.5900328893224,1656000
DE,2022-03-29,388.9828796386719,399.88214038953726,385.610397532021,399.88214038953726,3572900
DE,2022-03-30,392.4582824707031,401.0526101587548,390.5410887329009,390.8055282546065,1693800
DE,2022-03-31,392.37335205078125,397.3032837380732,390.3333773365482,391.18338841712523,1953700
DE,2022-04-01,393.63885498046875,398.47436622655084,390.82446886257475,393.8749627458893,1480900
DE,2022-04-04,394.2527160644531,395.45213300868795,385.17671954501316,395.3010205963697,1072400
DE,2022-04-05,390.72052001953125,398.9937443595163,388.3688961784034,395.433250055985,1399000
DE,2022-04-06,388.3971862792969,391.7026942476313,383.47670963080685,387.76440492950627,1237000
DE,2022-04-07,386.7066650390625,389.606074795252,379.4912280101675,386.9994363098966,1637300
DE,2022-04-08,395.0554504394531,396.5948774822211,385.0067202311088,390.1822121550734,1341900
DE,2022-04-11,395.25384521484375,401.912072542427,393.34607606116737,393.34607606116737,1437700
DE,2022-04-12,396.406005859375,403.74422383250254,394.309368035375,399.3242939835549,1119700
DE,2022-04-13,403.5458984375,404.1786510177381,397.80374226728753,398.8615002929202,1153200
DE,2022-04-14,412.480224609375,414.99241443881664,404.1503365678179,404.1503365678179,1522700
DE,2022-04-18,414.0857849121094,420.77234373368714,408.2208476301494,408.46640891395845,1525700
DE,2022-04-19,413.4907531738281,416.985130292068,410.58188979398574,415.36070795341095,1207800
DE,2022-04-20,413.08465576171875,421.9339689098103,412.27243017961644,419.97898997953814,1718200
DE,2022-04-21,400.7787170410156,416.5318476999083,399.99485200878763,416.3524035078779,1641300
DE,2022-04-22,381.1439514160156,397.42592946455846,379.2928462645858,396.4059568646153,2148800
DE,2022-04-25,364.0874938964844,370.15072294217924,351.5076698646622,370.15072294217924,4496300
DE,2022-04-26,360.555419921875,368.93254727471725,358.9687827264084,363.63427426826064,1559000
DE,2022-04-27,364.1064147949219,368.39413881033926,354.6337747734177,360.68757982003626,1599200
DE,2022-04-28,363.4359436035156,368.384752810566,354.16162428501934,366.2881148419288,1515200
DE,2022-04-29,356.5699462890625,368.2997931014669,355.3610756474503,364.69205942258935,1526800
DE,2022-05-02,360.0453796386719,361.2353428987158,350.95050603471833,354.1237798238248,1563400
DE,2022-05-03,367.7992248535156,369.0080954263574,362.17984866232865,364.38981382728554,1468200
DE,2022-05-04,374.3252868652344,376.2708127014593,363.3698799131202,369.49922876848643,1750100
DE,2022-05-05,361.7548828125,374.145813760284,358.04324682657557,372.0019656209056,1465800
DE,2022-05-06,356.48492431640625,362.2554128290725,350.9883576910519,362.2554128290725,1516100
DE,2022-05-09,344.2734375,353.7366259152218,342.2523701107768,351.3283383503898,1818100
DE,2022-05-10,344.481201171875,350.84665677660206,340.4673694926962,347.5411483349254,1344100
DE,2022-05-11,343.80120849609375,353.6799484767923,342.0634589515055,345.5578651061996,1380900
DE,2022-05-12,342.8095703125,347.14450508770307,334.61188743422673,342.6773361397755,1889400
DE,2022-05-13,346.31341552734375,349.43947992035083,343.0456922446644,344.2923192955277,1750300
DE,2022-05-16,353.6422119140625,361.1787531131571,345.690089932868,348.4195094532829,1896400
DE,2022-05-17,362.906982421875,364.55973629450835,356.37150871252464,360.30979776487965,1229300
DE,2022-05-18,348.18341064453125,363.6909524682543,346.9367547314315,362.66152607420554,1543400
DE,2022-05-19,344.3584289550781,349.86447786277614,336.50075606431443,344.1506529807924,2253600
DE,2022-05-20,295.8996276855469,325.23364761825934,290.5447208993857,320.7570546065014,8814300
DE,2022-05-23,316.7243347167969,318.52820120538246,298.6101568617925,299.33738710513364,4286400
DE,2022-05-24,318.30157470703125,319.1515568318132,309.0178307773104,313.85331282399994,1900600
DE,2022-05-25,323.9114990234375,326.5181377886968,317.5365898167246,318.82100213356466,2005800
DE,2022-05-26,328.19915771484375,329.5308086062562,321.4842397153164,324.37419566800185,1349900
DE,2022-05-27,340.6845703125,340.82622918372493,332.7513276629777,334.22466638894855,1968000
DE,2022-05-31,337.8985290527344,342.025687997067,335.0652359938244,338.3896228071164,2705000
DE,2022-06-01,332.58135986328125,342.90398343395094,329.19085614425853,342.90398343395094,1714800
DE,2022-06-02,341.01507568359375,341.3267540015706,331.5046790109681,334.20573738414345,1161600
DE,2022-06-03,340.9395751953125,343.43288675417034,337.1807296137297,337.55852505361395,1082200
DE,2022-06-06,342.7434387207031,343.59342080936415,338.65403657659954,342.9889999900867,1011000
DE,2022-06-07,347.39947509765625,348.0322565119141,338.10627806422116,340.70346316108316,987000
DE,2022-06-08,335.2918701171875,344.4906472958348,334.3568926867517,340.8923676324505,1772700
DE,2022-06-09,326.1403503417969,334.0263550962286,326.11201856416346,331.58973575451455,1415500
DE,2022-06-10,316.6016845703125,322.05104227043563,314.8544810693041,318.1599903008188,1327900
DE,2022-06-13,306.8456115722656,315.13771420583925,304.39008532445945,306.94006043213227,1816700
DE,2022-06-14,308.4322204589844,312.0494068267564,304.65449698368826,308.0450291659002,1630400
DE,2022-06-15,312.2099914550781,316.639375209789,307.3839628152647,310.13226052046406,1442500
DE,2022-06-16,299.9228210449219,305.8916291249905,297.1556464103724,304.61664209959145,1799600
DE,2022-06-17,304.7867736816406,308.33784346703203,297.2407792094308,297.2407792094308,2329100
DE,2022-06-21,310.9727783203125,316.2615975711573,309.6317024692719,312.512205428754,1425400
DE,2022-06-22,300.262939453125,305.8634083386804,299.979621683201,303.16234952624944,1636100
DE,2022-06-23,280.9776306152344,299.479027456026,279.164310706774,297.29739450440877,4232900
DE,2022-06-24,293.59521484375,296.4190538730237,282.7153817862314,284.1509063078595,2297000
DE,2022-06-27,297.8074035644531,302.86956852505455,293.91635259944553,299.97961207738405,1708300
DE,2022-06-28,291.9803771972656,302.3879994990116,291.338170845816,300.6974882640271,1818100
DE,2022-06-29,284.9848937988281,291.7054721936627,282.1791300616058,291.20308852861115,1800800
DE,2022-06-30,283.8663024902344,288.71952343643846,278.9562101210263,282.2738447911634,2082100
DE,2022-07-01,285.9137878417969,288.98496068761665,278.98467251090057,284.92796820299145,1373600
DE,2022-07-05,276.9087829589844,279.43964834704764,272.71907112357303,278.55811226480006,2147900
DE,2022-07-06,274.07452392578125,276.7381080168335,269.02222461608034,274.7380334318138,2083200
DE,2022-07-07,288.1318664550781,288.7195571797907,280.14111238684393,282.30231349601894,2051800
DE,2022-07-08,288.76690673828125,291.9707693150008,285.563015234086,288.82377815560625,1516100
DE,2022-07-11,282.861572265625,288.141358499077,282.3402122502539,284.89954232848413,993900
DE,2022-07-12,280.5391540527344,285.57247702245775,277.86611063259573,278.6812869063851,1210200
DE,2022-07-13,281.31646728515625,283.5819517531922,276.1125294708937,276.8139629887053,1199900
DE,2022-07-14,278.9941101074219,279.49649363792787,273.3162244986401,274.93711793820023,1366800
DE,2022-07-15,282.1884460449219,284.0368245474399,277.913428929625,282.53916268208053,1184500
DE,2022-07-18,282.4255065917969,290.5110549313498,281.4776109884379,285.4492958807102,1056200
DE,2022-07-19,295.3547668457031,295.9329981654495,285.1459423280688,285.8473757685215,1282200
DE,2022-07-20,298.9283142089844,299.52549300880145,294.0466581169903,295.23152750473037,1152500
DE,2022-07-21,300.0469665527344,300.25550480106926,292.53013032467624,298.4165845005214,1223300
DE,2022-07-22,295.98992919921875,303.7721450242253,294.2836995328072,301.27917463188606,1110700
DE,2022-07-25,306.1322937011719,306.5399107126001,295.6580609852536,298.4827997226715,1433100
DE,2022-07-26,302.80523681640625,308.7864552606949,301.6677506162267,306.90012349660594,1122600
DE,2022-07-27,308.7391052246094,310.02825843926496,302.0469637910888,304.2745245067749,1148200
DE,2022-07-28,314.3506164550781,317.0615839341332,306.9949374827136,312.4737727890172,1295600
DE,2022-07-29,325.2988586425781,326.749137992342,315.649286787875,318.5403572730471,1880300
DE,2022-08-01,320.56884765625,324.13294472902345,318.4834655546313,321.21340978675727,1238900
DE,2022-08-02,315.8482360839844,321.40291848594273,313.6017284867107,317.5449770461024,1271500
DE,2022-08-03,318.9762878417969,320.9763332351293,316.1515491577715,319.6492854708955,1142800
DE,2022-08-04,324.5405578613281,326.79655441885205,319.17546434009034,321.4314608976143,1333900
DE,2022-08-05,325.4220275878906,326.6258445544295,319.74414234958124,319.90526839796814,917100
DE,2022-08-08,325.80120849609375,331.04307032748693,324.93861997605694,328.8060504599029,953200
DE,2022-08-09,325.7726745605469,329.3367704166504,325.2229079727827,328.2087726095851,1146300
DE,2022-08-10,334.0004577636719,338.6356808280037,330.42690200059593,330.71128801837875,1136200
DE,2022-08-11,343.0623779296875,344.5600402044118,338.59776896060333,341.71635349020755,1718800
DE,2022-08-12,348.9772644042969,349.3753643761162,342.86332591832837,343.56478836685665,1256500
DE,2022-08-15,346.97723388671875,347.2047485414527,340.38937566355804,343.57429155500296,1196100
DE,2022-08-16,350.70245361328125,353.9158049217291,344.09561957575676,345.3278723870534,1431500
DE,2022-08-17,345.68804931640625,348.30425043402926,343.4036174448914,345.47951112692215,1722500
DE,2022-08-18,348.81610107421875,350.6645091101834,343.849137266161,345.46057139635985,1983500
DE,2022-08-19,350.39910888671875,350.6455710121158,334.65454712325277,339.94382104113413,4242200
DE,2022-08-22,350.380126953125,353.6787849720484,342.3988336492534,344.4178558104781,2353600
DE,2022-08-23,355.34710693359375,365.87821315780127,349.29004016820204,349.2995283809891,2389800
DE,2022-08-24,361.5084228515625,362.42788272615195,354.62669164736764,359.0249410471499,1566300
DE,2022-08-25,367.9256896972656,368.1910993213984,361.7169847787248,362.09613725213165,1325400
DE,2022-08-26,359.6126403808594,372.45661429789027,358.9491018842876,370.79779698393907,1452800
DE,2022-08-29,360.7785949707031,365.3474595226247,355.0438371358002,356.56047615260826,1323400
DE,2022-08-30,349.5270080566406,359.98229518116864,346.4747831219496,359.47991167922305,1622700
DE,2022-08-31,346.21893310546875,350.7498737697086,345.53644698783296,350.7498737697086,1500200
DE,2022-09-01,344.81597900390625,345.754415337658,338.63570998023073,340.27557981544084,1349900
DE,2022-09-02,343.3467712402344,351.0816033898998,342.01972308581435,350.67401519380655,1141700
DE,2022-09-06,342.2471923828125,345.94397953842997,336.9579475182335,344.26621469443245,1092600
DE,2022-09-07,346.8730163574219,347.84934794466443,338.60736322880547,339.23297797317736,913100
DE,2022-09-08,349.2805480957031,351.13841519644524,343.9912749481393,344.80648012939287,1227200
DE,2022-09-09,352.8541564941406,355.7073316637544,352.7119779318216,353.5840257323648,1240300
DE,2022-09-12,354.5414733886719,356.4088293163917,350.56029936254805,355.735831382006,1129200
DE,2022-09-13,344.370361328125,352.07675497845736,343.09072577642115,346.503125817591,1085700
DE,2022-09-14,342.09552001953125,346.21887171040754,338.94849965030113,345.3657714465141,1121700
DE,2022-09-15,340.076416015625,345.60266229579634,339.6403922393029,342.0954378090422,970000
DE,2022-09-16,336.0290222167969,337.53617289310057,330.9388269882003,336.78732719805686,2422600
DE,2022-09-19,343.7922668457031,344.27570287166856,331.3274451515626,332.028878657882,1008700
DE,2022-09-20,337.06219482421875,341.66898250835953,334.17112479898594,341.12867507073275,1434000
DE,2022-09-21,331.5833740234375,342.27563576645133,331.5833740234375,341.5267901054903,1007100
DE,2022-09-22,328.0950927734375,335.60240936262346,327.90550209162427,334.142671037073,1006400
DE,2022-09-23,316.8056640625,325.2229814986277,311.4974429928496,323.69685456214484,1717600
DE,2022-09-26,314.9288024902344,321.17543057869193,313.52593561558876,313.8008044922566,1331600
DE,2022-09-27,318.1895751953125,323.8864367776795,315.0236074906665,318.39811337597666,1180100
DE,2022-09-28,327.8771057128906,329.93405204014783,319.50719969414536,320.578326427177,1292600
DE,2022-09-29,324.29180908203125,327.71542342811756,321.85724532976747,324.29180908203125,1589500
DE,2022-09-30,317.53021240234375,324.34888351109277,317.3114713974037,322.1615895508552,1697200
DE,2022-10-03,327.1923522949219,330.7396015668416,322.56097541774494,322.96989946962753,1536900
DE,2022-10-04,342.6366271972656,343.02654162339985,332.85080539248617,332.91738251891354,1639000
DE,2022-10-05,338.3380432128906,342.0374557121592,337.8815807298478,337.8815807298478,1073700
DE,2022-10-06,338.0528259277344,341.73320059001003,335.7418970498809,336.88308252203916,915100
DE,2022-10-07,338.6994934082031,338.93724400430915,332.5655454420411,334.8003778276062,1351700
DE,2022-10-10,342.0565490722656,347.3821685160995,338.3191164656965,340.7061418661927,1366900
DE,2022-10-11,345.5277099609375,352.1181790454412,338.65198077051843,339.3367037005075,1457200
DE,2022-10-12,343.511474609375,346.41204854760133,340.886728440066,345.13770916361665,1179400
DE,2022-10-13,349.1795959472656,350.3398201423826,331.96644512684185,336.7594767656234,1596600
DE,2022-10-14,339.6409606933594,354.1532354298359,338.96572819345664,350.33021679686556,1231700
DE,2022-10-17,344.8239440917969,349.189041465094,343.28332490384366,343.6827586670077,1077100
DE,2022-10-18,353.11669921875,355.61784017712506,347.8291281905955,353.63973893042134,1214800
DE,2022-10-19,353.126220703125,356.19793990321295,349.49338454333844,351.8708905606401,817800
DE,2022-10-20,347.6103515625,355.75092895950144,345.89855902494145,353.61117377640977,788300
DE,2022-10-21,364.2909240722656,364.83300232682376,345.28039814659223,346.69738222949974,1387500
DE,2022-10-24,366.9823303222656,368.45637243437614,361.4855085850392,362.9690990305792,1059700
DE,2022-10-25,372.4410705566406,373.26843799219074,364.36706955446454,365.18491767898405,1402500
DE,2022-10-26,372.0130615234375,376.37815846604957,369.1981029266171,375.42715619474535,1157500
DE,2022-10-27,375.2560729980469,385.54592701355415,374.3906572403585,378.4989950057715,2043100
DE,2022-10-28,377.40533447265625,378.242221286383,371.0526449645187,374.5047595377036,1712300
DE,2022-10-31,376.42578125,386.1259884278628,375.6554716189497,376.5208872955487,1638400
DE,2022-11-01,369.6640625,378.49888119483256,366.830094476371,378.49888119483256,2269000
DE,2022-11-02,367.0393981933594,377.8617814304686,366.75408005197517,369.6641451558906,1719300
DE,2022-11-03,374.3430480957031,378.47991399470834,361.62815171303873,362.5030575954965,1627400
DE,2022-11-04,375.73150634765625,384.19542126376854,374.2194161285661,380.9905480614559,1548500
DE,2022-11-07,379.2311096191406,379.26915783064845,374.59973388121495,379.0504168923307,1186300
DE,2022-11-08,384.7470397949219,388.74123237706004,379.02198689375643,380.2202591795426,1360800
DE,2022-11-09,377.633544921875,385.0703907613429,376.9963895572657,380.73382207724643,2182800
DE,2022-11-10,387.6380615234375,388.0279759772272,375.90269577791844,386.40177005320794,2370900
DE,2022-11-11,386.1354675292969,393.2394559598869,385.29858085128177,386.6870361003773,1519200
DE,2022-11-14,387.00091552734375,390.36747211956924,382.6167794108412,384.75653479176344,2035700
DE,2022-11-15,387.02947998046875,392.73549485359814,382.1127843949803,391.58478998042557,1701100
DE,2022-11-16,386.48736572265625,388.56054396874646,382.3504995192245,387.2957235590976,1101600
DE,2022-11-17,392.7544250488281,393.3630804429389,381.89399518852946,382.92106488823316,1284100
DE,2022-11-18,393.96221923828125,395.6359635390313,391.128221956737,394.76105768183425,1590800
DE,2022-11-21,391.5276794433594,394.9322550895041,386.59197492079716,393.00172147822195,1326000
DE,2022-11-22,396.1495361328125,396.4062963189896,391.28992806067106,393.71497244143114,2195200
DE,2022-11-23,416.08251953125,426.42942929040953,407.8658746781033,408.4745010639018,5080300
DE,2022-11-25,419.8390197753906,420.7329643299362,411.35606581809304,414.4182946273836,1135500
DE,2022-11-28,419.5917663574219,421.90272427709306,415.5119869032185,415.94943988679444,1974800
DE,2022-11-29,419.3634948730469,422.74906081580633,414.8462338459187,422.04532838502786,1643100
DE,2022-11-30,419.39202880859375,420.04822274007734,411.7079427285741,419.591731172262,2397200
DE,2022-12-01,420.1623840332031,422.73010221996634,414.9889284582768,418.7548899795438,1747400
DE,2022-12-02,423.7762451171875,425.7638660460719,417.15727529640634,420.5618807802633,1471200
DE,2022-12-05,415.4834289550781,420.4952008714446,413.6860205900917,419.4586117967785,1467600
DE,2022-12-06,416.7767333984375,417.7372549519291,412.41163658151373,417.6136200166537,1015900
DE,2022-12-07,419.0591735839844,420.19086868568854,414.3707390325174,414.85575951104437,1433800
DE,2022-12-08,421.2274475097656,421.76000648323486,416.1586179515465,421.58883303225275,1200200
DE,2022-12-09,413.5053405761719,422.7586041379632,413.09641652004956,421.6554378996903,1340400
DE,2022-12-12,415.6355895996094,415.98748486827054,410.49069212689636,414.75116432808926,1591700
DE,2022-12-13,415.7686767578125,418.11765348048937,411.5557437479749,417.33782466871816,1675500
DE,2022-12-14,416.95751953125,420.58083657030977,413.0869325662591,418.11774368957697,1767500
DE,2022-12-15,408.7312927246094,415.4168378321898,405.1935629550813,413.6860066550885,1561900
DE,2022-12-16,409.96759033203125,411.7840082622367,400.9996453391519,403.94775836211517,3097300
DE,2022-12-19,411.47021484375,413.3436907038018,408.6457365983376,410.8710786974065,1327700
DE,2022-12-20,414.0284118652344,415.6261180349497,408.67429246127114,410.8996347071024,985200
DE,2022-12-21,420.0007019042969,422.7300740709929,414.6845731000949,416.39639478471304,1220500
DE,2022-12-22,414.5038757324219,418.9450695345026,409.27336273938016,418.76437676386894,1223600
DE,2022-12-23,415.521484375,416.42494829154765,411.9932734893341,414.5324627448005,735600
DE,2022-12-27,414.77960205078125,420.58072125181474,414.39920697677394,416.5865004190287,713800
DE,2022-12-28,409.1021728515625,416.4439119551444,408.75982594555484,415.5880156678375,821700
DE,2022-12-29,408.7779541015625,411.7533767807933,406.65127600931095,409.8174428514557,835300
DE,2022-12-30,408.89239501953125,409.8269657626343,405.1349619615134,407.09950463406403,760200
DE,2023-01-03,404.62957763671875,408.3202478344308,400.72910046919856,408.16765830152696,1166300
DE,2023-01-04,403.8570556640625,406.6035795550546,400.73856027917117,404.28618637977684,1050800
DE,2023-01-05,395.51251220703125,403.86657703835766,393.49072298865445,402.98922371850006,1485000
DE,2023-01-06,406.70849609375,408.68258468925796,396.733193301827,396.9143915267368,1042200
DE,2023-01-09,408.3584289550781,414.156686063763,406.70858180815554,408.08185858980085,1200300
DE,2023-01-10,417.16064453125,417.656567733722,407.1090611902539,407.1090611902539,1079200
DE,2023-01-11,413.3936462402344,419.49708064488647,410.1607162762052,419.363553920291,1130000
DE,2023-01-12,415.8826904296875,419.5924516518862,411.31463874867666,414.8432017613686,1205500
DE,2023-01-13,419.2587585449219,419.8595707326969,413.136230897449,413.7847436847088,985700
DE,2023-01-17,417.8949279785156,424.51334819675145,417.39900484180777,419.68778906951417,1767700
DE,2023-01-18,406.250732421875,422.58697784915387,405.9074278464484,418.74371863349046,1390800
DE,2023-01-19,389.6665954589844,403.65681134408607,388.9799571324871,402.6554771237044,2241000
DE,2023-01-20,391.5738830566406,392.35589340078633,387.25379249189785,391.3259214588691,2781500
DE,2023-01-23,390.3722839355469,394.40628761116693,388.4649585462472,392.3845273550654,1390500
DE,2023-01-24,397.3625793457031,399.74673567169356,386.2428707488672,389.5711436668392,1319700
DE,2023-01-25,394.4730224609375,396.160994831162,390.27688362511344,394.0247998627233,1002000
DE,2023-01-26,401.6827087402344,401.7875976591731,392.5847591612452,398.3830151077609,1191100
DE,2023-01-27,398.8026123046875,403.27529215094285,398.2685635860426,401.68269193395724,1324500
DE,2023-01-30,401.11053466796875,406.0218917183232,398.6310058444136,399.3271900878525,1376100
DE,2023-01-31,403.2466735839844,403.43741773747047,396.7808425880201,402.2644023108214,1269800
DE,2023-02-01,407.20440673828125,409.91280517936616,399.10782013046673,402.4837940697905,1112100
DE,2023-02-02,387.7115478515625,406.9659995370234,383.24841352923374,406.85156467288294,2551300
DE,2023-02-03,387.2442932128906,394.53980741605847,386.15713281373104,387.6639071503845,2295500
DE,2023-02-06,391.2210388183594,393.77684773181227,386.2524354645765,386.7102040131622,1378100
DE,2023-02-07,390.5439147949219,394.2536764431125,386.02356318356084,389.2851022257344,1313100
DE,2023-02-08,388.7987060546875,392.4321582168255,387.20607671399034,387.2442313667991,1061500
DE,2023-02-09,389.1039123535156,393.41445711202516,388.26468455371423,392.0316346096059,1262700
DE,2023-02-10,398.43072509765625,399.05059999698017,389.2469491583607,389.723780481452,1357000
DE,2023-02-13,396.08465576171875,403.77120272243246,394.9498240976112,399.94700656764235,1428400
DE,2023-02-14,390.34368896484375,396.1324287100536,385.41326895782527,396.1324287100536,1503000
DE,2023-02-15,391.0398864746094,394.81638285731424,386.72931217081094,387.8260476281969,1424800
DE,2023-02-16,384.2878723144531,390.30548097913794,384.1638915201661,386.2047434494115,2122500
DE,2023-02-17,413.2315673828125,416.1593187516049,396.2468376334682,399.584656963714,4888700
DE,2023-02-21,407.37603759765625,417.5897551914184,405.9455437961529,411.90593463575027,1936300
DE,2023-02-22,406.6513366699219,411.0190992588548,402.1977188224393,409.48371620121276,1356300
DE,2023-02-23,405.3543395996094,411.38149515483127,400.82444154433415,410.05591906825373,1086900
DE,2023-02-24,398.0778503417969,404.07636706662,395.9702350675344,403.97147815159275,1031200
DE,2023-02-27,402.0927429199219,403.38019317449306,397.41980227691454,399.19360063836774,920200
DE,2023-02-28,399.8134765625,402.6267927152258,397.84893404557266,402.24533351743366,1465200
DE,2023-03-01,400.2999267578125,404.20994973087716,397.4961560324695,398.95525883006826,1354000
DE,2023-03-02,401.816162109375,403.6472069506817,398.4020630981876,398.4020630981876,959800
DE,2023-03-03,410.3420104980469,411.6676157018206,402.4552299637569,403.1799938697369,1097400
DE,2023-03-06,405.98370361328125,411.98224960957845,405.8883315311029,410.36101152296624,1007500
DE,2023-03-07,398.7740173339844,407.14717394408456,398.5356016798204,405.8311148765436,1181500
DE,2023-03-08,404.62957763671875,406.3747676692536,398.87899240002093,399.37488655435027,1365900
DE,2023-03-09,401.89251708984375,412.83102858605304,401.3775311222732,406.2793418914173,2082000
DE,2023-03-10,377.5836181640625,400.31893056978356,376.77299915069113,398.9647460046678,2354300
DE,2023-03-13,379.76751708984375,384.04945279834476,368.3426288043722,370.85076606824185,2000700
DE,2023-03-14,383.8015441894531,387.5112767550177,378.8424867802663,385.62301423541345,1636600
DE,2023-03-15,372.3861999511719,378.1272385945752,364.68058948464073,376.4011115360784,1964100
DE,2023-03-16,372.9869384765625,375.11361639763874,366.8548953879398,369.6396027835899,1621800
DE,2023-03-17,367.6369934082031,371.8998671029121,363.7174534403687,369.2582317390727,3124500
DE,2023-03-20,376.2198791503906,378.2988565421046,369.53469530535517,371.12732458282477,1325100
DE,2023-03-21,383.9350280761719,385.7946818138844,381.2170838070049,382.2184470132629,1341700
DE,2023-03-22,376.6680908203125,385.4799232886613,376.51550132302225,384.93635776493636,1202400
DE,2023-03-23,373.6926574707031,382.1420932742137,371.02238500129687,376.69668853324896,1566800
DE,2023-03-24,368.5906066894531,370.58375809478775,363.82229353693754,369.4298344608517,1361500
DE,2023-03-27,374.7989807128906,376.7253688571187,368.66690753676835,372.6818483904923,1392700
DE,2023-03-28,377.0305480957031,378.5373223315158,374.2077146988712,376.14364878405115,982000
DE,2023-03-29,382.2184753417969,383.1053746532509,378.23214320327975,381.1312859121625,1455000
DE,2023-03-30,386.1980895996094,388.8766873302238,384.5526569380817,384.8587615397765,1267900
DE,2023-03-31,394.9801330566406,395.63064554061003,388.3984017741705,388.3984017741705,1779200
DE,2023-04-03,396.99859619140625,401.2174094260763,395.14270023253937,395.14270023253937,1632200
DE,2023-04-04,380.41998291015625,396.8934338727001,378.5736625008216,395.5541348502431,1801600
DE,2023-04-05,357.61346435546875,377.1099172122652,354.04516377024123,376.3158845731405,3265700
DE,2023-04-06,353.624267578125,357.0203791584964,350.22818519227917,356.0541571389827,1848500
DE,2023-04-10,360.97125244140625,362.19575825575606,352.53365620549863,353.27983897995364,1486500
DE,2023-04-11,364.3196105957031,369.4281277113473,361.4592473987894,361.4592473987894,1543800
DE,2023-04-12,367.72528076171875,371.89624456520534,366.20418747218395,366.86427574665294,2166100
DE,2023-04-13,368.0600891113281,370.57607355823086,362.626345119376,368.997612997884,1627000
DE,2023-04-14,370.9587097167969,372.94855028646026,368.500151016526,369.9064221864564,1113200
DE,2023-04-17,374.45050048828125,376.2107261435464,372.1354036406061,372.44153745748554,1116600
DE,2023-04-18,379.4920349121094,382.2854258462493,375.00536128968827,376.17247097985063,1402000
DE,2023-04-19,375.741943359375,379.2050273654451,373.2164123984734,378.1048608040037,860000
DE,2023-04-20,373.4364318847656,375.3688760757555,369.2750438773976,373.78083973044346,1336300
DE,2023-04-21,369.93511962890625,373.59906195128104,368.5957915121481,373.0059459424734,2556900
DE,2023-04-24,371.2170104980469,375.63671140040725,369.51418137993994,370.52822404608645,1132800
DE,2023-04-25,363.0185546875,368.997593767001,362.23409775358306,368.32792971228616,1688400
DE,2023-04-26,358.3692626953125,361.79407285812727,356.24553589892855,358.7423687722094,1416500
DE,2023-04-27,355.7289123535156,357.7856959431606,350.0273089027926,356.2742077203293,2741600
DE,2023-04-28,361.6314392089844,362.014121100896,354.9157924071598,355.7002494132374,1999300
DE,2023-05-01,365.55364990234375,367.9452654588016,362.9802692280331,363.4777439482728,1184100
DE,2023-05-02,367.1607666015625,370.10725297941764,358.01523209410504,367.36168330540886,1547800
DE,2023-05-03,365.64935302734375,373.1016359414538,365.57283416829296,368.5575659782574,1235400
DE,2023-05-04,357.3934631347656,367.37127635087836,357.1447257716229,365.5345319301319,1382900
DE,2023-05-05,364.5682678222656,366.1371814786973,359.73721657479643,361.7079052542986,1862900
DE,2023-05-08,363.7647399902344,372.40325454135353,362.42544106651957,369.2558801747286,1106500
DE,2023-05-09,364.9031066894531,366.0893385631212,360.05290374349994,361.3635042867345,1478700
DE,2023-05-10,363.898681640625,369.51419046610147,359.8520574865372,368.9784709007954,1014600
DE,2023-05-11,356.628173828125,360.6556464804013,354.1217652531522,359.60332973664583,1825100
DE,2023-05-12,357.7666015625,361.13398610168264,355.20276723491634,359.8138095078552,1332000
DE,2023-05-15,354.1600341796875,358.5414907760026,353.82520212100377,358.1683846891617,1466300
DE,2023-05-16,346.9564208984375,352.84936472353934,346.55464586179636,352.04578545573327,2181300
DE,2023-05-17,352.1128234863281,356.570798910217,348.31493636906947,349.1759122315565,1843900
DE,2023-05-18,354.45654296875,355.06881055608966,349.845530427647,351.41441502978535,2034300
DE,2023-05-19,347.7886962890625,375.961937095257,345.7988851418841,373.8764554941369,7522100
DE,2023-05-22,344.8710021972656,349.9890659051184,340.44172501525793,344.0961210050061,2936200
DE,2023-05-23,344.851806640625,347.30081839209805,339.08323165808554,341.79052735402223,2111400
DE,2023-05-24,338.7292785644531,343.1394327915856,337.69611349905574,342.79502497343606,1717000
DE,2023-05-25,339.4946594238281,341.8958510908896,335.6011017948363,338.32754971570006,1540000
DE,2023-05-26,341.72357177734375,343.9908185395106,339.8868274714596,341.2261262766927,1412900
DE,2023-05-30,335.4288635253906,341.589667421063,331.42051359093693,339.60940277005574,2094800
DE,2023-05-31,330.9804992675781,335.036670260412,330.5691191683956,333.10425523344514,3384700
DE,2023-06-01,337.2847900390625,340.2408235767891,331.79362047295126,334.08959492843377,2116800
DE,2023-06-02,354.98272705078125,356.0063455335966,342.1636732820899,344.45961841767956,2855600
DE,2023-06-05,347.8843994140625,355.1070960443763,347.4060762939567,355.1070960443763,1476800
DE,2023-06-06,357.4891052246094,358.22571225645925,346.11456838924437,346.516372621314,1927600
DE,2023-06-07,365.2666320800781,367.294717202982,354.0355866703104,357.76652993003603,1928800
DE,2023-06-08,364.26214599609375,367.3521235873387,362.1383903638235,365.2187921512691,1317100
DE,2023-06-09,362.4445495605469,366.7494575607647,360.7225980382701,365.1805729373943,1254800
DE,2023-06-12,370.34649658203125,371.2457464633695,361.5931885445007,362.2532768445156,1527000
DE,2023-06-13,380.9748229980469,383.41428864269653,372.3267612430066,372.91987729318316,2141700
DE,2023-06-14,381.7496643066406,387.55651389752836,381.0417554425777,382.65848989795865,1900100
DE,2023-06-15,388.8958435058594,390.31169054039884,382.18977279272633,382.8594076862503,1471200
DE,2023-06-16,389.95770263671875,392.1771288698607,387.9104657161846,390.09161792612736,2119900
DE,2023-06-20,390.2926025390625,391.23009731156674,382.6585538791425,384.4187797236429,1700700
DE,2023-06-21,398.52923583984375,399.87811048141356,387.47040813434086,389.27848346065514,1868200
DE,2023-06-22,397.66827392578125,400.24165462160624,394.119124584793,396.845542986328,1518000
DE,2023-06-23,386.9155578613281,393.49725903391624,386.55202764304204,393.2580974897306,2033400
DE,2023-06-26,392.4067077636719,397.82132876798545,387.39389100961506,387.39389100961506,1360400
DE,2023-06-27,391.75616455078125,393.6598810000042,383.26114227751896,392.93282060171794,1404900
DE,2023-06-28,387.63299560546875,394.9034823136482,387.2885878423486,392.3301020739271,1676100
DE,2023-06-29,385.4067687988281,389.4179169978918,379.0445729271556,385.46434284686313,1871600
DE,2023-06-30,388.8229675292969,392.09522927119133,387.02850802548596,389.09165618305144,1848800
DE,2023-07-03,390.06085205078125,390.85731254285577,383.573902882843,385.9825245158226,652600
DE,2023-07-05,388.3143615722656,392.32550962886495,387.4602977486352,389.6002307408224,1398600
DE,2023-07-06,384.96539306640625,388.38159022369047,383.6027388074388,386.6734916450484,1390700
DE,2023-07-07,388.9093322753906,391.9320869798991,383.29562823280804,383.29562823280804,1013900
DE,2023-07-10,390.64617919921875,392.2295239563045,385.6946064919791,386.8557513607243,1005500
DE,2023-07-11,397.0851745605469,397.7569108525319,393.8321236178937,393.8321236178937,1131200
DE,2023-07-12,391.2027893066406,401.1346930157961,391.0396433185655,400.15590494194305,1376000
DE,2023-07-13,393.0068054199219,394.5997556230135,388.73657433684053,391.7209363057101,999400
DE,2023-07-14,397.86248779296875,398.1887798153823,392.55586434067175,396.490257350835,984200
DE,2023-07-17,403.61053466796875,406.31663226040524,398.15037086789306,398.2079449200837,1509100
DE,2023-07-18,414.1278076171875,414.5116443869262,403.74485753624947,404.30144574450867,1575400
DE,2023-07-19,418.55157470703125,420.1253141190357,414.1949530522616,414.78990438917305,1664800
DE,2023-07-20,421.871826171875,422.2364813411897,417.4768118367961,421.0561547591766,1284900
DE,2023-07-21,419.2808532714844,422.4571483850211,417.7262954557795,421.27685115413857,1195600
DE,2023-07-24,424.7122497558594,428.94411805894714,418.6283478819143,419.3000841655284,1301700
DE,2023-07-25,428.30120849609375,431.82297766595667,422.68753321433223,423.22491057708254,1160700
DE,2023-07-26,415.461669921875,428.66583621197833,414.07983413915156,425.6142943938258,1759500
DE,2023-07-27,411.3065490722656,416.46923692525894,407.31458236543386,415.97982822038733,1977000
DE,2023-07-28,409.8575134277344,412.7555437666001,407.8615448161128,411.4408875623523,1194700
DE,2023-07-31,412.2469787597656,415.4040925015449,409.68481639199723,412.1510122480195,1169600
DE,2023-08-01,415.931884765625,421.0753620566785,412.64044117404546,413.92631049680887,1115800
DE,2023-08-02,413.1394348144531,417.390485090842,409.7904170990191,413.2450067702431,1077900
DE,2023-08-03,406.8155517578125,411.9686335947579,404.2246026861734,409.9630596728011,1083400
DE,2023-08-04,406.91162109375,412.63086865487685,406.2398847098981,411.16267161919734,961200
DE,2023-08-07,413.88787841796875,415.33689360848734,407.00751619178476,407.6120436893166,1009400
DE,2023-08-08,413.0721740722656,413.66712537100335,407.2569614715792,409.75194403697384,1354400
DE,2023-08-09,418.4748229980469,421.6319367935018,415.010657358599,415.50964222934726,1361300
DE,2023-08-10,417.0162353515625,423.63751484661503,416.6227931425477,419.04099116334373,1283900
DE,2023-08-11,417.49603271484375,419.7319031123057,415.0970163169855,417.6975418925008,1217200
DE,2023-08-14,419.9622497558594,420.6819547114721,416.6515952460931,417.91828299634017,1058500
DE,2023-08-15,414.2429504394531,417.620784253782,412.23737625462934,416.0182284223429,1576800
DE,2023-08-16,406.8155517578125,418.138895903416,406.10545237167526,410.7115515158513,1870300
DE,2023-08-17,402.22869873046875,408.2358453095043,398.97561835828367,404.7428632916372,2149200
DE,2023-08-18,380.9830322265625,396.2695888423215,379.40929250496697,391.24122994288973,4233700
DE,2023-08-21,375.004638671875,381.9233934540308,369.9187065650093,380.02336200937077,2549100
DE,2023-08-22,369.6500549316406,377.21175972229355,368.72884078357794,376.87589155100795,1663900
DE,2023-08-23,378.3536682128906,379.6779299334454,369.6116666256918,369.6116666256918,1582200
DE,2023-08-24,371.02227783203125,376.2617212156875,370.2545750474234,374.62080227119264,1379900
DE,2023-08-25,374.4480895996094,376.20418610721384,370.6192685711893,372.5193002142851,1099900
DE,2023-08-28,378.7471008300781,380.0041830321679,375.6667720916256,377.03900239087363,1247000
DE,2023-08-29,387.77703857421875,389.235630084945,377.3844825450758,378.2769389525965,1875600
DE,2023-08-30,396.5765380859375,398.8028320279887,387.1628013669862,387.5562435167778,1815500
DE,2023-08-31,394.34063720703125,400.43414340806345,394.0911301839927,397.3249989093568,1515500
DE,2023-09-01,401.9791259765625,402.45892918954115,397.83361918805934,397.9200095370759,1249700
DE,2023-09-05,397.689697265625,406.249399754282,397.142714556328,403.8983522187973,1474000
DE,2023-09-06,397.5553283691406,399.6088707580498,394.05277100079206,395.47296967587073,1002600
DE,2023-09-07,395.0987854003906,398.6493117951138,389.0244600001855,394.5518026800185,1028800
DE,2023-09-08,383.5163269042969,396.4901958899301,382.9405571629369,394.8780640420145,1837500
DE,2023-09-11,384.1976318359375,387.68100795437323,381.6354989997238,387.0092717216944,1428200
DE,2023-09-12,386.0113525390625,389.32197767168935,383.17089597497073,383.27646792698374,1127800
DE,2023-09-13,385.9825134277344,390.46385915553475,383.535499406135,385.60825285501284,1104200
DE,2023-09-14,395.0508117675781,395.5018280109561,388.76540066984256,389.878547765943,1272400
DE,2023-09-15,395.4634094238281,398.1119326597453,392.45986576344137,395.15635760904934,1986200
DE,2023-09-18,394.2447814941406,396.89330514487983,391.0493043247718,394.34074801341825,969300
DE,2023-09-19,382.58551025390625,387.63304971513946,382.31682161062,386.3279696728451,1957300
DE,2023-09-20,386.0784606933594,392.6229838895663,383.41075586085475,385.5027202355182,1289700
DE,2023-09-21,371.98187255859375,383.56430059648585,370.446496322911,382.9117752139021,2209100
DE,2023-09-22,365.4853515625,368.06669559223604,362.3186615787063,366.31062844519454,2410500
DE,2023-09-25,368.8631896972656,369.65004484138757,363.0767338694586,363.7292886045239,1383600
DE,2023-09-26,364.29547119140625,366.4449806806461,362.00199727915407,362.7313076922335,1270400
DE,2023-09-27,368.8343200683594,370.75353296317206,364.9095332126513,366.3489428837608,1403900
DE,2023-09-28,370.4907531738281,374.71825942657284,368.8247716932555,369.78776065329015,1309200
DE,2023-09-29,363.4127502441406,372.65744942082995,361.81418516793883,369.5277355435401,2124300
DE,2023-10-02,360.0037536621094,366.54245628225465,356.8355120685005,365.15574996600407,1989800
DE,2023-10-03,358.9830017089844,360.013406887257,356.7873881879666,358.62670051734165,1212200
DE,2023-10-04,363.04681396484375,364.56832349048904,356.4599734396385,358.59780996529986,1219000
DE,2023-10-05,361.7852478027344,364.8282957958257,359.3874152064032,361.8044969981285,997200
DE,2023-10-06,364.52978515625,367.7461641914648,358.539993700995,359.61853644476935,1203400
DE,2023-10-09,368.7669982910156,369.6914594729689,363.5572244400199,364.42390863485684,831200
DE,2023-10-10,376.37457275390625,377.4435056993888,371.8389033285923,372.0025949819159,1317400
DE,2023-10-11,374.94927978515625,377.9634392280556,373.0425808980681,376.89453583839514,942500
DE,2023-10-12,368.1313781738281,376.5286421617571,363.87495450558885,375.37304378096167,1375200
DE,2023-10-13,366.57135009765625,371.5403762383886,364.7416771057182,368.82474054727527,1074200
DE,2023-10-16,376.0856628417969,378.05013887961627,369.84548469437664,370.702558852396,1202600
DE,2023-10-17,376.6441955566406,380.6791212025437,373.6589242341415,374.50635912704064,899800
DE,2023-10-18,368.083251953125,375.94124477830394,364.03868688242943,373.9863491299332,1495000
DE,2023-10-19,367.25506591796875,372.0700103370377,366.1765230701915,367.5150917249751,1348000
DE,2023-10-20,361.2652282714844,368.2565360894326,360.9474549107071,366.3113093694465,1468100
DE,2023-10-23,359.454833984375,366.1476181824004,357.73110511896397,359.39705700498064,1308100
DE,2023-10-24,359.74371337890625,363.85566475013155,357.8369850795583,361.7756055294113,899100
DE,2023-10-25,358.14520263671875,362.0741843884619,357.31701690713027,358.46297604057384,773900
DE,2023-10-26,355.8629150390625,360.928216508382,355.79549876506104,357.2688705597705,1124900
DE,2023-10-27,347.783447265625,356.1999905237113,345.52041739552016,355.342916267082,1436400
DE,2023-10-30,354.187255859375,355.6702667855007,348.28415941845617,351.7123970693343,1277500
DE,2023-10-31,351.8376159667969,352.357638209693,346.0886003553637,348.60198731786426,1233200
DE,2023-11-01,356.7584533691406,358.5881261677129,347.98561032939676,351.37534963260634,1073000
DE,2023-11-02,359.7341003417969,364.4046019846468,358.1355353780541,361.6023009989368,1259300
DE,2023-11-03,368.0543518066406,370.3944076690541,363.50904323958747,365.454270145234,1173200
DE,2023-11-06,364.25054931640625,370.31736759605076,361.2845564523351,369.0943822798425,925900
DE,2023-11-07,355.57403564453125,358.72302836502433,349.57463320750395,353.32064499546027,1711400
DE,2023-11-08,355.6991882324219,359.2526194540549,355.48732950905855,357.0762552402397,1178000
DE,2023-11-09,355.9399108886719,360.32152750409443,354.1583757544049,359.8015053302462,1094900
DE,2023-11-10,360.1482238769531,360.66824613265607,355.3621676748051,358.56893729886787,1311800
DE,2023-11-13,356.0747375488281,359.8014993923851,353.5420723777265,359.0599792299665,1418100
DE,2023-11-14,361.0823669433594,364.4239401314896,356.88374878020215,359.8593814262402,2115800
DE,2023-11-15,366.7735595703125,367.87138096850657,359.62819874168764,363.0082696302542,1515500
DE,2023-11-16,364.5491027832031,368.72847139389614,361.50605410599763,367.2647387365949,1736200
DE,2023-11-17,369.93218994140625,371.04926062182335,365.3772711310827,368.24695932137945,1342600
DE,2023-11-20,366.2535705566406,370.5870207858976,365.3965256819945,368.35290878042923,2197300
DE,2023-11-21,368.4877014160156,369.30624786909306,365.0594632392558,365.9357866760244,2163100
DE,2023-11-22,357.0377502441406,359.5222485102943,342.4966129427362,347.61972060346295,6304700
DE,2023-11-24,356.4888916015625,357.6444901287286,353.2628726523074,356.80666503308294,1275300
DE,2023-11-27,348.8042297363281,355.3525724241565,348.39979082261686,354.7266060775462,2322200
DE,2023-11-28,346.69525146484375,350.3835153907326,345.48190544081086,348.60198005702233,1904600
DE,2023-11-29,350.4701843261719,354.72657882759904,346.3389536963603,349.3145858853008,2263500
DE,2023-11-30,350.9228210449219,353.551791564881,348.0146048775494,351.1346797980478,1950200
DE,2023-12-01,355.15985107421875,357.18213317046553,350.11379981858454,351.40420111723597,1764900
DE,2023-12-04,355.2754211425781,356.6621272493558,350.5567822958324,351.95312769398936,1405900
DE,2023-12-05,347.7738037109375,354.32211606632916,347.417473154219,354.168034325391,1572700
DE,2023-12-06,352.01092529296875,356.1902930528763,349.0834311862191,349.58417476986523,3218300
DE,2023-12-07,347.850830078125,351.8279786907658,346.84931345552144,351.5005660116254,2753800
DE,2023-12-08,350.21014404296875,350.6916384350168,347.51375781464856,348.40933033071735,2060500
DE,2023-12-11,347.6678466796875,352.3864859409522,347.581181213911,350.9997797123563,2057900
DE,2023-12-12,346.0885925292969,347.9952917299842,342.43885639439304,347.5908528520579,1832000
DE,2023-12-13,363.0564270019531,363.82680630817094,345.2507436102329,346.0500407938185,3406900
DE,2023-12-14,374.044189453125,380.6984173884472,366.0706419401023,367.12990629888066,3576000
DE,2023-12-15,371.7810974121094,373.4663278317954,368.29508261748117,371.6462648722531,3891400
DE,2023-12-18,368.5936584472656,375.2190270991364,368.52624216789076,372.51300112330375,1404400
DE,2023-12-19,379.3598327636719,379.59094068521625,369.1136172165858,370.664044558513,2078500
DE,2023-12-20,372.9270324707031,380.80427338710297,372.5996198225002,379.5716489634807,1592100
DE,2023-12-21,378.78204345703125,378.88798751589576,374.698980000055,376.4708760170086,923300
DE,2023-12-22,382.13323974609375,383.03845160959315,378.5509200744819,378.74350021023645,1077300
DE,2023-12-26,386.41851806640625,388.4119120019392,382.0272913431982,382.16212388597023,966100
DE,2023-12-27,386.7748718261719,387.65116585441854,384.5214519624017,385.3111099052211,823500
DE,2023-12-28,385.8953857421875,387.635121670428,385.02548828201884,387.43215936121123,1125200
DE,2023-12-29,386.48486328125,387.33541113673726,384.44550696524266,386.10793336568366,1104300
DE,2024-01-02,387.4900817871094,392.9702696634879,384.67748657438955,385.7599913649807,1414600
DE,2024-01-03,380.1831359863281,384.2908728691812,380.0961521565693,383.3436664517362,1397600
DE,2024-01-04,379.2552795410156,385.2090557577409,378.9749786473444,381.30431063451806,1332100
DE,2024-01-05,382.70574951171875,383.9332568030879,375.07019756067007,377.36086019638043,1100300
DE,2024-01-08,384.65814208984375,385.00607739485673,377.4575094575638,380.35708831683763,1233300
DE,2024-01-09,380.0575256347656,383.5660213102679,376.9549840398863,382.4641670171813,1012400
DE,2024-01-10,380.53106689453125,380.97569023620173,377.5734987328424,379.9801693124442,1003900
DE,2024-01-11,377.1579284667969,382.6381460673645,376.8873022578827,381.62327566190294,1190600
DE,2024-01-12,373.5721435546875,382.0195751968392,372.8375740219626,378.90735888193393,1221800
DE,2024-01-16,372.450927734375,376.3170330602882,371.1461112876707,372.8375323677578,1292900
DE,2024-01-17,365.9365234375,369.232381796499,364.8540186560426,368.439852614674,1466300
DE,2024-01-18,368.6235046386719,368.9811146744841,363.62655035155666,366.41015100312967,1125900
DE,2024-01-19,369.9089660644531,371.51340334590054,364.69937487685803,369.8026328279494,1223100
DE,2024-01-22,371.7163391113281,374.1713241255518,368.8167602664477,369.174370271283,1113600
DE,2024-01-23,374.4903259277344,376.8293328891972,371.7453943795347,374.21969970456104,955000
DE,2024-01-24,375.40850830078125,380.009183228724,373.4657808718561,376.8872924567566,1447800
DE,2024-01-25,379.8546142578125,381.7779926809375,375.5922285721525,379.9802674304679,1103500
DE,2024-01-26,380.4441223144531,383.4403600967089,379.91254458523395,380.5987700802003,884900
DE,2024-01-29,384.36822509765625,384.86116301760734,379.5839369481839,380.76310037721,969400
DE,2024-01-30,383.6433410644531,385.4217462130691,381.20770500144477,381.91327993651254,1098300
DE,2024-01-31,380.40545654296875,384.67751631040466,379.6032525902297,384.0202854218901,1342400
DE,2024-02-01,380.5021057128906,383.90429751513994,376.48135235316994,381.8552367724012,1485600
DE,2024-02-02,379.4582824707031,381.85524914060335,373.6881185014272,377.1772647570366,1666900
DE,2024-02-05,373.108154296875,380.4634349333116,370.3342284765994,378.8783176097012,2164000
DE,2024-02-06,375.8821105957031,380.9757235948694,375.1475705899225,376.1817314196488,1740600
DE,2024-02-07,373.03082275390625,378.713972399873,372.71185256954664,377.3608415317857,1671500
DE,2024-02-08,372.9148864746094,374.59666255153576,371.40710757532804,372.9632304946399,1142000
DE,2024-02-09,368.52685546875,372.76024577593523,367.7149768407486,371.310456191066,1426300
DE,2024-02-12,376.3556823730469,378.4047133675294,371.46503225929445,371.46503225929445,1698100
DE,2024-02-13,366.574462890625,372.4992745354317,362.94034362662234,371.75505981427096,1765200
DE,2024-02-14,371.8999938964844,372.6538832415128,364.5060734940818,370.1795782375198,2409000
DE,2024-02-15,352.4535217285156,359.5478219884395,348.6937198619865,354.81184851199436,4933800
DE,2024-02-16,348.6067810058594,351.81565615755693,346.2678033261157,348.90640186982614,2274300
DE,2024-02-20,345.41717529296875,348.61637499998926,343.1941470958212,347.4662063383791,1973600
DE,2024-02-21,345.3301696777344,346.59631669659154,342.59488389180746,344.6535895091059,1364300
DE,2024-02-22,344.8372497558594,346.15174085273526,341.3287545916903,342.2759609777326,2197900
DE,2024-02-23,352.4535217285156,353.2267310526534,345.4365306025875,345.99713243422565,1704300
DE,2024-02-26,351.0519714355469,354.0868778494769,349.5151983232333,351.8348552947247,1592500
DE,2024-02-27,348.58740234375,351.9219006054055,346.2483955621684,350.97472364516454,1559700
DE,2024-02-28,352.5984802246094,353.1010633149337,349.04167028682866,349.3122964887023,1675600
DE,2024-02-29,352.8304443359375,355.53673590611913,350.7041039908424,354.1062662406212,2491200
DE,2024-03-01,355.5367126464844,356.4742443565554,349.2349421637644,352.7917814377092,1967100
DE,2024-03-04,352.2215881347656,357.5954729324008,350.78144364140957,356.261661688375,1335000
DE,2024-03-05,354.4541931152344,357.3151026437889,351.39996653235477,351.7575765364189,1710000
DE,2024-03-06,354.3575744628906,355.51738843122746,352.16354068397436,353.7873274333172,1068700
DE,2024-03-07,362.7566833496094,363.5975565700148,354.96648318680354,355.1211309451375,1844600
DE,2024-03-08,361.5774841308594,364.0614637281004,359.74109011389504,363.5492059839571,1064700
DE,2024-03-11,362.4956970214844,362.85333654889644,358.21399235524177,360.90093443768325,855700
DE,2024-03-12,360.176025390625,365.19229932522916,360.1277108732912,363.5588674931727,1140800
DE,2024-03-13,366.16851806640625,367.7826005728245,360.29202126888947,360.8429483741649,1250700
DE,2024-03-14,367.5023193359375,369.64800898158296,364.3321141338711,367.7632708280679,1436300
DE,2024-03-15,370.55657958984375,371.1268266400695,365.34698801011615,365.34698801011615,3448500
DE,2024-03-18,372.4122314453125,374.42262258694205,368.7200940474673,370.17955814101214,1145200
DE,2024-03-19,378.40472412109375,379.19725327632096,372.6055662755875,372.62488618316405,1490600
DE,2024-03-20,380.85968017578125,382.05819285597534,377.51550740629915,377.6894750628292,1763400
DE,2024-03-21,384.32952880859375,385.9822805085904,378.8783063650376,380.69538051288964,1411800
DE,2024-03-22,385.50872802734375,387.30648257319285,384.52288166094047,385.1317980475015,1514600
DE,2024-03-25,384.70648193359375,388.18598269300986,383.7496302857706,385.4506966045625,1106300
DE,2024-03-26,385.1800842285156,386.600879193927,382.9860799537289,384.98679664919405,1053200
DE,2024-03-27,396.9086608886719,397.1802890271141,385.39349294926285,386.1016800554946,1543800
DE,2024-03-28,398.4607849121094,400.963671553654,396.3653552605529,396.3653552605529,1426700
DE,2024-04-01,392.0581359863281,399.60554952824236,391.6118664990831,397.90786626722473,1319500
DE,2024-04-02,391.9223327636719,397.45194187496173,390.2149388700318,392.89243754774037,1164500
DE,2024-04-03,393.8916015625,396.43327108420414,391.2335242161751,392.1454249826981,1077300
DE,2024-04-04,394.9393005371094,401.54574061918896,393.2028344824007,398.39290042138055,1218600
DE,2024-04-05,400.2070007324219,400.79875038817187,393.8722182334677,396.43327924357186,994400
DE,2024-04-08,398.47052001953125,402.39943235534867,397.4033988896651,400.65325567392915,1269800
DE,2024-04-09,399.1787109375,401.5263478403265,397.2190804061891,401.118920426562,1114500
DE,2024-04-10,399.6540832519531,400.3816618658105,392.3103826708265,394.7259638004026,1407700
DE,2024-04-11,400.498046875,401.68157587027883,394.75504325596484,400.4010304776333,1472900
DE,2024-04-12,385.39349365234375,400.1584887590792,384.94725376807025,398.9555683731043,1886000
DE,2024-04-15,382.0272216796875,392.135725750427,380.83401183773117,390.2634307716408,1353300
DE,2024-04-16,381.26092529296875,383.8801906847303,375.0813619939603,380.53334663882646,1865400
DE,2024-04-17,385.01513671875,385.7330046832562,380.6593763310122,384.1614398932592,1442200
DE,2024-04-18,388.62396240234375,390.25373125037595,384.85995129718816,386.56734510288686,1562900
DE,2024-04-19,388.3523254394531,390.93280752617784,386.83896445705017,388.98288758124664,1125200
DE,2024-04-22,387.6635437011719,390.8455156920659,380.4556725369088,386.92628422509046,1005500
DE,2024-04-23,385.33526611328125,393.49384990741294,384.85992430059383,388.8858527436631,1278300
DE,2024-04-24,382.8227233886719,385.86886644799205,380.639987748607,385.66512313914154,986600
DE,2024-04-25,382.27947998046875,383.1040749488628,372.656057324517,374.237303217487,1316900
DE,2024-04-26,381.5712890625,384.11298838104574,379.4079744129855,380.882522978077,998300
DE,2024-04-29,388.9731750488281,390.5544504581571,383.5211913320531,383.5211913320531,847100
DE,2024-04-30,379.7087097167969,386.47034111475773,378.46697680149447,385.8882723345617,1016600
DE,2024-05-01,375.9155578613281,379.5340589213395,372.2970568013167,377.3319023834145,2017800
DE,2024-05-02,384.1226501464844,386.46060603478077,374.17907693462325,377.00208517471776,1790100
DE,2024-05-03,388.9731750488281,389.34181957434606,383.04584949927795,387.69265933551077,1627000
DE,2024-05-06,389.826904296875,394.83264855352496,387.2561325307826,392.89243897832336,1042800
DE,2024-05-07,393.4454345703125,394.4155394288204,390.7000212417947,391.5925307379323,942000
DE,2024-05-08,393.2998962402344,394.7938362982145,389.4582599633603,392.13575865234856,640300
DE,2024-05-09,396.7727966308594,398.2182430666678,393.2998350558502,393.2998350558502,995100
DE,2024-05-10,395.6960144042969,399.3824003673333,393.54238081814003,398.2279734230952,1426800
DE,2024-05-13,395.79302978515625,404.116545167597,395.37589184548494,396.77284506204495,1402800
DE,2024-05-14,400.4398193359375,404.9896127752412,397.74292943761907,397.74292943761907,1765800
DE,2024-05-15,401.64276123046875,404.07773364661404,399.93539698803716,402.2830339233485,1861200
DE,2024-05-16,382.63836669921875,397.74290307490736,382.3958405388072,394.72589184990517,3623800
DE,2024-05-17,385.1510009765625,385.7039678234768,379.8348455655603,382.67724555336616,1612100
DE,2024-05-20,379.7765808105469,384.9666170280492,379.25271600763597,383.918917027472,1158500
DE,2024-05-21,375.17828369140625,379.48555094489853,373.7037351994502,379.24302476893723,1370900
DE,2024-05-22,374.47015380859375,376.94390914365056,372.7627599302889,374.46044328716073,1318800
DE,2024-05-23,367.9024963378906,375.98348505428845,367.3980525526244,375.556636618584,1736600
DE,2024-05-24,363.7504577636719,369.95912205475213,362.5572479046361,368.523386015555,1511800
DE,2024-05-28,358.2305908203125,363.78930201296026,356.0090721317994,363.78930201296026,1448000
DE,2024-05-29,354.06884765625,356.85304359392757,351.8375889344289,354.0785285723278,1673500
DE,2024-05-30,357.3381042480469,357.56120940171996,354.03975389296846,354.41807936520684,1340300
DE,2024-05-31,363.55645751953125,363.8668685326578,355.3687712427248,358.55071356793536,2332100
DE,2024-06-03,357.11492919921875,364.2645959366508,353.65164839475386,364.1384775917172,1284200
DE,2024-06-04,358.32757568359375,358.54099990620006,353.1666114680205,356.90152056100766,1328700
DE,2024-06-05,359.899169921875,360.43274532449595,354.5442020890682,358.8902822466535,1394800
DE,2024-06-06,360.1707763671875,362.7124756558438,358.30819184426434,360.3939111154037,1305400
DE,2024-06-07,357.56121826171875,361.858805075035,355.69863360327975,357.96867530870503,1080000
DE,2024-06-10,357.2895202636719,361.5385832427679,356.076889486772,356.82388899269824,1033700
DE,2024-06-11,354.2143249511719,356.45526438346735,352.9046777180166,355.71797535630685,948400
DE,2024-06-12,359.0260314941406,361.79083570718154,356.5910593141816,358.1529432177185,1055500
DE,2024-06-13,366.6510925292969,366.9615035412022,357.1731504219603,357.1731504219603,1583900
DE,2024-06-14,366.6995849609375,367.7278935979638,361.80056795633584,363.798981315481,1485200
DE,2024-06-17,367.8831481933594,369.8718512169543,363.46918313842934,364.71091611426294,1227900
DE,2024-06-18,371.31732177734375,371.79266365445517,368.067464784559,368.8435367804857,1211900
DE,2024-06-20,370.1240234375,373.0052354128048,368.6494750373191,370.33744764327236,1352600
DE,2024-06-21,363.828125,368.63983668409077,362.82891820582944,366.6608145345272,2450600
DE,2024-06-24,366.86456298828125,371.4822419280783,364.76913296629124,365.4967116014857,1323100
DE,2024-06-25,358.42462158203125,364.72059225932963,356.1642904247077,364.293743778979,1644700
DE,2024-06-26,365.0018615722656,365.1182693892836,356.37761733018084,359.65657566732347,2442500
DE,2024-06-27,365.5257568359375,366.83540409709053,363.4885310525045,363.78926113996056,1709400
DE,2024-06-28,363.8799133300781,371.43742114276523,359.8576833186475,368.32091510916945,6689500
DE,2024-07-01,351.5697021484375,365.51601879414386,351.15093043442886,365.28229127399027,1458100
DE,2024-07-02,355.4264221191406,355.9230931519545,349.8751551592391,350.1478472019695,1290000
DE,2024-07-03,353.32275390625,358.0266986589947,351.6865720728944,355.9035943905178,668900
DE,2024-07-05,350.634765625,353.68309085403973,347.4890440212522,353.68309085403973,1273500
DE,2024-07-08,345.7360534667969,352.2027927893673,345.4925773728062,350.7029717284478,1671600
DE,2024-07-09,339.73675537109375,346.04766561755457,336.9124389872773,345.5022816146603,2112700
DE,2024-07-10,342.3565979003906,343.3499696462703,338.72392394412856,340.184780481647,1475800
DE,2024-07-11,352.163818359375,353.3032698032389,343.30128284384665,343.6908386390035,1764900
DE,2024-07-12,355.7964172363281,358.5428342823287,353.98496964505,354.98808980737243,1034900
DE,2024-07-15,361.9710693359375,362.4677403803734,353.65391725623533,355.5335456562243,1158600
DE,2024-07-16,367.6585998535156,370.6971763327119,356.38077208896186,362.29237797011024,1732900
DE,2024-07-17,375.0797119140625,377.4170759414713,367.8241140719266,368.1649864703645,1528000
DE,2024-07-18,370.7069396972656,380.15379338798397,370.59979477135727,372.810546789066,1736000
DE,2024-07-19,368.1942138671875,374.11556795688364,367.3371734288475,373.2390304132741,1152100
DE,2024-07-22,369.3531494140625,370.7166092817671,362.5650362900373,369.23628567128725,1071200
DE,2024-07-23,361.8249206542969,368.4182718928824,361.0847735848121,366.51914658886534,1335900
DE,2024-07-24,359.7505187988281,365.8763553640741,358.3285971407111,360.7438904718193,1256300
DE,2024-07-25,371.7294921875,376.1802414632445,358.56231825502493,358.56231825502493,1241600
DE,2024-07-26,376.462646484375,379.81287921985785,374.0473831549781,375.21605033079044,1380800
DE,2024-07-29,366.9378967285156,376.4529603544121,361.3184798573206,375.1187162758295,1491000
DE,2024-07-30,362.068359375,365.214080689638,354.6764299483855,356.41972681547946,2266900
DE,2024-07-31,362.2729187011719,366.9476472783284,361.30873326971874,363.4805504773441,1659500
DE,2024-08-01,348.5700988769531,361.5230144496457,346.72940544524147,356.8093211055073,2991300
DE,2024-08-02,344.5186462402344,350.98538506057366,341.9280572348238,346.86575917056354,2820600
DE,2024-08-05,335.8411560058594,342.23971440443495,331.32225549865205,336.74687987382197,2509200
DE,2024-08-06,337.029296875,340.42821314122597,333.7569929145988,338.42197279667556,1570900
DE,2024-08-07,336.9514465332031,344.80111342199217,336.8345530423334,340.8665314230578,1384500
DE,2024-08-08,340.0289306640625,341.69429854376654,337.36041291417894,337.827897635323,1557700
DE,2024-08-09,337.0000915527344,339.80494059069065,334.41925119530913,339.53224858540045,1335200
DE,2024-08-12,336.0066833496094,339.07447550569276,334.92563427828316,337.70126707519523,1581300
DE,2024-08-13,341.44110107421875,343.23308139922614,336.97088395477317,338.7433968936349,1696600
DE,2024-08-14,342.11309814453125,346.515134840102,339.2595657050652,340.8665018409324,2040500
DE,2024-08-15,363.51953125,368.59356436904676,348.560345634995,349.826439067193,3184500
DE,2024-08-16,368.0578918457031,368.6519591471846,361.47428988023574,362.4287267049543,2103100
DE,2024-08-19,363.17864990234375,371.06728054240847,362.1073492463251,369.09997486830144,1676500
DE,2024-08-20,362.8670349121094,366.772401046259,362.05870734171003,365.15571618425696,932300
DE,2024-08-21,367.2106018066406,367.9702459663729,362.4092607749841,364.08437734788095,1249100
DE,2024-08-22,366.7626037597656,368.24292754361977,363.8019264708578,367.2398073390529,1072700
DE,2024-08-23,371.23284912109375,372.8592824459289,366.76263176784494,368.9149520369199,1197500
DE,2024-08-26,373.09295654296875,375.2452765037921,370.7458438535977,371.5249850465908,1108500
DE,2024-08-27,366.1685485839844,372.06065769715406,365.1556797923431,371.5444896081716,1107200
DE,2024-08-28,368.0871887207031,369.4701163580875,364.68824207254255,365.20441022810786,1096600
DE,2024-08-29,371.8561096191406,374.4661657479636,367.1132009097921,369.87908527751165,1075000
DE,2024-08-30,375.6737976074219,375.81990701477275,368.57405736959254,372.2261981294133,1413200
DE,2024-09-03,375.6251220703125,378.24492680734653,370.04464017402404,374.81676492151564,1929700
DE,2024-09-04,381.72174072265625,388.1787002246936,376.0243955420861,376.45291574268526,2370300
DE,2024-09-05,373.6773376464844,384.6921927367703,372.8397645060081,381.7704798805417,1397300
DE,2024-09-06,371.6029357910156,378.84878642318085,371.3692082613334,374.79734082187974,1670300
DE,2024-09-09,377.12493896484375,381.7704513595623,373.47279816739893,374.11557851429296,1215300
DE,2024-09-10,377.1931457519531,379.29678273058965,371.71980801847576,378.38131025689034,1041600
DE,2024-09-11,378.4494323730469,378.71237580940397,368.7785707270094,376.57955293877865,1160000
DE,2024-09-12,376.9009704589844,378.9072109731371,373.1027495691418,376.55037917124554,1068500
DE,2024-09-13,384.3805236816406,384.8869729150852,376.3360947572388,379.8129103545146,1126000
DE,2024-09-16,384.361083984375,389.1721737214794,382.8612630038377,385.66611221167847,940200
DE,2024-09-17,387.49700927734375,389.6785451825884,385.13042919572234,386.1530167210064,983200
DE,2024-09-18,390.6037902832031,395.3953826180597,386.53287759289987,387.61389705972994,1163500
DE,2024-09-19,399.03778076171875,401.6868013891454,392.8145186232945,395.9115268632513,1751000
DE,2024-09-20,395.29803466796875,399.21311929469385,391.97701740419114,396.0089657927288,2709400
DE,2024-09-23,398.2781677246094,399.55397995541153,393.52551007649134,394.45070131100283,1184500
DE,2024-09-24,400.16754150390625,404.90070201048064,396.7393794370542,400.9953363600406,1253600
DE,2024-09-25,396.3109130859375,403.069812046142,395.47336956235205,402.0666916960876,923600
DE,2024-09-26,400.7323913574219,402.36854339871655,397.7132821747379,399.2617863982346,1062100
DE,2024-09-27,407.09197998046875,408.6794486769328,401.8036869908438,403.29375931723536,1410800
DE,2024-09-30,407.87384033203125,408.4700340473534,403.19239687965563,406.57398949870014,1176700
DE,2024-10-01,407.0040588378906,410.942743523967,401.8045953826262,405.77259911793516,1089200
DE,2024-10-02,407.0528564453125,408.11815485165266,404.7561283191592,406.69124494718926,863800
DE,2024-10-03,399.4784851074219,404.4531488908626,398.4816076896429,403.3389952858261,1103800
DE,2024-10-04,398.7454528808594,402.8014429886102,395.89163309168816,402.66460089508456,877900
DE,2024-10-07,396.83966064453125,399.8205396102989,395.22705350196696,398.6281820587741,942000
DE,2024-10-08,391.2101745605469,396.7126108543878,389.7441626098364,394.39631674443956,981500
DE,2024-10-09,396.2923583984375,397.1621766400261,392.40252931318366,392.40252931318366,760300
DE,2024-10-10,396.5660400390625,397.3381182391851,392.7543848716797,395.5984518102833,578100
DE,2024-10-11,401.7654724121094,403.02625111551407,395.30526035082295,395.87210521510826,653400
DE,2024-10-14,398.48162841796875,399.5176078940869,390.4087790794521,398.7846018595075,996200
DE,2024-10-15,392.88140869140625,399.7716825599992,392.3829849240402,395.84275155481765,834600
DE,2024-10-16,400.09423828125,401.14978368038965,393.9858546207866,394.0933776827786,867600
DE,2024-10-17,395.9601135253906,399.976972407633,387.5451884680405,398.87257184115,1398500
DE,2024-10-18,399.46875,400.2994663059194,395.04139477472444,397.76815572976415,749900
DE,2024-10-21,397.7388610839844,401.42345737381225,396.7224474688054,398.7553045252569,838600
DE,2024-10-22,397.4358825683594,398.6575593436378,392.7055536736125,397.82681317122984,610200
DE,2024-10-23,399.3807678222656,402.40074889547617,397.05469072887047,398.02224908284467,1112700
DE,2024-10-24,401.7557067871094,402.43007468939555,397.9440815738116,399.72282012262366,718300
DE,2024-10-25,398.6868591308594,405.35233445300196,398.1884353123702,403.64198705024666,591000
DE,2024-10-28,403.0066833496094,403.9644587166824,398.99957813066055,399.73258409170893,828300
DE,2024-10-29,396.83966064453125,401.687265029347,396.0284506816433,400.90540393782754,758600
DE,2024-10-30,395.520263671875,398.89210317758096,392.236381306393,393.5362619728033,785100
DE,2024-10-31,395.520263671875,398.08089317425333,392.8912131184034,395.1000140598856,746300
DE,2024-11-01,391.3470458984375,397.856113198955,389.2848400907949,396.60511743392476,1522500
DE,2024-11-04,392.5784606933594,397.6410816556697,390.4576466968115,391.34703089171853,801900
DE,2024-11-05,391.29815673828125,394.855693616181,387.7992877821665,389.2848359165569,902200
DE,2024-11-06,396.5171203613281,406.0852997956644,392.9986858058231,403.27055215126035,1664000
DE,2024-11-07,401.8436584472656,402.6353025259201,397.1035471067425,398.3740788851512,1073500
DE,2024-11-08,385.13116455078125,397.27951146302905,384.79887204109724,392.9889980611303,1623200
DE,2024-11-11,393.5264587402344,393.7512579710629,384.2612825342393,388.1804007685026,1143200
DE,2024-11-12,384.8281555175781,393.07691887526755,384.21242569657545,393.07691887526755,1144900
DE,2024-11-13,380.6255798339844,383.24484735021645,378.26040077308926,382.18930204743737,1474700
DE,2024-11-14,385.697998046875,386.55803336616674,379.00320394930105,381.5736164277669,1225000
DE,2024-11-15,389.91033935546875,390.5162862138332,381.16312243580063,383.77263693595637,1168100
DE,2024-11-18,395.3638916015625,397.7583898181748,387.16401325765344,387.23240448371524,1457300
DE,2024-11-19,391.02447509765625,393.4971473807112,388.73750004671956,390.4576302700932,1076500
DE,2024-11-20,395.7841491699219,399.6739785238065,391.56205715854423,395.0022880116164,1487000
DE,2024-11-21,427.62591552734375,432.03370445473587,401.64816738820434,403.39761664512963,4148700
DE,2024-11-22,436.52947998046875,437.3602260398404,422.41666940663794,426.0523801882138,2202200
DE,2024-11-25,452.2060852050781,458.754284377269,436.57840609336046,437.8489379560999,3266900
DE,2024-11-26,450.59344482421875,452.84131790134774,444.09413109365136,446.2931490358344,1747300
DE,2024-11-27,455.4410705566406,456.4770500048667,450.65210389154225,451.4437480014869,1258700
DE,2024-11-29,455.34332275390625,458.46104400372826,453.6525413302967,455.4410628527838,732200
DE,2024-12-02,452.460205078125,453.77959208397436,448.45309944359997,453.1932111151933,1318600
DE,2024-12-03,448.8440246582031,454.9915102334611,448.5508341773225,453.4961791287866,1166100
DE,2024-12-04,445.9217834472656,451.7565126247927,443.0288315145113,448.5996892592789,1056400
DE,2024-12-05,437.9661865234375,447.9839350300429,437.780489286984,447.6027874256999,1159700
DE,2024-12-06,433.9395446777344,438.78714925796424,432.93288431443096,436.3828979698387,1129900
DE,2024-12-09,439.2269592285156,442.97994625861395,434.0568153764757,434.9168804965983,1209100
DE,2024-12-10,433.90045166015625,438.52328692195243,431.0075296536953,436.9986368221899,1215300
DE,2024-12-11,437.87823486328125,439.56904610148274,435.97240733944767,437.8098138119232,1677400
DE,2024-12-12,429.52197265625,437.487298423167,428.5250654243895,437.487298423167,867000
DE,2024-12-13,430.46026611328125,432.1021925738129,427.1177452658263,430.03023349370005,900700
DE,2024-12-16,428.4859924316406,431.398450461547,426.1208133259391,430.3526880962699,956800
DE,2024-12-17,433.53887939453125,434.85829628428485,425.14352012791807,426.67795332434326,1357100
DE,2024-12-18,416.347412109375,435.2198710562268,414.8911830526842,433.1576951390631,1423600
DE,2024-12-19,416.9631042480469,421.2927188479324,412.4086904221977,418.3704780408453,1757200
DE,2024-12-20,422.6903381347656,426.60948637409757,416.0932842217641,416.3571854669819,2446400
DE,2024-12-23,422.5828552246094,422.8271905606867,417.3247540200511,422.8271905606867,1093900
DE,2024-12-24,423.0324401855469,423.76544622201186,418.9960155059049,420.85295816639785,383200
DE,2024-12-26,424.009765625,425.58330070034873,420.68681101651805,422.0062277977642,444900
DE,2024-12-27,420.3153991699219,425.3096287471795,417.41269430152755,422.53395319449805,735300
DE,2024-12-30,415.01824951171875,418.20436206422767,412.1741825744067,417.5593131873649,792500
DE,2024-12-31,415.6853942871094,419.70781562037854,413.4877452838992,417.4513338997488,772700
DE,2025-01-02,410.269775390625,420.7281363469504,409.9754621126183,418.0203344280365,1005300
DE,2025-01-03,414.23333740234375,414.9397191647504,408.79812300661234,411.8885319895247,875100
DE,2025-01-06,410.09320068359375,420.9832414266515,409.97547536858457,415.979705956564,1077900
DE,2025-01-07,405.45263671875,412.15345824348856,404.5500560654844,409.9460189014873,1223400
DE,2025-01-08,402.2445068359375,404.17724383468857,400.4883578008541,403.3040645582556,878000
DE,2025-01-10,400.841552734375,403.608217184282,395.38672733203583,398.212254434893,1699200
DE,2025-01-13,421.77789306640625,424.0932373030385,398.3986408641468,400.2921560397188,1988700
DE,2025-01-14,424.1324462890625,425.2410760639288,419.27606823075877,422.55291532863123,1224700
DE,2025-01-15,420.7674255371094,429.7149092684121,418.38339795218644,429.6952983615711,1432100
DE,2025-01-16,430.80389404296875,431.54952765974883,420.4044248632228,423.7204944448199,1181300
DE,2025-01-17,446.8249816894531,448.57131033362816,435.24820033237995,439.33930459965524,2315500
DE,2025-01-21,454.3890686035156,456.7829160640614,444.9706558010759,449.7976024671805,1733700
DE,2025-01-22,451.053466796875,455.5370288346694,449.89579461154375,454.08501342133445,1132200
DE,2025-01-23,465.7402648925781,466.9175778386093,451.93640383475093,452.43676632786094,1934700
DE,2025-01-24,469.71368408203125,470.4102754394858,463.424930600821,465.4852134633897,1400800
DE,2025-01-27,474.99188232421875,475.2273628781883,465.14178913528167,470.92038911472673,1418500
DE,2025-01-28,470.91058349609375,476.64993190691604,467.31002134104034,473.2848203729218,1642400
DE,2025-01-29,469.1152038574219,473.7066705240939,468.30088724096487,471.9014792690001,977000
DE,2025-01-30,470.91058349609375,474.4326720908985,465.4459673969246,466.7507961757117,1122300
DE,2025-01-31,467.5454406738281,470.51812432701985,465.09273040088743,469.93928829544313,1400700
DE,2025-02-03,458.2153625488281,460.78582829660485,450.4550128926806,455.3702243636281,1397700
DE,2025-02-04,463.3366394042969,465.65201376046156,456.2041678171527,459.8047601218352,1045500
DE,2025-02-05,458.83343505859375,465.0240737439395,455.9196138912039,463.57208834167545,1084600
DE,2025-02-06,456.18450927734375,462.443800873197,454.6932422388223,462.43401039131464,809300
DE,2025-02-07,456.79278564453125,460.58957650973105,454.24196086972734,459.55945012967186,898000
DE,2025-02-10,461.0899353027344,462.9539891823175,455.2230413618432,458.7451298347148,1348800
DE,2025-02-11,465.3282165527344,467.6828425468767,460.0107570413709,460.6386353502458,1489000
DE,2025-02-12,467.5454406738281,468.74236448463563,455.19359533213594,459.9420388277119,2038900
DE,2025-02-13,457.4010925292969,465.4067434673076,442.68482902714067,445.9027841153329,3058400
DE,2025-02-14,471.1362609863281,472.03887163415243,458.2644409289421,461.0114647435132,1919300
DE,2025-02-18,492.07257080078125,492.6023646325213,470.9203986244577,471.90148278825865,2367600
DE,2025-02-19,499.63671875,505.30738398998403,486.61774274185046,486.7747198000886,2095200
DE,2025-02-20,486.4117126464844,499.6269171689426,483.7823844047957,498.52810772599776,1514500
DE,2025-02-21,480.71160888671875,489.33531676226556,478.0430588772072,487.863690579233,1104300
DE,2025-02-24,475.3843078613281,483.03678211430304,473.0297119143789,480.711617493929,1245800
DE,2025-02-25,478.3668518066406,481.46708153837034,473.7165221792032,477.4740615725397,1214700
DE,2025-02-26,469.4683837890625,481.4474429989968,468.38921515996947,480.7312407801383,1557700
DE,2025-02-27,471.4599609375,478.2392557858428,470.0962695824166,473.1964989881913,1328600
DE,2025-02-28,471.69549560546875,476.0318711380711,463.62116160925433,470.8517475982034,1995800
DE,2025-03-03,457.0184326171875,475.5020850057104,454.7815618735268,474.9134285067864,1487700
DE,2025-03-04,449.7093505859375,454.5264772815626,439.18230703901133,445.21596848112097,2325900
DE,2025-03-05,458.6568298339844,459.9714789726498,449.974229313236,451.6813360553454,1291500
DE,2025-03-06,473.7066650390625,475.71790550075485,456.4984407502919,459.1473799182528,1695800
DE,2025-03-07,490.16925048828125,490.8069491876437,469.2230982286507,469.2230982286507,2615900
DE,2025-03-10,479.5342712402344,495.4278451736665,471.4599385537817,488.207050838916,2174100
DE,2025-03-11,466.5055236816406,479.2988696649463,463.76829045908534,474.79569690931123,1492200
DE,2025-03-12,462.45361328125,467.60430487145817,454.4479633310605,466.0051329777628,1679800
DE,2025-03-13,458.2546081542969,470.92040856927906,456.6946878937487,464.58261312057186,1314500
DE,2025-03-14,468.46771240234375,472.2154612872379,461.55108066656044,462.94420348451087,1018000
DE,2025-03-17,473.2259521484375,476.88537691568933,466.51534006440767,468.3008904869482,893000
DE,2025-03-18,472.0682678222656,476.8461427835424,469.880439416166,473.0101002113926,931700
DE,2025-03-19,470.341552734375,473.6870532558803,468.153724316294,469.7038540292896,841700
DE,2025-03-20,467.99676513671875,471.4502006148615,459.23569058803685,466.99607005083686,1153400
DE,2025-03-21,463.4935607910156,466.70172500559244,459.4416786097487,464.64144237813167,1685000
DE,2025-03-24,470.88116455078125,474.0893290486401,465.19088816325643,467.6239877593302,903800
DE,2025-03-25,469.8706359863281,473.0395486449602,468.12430735526806,472.5980487907998,808200
DE,2025-03-26,474.4719543457031,475.71795048964543,468.1537694583626,472.36262922226797,811200
DE,2025-03-27,470.64569091796875,481.3002504446491,469.75290074619875,472.7942676075479,1193200
DE,2025-03-28,456.5082702636719,470.47889918755936,453.99669719736204,468.5559826081093,1183600
DE,2025-03-31,462.0805969238281,465.57560162632194,451.28050179993534,453.6236445774579,1496300
DE,2025-04-01,471.0397033691406,472.1226423606629,458.7923736368638,462.090464275455,1253600
DE,2025-04-02,463.60662841796875,467.1410223865705,457.5814206477656,466.10729695253434,1394700
DE,2025-04-03,440.51983642578125,456.5082991510723,439.68299534975876,449.47887016638373,2287700
DE,2025-04-04,423.20220947265625,431.9939222974285,413.53432685236146,419.85487550760035,3609600
DE,2025-04-07,416.7930603027344,434.2090757698836,405.9141873095734,410.66939594348617,3007400
DE,2025-04-08,406.5935363769531,428.8435100350418,399.790555937257,426.74649500251905,1816400
DE,2025-04-09,445.5802307128906,448.6125441457921,398.1563100071415,401.4051872117604,2914700
DE,2025-04-10,437.3102722167969,442.2722197992293,421.8928147622103,437.4776223874537,1956600
DE,2025-04-11,452.0188903808594,456.2030653720124,434.66194319860745,437.36935054582415,1245100
DE,2025-04-14,460.4266357421875,465.45747649861613,454.32265070983306,457.1383399691046,1283600
DE,2025-04-15,454.115966796875,459.89504681963484,453.5153989169129,457.4829806562892,1143600
DE,2025-04-16,445.412841796875,454.4407981781501,441.7307472341577,450.93593857357723,1015600
DE,2025-04-17,445.0682678222656,451.7629362125502,444.53662302432787,448.2580765200591,1044800
DE,2025-04-21,434.72100830078125,444.86146736320103,429.19791177467386,443.4437980767791,969300
DE,2025-04-22,447.6181335449219,451.15252726166926,439.33838579491527,439.33838579491527,751600
DE,2025-04-23,449.37054443359375,464.65015593866207,447.33259790548436,455.779725524207,1025500
DE,2025-04-24,457.3155822753906,459.28460586007566,449.89235494855177,451.4183362087164,828400
DE,2025-04-25,452.1862487792969,458.74310084301413,450.25661410203503,456.9611369238487,983400
DE,2025-04-28,453.0723571777344,457.9752068731416,450.00065502366687,452.1862724928575,755100
DE,2025-04-29,453.5055236816406,455.7304998882287,445.4029808638853,450.3353945278263,799600
DE,2025-04-30,456.3802490234375,458.0834651096226,444.9992959811412,453.3184320058336,1325900
DE,2025-05-01,472.5853271484375,477.950928291663,457.0595874131676,457.7979712377446,1855300
DE,2025-05-02,474.2098083496094,484.68499819925677,473.2351212444171,479.58523432449533,1108800
DE,2025-05-05,473.8849182128906,477.68514948052893,469.8582684542619,473.1268549238541,805200
DE,2025-05-06,467.9384460449219,474.3082385862238,467.65295925555233,470.6458534921614,887700
DE,2025-05-07,465.0833740234375,470.01578781639324,461.99202255682394,467.73171320155916,1011200
DE,2025-05-08,482.40093994140625,486.5359016280075,469.12973975748747,470.5080503047157,1568800
DE,2025-05-09,484.9704895019531,486.27987689738717,481.5443778279775,483.1196026221587,653500
DE,2025-05-12,487.9437255859375,506.03905698330516,486.30943241908403,499.8760036010033,1597200
DE,2025-05-13,490.8480529785156,493.8901908205099,485.3347809160208,488.3375298736279,1500100
DE,2025-05-14,489.79461669921875,493.2600873921572,488.3769173146267,491.04493585934665,1601200
DE,2025-05-15,508.32318115234375,523.3074231245898,500.32894949298765,509.33719714214845,3211700
DE,2025-05-16,523.248291015625,525.5127161356595,507.81115382843706,507.81115382843706,2322000
DE,2025-05-19,521.6239624023438,524.2230281779708,513.4721749397036,517.8631196931866,1273000
DE,2025-05-20,518.1781005859375,521.545114039245,515.6971116783266,519.5170221815437,1250500
DE,2025-05-21,506.68878173828125,514.9094907574065,506.1276629298826,511.52276799448566,1060100
DE,2025-05-22,507.6635437011719,511.11912971174945,503.4301248508719,504.8773584271627,949200
DE,2025-05-23,502.1601257324219,508.7662220614509,500.81134926770676,503.0363557247802,850800
DE,2025-05-27,501.73675537109375,506.9645106456088,497.96605833743706,504.84778623153426,1103500
DE,2025-05-28,500.12213134765625,503.79437111673496,498.01529175406154,502.4652741998625,739800
DE,2025-05-29,495.6524963378906,502.59329277052564,494.3036898835187,502.59329277052564,994200
DE,2025-05-30,498.41900634765625,505.891418051919,495.317769812788,497.3557166657246,1686500
DE,2025-06-02,499.97442626953125,501.3921255442252,493.2600491553436,498.3204537973594,993700
DE,2025-06-03,505.2022399902344,506.6986570230418,498.1826362016541,498.7536698547388,1107700
DE,2025-06-04,499.9153747558594,508.7267368833498,499.59049909841883,506.4722266102506,992700
DE,2025-06-05,502.8393859863281,506.9251338633628,499.1966804232826,502.1994593454998,1126000
DE,2025-06-06,511.936279296875,517.8532048064702,509.9968199014603,511.58186947179894,1473800
DE,2025-06-09,513.60009765625,517.4593670047649,509.58327277279074,511.9461250783151,1101000
DE,2025-06-10,507.83087158203125,512.5466613574283,501.07710517431894,511.8772005604291,1294000
DE,2025-06-11,512.773193359375,513.5312266449115,504.69032920262725,510.1839223111175,1037000
DE,2025-06-12,508.85479736328125,512.054460982638,507.02361968268707,510.4694112727636,797000
DE,2025-06-13,501.69732666015625,508.40187915304045,499.8661492720365,505.05451524995595,824500
DE,2025-06-16,516.3173828125,518.2864064583276,504.9068643454027,507.29928095413624,1278800
DE,2025-06-17,515.0177612304688,516.8587933220639,511.84766236552355,514.7913427657801,862500
DE,2025-06-18,516.8489990234375,523.1498987438043,513.265421646189,513.9151730116197,959700
DE,2025-06-20,513.3047485351562,521.7912351371822,510.9025374264032,520.265253920313,1389700
DE,2025-06-23,506.1178283691406,514.8208787797776,497.8282260325084,510.42999473593386,1261400
DE,2025-06-24,506.13751220703125,510.567815480895,500.0138774138332,510.567815480895,1215600
DE,2025-06-25,498.8914794921875,506.0390444819274,495.14049209135237,505.16281459424215,1189200
DE,2025-06-26,500.6537780761719,501.53983267590445,495.55401422789924,501.3134141935341,1199400
DE,2025-06-27,505.3893127441406,506.40332864920634,499.2360839627075,500.67346277498154,1835500
DE,2025-06-30,502.19921875,506.0312222472498,498.2190770020897,505.6658045156102,1408600
DE,2025-07-01,502.07086181640625,508.45096428832176,488.8070169206392,498.43639579341703,1375200
DE,2025-07-02,513.873046875,514.1397258930667,501.11290193300846,502.58445893776513,1096800
DE,2025-07-03,514.5248413085938,517.102597759934,513.0039149698484,513.5668705038163,470300
DE,2025-07-07,503.97698974609375,513.0335569644463,500.6881697405287,512.5792261229363,1017000
DE,2025-07-08,502.6140441894531,508.3620193890459,501.06346014717803,501.0930877977934,1285000
DE,2025-07-09,503.02886962890625,505.7349925314484,493.3303795280772,504.65848095701955,1152400
DE,2025-07-10,512.7767944335938,522.4357710456874,504.184413335429,505.3794355331164,1268800
DE,2025-07-11,506.0707092285156,509.4978115779504,503.35476090731953,507.83860287888103,1046900
DE,2025-07-14,501.3301086425781,506.4361915952121,495.91792353385745,506.15962666962616,1087100
DE,2025-07-15,497.2413635253906,505.29053044295443,496.8858015629535,501.3696437657073,1173100
DE,2025-07-16,501.4486999511719,502.3770732834443,492.9353157616062,496.777205636228,1150600
DE,2025-07-17,492.9649353027344,506.5941974133485,485.97250819969923,499.542515007748,1778500
DE,2025-07-18,493.63653564453125,496.97472514547866,490.75264686180935,496.15497652647144,1064500
DE,2025-07-21,490.100830078125,499.9870024781081,489.89343650149186,498.52530123032756,1111000
DE,2025-07-22,499.4339294433594,501.9030010437082,490.04157143082153,490.95020304136494,975800
DE,2025-07-23,508.79656982421875,509.4187806167358,499.64126425726573,503.5621507030973,995100
DE,2025-07-24,508.29290771484375,511.0977994563452,505.08314491143096,506.3867917543439,850000
DE,2025-07-25,510.97930908203125,512.5792626517178,502.4758108438353,508.3028137746823,858400
DE,2025-07-28,504.2337646484375,510.12005274659435,502.75232176320264,510.03113965025153,824700
DE,2025-07-29,506.15966796875,508.4312017397183,499.70056835194913,505.34980526639197,1139100
DE,2025-07-30,501.5869445800781,506.3769192957079,498.49566216374166,504.12515737803216,1121000
DE,2025-07-31,517.8828125,520.0457215800359,505.6658513436534,505.6658513436534,1549300
DE,2025-08-01,494.7821960449219,513.7347615012135,493.8143091485786,512.5792528962246,1623100
DE,2025-08-04,504.24365234375,505.8337199122509,487.1873173824687,495.29573969682065,1087400
DE,2025-08-05,502.28814697265625,505.7744747725742,497.7648211846171,504.6979632007051,1027900
DE,2025-08-06,503.33502197265625,507.6707257165152,501.1029718346309,503.53252959600184,966700
DE,2025-08-07,500.3721618652344,507.6904631728507,495.4241329987595,506.860888916474,958500
DE,2025-08-08,504.05596923828125,509.89288762136476,501.05357006069755,502.4659017683961,883700
DE,2025-08-11,500.70794677734375,508.9151077003146,496.1549633649255,506.1299878797923,1098000
DE,2025-08-12,499.5919189453125,507.12749962859306,495.56237749498075,502.89059475747734,1285800
DE,2025-08-13,507.1867370605469,508.16453994717915,494.35745201300534,500.7869234320422,1853600
DE,2025-08-14,472.91607666015625,479.3554043015282,464.67925772765386,478.9998724716517,5100700
DE,2025-08-15,482.7528381347656,486.2984512623004,468.11620547689535,470.2593426183504,2674700
DE,2025-08-18,485.05401611328125,486.1601552703639,474.06170549471744,480.33315283499763,1391600
DE,2025-08-19,483.3849182128906,493.02418247159505,481.02447151952725,485.261406423245,1493700
DE,2025-08-20,486.6243591308594,490.15020042395975,481.38005373928735,483.33556919412354,1438800
DE,2025-08-21,480.73809814453125,487.15768392653507,478.6245585121637,485.1231714591334,844800
DE,2025-08-22,489.8538818359375,492.92542234293444,483.246644331273,484.2935281979583,1133400
DE,2025-08-25,481.8639831542969,490.2193125885911,481.6269619374477,490.1106879108794,729600
DE,2025-08-26,481.7257080078125,484.3132899692993,474.0715867959188,481.97261514368006,1502800
DE,2025-08-27,486.97991943359375,487.5527609266054,479.45419397463013,480.08629077519,912400
DE,2025-08-28,485.3602294921875,488.87618509907094,483.5528521718866,488.87618509907094,1120400
DE,2025-08-29,472.71856689453125,481.7553625435887,468.74828063859354,478.8221044001863,1535100
DE,2025-09-02,470.881591796875,475.9283899275199,465.02496107061785,467.0693596325435,1600700
DE,2025-09-03,463.7113952636719,471.9284729072077,460.9855606709868,469.33100472204865,1515400
DE,2025-09-04,469.02484130859375,469.02484130859375,461.18306739212125,464.2644639672524,1486800
DE,2025-09-05,467.4051208496094,472.47166038967646,464.4224631881874,469.45937507585774,1262400
DE,2025-09-08,475.5530700683594,475.7802053630609,465.22245292397145,468.0075728871063,1271500
DE,2025-09-09,469.7161560058594,477.39990510897906,463.9878921904028,473.98271868081343,1204300
DE,2025-09-10,465.5187683105469,473.5580498160039,465.39037176416406,467.8001880715573,1347400
DE,2025-09-11,470.5655212402344,472.69880266442533,465.2619604026082,465.6668917513699,1368700
DE,2025-09-12,464.68914794921875,468.5013799249158,463.49409562768886,468.0964485771288,1764500
DE,2025-09-15,463.3064270019531,467.1976860041227,457.10412074784057,466.41748112959976,1787700
DE,2025-09-16,462.9015197753906,469.61738195127845,461.1040285561861,466.14094025811784,1659200
DE,2025-09-17,463.3163146972656,469.37048271598644,458.5855653591411,465.74587256522403,1522500
DE,2025-09-18,470.2297058105469,472.2148488636832,460.23490959202644,461.4694452937218,1785000
DE,2025-09-19,463.8199768066406,471.819773676527,463.05948357279334,470.11116552285046,2754900
DE,2025-09-22,463.2274475097656,466.3582434770233,459.00039824844214,462.1509359375631,1678800
DE,2025-09-23,465.8347473144531,469.0247680761213,462.43730286720483,465.5186989612138,997200
DE,2025-09-24,463.1385803222656,471.31614431712404,462.5064835207141,465.4200000865535,976900
DE,2025-09-25,460.92626953125,464.91626728660833,458.26954624452054,463.5138515838933,1343700
DE,2025-09-26,458.2497863769531,465.1928142582567,457.58809209061684,461.2818134251838,1106200
DE,2025-09-29,459.731201171875,463.43480821082875,457.51892287875,460.0669912599364,1055900
DE,2025-09-30,453.1802062988281,459.51317717934177,449.6321311366019,458.8689827127127,1954800
DE,2025-10-01,447.6995544433594,452.7540266766982,443.447822507449,450.9403677363684,2141700
DE,2025-10-02,457.69952392578125,458.21487345639866,449.30509435390485,450.464638359117,1511900
DE,2025-10-03,458.75006103515625,460.6132919927237,455.40021349382226,456.8868300775888,989400
DE,2025-10-06,453.229736328125,461.3169339139169,452.0602719119334,460.563705190469,1150200
DE,2025-10-07,457.3923034667969,461.8224222325309,454.4091497517649,455.65791739904205,1237600
DE,2025-10-08,456.63909912109375,462.46664145970504,451.5251340126246,458.2545607841442,915300
DE,2025-10-09,452.14947509765625,458.4725557411299,450.9502795345017,457.768899034106,992700
DE,2025-10-10,442.3675231933594,456.510190628454,437.94732526243587,452.7936493731809,1581100
DE,2025-10-13,435.192138671875,445.98498994631643,433.55686642446375,445.36060612114477,1758500
DE,2025-10-14,443.9532775878906,445.81647829886924,429.13665354854805,432.18915962382874,1258400
DE,2025-10-15,444.4587097167969,448.32390680943087,442.3278986492813,445.4299767791683,1019900
DE,2025-10-16,453.08111572265625,453.65592751975413,441.5746871168942,446.33187854705085,1574500
DE,2025-10-17,454.40911865234375,461.5547802937679,450.5538119392768,458.3932400584391,1136300
DE,2025-10-20,458.31396484375,459.7510395781325,451.8224181366633,453.5270427111003,813800
DE,2025-10-21,455.71734619140625,462.61523837726463,454.65688581466907,456.99581462231953,953900
DE,2025-10-22,458.23468017578125,468.0067222241179,456.0245962168095,456.0245962168095,1293400
DE,2025-10-23,465.2317199707031,465.7966112887373,456.5994111909129,461.4061442164837,1161800
DE,2025-10-24,468.54193115234375,473.33874387778934,466.35162752773977,469.2257772258655,1187200
DE,2025-10-27,473.83428955078125,478.69056459178415,469.9294407036389,476.27233240486476,1273100
DE,2025-10-28,464.0126647949219,472.2485179560217,463.7054331315098,471.2078984825665,1064700
DE,2025-10-29,469.265380859375,473.62614703192605,464.84518268842567,467.63010866731423,1134800
DE,2025-10-30,461.25750732421875,475.5290211247656,461.0692001288019,467.9274715866802,1035000
DE,2025-10-31,457.51123046875,460.3952703752509,454.62719056224915,459.43392373975064,1116400
DE,2025-11-03,457.8184814453125,459.66187163594856,450.44486019218004,455.6975604351373,957500
DE,2025-11-04,464.1217041015625,465.4795060422949,451.93145972037996,453.20995850274466,1576900
DE,2025-11-05,469.463623046875,472.04043125268345,462.2386577617674,463.8243882149797,891600
DE,2025-11-06,471.1385192871094,476.98587163605356,465.3307882693387,470.9006703189041,1258600
DE,2025-11-07,463.61627197265625,467.0453925399172,453.56672900853954,459.7808058959785,1912500
DE,2025-11-10,470.1573791503906,472.2980804326902,459.54291487875366,464.7163418424439,922900
DE,2025-11-11,473.68560791015625,475.93534344405714,467.7986038394742,470.3258399248928,1179100
DE,2025-11-12,476.4903564453125,480.603323032946,473.5072027580375,474.72623927119366,1068200
DE,2025-11-13,469.18609619140625,478.4824098290121,468.6707466772433,477.02552440453223,1005300
DE,2025-11-14,471.98095703125,475.3704259217614,466.79760962838765,469.06718609292716,1180100
DE,2025-11-17,471.7331848144531,475.47945739228135,468.8887663474222,471.02949785550857,1318400
DE,2025-11-18,469.6221923828125,472.86300569902636,465.8065370409716,467.2634225262093,1117500
DE,2025-11-19,470.5339660644531,472.14942761417655,463.9829567440029,470.1276205630577,1202100
DE,2025-11-20,472.0800476074219,479.8897450547617,469.4834287622519,473.73516074473065,1543200
DE,2025-11-21,482.8927001953125,486.6588136908179,472.25845558188234,473.37837824839573,1835800
DE,2025-11-24,482.8827819824219,489.8995985481604,479.78070404930895,484.2603642102942,2182900
DE,2025-11-25,493.685546875,496.0542068856401,483.86396309264444,485.6875424583027,2188500
DE,2025-11-26,465.67767333984375,483.46753012545815,465.2217860672301,472.87290710921354,5473600
DE,2025-11-28,460.3456726074219,469.4437889077675,458.8788969639063,462.7440939567113,1682600
DE,2025-12-01,463.9333801269531,470.26638131829475,457.2931775052504,459.58256463429984,1824400
DE,2025-12-02,464.964111328125,469.5428856049021,462.26837869069755,467.51118835499966,1303600
DE,2025-12-03,477.5210876464844,478.1454714667702,464.3793870337419,466.7976191577068,1157700
DE,2025-12-04,478.7202453613281,479.1860530756807,470.97001072903174,476.6984384474051,1379800
DE,2025-12-05,470.8709411621094,481.10879138476076,469.4636276769073,477.09493854527744,1224900
DE,2025-12-08,462.1891174316406,484.62710209371346,460.7718834998235,474.74605565931864,1896600
DE,2025-12-09,458.730224609375,465.1326085360116,457.679684632864,460.7421414412259,1173700
DE,2025-12-10,464.7163391113281,465.77679953573795,451.84224914462334,458.5221033313059,1677800
DE,2025-12-11,471.69354248046875,476.45070353924564,465.93538322476854,467.66976927155275,1186500
DE,2025-12-12,480.4744567871094,482.8233363417884,473.3387154953946,473.95317883005237,1852100
DE,2025-12-15,483.65582275390625,484.6270595121926,480.4744416609471,480.4744416609471,1473200
DE,2025-12-16,481.1087951660156,484.7856852246265,479.88975862041343,482.6548740678415,1632200
DE,2025-12-17,476.7083740234375,486.0443392716999,475.41006465517995,480.62314303921005,1641500
DE,2025-12-18,470.81146240234375,482.783698289219,465.5884936661516,478.7301940127349,1927500
DE,2025-12-19,466.3714599609375,472.2485437077057,464.73618773692624,470.8610409190081,2990700
DE,2025-12-22,464.5874938964844,468.5220736714679,463.47749168459944,467.29314697192274,1173200
DE,2025-12-23,462.05035400390625,466.97601168073663,461.25750389405266,466.1930820269764,1083700
DE,2025-12-24,463.2693786621094,464.2208048186047,460.2564938803667,461.8719554269454,343300
DE,2025-12-26,464.74609375,465.22182197028326,461.971088078248,463.556818567232,503200
DE,2025-12-29,466.04437255859375,467.5409095788231,461.6340948973409,465.3010642762745,981500
DE,2025-12-30,465.7470703125,468.9779933870244,464.1910710193451,465.68760806839276,826700
DE,2025-12-31,463.0121765136719,467.64657822385846,463.0121765136719,464.42435807068915,812100
DE,2026-01-02,464.23541259765625,467.8952179323038,456.3987304074974,463.43981989659846,1175500
DE,2026-01-05,463.53924560546875,465.3194198163143,456.4384583057285,459.7700594249365,1320200
DE,2026-01-06,483.31005859375,484.78190811615616,461.75909924826306,462.5447675216573,1621000
DE,2026-01-07,472.5892639160156,486.4128912628826,471.0875501422125,484.4636679984828,1286900
DE,2026-01-08,498.0486145019531,501.11171011223735,470.1228981512334,471.3163175435366,1796900
DE,2026-01-09,485.3984680175781,500.78347682626764,482.19615753047805,497.9491590477067,1725600
DE,2026-01-12,488.04388427734375,494.2893809935198,481.6690969200025,483.6481845772197,1547500
DE,2026-01-13,496.775634765625,496.8452574708058,487.30794840823444,489.6251340742538,849100
DE,2026-01-14,509.2865295410156,513.2546597121316,498.4663290916298,500.46529598614575,1890900
DE,2026-01-15,512.2103881835938,516.3276579114388,505.35825709318175,510.9772103597562,1203700
DE,2026-01-16,511.5739440917969,513.9706770004072,507.1980931260701,513.4237108046497,1323300
DE,2026-01-20,505.88531494140625,512.4291815485938,504.3040540116843,511.73301519466656,1377100
DE,2026-01-21,526.6008911132812,527.2871026934471,508.3218656530455,509.8732926125729,1620600
DE,2026-01-22,519.5100708007812,529.6838481811064,518.2967418662714,526.3522772221038,1159300
DE,2026-01-23,511.603759765625,518.7642157419878,503.6377866355782,515.4127350801059,1590500
DE,2026-01-26,513.7020874023438,515.8104351843316,509.7539278718659,512.8865852300916,750600
DE,2026-01-27,516.3375854492188,518.6249371663162,511.02689656880665,514.487818811031,1043300
DE,2026-01-28,522.1256103515625,525.864962663495,516.2381517645995,517.083457593701,1106700
DE,2026-01-29,527.1578369140625,534.3083379460898,518.6746710476267,527.0882142055648,1493500
DE,2026-01-30,525.0991821289062,527.0782394101843,515.850288220011,522.0460413427755,1517800
DE,2026-02-02,529.3258666992188,531.7624187610515,519.5200512142824,524.3533362464314,1557900
DE,2026-02-03,542.0057983398438,542.3240475604636,530.0717257158472,530.3303070013403,1605300
DE,2026-02-04,564.1434936523438,568.419857391064,544.9892980279294,544.9892980279294,3209200
DE,2026-02-05,562.6218872070312,571.7813097626126,558.1168063727357,560.7323621354083,1913100
DE,2026-02-06,579.9064331054688,580.851226033434,564.4319207321406,564.879460613791,1440400
DE,2026-02-09,582.4523315429688,584.5109663159365,571.1448028000215,576.8134993299545,1101800
DE,2026-02-10,590.1497802734375,590.4978937942324,580.3837847441112,582.8898985946879,1609100
DE,2026-02-11,609.3239135742188,610.9648728349596,587.2558219194799,589.2448340174291,1826300
DE,2026-02-12,594.823974609375,622.8093882769148,593.5013253209836,609.5028930175031,2767800
DE,2026-02-13,599.6075439453125,607.6034110788263,593.9189987287725,595.5698519902672,1565100
DE,2026-02-17,597.5390625,603.7049516638375,589.7918212540962,589.7918212540962,1863200
DE,2026-02-18,590.0106201171875,600.4926919684638,587.6734944940098,600.4926919684638,2558200
DE,2026-02-19,658.3629760742188,670.4860067172342,625.2657870534819,630.128935991536,6653300
DE,2026-02-20,658.8502807617188,663.2559351281768,642.8487129577901,660.6006210616758,2989900
DE,2026-02-23,643.2863159179688,666.1201358299901,640.8994771335155,648.5969441986213,2074700
DE,2026-02-24,640.9989013671875,644.2509555429357,631.2726638569027,639.7657235891805,1399200
DE,2026-02-25,620.1838989257812,643.3757871332133,620.0645630566042,641.7249338097099,2100500
DE,2026-02-26,616.0567626953125,623.5553167416691,611.223416979125,621.5265461755026,1421700
DE,2026-02-27,626.2504272460938,628.0405259979815,610.1195075344731,611.6212213835016,2015300
DE,2026-03-02,627.4139404296875,632.9533460479706,616.3848423523865,622.3220746444466,996900
DE,2026-03-03,615.8179931640625,620.1242212587505,605.8630388174305,616.5937370013701,1071400
DE,2026-03-04,610.6664428710938,619.2987476739423,609.5824653221406,615.8279314431696,1073200
DE,2026-03-05,587.4447631835938,607.0066795944413,583.0788671893075,604.271788040364,1642100
DE,2026-03-06,586.52978515625,586.6093019272365,574.4564685281834,582.0246441313478,1412700
DE,2026-03-09,596.1864624023438,597.5191272060314,575.1427412697341,583.2479290889828,1499500
DE,2026-03-10,589.4635620117188,599.7169770535841,588.1806711349142,593.799654265541,1092800
DE,2026-03-11,590.7763671875,594.714633098083,582.0843938003476,587.5144188240528,998400
DE,2026-03-12,582.6114501953125,590.4083430188385,579.1107697521953,588.2105236700318,1622500
DE,2026-03-13,574.3272094726562,586.4303303802233,568.4595998491947,581.7860044008726,1381700
DE,2026-03-16,569.3347778320312,579.7373324873822,567.5943923247681,578.7726300994451,1150900
DE,2026-03-17,571.1050415039062,573.6807781252095,559.101346458758,573.2034346555878,1462300
DE,2026-03-18,567.8828735351562,575.232227234956,566.0032425014505,570.5978556728426,1226400
DE,2026-03-19,564.4617309570312,566.8783732465488,554.8746785748702,560.0958350608205,1449100
DE,2026-03-20,556.6548461914062,570.5580819026492,548.251318715594,565.4463062905023,2726900
DE,2026-03-23,565.90380859375,568.7977945006636,560.9312783277022,567.1170768427461,1244200
DE,2026-03-24,579.81689453125,581.2887439542723,556.9233475010992,557.470313648858,1144900
DE,2026-03-25,574.8145141601562,587.4447525206035,573.9393440227508,585.3463594251597,930100
DE,2026-03-26,577.9969482421875,584.620331536366,570.8066892404261,570.8066892404261,1516500
DE,2026-03-27,563.5269165039062,578.7229372158326,560.9511191549842,577.5295178290727,1455800
DE,2026-03-30,552.4481201171875,570.140361193933,551.9906254745114,569.1558098997568,1262900
DE,2026-03-31,561.84375,565.055457342731,548.2589651651833,558.5522933042167,1445400
DE,2026-04-01,569.224609375,577.8721782023357,562.6915549451517,563.9781980553864,1573400
DE,2026-04-02,574.2216796875,579.1887857659701,555.0114614590251,559.2504742354741,1248600
DE,2026-04-06,573.603271484375,573.7229563833764,565.1950116266571,570.9102395021145,1055700
DE,2026-04-07,574.5109252929688,574.6405940872695,567.8382178401484,571.8278770435718,876100
DE,2026-04-08,607.7447509765625,608.1038056690242,588.4746910753865,590.7088903316335,1449900
DE,2026-04-09,616.40234375,617.3498999814,605.8796298307122,606.1189996413043,1205800
DE,2026-04-10,603.4359130859375,617.6390891345573,599.5060966052915,616.8511534118333,1263800
DE,2026-04-13,601.48095703125,606.3583296728788,597.3017868762888,602.8973297799473,1178300
DE,2026-04-14,594.4990844726562,600.8825634254528,592.1452001987923,597.9102868572239,868100
DE,2026-04-15,575.1492919921875,592.3247458393624,570.6209897826959,589.2527520490936,1553900
DE,2026-04-16,582.6797485351562,584.0163111396373,563.3598289253679,571.359115020964,1443900
DE,2026-04-17,588.9335327148438,592.165146750824,580.5253337131203,584.4850410327703,1238700
DE,2026-04-20,592.9830322265625,594.1001318680387,586.0310198147009,588.454730333834,919900
DE,2026-04-21,585.7816772460938,597.1122943260232,585.0934586255728,591.0280886318961,632000
DE,2026-04-22,578.4906005859375,591.5666940140904,578.3110732270744,587.9660411937066,796500
DE,2026-04-23,590.419677734375,593.4318289046857,578.5005592096682,582.8592568286966,919200
DE,2026-04-24,561.1854858398438,586.6594382862753,560.1681032482975,583.85670509263,1102600
DE,2026-04-27,566.222412109375,576.49577240769,562.7015086326581,565.1651548529925,1035200
DE,2026-04-28,562.4022827148438,572.9749158993872,558.3129064716107,572.9649320112178,894800
DE,2026-04-29,558.572265625,562.4023044332016,556.3180983968776,556.8267896942253,872400
DE,2026-04-30,588.3450317382812,592.8732727722365,561.0059203185508,561.0059203185508,1562300
DE,2026-05-01,575.7676391601562,588.5445194691758,574.2116746100191,586.7790759090218,802600
DE,2026-05-04,576.8947143554688,580.4654152204022,571.5186344055544,575.2090810440297,799100
DE,2026-05-05,574.3014526367188,589.2427679158171,574.3014526367188,580.8744430332813,906100
DE,2026-05-06,590.1104736328125,592.0155090074313,578.4506928426878,578.4506928426878,983200
DE,2026-05-07,579.0391235351562,592.2748364395094,576.5855222689337,590.5991870039006,828800
DE,2026-05-08,573.3539428710938,581.4728529694263,570.8204703509257,578.2811743533323,896900
DE,2026-05-11,587.2179565429688,587.6468375848361,572.2467512427285,574.2216738657546,907400
DE,2026-05-12,587.6668090820312,592.4444039007452,578.6601245136869,589.8411659690967,1264800
DE,2026-05-13,579.14892578125,589.4821284596129,578.6601413941088,586.8190479993449,961500
DE,2026-05-14,573.1544189453125,585.6320870426232,572.5160589032154,578.6800746711405,1056300
DE,2026-05-15,560.3775634765625,571.1396470481166,554.1237533186933,570.5611294294514,971200
DE,2026-05-18,563.0306396484375,566.5315751436649,555.968926208379,562.6516171751592,848400
DE,2026-05-19,556.6272583007812,562.133007216009,552.6176315144859,561.1156246875781,1027900
DE,2026-05-20,559.0111083984375,566.1326036466187,548.8374654872786,554.562616572668,1441200
DE,2026-05-21,529.976318359375,546.5832987771832,513.8182476448627,545.765411353291,3212500
DE,2026-05-22,527.7820434570312,531.4026638981458,520.1517962086806,530.1459115629007,1763900
DE,2026-05-26,527.7520751953125,530.3752807960963,522.4558054328945,528.6298050247881,1419100
DE,2026-05-27,528.0214233398438,532.3901049327408,524.6701243001155,526.0864362376137,1332700
DE,2026-05-28,537.6065673828125,538.314753793733,521.1292557069455,526.0465032758678,1880200
DE,2026-05-29,540.7783203125,545.5658989234178,533.6168897331409,534.8836259427969,2271300
DE,2026-06-01,541.0277099609375,543.1621922723148,527.083870349496,536.8285716804094,2214300
DE,2026-06-02,577.7525024414062,579.2386407004021,551.2212940518409,560.5470977506609,2045600
DE,2026-06-03,586.7691040039062,592.254885153609,574.1218922222389,576.3461685213632,1840000
DE,2026-06-04,590.22021484375,602.9472375818582,585.8515330981644,592.6140347428598,1769000
DE,2026-06-05,581.9317016601562,596.2745315592372,577.7225794877962,589.1330073978922,1751600
DE,2026-06-08,572.1769409179688,591.077963339914,564.2275742729109,584.2855710637436,1476300
DE,2026-06-09,575.8374633789062,581.2733858353555,566.7110942443028,576.1366756225698,1037300
DE,2026-06-10,558.6021118164062,575.9671364955325,558.4924108057986,575.9671364955325,1112100
DE,2026-06-11,567.169921875,570.2419153856845,555.1809774411654,560.2677681701451,1266000
DE,2026-06-12,575.987060546875,577.0343947548097,565.7835269544821,568.067584856569,854100
DE,2026-06-15,573.9822387695312,591.8160194259007,573.2441615925845,582.400421721145,1541300
DE,2026-06-16,583.77685546875,588.9634243296267,575.5282769060719,576.6453765527389,747800
DE,2026-06-17,586.9486694335938,596.9328015141667,581.69233473302,583.7669746026197,1517200
DE,2026-06-18,587.7166748046875,596.6635170310922,586.3203306401106,593.970484951553,1436100
DE,2026-06-22,597.0425415039062,602.3288276762246,585.8913906623303,587.9760143440105,934200
DE,2026-06-23,590.4097290039062,599.8253273081931,581.8718606084624,588.5345842784114,1384000
DE,2026-06-24,599.1968994140625,611.3952620886685,590.4695205212234,591.157739120439,1239400
DE,2026-06-25,629.1293334960938,630.2962917005967,602.4484891012916,604.8921673989053,1262300
DE,2026-06-26,611.6546020507812,628.4211413028065,610.577377091848,621.1599936918002,2319500
DE,2026-06-29,625.010009765625,626.5559904529066,607.0465603747881,612.5223576128116,1207600
DE,2026-06-30,634.3300170898438,636.2899780273438,617.5800170898438,626.1699829101562,1758400
DE,2026-07-01,627.6300048828125,633.7999877929688,619.2999877929688,629.3200073242188,1636900
DE,2026-07-02,621.27001953125,638.989990234375,615.1199951171875,638.0399780273438,1288800
