symbol,date,close,high,low,open,volume
DHR,2018-01-02,78.62252807617188,79.51557554527832,78.40138888745766,79.25191690908493,4087646
DHR,2018-01-03,79.66867065429688,79.872799132978,78.435409068094,78.45241977465076,2791236
DHR,2018-01-04,80.05137634277344,80.72329169809264,79.96633015920041,80.05137634277344,2397226
DHR,2018-01-05,80.55319213867188,80.79133462829418,80.23849417651356,80.38308513209981,2121430
DHR,2018-01-08,81.0124740600586,81.06350616223382,80.19596774483358,80.47664430679733,2038522
DHR,2018-01-09,83.87022399902344,84.09986842818651,82.09262796904956,82.09262796904956,4917178
DHR,2018-01-10,83.55558013916016,83.81073343916623,82.68804135214334,83.36846235146243,2780069
DHR,2018-01-11,83.8532485961914,83.94680747708323,83.16432233829603,83.76819506810794,2285441
DHR,2018-01-12,84.53365325927734,84.76329774097962,83.88725388962061,83.89575924079477,2136996
DHR,2018-01-16,84.60169219970703,85.28211294294373,84.32101562379556,84.95040426232107,2511830
DHR,2018-01-17,84.70378112792969,85.20558965111823,84.27000811129827,85.09502005864356,2867827
DHR,2018-01-18,84.83135986328125,85.11202919634701,84.29552261731928,84.6612528010711,1485125
DHR,2018-01-19,85.52879333496094,85.80096466363287,85.08652224545082,85.22260790978679,3240293
DHR,2018-01-22,85.02694702148438,85.6563356200534,84.77179383370579,85.46071256441294,2440090
DHR,2018-01-23,85.00992584228516,85.36715050855197,84.78879408274521,85.1970435246154,2688588
DHR,2018-01-24,86.22620391845703,86.49837518044315,85.12052280579843,85.30764054841387,2508221
DHR,2018-01-25,87.34890747070312,87.61257341617686,86.26874226873073,86.54091356728426,2407152
DHR,2018-01-26,88.28446960449219,88.30148030691659,87.41693110042692,87.58703812467097,2744875
DHR,2018-01-29,88.19092559814453,88.64170196875142,87.8592168449877,88.12288277698416,2910804
DHR,2018-01-30,86.41329956054688,89.15198558595297,86.01355544132082,87.2978412966169,4386228
DHR,2018-01-31,86.14114379882812,87.23832679506191,85.77542101313648,86.67697361022725,3732439
DHR,2018-02-01,86.63444519042969,86.91512177745805,85.47773207698646,85.83495682411348,2582218
DHR,2018-02-02,86.9066390991211,87.20432646605627,86.13265926467078,86.13265926467078,5140183
DHR,2018-02-05,82.24576568603516,86.62597150805259,81.89704619201076,86.285757367541,5429177
DHR,2018-02-06,82.54341125488281,83.84471515952562,80.58721004251714,81.05499697070988,7550719
DHR,2018-02-07,81.0124740600586,82.47537236367923,80.58721386151032,81.97356401186812,6020136
DHR,2018-02-08,78.38436126708984,81.26763885373543,78.36735056393618,81.14006589966272,3883817
DHR,2018-02-09,80.34056091308594,81.03799234243843,78.11218833505973,79.35395488302369,4166381
DHR,2018-02-12,81.14857482910156,81.55682440320936,80.4596486405834,80.91042497445035,2535293
DHR,2018-02-13,80.7828369140625,81.18258841729387,79.98334854675835,80.57021045532723,2270213
DHR,2018-02-14,81.73543548583984,81.79497294854961,80.05139046549458,80.281034964518,1697527
DHR,2018-02-15,82.90065002441406,83.16430859833183,81.97357404105152,82.49239315706343,2139365
DHR,2018-02-16,82.9601821899414,83.70863842649408,82.34780424757528,82.79007517273442,2130792
DHR,2018-02-20,82.37332153320312,83.13028313194711,82.14367705653613,82.62847474325396,2381885
DHR,2018-02-21,82.79859924316406,84.11691428541218,82.18622116234808,82.2372532790478,2455656
DHR,2018-02-22,82.80709838867188,83.72566178124936,82.55193782430025,83.24936938066918,2642227
DHR,2018-02-23,84.4826431274414,84.53367524776058,83.04526036386166,83.10479051798613,1857478
DHR,2018-02-26,85.75841522216797,86.31976111957292,84.41458428127315,84.64422877913057,4052904
DHR,2018-02-27,84.68675994873047,86.583431534042,84.66124389208402,85.76692504093607,2904374
DHR,2018-02-28,83.16432189941406,85.22259530942976,83.14731119388713,84.88238119889128,2309918
DHR,2018-03-01,81.64187622070312,83.35142996864096,80.92743399122378,83.1387961742781,2594287
DHR,2018-03-02,81.83749389648438,82.00760093593344,80.723307427253,81.24213389757266,2615606
DHR,2018-03-05,82.99420928955078,83.34292137917933,81.1315592820315,81.34418574855445,1919518
DHR,2018-03-06,83.13880920410156,83.15581991031657,82.40736347601813,83.12179849788654,1720990
DHR,2018-03-07,85.74990844726562,86.09862054457084,82.45838128341553,82.70502916114467,4368067
DHR,2018-03-08,86.42179870605469,86.46432545181062,85.61379785626936,85.93700112401453,2733257
DHR,2018-03-09,88.23343658447266,88.51410585199253,86.47285086049759,86.86408969263228,3919800
DHR,2018-03-12,87.94425201416016,88.70122092198082,87.48497038677759,88.38653025938247,2586391
DHR,2018-03-13,87.43396759033203,88.70125065555963,87.23835177433646,88.36104382631144,2323680
DHR,2018-03-14,86.9066390991211,88.01232039428942,86.6259697584491,87.58706004682034,1707792
DHR,2018-03-15,86.94065856933594,87.31488678839487,86.72802474056323,87.07674421975047,1452413
DHR,2018-03-16,86.6939697265625,87.32335829620628,86.65994832714509,87.18728001811486,2830378
DHR,2018-03-19,85.316162109375,86.62597191737099,84.66976255892999,86.57493979605312,2422493
DHR,2018-03-20,85.52879333496094,85.78395395559087,85.06100618338783,85.31616680401777,2627112
DHR,2018-03-21,84.89088439941406,85.89450868047696,84.88237904686623,85.78393909735523,2227687
DHR,2018-03-22,82.91765594482422,84.9419001837018,82.68801147018456,84.2699847811871,2115790
DHR,2018-03-23,81.59935760498047,83.70015042461324,81.40373449464458,83.27489011302882,2788867
DHR,2018-03-26,83.48751831054688,83.64911267993494,82.05012845309557,82.62848507298045,3588619
DHR,2018-03-27,82.71353912353516,84.19345575072484,82.23724672520956,83.94680053966651,2325710
DHR,2018-03-28,82.22793579101562,83.46322949208778,82.08310653450489,83.05430715828776,2648093
DHR,2018-03-29,83.4121322631836,83.94032586958737,82.34722568040755,82.5431711896832,2567102
DHR,2018-04-02,81.8701400756836,83.3269301991346,80.95005554308663,83.16506951762423,2934266
DHR,2018-04-03,83.68475341796875,83.78697852755445,82.19387831332598,82.42390130609239,2450129
DHR,2018-04-04,84.39183807373047,84.56222545882113,81.92125764813127,82.50908679505098,2462537
DHR,2018-04-05,84.52813720703125,84.97114435179701,84.16181170742479,84.8177957247627,1832098
DHR,2018-04-06,82.34720611572266,84.35775495567763,81.58898970031208,83.94030592640152,2035025
DHR,2018-04-09,83.14801788330078,84.29811787193648,82.39832084924703,82.9435530562929,2278109
DHR,2018-04-10,84.78372955322266,85.65269055895973,84.17886166427111,84.17886166427111,2608838
DHR,2018-04-11,83.84658813476562,84.45997526041425,83.514340135375,84.17032409833544,1990807
DHR,2018-04-12,84.3407211303711,84.92003085267828,84.30664365660935,84.45998495689481,1675531
DHR,2018-04-13,84.54519653320312,84.98819645421335,84.1021966121929,84.84337449172034,1516145
DHR,2018-04-16,85.55045318603516,85.98493362657389,85.20115909467411,85.31191087973981,1644962
DHR,2018-04-17,86.63241577148438,86.86243142452568,85.50787362075667,86.0445865867111,2891402
DHR,2018-04-18,87.2372817993164,87.45025870812127,86.58981703999707,86.92206512345298,2369702
DHR,2018-04-19,86.47055053710938,88.58333232157368,85.55899260202865,87.74844138555305,3822679
DHR,2018-04-20,86.33421325683594,87.08391025449802,85.49932991703082,86.35977135897129,4128593
DHR,2018-04-23,86.21495819091797,86.88798100767941,85.91678760871079,86.64092663927511,2464229
DHR,2018-04-24,85.27783966064453,86.58980777818847,84.51962317739238,86.23199429250779,2877528
DHR,2018-04-25,85.61007690429688,86.18087453560813,83.99993841686627,85.25227079541507,3511351
DHR,2018-04-26,86.70909881591797,87.24581183582407,85.6101073324829,85.80605285765209,2202082
DHR,2018-04-27,86.5898208618164,87.00726265987626,86.28312354203419,86.89651084995491,1689406
DHR,2018-04-30,85.46524810791016,86.74313848650813,85.38005443845148,86.64090608315772,2515214
DHR,2018-05-01,85.95083618164062,86.01899111045911,85.18410056407302,85.4907977437562,2647980
DHR,2018-05-02,84.81782531738281,85.9168095312758,84.56224418315435,85.67826713932924,2218099
DHR,2018-05-03,84.3407211303711,84.70704664166742,83.2672880385187,84.45998495689481,3544176
DHR,2018-05-04,85.36302947998047,85.60156446131715,83.37803865618956,84.06810015852211,3064663
DHR,2018-05-07,84.83484649658203,86.35979162017331,84.70705595592386,85.54194682324739,2973521
DHR,2018-05-08,84.4940414428711,84.89445166011215,84.25550651743187,84.766661165248,2834100
DHR,2018-05-09,84.80077362060547,85.32044784917119,84.1533088444473,84.52815378574158,2316799
DHR,2018-05-10,86.18939971923828,86.41942268037762,84.97115195702132,85.19264821758676,1649813
DHR,2018-05-11,86.73463439941406,87.22875043768065,85.98493730774629,86.16384404512712,2381885
DHR,2018-05-14,87.46730041503906,87.86771080066734,86.76020737604662,86.84539374347284,2896591
DHR,2018-05-15,85.39710998535156,86.76019430177266,85.07337397767134,86.42793892546928,2938327
DHR,2018-05-16,85.78898620605469,86.21494726880626,85.26931209653654,85.38006387907885,1568822
DHR,2018-05-17,85.85717010498047,86.26609256986775,85.5164026061818,85.78901513889186,1627591
DHR,2018-05-18,86.2575454711914,86.47904903977596,85.49081701245196,85.74639072148443,1978512
DHR,2018-05-21,87.1009521484375,87.62914561341768,86.58127805114479,86.65795236033183,2442797
DHR,2018-05-22,86.39385223388672,87.30541724767066,86.30013918902986,87.17762673195678,1541863
DHR,2018-05-23,87.16912841796875,87.1946865272845,86.14681870862546,86.18089618771315,2321198
DHR,2018-05-24,87.14354705810547,87.85916659637056,86.79425299065103,87.2713375705888,1477567
DHR,2018-05-25,87.00724029541016,87.76545669833499,86.76018596073251,87.1946663871008,1379995
DHR,2018-05-29,85.66118621826172,86.41940254482266,84.8688997555575,86.14679013418886,3243564
DHR,2018-05-30,86.2575454711914,86.62387829615818,85.8656618737992,86.07012670633878,1686134
DHR,2018-05-31,84.57926940917969,86.30867947948845,84.56223066962069,86.30867947948845,2905502
DHR,2018-06-01,85.69528198242188,85.9764211516675,85.02225918162807,85.27784024457863,2482277
DHR,2018-06-04,86.78575134277344,87.1265187518762,85.90826371699698,86.03605424477644,2501904
DHR,2018-06-05,86.97317504882812,87.49284922628112,86.59833014440184,86.91353946581712,2213926
DHR,2018-06-06,87.57805633544922,87.64621129790484,86.63242089466547,87.06690144867606,3103579
DHR,2018-06-07,87.3224868774414,88.02106061387968,86.99875078976305,87.77400619440108,2514876
DHR,2018-06-08,87.74842071533203,87.91880807675936,87.31394027533442,87.54395588161924,2132710
DHR,2018-06-11,87.95291137695312,88.60037620886689,87.6462140363204,87.77400459491737,2326162
DHR,2018-06-12,87.88475799560547,88.71112229279768,87.6888124688935,88.12329304430614,3122304
DHR,2018-06-13,87.4247055053711,88.24255770294529,87.35655787624673,87.94438708122837,2332930
DHR,2018-06-14,87.44173431396484,88.09771840520823,87.1606024643708,87.74843160258703,2968670
DHR,2018-06-15,87.16059112548828,87.8080557633734,85.72935196139655,86.93908755696584,5086716
DHR,2018-06-18,86.27458190917969,86.76870524132197,85.78898527647478,86.53016294304638,1855898
DHR,2018-06-19,85.21819305419922,85.88269639570467,84.86038694645397,85.56748712598167,3088802
DHR,2018-06-20,84.46001434326172,85.72086664785255,84.27259550400547,85.4226959803365,2692310
DHR,2018-06-21,83.4121322631836,84.70706183510934,83.21618675390792,84.51111632583367,3168778
DHR,2018-06-22,84.59629821777344,85.15004985679143,83.68474042166353,84.1362596353288,3180509
DHR,2018-06-25,84.22145080566406,84.40886958156595,83.51435054975286,84.40886958156595,3221794
DHR,2018-06-26,84.44294738769531,84.80928023569967,83.99994755430926,84.4173892820206,2636023
DHR,2018-06-27,83.61659240722656,85.87419599445836,83.61659240722656,84.77521199404366,3096924
DHR,2018-06-28,84.1541976928711,84.42726271270195,82.84862025403697,83.59954171495575,2271566
DHR,2018-06-29,84.20538330078125,85.03310416009155,84.17125017901114,84.33338250741916,2653056
DHR,2018-07-02,83.73605346679688,83.84698610360307,83.1131313883455,83.77871986556849,2435126
DHR,2018-07-03,84.02616882324219,84.7600234615425,83.80431091650964,84.18830112157198,1403232
DHR,2018-07-05,84.35896301269531,84.86241909979161,83.83844036862581,84.54668779578738,2800824
DHR,2018-07-06,84.76005554199219,84.89658805541917,84.3675319095059,84.47846457666532,2147261
DHR,2018-07-09,84.90511322021484,85.26350369008074,84.51258228163994,84.99044603294853,3616030
DHR,2018-07-10,85.46829986572266,85.7413575146284,84.89657738124697,85.07577628258893,1986972
DHR,2018-07-11,84.11150360107422,84.99895727983315,84.0517706476453,84.76002546611745,2068752
DHR,2018-07-12,85.00749206542969,85.57068114984122,84.55522826716692,84.75149368905454,2658019
DHR,2018-07-13,84.64908599853516,85.40000715163802,84.04323057775241,85.22080830583081,2373538
DHR,2018-07-16,83.77019500732422,84.8368403966172,83.65072907875364,84.54670885580296,2203999
DHR,2018-07-17,84.973388671875,85.20377994758864,83.5483452321407,83.80434369806292,4634839
DHR,2018-07-18,84.29072570800781,85.24643853922055,84.05179382839678,85.03311384746924,3597192
DHR,2018-07-19,88.06237030029297,90.51992536680264,87.64423961415655,90.45165913233139,6697049
DHR,2018-07-20,86.4325180053711,87.891693900438,86.28745961858067,87.524770278913,4199318
DHR,2018-07-23,88.01116180419922,88.25861953574412,86.19359552439526,86.52638604047739,3941232
DHR,2018-07-24,88.36100769042969,88.92419665346104,87.78928545002495,88.73646455124653,3745411
DHR,2018-07-25,88.35248565673828,88.75354240071351,87.74663022973922,88.35248565673828,3556584
DHR,2018-07-26,88.56585693359375,89.10344637156015,88.21599236145256,88.63412319157251,2786386
DHR,2018-07-27,87.67839050292969,88.77916906966779,87.60159097358303,88.62557735458982,2709343
DHR,2018-07-30,86.87628173828125,87.90026083420207,86.69708282622958,87.67839551451905,1968247
DHR,2018-07-31,87.53328704833984,87.98555074871352,86.86770610105202,87.31142918044797,4073321
DHR,2018-08-01,87.03841400146484,87.87466831715555,86.89335554703815,87.5504035921181,2426215
DHR,2018-08-02,86.5690689086914,86.91040011180303,85.95468008670503,86.78240091063617,2723894
DHR,2018-08-03,86.50079345703125,86.69705887792111,86.08267012135792,86.57759296955336,2508898
DHR,2018-08-06,87.30290985107422,87.42237575327832,86.14239863117538,86.21919813973517,2823610
DHR,2018-08-07,87.26026153564453,87.55891900941602,86.99572984024516,87.4309271455796,2439751
DHR,2018-08-08,86.99571228027344,87.2858437586004,86.68852158801123,87.15784457698555,1552805
DHR,2018-08-09,86.79093170166016,87.20052179003305,86.72266546299562,87.18345523036692,1443502
DHR,2018-08-10,85.61332702636719,86.53490627320889,85.1951964451707,86.53490627320889,1989454
DHR,2018-08-13,85.21231079101562,85.96323225927978,84.5211296400399,85.52804222328348,2500099
DHR,2018-08-14,86.00585174560547,86.26185006453237,85.20373102324665,85.29759707351984,2091876
DHR,2018-08-15,85.40856170654297,85.74135230233206,84.91363878130066,85.50242779201588,2005246
DHR,2018-08-16,85.74134063720703,86.33867019076789,85.4341499247039,85.77547375455337,1781902
DHR,2018-08-17,85.93760681152344,86.30453782619702,85.67308249339597,85.8522740174133,3398438
DHR,2018-08-20,85.82666015625,86.27039061312308,85.77546048814926,86.00585899460259,1370294
DHR,2018-08-21,85.8522720336914,86.48372735190192,85.71573956626993,86.26186943595582,2152111
DHR,2018-08-22,85.9205551147461,86.07415417071303,85.20376686384898,85.79255590144032,1441697
DHR,2018-08-23,85.11841583251953,86.02292864763808,85.0757494408995,85.98879553434206,1839542
DHR,2018-08-24,85.45975494384766,85.68162022004977,85.16962342881413,85.28055606691518,3762106
DHR,2018-08-27,87.43091583251953,87.67837359129089,85.79254087636895,85.79254087636895,2887906
DHR,2018-08-28,87.6357192993164,87.83198475245597,87.29439542007995,87.6357192993164,1815629
DHR,2018-08-29,88.45488739013672,88.59141984917788,87.46504174931492,87.72956604509385,2247427
DHR,2018-08-30,87.90022277832031,88.35247915979511,87.57595822071049,87.85755638916113,2258933
DHR,2018-08-31,88.35248565673828,88.47195155516886,87.62716433130865,87.84049629279181,3275261
DHR,2018-09-04,88.36100769042969,88.73646455124653,87.67835284417092,88.45487374153694,2527848
DHR,2018-09-05,88.7535400390625,88.76207331729476,87.7295613384167,88.23301741050733,2153916
DHR,2018-09-06,89.25700378417969,89.46179511889689,88.6511483710659,88.75354036661803,2041229
DHR,2018-09-07,89.30821990966797,89.49594472244777,88.9668887162241,89.16315415245433,1698881
DHR,2018-09-10,89.70925903320312,90.15298215359093,89.47032724489506,89.61539297351067,2342066
DHR,2018-09-11,89.8116683959961,89.98232663450959,89.03514734093105,89.74340216314522,1909930
DHR,2018-09-12,90.27246856689453,90.34073480764249,89.8031455053669,90.06766984465068,2996870
DHR,2018-09-13,91.66337585449219,91.76576786900544,90.3663320054382,90.39193184497009,2513410
DHR,2018-09-14,91.19403839111328,91.96202617389949,91.05751326781149,91.67190202531769,1538705
DHR,2018-09-17,90.42606353759766,91.00631921421763,90.16153186660856,91.00631921421763,2340487
DHR,2018-09-18,91.10015106201172,91.15135072103045,90.41749628537333,90.65642068384933,2094922
DHR,2018-09-19,91.74016571044922,92.15828903514985,91.11724369106409,91.30496848424467,2320860
DHR,2018-09-20,92.13270568847656,92.35457098076148,91.6633826061041,92.35457098076148,2027016
DHR,2018-09-21,92.22655487060547,92.66174475132736,92.17535519715425,92.23508814951401,4975608
DHR,2018-09-24,92.01322937011719,92.44841928145041,91.58657273829274,92.29482759390659,2210316
DHR,2018-09-25,92.17537689208984,92.33750922951248,91.83404565541062,92.11564392567098,2214715
DHR,2018-09-26,92.9262924194336,93.28468285177075,92.15830452886566,92.30337029532238,2260061
DHR,2018-09-27,92.44771575927734,93.34501370559424,92.24261572381339,93.02027933719526,2322439
DHR,2018-09-28,92.85791015625,93.01173518563176,92.37080491762684,92.44771743231773,2202420
DHR,2018-10-01,93.39631652832031,93.94324276468242,93.13139557028467,93.30231231740444,2259497
DHR,2018-10-02,93.11429595947266,93.49885860771599,92.96902409122346,93.43903775132257,1950650
DHR,2018-10-03,92.74681091308594,94.11412974879575,92.61862339328462,93.6184786933161,2706862
DHR,2018-10-04,91.4393081665039,92.52461440223148,91.10602798676476,92.43061758034905,2114436
DHR,2018-10-05,91.4222412109375,91.96062155722927,90.47366806614258,91.6102496143608,2164858
DHR,2018-10-08,90.2514877319336,91.48207363751183,89.32855197996058,91.30261104790878,2369815
DHR,2018-10-09,91.20860290527344,91.54188317602753,90.1318348552839,90.4138474612008,3438821
DHR,2018-10-10,88.73888397216797,91.0889595616889,88.67051728104936,91.01204703418045,3819408
DHR,2018-10-11,86.54261016845703,88.87560101059235,85.88458824186793,88.49958427858776,3967176
DHR,2018-10-12,88.34575653076172,88.69613574751959,86.99553673431683,87.89283465376172,3272554
DHR,2018-10-15,87.15789794921875,88.05520319953501,87.02971778867517,87.93556151890371,2526382
DHR,2018-10-16,89.77290344238281,89.84127012434445,87.67065738974006,87.97830010414806,2648093
DHR,2018-10-17,89.69599151611328,90.1660051032767,88.73887267118343,89.41398630558298,3972252
DHR,2018-10-18,86.51697540283203,90.67020712948252,85.88459096067868,90.58474877859435,6239419
DHR,2018-10-19,85.79061126708984,87.16646892798033,85.28640689612715,86.48280933872276,4805280
DHR,2018-10-22,84.22673034667969,86.18370473553969,83.46615829394388,85.85896296619227,4116072
DHR,2018-10-23,83.25251007080078,83.72252364369999,81.7228203070939,83.20123506054787,3816926
DHR,2018-10-24,81.87666320800781,84.30365147200952,81.75702149130504,83.52598766786228,3740222
DHR,2018-10-25,83.99600982666016,84.74802877577166,82.03903521183997,82.50050305661767,3909310
DHR,2018-10-26,83.0132064819336,83.82505325889313,81.97917540238299,82.90211065342939,3080117
DHR,2018-10-29,82.76539611816406,84.46599504933566,81.56044821285927,84.02161902832594,3604862
DHR,2018-10-30,83.5088882446289,84.07290607375317,82.44921927529485,83.0132371044191,3585348
DHR,2018-10-31,84.944580078125,85.83333974315597,83.81654433920073,84.28655800468242,3231946
DHR,2018-11-01,85.90167999267578,86.11532586333482,84.38908929166665,84.93601536613484,2560447
DHR,2018-11-02,86.52552795410156,86.93572807020489,85.44022152241767,86.55971129711017,2934830
DHR,2018-11-05,86.96136474609375,87.18354911910585,86.33752609657039,86.78190219701425,2332253
DHR,2018-11-06,86.4998779296875,87.36299986133518,85.90167686802057,86.83316547579233,2776685
DHR,2018-11-07,88.93541717529297,89.02087552604662,87.03827120623848,87.1920888831759,2323567
DHR,2018-11-08,89.51653289794922,89.7472704612022,88.83288075270566,88.89269424801823,1826683
DHR,2018-11-09,89.20890045166016,89.40545469486695,88.23468978112844,89.22599212498248,2943967
DHR,2018-11-12,86.7818832397461,89.18323312089622,86.44860307582228,88.99522477721617,2637602
DHR,2018-11-13,85.87605285644531,87.89284805570762,85.71368932956042,87.0724551677457,2240659
DHR,2018-11-14,86.08969116210938,87.12372250093135,85.50858172941365,86.61952558417731,2130792
DHR,2018-11-15,86.86736297607422,86.88445464789174,84.35491663657855,85.5256814472388,2555146
DHR,2018-11-16,88.19194793701172,88.525228164531,86.49134139441958,86.5255247361569,3121966
DHR,2018-11-19,86.56826782226562,88.37141732536251,85.99570411059129,88.24323712767236,3227546
DHR,2018-11-20,87.14083862304688,87.7903149188241,85.9529819190264,86.19226536909952,3128734
DHR,2018-11-21,87.96974182128906,88.67903869185696,87.09807410403758,87.38863246126084,2398805
DHR,2018-11-23,87.516845703125,88.02104270507125,87.08100803914702,87.08100803914702,1037873
DHR,2018-11-26,88.26033020019531,88.40560207380277,87.63649145778892,88.10650513522423,2282395
DHR,2018-11-27,88.87560272216797,88.89268703771461,87.54246717367954,87.97829740338645,2117143
DHR,2018-11-28,91.41368865966797,91.5162386903661,89.11488822253112,89.26871326857831,2459040
DHR,2018-11-29,92.24263763427734,92.9433889008102,90.71294754859815,90.90095595909789,2594851
DHR,2018-11-30,93.60992431640625,93.72101280234467,92.2938806087109,92.3878847813203,3698148
DHR,2018-12-03,92.8408203125,94.73797364893484,92.57589942335375,94.43032358411983,5096868
DHR,2018-12-04,90.84111785888672,93.06301295252555,90.59329599195983,92.89209624814887,4726320
DHR,2018-12-06,89.61052703857422,90.18309061022325,87.516826950479,89.56779786498706,4043090
DHR,2018-12-07,87.05535125732422,90.13180734733375,86.63660539452029,89.43960950745343,2755817
DHR,2018-12-10,86.92717742919922,87.2433659801305,85.0556615661927,86.90153992335998,3484166
DHR,2018-12-11,86.5853500366211,88.49104937321319,85.9700572081292,87.99539824695414,2254759
DHR,2018-12-12,87.19209289550781,88.92687543237928,87.13227204722747,87.63647633987608,3062633
DHR,2018-12-13,87.59374237060547,88.87560291193374,87.02972461495133,87.73901421120523,2694115
DHR,2018-12-14,85.79914855957031,87.02973422680185,84.72238058492778,86.57680492172003,2898622
DHR,2018-12-17,85.77349853515625,86.69643397368971,84.80782656871453,85.431665147241,5055470
DHR,2018-12-18,86.07259368896484,86.55115306814096,85.01292491627086,86.20932704142051,3987818
DHR,2018-12-19,86.01277923583984,88.1150326227338,84.95311038443927,86.20933344459387,4805393
DHR,2018-12-20,84.0558090209961,85.77349975647158,83.4063329291282,85.31202467621513,6051833
DHR,2018-12-21,84.15836334228516,86.08115437978105,83.67980388051701,84.14981750628179,7098053
DHR,2018-12-24,81.05626678466797,83.97891346545201,80.83408238891265,83.74817587873102,3495898
DHR,2018-12-26,85.4231185913086,85.4573019298115,81.18443609787904,81.34680695576787,3092750
DHR,2018-12-27,86.87822723388672,86.87822723388672,83.79683119119038,84.34463411364642,2977130
DHR,2018-12-28,87.16068267822266,88.20493119792121,86.7669440749656,87.61433065924462,2827783
DHR,2018-12-31,88.26485443115234,88.70994291004392,87.43458685553864,87.43458685553864,2233778
DHR,2019-01-02,86.02227783203125,87.45170551855735,85.56862981977314,87.01517657718482,2703929
DHR,2019-01-03,83.55715942382812,86.86965508487988,82.54714171696222,85.56862057062493,3631145
DHR,2019-01-04,85.97947692871094,86.76694679369037,84.39598502983971,84.39598502983971,2883958
DHR,2019-01-07,86.33043670654297,87.00663276249163,85.8511100013496,86.21916272568127,2657794
DHR,2019-01-08,88.53018951416016,88.57298719005057,86.84398318270541,87.07509063251369,4116298
DHR,2019-01-09,89.32621765136719,90.14792565058838,88.78697430901269,89.08655066978334,3401597
DHR,2019-01-10,90.18216705322266,90.24207643457672,88.341889048115,89.05231575109187,1889851
DHR,2019-01-11,90.09660339355469,90.1222820086865,89.18929969177607,89.51456215011234,1745806
DHR,2019-01-14,89.09510803222656,89.85689926747526,89.00096051510933,89.32621547311822,1763515
DHR,2019-01-15,89.90826416015625,90.2848763594376,89.05231796843185,89.24062775117733,2336201
DHR,2019-01-16,89.4375228881836,90.51600995009714,89.15505813252389,90.12227856599537,3163476
DHR,2019-01-17,90.3619155883789,90.66149934495702,89.40326229974872,89.43750044335765,3487889
DHR,2019-01-18,91.97108459472656,92.1765060700441,90.75564534811187,91.08090031431999,3556584
DHR,2019-01-22,91.0809326171875,91.50034261784378,90.14795769678209,91.44042585114835,3026762
DHR,2019-01-23,90.84125518798828,91.56024894010491,89.83124453990237,90.92685055921775,2142862
DHR,2019-01-24,90.77277374267578,91.15794549389511,90.06233962562727,90.81557142239014,1873382
DHR,2019-01-25,91.01242065429688,92.14226450832156,90.67860616542049,91.39759971785682,3158964
DHR,2019-01-28,90.75566864013672,90.7642281773971,89.83980551948726,90.33625131437816,2369364
DHR,2019-01-29,90.10514831542969,92.27068170874666,89.44607133350478,90.89261098597541,4098137
DHR,2019-01-30,93.30635833740234,93.70865652148606,90.37903391405514,90.77277256230728,3973831
DHR,2019-01-31,94.94120788574219,95.0952721530391,92.51032935525924,92.98965595995814,3258115
DHR,2019-02-01,93.55458068847656,95.00968698228459,93.28067555412794,94.94977023414583,2919377
DHR,2019-02-04,93.80281066894531,93.80281066894531,92.89550724423121,93.46898877417144,2177717
DHR,2019-02-05,93.73433685302734,94.74434736730976,93.3234791255552,94.15374675027851,2898847
DHR,2019-02-06,93.86272430419922,94.09383178027896,93.34915950134325,93.53746929666748,1802206
DHR,2019-02-07,92.94686126708984,93.89695497178587,92.29634393761698,93.18652826023599,1924819
DHR,2019-02-08,93.51177215576172,93.60592703476392,92.06522556532691,92.37336880569777,1420716
DHR,2019-02-11,93.87984466552734,94.09383307224306,93.36627985561982,93.77713759651401,1860185
DHR,2019-02-12,95.32637023925781,95.43764418585947,94.12805016211854,94.58169811667061,2000282
DHR,2019-02-13,95.19800567626953,95.6858919140546,94.66732175392345,95.56606576349445,2213136
DHR,2019-02-14,94.46190643310547,95.086745351215,94.40199703232759,94.98403825973017,2535744
DHR,2019-02-15,95.21511840820312,95.51470218017633,94.69299405754582,95.31783284430821,4567159
DHR,2019-02-19,95.28360748291016,95.71157699122409,94.92411427452026,95.30928609538167,2668848
DHR,2019-02-20,96.03682708740234,96.06250569657743,94.7186732155016,95.01825698921101,1921661
DHR,2019-02-21,96.23368835449219,96.26791913097814,95.26646818954941,95.72011621405724,2054878
DHR,2019-02-22,97.13241577148438,97.26080879456923,96.17376259820207,96.33638639456723,2093342
DHR,2019-02-25,105.40941619873047,106.22256490252667,103.85160245798161,106.08561230126224,9931814
DHR,2019-02-26,105.46074676513672,105.63193747344253,103.83445713485995,104.79311036895353,7519248
DHR,2019-02-27,108.18264770507812,109.1584199932502,107.01856564100255,107.31814200918511,17497649
DHR,2019-02-28,108.72189331054688,109.42376785086525,107.67764471861953,107.94298295121934,7028906
DHR,2019-03-01,109.3638687133789,109.7404809674148,108.21690551141296,109.17555890325562,4092158
DHR,2019-03-04,107.75467681884766,109.89453865401761,106.86449983480668,109.38097387611555,5082542
DHR,2019-03-05,107.29247283935547,108.37095964559654,107.02713458891076,107.3523895915033,3788275
DHR,2019-03-06,106.68474578857422,107.22398915449584,105.94007357231693,107.00144859950836,4279858
DHR,2019-03-07,106.53067016601562,106.99288506198161,105.82880301937462,106.51355109579467,3203858
DHR,2019-03-08,107.02713775634766,107.12129265536646,105.70898390250484,105.91441277309133,2672345
DHR,2019-03-11,108.1313247680664,108.54217522496546,107.01004002491672,107.26681879814925,3702434
DHR,2019-03-12,109.08140563964844,109.38954896994167,108.1997880659533,108.35385236488911,2802854
DHR,2019-03-13,109.67201232910156,110.37388703143968,109.21836421198212,109.34675727330212,2432194
DHR,2019-03-14,109.65486145019531,109.78325447427648,109.166975324896,109.56070656586914,2572517
DHR,2019-03-15,110.15131378173828,110.7761525039008,109.58639180777581,109.67198716234732,6192043
DHR,2019-03-18,109.62063598632812,110.57929664411225,108.9957972297562,110.25403427882856,3218297
DHR,2019-03-19,111.15277099609375,111.22124727909306,109.8945340284003,110.0143675236491,3570346
DHR,2019-03-20,111.05006408691406,111.42667630268808,110.47658254419389,110.71624955091096,3587040
DHR,2019-03-21,113.23271942138672,113.35255292805877,110.23691858563626,110.23691858563626,3390994
DHR,2019-03-22,111.00726318359375,113.49805860909021,110.98158457647689,112.58219565479861,3319591
DHR,2019-03-25,110.81038665771484,111.46090396283701,110.28826237982915,110.73335084137297,1974338
DHR,2019-03-26,112.19705200195312,113.0273198070399,111.63212987016789,111.86323739207567,2145907
DHR,2019-03-27,111.05006408691406,112.26550345998787,110.27115368129354,112.00015784540827,3322298
DHR,2019-03-28,111.28147888183594,111.60716064410231,110.57868338066899,111.41861115052706,1644737
DHR,2019-03-29,113.1498794555664,113.27844095239735,111.47860212438833,111.79571310736326,3622121
DHR,2019-04-01,112.97844696044922,115.27538251799879,112.54134531351221,114.11834397407085,2689603
DHR,2019-04-02,112.80705261230469,113.14988328211453,112.63564465327475,113.13274174862403,2333945
DHR,2019-04-03,112.24995422363281,113.19273113996208,112.14710502811965,113.19273113996208,2649785
DHR,2019-04-04,111.82144165039062,112.81563595188804,111.58146015477878,112.49852492284822,2556499
DHR,2019-04-05,112.78133392333984,112.93560771601511,111.78713978895945,112.12139229721463,3048984
DHR,2019-04-08,113.0898666381836,113.16700352437829,111.65856361276268,112.83274368420129,2395646
DHR,2019-04-09,112.98702239990234,113.58696860956911,112.30136853515835,112.47278384531283,2327515
DHR,2019-04-10,112.70420837402344,113.51842387479887,112.57565424305918,113.08132212741957,1843378
DHR,2019-04-11,112.64418029785156,113.03842806933244,112.14707598162315,112.92700813638469,1637743
DHR,2019-04-12,112.81562805175781,113.57841894780373,112.29281863451857,112.83276958595829,2467500
DHR,2019-04-15,111.84712982177734,113.07273458675431,111.14433439785097,112.79847007951506,2761006
DHR,2019-04-16,109.85875701904297,112.87563034397122,109.55021676038733,112.63565622632255,3525902
DHR,2019-04-17,107.03040313720703,111.23859693813986,106.28475399049789,110.655792319351,6662306
DHR,2019-04-18,108.6502685546875,111.17004415384436,107.38180998945379,109.91015635426592,6535294
DHR,2019-04-22,108.7359848022461,109.33593106964233,107.13327362570351,107.58751686544825,3082034
DHR,2019-04-23,109.51593017578125,110.27015032678113,107.00472484548223,107.55324658006157,3927922
DHR,2019-04-24,110.81865692138672,111.31575398394781,109.08737690479101,109.49877368142738,2940696
DHR,2019-04-25,111.75285339355469,112.0785425017188,109.82445317020607,110.35583328659946,2442571
DHR,2019-04-26,112.21566772460938,112.62706449407304,111.23861514888195,112.24138002270085,1924255
DHR,2019-04-29,112.54993438720703,113.08131453726848,111.53859131049343,112.26709909114416,2643242
DHR,2019-04-30,113.50982666015625,113.77552037905207,112.04424795128722,112.88416818185583,2893433
DHR,2019-05-01,112.75560760498047,113.7155259308441,112.3699305471204,113.69838440045594,2043710
DHR,2019-05-02,114.42688751220703,114.46974133647198,112.46420448849236,112.90987688497448,1920420
DHR,2019-05-03,115.34395599365234,115.421092884949,114.17834661025103,114.83828819324835,2611433
DHR,2019-05-06,114.6668930053711,114.89830371987784,113.22702624273306,113.26988007875283,3097488
DHR,2019-05-07,112.04425048828125,114.06692160024423,111.17861056686154,114.06692160024423,2551085
DHR,2019-05-08,112.89274597167969,113.96407692730449,111.74427812512404,112.13852596956322,2674714
DHR,2019-05-09,112.56707763671875,112.64421453682117,111.27290662008366,111.69286681143298,2464567
DHR,2019-05-10,112.85845184326172,113.36411959168692,110.49295025681621,112.24136415219449,1790813
DHR,2019-05-13,110.95577239990234,111.65856779121347,109.9701491245004,110.93863086899539,2621134
DHR,2019-05-14,112.06139373779297,112.99559242022619,111.2043245685467,111.31574451941232,1984716
DHR,2019-05-15,112.31851196289062,112.73847210398704,110.54438560045395,111.1786148828618,1860410
DHR,2019-05-16,113.36414337158203,114.1097926913401,112.58421836123294,112.90990011678396,2598574
DHR,2019-05-17,112.36135864257812,113.8955108450153,112.15566028000593,112.15566028000593,3078876
DHR,2019-05-20,111.6928482055664,112.2242282752127,110.89577441316013,111.57285749206189,2874595
DHR,2019-05-21,111.59857177734375,113.21843168678544,111.59000101194063,112.53277783040981,3238939
DHR,2019-05-22,112.90989685058594,113.244156738959,111.49573515152613,111.73571660984526,2170046
DHR,2019-05-23,112.81562805175781,112.89276495565996,111.60716464237478,112.06141529868742,1877669
DHR,2019-05-24,113.1670150756836,114.1954922448454,112.96131669150148,113.68125366026449,2018669
DHR,2019-05-28,111.5300064086914,114.9411341828418,111.32431541349877,113.68124641180712,4002257
DHR,2019-05-29,111.6585693359375,111.91569230309891,110.69865834361624,111.3671706823619,2034235
DHR,2019-05-30,113.50982666015625,113.62981737191565,111.52143127862126,111.64142199038066,2246412
DHR,2019-05-31,113.14131164550781,113.84410713733972,112.06140979565939,112.7899102116544,2246863
DHR,2019-06-03,113.0641860961914,114.69260980112496,112.45566897674182,113.3041675873056,2601958
DHR,2019-06-04,113.51840209960938,114.59830379816371,113.00416354676798,114.59830379816371,3767520
DHR,2019-06-05,115.0182876586914,115.54966781803596,113.75839970596924,114.58117855713986,3417389
DHR,2019-06-06,115.63538360595703,116.38959637651851,114.735460415437,115.06972034009819,2416176
DHR,2019-06-07,117.86373138427734,118.14655927595932,115.90104817037424,116.37243290709358,2686332
DHR,2019-06-10,118.2494125366211,119.12362329057318,117.43520452039418,118.43796938815228,1980317
DHR,2019-06-11,118.1979751586914,119.54357052008297,116.73239646244764,118.89219975201678,1970842
DHR,2019-06-12,118.9350814819336,119.12363835731344,118.15514905510138,118.257998259854,2059051
DHR,2019-06-13,119.49214172363281,119.5264247826334,118.59222617661399,119.2178846275014,1723020
DHR,2019-06-14,119.67214965820312,120.20352979396965,119.20933565297094,119.49216356555047,2591242
DHR,2019-06-17,119.43217468261719,120.18639478354997,118.83222838375873,119.9806963807842,2481149
DHR,2019-06-18,120.85489654541016,121.3091397688674,119.66357481966655,120.38351178990267,2064353
DHR,2019-06-19,122.16622161865234,122.71474332506341,120.6320690933834,120.6320690933834,2169257
DHR,2019-06-20,123.1175537109375,123.90604946192553,122.24335029660845,123.35753516829233,2316574
DHR,2019-06-21,123.18612670898438,123.48610354740102,122.19193251055363,122.81759111194756,3402161
DHR,2019-06-24,121.83196258544922,123.4946766263386,121.80625028453211,123.10042134560958,2448437
DHR,2019-06-25,121.87482452392578,123.06614646054736,121.54057196565367,122.07195217739756,2632526
DHR,2019-06-26,120.76919555664062,122.12336191166789,119.84356752654273,121.71197249561047,2614027
DHR,2019-06-27,121.83324432373047,121.93621036787893,120.65764577965231,121.64445970402085,1822961
DHR,2019-06-28,122.63986206054688,122.8029033327456,120.76061902482031,121.83325158871165,4261358
DHR,2019-07-01,123.56661224365234,124.32173597749272,123.01742798959377,123.60093672108003,1710499
DHR,2019-07-02,123.6867446899414,124.0042460978697,122.70850449354108,123.91843490653773,1997575
DHR,2019-07-03,124.69071197509766,124.7164553306631,123.72963408543778,124.02996584891778,1639435
DHR,2019-07-05,123.95276641845703,124.85376920901415,122.80290377412815,124.05572508433097,1268662
DHR,2019-07-08,123.24051666259766,123.56659916364352,122.40816294265291,123.54085580829779,2205240
DHR,2019-07-09,122.09923553466797,122.97450218042862,121.93619429368432,122.77713646765895,2822256
DHR,2019-07-10,122.36526489257812,123.24052425871369,122.33094041666818,122.47681943928544,2653394
DHR,2019-07-11,122.45966339111328,122.90587421571249,121.81608682005597,122.8715497380676,2617073
DHR,2019-07-12,120.15994262695312,122.39959258457232,119.71373181318354,122.19364572370137,4832126
DHR,2019-07-15,121.0866928100586,121.30121339949129,119.73089078257723,120.46027851012991,2745665
DHR,2019-07-16,119.98832702636719,121.61871751240591,119.8767724772878,121.37844617592721,2457461
DHR,2019-07-17,119.8338623046875,121.26689438009979,119.64507769037876,120.4688577134876,3107866
DHR,2019-07-18,122.70850372314453,123.5666082462927,120.88074751360107,121.3784450354177,5628833
DHR,2019-07-19,121.51575469970703,123.30918660648274,121.36129454133219,123.13756420828847,4310990
DHR,2019-07-22,121.5243148803711,122.12498578576763,121.01803627771713,121.85039738075454,2697274
DHR,2019-07-23,122.28804779052734,122.5883796018058,121.4299431865601,121.7302823826233,3720595
DHR,2019-07-24,122.44253540039062,122.60556933002132,121.03524619288949,122.22800735510496,3323426
DHR,2019-07-25,122.8886947631836,123.31774328886112,121.6616096288322,122.36525393720467,1486253
DHR,2019-07-26,122.09066772460938,123.68674106706561,121.81607930517409,123.60092987824711,1768478
DHR,2019-07-29,122.43392181396484,122.87155152551917,121.54149276699964,122.15074486927504,1655904
DHR,2019-07-30,122.4510726928711,122.77714782020571,121.38702135390014,121.83323952837793,2302135
DHR,2019-07-31,120.56324005126953,122.51970544409917,119.50776990696768,122.27086040332577,2240659
DHR,2019-08-01,120.32298278808594,122.15932012632143,119.39623669223599,120.85500478900484,2808494
DHR,2019-08-02,119.43914794921875,120.50319200149177,118.95860525548369,120.37447520852703,2279914
DHR,2019-08-05,116.44436645507812,118.38367730944812,115.07999060771903,117.70577625313017,3136178
DHR,2019-08-06,118.61534881591797,118.63251105222463,116.521578140856,116.95063404852235,3366065
DHR,2019-08-07,118.5896224975586,119.00150884330492,115.4146452486397,116.95065084917498,2328869
DHR,2019-08-08,120.89791107177734,121.05237121689161,118.9414380546824,119.3533317749871,2109360
DHR,2019-08-09,120.40021514892578,121.42993469384086,119.43914455830961,120.77777701278552,1474070
DHR,2019-08-12,118.76982116699219,120.75203012529535,118.44373864360391,119.7566350866255,1378754
DHR,2019-08-13,120.5975570678711,121.36984288159627,118.17771144602459,118.17771144602459,1890415
DHR,2019-08-14,117.0107192993164,120.34014932988326,116.9506514632986,119.3876598425981,2696710
DHR,2019-08-15,117.72293853759766,119.61934379516173,117.11368643710549,118.19490011069927,2536082
DHR,2019-08-16,120.43453979492188,120.60616218090975,118.31502548232443,118.90711532919833,2243254
DHR,2019-08-19,121.60157012939453,121.97055091356447,120.3315791081428,121.69596245168533,1809538
DHR,2019-08-20,120.19424438476562,122.27943380259113,120.1341765616989,121.77315525009712,1750543
DHR,2019-08-21,120.40880584716797,121.49001219382109,119.44773518009517,121.33555203436069,1645188
DHR,2019-08-22,119.75662994384766,121.46425040443444,119.07872895385702,120.77776829577577,1403909
DHR,2019-08-23,116.18695068359375,120.3058367234747,115.44898172448221,119.72232792936478,2547926
DHR,2019-08-26,117.04505157470703,117.51700579007614,115.81796618387642,117.02788933470143,1648798
DHR,2019-08-27,118.63253021240234,119.10448440227673,117.56848615910403,118.40083998484253,3413441
DHR,2019-08-28,119.69657135009766,119.95400493000457,117.77442277447886,117.92888292242301,1845521
DHR,2019-08-29,121.57582092285156,122.09068072580504,120.17711316573224,120.68339923367476,2486338
DHR,2019-08-30,121.92762756347656,123.03458452441636,121.18108498360287,122.55404186270682,2211218
DHR,2019-09-03,120.02265167236328,120.99230336923794,119.2503583316619,120.60616039127932,2166550
DHR,2019-09-04,120.35729217529297,121.85039194615177,119.65364788010568,120.54607677235822,1764982
DHR,2019-09-05,122.6656265258789,123.09468257917513,120.98374895131502,121.74746134139653,2517132
DHR,2019-09-06,123.84976959228516,124.36462931817678,122.81146902199066,123.21477420723599,1931249
DHR,2019-09-09,119.58500671386719,123.79828425620293,119.34474277766714,123.65241262467507,2285779
DHR,2019-09-10,117.20806121826172,118.72690437492116,114.84828324489686,118.6668365473303,4356674
DHR,2019-09-11,119.70513916015625,119.92824823793613,116.25557388164503,117.17373877832608,3226982
DHR,2019-09-12,121.62728881835938,121.97910729074769,120.22858127770664,120.44310923939679,2459830
DHR,2019-09-13,121.00946807861328,122.49397957134143,120.15136352866865,121.32696210967869,2427118
DHR,2019-09-16,120.69196319580078,121.55006772109573,119.76521710248358,120.41737476935957,2609290
DHR,2019-09-17,122.1335678100586,122.4596503128606,120.58040751685239,120.6919546725011,2050704
DHR,2019-09-18,123.52371215820312,124.2187680875568,121.70453692772166,122.18507224836524,2944193
DHR,2019-09-19,125.06826782226562,126.08082493004669,123.48077583497417,123.56658701102049,2957390
DHR,2019-09-20,125.6861343383789,126.42411069204437,125.13695740289592,125.84917562581663,5756748
DHR,2019-09-23,124.0814437866211,125.57454353427738,123.74678757271637,124.68212204067609,2029836
DHR,2019-09-24,124.03856658935547,125.44585547998813,122.76858300157605,124.74221841945655,3469502
DHR,2019-09-25,123.52371215820312,124.16728136911806,122.42534360107935,123.70390828795406,2355828
DHR,2019-09-26,122.64739990234375,124.55463106890474,121.77109830692466,124.45153589373601,2073941
DHR,2019-09-27,121.61644744873047,123.37763439341687,120.92056245617849,123.0597650179875,1879474
DHR,2019-09-30,124.08212280273438,124.70067904926708,121.84841625096989,122.19205943165638,2460281
DHR,2019-10-01,121.9257583618164,124.88111683488852,121.78829810876277,123.92749372284514,1894814
DHR,2019-10-02,117.79338836669922,121.20408347924567,117.2435548203458,120.73157131506129,3237134
DHR,2019-10-03,119.25389099121094,119.27966478578922,116.26416778770637,117.4841126107146,2151322
DHR,2019-10-04,121.69377899169922,121.7625091096453,119.59753996840502,119.72640154603864,2161474
DHR,2019-10-07,120.00132751464844,121.24704617245236,119.97555371923805,120.8948043018438,2074618
DHR,2019-10-08,116.51331329345703,119.11642955203182,115.48236891423916,118.89306406145492,3074702
DHR,2019-10-09,117.87071228027344,118.34323184812092,117.02019184517873,117.66452931690992,1838302
DHR,2019-10-10,119.2109375,119.7779536006823,117.00301195271608,117.32088136655386,2012014
DHR,2019-10-11,119.17655944824219,121.9858732437335,119.15078565586099,120.405095431383,2200051
DHR,2019-10-14,119.24530792236328,120.2762449893228,118.91884722878193,120.13020087018992,1241138
DHR,2019-10-15,118.20577239990234,120.8776188247311,118.20577239990234,120.01850711902694,2355264
DHR,2019-10-16,118.033935546875,118.9703759387715,117.62156226424533,117.87070152923452,2383351
DHR,2019-10-17,118.36043548583984,118.98759053967574,118.20579269060222,118.53225342036495,1160825
DHR,2019-10-18,118.56659698486328,119.05629168746349,117.70748528748074,118.06831101741895,1617890
DHR,2019-10-21,118.75559997558594,119.33120730318814,118.14562759000657,119.1507907488081,1519416
DHR,2019-10-22,117.76760864257812,120.04426395259249,117.67310474172986,118.85868434716117,2064578
DHR,2019-10-23,118.94461822509766,119.41713042020453,118.0425427676066,118.28309819454174,2702350
DHR,2019-10-24,117.21780395507812,118.84153851121336,116.57347376466362,118.2831135909419,3136968
DHR,2019-10-25,116.72807312011719,117.10608872348874,116.04937068030537,116.60779542813533,2667946
DHR,2019-10-28,117.02021789550781,118.13706779019745,116.85698382664052,117.08035676298525,2194524
DHR,2019-10-29,117.93083953857422,119.16796677117382,116.6507559858486,116.7023035699998,2653620
DHR,2019-10-30,118.7728042602539,119.25390776654295,117.52708546743334,118.05114530406215,3577565
DHR,2019-10-31,118.40338134765625,119.15939793715363,117.40680192665619,118.72984204855067,2862187
DHR,2019-11-01,117.32947540283203,119.70063504232904,117.29511034176595,119.17657525458695,2592595
DHR,2019-11-04,116.1696548461914,118.54940545325083,116.15247231780788,118.17998848651978,2452836
DHR,2019-11-05,114.66620635986328,116.45316714003704,114.15932177004416,116.12669909913659,3566172
DHR,2019-11-06,115.86038970947266,116.02361635388883,114.56312345820386,115.00986185271209,2898734
DHR,2019-11-07,115.55110168457031,116.16966536889231,115.1816846843773,115.84320469354911,2868842
DHR,2019-11-08,116.17826080322266,116.51332014907575,115.43941938280591,115.73152240226759,1875187
DHR,2019-11-11,115.56830596923828,116.61642570584246,115.26761903220329,115.67999243487182,1240236
DHR,2019-11-12,116.444580078125,117.08891752543009,115.57686975266891,115.69714745628869,1726742
DHR,2019-11-13,117.74186706542969,118.30029196607562,115.5167513353936,116.22981902519217,5229746
DHR,2019-11-14,116.9686279296875,117.81914824606811,116.09232642878014,117.56141772945843,2434675
DHR,2019-11-15,122.84500122070312,122.87936628178554,119.39135694301385,119.6404962423457,15505714
DHR,2019-11-18,120.4738540649414,122.91374408057959,120.37075887101024,122.50996196453237,5890754
DHR,2019-11-19,123.3690414428711,123.54086672103243,119.63189339746388,120.41368362606887,8089226
DHR,2019-11-20,122.8192138671875,123.55805520538505,122.37247551594602,122.9137177747321,6856548
DHR,2019-11-21,123.00821685791016,123.09412949776305,121.17829980958732,122.51852220426326,7818281
DHR,2019-11-22,123.12850189208984,123.58383151693296,122.38966053883505,123.36045864000253,5009335
DHR,2019-11-25,124.52024841308594,124.5717959933855,123.41199022367341,123.7040931787043,5518176
DHR,2019-11-26,125.41374969482422,125.77458282792016,124.34844761271493,124.57182050463148,9711854
DHR,2019-11-27,125.93780517578125,126.461872296638,125.23333629215107,125.69724977604372,9876881
DHR,2019-11-29,125.41374969482422,126.29005873234293,124.75223707117944,125.99795571983668,2253631
DHR,2019-12-02,125.16461944580078,126.0151399122867,123.77284927253118,125.85190587373289,9419251
DHR,2019-12-03,126.02372741699219,126.2814653649127,123.80721063893746,124.16804376602619,10916897
DHR,2019-12-04,126.55638122558594,128.53234251349326,125.40515176687417,126.2041393762786,17386428
DHR,2019-12-05,126.45329284667969,126.54779676254877,125.0099751004375,126.23851121970449,17027950
DHR,2019-12-06,127.33814239501953,127.95669851896041,126.10960662276315,126.89998799975066,25289760
DHR,2019-12-09,126.74535369873047,128.27458376548998,126.52199564194675,127.55293244174182,39237706
DHR,2019-12-10,127.87078094482422,127.95669356802337,125.63708231569898,127.04603454913871,45906216
DHR,2019-12-11,128.5839080810547,129.27119455950762,127.31241552693919,128.35194390395338,59998771
DHR,2019-12-12,129.98423767089844,131.4619054544002,128.0684006513242,128.3089560351129,83263658
DHR,2019-12-13,127.59590911865234,130.63717242399824,127.38971876838545,129.88115592671656,72307733
DHR,2019-12-16,130.10450744628906,131.9086431408702,127.17491627460586,127.25223764326174,103834430
DHR,2019-12-17,129.5289306640625,130.82619699690514,128.92755685247724,130.3536773837057,29560481
DHR,2019-12-18,128.87596130371094,130.1044970538605,128.49794575381054,129.72648150396012,36767837
DHR,2019-12-19,129.2454376220703,132.30389907839043,128.15436150781426,129.66640970209573,39905820
DHR,2019-12-20,131.3158721923828,131.48768268398177,129.50313028988543,129.7780507356904,22148844
DHR,2019-12-23,131.6509246826172,132.17499181421485,130.972229577906,132.05471411188094,18189902
DHR,2019-12-24,131.7368621826172,131.8571399076445,130.98084555519267,131.30731366598107,1747046
DHR,2019-12-26,131.43582153320312,131.87444751209028,131.17779754359788,131.47882553147065,1937002
DHR,2019-12-27,131.4874267578125,131.91745193844162,131.0745883731044,131.7626375441761,2924678
DHR,2019-12-30,131.45301818847656,131.57341457565573,130.85956303470473,131.53902618177682,2281493
DHR,2019-12-31,132.00344848632812,132.08945647568265,130.94556502070782,131.34980257067414,2475170
DHR,2020-01-02,133.4053497314453,133.51716010572335,131.7024065266497,132.4162727624248,2915993
DHR,2020-01-03,132.57969665527344,133.57737448801296,131.1003741016197,131.96043915695518,2627112
DHR,2020-01-06,132.97535705566406,133.10436907180258,131.81426371386144,131.97767893430358,3101323
DHR,2020-01-07,134.2826385498047,134.74708171982437,132.53670586939128,133.32796461487231,2241562
DHR,2020-01-08,134.42025756835938,135.6673587421911,134.40305596867285,135.28892354908731,3144977
DHR,2020-01-09,135.60714721679688,136.61342595103932,134.5062596884132,135.01370685698882,2374327
DHR,2020-01-10,135.9942169189453,136.38985379256158,135.34915679891876,136.09742653814956,2250924
DHR,2020-01-13,137.2412567138672,137.39607107314797,136.03715983401068,136.27798217066967,2564282
DHR,2020-01-14,138.806640625,139.32267388482234,137.0606928143925,137.4907328671146,3430361
DHR,2020-01-15,138.29916381835938,139.64947449199983,137.8433214598542,138.94420895619933,3000706
DHR,2020-01-16,138.90977478027344,139.29681065872694,137.99810507002067,139.03018594245896,2737656
DHR,2020-01-17,140.242919921875,140.33752871669483,138.87540760019365,139.54626996346147,2942726
DHR,2020-01-21,140.802001953125,141.1976388159327,139.84732780501201,140.11393784389423,2586617
DHR,2020-01-22,140.85357666015625,141.5158234203205,140.26012149276926,140.93098385590238,2123347
DHR,2020-01-23,139.74411010742188,141.07721943851993,139.51188848398553,140.72458660293142,2428922
DHR,2020-01-24,139.54627990722656,140.62996592166957,139.00442949828377,140.45794991883056,2222950
DHR,2020-01-27,138.64321899414062,139.21945783469891,137.27570649316195,138.17017495801974,2648093
DHR,2020-01-28,140.84500122070312,141.16323086051435,138.47981053169732,138.9012349809761,2375004
DHR,2020-01-29,142.10067749023438,142.92633943968704,140.50094358494343,141.54162552212895,2141170
DHR,2020-01-30,145.3947296142578,145.51514079937346,140.68155101063675,141.91145045516302,4325316
DHR,2020-01-31,138.35935974121094,143.88959923401018,137.90351741457027,143.83799444231502,4227180
DHR,2020-02-03,138.47117614746094,140.29451592646882,138.04973699694884,139.3312412430246,3381180
DHR,2020-02-04,139.9849090576172,140.87937739445297,139.7182842754192,140.40633342603718,2951299
DHR,2020-02-05,140.09671020507812,141.23201577431954,139.3914594276277,140.86218138433938,2195088
DHR,2020-02-06,141.03419494628906,142.01467129936583,139.81289620389194,140.77617095773155,2080370
DHR,2020-02-07,139.32264709472656,140.92238097979867,139.0732239121089,140.52674420737063,1874285
DHR,2020-02-10,140.18272399902344,140.76757840736067,138.79802478616892,139.6408883947418,1883534
DHR,2020-02-11,140.77613830566406,141.30937295489437,140.20848566250075,140.69013032942718,1862328
DHR,2020-02-12,140.90521240234375,141.7996809461859,140.34616031028943,140.6729907641058,1865035
DHR,2020-02-13,140.5525360107422,140.87076556457666,139.28823339759683,140.40632243195338,3083952
DHR,2020-02-14,142.72854614257812,142.73714694359944,140.20854105021644,140.561173892091,1842926
DHR,2020-02-18,141.05140686035156,143.11556931287646,140.47515324376616,143.0209605101535,2162038
DHR,2020-02-19,140.9739990234375,141.7394554385799,139.924716201404,141.42982663106233,2980627
DHR,2020-02-20,137.8347625732422,140.87941681502048,136.5188546963306,140.6041911563837,2739686
DHR,2020-02-21,139.2280731201172,139.40008915114794,136.69086626930357,137.017696728262,2194862
DHR,2020-02-24,134.87606811523438,136.8456212074386,133.56876165116043,133.56876165116043,2782889
DHR,2020-02-25,130.42955017089844,135.89099966656605,129.6554928737915,135.65877803640066,3595726
DHR,2020-02-26,130.8939971923828,133.74943363846563,129.44047656524828,130.22314948940632,3613097
DHR,2020-02-27,126.47323608398438,131.70244894812694,126.46463528319266,128.8814306987764,4781028
DHR,2020-02-28,124.34886169433594,126.2582247987422,121.45903683873347,122.26749736564007,8959478
DHR,2020-03-02,129.6038818359375,129.62968423804867,123.00714911512172,124.9767102711089,5282086
DHR,2020-03-03,126.8946304321289,134.11061176477634,125.64752941646678,130.59292948535315,3502891
DHR,2020-03-04,134.1536407470703,134.29125355274206,128.40838012748992,129.5092677694209,3906602
DHR,2020-03-05,128.5546112060547,131.69385935178425,126.782860895666,131.57344813045577,5069458
DHR,2020-03-06,127.66012573242188,128.11595334931025,123.30817255036526,124.90789921655238,3560419
DHR,2020-03-09,121.77726745605469,123.47160324049433,118.81002778236017,120.83979484393038,4797158
DHR,2020-03-10,124.11662292480469,126.64523582750778,119.58406070372402,125.98297425163817,4585207
DHR,2020-03-11,119.86790466308594,122.19869225683613,118.14776657257802,121.70845397429113,5395450
DHR,2020-03-12,110.85436248779297,116.70284017844604,109.98569644576423,111.68003192929217,6604327
DHR,2020-03-13,121.60523223876953,122.19868007991884,109.42665399513734,117.37369014513241,6481037
DHR,2020-03-16,109.77928924560547,117.18449042276546,106.24440428415399,111.75745136041576,5520094
DHR,2020-03-17,113.3399658203125,116.73723763605584,108.47197191014278,111.49081590242493,5473394
DHR,2020-03-18,110.20932006835938,112.1960829512992,104.12862760380109,106.82064878729028,5536562
DHR,2020-03-19,106.8120346069336,111.36179868303577,104.92848157489125,109.81367685761921,6490399
DHR,2020-03-20,106.48519134521484,111.80902679389534,104.60163854056155,108.26553456028925,7189646
DHR,2020-03-23,104.4038314819336,117.9757227815219,102.86430318302365,116.92644005151713,10128650
DHR,2020-03-24,111.07799530029297,113.52919408654431,107.62051755609171,108.15375983989472,5930122
DHR,2020-03-25,111.22418975830078,114.33763491083539,106.45939842718525,108.93639919075395,6471674
DHR,2020-03-26,119.4234619140625,120.21583102242482,112.15435756267235,113.55822722582732,5942981
DHR,2020-03-27,119.35456085205078,122.15368741927264,115.13434644236868,115.52192191834361,5929332
DHR,2020-03-30,121.2838134765625,121.96421640217896,115.83198469458532,118.4588557171245,5380222
DHR,2020-03-31,119.20816040039062,121.34410243518312,118.14879475999975,121.23213617760925,6170611
DHR,2020-04-01,110.84522247314453,116.76214097753575,110.26817310315465,114.85873711173699,4200334
DHR,2020-04-02,117.50285339355469,117.67510176677861,109.98397731129748,110.0873307824552,5812471
DHR,2020-04-03,116.40039825439453,118.68276467250924,115.40994253040854,116.6932330251255,2762246
DHR,2020-04-06,122.24840545654297,122.94602636005504,119.39760268702524,120.57753964911507,6323004
DHR,2020-04-07,119.11341857910156,125.74517713505574,119.01867790052415,125.12507115389919,3890810
DHR,2020-04-08,124.9958724975586,125.63321884593115,118.91531794292756,122.15368935554805,3700968
DHR,2020-04-09,125.51262664794922,126.45140567102419,124.11736988268207,124.48770492491391,3694538
DHR,2020-04-13,125.85713195800781,126.14135396791976,123.16997910630317,124.02263772400099,3024394
DHR,2020-04-14,131.03338623046875,131.73102222137928,126.60647146100762,128.88021837581687,3847946
DHR,2020-04-15,131.5673370361328,132.12715338333038,128.8887898494264,129.41415504762261,4172359
DHR,2020-04-16,133.3845977783203,135.10714030462336,132.40275491267923,132.79033031651394,4819718
DHR,2020-04-17,134.81436157226562,136.0804269267863,132.90235176702856,135.42585486165956,4021546
DHR,2020-04-20,134.21145629882812,135.51197271825234,132.99706777632463,134.3406481442092,3017851
DHR,2020-04-21,132.4200439453125,133.35021053620233,130.37022936418703,132.23917533684602,3420096
DHR,2020-04-22,138.0182342529297,138.5350015198159,133.75496359742004,134.42674622029674,4400892
DHR,2020-04-23,138.36276245117188,141.23079148013284,138.04408926482574,138.96565766858348,5778067
DHR,2020-04-24,142.16954040527344,142.69492041158213,139.0689667375012,139.17232018136522,4481093
DHR,2020-04-27,145.9935760498047,146.5361668160283,143.15999872639767,143.40115676653008,3634416
DHR,2020-04-28,142.3934783935547,146.96680916574115,140.8776426487906,146.2605754293341,3459125
DHR,2020-04-29,142.0834197998047,143.47867653923126,140.21447457585674,140.61064797351693,3028454
DHR,2020-04-30,140.78292846679688,143.01361115483942,140.1714352759321,141.1618911802821,3999550
DHR,2020-05-01,138.4661102294922,140.06807406016495,137.58762062999654,139.82691598310592,2397000
DHR,2020-05-04,138.7675323486328,138.85366021748402,137.02776422191246,138.7675323486328,1865261
DHR,2020-05-05,141.6355743408203,143.1083463697435,139.73217770527216,140.28338135249362,1693128
DHR,2020-05-06,141.2307891845703,143.9007092031935,141.02408225624615,141.73892889262368,2460732
DHR,2020-05-07,140.80010986328125,142.16091526516908,135.46024169061297,136.69185529889697,8317872
DHR,2020-05-08,139.0345458984375,141.89394702491566,138.75032389615657,141.29967948058572,10505628
DHR,2020-05-11,139.2757110595703,139.94750862525123,137.07947943530792,137.6306979507384,7122982
DHR,2020-05-12,138.03549194335938,141.16190498725072,138.03549194335938,139.80109902525862,3638702
DHR,2020-05-13,137.70819091796875,140.28337003355327,135.32247831252886,137.81154437299796,4644314
DHR,2020-05-14,139.23260498046875,139.35318399423127,135.73585805357615,136.17511017513962,2921746
DHR,2020-05-15,141.11880493164062,141.19632001987492,137.29477171763997,137.42396353136382,6301121
DHR,2020-05-18,139.73219299316406,143.7198700855177,139.47380930647364,142.35906415969322,3875921
DHR,2020-05-19,137.0449981689453,140.43839193679275,136.78661454660482,139.465161783385,2835679
DHR,2020-05-20,136.9330291748047,138.83644033030396,136.83828851518788,138.48331605355048,2380306
DHR,2020-05-21,135.7875518798828,136.6143646829118,134.64206592890739,136.226804056782,2570486
DHR,2020-05-22,136.30430603027344,136.66602825824774,134.80569592443328,135.873666682597,1673162
DHR,2020-05-26,136.57994079589844,139.94749665329144,135.9339816533876,139.71495136198752,3494093
DHR,2020-05-27,138.47467041015625,138.47467041015625,134.02191976097762,135.56357866261868,3508870
DHR,2020-05-28,141.22218322753906,143.11696718068404,139.52547859954333,139.76663669425426,3483715
DHR,2020-05-29,143.49591064453125,143.88348610187748,140.50730287714603,142.04036430657325,6010999
DHR,2020-06-01,142.4365234375,143.25472330058,141.6183087503474,142.74656891592733,1705762
DHR,2020-06-02,143.79737854003906,143.79737854003906,141.5150042372588,142.72939268445268,3338090
DHR,2020-06-03,146.1055450439453,146.1055450439453,143.15138864464205,144.6069348760178,4584869
DHR,2020-06-04,145.3734588623047,146.96680969875396,144.72751463481558,145.55432739674254,2932462
DHR,2020-06-05,149.19752502441406,149.94683769020992,145.22707364685593,146.4673004765091,3422578
DHR,2020-06-08,147.71612548828125,149.19751027078195,147.25104973819975,147.6988999114606,3179832
DHR,2020-06-09,145.94189453125,149.18025792010621,145.71796207277123,148.45679864755627,2683625
DHR,2020-06-10,148.732421875,150.30853237193202,146.61369093027594,146.61369093027594,2889034
DHR,2020-06-11,142.0231475830078,148.45682645558887,141.68724883237115,148.11231491647433,3718790
DHR,2020-06-12,145.02035522460938,147.44051892010822,142.3245823227163,144.47774959952073,3713714
DHR,2020-06-15,147.75054931640625,148.71518143996093,143.09109094445927,143.3925384830701,3151745
DHR,2020-06-16,150.6358184814453,151.96217296135427,148.7410348381898,151.0061683520383,3357266
DHR,2020-06-17,151.86741638183594,153.00428941346567,151.35064917469805,151.5831944179101,2377147
DHR,2020-06-18,151.58322143554688,152.56506448003535,150.56692723777545,151.3679017275283,2138011
DHR,2020-06-19,148.95635986328125,153.93449252441224,148.95635986328125,153.46080396153582,6230846
DHR,2020-06-22,150.5841522216797,150.9028253882928,148.7840942938061,149.49895572161392,1883760
DHR,2020-06-23,151.23008728027344,152.44447553045327,150.44633841812737,151.91049751336675,1452526
DHR,2020-06-24,147.67306518554688,150.54109414871553,146.19169519061512,150.4032895307541,2285102
DHR,2020-06-25,148.42315673828125,148.68181192360134,145.35381155179263,147.81962797253436,2236034
DHR,2020-06-26,148.04379272460938,148.9576928541017,145.92284992835118,148.39728813720396,3889006
DHR,2020-06-29,148.62142944335938,149.64741330111005,147.56958007222877,149.44048919407086,2574322
DHR,2020-06-30,152.45816040039062,152.95821234186408,147.77654522705038,148.2938556902894,2746342
DHR,2020-07-01,152.7425994873047,153.5099430053797,151.00101803569498,152.69949030089597,2367108
DHR,2020-07-02,154.91531372070312,155.8637011416928,153.3461539109288,153.87207123399554,1798032
DHR,2020-07-06,157.77772521972656,158.99338968427142,156.40686765251797,156.91555615569345,2129664
DHR,2020-07-07,156.95008850097656,159.26933418738977,156.5879711576284,157.14839085566723,3118243
DHR,2020-07-08,159.0019989013672,159.4072253039324,157.3725011320598,157.7690908566196,2120414
DHR,2020-07-09,159.9073028564453,161.39024445237757,158.0363933117879,159.07962108088896,2747131
DHR,2020-07-10,158.35543823242188,160.23497005419856,157.6053380003338,159.95907111825812,2206481
DHR,2020-07-13,157.26905822753906,160.95916097289174,156.89831913322686,158.9933964287515,2408731
DHR,2020-07-14,159.89002990722656,160.06246667049575,156.20854953038685,157.5794069587244,2283862
DHR,2020-07-15,162.38174438476562,162.4679627838835,159.40725413416556,161.35576027491845,2857788
DHR,2020-07-16,162.78697204589844,163.18357668472842,161.11434993048852,162.38174556709387,3116664
DHR,2020-07-17,164.63201904296875,165.5372973351086,162.14895898935592,163.76121326857591,3976877
DHR,2020-07-20,166.71847534179688,167.01161788121524,164.67512908457246,165.05447517828267,2290742
DHR,2020-07-21,168.12384033203125,168.76184168351028,166.1580755557567,166.87368831067897,2505288
DHR,2020-07-22,168.64974975585938,170.00336379803366,167.39959779382497,167.8479334744311,2872339
DHR,2020-07-23,171.76217651367188,175.0211869914999,170.35683165894307,173.85725361801465,4872283
DHR,2020-07-24,168.3566436767578,170.0206293335953,164.10612052358908,170.0033856513554,3513946
DHR,2020-07-27,171.5552978515625,174.4090975103981,168.33077387365168,168.8135821244367,2993712
DHR,2020-07-28,171.58114624023438,172.2795004438009,170.520674754997,171.30524735896134,2337780
DHR,2020-07-29,174.27110290527344,175.99544095936304,171.4259258244761,172.03806153017842,3379037
DHR,2020-07-30,174.27975463867188,175.34022613696314,171.46044259027042,171.8656690771283,1913539
DHR,2020-07-31,175.71096801757812,175.84029563271642,173.184813120849,173.74521794679083,2014044
DHR,2020-08-03,178.32330322265625,178.4957399916469,176.63345256585427,176.74553646569817,2340262
DHR,2020-08-04,177.66807556152344,178.4354044182559,176.02994093698103,177.44390774010702,1956742
DHR,2020-08-05,177.21115112304688,178.80617684857918,176.0472174421604,177.7370834175148,2347819
DHR,2020-08-06,177.34043884277344,178.616456168221,174.4866398285097,177.78015262939627,3078425
DHR,2020-08-07,177.0904541015625,179.03897539999159,176.18517560272872,178.37509361843092,1518062
DHR,2020-08-10,174.2021484375,177.4697811530113,173.6072415003525,177.17663860427194,2437834
DHR,2020-08-11,172.443359375,175.54719290144047,171.8312234157459,174.99539499819429,2731226
DHR,2020-08-12,177.53872680664062,178.45262682227002,173.4778855063735,173.78827168363915,1651618
DHR,2020-08-13,178.63369750976562,178.8837308361437,176.19374679717683,176.38342725167055,1366234
DHR,2020-08-14,176.62484741210938,179.2199913512601,175.91785659246256,178.3060763892776,1444630
DHR,2020-08-17,177.23699951171875,177.9957214369476,176.45242690596749,176.66797290745296,1392403
DHR,2020-08-18,179.05621337890625,179.58213084295258,177.28012896343262,177.89227967757978,1663123
DHR,2020-08-19,177.54739379882812,180.3235967444437,177.24562938307503,179.66833687023694,1342997
DHR,2020-08-20,177.3145751953125,178.1163913867771,176.18512912016496,176.47827164767074,1129805
DHR,2020-08-21,179.15963745117188,179.35792491345435,176.58173720530118,177.04730168323772,1615747
DHR,2020-08-24,177.22836303710938,180.52186114888073,176.56449624700846,179.92696907355963,1383830
DHR,2020-08-25,178.96131896972656,179.46137075931307,177.624948851929,178.6250672707551,1634472
DHR,2020-08-26,179.4958953857422,180.09080236130225,176.81454759457765,177.60774205566824,1287048
DHR,2020-08-27,176.21961975097656,177.79740148574646,170.81378592836992,177.4956371135888,2877866
DHR,2020-08-28,177.29737854003906,177.84917638522128,175.61614915981556,177.01285777611696,1564649
DHR,2020-08-31,178.01296997070312,179.04757596638672,176.87488705182926,177.60774347686166,1928993
DHR,2020-09-01,179.6597137451172,179.74593214900156,177.09905682906398,177.09905682906398,1802318
DHR,2020-09-02,181.03054809570312,181.55648029132428,178.0043270300268,179.08204209943207,2163166
DHR,2020-09-03,173.21925354003906,181.02191366115088,171.83115235340694,180.61668724353956,2672006
DHR,2020-09-04,169.48606872558594,173.35721554335638,165.97700951003736,173.2968626631008,4196273
DHR,2020-09-08,169.1153106689453,169.9774797364075,166.48567943154873,169.4515623927207,3010068
DHR,2020-09-09,174.1072998046875,175.45229188850251,170.3482224093387,170.59825574767598,2984237
DHR,2020-09-10,175.09878540039062,177.90085330101917,174.88323943270328,175.0211888520232,2725248
DHR,2020-09-11,176.63345336914062,177.84049591791128,175.83162238968765,176.18511776772607,2132484
DHR,2020-09-14,179.271728515625,180.78052075909474,177.45253520838557,178.03882029838,1940950
DHR,2020-09-15,179.92694091796875,180.80635355414296,179.176855851769,179.87520988997895,1794986
DHR,2020-09-16,178.51300048828125,181.30644672982555,178.36642922082908,179.7976396986488,2056457
DHR,2020-09-17,178.59922790527344,178.70268998164394,175.89199991955556,176.90936216421034,2216746
DHR,2020-09-18,177.87501525878906,179.82352142833446,176.48691385213522,178.96135226407122,4362878
DHR,2020-09-21,177.44393920898438,177.46118289061297,173.77970138188203,176.30587106115507,1811681
DHR,2020-09-22,178.59922790527344,178.97858885196533,175.78853784318505,176.99558056118576,1841911
DHR,2020-09-23,176.91793823242188,179.95279534148054,176.88346572220556,179.20271032150853,2008630
DHR,2020-09-24,175.5989227294922,178.047496228741,174.38325782204583,177.43534543409905,2695243
DHR,2020-09-25,178.7658233642578,179.0851135867308,173.8298285252567,174.69276021970052,2596092
DHR,2020-09-28,181.0353546142578,182.36427752888753,179.3094911153906,179.8445031559825,2342066
DHR,2020-09-29,182.08815002441406,183.14955958217323,180.70745019681712,181.21658873520713,1944785
DHR,2020-09-30,185.81602478027344,186.93784054297788,182.20032297024392,182.73534987916815,3705706
DHR,2020-10-01,185.2465057373047,188.70687735762476,184.46985372712973,187.26577125819404,2349624
DHR,2020-10-02,183.3739013671875,185.7297157721871,182.450563400078,183.12366171738117,1616537
DHR,2020-10-05,188.42210388183594,188.66372895029338,185.13432161581665,185.13432161581665,1401878
DHR,2020-10-06,188.32717895507812,190.54492218994775,187.35206407140493,188.85357642343035,2232763
DHR,2020-10-07,191.5977020263672,192.67637042535944,189.29364945336,189.43172090958703,1970278
DHR,2020-10-08,190.45863342285156,192.3225834337772,189.7941793195903,192.1413646275833,2425990
DHR,2020-10-09,195.07534790039062,195.17027203415165,190.8555832397257,191.22665030806425,1826345
DHR,2020-10-12,194.80784606933594,196.3007290457902,194.25556016719017,195.69666634031827,2130792
DHR,2020-10-13,194.6956329345703,194.98903477478416,193.62559401715978,193.66011188071437,1855447
DHR,2020-10-14,195.49818420410156,196.05909956087237,193.478918625293,194.8941363649777,2019233
DHR,2020-10-15,194.52305603027344,194.84234628852872,190.4327334963766,192.4779021897161,1945349
DHR,2020-10-16,196.27479553222656,198.0006588741917,195.02353792555076,195.36007221703812,2972393
DHR,2020-10-19,193.1509552001953,197.36208959885838,191.78751457099483,196.96513420537042,2575788
DHR,2020-10-20,195.91238403320312,197.61237405820066,192.9179889032875,193.30631489059755,2624292
DHR,2020-10-21,195.49818420410156,198.259583947253,195.20479717795845,197.4052815643391,4243649
DHR,2020-10-22,201.90975952148438,203.30771801956513,194.83368723257283,195.69661889266985,3094330
DHR,2020-10-23,200.7707061767578,204.1275239079577,199.62300204622466,202.95393137930466,2559432
DHR,2020-10-26,202.71231079101562,202.8935295818426,199.51945284431386,199.70067163514085,2689378
DHR,2020-10-27,206.9148406982422,207.5447769545593,203.50624569365092,203.50624569365092,3687319
DHR,2020-10-28,200.28746032714844,205.95696022454115,199.45041695629791,204.51585421807968,3208822
DHR,2020-10-29,198.53570556640625,201.40927321946432,197.0341933177341,200.4427878690113,2491865
DHR,2020-10-30,198.07833862304688,199.21741326537253,194.50578431037357,197.61236231873892,2930882
DHR,2020-11-02,200.58084106445312,202.9884321816736,198.33720978821054,200.52906427256536,2831618
DHR,2020-11-03,202.5828857421875,204.23972854412142,200.92605779303662,202.89354655244694,1871690
DHR,2020-11-04,207.55337524414062,211.84217526378038,205.8965474869812,206.63866670604415,3420886
DHR,2020-11-05,207.39804077148438,213.17970816725554,206.8802728616631,213.17970816725554,3823130
DHR,2020-11-06,211.81629943847656,213.79241755314237,206.90619243165347,209.24474813780253,2643242
DHR,2020-11-09,201.7371826171875,214.28427715773333,201.4610397160958,212.0233868606067,4380926
DHR,2020-11-10,194.92002868652344,202.14280361689995,193.99669054882034,201.210836011996,7031050
DHR,2020-11-11,201.18492126464844,202.69504812146764,195.14436927902702,196.72353186441228,4396944
DHR,2020-11-12,201.05543518066406,203.21277151967035,199.8128071917741,201.07269410902055,2612448
DHR,2020-11-13,202.51385498046875,203.8945399198152,201.84075659107458,202.78998305666863,2804208
DHR,2020-11-16,198.17327880859375,203.94631768094612,197.45704793595021,203.94631768094612,2426102
DHR,2020-11-17,197.91433715820312,200.26152167631386,196.55089668988057,197.29303059883406,2707313
DHR,2020-11-18,193.90171813964844,198.79456541334625,192.53827751411944,198.24227964998065,3241646
DHR,2020-11-19,194.87686157226562,196.06771307233308,190.89872215478846,193.40986714979832,3125124
DHR,2020-11-20,194.81640625,196.35243601626962,193.40118898185776,194.73874107263242,2654297
DHR,2020-11-23,190.7779083251953,196.58546485840202,188.7845313232794,195.88649294362608,3152647
DHR,2020-11-24,188.3444061279297,191.9169601785815,187.0068538686475,191.87381285238595,4445335
DHR,2020-11-25,187.4469757080078,187.58504716591142,183.3048765292446,185.22060315487548,3616255
DHR,2020-11-27,187.0672607421875,188.5946612417668,185.53987509538834,188.29262995740194,1587322
DHR,2020-11-30,193.84129333496094,193.99662369104342,188.99159385061,189.42305220917189,3744396
DHR,2020-12-01,194.16062927246094,196.74943964313147,192.43476559386923,195.03220543146057,4376189
DHR,2020-12-02,193.988037109375,195.04081712499203,192.64185524518786,194.24690624062583,2398692
DHR,2020-12-03,192.72811889648438,195.20474557300787,191.96009653409658,193.8326755311842,3607344
DHR,2020-12-04,193.66876220703125,193.89312834430288,189.6906225622175,191.79618276027784,2843801
DHR,2020-12-07,195.1530303955078,196.74945217194627,194.1865300388337,194.51444980270526,2081724
DHR,2020-12-08,192.86618041992188,195.791539338167,192.65045864852715,194.4194692611977,2292434
DHR,2020-12-09,192.29661560058594,193.5651318671719,190.72606811510403,192.88340425880682,2820226
DHR,2020-12-10,192.615966796875,195.2824272733735,191.52003945086986,192.4433774742314,3682356
DHR,2020-12-11,193.08193969726562,195.06670201975066,191.07993329560313,193.02153343540968,1656355
DHR,2020-12-14,190.795166015625,194.68701071797466,190.63120615763563,193.0560564570727,2171400
DHR,2020-12-15,192.58145141601562,193.91900383097183,190.56217116782523,191.4596356571462,2360904
DHR,2020-12-16,191.4855499267578,192.9439002133729,190.3205866792773,192.29670501045433,2009983
DHR,2020-12-17,193.72048950195312,194.24687199055782,191.95146410909837,192.28801322899943,1819802
DHR,2020-12-18,195.1184539794922,196.24026956124223,191.6580682677716,193.8499374947652,4761739
DHR,2020-12-21,195.16162109375,195.5240438027229,190.11344303758779,192.84032451093594,2800486
DHR,2020-12-22,192.3743438720703,195.083966561969,192.12408935147027,194.42812712867237,2057585
DHR,2020-12-23,190.3378448486328,194.09160374547534,190.2515501748862,192.83173121434234,1977722
DHR,2020-12-24,191.28781127929688,193.08417642845885,190.49326687081123,190.6487092550423,689208
DHR,2020-12-28,192.37600708007812,194.62147106479523,191.26191160200628,192.83374233727332,2385833
DHR,2020-12-29,192.47097778320312,194.88053515185194,192.29824752524834,194.6559858165107,1955501
DHR,2020-12-30,190.5882568359375,194.18965343797473,190.2514476554238,193.28281946952038,1609882
DHR,2020-12-31,191.8491973876953,192.0305642044292,189.71600789212968,190.71782877679325,2070444
DHR,2021-01-04,192.7905731201172,194.88921650732982,189.72464006579142,194.31057001003893,3601140
DHR,2021-01-05,197.5751190185547,198.0932949840863,192.35872411840393,192.35872411840393,4187023
DHR,2021-01-06,204.12149047851562,205.23558580713458,192.12552239264062,193.35189239192533,4472971
DHR,2021-01-07,207.02334594726562,209.9079118361513,205.45151529539572,205.93516006979013,4168186
DHR,2021-01-08,210.2878875732422,211.55744014448123,207.7055998649086,208.1719715761473,2591467
DHR,2021-01-11,210.83203125,210.91839639946753,208.86292070705454,209.87339295582444,1738474
DHR,2021-01-12,207.8697052001953,211.8079108309637,206.63469861281095,211.22064276751078,2499648
DHR,2021-01-13,207.1356201171875,208.405172781936,203.56878450954397,207.24789479668127,3674686
DHR,2021-01-14,204.42379760742188,208.4570052190318,204.10424657608377,207.55018607609327,2333494
DHR,2021-01-15,204.46697998046875,206.39290781607286,202.9037857476526,204.42379740870828,2932236
DHR,2021-01-19,203.91424560546875,206.9715269066374,203.344235692673,206.5483377289557,2544655
DHR,2021-01-20,204.72605895996094,205.14924812920754,202.6187793572093,203.7069652132175,2313754
DHR,2021-01-21,201.3146514892578,206.00421826643807,200.97782750539793,204.4669339229615,2684414
DHR,2021-01-22,205.5810546875,206.79878822314782,201.96240013447317,202.39422580843032,3057444
DHR,2021-01-25,205.67608642578125,206.66927075627228,201.72060726838896,205.4688100719577,2445955
DHR,2021-01-26,202.07464599609375,206.2892193782299,202.07464599609375,206.2892193782299,1853530
DHR,2021-01-27,191.9010009765625,198.9828684476279,188.12690365000645,198.9828684476279,5268662
DHR,2021-01-28,197.40237426757812,200.3646537030077,194.5264450993124,194.83735957478132,2957052
DHR,2021-01-29,205.40834045410156,206.49652637251668,195.13965890992904,196.85829549662938,6483406
DHR,2021-02-01,208.78521728515625,211.10841019114562,206.4620095142523,206.84201619074307,4042978
DHR,2021-02-02,211.66969299316406,212.55923889316566,209.72650745982784,211.3760515756207,4123742
DHR,2021-02-03,205.7451629638672,211.16019783780519,205.65016130889197,210.74564516154967,3199121
DHR,2021-02-04,203.41331481933594,207.1701535009529,202.6187704625821,205.21831636481772,2779618
DHR,2021-02-05,203.4651336669922,205.84878159944648,202.57558766518412,204.03512867784292,1659175
DHR,2021-02-08,203.51699829101562,206.2029247889638,202.16108026923877,203.9574605663102,1747610
DHR,2021-02-09,204.68284606933594,205.91785247457415,202.73966051395746,204.25965696278186,2111503
DHR,2021-02-10,205.1060791015625,206.28063017169288,204.00924179457382,206.28063017169288,1586306
DHR,2021-02-11,207.84384155273438,208.09430050395778,205.03701859066513,206.64338075488885,2086010
DHR,2021-02-12,212.36927795410156,213.38837167011516,207.43788826367808,207.4810708306664,2372748
DHR,2021-02-16,209.23428344726562,214.92567227124994,208.65565183121853,214.02748961347845,1846762
DHR,2021-02-17,207.1960906982422,209.49337380727653,206.66926331790205,208.18927499298687,2201630
DHR,2021-02-18,205.02833557128906,206.06470233844036,203.38741285210114,205.6069671176126,1763966
DHR,2021-02-19,199.7083282470703,206.01290965887216,199.60469007058205,204.9592697294883,3474917
DHR,2021-02-22,194.75099182128906,200.10557047820237,194.3191661667281,200.10557047820237,3872875
DHR,2021-02-23,193.3259735107422,195.73553082723757,192.47097361728223,194.62143555245336,2464003
DHR,2021-02-24,192.59188842773438,195.3900888689933,192.16006278404925,193.8873504938794,3249317
DHR,2021-02-25,189.3618927001953,193.5678153541514,188.3341475841406,191.72826769137225,3297595
DHR,2021-02-26,189.71600341796875,192.41920284523292,189.621001754301,191.8405563483475,3529963
DHR,2021-03-01,194.8978271484375,195.81328273979543,190.79552771743602,190.79552771743602,2242238
DHR,2021-03-02,193.53326416015625,195.82191046833086,191.84052240828478,194.38826411698736,2330448
DHR,2021-03-03,189.72462463378906,195.1482960807199,189.5346213217751,194.31919071920433,2724684
DHR,2021-03-04,185.17324829101562,190.0614560479538,183.66187311546344,188.93008751114718,4017598
DHR,2021-03-05,188.5759735107422,189.41370047887324,183.56685499961762,186.54642251102894,2743634
DHR,2021-03-08,183.4200439453125,189.47416607387726,183.16959989846941,188.28234197940094,3240067
DHR,2021-03-09,186.840087890625,189.1373711103753,186.28735094035068,186.70190365305643,5334425
DHR,2021-03-10,183.8950653076172,189.37054137438284,182.418236139537,187.29780754913105,3706157
DHR,2021-03-11,189.32733154296875,190.00096468358336,185.31139764322424,186.40821991551474,2733482
DHR,2021-03-12,185.40640258789062,188.7918711068763,184.68093549209405,187.95414420640273,2581202
DHR,2021-03-15,187.4100799560547,188.6450866943136,185.33734615608185,185.85552217361834,2010886
DHR,2021-03-16,186.46006774902344,188.3082520629805,185.3891548502491,187.60870927580729,4423903
DHR,2021-03-17,184.94004821777344,186.35642162503112,183.78277022615657,185.19050711955953,3333578
DHR,2021-03-18,186.5032501220703,188.58462031784555,183.705049246524,184.9832384852996,3927809
DHR,2021-03-19,190.91644287109375,191.3050859973854,186.58960885802844,187.23733253693578,5299457
DHR,2021-03-22,193.06689453125,193.37780901525255,188.90415451063865,190.35507390440597,3060715
DHR,2021-03-23,190.27735900878906,193.92192335053616,189.36190338254661,192.52282293651385,2748598
DHR,2021-03-24,189.5432586669922,190.52782128810864,188.17870428509428,189.23235901997327,2021489
DHR,2021-03-25,189.0504913330078,190.57195856908066,186.1890973405191,190.57195856908066,2657230
DHR,2021-03-26,195.60317993164062,195.80199511806373,188.44537196679633,190.08786632498058,2977243
DHR,2021-03-29,196.13050842285156,197.44450101032848,192.17124108849148,194.35835705839793,2650913
DHR,2021-03-30,192.77633666992188,195.31787346530916,192.10204350261887,195.0758195078158,2773414
DHR,2021-03-31,194.5744171142578,196.545412982104,193.45925486023728,194.07303452267791,3010970
DHR,2021-04-01,194.5744171142578,196.3552277345872,193.76182229946858,194.95478760929143,1967683
DHR,2021-04-05,195.8279266357422,197.22836698075568,195.0153316934634,196.77885302251892,2880348
DHR,2021-04-06,196.27743530273438,199.61427746143187,195.48213001285356,198.25706118256397,2999239
DHR,2021-04-07,195.43026733398438,197.02087796280642,194.30646020049483,195.47349125754735,1820930
DHR,2021-04-08,198.7758026123047,199.9082548052909,196.8566896987406,197.03821534260388,2277996
DHR,2021-04-09,200.86778259277344,200.8764273783498,197.98911363329174,198.94866995311898,1694256
DHR,2021-04-12,203.01162719726562,203.34877378083635,199.7698777619099,200.1761826190336,2906743
DHR,2021-04-13,209.92739868164062,214.30160035327623,205.05179948250068,206.1064483681032,6945096
DHR,2021-04-14,205.1382598876953,209.20124954955799,204.79246846825208,208.91598650766616,2945208
DHR,2021-04-15,209.71131896972656,210.376952658948,204.8875875622816,205.84714399597908,2594400
DHR,2021-04-16,210.1175994873047,210.82645702704306,208.78631738464082,210.39421774723365,2076197
DHR,2021-04-19,209.19259643554688,209.8236657509062,207.42909002489404,209.06292465841824,2278560
DHR,2021-04-20,209.0715789794922,210.2126906702712,207.61928476770768,207.61928476770768,1492570
DHR,2021-04-21,211.27597045898438,212.0712757966427,208.30219418922204,209.67670011955448,2081160
DHR,2021-04-22,218.64125061035156,221.39024775074003,214.43128472639674,214.43128472639674,4504781
DHR,2021-04-23,224.5714569091797,224.74435258603862,218.46831391179003,218.68443350786367,4019177
DHR,2021-04-26,223.11915588378906,225.0814921262804,222.79929887044534,224.37263470558412,2343307
DHR,2021-04-27,223.05001831054688,224.22569418414943,220.69866656334176,222.85983304171958,2154480
DHR,2021-04-28,223.36988830566406,223.84533662615317,220.7073241459893,221.13091863293945,1613830
DHR,2021-04-29,221.80517578125,224.6233458091529,220.96664655223427,224.554187532191,1930234
DHR,2021-04-30,219.52297973632812,222.4967409721673,218.52884439620996,220.72458990481474,2287810
DHR,2021-05-03,220.15406799316406,222.0818403574899,219.57488222068642,221.93487899812183,1684894
DHR,2021-05-04,221.32972717285156,221.51991244699573,217.75083074231122,219.56622075272068,2256451
DHR,2021-05-05,220.00709533691406,222.77339690702945,219.15127646133504,222.28065901830462,1793182
DHR,2021-05-06,222.15965270996094,222.3325484340866,218.3041226994088,219.28096866156872,1982122
DHR,2021-05-07,223.4476776123047,225.9978594040874,223.09324143076836,223.6983614957069,2967204
DHR,2021-05-10,223.9231414794922,225.33222663958935,222.453557699926,223.56007536693352,2266039
DHR,2021-05-11,222.95494079589844,223.50820707000682,220.66410238796618,222.00402926642354,1729337
DHR,2021-05-12,216.3590850830078,221.64962007833313,215.99600404636513,220.54310227438236,2097629
DHR,2021-05-13,218.42510986328125,219.71316789391219,216.54056169322277,217.68165838515418,1847213
DHR,2021-05-14,219.21176147460938,221.98670746954758,218.76224757130117,219.49703935578273,2624630
DHR,2021-05-17,216.90367126464844,220.1627108624628,216.33313028298264,218.82278394727348,1414174
DHR,2021-05-18,216.0564727783203,218.45969319310197,215.7106813865107,217.0160290114444,1690872
DHR,2021-05-19,215.5377960205078,215.650178228232,212.61590325712422,214.2238035478042,2132484
DHR,2021-05-20,220.37020874023438,220.68142106046014,215.9527822669664,216.3590872405945,2720398
DHR,2021-05-21,218.33868408203125,222.50541117788953,218.3213945110252,220.9061556181293,1756296
DHR,2021-05-24,219.49705505371094,220.49983522252646,218.08796999477235,219.7304642459093,2501904
DHR,2021-05-25,220.56036376953125,220.77648340668682,218.58938243697028,219.6180970306819,3977779
DHR,2021-05-26,217.64707946777344,221.78788667201374,216.45411406685363,221.78788667201374,4110658
DHR,2021-05-27,220.63815307617188,221.0098788288923,217.23215244450282,217.7594694471211,4750572
DHR,2021-05-28,221.42481994628906,225.20254643848847,221.31243773877105,222.1682714729468,2332817
DHR,2021-06-01,211.97618103027344,219.57485766345522,210.35962113717,219.57485766345522,7237699
DHR,2021-06-02,209.20985412597656,212.43432873425948,208.95052549038462,211.75139081211628,3759624
DHR,2021-06-03,208.3453826904297,209.84091535600038,206.01996568843938,208.46640965936624,3668256
DHR,2021-06-04,209.43467712402344,211.38838393605891,208.656661241197,210.50661573915212,2246976
DHR,2021-06-07,207.67977905273438,210.21267122221113,207.35992201748675,209.38277188751454,2566651
DHR,2021-06-08,207.64520263671875,209.0542728089382,206.65105237899346,208.89003677594005,2624066
DHR,2021-06-09,208.0774383544922,208.76902118021349,207.36858083727643,208.26762363156556,2148840
DHR,2021-06-10,212.8838653564453,213.30745980910334,208.50101900573736,208.50101900573736,2881025
DHR,2021-06-11,213.54087829589844,214.14599837546928,212.6245459518435,213.34204823803358,3352529
DHR,2021-06-14,213.87803649902344,214.32755047069716,210.7659434439333,214.32755047069716,2119850
DHR,2021-06-15,211.88111877441406,214.29298434297155,211.50074818523223,213.67921940775994,2429261
DHR,2021-06-16,211.56988525390625,212.9876151558733,210.0657223785806,212.28740242971472,2164970
DHR,2021-06-17,222.23741149902344,223.87989079260885,210.47199372919914,210.47199372919914,5641128
DHR,2021-06-18,222.1423797607422,224.70120691098214,221.13959936492407,222.22018284242083,4836300
DHR,2021-06-21,227.00062561035156,227.12165259172343,221.0098644281794,223.78479557790754,3134599
DHR,2021-06-22,230.84750366210938,231.43533410485523,226.80178931946597,227.50200195610304,4207553
DHR,2021-06-23,232.2393035888672,233.94231132891542,229.68913668995108,230.47579723388367,4011732
DHR,2021-06-24,231.2963409423828,234.13401932699463,229.37572678221133,233.28618238764216,3530866
DHR,2021-06-25,230.61285400390625,233.70141203282998,229.7909718173209,231.34822070866278,4510985
DHR,2021-06-28,235.05104064941406,235.61339128606454,230.6042044089022,230.6042044089022,2504047
DHR,2021-06-29,234.3416290283203,236.25359141498612,231.97113458320698,236.25359141498612,3390204
DHR,2021-06-30,232.17010498046875,234.11667343267553,230.95890319245862,234.01285486020714,2108570
DHR,2021-07-01,235.50091552734375,235.570127911738,231.08868558536352,231.85865847096125,2007163
DHR,2021-07-02,237.07546997070312,237.13603080387776,235.43169081817922,236.4958162817459,1623192
DHR,2021-07-06,241.1330108642578,241.26278409146101,237.23122206283813,237.56861756277732,2857562
DHR,2021-07-07,240.98594665527344,242.67298380293897,238.22614722370832,242.00682942726183,2075182
DHR,2021-07-08,239.627685546875,240.3630523209,237.54267712918954,237.91469373609596,2178732
DHR,2021-07-09,240.0515899658203,240.72641076912183,238.6673570549658,239.7314826616901,1876428
DHR,2021-07-12,240.51878356933594,242.18850276770647,239.87856893453608,241.05516472391855,2007276
DHR,2021-07-13,239.4287109375,242.20581362122275,239.16051290622605,241.07247554114608,1718395
DHR,2021-07-14,238.8836212158203,240.3889756545625,238.68463561479047,239.99965600037365,1631765
DHR,2021-07-15,243.06227111816406,243.61595528417052,237.94061440596795,238.18285774331548,2556950
DHR,2021-07-16,246.38441467285156,247.56966179610367,243.2439475853865,244.33402768561353,2893884
DHR,2021-07-19,245.48471069335938,246.7218673139395,243.44296001293708,244.53305519078774,2840304
DHR,2021-07-20,245.35494995117188,248.2964320989702,243.78038283822423,245.41551079746952,2733595
DHR,2021-07-21,242.06735229492188,245.30298640922473,236.23626880402784,244.86175748377033,3099631
DHR,2021-07-22,249.9921112060547,251.09947964785175,244.08316306166788,245.39818356113727,2761570
DHR,2021-07-23,251.99057006835938,252.9422404007241,249.32593781010544,250.96971712976452,2341954
DHR,2021-07-26,251.04754638671875,253.59973809518868,248.53862730800722,251.7569733058345,2276417
DHR,2021-07-27,251.4109344482422,252.83842507437953,250.08726240515406,251.75699639173956,1953583
DHR,2021-07-28,253.3834686279297,254.30053281758748,250.2689407842567,250.2689407842567,2423395
DHR,2021-07-29,257.4929504394531,258.41001477416546,253.49599375132902,253.8074197815335,2007840
DHR,2021-07-30,257.3717956542969,259.3097128969818,256.11733590884387,257.0863094209767,2515440
DHR,2021-08-02,256.982421875,259.5432499740588,255.22617274629914,258.8251566910683,1348186
DHR,2021-08-03,261.55902099609375,261.87047669055175,257.12948846028246,257.63991484652416,2203435
DHR,2021-08-04,264.4054260253906,265.68582550500196,261.71480915786606,261.71480915786606,1788218
DHR,2021-08-05,265.7203369140625,266.8017652702707,263.5661168568372,264.7859699486605,1586870
DHR,2021-08-06,265.84149169921875,266.4124938048158,262.77887382349866,265.9539469201406,1874059
DHR,2021-08-09,266.4384765625,267.4506928404774,264.5611352210012,266.13568725750423,1737571
DHR,2021-08-10,267.2257385253906,270.5306000782658,266.35194706858823,266.91431257911313,1752686
DHR,2021-08-11,268.6878356933594,270.51329743275585,266.29140156685617,267.58046732961066,2395534
DHR,2021-08-12,271.45635986328125,272.16578695324534,267.6583741393847,268.06501187442393,2182793
DHR,2021-08-13,272.7453918457031,273.24718167594455,270.556594672364,273.24718167594455,1549195
DHR,2021-08-16,275.8079528808594,276.0761359469159,271.74178535638475,272.52039480435604,1828488
DHR,2021-08-17,277.66802978515625,277.9794854872836,275.1418077605863,276.205933185401,1983362
DHR,2021-08-18,272.4944152832031,279.8048671914487,272.2781117491129,277.84101098258515,3748908
DHR,2021-08-19,276.6645202636719,277.5037056713863,270.39222135250947,270.83343548464404,3639379
DHR,2021-08-20,278.178466796875,279.6145939187896,276.3703082368833,277.98813274942455,3717550
DHR,2021-08-23,275.65228271484375,279.1474786505909,275.539827471165,278.29962686767504,3091510
DHR,2021-08-24,277.40850830078125,278.8273324008698,275.26295416374217,275.9118053773739,1980994
DHR,2021-08-25,276.39630126953125,278.2130966408094,275.6090252607492,276.6471812808034,1514678
DHR,2021-08-26,275.4100341796875,277.6940132398344,273.8614218633977,276.84619125440895,1450834
DHR,2021-08-27,276.06756591796875,278.3947879489086,274.75253045736224,276.032959721637,1484786
DHR,2021-08-30,282.9107971191406,283.2827987473079,277.30465425712373,277.60744350967167,1930346
DHR,2021-08-31,280.4451599121094,285.0390873067889,278.67160743238145,284.00090152892557,2718706
DHR,2021-09-01,283.4212646484375,283.871145155281,277.74590858679716,279.9520384891834,2467500
DHR,2021-09-02,286.7348327636719,288.0844448312735,284.0788514892528,285.06509844361204,2564508
DHR,2021-09-03,287.59991455078125,288.3439179068333,284.29505295358734,285.73118015859666,1504526
DHR,2021-09-07,285.49761962890625,287.1413840829029,283.08385245798235,286.0599553976558,2177604
DHR,2021-09-08,285.9388427734375,287.2106055683464,283.46452957467807,284.88338359137595,2043710
DHR,2021-09-09,284.0961608886719,287.44426626254653,283.4299766088316,285.9302598145945,1672824
DHR,2021-09-10,285.48895263671875,288.92360253677055,285.3851638351989,286.1724398662397,2756606
DHR,2021-09-13,278.10064697265625,286.8039856576631,273.68838700893303,286.3627715739221,2292434
DHR,2021-09-14,280.3846435546875,282.8502903649455,278.69760637841614,280.19430947532675,2130115
DHR,2021-09-15,281.3968811035156,284.1912869886441,274.56221639291357,279.26862965554534,2654522
DHR,2021-09-16,280.30682373046875,282.65137912899957,278.2391179601976,281.9159824131416,2023745
DHR,2021-09-17,280.7651672363281,284.7880912343134,278.42064307069865,281.033380038468,3902429
DHR,2021-09-20,280.40191650390625,281.76883132712777,276.8548115515122,276.8548115515122,3576662
DHR,2021-09-21,280.9123229980469,283.27415079784373,280.2634718250543,281.17186942355886,2114887
DHR,2021-09-22,280.419189453125,282.2273181458849,279.59727757819235,281.9504686354358,2026790
DHR,2021-09-23,281.1977844238281,282.9713366179284,279.63186935186087,281.30160298489466,2552326
DHR,2021-09-24,280.7392578125,282.1407785577792,278.77537165640257,281.11992585682975,1592398
DHR,2021-09-27,273.38555908203125,279.0436114518067,271.2746113228815,278.1870933785128,2043598
DHR,2021-09-28,262.9606628417969,269.5357515498556,260.3825307026736,267.26040877237244,4197965
DHR,2021-09-29,265.4452819824219,267.6962098800872,264.2419002670565,264.6747767477936,2316912
DHR,2021-09-30,263.5666198730469,269.4017353821601,263.3415240971571,267.22871029292395,3193932
DHR,2021-10-01,261.7312927246094,265.76564263354805,251.11727875028254,265.76564263354805,3010181
DHR,2021-10-04,258.48468017578125,262.8393424364554,257.23799609165445,261.229071963288,2596994
DHR,2021-10-05,259.3070983886719,262.93455762032727,259.2118506873921,261.23768227130745,1988890
DHR,2021-10-06,260.2421569824219,260.2594720420236,255.7143434019826,258.7011464800336,1850710
DHR,2021-10-07,261.9822692871094,265.45389355319406,261.9563116023858,262.1381048019422,1881842
DHR,2021-10-08,259.5235595703125,263.21163693268556,258.91753257144495,262.25930879160796,1215984
DHR,2021-10-11,258.6318359375,261.86972165108875,257.6016049926603,259.11665751205095,1265052
DHR,2021-10-12,256.99560546875,260.20750403990183,254.13000805925856,260.20750403990183,2874482
DHR,2021-10-13,256.13861083984375,258.97825151500183,255.16032463136227,258.65793773419523,3115536
DHR,2021-10-14,260.09490966796875,262.9258762930437,258.4759670204411,258.4759670204411,3181073
DHR,2021-10-15,260.91748046875,262.0256444368484,260.00845461475535,260.7010570948168,3336511
DHR,2021-10-18,263.3415222167969,264.49295877646557,259.20328258624727,260.68370527755957,1993740
DHR,2021-10-19,267.0642395019531,268.7264554753342,264.69210606193093,265.1855703754629,2061984
DHR,2021-10-20,272.55303955078125,273.2543144280086,269.2459224775141,272.21541075965,2918249
DHR,2021-10-21,269.0208435058594,272.27601559927,261.4542507213173,272.27601559927,3239729
DHR,2021-10-22,271.3063659667969,271.97298087293,267.9213164541797,269.3497939971326,2452272
DHR,2021-10-25,265.0037841796875,271.6007634140808,264.28522398416595,270.52722953481083,2601619
DHR,2021-10-26,265.7222900390625,268.137695799346,264.6054837580825,266.27634206365815,1527763
DHR,2021-10-27,264.25921630859375,268.62255164630807,263.56661393683993,266.81314285118486,2119286
DHR,2021-10-28,263.6791076660156,266.6313099350244,262.5882888950661,264.70069601226385,2715773
DHR,2021-10-29,269.9125061035156,270.11161438242334,262.042916036662,262.6835434222929,3115198
DHR,2021-11-01,268.1030578613281,272.69148825095095,266.82177347650156,270.8907521686963,2101915
DHR,2021-11-02,271.19384765625,272.5617376148957,267.2287578868011,268.66587829434405,3100308
DHR,2021-11-03,269.1159362792969,272.4057667692011,262.96918145586585,272.4057667692011,3261048
DHR,2021-11-04,264.9084777832031,269.69604628165786,262.7700831710482,269.1765945780377,3754661
DHR,2021-11-05,252.8660430908203,255.87883380343183,244.58090588385048,255.36805442183817,7674235
DHR,2021-11-08,260.8914794921875,261.41090146388393,253.9655154450072,255.06503660076874,3294550
DHR,2021-11-09,259.0215148925781,262.0169910342239,257.43723130763414,261.5927868854637,2095824
DHR,2021-11-10,261.4801940917969,262.02563342300465,257.6016799708241,257.6016799708241,2516004
DHR,2021-11-11,263.65325927734375,265.01247689192655,261.61011154003995,262.9433416576942,2429374
DHR,2021-11-12,263.5146789550781,266.1638533273731,261.410914070559,264.48432231305173,3085080
DHR,2021-11-15,259.4456481933594,266.908348156395,258.96082661018846,263.23758597169217,3526015
DHR,2021-11-16,264.5622253417969,266.9863039360282,259.4023970737971,260.73565669181704,3104030
DHR,2021-11-17,268.0945129394531,268.9862237772683,265.35876280480113,268.38019657607276,2745778
DHR,2021-11-18,270.67437744140625,271.39293751739626,266.6919435152119,268.3455168143827,2246412
DHR,2021-11-19,271.95562744140625,278.0677831291607,271.4621632041758,272.7867502006697,2629594
DHR,2021-11-22,271.6094055175781,274.44904597119313,267.341287305888,271.6959808302546,2494346
DHR,2021-11-23,271.4275817871094,271.81715574932696,266.5794244259075,268.5273538413348,2002087
DHR,2021-11-24,273.1243591308594,273.5139329949547,268.9947629232325,270.8474739398493,1757198
DHR,2021-11-26,280.4659118652344,286.9849573855355,276.99428707271727,277.6435869152309,3472322
DHR,2021-11-29,282.68218994140625,285.2188311278173,279.73865977856224,279.90316773651364,3484054
DHR,2021-11-30,278.4574279785156,287.1581422741114,276.9596900255188,284.33581698708696,3770114
DHR,2021-12-01,276.7951354980469,282.06749588610097,273.3667839901753,277.2972423524035,2644032
DHR,2021-12-02,273.6265869140625,279.4443881411089,272.70888862815866,275.4100084977036,3250106
DHR,2021-12-03,270.9254150390625,278.65648442963385,268.6918022722214,276.4401867214672,3402612
DHR,2021-12-06,265.6962890625,272.14607299424483,263.6531422322226,269.488256569696,2744086
DHR,2021-12-07,271.2804260253906,273.964230982432,269.96451104240083,270.0770440505714,2450580
DHR,2021-12-08,275.5311279296875,276.71719440526823,271.2024233856111,271.83440805019643,2508785
DHR,2021-12-09,276.414306640625,278.6825501616471,274.27591119503444,277.4012354599939,2221596
DHR,2021-12-10,274.86456298828125,279.70404767824647,274.5961944635032,275.97269700902785,2103946
DHR,2021-12-13,275.7475891113281,277.2972420185814,273.5658919166593,275.68697151039436,3074590
DHR,2021-12-14,266.3889465332031,274.49230511147226,263.1251024648105,273.4447290926983,3648742
DHR,2021-12-15,272.6914978027344,272.98585377492094,266.54474190768263,268.92551756771064,3362117
DHR,2021-12-16,275.7303466796875,279.7473813807458,270.7869412786685,273.32358291095045,4537267
DHR,2021-12-17,271.33233642578125,275.5571814448184,269.02082051989214,274.0940737131493,8957899
DHR,2021-12-20,272.0941467285156,273.3494734896603,265.50584188941195,270.89943756938817,3291842
DHR,2021-12-21,271.77386474609375,273.6784914810398,267.02959806707304,273.6784914810398,2469192
DHR,2021-12-22,276.760498046875,277.6348935072431,273.0551057232912,273.36677674321385,2470997
DHR,2021-12-23,277.7215576171875,279.1846654720374,274.99445022170636,275.66109501750907,1364654
DHR,2021-12-27,283.4526672363281,283.86822860223145,279.49625123719846,281.1324794121978,1202561
DHR,2021-12-28,280.0157165527344,284.4742996956998,279.23656867303913,282.855356524468,1392178
DHR,2021-12-29,282.9178161621094,283.8620850110695,279.833763245456,281.91292014760046,2263670
DHR,2021-12-30,284.5552062988281,286.2791594040445,282.83993126023836,283.4896530389121,1297538
DHR,2021-12-31,285.0230407714844,286.9462317130147,283.6196094038404,284.3733189379734,1439892
DHR,2022-01-03,273.5444030761719,284.6417688442959,270.61628692723156,283.38562646003646,4132992
DHR,2022-01-04,266.18084716796875,273.7870077129324,264.5435258010506,271.1534384423162,5044754
DHR,2022-01-05,264.4828796386719,269.38616532171653,264.4309007129535,268.12134479590185,4199431
DHR,2022-01-06,263.2873840332031,265.34918508599867,259.16378192761204,263.83317770482023,2247089
DHR,2022-01-07,256.1404113769531,262.90623168636694,254.52041615192687,262.3258151581066,3645245
DHR,2022-01-10,262.5163269042969,262.68958996915404,252.09468775000502,254.86686696619373,3807451
DHR,2022-01-11,264.5088806152344,267.96543478852476,260.4459055813143,264.32696926781165,4618934
DHR,2022-01-12,265.41851806640625,267.11649661096806,263.06216949956956,265.41851806640625,2970475
DHR,2022-01-13,253.0043487548828,265.4098372889243,252.0427534853213,264.0497368995876,3951835
DHR,2022-01-14,254.0959014892578,254.41645315840552,249.66044035955474,251.1244838398136,3576775
DHR,2022-01-18,249.84231567382812,251.41034661699362,247.1394562388982,250.53535311363365,4699699
DHR,2022-01-19,248.6554718017578,254.4250579125376,248.5775183251628,250.89055066196534,3361778
DHR,2022-01-20,245.129638671875,251.10714111329983,244.65318005403375,250.50939832454037,3346099
DHR,2022-01-21,242.95518493652344,247.18275932575534,241.3265269070282,246.1951597768747,4530274
DHR,2022-01-24,239.84518432617188,240.4429271041911,231.32940742507316,239.73256331234282,6241111
DHR,2022-01-25,234.94189453125,238.23384861205548,233.5731309881468,237.76603825440415,5518176
DHR,2022-01-26,231.10414123535156,237.13362186844702,228.85175101579048,235.1757639742642,5309947
DHR,2022-01-27,233.8763427734375,237.12498109939253,231.64126374012582,235.72156492899333,6344887
DHR,2022-01-28,243.5269775390625,243.74354149847355,232.73280593558377,235.84284868978907,5589917
DHR,2022-01-31,247.58126831054688,249.01067390810317,244.86108249973367,245.37219371012583,3982517
DHR,2022-02-01,248.88070678710938,249.53910648401165,245.74468980520896,249.03664355742833,2905615
DHR,2022-02-02,255.06614685058594,256.0017675558693,248.32630197526626,250.2841451110878,3676942
DHR,2022-02-03,251.15045166015625,254.6243318305952,249.5477830123034,251.280384064955,2679790
DHR,2022-02-04,249.17527770996094,251.90414162845806,247.71988262604478,250.50071056215793,1668538
DHR,2022-02-07,247.02684020996094,251.2284105269036,246.2298299907438,250.0762258816266,1851838
DHR,2022-02-08,247.4340057373047,248.12705813594002,242.8945721693068,243.86483061663037,1636502
DHR,2022-02-09,252.9697265625,253.49816415673496,249.5045089669182,249.92032553549691,2538902
DHR,2022-02-10,244.47119140625,250.05018729084426,243.10242816597489,250.05018729084426,2886552
DHR,2022-02-11,236.20669555664062,245.87465680455796,235.4270116426052,243.9687777032366,3301430
DHR,2022-02-14,235.20181274414062,237.17699744438914,232.88877986330198,235.2884443060273,3399905
DHR,2022-02-15,233.09666442871094,240.27833048376334,232.09175335602797,238.26850833839734,3704239
DHR,2022-02-16,231.90118408203125,233.6771161065698,227.4050658742529,232.27369978065636,4108627
DHR,2022-02-17,233.26992797851562,235.27975012775195,229.82203700234038,231.90116439194804,3638815
DHR,2022-02-18,231.2427520751953,234.50005325377148,229.66607295463473,234.40475855957052,2646514
DHR,2022-02-22,230.593017578125,233.58177591952526,228.4705746462694,230.5756912699341,3752630
DHR,2022-02-23,227.30975341796875,233.92831445418523,226.54741067942655,231.17347586284666,3166522
DHR,2022-02-24,235.25375366210938,236.06809021223998,221.62679010879117,221.78271198422084,4196611
DHR,2022-02-25,241.91563415527344,242.13221301515412,233.78103655350924,234.48273714875776,2681030
DHR,2022-02-28,237.7227020263672,242.70395594821682,235.20175402635164,242.54801917575017,3653930
DHR,2022-03-01,235.66090393066406,239.82783633330604,233.6077662241687,237.72270479128613,2256113
DHR,2022-03-02,237.80067443847656,238.99617480352927,234.87257306043517,234.87257306043517,2291532
DHR,2022-03-03,239.59397888183594,241.9589906078328,237.13367244146966,239.78456831057474,2730662
DHR,2022-03-04,236.10275268554688,239.0308543940143,231.8058724633486,238.84026498071003,2791236
DHR,2022-03-07,227.85552978515625,236.03345918927386,225.42121288835312,234.62137974029372,3697358
DHR,2022-03-08,222.87425231933594,228.21934385835056,220.62184715856463,224.52022178085244,3142157
DHR,2022-03-09,229.4148712158203,230.93090845470203,226.33083271797796,228.0720970797555,2143877
DHR,2022-03-10,228.55723571777344,229.98664141744288,226.04495052702498,228.4965936312701,1601534
DHR,2022-03-11,227.42233276367188,232.41224954723046,227.179764465156,230.01258584415382,2229718
DHR,2022-03-14,231.17347717285156,236.71782191813634,227.81221770506122,228.74782355102082,3253716
DHR,2022-03-15,234.6732940673828,235.65221546779887,231.63255711701657,232.6894468961991,3045713
DHR,2022-03-16,240.76344299316406,241.2312533178022,235.05449895556907,235.8861468441613,3481346
DHR,2022-03-17,243.77821350097656,243.81286612296012,234.93325102580755,240.00113734783582,2906066
DHR,2022-03-18,253.1256561279297,254.58103644248274,243.73489986330895,244.64453119836324,4898002
DHR,2022-03-21,250.5959930419922,253.68004597050754,248.68145096466753,249.27920857633316,2955134
DHR,2022-03-22,254.60704040527344,255.3693682728292,249.98962322524778,250.9425703366097,3266914
DHR,2022-03-23,247.80648803710938,252.40657798140143,247.2693874112477,252.37192536613526,2545219
DHR,2022-03-24,248.43948364257812,249.8441274677476,245.1966593413199,249.07243222911129,2680692
DHR,2022-03-25,249.30654907226562,251.1967539999293,246.48859060920208,250.38170507314734,1537690
DHR,2022-03-28,252.72276306152344,252.8961777198347,247.99727331777623,249.74874644291137,2224416
DHR,2022-03-29,256.5118103027344,258.3846586314747,254.27479121748044,256.4944688381385,3140239
DHR,2022-03-30,257.82977294921875,257.855770223448,255.0291412176424,255.9135559509218,2952991
DHR,2022-03-31,254.3354949951172,260.95118973264414,254.19679311310875,257.6997095909461,4470151
DHR,2022-04-01,252.9135284423828,256.9193475007525,249.41926772094584,255.01181603712973,3757819
DHR,2022-04-04,250.7978973388672,254.11874336860345,250.0435435537464,253.39908743994113,3764474
DHR,2022-04-05,249.16775512695312,252.70536864380526,248.00589208353315,249.79204776605945,3125688
DHR,2022-04-06,250.86724853515625,251.9944139327289,244.68509077096732,247.87587561669358,2534503
DHR,2022-04-07,259.82403564453125,261.2373502781275,249.72275052962277,250.2776625485982,2840981
DHR,2022-04-08,259.503173828125,262.82404944678444,257.6390111148742,258.09854501286975,2737430
DHR,2022-04-11,252.4193115234375,259.12171369214735,250.79789933300302,256.57254796977844,2286794
DHR,2022-04-12,243.41915893554688,252.6186861443749,242.01451528340283,251.7776400690014,2946449
DHR,2022-04-13,246.00302124023438,247.0434942098099,240.83532439832825,244.0781335612829,3139337
DHR,2022-04-14,240.1590118408203,247.31227625668532,239.58674352412356,247.23423966804486,3490934
DHR,2022-04-18,238.50291442871094,239.99426540544655,236.2052003016518,238.43354857287173,2189561
DHR,2022-04-19,236.79481506347656,240.97406345778083,236.50869580788859,239.63878554440598,4022222
DHR,2022-04-20,243.10699462890625,246.24576951546933,237.50577682175643,238.71966428133305,4278842
DHR,2022-04-21,241.25152587890625,250.6504657812124,240.21972361473195,245.88163743058652,3928824
DHR,2022-04-22,229.3900909423828,240.22837213963405,229.16466682355107,238.44223111095098,3404078
DHR,2022-04-25,225.8351287841797,226.19929953465652,219.36685213998365,224.9593997604119,4875780
DHR,2022-04-26,217.61537170410156,224.97673350767536,217.24253023425956,223.52006547954144,3708300
DHR,2022-04-27,218.74256896972656,223.54609509753135,217.78880331495327,219.6616516943696,3217056
DHR,2022-04-28,222.83511352539062,224.79466926154137,218.60384075310543,221.74261613258528,4909169
DHR,2022-04-29,217.7454376220703,225.08945812854856,217.32924248350187,221.36108811696164,3637913
DHR,2022-05-02,217.21653747558594,220.52005676101382,213.14135283346775,216.91307675725108,3633626
DHR,2022-05-03,215.4737548828125,218.43043000524753,214.41594040177938,217.60672531053186,3065340
DHR,2022-05-04,222.51431274414062,223.9276273494987,213.39280577102622,213.8696961029539,3265334
DHR,2022-05-05,218.42173767089844,222.97382718322908,215.75986772782107,222.08074179041674,2591129
DHR,2022-05-06,216.106689453125,217.3205770463849,211.81473667729543,215.54310677972276,2394067
DHR,2022-05-09,207.54881286621094,214.37260558150723,206.1008152806997,212.300315177606,4479401
DHR,2022-05-10,208.4852294921875,212.7165025562442,203.57765415692415,211.53729775541026,3400694
DHR,2022-05-11,205.58920288085938,210.77424050873438,205.39844679204973,208.49385309813394,2730098
DHR,2022-05-12,207.704833984375,208.8927092643386,202.64118653360296,203.89842766488158,3194270
DHR,2022-05-13,216.0633544921875,217.38996171970786,211.45925495633927,211.5112793544306,3568541
DHR,2022-05-16,213.6182403564453,216.66163783602144,211.97950164326662,214.9361768677745,2645273
DHR,2022-05-17,215.87258911132812,220.01715454349966,214.00841144059072,218.29169367125002,3316997
DHR,2022-05-18,211.2164764404297,215.8552589524503,210.44479611854555,214.16449584602157,2546122
DHR,2022-05-19,216.16738891601562,217.36393506875268,209.96788984136214,210.6355362391445,2699981
DHR,2022-05-20,218.32640075683594,220.6674689819754,213.60091063854296,218.82930330579907,2737092
DHR,2022-05-23,219.4708709716797,220.6847584663292,216.1500255554659,220.6154075376525,2311385
DHR,2022-05-24,218.499755859375,219.6876311153003,215.73383736557918,218.1356000711465,2159105
DHR,2022-05-25,217.04310607910156,218.6124936407345,213.97371173535294,216.2540843942068,2903698
DHR,2022-05-26,218.2483673095703,219.0547455462895,216.77437242340295,217.73680894341888,2834326
DHR,2022-05-27,231.0635223388672,231.4016808954585,220.27726577109505,221.5345070192295,3218861
DHR,2022-05-31,228.7484588623047,229.44210249240322,225.08945476187375,228.7571295942285,7219764
DHR,2022-06-01,226.30337524414062,235.38151349917803,224.04034373027062,235.38151349917803,2593610
DHR,2022-06-02,236.9335479736328,237.2196821544625,226.3120346662014,228.65310266173637,3008263
DHR,2022-06-03,230.68202209472656,234.28900211416467,229.26870759326883,234.09826091922548,2452046
DHR,2022-06-06,228.67910766601562,233.83813379617138,228.11551005483878,232.81500228738147,1572545
DHR,2022-06-07,232.60690307617188,233.2571930837754,227.35249892559878,227.89875506798444,1837286
DHR,2022-06-08,230.29185485839844,232.19938620496697,228.37563785532063,230.3438792546035,1805251
DHR,2022-06-09,224.36111450195312,229.91899400015717,224.27442210604997,228.66175278816442,1531373
DHR,2022-06-10,218.04891967773438,221.15299707305812,217.84082210231,219.8524021504635,2423395
DHR,2022-06-13,211.4071807861328,214.38121166255337,210.1325982567819,213.13264132612403,2996081
DHR,2022-06-14,210.1933135986328,211.9621279636906,207.73952634453727,210.71355750712243,2704831
DHR,2022-06-15,212.3783416748047,215.70787336684342,208.78003217811332,212.33498800892374,2658922
DHR,2022-06-16,208.83201599121094,209.36960134365643,206.5603141881668,207.87825045100107,2290968
DHR,2022-06-17,206.88116455078125,212.75117609597092,206.6037010984098,208.98812279460944,7693411
DHR,2022-06-21,211.4505615234375,212.83786373313316,209.18753029702546,209.95053979664473,3210175
DHR,2022-06-22,213.21937561035156,215.6818336708416,208.57190799182945,208.87538361430714,2107104
DHR,2022-06-23,221.48220825195312,222.00298161713076,214.2695867782129,214.2695867782129,3009278
DHR,2022-06-24,222.91432189941406,223.35696432445832,220.22368936853763,221.85543098717778,3295565
DHR,2022-06-27,222.54977416992188,225.33588173877516,221.03954638072148,224.32906819230644,2086913
DHR,2022-06-28,218.61798095703125,224.47662146109818,217.99306786828777,222.50637720152935,1984265
DHR,2022-06-29,219.46856689453125,220.51877817391536,216.20508389557563,217.87154361714857,1690872
DHR,2022-06-30,220.04139709472656,220.80519796164023,215.57148586819503,216.03148736041075,2450129
DHR,2022-07-01,223.97320556640625,224.57209492190972,217.897591147576,220.7357760413206,1580892
DHR,2022-07-05,221.76864624023438,221.9075191455287,216.0315190962453,220.95276792163014,1830518
DHR,2022-07-06,225.70045471191406,227.16726998810282,220.43202329282025,221.5429916658669,2168354
DHR,2022-07-07,228.6601104736328,230.60431608922937,224.93662574633296,225.36192399264985,2014946
DHR,2022-07-08,228.92916870117188,230.23976667946067,226.72459142028694,226.8721438679281,1269338
DHR,2022-07-11,230.26583862304688,230.60434134596514,226.84613798286227,226.94161310983924,1907335
DHR,2022-07-12,219.32972717285156,230.61301660906912,218.83499243318272,229.39789359098404,2477201
DHR,2022-07-13,217.9322967529297,220.27574682600877,215.48469201535877,216.93416282387656,2224867
DHR,2022-07-14,215.30245971679688,216.71721255590927,210.7804703169869,215.3198188306387,2673134
DHR,2022-07-15,222.0030059814453,223.16605168565528,217.5591175945414,220.57089400903087,4625815
DHR,2022-07-18,214.4344940185547,221.95957935961513,213.59257709516626,221.26521488671744,2229041
DHR,2022-07-19,221.97695922851562,222.74074528113005,216.77796450751472,217.7153416945861,2320973
DHR,2022-07-20,222.19393920898438,226.44687730106168,221.16976642702193,223.0618949047123,3191225
DHR,2022-07-21,242.35629272460938,242.63403852630196,235.61235217223805,238.68488522547156,4710415
DHR,2022-07-22,237.67803955078125,242.2868235695276,236.34140299955456,240.80263458106882,3172726
DHR,2022-07-25,237.27882385253906,237.54789011131993,233.85912331598993,237.1920282851904,2500663
DHR,2022-07-26,239.98681640625,240.16908709823696,236.46296117815726,237.45241570994745,2401512
DHR,2022-07-27,243.06800842285156,244.16161760960688,238.9018810331162,240.04756755919303,2125490
DHR,2022-07-28,250.8448028564453,251.76483585624337,241.40156478557944,244.7605083735149,2801501
DHR,2022-07-29,252.97996520996094,253.99545847891443,249.95952407509918,250.79274664006155,3347678
DHR,2022-08-01,249.8813934326172,253.23167248902246,249.638365841521,251.69540587001765,1849807
DHR,2022-08-02,247.82435607910156,252.99729699574775,247.30358269538107,247.85905936568741,2151096
DHR,2022-08-03,250.42816162109375,251.34819453816257,247.99791586908967,250.45420028855796,1687826
DHR,2022-08-04,250.79269409179688,250.914207868997,248.32773020372497,250.42815276019647,2319506
DHR,2022-08-05,251.70408630371094,252.02524486540725,248.03267835308847,248.44929710686029,1484786
DHR,2022-08-08,249.091552734375,252.65012620090624,248.41456224382353,252.5720251288008,1580441
DHR,2022-08-09,247.57264709472656,249.9681747639597,246.60921634203865,249.27381025751797,1535321
DHR,2022-08-10,252.6935272216797,252.74560456000242,248.39719162703938,250.64518179230922,1726291
DHR,2022-08-11,252.72824096679688,256.32151749138205,252.62408629199786,254.23845387339216,1823750
DHR,2022-08-12,258.4306335449219,258.6910202307384,252.6761624833525,253.61352467430166,2664223
DHR,2022-08-15,262.4231872558594,263.69906716302114,257.52797698985034,257.81441730247377,2392037
DHR,2022-08-16,260.80010986328125,262.21486259633565,259.5676427508973,260.37482654503464,2245284
DHR,2022-08-17,258.0140075683594,261.00840955378396,256.79020511854355,259.39404202525736,2422831
DHR,2022-08-18,255.41014099121094,257.63207717805085,251.22665526575295,257.5799998484065,2123686
DHR,2022-08-19,253.8218536376953,255.71399703418237,253.05808251160147,255.41019760492435,1808635
DHR,2022-08-22,248.2149200439453,251.95577895525676,247.71152071431072,250.45421570572242,1734413
DHR,2022-08-23,246.53111267089844,247.81565711626112,244.63898434981942,246.43563755227083,1566679
DHR,2022-08-24,247.31227111816406,248.43191899430812,245.6978885097488,247.39038712852266,1805815
DHR,2022-08-25,252.54592895507812,252.77159739355963,247.3729886756246,249.22170408212025,1558783
DHR,2022-08-26,243.31105041503906,253.2403441883734,243.10274104541722,252.0599543051763,1887821
DHR,2022-08-29,240.15171813964844,242.41705248348336,239.22302054325934,241.45363666147244,1763854
DHR,2022-08-30,237.27015686035156,241.80950551708182,236.45429342306647,240.63778023482266,1807733
DHR,2022-08-31,234.2670440673828,238.99734236006378,233.06060071506795,237.4437167656454,3519586
DHR,2022-09-01,237.69541931152344,237.7474966468356,231.68924133382714,234.54477040312682,2192832
DHR,2022-09-02,233.84176635742188,240.30796148950435,232.9825051717479,239.55284004661235,1722456
DHR,2022-09-06,236.4976348876953,238.76296889797933,233.5552955774683,234.73570013581144,2289614
DHR,2022-09-07,240.82870483398438,241.8789162036258,235.00479727197543,235.87273795995262,1905530
DHR,2022-09-08,250.05499267578125,250.77538097660343,238.78038244573074,239.73511878842172,3775754
DHR,2022-09-09,252.06857299804688,253.0754014344484,249.039438011344,249.48209534114122,2430502
DHR,2022-09-12,254.75051879882812,255.69660531542823,251.1225242480244,252.41576311694968,1989454
DHR,2022-09-13,244.56954956054688,251.18328182550403,243.9359568898023,249.43872088763544,2137898
DHR,2022-09-14,244.5261688232422,249.4994951725597,242.22611612199356,245.01222400979884,3354559
DHR,2022-09-15,244.68240356445312,252.719568772714,244.0314517285115,250.40215693192718,3632160
DHR,2022-09-16,240.4728240966797,245.48086791409187,238.86713619117242,245.23785529666506,6466486
DHR,2022-09-19,242.10458374023438,242.32157264614722,236.86219152936152,238.51997183154026,2531570
DHR,2022-09-20,238.1380615234375,239.68300753074442,235.84668864960875,239.08413311415026,2367785
DHR,2022-09-21,233.02586364746094,242.8076030157784,232.94774764930443,240.4120756169657,2382336
DHR,2022-09-22,231.24658203125,233.25152954585116,230.2744867192917,230.87336113133063,3267590
DHR,2022-09-23,230.2397918701172,230.69979343586246,226.7506548964259,229.1288235523795,2288599
DHR,2022-09-26,227.9744415283203,231.47225781440014,226.12571102078232,227.90500507962426,1778179
DHR,2022-09-27,225.7525177001953,230.40470026758106,223.3483104073414,229.89260642974753,2529427
DHR,2022-09-28,231.0816650390625,232.63529055391086,226.43816254472765,229.54539863543025,3230592
DHR,2022-09-29,227.74563598632812,230.96873294679412,226.10367303127938,229.90884681630445,2779618
DHR,2022-09-30,224.39222717285156,230.7428713040996,224.1663466101879,227.73695218395528,3008376
DHR,2022-10-03,233.5142364501953,234.42644652908388,224.78320246227946,226.98116446057324,3416825
DHR,2022-10-04,242.42770385742188,242.54933185612538,236.25081383130535,237.6842717201315,2917234
DHR,2022-10-05,245.24246215820312,246.40660075897938,239.80401357716548,240.22971151848435,2346917
DHR,2022-10-06,241.55894470214844,245.47705890051427,241.23749928058177,244.1912921672839,2255436
DHR,2022-10-07,233.24488830566406,239.33490063438813,231.74192884037586,238.51825557472114,1779194
DHR,2022-10-10,227.102783203125,233.95730036938747,226.07763287059092,233.95730036938747,1853304
DHR,2022-10-11,220.78688049316406,225.7822564220603,219.118854294409,225.29574441945437,3671189
DHR,2022-10-12,218.6497039794922,222.58519346556614,218.31089809486335,220.66523862487153,2941034
DHR,2022-10-13,223.50611877441406,225.069877543307,210.7179520294947,214.34937198225248,3268718
DHR,2022-10-14,220.41329956054688,226.53806314349876,220.09185414369455,224.94822644021113,2270326
DHR,2022-10-17,225.8169708251953,227.73692547660582,222.32454013349644,222.77630120584448,2459942
DHR,2022-10-18,230.716796875,234.0441462954241,228.9184551286548,231.4639252849923,2327402
DHR,2022-10-19,224.0447235107422,226.79869898655699,218.3456578011031,226.19055899686572,4634839
DHR,2022-10-20,211.1783905029297,220.67394275336,209.8752482910912,209.9621254354162,8528018
DHR,2022-10-21,212.4901885986328,212.82899445771113,204.0023825877539,210.9264151880691,7548350
DHR,2022-10-24,218.64105224609375,218.97117044868475,210.47469021982963,214.41018008439116,4112011
DHR,2022-10-25,218.81478881835938,221.7946449898774,217.7549026009409,219.06673253920536,3999888
DHR,2022-10-26,220.47410583496094,222.9153234686551,218.15451619257183,220.35247784365592,5127662
DHR,2022-10-27,215.53955078125,219.32734919408057,212.5249439548388,218.91033892561026,3711458
DHR,2022-10-28,218.7539825439453,219.38818572571853,215.3136923348087,216.39964173412255,3743042
DHR,2022-10-31,218.64105224609375,219.46637018212706,215.11387001571936,216.99908913561168,3328051
DHR,2022-11-01,222.24636840820312,223.5060718455048,218.51069666148211,220.4480267626198,3382421
DHR,2022-11-02,210.7092742919922,221.80335211738594,210.45733054909522,221.1778366177797,5104313
DHR,2022-11-03,209.7362518310547,211.60408059004894,204.12404793327593,208.67636558809943,4596713
DHR,2022-11-04,214.55783081054688,214.87058847800836,207.72936316947636,212.6726120458273,3380503
DHR,2022-11-07,216.35618591308594,216.83401019003057,213.10702568897165,215.89575201743023,2752884
DHR,2022-11-08,219.80516052246094,222.8110645049843,215.97392376550192,217.1988764039976,3632386
DHR,2022-11-09,214.54049682617188,220.61313461056147,213.83679193845276,219.80519209992127,2478442
DHR,2022-11-10,232.7149658203125,233.02772354041193,223.38448012830779,223.55823441725192,3764249
DHR,2022-11-11,235.4342041015625,240.84657574884005,233.08855097173767,233.73142692483557,3976087
DHR,2022-11-14,231.71591186523438,236.72866368400219,231.71591186523438,234.57412528440906,2705508
DHR,2022-11-15,234.85211181640625,239.3870538629787,232.92346913040785,236.37244687964244,2886665
DHR,2022-11-16,231.2293701171875,235.55580683788173,229.0835346613898,234.5654223931317,2493331
DHR,2022-11-17,225.54766845703125,228.73601447968704,221.4992387905214,228.73601447968704,2439638
DHR,2022-11-18,226.44248962402344,231.0903566074134,222.75025618761387,230.28241419225364,3062971
DHR,2022-11-21,225.92994689941406,228.4580418565694,225.05248775444466,225.72144175605501,1762387
DHR,2022-11-22,227.6501007080078,229.1530604375122,224.73976106624468,228.17136360368718,2042582
DHR,2022-11-23,228.78814697265625,229.5439780741395,226.87687984049444,228.82289782789687,1747723
DHR,2022-11-25,231.993896484375,232.3500778175479,229.7177302913895,230.1868668634704,979442
DHR,2022-11-28,226.88555908203125,233.0537608917295,226.1992297166579,230.28241019584934,2643242
DHR,2022-11-29,225.0264129638672,227.3286272298846,222.96745468584407,225.87780892184736,2438059
DHR,2022-11-30,237.5278778076172,237.5278778076172,225.00903197929244,225.00903197929244,6479458
DHR,2022-12-01,238.50958251953125,241.49812620697472,235.0432295187187,239.3609784851258,2243818
DHR,2022-12-02,238.2402801513672,239.03084717239204,232.82789414109422,234.55673427419146,2042357
DHR,2022-12-05,232.80181884765625,235.7990351623349,231.47261362796968,235.1474715993301,2464906
DHR,2022-12-06,230.5257110595703,232.18503475236614,228.40593846237545,230.63865135687576,1928880
DHR,2022-12-07,233.036376953125,234.57407227786607,230.5604086061945,230.75153829589976,2225657
DHR,2022-12-08,236.1465301513672,237.57130013830297,231.45522491726157,233.5141830037106,1974451
DHR,2022-12-09,233.99205017089844,236.9284678142389,233.74010644624448,234.99981011647697,1913652
DHR,2022-12-12,237.597412109375,237.99704699174507,235.39076244758073,236.0075752477665,2310031
DHR,2022-12-13,240.36878967285156,244.59095973447342,237.2586173262288,244.33903092961225,2943516
DHR,2022-12-14,238.2402801513672,242.98371218358855,236.53750316027197,241.04636691447524,2940358
DHR,2022-12-15,234.63494873046875,236.4593540284638,231.95917722140206,235.0606467890433,3418968
DHR,2022-12-16,227.6414031982422,232.50646353643384,227.0332781324868,231.69852103593232,5657822
DHR,2022-12-19,224.7657928466797,228.3885246070134,223.87095833396413,227.97151434866052,2898960
DHR,2022-12-20,222.0552978515625,224.6528948352002,221.09964916303872,223.9057513150816,2862187
DHR,2022-12-21,226.7292022705078,227.7630253227318,223.09778253971064,223.91441273368656,1852402
DHR,2022-12-22,224.72238159179688,225.14806466256908,220.67395136733148,224.3053712827588,2079017
DHR,2022-12-23,225.7561798095703,227.2157007772707,223.89702400643026,224.2705957004282,1236739
DHR,2022-12-27,226.64230346679688,228.18870151669557,223.0803857910548,225.28703511389003,1275091
DHR,2022-12-28,225.30442810058594,230.56912307953797,225.10461067452115,228.03234044600597,1558332
DHR,2022-12-29,232.0525360107422,233.51346544263103,227.5740906413084,228.50457308613545,1357322
DHR,2022-12-30,230.8090057373047,232.74820554299015,228.22629471724423,231.92209124875805,1701926
DHR,2023-01-03,228.06976318359375,233.05256713752925,225.27834584550732,232.8873412864784,3019318
DHR,2023-01-04,231.63511657714844,233.30475230316188,229.5480831452306,230.626384250637,2465244
DHR,2023-01-05,221.9477996826172,227.78280659119272,220.54774287498506,225.21748762144188,4158710
DHR,2023-01-06,219.56507873535156,224.42613719384426,210.86039022195177,222.93042344489302,6586956
DHR,2023-01-09,221.79124450683594,226.8349208886301,220.48684492645936,221.66949914903742,3325570
DHR,2023-01-10,232.08726501464844,233.20035027629638,224.43479074428942,224.88698771236542,3036238
DHR,2023-01-11,238.10494995117188,239.20064330548325,233.05257700395126,233.1569301774539,3389866
DHR,2023-01-12,236.80050659179688,239.17451091636258,234.30475692059056,238.09620995643743,1828037
DHR,2023-01-13,237.93971252441406,238.51363998330783,234.49610286865553,235.22656008019266,1971293
DHR,2023-01-17,239.07022094726562,241.13116635373956,237.03536383625257,239.0180443563439,3020784
DHR,2023-01-18,235.3308868408203,242.4355077893149,234.57434142207214,240.01802292692167,2363498
DHR,2023-01-19,235.4700469970703,236.95706465566008,232.35688909170167,234.17434347750518,2129664
DHR,2023-01-20,238.6179962158203,238.6353884107818,233.87868295867727,237.03533640925608,3406334
DHR,2023-01-23,240.8789520263672,242.89641658496387,236.86140013561888,238.2266723900662,2381998
DHR,2023-01-24,236.16571044921875,237.4005412392519,229.06978519683616,237.4005412392519,5876993
DHR,2023-01-25,228.66111755371094,232.13951192117227,227.78281163807088,230.64379800259854,4918870
DHR,2023-01-26,231.19161987304688,231.2264042631355,226.80884659174254,229.57417566885704,4417135
DHR,2023-01-27,231.29595947265625,232.35688330811254,228.54803771927848,230.12200134350954,2796199
DHR,2023-01-30,228.48716735839844,232.02643397577143,228.1393234743918,229.15675186764636,2432758
DHR,2023-01-31,229.9046173095703,230.60029011342093,226.4609927764881,228.72194809833383,2937763
DHR,2023-02-01,232.61773681640625,234.24389188926608,228.72193049919883,230.53070359797735,4098137
DHR,2023-02-02,235.38308715820312,237.60925812446047,233.0090825383513,233.92215778426387,2843011
DHR,2023-02-03,234.6613311767578,235.9135542435567,231.64381529301005,233.71345655359934,1891205
DHR,2023-02-06,229.35678100585938,232.80908693678967,227.64366470338658,231.0438090148813,2602860
DHR,2023-02-07,231.31336975097656,232.68733821881597,224.9305238499866,226.22622743859975,2772286
DHR,2023-02-08,227.78277587890625,230.24374134105776,226.98274993989932,229.63502953185917,2616960
DHR,2023-02-09,221.8434295654297,229.24371857816084,221.42601689417106,228.4523886896983,3947436
DHR,2023-02-10,225.0870361328125,225.42618393901375,218.06067908092407,220.7651354980079,3164266
DHR,2023-02-13,225.9914093017578,227.29580885242797,223.96523371771988,225.7827029788563,2891402
DHR,2023-02-14,222.82606506347656,226.3392433429974,221.95647033244745,226.3392433429974,2278222
DHR,2023-02-15,223.5826416015625,224.53050127371233,220.96514615553727,221.25211737670529,2106653
DHR,2023-02-16,222.39996337890625,225.02613967268016,220.7042394945411,221.00860287820277,2224303
DHR,2023-02-17,222.86953735351562,223.06085148014967,219.42592797649536,220.88685724878204,1898311
DHR,2023-02-21,218.08673095703125,220.15637190409313,217.0432143873575,219.1389436228478,2958631
DHR,2023-02-22,217.49545288085938,219.0259361590548,215.99104292860343,218.26939061775894,3133697
DHR,2023-02-23,219.58248901367188,219.99990171309474,217.00847396883017,219.31290997862794,2504160
DHR,2023-02-24,216.63450622558594,217.84324866860175,214.38224717264143,216.53015306784667,2042582
DHR,2023-02-27,215.61709594726562,219.84335428695405,215.2692520590283,218.63461174279436,2467838
DHR,2023-02-28,215.25186157226562,216.65191826606284,212.56481241671037,214.66923802231105,4017936
DHR,2023-03-01,213.36485290527344,215.73016158993977,212.9735285012957,213.66921633058945,3254731
DHR,2023-03-02,217.1649932861328,217.76500904522794,211.52998198481643,212.18218929629543,2236034
DHR,2023-03-03,220.13031005859375,220.59989930671432,217.3997804441396,219.00852848888186,2192719
DHR,2023-03-06,217.2693328857422,221.26079648029784,217.0606265591043,219.27810134470258,2414822
DHR,2023-03-07,213.26918029785156,218.26068023967358,211.98217287484803,218.06067000331697,3195624
DHR,2023-03-08,215.4518585205078,216.6866892899171,212.93871649799652,213.30395256101545,3353318
DHR,2023-03-09,211.8604278564453,217.2693404741997,211.10388236342413,216.41713791146185,2708554
DHR,2023-03-10,208.4864044189453,211.64304308052647,206.09500741146877,210.7212716629187,3399228
DHR,2023-03-13,209.04293823242188,211.66041861365508,206.09499118678693,207.78201909315558,2691634
DHR,2023-03-14,212.9213409423828,214.74750643271142,210.47776750283688,212.0082656809512,2577480
DHR,2023-03-15,210.53863525390625,210.7125571981943,207.5646149089758,208.7211808710263,3047292
DHR,2023-03-16,216.82582092285156,217.1562725899018,209.0689926484558,210.1994851936276,3028567
DHR,2023-03-17,211.27783203125,216.29542093127526,210.59084025859556,216.2519404393351,3911002
DHR,2023-03-20,212.8778533935547,213.6778943294773,211.21692877673217,211.3125858451577,2496264
DHR,2023-03-21,215.99102783203125,216.52147479340343,213.7996412740601,214.3561765270144,1991935
DHR,2023-03-22,214.1909637451172,219.8346712984407,214.13009106104582,216.86063581160053,3589634
DHR,2023-03-23,214.7301025390625,217.20846023325612,213.26917321988628,214.66053376350817,1810553
DHR,2023-03-24,215.8084259033203,215.96495566449985,211.399564166628,213.15614599604382,3377909
DHR,2023-03-27,215.6344757080078,219.88682209412005,215.31272012994097,218.47806939545382,2094019
DHR,2023-03-28,214.6605224609375,215.6083820104927,213.32133856949372,215.29532253698184,1784834
DHR,2023-03-29,215.20835876464844,216.84320991530305,214.06918510725308,216.46927777126538,1692113
DHR,2023-03-30,217.46311950683594,218.1421409596945,215.90483292444114,217.32382998136484,2996194
DHR,2023-03-31,219.41310119628906,220.0311983480975,217.341199866298,218.73407987247867,3107302
DHR,2023-04-03,217.71554565429688,218.35974461891965,215.095191858696,217.6633120909104,2987734
DHR,2023-04-04,216.74925231933594,220.2314603540267,216.4793938579689,218.06378218139767,2654410
DHR,2023-04-05,215.63494873046875,217.6981597399507,213.9112709062272,215.37379586702858,3478865
DHR,2023-04-06,214.99072265625,216.25301877542572,212.92752689002452,216.25301877542572,2304504
DHR,2023-04-10,217.2367401123047,217.40214639797787,213.02327757606147,214.01571529010064,2348045
DHR,2023-04-11,217.53274536132812,219.90063712089022,217.24546074001518,217.9331877284375,1720313
DHR,2023-04-12,217.61111450195312,221.20648042465987,216.97560604235838,220.24887992141225,2280026
DHR,2023-04-13,221.47634887695312,221.88549686473246,218.5338876871722,221.11941947620267,1989792
DHR,2023-04-14,219.09103393554688,222.15535830786973,218.61222622870963,220.59707184579307,2791913
DHR,2023-04-17,222.6428680419922,223.11295516281567,218.76021783292245,219.482767195124,2945095
DHR,2023-04-18,222.9823455810547,227.42215332906952,222.73860394607152,225.94221741306458,3595387
DHR,2023-04-19,221.78102111816406,222.52099667637543,218.9604533535946,221.55467565329943,2690393
DHR,2023-04-20,216.19207763671875,217.33249543204755,210.0808257545821,213.28443929722135,4211614
DHR,2023-04-21,220.0834503173828,220.22273982803168,216.43585120869983,217.8635537090393,2760780
DHR,2023-04-24,221.424072265625,221.74616423939347,219.95284195671277,221.11937649494294,3568090
DHR,2023-04-25,201.95860290527344,215.59139828924845,201.08805848896327,213.4411465385713,11653932
DHR,2023-04-26,202.37648010253906,203.2557301505844,197.6145799147586,199.10322156904124,8349343
DHR,2023-04-27,201.46241760253906,202.7682418392852,199.43404398089612,202.75953624448147,6785258
DHR,2023-04-28,206.2417449951172,208.5661090179353,201.74101207246804,202.4287391307714,5297652
DHR,2023-05-01,210.4377899169922,212.48357481533324,206.9904041955848,208.2265837265263,4290122
DHR,2023-05-02,211.3605499267578,213.0058773062209,206.83370075890997,207.54754451827867,3717324
DHR,2023-05-03,213.78070068359375,220.18794402775936,213.41506567400717,215.19099216532882,4828517
DHR,2023-05-04,210.96011352539062,213.63270131279108,210.6293009042473,213.51952857397887,2659373
DHR,2023-05-05,211.0558624267578,213.83291719127092,209.29734726670867,212.97107829269555,2325485
DHR,2023-05-08,208.27012634277344,212.15277711201583,206.85983480920882,212.07442674993925,2826204
DHR,2023-05-09,204.71827697753906,207.01652417135284,203.84773243050364,206.2156243867853,3032064
DHR,2023-05-10,203.2122039794922,206.85109750897874,202.14143084571208,205.69326843067898,3116100
DHR,2023-05-11,200.93141174316406,201.96736272363015,199.61688167986622,201.96736272363015,4401794
DHR,2023-05-12,197.91058349609375,201.42759890972718,197.35342541845884,201.42759890972718,3978005
DHR,2023-05-15,197.56234741210938,198.6244149477437,196.16946728845102,197.7973984614949,3780605
DHR,2023-05-16,195.86477661132812,197.69293650393107,195.28151675361713,197.69293650393107,3026198
DHR,2023-05-17,196.0911407470703,197.22285317548503,192.5828307206034,196.3523086114306,3453372
DHR,2023-05-18,197.1183624267578,197.56234774300745,195.5426798014163,196.13464523927107,4128367
DHR,2023-05-19,198.7724609375,199.8780567282688,197.44051963382424,198.0760281892938,3686642
DHR,2023-05-22,201.34051513671875,203.08161890491127,198.26747050705436,198.8594508827353,3530414
DHR,2023-05-23,200.2349395751953,203.40373106673601,199.79095424939374,200.50481300852567,4040496
DHR,2023-05-24,198.232666015625,198.9291135792563,193.8799286781758,196.08241413053656,5289305
DHR,2023-05-25,200.6179962158203,201.09678896130913,197.34472243403982,198.48514040547232,3965935
DHR,2023-05-26,202.150146484375,203.53432108720114,201.05325651273796,202.40260873602602,3161558
DHR,2023-05-30,197.7712860107422,204.00441683415966,197.61458530771904,202.82917654529783,3066130
DHR,2023-05-31,199.89541625976562,200.18270087497743,194.66341396039599,196.89203114307625,12662026
DHR,2023-06-01,202.5679931640625,203.51688792019416,198.52864252528138,199.97375613624524,3013226
DHR,2023-06-02,204.24818420410156,205.31025181874915,202.20238434661792,204.19595063368547,2517132
DHR,2023-06-05,202.94235229492188,204.6660300862003,201.0532532197348,204.58767973352292,2692762
DHR,2023-06-06,204.2742919921875,205.83256347334225,201.5320596337485,202.17625865669424,2300669
DHR,2023-06-07,206.7727813720703,207.5997979381059,203.70844180762606,204.2307775233198,3726235
DHR,2023-06-08,204.93594360351562,207.27771907946354,203.4647127882055,206.77280946949585,2519050
DHR,2023-06-09,204.90106201171875,206.01536305082675,203.325364494371,205.81513439045858,2055893
DHR,2023-06-12,207.23414611816406,207.5475475221449,203.95218192235515,204.90107674504108,2465018
DHR,2023-06-13,210.03733825683594,210.26368373753022,206.75537373820825,206.91205947179887,2665126
DHR,2023-06-14,207.5823974609375,212.2659480181253,206.58997453371316,211.49116498367246,2639182
DHR,2023-06-15,211.9873504638672,212.91884912367513,202.8988292050245,203.699728956748,3187954
DHR,2023-06-16,210.4987335205078,214.44230828235658,209.75005231973373,213.28447908357708,7220554
DHR,2023-06-20,205.9718475341797,206.54641676823536,198.8420555780848,199.2512185174881,5795890
DHR,2023-06-21,206.9381866455078,207.93062457221455,203.86515626249786,205.25803661441273,3126139
DHR,2023-06-22,205.78033447265625,209.0797249642258,204.74438366585082,207.74778393152963,2364288
DHR,2023-06-23,207.34735107421875,208.06120993868177,203.9870360051397,204.4135952208219,3684048
DHR,2023-06-26,207.0861358642578,208.53995506480138,204.2394516044092,207.42565402707103,2309580
DHR,2023-06-27,203.53433227539062,207.86967381475563,200.99232839700304,207.86967381475563,4814868
DHR,2023-06-28,204.3787384033203,204.87494226628777,201.37533850886476,203.264422396521,2856209
DHR,2023-06-29,207.2287139892578,207.24614522525638,201.8948307790133,203.59434628674666,2152337
DHR,2023-06-30,209.17230224609375,210.56678626120973,207.16772491139852,208.30945597983168,3722738
DHR,2023-07-03,206.39202880859375,208.63191262301697,205.5640601031504,207.07184700972581,1340628
DHR,2023-07-05,206.88882446289062,207.62092138995442,203.21087858905958,203.8383880978194,2765856
DHR,2023-07-06,204.29164123535156,205.07603202895703,202.10405063234347,204.7274072313248,2867376
DHR,2023-07-07,203.14112854003906,205.80807737508997,202.77507262121108,202.96681619774003,2859142
DHR,2023-07-10,204.3526153564453,205.32003400208106,202.43519430098692,202.68794723571037,2314205
DHR,2023-07-11,207.1415557861328,207.5686210639267,203.25445020067104,204.50948417924673,3302784
DHR,2023-07-12,207.52505493164062,209.94796684925495,206.73194865681788,208.30074497069506,3153437
DHR,2023-07-13,208.13514709472656,209.42504361230218,207.01956294453473,209.1722906795957,3020897
DHR,2023-07-14,209.63421630859375,210.8543879540468,208.33560409300736,209.02413798639984,3282029
DHR,2023-07-17,207.21998596191406,209.56445706119624,204.72734936551691,209.30300353793845,3840276
DHR,2023-07-18,209.86082458496094,210.20944934473857,206.75810922613616,208.0044277412758,3065904
DHR,2023-07-19,212.55389404296875,213.72177183985553,211.01124467659045,211.16812579870316,3692395
DHR,2023-07-20,212.9897003173828,215.66535032683183,211.33374772104577,214.18372511023398,2389442
DHR,2023-07-21,223.0125274658203,224.63360247910805,209.372749740288,211.4644681451482,8335018
DHR,2023-07-24,224.84280395507812,226.59462845239113,220.19743882184957,222.21943251933905,6410311
DHR,2023-07-25,222.85565185546875,230.84776908435455,214.84608838836158,216.04882875110795,8281663
DHR,2023-07-26,230.8477783203125,231.63218402374636,221.4088830308473,221.64420474187745,6502243
DHR,2023-07-27,222.4808807373047,231.50144097792503,222.41987140712448,230.28126937538562,4608444
DHR,2023-07-28,226.66432189941406,227.54458433487153,222.24554848363186,224.1106757738114,4129946
DHR,2023-07-31,222.29786682128906,227.2744253511005,221.67907286277634,226.95194744258782,4084375
DHR,2023-08-01,222.2455291748047,224.37210982466303,220.9469171793691,222.30653849678782,2920730
DHR,2023-08-02,224.7469024658203,225.52257748848092,220.50245638520107,221.55703119167282,2872226
DHR,2023-08-03,224.38955688476562,226.15881234599212,221.80976394680488,224.11067210852252,2746680
DHR,2023-08-04,222.02767944335938,225.18270352791373,220.94695768544977,223.52675091442063,3062858
DHR,2023-08-07,222.78591918945312,223.91893456432467,220.38043854728716,222.53316625943668,1433237
DHR,2023-08-08,225.7927703857422,226.14139512898788,221.06024950044085,223.117105483461,1913088
DHR,2023-08-09,223.16937255859375,226.43769913430188,222.61158803703967,225.98448702217559,1914329
DHR,2023-08-10,224.3198699951172,228.75607532729157,223.83181030309723,224.2501600400283,1917600
DHR,2023-08-11,222.6116180419922,224.05839574772264,221.49603384745586,222.69877422914854,1573560
DHR,2023-08-14,224.14552307128906,224.7556013017578,220.51115553806764,221.69646452969485,1840219
DHR,2023-08-15,222.44601440429688,224.7643389088009,221.7923580219122,223.02996084017812,1734977
DHR,2023-08-16,220.31942749023438,222.35013653057644,219.82263725237686,220.44144614514673,1986634
DHR,2023-08-17,220.3455810546875,221.32171532264707,218.9946751923705,220.98180620218332,2014382
DHR,2023-08-18,219.11669921875,220.9120866661294,217.99239940919992,219.413015253041,2303827
DHR,2023-08-21,218.0359649658203,220.54603300120257,217.81807451117533,220.2584176010712,2671217
DHR,2023-08-22,217.6263427734375,219.64833630062958,217.05982756048098,217.7134989600462,1933279
DHR,2023-08-23,222.12351989746094,222.54186955155794,219.30842035328982,219.8487736554351,1695835
DHR,2023-08-24,220.9905242919922,223.9189421296838,220.58962083879567,222.50702692226338,1738699
DHR,2023-08-25,222.7074737548828,224.11938888372484,219.92722158762794,221.74005514841855,1557768
DHR,2023-08-28,227.91064453125,228.35512606579317,224.43314281362603,225.04323609779314,2534165
DHR,2023-08-29,230.08953857421875,230.36843838485325,227.19598304101672,228.52945775954745,2328418
DHR,2023-08-30,230.2376708984375,231.46655801077526,228.7211683978569,230.76930858473204,2037958
DHR,2023-08-31,230.9610595703125,233.56699938144232,230.9610595703125,230.9610595703125,3313387
DHR,2023-09-01,231.47528076171875,234.97891423236328,230.3248341743588,233.60186157455624,2897719
DHR,2023-09-05,227.3441162109375,232.4339770263917,227.21338194330804,232.19865534465862,2415950
DHR,2023-09-06,223.97996520996094,227.95422751801337,223.27400006237872,227.03910251295383,2867489
DHR,2023-09-07,222.17581176757812,225.25239482119025,221.83590267643422,223.20423965766832,2016751
DHR,2023-09-08,216.45843505859375,222.11479578505723,213.7914861178474,221.69646114802242,3582415
DHR,2023-09-11,218.0359649658203,218.2625560375871,212.80665405859656,215.29057523942143,2766194
DHR,2023-09-12,216.43231201171875,217.73092415508552,213.96582200127025,217.40844627358248,2680015
DHR,2023-09-13,220.0231170654297,222.89052572213308,211.75209961928982,212.14428747429594,3273456
DHR,2023-09-14,220.92080688476562,222.20198785735695,217.07726396699164,221.9230880535678,2132033
DHR,2023-09-15,222.46348571777344,226.66436956233173,219.53506739449847,220.3107575759313,6425765
DHR,2023-09-18,221.17352294921875,222.90791581374143,220.6070078172436,222.24552889020129,2210429
DHR,2023-09-19,222.44601440429688,223.0822395497896,219.74420268816937,220.27585541337467,1994755
DHR,2023-09-20,221.77491760253906,224.52029229616116,221.17353995466559,222.67261126424285,1758665
DHR,2023-09-21,217.5653076171875,220.79004113572967,217.3038390883985,220.79004113572967,2718367
DHR,2023-09-22,216.46717834472656,219.32587123499695,216.2144254060693,218.04469030562637,3108317
DHR,2023-09-25,219.66575622558594,219.79649049876642,215.52589757912702,217.23412874655716,2142862
DHR,2023-09-26,215.49102783203125,219.27356100517542,215.1511187332362,218.37585235963974,2277319
DHR,2023-09-27,215.65664672851562,216.58048732165437,212.72822880939586,216.58048732165437,2532022
DHR,2023-09-28,215.43870544433594,217.8616169008143,215.17723694160918,215.66529647897093,2641663
DHR,2023-09-29,216.2318572998047,217.50432261446468,215.28186987337628,217.2167072006365,3692508
DHR,2023-10-02,210.1298828125,217.91611021188555,205.4306194199496,215.32070107875705,6387700
DHR,2023-10-03,212.05679321289062,213.40366391807515,209.08779724363725,209.08779724363725,4817100
DHR,2023-10-04,212.4205322265625,213.78705418766313,210.13971039162553,212.58765908499186,3445800
DHR,2023-10-05,213.2069854736328,213.82634935486286,209.03861014895844,212.2533679109077,2273000
DHR,2023-10-06,213.56092834472656,214.9864344923767,209.66782210702084,211.14248674274123,2696300
DHR,2023-10-09,214.6816864013672,214.81932117600167,211.27029412892801,213.81655996126412,1949400
DHR,2023-10-10,215.01596069335938,216.37264207805916,211.4570928555067,214.11148643547187,2215500
DHR,2023-10-11,213.03744506835938,215.05531425150468,211.43300558796778,214.16942779041992,2444900
DHR,2023-10-12,206.2062530517578,215.25218733420743,201.520856362075,213.1949516550457,5081600
DHR,2023-10-13,206.1471710205078,208.60798344267653,205.66486139831125,206.45232437732668,3365600
DHR,2023-10-16,207.15118408203125,208.44064737185016,204.91676222538848,206.30466401869566,3088700
DHR,2023-10-17,208.61782836914062,209.21826717809353,203.28278904317528,203.7454229625131,2643900
DHR,2023-10-18,201.58975219726562,206.8952630620679,201.52084224154808,206.65901966767353,4346800
DHR,2023-10-19,204.05055236816406,206.9739984882651,203.29261799861044,205.2022106852333,3793700
DHR,2023-10-20,202.60360717773438,205.92077746797204,202.53469722151127,204.04071320025818,2926100
DHR,2023-10-23,200.8515167236328,203.1351428846682,199.82781032554902,201.73740320462954,3917500
DHR,2023-10-24,193.7545166015625,199.79827110170532,189.4136400334875,190.89998029789234,5925600
DHR,2023-10-25,189.6302032470703,190.75233313448015,180.37755435225984,189.80738955540207,7514900
DHR,2023-10-26,190.64405822753906,192.21898423073068,186.7363018071192,187.75015535255628,3409600
DHR,2023-10-27,184.9349822998047,190.40782679289933,183.9211287705965,189.2463155047263,3966200
DHR,2023-10-30,182.1985321044922,186.31300268591917,179.23570475260996,185.8897502182817,5493600
DHR,2023-10-31,189.0100555419922,192.0319249196066,185.7913091853188,187.04140590824048,5208200
DHR,2023-11-01,187.021728515625,188.82304486104923,185.89959874531547,188.82304486104923,3766300
DHR,2023-11-02,189.95501708984375,190.6440415235157,187.956838722392,189.28568335987848,2535900
DHR,2023-11-03,194.76840209960938,196.86501936209052,192.91788113093986,192.91788113093986,2930400
DHR,2023-11-06,192.45521545410156,194.66994655736147,192.0516386261353,194.53214166727622,2362600
DHR,2023-11-07,195.14242553710938,195.8019214654494,192.32725551874057,192.65208456158393,2212500
DHR,2023-11-08,193.73484802246094,197.29809961158978,193.1836134221717,195.87083140740774,1611900
DHR,2023-11-09,192.45521545410156,196.22518175667008,192.23866276688096,195.63458078795816,2316900
DHR,2023-11-10,193.91201782226562,194.09904196848007,189.3349127495321,192.78988796458603,2110000
DHR,2023-11-13,192.9080047607422,194.05966318132275,190.71296426782064,192.92769546576952,1683000
DHR,2023-11-14,200.32981872558594,201.47162425665226,197.2193482680722,197.2193482680722,2900000
DHR,2023-11-15,204.8970947265625,206.363729357728,200.94994188093028,201.5208521808364,4110600
DHR,2023-11-16,205.8321990966797,206.65902848291913,204.04072040688686,205.97000399438627,3499300
DHR,2023-11-17,204.52304077148438,206.7279341081783,203.06624402346526,206.7180812459439,2474400
DHR,2023-11-20,207.7220916748047,208.4800260869704,204.37539287394875,205.6943846938479,2568500
DHR,2023-11-21,214.44503784179688,218.0968900768086,210.26165673340475,211.06879539588712,4614100
DHR,2023-11-22,217.8311004638672,218.43153924563003,215.48840242688988,215.48840242688988,3727100
DHR,2023-11-24,217.9394073486328,218.8942038242704,217.13225361887405,217.51613977776694,1276500
DHR,2023-11-27,216.551513671875,218.5004730894315,215.4982786459679,217.04367620294744,2048900
DHR,2023-11-28,215.33091735839844,216.9649003550891,213.3622674885369,216.18729026512068,1911500
DHR,2023-11-29,219.03201293945312,221.82749245898074,216.9550864963685,217.3389726626444,2240200
DHR,2023-11-30,219.8096160888672,220.01633095007318,216.22667364495626,219.43556777792674,3543400
DHR,2023-12-01,219.9769287109375,220.28206703271587,217.06333536143455,218.91385599597626,3134000
DHR,2023-12-04,218.64810180664062,219.3568169587798,216.21681802464215,218.52013475929127,2246800
DHR,2023-12-05,216.00027465820312,217.85081041525905,213.66742927652396,217.85081041525905,2674400
DHR,2023-12-06,217.29954528808594,218.18544665184038,215.95102506966145,216.45302532873214,1909600
DHR,2023-12-07,215.48841857910156,216.620401295592,213.4804022680403,213.59851645704185,2767500
DHR,2023-12-08,214.08084106445312,216.55149130822943,212.29920026949287,215.56716634773747,2527500
DHR,2023-12-11,217.88034057617188,218.22484530779542,214.54347949099892,214.65175583970512,2591500
DHR,2023-12-12,216.3053741455078,218.5693241825785,215.05527744780107,218.49057639646423,2892000
DHR,2023-12-13,223.303955078125,223.303955078125,215.714803230054,216.55148543160965,3749700
DHR,2023-12-14,225.656494140625,229.10163145574904,223.02834833401175,227.15267226582588,5922500
DHR,2023-12-15,223.6681365966797,226.3061350654576,221.9455680696199,226.1880058674131,7886300
DHR,2023-12-18,222.90037536621094,226.1978698595467,222.70351338592366,224.5146676359368,2307900
DHR,2023-12-19,225.54818725585938,225.6072443415565,222.19163603576123,223.648447574446,3087000
DHR,2023-12-20,223.25474548339844,228.70791426337192,223.14646913521537,225.4990052279138,2676600
DHR,2023-12-21,226.7392578125,227.54639645978145,224.4260881765221,224.9182506505934,1743800
DHR,2023-12-22,226.7490997314453,229.07210725160954,224.80014050457416,227.99919664355076,1577000
DHR,2023-12-26,227.7727813720703,228.579935019042,225.9124078667697,226.4734802827778,1461700
DHR,2023-12-27,229.20989990234375,230.06625777060535,227.69404614455118,227.87121741952686,1683400
DHR,2023-12-28,229.71243286132812,230.78645038520992,229.160644593466,230.56967427496372,1501900
DHR,2023-12-29,227.94866943359375,230.42188373028574,227.52498023214946,229.2296151005721,1407600
DHR,2024-01-02,231.34811401367188,231.80137730738093,225.51489943675926,226.49039204826744,2764000
DHR,2024-01-03,227.42645263671875,232.07726129067657,226.5199411241817,231.89990720642325,2425000
DHR,2024-01-04,229.2098846435547,229.830653921972,226.62829754363796,226.9633096794085,2719400
DHR,2024-01-05,226.9140625,229.623748939131,225.67253885325349,227.49542483543743,2236700
DHR,2024-01-08,231.4170684814453,231.66340360436965,224.90396722992168,225.55429556286657,3123200
DHR,2024-01-09,227.4855499267578,238.00899398446072,223.18946486805032,230.78644652152502,5255800
DHR,2024-01-10,226.27359008789062,227.69248280265435,223.08108147967224,227.18010153674462,3334500
DHR,2024-01-11,224.6182403564453,226.23419827116348,222.88403135082328,225.61342890800523,2440500
DHR,2024-01-12,221.93807983398438,226.14547256837724,221.43554660134853,225.41633028588836,2795500
DHR,2024-01-16,223.4259490966797,226.224312392046,221.51438620044564,221.70160329328743,3267400
DHR,2024-01-17,221.2877655029297,225.7809156597238,220.2038849672546,222.23368393851663,2225800
DHR,2024-01-18,222.99240112304688,224.15511070509243,219.26781531980873,220.42066187461077,2867300
DHR,2024-01-19,227.66293334960938,228.27383966935403,221.43557395892222,223.26830795325955,3258200
DHR,2024-01-22,228.56944274902344,229.85038843833092,225.42620406917996,227.38703712624084,2276200
DHR,2024-01-23,228.6975555419922,229.83069119945912,227.15056360838702,229.6828961259127,1890200
DHR,2024-01-24,225.25868225097656,229.47593819991226,225.08131315064074,227.34759920649552,2106300
DHR,2024-01-25,224.05657958984375,228.70738803352756,223.2978631818212,227.93882363297078,3468300
DHR,2024-01-26,229.58432006835938,237.05320232801435,229.45622100129467,233.07241857326648,6343900
DHR,2024-01-29,230.50071716308594,230.58940924292716,227.76147152377814,229.50552857912731,3127700
DHR,2024-01-30,241.35916137695312,241.8025616112992,234.96431091837422,240.47236090826095,6158400
DHR,2024-01-31,236.39305114746094,245.13301687380965,236.08759798750245,241.99964119218012,5077100
DHR,2024-02-01,241.53652954101562,241.70403562732687,235.2106451266289,235.8511104587074,2711700
DHR,2024-02-02,242.71893310546875,244.23635089713548,238.6002018964821,240.42308788010618,2819500
DHR,2024-02-05,242.21641540527344,245.5764151734633,239.5362879707814,241.27048188452784,2644200
DHR,2024-02-06,244.56153869628906,244.81773687976676,240.83695235824928,242.088339154554,2443100
DHR,2024-02-07,243.02438354492188,246.2267402124355,242.62039032613387,244.28561819885746,2300700
DHR,2024-02-08,242.26568603515625,243.18206060204648,240.5019329946252,242.83718538152885,1774400
DHR,2024-02-09,239.3884735107422,243.62544070391786,239.31950749340714,241.4084245599995,2538300
DHR,2024-02-12,243.2115936279297,243.45792874908972,238.14694413828366,240.1865911232353,2284800
DHR,2024-02-13,237.98928833007812,242.59082663317577,234.90516777240407,241.38871002760135,2189400
DHR,2024-02-14,244.3546142578125,244.82757352330773,238.77758300285467,239.45747040425005,2838100
DHR,2024-02-15,245.31036376953125,248.01018696600153,243.91116710693035,243.91116710693035,2360900
DHR,2024-02-16,246.3351593017578,248.6310047906628,244.64037220295333,245.16260153786465,2152200
DHR,2024-02-20,244.13783264160156,247.11355028169385,243.2017621247486,245.01478513098436,1982800
DHR,2024-02-21,246.97560119628906,247.07414126467333,242.45289171037751,242.69922684623464,1545400
DHR,2024-02-22,249.02511596679688,249.7050033600361,245.58628702867915,247.7343222364922,1826000
DHR,2024-02-23,250.11888122558594,251.26188005307637,248.87735734855008,250.27653934698586,1351200
DHR,2024-02-26,247.9609375,250.5918099368614,246.76868388249514,249.60646941028068,2506300
DHR,2024-02-27,251.12391662597656,251.84321108481993,247.6850723726978,248.4240778542109,2265200
DHR,2024-02-28,251.96142578125,252.79895618489178,249.8232236661164,250.33560493576383,1945000
DHR,2024-02-29,249.42909240722656,253.321184357084,249.27143431953596,253.00586818170277,3466700
DHR,2024-03-01,252.1190643310547,252.62159759936614,247.78357222407305,249.25173495496537,1908700
DHR,2024-03-04,252.4344024658203,255.20320705567255,251.11404971341665,252.75955162229712,2888700
DHR,2024-03-05,250.66079711914062,254.17845527778138,250.45386897564197,251.41951359849628,2277800
DHR,2024-03-06,249.192626953125,253.31134336538835,248.5521615894337,251.73480745664665,3733100
DHR,2024-03-07,250.39474487304688,252.09939491189738,249.5966214040993,251.07463228292198,2857200
DHR,2024-03-08,249.9710235595703,252.08949953331373,249.25172923401172,249.38967629692846,1786000
DHR,2024-03-11,249.09408569335938,250.27649130668527,247.06428663404762,248.7984805312521,1360800
DHR,2024-03-12,249.3896942138672,251.67567642573434,248.31566160924393,249.12364806087763,2221800
DHR,2024-03-13,251.60671997070312,251.93186912714555,249.38970369342687,250.66078641028622,2249300
DHR,2024-03-14,249.50791931152344,252.24716466247176,246.86719898820982,250.1483846140082,2635500
DHR,2024-03-15,245.7439422607422,250.04002792420755,245.48775911463304,247.03475109006948,5793300
DHR,2024-03-18,247.7835693359375,249.21231001123715,246.31540662215792,246.71939982351438,3868300
DHR,2024-03-19,250.02029418945312,250.36515433002134,246.53218053502826,247.32045591148773,3211300
DHR,2024-03-20,247.9905242919922,250.03018662733948,246.56178337542838,249.58678634773068,1651300
DHR,2024-03-21,250.3848876953125,251.62641137534501,247.81314825909234,248.5620016642559,2313200
DHR,2024-03-22,251.06478881835938,252.74972786605568,249.83311306379042,251.26185393206953,2310400
DHR,2024-03-25,244.1674041748047,251.04507736671528,242.58100520423127,250.55240706573105,3372400
DHR,2024-03-26,244.81771850585938,245.8030590511802,243.645160851311,243.645160851311,1962900
DHR,2024-03-27,245.3898162841797,246.8497024177363,243.72277692455378,246.44526972250398,2665300
DHR,2024-03-28,246.32691955566406,247.64870863349105,243.8411559537578,244.96566555080545,2560200
DHR,2024-04-01,244.42315673828125,246.64258495395615,243.3183795096128,246.32694076781982,1728900
DHR,2024-04-02,242.59828186035156,242.93365848307374,239.28393540581243,241.6710517433883,2955600
DHR,2024-04-03,241.02001953125,244.72894005482823,240.46763095577066,242.65746784532084,1898600
DHR,2024-04-04,238.6131591796875,243.77210699068354,238.4356121681909,243.13092988465235,2693800
DHR,2024-04-05,240.96083068847656,242.75610856179554,238.75126139472843,238.84004995382423,2280800
DHR,2024-04-08,240.9312286376953,242.6475916317766,240.4084312699472,241.21728161097948,2426000
DHR,2024-04-09,246.4058380126953,246.46502035266087,242.19385255144803,243.21972994905056,1602100
DHR,2024-04-10,242.52923583984375,242.90407740520027,240.12238693874235,241.49351475908114,2229400
DHR,2024-04-11,240.6846160888672,243.62412071029834,239.76725981781854,242.96322623458994,2081200
DHR,2024-04-12,236.68968200683594,239.87579024337643,235.75259311979,239.0866722657339,2684800
DHR,2024-04-15,236.40362548828125,239.95470148933921,234.92400672497533,239.0669362519398,2824000
DHR,2024-04-16,237.07437133789062,238.06078381583956,235.2889671610367,237.82405445406616,3225300
DHR,2024-04-17,236.1372833251953,237.56757841296303,234.78590304211642,237.15328697694162,2988500
DHR,2024-04-18,233.14845275878906,235.20019250914262,227.60481947608199,229.10415559823815,4261000
DHR,2024-04-19,232.30996704101562,234.56885975046708,230.84022227301153,234.5491272890664,2351300
DHR,2024-04-22,232.8722686767578,235.4862558246209,231.28414392330308,232.75390399125774,2820300
DHR,2024-04-23,249.6708526611328,253.23180216261537,246.19867666667622,251.25897728758812,6876700
DHR,2024-04-24,247.00755310058594,250.63754380774373,244.6105629438223,245.64629905967178,3344900
DHR,2024-04-25,242.46017456054688,247.23440703567937,241.94723589045842,246.53404759855133,2943500
DHR,2024-04-26,243.22959899902344,244.72895023157304,240.36899368353664,240.36899368353664,2710400
DHR,2024-04-29,243.46632385253906,245.587104562163,242.39112286183638,242.90406154122542,1616200
DHR,2024-04-30,243.26901245117188,243.6438539660478,240.9608111312119,243.15064778393028,3941000
DHR,2024-05-01,243.5353546142578,246.12962401907933,241.22715323164581,242.9139099914551,2310400
DHR,2024-05-02,243.48605346679688,246.05073194081544,239.3628565163606,245.60684933416684,2780600
DHR,2024-05-03,245.005126953125,246.33677471782266,244.2258526957871,246.14935394576773,1787600
DHR,2024-05-06,244.0384521484375,246.15924810357984,243.55511964514426,245.33066519668228,1741100
DHR,2024-05-07,245.3799591064453,245.71535078328782,242.85474560704128,243.19012223242407,1683400
DHR,2024-05-08,246.1592254638672,246.42556103496767,244.7782390279225,245.9126223558191,1471300
DHR,2024-05-09,248.01368713378906,248.1123344041677,245.61671198848188,246.22828292074095,1604300
DHR,2024-05-10,249.9372100830078,251.43654628204877,247.4218551371656,248.61540586207929,1520800
DHR,2024-05-13,248.19125366210938,251.28858835915892,248.19125366210938,249.56236645678985,1305500
DHR,2024-05-14,255.73733520507812,256.2601326685275,249.09876770251432,250.84472218407888,3096700
DHR,2024-05-15,259.88018798828125,260.43257649325517,256.21073286071663,256.46720970335303,3073100
DHR,2024-05-16,261.2414855957031,261.76428302200566,257.9961800082442,258.8938190048997,3448400
DHR,2024-05-17,262.18841552734375,262.3265277188802,259.60401974099096,261.4288887826498,3187400
DHR,2024-05-20,263.4806213378906,264.0034488476301,261.44861405078586,262.0306239006997,1757800
DHR,2024-05-21,262.9282531738281,263.69765375874783,261.1330052109636,263.60888024159425,2561200
DHR,2024-05-22,263.5595703125,265.3252571969064,262.93812559266905,263.75686486267307,2533600
DHR,2024-05-23,257.8481750488281,263.5595108242086,257.552263393281,263.549637068052,2901100
DHR,2024-05-24,259.2094421386719,259.5546924897597,257.3056734837327,258.61758869436653,2089000
DHR,2024-05-28,255.1947479248047,260.2254572711332,253.75459422507515,258.99244175011734,2881300
DHR,2024-05-29,252.45252990722656,252.9950748139064,250.0259637205453,250.0259637205453,2931700
DHR,2024-05-30,249.30587768554688,250.23309270684226,245.1530748207424,245.56736622637453,3450900
DHR,2024-05-31,253.31072998046875,253.48830711711582,249.30591250010178,249.65114786060983,4801100
DHR,2024-06-03,257.8284912109375,258.0159119848262,253.20221440837364,253.7447292151552,3003200
DHR,2024-06-04,259.75201416015625,260.63980957377083,256.4672734797215,257.83840142965084,3119800
DHR,2024-06-05,264.2106018066406,264.44733118057025,259.0319360314799,260.4129075509385,2552000
DHR,2024-06-06,264.33880615234375,265.45342687942497,261.9615486527265,263.786417615818,2405900
DHR,2024-06-07,259.5054016113281,264.0922440724224,259.2489548171267,263.9442581068989,3626800
DHR,2024-06-10,261.07379150390625,262.03061276662754,258.32169239106156,258.8148986068371,3115400
DHR,2024-06-11,257.7002258300781,260.9849657025527,256.75327840512665,260.5115070415349,3444700
DHR,2024-06-12,261.0145568847656,262.4941754063682,257.02947267401555,257.8679291901735,3311200
DHR,2024-06-13,251.54502868652344,259.9196756467603,249.00008280760207,259.9196756467603,4945500
DHR,2024-06-14,251.38722229003906,251.40693970225385,249.51302957891224,250.14433295335945,3097200
DHR,2024-06-17,250.67701721191406,251.7719357054412,250.52904630381227,250.81511436193279,3366800
DHR,2024-06-18,254.01109313964844,254.8692672003154,250.54877562310324,251.4562733191849,3162200
DHR,2024-06-20,245.1826629638672,248.34905338054043,243.84114150203231,246.9877994563592,6112100
DHR,2024-06-21,251.49571228027344,251.6436681197803,246.09016148792102,246.45514431113594,6729000
DHR,2024-06-24,253.27125549316406,254.78046524934553,249.48342046742488,251.4858364197822,3122500
DHR,2024-06-25,250.68685913085938,253.9124320527782,250.55862069605095,252.6596990798786,2524100
DHR,2024-06-26,250.14434814453125,252.27500280698183,248.78310909751613,249.73991539767098,2460900
DHR,2024-06-27,248.3391876220703,249.64125925260797,247.61911076355372,249.5031621146533,2409200
DHR,2024-06-28,246.71974182128906,249.45502682271422,244.88304436616372,246.9962326151687,4638300
DHR,2024-07-01,241.44664001464844,247.16410817641884,240.15305481954098,246.8481100783921,3925500
DHR,2024-07-02,237.39804077148438,239.48160636066058,235.8773261349602,239.13598528846322,5067900
DHR,2024-07-03,236.9931640625,240.01482449347773,236.9931640625,237.89176675913234,1935800
DHR,2024-07-05,236.25257873535156,238.40525957663684,235.51197504025643,237.97078473231576,3932300
DHR,2024-07-08,237.63502502441406,237.68440161596666,234.96885482439583,236.45994652413532,2489800
DHR,2024-07-09,236.7857666015625,238.84959333321194,235.72918001094513,238.84959333321194,2064200
DHR,2024-07-10,239.16558837890625,239.34334107967766,236.94377755878665,237.37826741887352,2108200
DHR,2024-07-11,243.1846160888672,245.57429536543728,238.9779777593279,240.65669140183832,2815400
DHR,2024-07-12,243.6092071533203,245.13979093603177,241.72313304086697,242.84884990711316,2546200
DHR,2024-07-15,243.1450958251953,244.33994293357895,240.70604008902595,243.3129641669714,2869200
DHR,2024-07-16,248.98106384277344,249.52417618224723,243.97459116417895,244.8929324283279,2754000
DHR,2024-07-17,248.10218811035156,251.36084672890658,247.76645145212203,249.31677370783942,2718500
DHR,2024-07-18,241.72312927246094,252.25946288850193,238.84959880843192,246.51237182520686,4266900
DHR,2024-07-19,240.48880004882812,242.1773829265085,237.98062909393906,241.92064576344717,2982600
DHR,2024-07-22,247.74673461914062,248.12197862681393,242.10826548344207,243.0266218528478,3314300
DHR,2024-07-23,260.8702392578125,269.5600073923846,260.2580116893233,266.6173311846962,7523300
DHR,2024-07-24,262.430419921875,264.9089527479425,258.3225351092326,258.5990259074279,4080200
DHR,2024-07-25,266.7061767578125,272.8482507609063,261.0776072269301,262.05519437942655,4250000
DHR,2024-07-26,270.4783020019531,274.24056572544697,267.7923785169293,268.49347479175657,2810100
DHR,2024-07-29,268.2466125488281,269.8166885333199,264.73121660834903,268.69098675407014,2176400
DHR,2024-07-30,271.7422790527344,272.7889964109492,268.3552591080347,269.80684338936857,2953200
DHR,2024-07-31,273.60858154296875,276.7487637191429,270.03393964458024,272.0483898804728,2887200
DHR,2024-08-01,277.2425537109375,278.17077948485576,274.7639901938534,275.761346216631,2132400
DHR,2024-08-02,273.2827453613281,275.9489305409003,268.73051608237415,275.9489305409003,3108800
DHR,2024-08-05,265.94586181640625,269.84635660324926,262.4403195121323,265.8273700445871,2632600
DHR,2024-08-06,265.6002197265625,270.6363305774119,265.3336132610475,267.63440867594545,2763600
DHR,2024-08-07,260.0111083984375,267.6343892948859,259.6161258404571,266.6172948938485,2805300
DHR,2024-08-08,265.2744140625,266.0841179601531,260.1494334879242,261.7688714184755,2265100
DHR,2024-08-09,264.7509460449219,267.00240979613676,263.3684920939236,265.0472055499303,2017800
DHR,2024-08-12,263.8523864746094,264.91884239315186,260.9689565485334,264.8793350968392,2099800
DHR,2024-08-13,265.34344482421875,266.86415929469877,263.7832531931195,264.7015944089293,1858000
DHR,2024-08-14,264.7213439941406,265.6693383226802,262.4797945587106,265.1163566986513,1357700
DHR,2024-08-15,265.9556579589844,267.30851908578285,263.63512428540525,266.61727705414086,1653500
DHR,2024-08-16,265.94586181640625,266.33096007481845,263.39816818132647,265.51137189624137,1746500
DHR,2024-08-19,267.87139892578125,268.8588704846505,265.8372099253298,266.6173208947038,1603000
DHR,2024-08-20,268.2565002441406,270.2709504589376,267.68374992202547,268.434237874354,1409500
DHR,2024-08-21,267.70355224609375,270.3203459146577,266.34083663957034,268.6021550030801,1455100
DHR,2024-08-22,264.4744873046875,268.819386156121,263.90176707531106,268.819386156121,1662800
DHR,2024-08-23,266.1038818359375,267.33822144828,262.9834676797063,265.87675249857847,1464000
DHR,2024-08-26,264.7114562988281,266.94312109388324,264.03009864551376,266.5481385745559,1252200
DHR,2024-08-27,265.4521179199219,266.1729528882662,263.8227958365828,265.3040032096622,1552500
DHR,2024-08-28,262.7266845703125,265.6002304669109,261.88732770535574,264.6720047765221,1693000
DHR,2024-08-29,263.6745910644531,265.1755668145937,261.68979412758534,263.68447542130434,1904000
DHR,2024-08-30,265.9359436035156,265.9359436035156,262.262548468533,264.93858775893057,4600100
DHR,2024-09-03,260.91961669921875,265.82735147415923,259.3001489035127,263.70426354816215,2325500
DHR,2024-09-04,261.17633056640625,261.79844244060644,257.80904909424726,258.9545196643994,1732800
DHR,2024-09-05,261.3935852050781,262.6279246408897,258.31267879493083,261.018341194953,1764100
DHR,2024-09-06,262.86492919921875,266.7259163016863,261.7490815662582,262.1934256666148,3324700
DHR,2024-09-09,269.6685791015625,269.75744791729636,262.9439008272295,264.26710897577397,3223900
DHR,2024-09-10,271.2781677246094,271.58428147432085,267.0419066135941,269.5797155639981,2267600
DHR,2024-09-11,268.572509765625,270.34994641382565,264.9682146777781,270.34994641382565,2536300
DHR,2024-09-12,269.07611083984375,269.60935391039794,264.2078833701773,268.3750144828817,2606500
DHR,2024-09-13,270.8140869140625,271.4658217877693,267.9109179926603,269.4809942239914,2248500
DHR,2024-09-16,272.5718078613281,274.79361915140584,272.04844907396404,273.22354278931357,1904500
DHR,2024-09-17,269.05633544921875,272.9667137827605,267.6639971492316,272.44335514250173,2158500
DHR,2024-09-18,268.4934997558594,272.4137628882941,264.68187416074466,268.27625481645845,2477900
DHR,2024-09-19,272.9667663574219,274.8034791983772,270.17223499709905,271.98917911955755,3294000
DHR,2024-09-20,269.2143249511719,271.8311180597419,266.8740226213331,271.8311180597419,9267300
DHR,2024-09-23,269.7278137207031,271.46577307203677,268.4243442072029,270.3005640229546,1954600
DHR,2024-09-24,270.76470947265625,272.27553972986664,267.6442957767679,269.125503093062,2834400
DHR,2024-09-25,264.52386474609375,272.7494889106995,263.51662455046664,272.7100117488915,2535400
DHR,2024-09-26,273.4604797363281,276.39327134471785,267.5159120577615,269.4316092099212,2713500
DHR,2024-09-27,272.25457763671875,276.3565774387361,272.20516794552987,274.2808576098097,1337400
DHR,2024-09-30,274.8047180175781,275.11113048805447,270.57421695960414,272.54122333756175,1500600
DHR,2024-10-01,271.3847961425781,275.3978410856718,269.86259731996097,275.3978410856718,1367200
DHR,2024-10-02,270.7422790527344,272.4127368909791,267.89558095762743,271.3155581746933,1111700
DHR,2024-10-03,267.3914794921875,270.1393281420893,266.4524841508099,269.7044142408402,1332000
DHR,2024-10-04,266.9071350097656,269.40787466392624,265.5430897139242,268.41943954110155,1132700
DHR,2024-10-07,265.6814880371094,267.37170366965944,264.37674642109164,265.39483340223126,1153200
DHR,2024-10-08,265.7012634277344,267.22346208028284,263.41798053123586,263.89244028602525,1431900
DHR,2024-10-09,266.11639404296875,267.35193792358984,263.7342618213738,266.6600212845838,1508000
DHR,2024-10-10,263.36859130859375,266.0076966028337,262.4295657307027,265.2663701459673,1531700
DHR,2024-10-11,267.20367431640625,269.0026336197391,264.03080577083017,264.54481138015296,1747200
DHR,2024-10-14,268.41949462890625,269.1608211231674,265.76060118965074,267.2729060313574,1901400
DHR,2024-10-15,269.5264892578125,272.3336414619232,268.66655550430903,269.2299707788964,1905400
DHR,2024-10-16,264.9302673339844,268.67644493192944,263.22026369563775,267.8659208838359,2820000
DHR,2024-10-17,268.8346252441406,276.17869177798883,267.8362960071866,274.29077686521265,3222100
DHR,2024-10-18,271.20684814453125,272.3237847186318,268.1723449177469,269.37823703784034,1949800
DHR,2024-10-21,268.943359375,271.03883740193544,267.1641878861892,269.94168868892086,2359600
DHR,2024-10-22,258.25836181640625,266.12629798781427,257.59609692414466,260.9765587634103,4496400
DHR,2024-10-23,253.0394287109375,257.86299764708383,251.26024221134867,255.45121317901067,4717000
DHR,2024-10-24,245.13192749023438,252.74287544826473,244.9540163952812,252.29808262855775,3989300
DHR,2024-10-25,242.55210876464844,247.48440575362338,242.05789117353237,247.40532912916592,3226900
DHR,2024-10-28,241.29678344726562,244.48943983383555,240.21939275595395,243.27365374280558,2031600
DHR,2024-10-29,239.88333129882812,242.10731040794974,238.9640787575829,240.3676548743497,3547200
DHR,2024-10-30,239.5176239013672,241.59332876328784,238.31173175582674,239.33969772330303,2553300
DHR,2024-10-31,242.81898498535156,245.6261372195314,239.53737301517688,241.0694505293892,4948800
DHR,2024-11-01,244.8946990966797,250.02468018474494,244.4103755026046,246.0808333995086,2638500
DHR,2024-11-04,244.32139587402344,248.5617911611194,243.14517070150075,245.90289816466654,1836200
DHR,2024-11-05,247.177978515625,247.91930485807745,242.48291168009288,242.81897600224713,1697300
DHR,2024-11-06,244.8946990966797,250.0148012624069,242.31488262797794,249.1548674669477,2930300
DHR,2024-11-07,243.25390625,247.1483282287765,242.89806897836837,246.81226388399222,2528000
DHR,2024-11-08,242.55210876464844,244.27199141136896,241.29679186016293,244.19291478691153,2941100
DHR,2024-11-11,240.4368438720703,243.3032996982531,238.63788470718148,242.16660533877584,3475300
DHR,2024-11-12,236.82907104492188,241.68227623180866,236.52264347529538,241.68227623180866,3077000
DHR,2024-11-13,238.73675537109375,239.2606248264801,236.2063636434183,236.82908265286127,2133700
DHR,2024-11-14,236.61160278320312,238.15355915026666,234.5655348545299,237.8076008269001,3154300
DHR,2024-11-15,227.8343048095703,234.68415324177005,226.35165206677485,233.41895744117048,5435800
DHR,2024-11-18,227.39939880371094,228.0616485752252,225.61033351192515,227.34009510511623,3932700
DHR,2024-11-19,228.17037963867188,229.22801255002312,226.08478074792748,227.0040333335465,2608200
DHR,2024-11-20,230.40426635742188,231.02697031853396,226.2429472545917,226.8458933696734,2662100
DHR,2024-11-21,232.33168029785156,232.46016660875793,227.7156900511293,231.2147437747289,2537000
DHR,2024-11-22,233.112548828125,234.18993955270324,231.778170386828,231.778170386828,2330100
DHR,2024-11-25,234.93125915527344,236.61161097572298,232.72705299436078,233.43872750877335,4460500
DHR,2024-11-26,233.84400939941406,235.34643517769405,230.45366870500277,234.75336800454215,2377700
DHR,2024-11-27,236.06796264648438,238.163440284545,232.94450403261524,234.50623333954982,2271400
DHR,2024-11-29,236.91802978515625,238.81582351349013,235.5441054935973,236.75987653721415,1931400
DHR,2024-12-02,238.49951171875,238.78616635956683,235.44525071205456,236.64126388484917,2520200
DHR,2024-12-03,238.08436584472656,238.87511696820684,236.10749557718748,237.87680291273597,3035300
DHR,2024-12-04,233.52769470214844,236.70057832737908,231.48164168288645,236.19648180549117,4167500
DHR,2024-12-05,225.23472595214844,233.02360021516452,224.57247617286868,232.2822738093899,5335700
DHR,2024-12-06,227.4586944580078,228.33840114814035,225.37309566468366,225.8080095487624,3099500
DHR,2024-12-09,233.18174743652344,233.59688840314,226.63829627482917,226.92495092374887,2625300
DHR,2024-12-10,231.6298828125,234.44692894243326,231.19496894575576,234.18992615809003,2753300
DHR,2024-12-11,232.6776123046875,234.9707889347854,231.6298735307823,233.0729953869401,3370000
DHR,2024-12-12,231.7880401611328,233.6858338186714,230.71064947907533,231.4915066028842,3996800
DHR,2024-12-13,232.1735382080078,232.77648426949352,229.31696114871548,231.4223329028469,2417900
DHR,2024-12-16,231.47174072265625,234.09110297087088,230.97752313797315,232.05492893514835,4474400
DHR,2024-12-17,230.82925415039062,235.2080296086288,230.56237244287826,231.42232125990182,3211100
DHR,2024-12-18,225.65975952148438,231.62002258001132,225.45218149294436,228.21980307364072,5221600
DHR,2024-12-19,223.54449462890625,228.39771478056568,223.2281881449494,225.46206121150558,4550000
DHR,2024-12-20,225.90684509277344,228.14070298885355,222.8130384038231,224.33523690373048,7073600
DHR,2024-12-23,226.5098114013672,226.97437714651724,224.13755789973038,225.3039192648914,2798800
DHR,2024-12-24,228.08140563964844,228.32851442148987,225.3632090393926,225.8870784503106,988300
DHR,2024-12-26,228.60528564453125,228.81286366711976,226.51968682584632,226.67784007331147,1512400
DHR,2024-12-27,228.69436645507812,229.7235339124911,227.01205055553305,227.01205055553305,2130400
DHR,2024-12-30,227.25942993164062,228.15996082205248,225.2109856501023,227.0813109071378,2008000
DHR,2024-12-31,227.1604766845703,229.58497011623868,226.2896323107658,228.06100756203173,2077900
DHR,2025-01-02,227.4177703857422,229.436543284148,226.19068793764393,228.44695287119063,2760600
DHR,2025-01-03,232.39541625976562,233.47406621980585,227.17037992310915,227.6849711820084,2381100
DHR,2025-01-06,235.72044372558594,237.72931114434678,231.2672866711985,231.71259935664682,3674500
DHR,2025-01-07,236.611083984375,240.61891324977012,235.5225284431862,235.5225284431862,2989300
DHR,2025-01-08,235.61155700683594,236.89802745015356,233.0485216874251,236.126148204153,2527700
DHR,2025-01-10,232.62303161621094,236.2251402081986,232.05895781831325,233.0980307986841,2863300
DHR,2025-01-13,237.38294982910156,238.4615997404095,231.57404391692484,232.603226388226,3301800
DHR,2025-01-14,235.14645385742188,239.62929692963377,229.6344434664031,238.65950261576475,4137600
DHR,2025-01-15,235.4928436279297,239.17412135734517,230.53500084554938,236.49232455932153,4128600
DHR,2025-01-16,239.3819122314453,239.5897328598678,232.15791437597258,235.2454315985845,3148900
DHR,2025-01-17,235.87876892089844,240.5199503241631,235.69074432844957,239.6491059380636,3075300
DHR,2025-01-21,241.56890869140625,241.9449578684531,236.5121012366989,237.45220907936505,2338100
DHR,2025-01-22,241.63816833496094,243.68662764066792,239.9756637679674,240.90588112804977,2049900
DHR,2025-01-23,243.10279846191406,243.2908230671892,239.282978644066,242.38038654691465,2512100
DHR,2025-01-24,243.2413330078125,244.9533202398705,242.46945367312964,243.04341793993646,1911300
DHR,2025-01-27,247.98146057128906,248.1496891312698,243.89446239068874,244.94342582348133,2748500
DHR,2025-01-28,245.2600860595703,255.5419450189363,244.61685832657514,254.9877767997494,4273700
DHR,2025-01-29,221.4010467529297,233.28603662643988,220.67865001897033,232.57353036008664,11407400
DHR,2025-01-30,220.75784301757812,226.60632629695934,219.03595017036298,222.65785490073682,6668000
DHR,2025-01-31,220.42137145996094,225.1318163349875,220.05521274344932,220.97553966879335,4785800
DHR,2025-02-03,212.02964782714844,217.65052952648,211.80204624793575,215.73072160628493,5787800
DHR,2025-02-04,212.77183532714844,212.91037738491883,207.85356962637167,208.308787873304,7520600
DHR,2025-02-05,209.9218292236328,214.186961692513,208.73430859103843,214.10779264367656,5112600
DHR,2025-02-06,207.82388305664062,212.0791249724849,206.9233672313884,210.78276391090307,4367100
DHR,2025-02-07,204.6077117919922,208.59576001535964,203.64780786726587,208.18013384691398,5230600
DHR,2025-02-10,201.3816375732422,204.82540778631198,200.88684239492954,203.70718095129178,7038700
DHR,2025-02-11,199.52120971679688,200.98581436682034,197.6706805183962,200.14465649484674,6509700
DHR,2025-02-12,200.07540893554688,201.82698842639286,194.75142207685892,197.3837365478562,7207800
DHR,2025-02-13,201.47071838378906,203.50927231799085,199.15508032843084,200.52071999695335,7198800
DHR,2025-02-14,204.15249633789062,204.99363909236624,201.80715689317464,201.97540054402046,4791700
DHR,2025-02-18,202.4009552001953,205.11243875947807,200.66917172728506,203.3014862300975,5589000
DHR,2025-02-19,202.8462371826172,203.43999746616467,199.1154922241695,201.3420706375457,4572700
DHR,2025-02-20,205.7853240966797,208.86295089607495,203.5191686868128,204.4196995898402,4718400
DHR,2025-02-21,208.04161071777344,211.41611801376445,207.2202487744706,208.41765994722493,6217000
DHR,2025-02-24,208.942138671875,210.48589744405325,205.7853425441745,207.42806640685765,4878100
DHR,2025-02-25,208.21974182128906,209.93172916728324,207.2697282923262,208.70463150486302,5209500
DHR,2025-02-26,207.25982666015625,209.79317580100627,206.09210207494922,207.88327347683256,4746900
DHR,2025-02-27,203.5686492919922,207.80409502645634,202.02487557293077,205.77543167187648,4494000
DHR,2025-02-28,205.59730529785156,205.93377752491963,202.80666809654673,204.89470453828253,3819000
DHR,2025-03-03,203.54884338378906,207.30928976844265,202.72748157372376,207.27960326566503,3223000
DHR,2025-03-04,203.7665557861328,206.09208408511068,200.28319347155175,203.53893913010106,5652400
DHR,2025-03-05,208.36814880371094,209.62493281916406,202.8066556785584,203.30145087047447,5137100
DHR,2025-03-06,212.5739288330078,213.8999764537176,207.47754389523004,208.52650738922296,5829400
DHR,2025-03-07,209.86244201660156,212.8905862049947,207.59627155930792,211.11921094449605,5937300
DHR,2025-03-10,203.09364318847656,209.0212954013662,202.60875353346674,207.0124280021635,5709600
DHR,2025-03-11,203.4696807861328,205.70614963258623,200.54048658639772,203.03425859833897,4400800
DHR,2025-03-12,202.8264617919922,206.5770028890896,201.76759278070364,203.38063001848082,3316400
DHR,2025-03-13,201.96551513671875,204.66710798828515,201.10457626091858,201.93582863065336,2456200
DHR,2025-03-14,208.54629516601562,209.71400463950332,202.97489614602645,203.98428262477046,4183000
DHR,2025-03-17,210.38694763183594,211.5546571810288,208.65516424620213,209.1697404373959,3156900
DHR,2025-03-18,210.56504821777344,211.37651960960358,208.3384697742732,211.37651960960358,2467000
DHR,2025-03-19,208.0712890625,210.18901208746962,206.47804778437197,209.77338589751696,4125300
DHR,2025-03-20,208.06138610839844,209.44680665843808,205.34001244943008,208.05149564016654,2651200
DHR,2025-03-21,209.15982055664062,210.34732597695694,206.2207359588861,208.53637379349553,6457700
DHR,2025-03-24,210.58485412597656,213.1478898082122,209.06087635278897,210.78276919913085,3615100
DHR,2025-03-25,210.1890106201172,211.96038602440296,208.18014316606065,210.63433841334194,3077200
DHR,2025-03-26,208.21974182128906,211.54476652272993,206.41867985386358,208.8629696096823,2669300
DHR,2025-03-27,207.9228515625,210.01088803115204,205.56762144242228,207.96242853680837,2989700
DHR,2025-03-28,204.01792907714844,208.42832079374355,203.52237910622796,208.20037204155594,2389900
DHR,2025-03-31,203.17547607421875,204.2954237816901,197.37753570778523,202.64028879135574,3809500
DHR,2025-04-01,198.6065216064453,203.22505107809442,198.00195002219093,203.17549305519123,3020000
DHR,2025-04-02,203.33404541015625,203.651189492831,197.4667362123319,197.4667362123319,2974500
DHR,2025-04-03,196.138671875,202.75922733134033,195.74223794860185,200.4995206803041,5413100
DHR,2025-04-04,180.15223693847656,193.72039728145455,179.58730272427366,193.72039728145455,7117800
DHR,2025-04-07,179.012451171875,185.68256409206742,170.38988544828382,174.8498348007948,8557900
DHR,2025-04-08,173.085693359375,184.8401392827583,170.34034228411755,183.39312671254396,5664500
DHR,2025-04-09,190.1821746826172,191.1435428736896,169.47809669169192,170.52866025150658,8180400
DHR,2025-04-10,179.15121459960938,190.73717498738273,173.9479400630394,190.73717498738273,6293500
DHR,2025-04-11,187.05027770996094,188.40809484074654,177.18883684462642,179.52783318625313,4764000
DHR,2025-04-14,191.25253295898438,192.2238065455273,188.6954936155287,191.17324315884042,4039300
DHR,2025-04-15,188.2296905517578,193.25457428666556,186.88179408743207,190.48939710621804,3505100
DHR,2025-04-16,188.96310424804688,194.20601588970672,187.44672266156567,190.74708703302,3620300
DHR,2025-04-17,185.1671905517578,188.05129480336177,184.17609068162454,187.30796990076183,3667700
DHR,2025-04-21,183.3138427734375,183.98778344131435,180.3207168636107,183.6309868750901,4857600
DHR,2025-04-22,190.36056518554688,197.8631835698572,190.1127902103731,196.47564975807774,6687700
DHR,2025-04-23,194.5628204345703,203.2845026457465,194.26548743770368,198.2398077457527,6494100
DHR,2025-04-24,194.75111389160156,195.18720023042545,191.53003948881428,194.94933083025342,4453400
DHR,2025-04-25,195.38543701171875,196.51529031205942,192.22382585714686,194.89979260816588,2608700
DHR,2025-04-28,194.16636657714844,197.66494768166407,192.56077460817903,197.06037619522743,2715100
DHR,2025-04-29,197.1595001220703,197.70460810348425,193.31404271033628,194.6123811878047,3719900
DHR,2025-04-30,197.5559539794922,198.18035178460158,195.147573247631,197.02075153997413,3729600
DHR,2025-05-01,194.95925903320312,198.53713011287473,194.53307823181578,196.61439397546346,3687500
DHR,2025-05-02,197.27842712402344,201.01487777320304,196.3170590647678,199.11195276303886,3159100
DHR,2025-05-05,195.6431121826172,198.4181948984454,194.26548394081814,196.41616888676432,1915600
DHR,2025-05-06,188.3585205078125,195.83140636526778,188.19994090988138,194.0969817107262,4479800
DHR,2025-05-07,191.37147521972656,192.25355352192733,187.98191539139384,189.95420962799295,2902600
DHR,2025-05-08,193.0861053466797,196.00984726284102,190.90567329247142,192.08508468825164,3612600
DHR,2025-05-09,188.0413818359375,193.82941680830191,187.63504236599005,192.59054191983955,4535800
DHR,2025-05-12,199.0426025390625,199.16152969237237,190.80656446668726,192.01570760195378,7207100
DHR,2025-05-13,194.86013793945312,199.9246586693888,194.61236298226055,199.1317757817759,2648300
DHR,2025-05-14,186.14837646484375,195.8710633322978,185.79157992278198,195.54399857515926,4489200
DHR,2025-05-15,189.2505340576172,189.50822972554676,178.58630394805775,185.02845367853377,6579400
DHR,2025-05-16,194.3645782470703,194.66191120533998,187.8233136570676,189.9442665790169,3868600
DHR,2025-05-19,194.66192626953125,194.75112162701993,191.95621277517253,192.49141516607182,2724500
DHR,2025-05-20,196.0098419189453,196.39637029565588,193.70057721393627,193.9186204134125,2873100
DHR,2025-05-21,185.14736938476562,193.9978993311203,184.79057281683785,193.9978993311203,5613100
DHR,2025-05-22,185.8114013671875,186.7331321200314,182.67953723818295,184.03733923515313,3104400
DHR,2025-05-23,182.89756774902344,184.3346746934309,181.42083858596095,182.71917702717062,2814200
DHR,2025-05-27,187.49627685546875,188.46756567208737,185.3257807195183,185.93035227966467,2990600
DHR,2025-05-28,187.32778930664062,189.5974165786419,186.8917180477742,187.12957234843142,2879200
DHR,2025-05-29,188.77481079101562,190.77683694677233,186.95119049220025,189.74608451840868,2814500
DHR,2025-05-30,188.20985412597656,189.29016444825353,186.1087272982888,188.3089701594644,6514200
DHR,2025-06-02,187.54583740234375,188.55676357552875,185.33568877069055,186.54483190726862,3027700
DHR,2025-06-03,190.35064697265625,191.24264596862287,184.34458391634948,186.49526891394876,3525700
DHR,2025-06-04,191.361572265625,193.9186118458857,190.34074056908094,191.2822824581381,2596800
DHR,2025-06-05,190.43984985351562,192.9175997351538,188.19006384953747,192.17427477066235,3096500
DHR,2025-06-06,194.27540588378906,194.89978853475364,191.18316392407579,192.61035019425356,2802200
DHR,2025-06-09,197.4271240234375,198.5074194324868,193.60147728194468,195.7521625439646,4119400
DHR,2025-06-10,200.81666564941406,201.6591066503179,196.25761498453986,198.9831398283071,4626200
DHR,2025-06-11,202.89796447753906,205.15767094770408,200.8662067406583,201.26265575830882,4491400
DHR,2025-06-12,203.27459716796875,203.93863229153132,200.92568010251827,201.7284686082733,3661200
DHR,2025-06-13,198.88400268554688,202.4519681516989,198.6461332801423,201.7383750584685,3391400
DHR,2025-06-16,199.3201141357422,200.58872087836448,195.69268464215725,200.15263447502832,3143400
DHR,2025-06-17,194.0078125,198.4974940008892,193.63118968491048,197.2288872924649,2968600
DHR,2025-06-18,192.70947265625,195.24668605536294,191.40121349065348,193.660920119425,3236300
DHR,2025-06-20,194.64210510253906,194.8502427317453,192.49142017466676,194.78085848101523,6590900
DHR,2025-06-23,194.59255981445312,195.24668940848528,191.1633624693483,193.51226450257232,3943100
DHR,2025-06-24,195.71250915527344,196.96128965322418,194.20603299053394,195.59358200013102,2739800
DHR,2025-06-25,199.21107482910156,199.5777769434122,193.95824246821502,195.14755929334422,4379600
DHR,2025-06-26,199.66697692871094,203.7800351435879,198.81463047629757,200.1823379479502,5685500
DHR,2025-06-27,197.3441162109375,202.00969332213845,196.25216586389243,200.57031524433776,5619700
DHR,2025-06-30,196.09335327148438,198.98204617180647,194.5844955578213,197.463251996801,4537400
DHR,2025-07-01,199.62728881835938,203.5384222612897,194.94185362039474,195.5473870083915,3976000
DHR,2025-07-02,201.0170135498047,201.91041644009775,197.84045142682132,200.69934976398486,3503600
DHR,2025-07-03,201.71189880371094,202.80384921300316,200.87805402591187,201.81117253075354,1390700
DHR,2025-07-07,198.16802978515625,201.0170067122466,197.20513229432677,200.57030528229456,2388400
DHR,2025-07-08,199.21034240722656,203.1115695094904,197.52279513539813,197.72132743554673,4225600
DHR,2025-07-09,199.48831176757812,200.7390789282451,195.67642181436838,199.51809085613849,2050700
DHR,2025-07-10,204.00497436523438,206.62564013432205,199.12100702952748,199.9350091590005,3088200
DHR,2025-07-11,203.3498077392578,204.30276879371254,202.01960958239033,204.00496278405438,2369000
DHR,2025-07-14,196.3018035888672,198.59488418071464,193.4627478210934,198.53532600643965,4925400
DHR,2025-07-15,191.4476318359375,198.53534297423593,190.9711512539718,197.94966734775264,4521900
DHR,2025-07-16,191.88441467285156,192.85723362573268,189.75015061807838,191.97375194313716,2662400
DHR,2025-07-17,193.3634796142578,193.66128564116997,191.01084078103494,192.4601553669174,3064800
DHR,2025-07-18,188.658203125,194.76315855309585,187.6953055486339,194.2271198189442,4240300
DHR,2025-07-21,186.69271850585938,188.93616244619028,186.1765223688909,188.49938226468194,5898600
DHR,2025-07-22,188.51922607421875,194.89220834407772,184.14151841620344,185.3823642276334,7053300
DHR,2025-07-23,196.44078063964844,200.25265532050756,193.38333475592492,199.05152506260688,6374400
DHR,2025-07-24,201.3247528076172,203.1810533315125,196.5599017672154,196.5599017672154,7411400
DHR,2025-07-25,203.97520446777344,204.8785439018043,201.17586404484376,202.03948792845327,5355700
DHR,2025-07-28,201.4538116455078,204.53110032306486,200.74900452477397,202.70457883285812,5160200
DHR,2025-07-29,205.33518981933594,206.0102027322552,200.52070156937214,201.61265204267679,4973300
DHR,2025-07-30,202.49612426757812,205.95063492162097,201.5927848407226,205.42451748555,5692900
DHR,2025-07-31,195.71612548828125,202.52588768835815,195.35876130019687,200.02433837176744,6060700
DHR,2025-08-01,195.64663696289062,195.7161315988471,190.85200693433052,193.89953151495465,5736500
DHR,2025-08-04,196.01394653320312,196.24225793150077,192.57927850951944,194.5646318962155,3176900
DHR,2025-08-05,197.58236694335938,199.18057706244943,195.06097474871177,195.9345351060911,4001100
DHR,2025-08-06,193.74070739746094,197.59229779431584,192.72817293443373,197.14559631408284,5123000
DHR,2025-08-07,197.03639221191406,197.6220677956664,194.11792045959777,195.65657228479677,2670100
DHR,2025-08-08,199.0912322998047,199.26992197847244,195.8054749161208,197.0363994509121,2963100
DHR,2025-08-11,198.29708862304688,200.719222151627,197.70149170183407,199.36918125768287,2566300
DHR,2025-08-12,204.21343994140625,204.37227183936798,198.19782191625717,198.70408155058632,2830000
DHR,2025-08-13,207.6083984375,207.78708811480345,204.5310946975383,204.5310946975383,3241300
DHR,2025-08-14,208.68048095703125,208.92865011285048,205.64289291333088,207.21132379575354,2634500
DHR,2025-08-15,209.38528442382812,210.8445203522786,208.29334916623438,210.4673135146216,3210200
DHR,2025-08-18,207.47935485839844,210.59635913925695,207.17162750011363,209.45478697522407,2859900
DHR,2025-08-19,210.64599609375,211.49969867534298,207.34038081201362,208.21394116909795,4851300
DHR,2025-08-20,209.85183715820312,212.44272381326377,209.24630379753242,210.6459815053678,3302500
DHR,2025-08-21,202.40676879882812,209.16690970665394,202.3968474849735,208.77976640770743,3172700
DHR,2025-08-22,210.24891662597656,211.01328188447337,204.12410353856595,205.36494934591113,3364900
DHR,2025-08-25,206.20870971679688,210.17941619073844,205.77192958113642,209.75257251537042,1985800
DHR,2025-08-26,204.73956298828125,207.82678803485902,204.1638087025962,206.2583570801399,3670600
DHR,2025-08-27,203.49871826171875,205.8712149077663,202.30750928179066,204.13403072748335,2503200
DHR,2025-08-28,203.78659057617188,204.17373387853667,200.5405487128993,202.9726035686292,2519900
DHR,2025-08-29,204.31272888183594,206.17895080723264,203.20092066033843,203.83623315246075,1979800
DHR,2025-09-02,202.29757690429688,204.4913990638071,199.2103517785683,203.06194220022235,2389000
DHR,2025-09-03,197.97943115234375,202.5457345999809,197.2249872131803,201.2949674887453,3468200
DHR,2025-09-04,197.57244873046875,198.32687759374673,190.7726070584051,197.44339590827252,3673600
DHR,2025-09-05,198.7438201904297,202.38694207109816,197.17538909667093,197.96951838466174,2837600
DHR,2025-09-08,197.17538452148438,197.49303319990105,192.91679285027902,194.23705472414449,3502100
DHR,2025-09-09,192.9068603515625,197.69155405557345,191.9737418521754,197.17537308969278,3345100
DHR,2025-09-10,191.17958068847656,195.4877934505338,190.96119062707803,192.62889517348117,5509500
DHR,2025-09-11,193.7307891845703,194.78302406726493,192.0531631313123,193.27415123603868,3426200
DHR,2025-09-12,188.658203125,193.5719495850581,187.47691547067186,193.5719495850581,3899900
DHR,2025-09-15,187.15924072265625,190.16706477559612,185.67022581292338,189.66079001217946,4675400
DHR,2025-09-16,189.0751190185547,190.66340768613384,186.38495868526527,187.61588315999128,4817600
DHR,2025-09-17,191.52703857421875,194.89221186981334,189.33321647522365,189.8097121813043,4419300
DHR,2025-09-18,193.83998107910156,194.7135262644261,191.8844067922588,192.48000371674678,2871800
DHR,2025-09-19,191.8744659423828,195.06096470221757,191.25901125704308,194.73337958507238,5934200
DHR,2025-09-22,189.06520080566406,191.6759300866402,188.83687427103902,190.4946424534747,2949600
DHR,2025-09-23,188.3306121826172,189.46226293930542,187.03020821582248,188.60856042832702,3461200
DHR,2025-09-24,184.5485382080078,187.79458027428737,184.0919002383569,187.25854149404466,5522100
DHR,2025-09-25,180.13111877441406,183.72460354400914,178.71158323170567,183.07935460748922,7433800
DHR,2025-09-26,183.8105010986328,184.0690626992439,180.33994891014902,180.73771497813132,4847900
DHR,2025-09-29,185.02369689941406,185.75958077487186,182.4282332415964,184.81487503632871,3513100
DHR,2025-09-30,197.15574645996094,197.26513440027063,184.62593374328054,185.3419247755254,7731200
DHR,2025-10-01,211.6943359375,211.94294352285547,197.52370357223867,197.60325982040877,11404100
DHR,2025-10-02,209.1585235595703,214.9560539390568,208.83035974482934,209.76512664006688,6798100
DHR,2025-10-03,213.79257202148438,218.69510603363344,209.0491353225383,210.15295354370684,5927300
DHR,2025-10-06,210.5308380126953,214.0809461672399,209.46679034605876,213.81244574711076,3849500
DHR,2025-10-07,207.60720825195312,212.7683036949315,207.2989373012059,211.32636768845356,4008700
DHR,2025-10-08,203.81845092773438,208.71104642204295,203.7587723608233,205.74763305804478,5089500
DHR,2025-10-09,203.34109497070312,206.03600764719775,202.4262209539135,203.66925877680183,2572600
DHR,2025-10-10,201.33236694335938,205.31008817751697,201.01414196120166,203.76871816452044,3585500
DHR,2025-10-13,203.9974365234375,205.5984699556793,201.72019775275947,202.42623478707952,2229700
DHR,2025-10-14,205.00180053710938,206.205067878118,201.20308467663847,201.75002437709693,2254100
DHR,2025-10-15,204.95208740234375,208.35303714945576,203.30132949079876,205.82717573322628,3081000
DHR,2025-10-16,209.7452392578125,210.41150574495313,204.3355359411934,208.43259913840475,5818300
DHR,2025-10-17,207.89559936523438,211.45566171617338,207.4878792940989,209.28781091144762,4147000
DHR,2025-10-20,207.22933959960938,210.38168198171286,206.58296594297158,209.07898065372405,4971500
DHR,2025-10-21,219.54037475585938,233.68117439623592,219.50058904776677,222.255165141813,10741300
DHR,2025-10-22,216.88525390625,221.72812459838605,214.08095318449585,221.26074114476035,4498800
DHR,2025-10-23,221.4894561767578,222.56344272019052,216.38803906270508,216.38803906270508,3664000
DHR,2025-10-24,221.7678985595703,223.7965448946879,220.94251957922174,222.22534317985836,3955300
DHR,2025-10-27,219.77903747558594,223.18994133120395,218.1581263875492,221.81762264700635,3454900
DHR,2025-10-28,215.69192504882812,220.39559127221273,215.025658571624,219.34149758667184,2251700
DHR,2025-10-29,212.81802368164062,217.34268459503363,211.5252764267874,214.269898600488,3030400
DHR,2025-10-30,213.85223388671875,216.27864618794612,211.62470460592928,212.80807906216737,2897200
DHR,2025-10-31,214.18040466308594,216.53719963820419,211.8235945141654,211.87331906434218,4042500
DHR,2025-11-03,212.86773681640625,214.18039202939443,210.02366569539996,211.7937503259072,3883300
DHR,2025-11-04,212.6390380859375,214.90633801165066,209.83473728772233,210.92861671407633,3079900
DHR,2025-11-05,211.02804565429688,212.4500735988931,207.73646884903906,211.39597998355302,2935400
DHR,2025-11-06,209.49661254882812,211.31642167160916,208.303299320031,209.8247763421625,2845700
DHR,2025-11-07,208.77069091796875,210.0833309689419,206.59288622382988,208.46241996561147,3028000
DHR,2025-11-10,209.9938507080078,210.56068327883872,206.56306910847096,207.70665791704903,2255200
DHR,2025-11-11,214.58811950683594,215.38366682514373,209.70547799865537,209.83474362654573,2843000
DHR,2025-11-12,218.17800903320312,219.15256168487102,214.23011939651946,214.42901760220036,4324100
DHR,2025-11-13,219.96798706054688,225.34785881444583,216.32836839284496,216.54714428044252,6520000
DHR,2025-11-14,219.97793579101562,222.1159548903219,216.12948016894106,217.9393506185362,4552300
DHR,2025-11-17,219.21221923828125,222.88166949783815,216.98468988868893,218.26751348167014,3991200
DHR,2025-11-18,224.2539825439453,225.63624012212492,216.64659644349692,217.9194660763327,5311300
DHR,2025-11-19,221.17123413085938,225.12906225190324,219.42102719081083,223.74680482018834,4483400
DHR,2025-11-20,220.94252014160156,223.78659144994703,220.10720231856925,221.73806742850005,2987200
DHR,2025-11-21,226.12351989746094,227.27706276158946,220.8132653946046,221.50936361475004,3181300
DHR,2025-11-24,225.71578979492188,226.27266834633812,222.8418867769468,226.23289781000943,4393800
DHR,2025-11-25,229.48468017578125,231.05588184048565,224.91029481404428,225.8748934004375,2957500
DHR,2025-11-26,227.18756103515625,229.66368285834042,226.20306954083074,228.29137931407777,4135300
DHR,2025-11-28,225.51690673828125,227.1776035516967,225.29813085399394,227.00855221816607,1461500
DHR,2025-12-01,222.89161682128906,226.17323999307646,222.50378959386526,225.2981364342524,3881300
DHR,2025-12-02,225.3279571533203,227.04833249072408,222.71261579274264,224.60202728582632,2737100
DHR,2025-12-03,227.18756103515625,229.3653507230476,226.3323503400116,226.73011640453353,3761000
DHR,2025-12-04,225.86495971679688,227.60521274813163,222.52367328968202,226.43177709948304,4089300
DHR,2025-12-05,224.98985290527344,227.20742820126637,223.74681504391833,226.75993760593894,3179600
DHR,2025-12-08,223.22972106933594,225.4970210569866,222.01651482652952,223.6175482994919,2945900
DHR,2025-12-09,221.98667907714844,225.52684863625885,221.94690854028545,224.08492768758333,3369200
DHR,2025-12-10,229.1366424560547,229.19630585003515,222.0264714290569,222.86178929238974,3914000
DHR,2025-12-11,231.07577514648438,231.39400014132121,228.3311528481299,228.9775265049132,5781800
DHR,2025-12-12,225.06942749023438,231.52328605488574,225.06942749023438,231.17522935582224,4858300
DHR,2025-12-15,227.2571563720703,227.50576394830318,223.07061328563836,226.58095104814205,4826600
DHR,2025-12-16,223.448486328125,226.96877810246633,221.44968687917,226.96877810246633,2992100
DHR,2025-12-17,221.39002990722656,225.40752177636045,221.38007589266212,224.3335351957874,5088700
DHR,2025-12-18,223.10044860839844,226.25279090543043,222.12589596858223,222.42422809967283,3502400
DHR,2025-12-19,223.58770751953125,224.7313114816468,222.15572544365227,223.38882449205968,6318100
DHR,2025-12-22,226.7400665283203,227.3864553825874,222.8717329392084,223.87611733888087,2576100
DHR,2025-12-23,229.5443572998047,229.93218452561604,224.79098148650544,225.79535066775978,1868500
DHR,2025-12-24,230.1807861328125,230.43933255203788,228.5101353139185,229.45485625182405,785800
DHR,2025-12-26,229.35426330566406,230.56913380166995,228.2688221854787,230.56913380166995,1140700
DHR,2025-12-29,229.6629638671875,230.67867602532962,228.70698250062088,228.99577502788728,1666400
DHR,2025-12-30,229.7028045654297,230.11108909231316,227.9003962818823,229.09536167256698,1375900
DHR,2025-12-31,227.9601287841797,230.2803608378363,227.91033539692873,229.9318223218881,1270300
DHR,2026-01-02,229.4339141845703,231.12679814790917,226.2772079904468,227.85058478784612,2338300
DHR,2026-01-05,234.3731231689453,234.6419952986255,228.31861512033123,228.31861512033123,3191700
DHR,2026-01-06,235.5979766845703,239.43183974831584,233.8354092183641,234.34326532297808,2663400
DHR,2026-01-07,234.58226013183594,237.12155580269746,232.12261564881197,235.85689186455986,2653300
DHR,2026-01-08,234.01463317871094,236.70330890393024,232.34168479672852,232.57071614061243,2533900
DHR,2026-01-09,237.37049865722656,237.49995842352772,232.99890673890027,236.20540634494097,2536100
DHR,2026-01-12,237.9978790283203,239.73058872233986,235.00050535253015,237.29084935469578,3615800
DHR,2026-01-13,234.57228088378906,240.2483774156173,227.18339519571677,238.993666138521,4249900
DHR,2026-01-14,236.9522705078125,238.2766956294338,234.4030070416096,235.13990968519997,3136000
DHR,2026-01-15,238.88414001464844,239.21275814718973,234.08435818815647,235.2195775574769,2861700
DHR,2026-01-16,235.00050354003906,239.4119213342449,234.7615043856975,237.49002108389587,3904400
DHR,2026-01-20,233.34744262695312,237.80865347418649,230.13099045767166,232.51096844212339,4326400
DHR,2026-01-21,241.03509521484375,241.204380586963,233.3076229192719,234.35322334218205,5042900
DHR,2026-01-22,239.07334899902344,241.78194528424228,238.48582650934964,241.31391477353694,2955100
DHR,2026-01-23,234.02459716796875,239.78036040176158,232.59064785425468,238.63518843179864,3066600
DHR,2026-01-26,235.71746826171875,237.67919396102485,234.2137900524834,235.00048604687458,4471000
DHR,2026-01-27,234.76150512695312,236.27513605294394,232.02303582006397,233.03876323571126,4299300
DHR,2026-01-28,223.59848022460938,234.1639923052731,222.15456322250932,228.0397857952453,7764000
DHR,2026-01-29,218.69912719726562,222.7421011624262,217.52408223765335,222.38362523154154,7444900
DHR,2026-01-30,217.97218322753906,220.07333650513152,216.39880641919325,218.45016631019848,5627900
DHR,2026-02-02,222.48318481445312,223.1603414352669,215.9307733228418,218.52983004523773,4782600
DHR,2026-02-03,215.69180297851562,225.08225572550862,215.253645465923,220.59117161105226,4210700
DHR,2026-02-04,218.6094970703125,219.70489078598223,215.7415682109649,216.48842341851935,3938500
DHR,2026-02-05,214.84535217285156,219.07753176374203,214.03875096434533,218.16139118156158,4141900
DHR,2026-02-06,215.70175170898438,217.48423952708245,213.50101158559883,216.0403224372564,4311100
DHR,2026-02-09,215.75155639648438,216.91664880700912,211.947566219638,213.74002192614128,3559600
DHR,2026-02-10,218.82858276367188,219.9339291137517,213.93916686950197,216.43865210151424,4420700
DHR,2026-02-11,219.0576171875,219.73477384132622,215.32334097871887,217.23528857423776,4539000
DHR,2026-02-12,214.03875732421875,218.679221554399,207.67555125216285,218.00206489843535,5167100
DHR,2026-02-13,211.6886444091797,217.83277150082012,209.9061414498632,215.1440957601145,5286400
DHR,2026-02-17,205.49472045898438,207.62574669981365,200.157194660252,200.95384325010016,8709200
DHR,2026-02-18,207.6855010986328,208.42240373318688,203.36370245674408,204.98687269477128,4646900
DHR,2026-02-19,210.36422729492188,210.3741798947218,205.72376306026558,206.1619205684043,4763700
DHR,2026-02-20,208.62156677246094,211.79819353777907,207.86475892160377,207.86475892160377,4471100
DHR,2026-02-23,210.0355987548828,210.46380364200064,205.44492813634815,207.12784430247504,2400600
DHR,2026-02-24,208.3128662109375,211.60898490941594,208.1734538404366,209.49787895759965,3176000
DHR,2026-02-25,208.6414794921875,210.15509513822371,208.06390962930192,209.45803330191643,2810300
DHR,2026-02-26,208.48214721679688,209.8663182931205,205.9229160181248,208.20332248162438,2839800
DHR,2026-02-27,209.75677490234375,209.796600494545,206.01254624829073,207.1377977669722,5242600
DHR,2026-03-02,205.13624572753906,207.14778015863726,203.81182057009582,207.12785976372876,3195800
DHR,2026-03-03,203.15457153320312,204.14042588933626,199.82857994839426,201.43182975463455,4620900
DHR,2026-03-04,203.87155151367188,205.91295878906612,202.18863534612643,203.75205954265832,2958400
DHR,2026-03-05,201.15301513671875,203.85165880768477,198.88257637947316,201.42188728278464,4771400
DHR,2026-03-06,194.68026733398438,199.97796783576268,194.2919032141028,199.16139880714513,4237700
DHR,2026-03-09,197.9664306640625,198.55395313551168,192.57911125547847,194.01307573785581,3522600
DHR,2026-03-10,194.4014434814453,197.72743521000095,194.34169749269898,197.32911848848622,3190400
DHR,2026-03-11,194.24209594726562,195.6959807403968,192.4994338322125,193.8836048472338,2957500
DHR,2026-03-12,185.47900390625,193.09693647277186,185.3993375239225,192.36003383234907,5235300
DHR,2026-03-13,186.53456115722656,188.5759532049924,184.46328092237977,186.98267123613107,4134100
DHR,2026-03-16,190.58749389648438,191.1152703708901,186.71380542113945,188.19756326501712,4333500
DHR,2026-03-17,194.39149475097656,195.92503087362329,192.479531904183,192.68865806376672,3751700
DHR,2026-03-18,190.69703674316406,193.31601396390764,190.06967348318457,192.70857109808225,4123800
DHR,2026-03-19,189.3128662109375,190.58749793403055,186.62419039487588,189.03404147118644,3353500
DHR,2026-03-20,188.55606079101562,190.4779609999962,187.18184227404743,188.68550536803963,5686200
DHR,2026-03-23,189.2033233642578,192.9375994832892,188.56600751440212,191.82230054474385,3147000
DHR,2026-03-24,189.3029022216797,190.69702583655646,185.23004035680324,186.43497341986713,4195500
DHR,2026-03-25,186.3652801513672,192.15093177684088,184.21434850810382,190.9659189763801,5265500
DHR,2026-03-26,187.26150512695312,188.03823335369032,184.7221942957852,184.73214689542743,3695000
DHR,2026-03-27,181.14419555664062,185.6248899700355,180.63524168629198,184.347541227573,5857600
DHR,2026-03-30,183.50929260253906,185.34547960280167,181.37372364572957,183.239847318927,3979700
DHR,2026-03-31,189.2074737548828,190.05570484807006,184.99620927962837,186.38333092820375,4659500
DHR,2026-04-01,190.39500427246094,192.03160840153944,189.07774496232412,190.165484700846,3770600
DHR,2026-04-02,190.7243194580078,193.39877897308665,187.61078366562236,189.06776772809945,2739700
DHR,2026-04-06,191.7222442626953,192.1313990839183,189.0777367151778,190.23533879255083,2595700
DHR,2026-04-07,190.6145477294922,191.72225031263662,188.33926921717375,190.81414585252273,2932700
DHR,2026-04-08,195.78382873535156,198.14891723299627,194.5863161502352,195.49442059740258,2610000
DHR,2026-04-09,192.5904541015625,195.28486118759793,190.68440476143581,194.37674152579535,2903200
DHR,2026-04-10,189.2174530029297,193.32891853718044,189.04780677942117,193.32891853718044,3188900
DHR,2026-04-13,195.4644775390625,196.11314095407465,187.67064933449987,188.27938703589993,4836300
DHR,2026-04-14,198.19882202148438,199.98510951782205,194.68610514837448,195.2150066810599,3336400
DHR,2026-04-15,197.7297821044922,199.06700419356108,196.87156198832,198.63790174907405,3180500
DHR,2026-04-16,193.37881469726562,195.98341180516306,192.67029314244527,195.63413032172292,3760400
DHR,2026-04-17,194.3468017578125,196.61210635513908,193.8578107414315,194.17715554246357,4243400
DHR,2026-04-20,195.0952606201172,195.464489744495,192.34098006962486,192.81998207249327,5271400
DHR,2026-04-21,194.13723754882812,200.0849052733809,190.06569776414767,196.5921513159902,7862900
DHR,2026-04-22,183.6589813232422,194.6062717101565,183.3296779113559,193.5484686297479,5904700
DHR,2026-04-23,178.2003173828125,180.6053164349816,174.63770097388957,180.4456592524768,10185100
DHR,2026-04-24,176.88304138183594,178.6094555192954,176.11463124028504,178.20031591020893,6410700
DHR,2026-04-27,180.24606323242188,181.07434673683812,176.14457142683258,176.3940538597098,5322900
DHR,2026-04-28,178.6094512939453,182.62113290330566,176.93293672716703,182.28184046391462,5048600
DHR,2026-04-29,178.42982482910156,178.9587263265037,176.33416646895114,177.7811614189607,5932600
DHR,2026-04-30,178.5795135498047,179.89678803910988,176.38407129482786,178.42983018838297,5142400
DHR,2026-05-01,174.78738403320312,179.49761352078053,174.23853487001094,179.4477292166351,3880000
DHR,2026-05-04,173.67967224121094,175.17656673909514,171.98319485571514,174.25847327432328,4532200
DHR,2026-05-05,174.26846313476562,177.31213644633166,172.9012891324495,175.43603902133458,3806100
DHR,2026-05-06,174.557861328125,176.5936464437224,171.70378177652384,176.364111649098,5983300
DHR,2026-05-07,175.2963409423828,176.64353694860338,173.0310361798291,175.48595002842555,4481900
DHR,2026-05-08,170.80564880371094,175.11669713144565,170.38652016262552,174.60775847309876,5846000
DHR,2026-05-11,166.17526245117188,171.374467803097,164.9078874339037,171.374467803097,7378300
DHR,2026-05-12,165.91578674316406,167.58232751794324,165.22722803975378,166.65426020430405,5417200
DHR,2026-05-13,165.6463623046875,167.27297741932455,162.9818917377281,165.9457290436273,6526600
DHR,2026-05-14,164.1993408203125,168.93950674179862,164.06962031800876,166.15528966893507,4208600
DHR,2026-05-15,161.57479858398438,165.93574642477432,160.59681653133427,165.23719869230888,4054000
DHR,2026-05-18,163.52076721191406,164.20934116636647,160.8962071325373,161.49497106524356,4955100
DHR,2026-05-19,166.6941680908203,171.14494119145166,163.73033093168783,164.06962337048435,5744100
DHR,2026-05-20,170.76571655273438,170.9253889509977,163.76026138490872,166.9137075010203,4158800
DHR,2026-05-21,172.97116088867188,173.48009956612162,167.63223077437715,170.48631039411316,4237800
DHR,2026-05-22,171.64390563964844,174.5877951618655,170.78568550236227,173.1807106529663,2995000
DHR,2026-05-26,172.4522247314453,173.29048200406862,169.52829809222416,170.8156206732386,3283100
DHR,2026-05-27,172.77157592773438,176.2244042043521,171.24474468640474,173.45016082290357,3264700
DHR,2026-05-28,180.25604248046875,180.82485447837732,174.1986020303011,174.1986020303011,5753700
DHR,2026-05-29,182.29180908203125,183.94837597140543,178.89885433045362,180.68514172107402,6993100
DHR,2026-06-01,179.4976043701172,182.17206379640928,178.61943661745863,182.17206379640928,3652500
DHR,2026-06-02,175.74539184570312,178.96870036213573,175.13665414812314,177.37202205322953,2914100
DHR,2026-06-03,177.71131896972656,178.17035809459298,173.27053494596163,175.49591386534073,2909800
DHR,2026-06-04,186.25360107421875,187.40121415359098,181.3437887122313,181.89265309996546,7771100
DHR,2026-06-05,183.91844177246094,188.35922577170518,183.40948789384302,187.61077851698317,3305400
DHR,2026-06-08,183.15003967285156,187.00204898808767,182.82072103910352,184.16793224741835,3148700
DHR,2026-06-09,188.0199432373047,188.81829006315013,183.3695870619142,184.6269730342613,5872200
DHR,2026-06-10,183.2498321533203,187.79040001908538,183.20990643885818,186.48311457362257,3215300
DHR,2026-06-11,180.4156951904297,183.7487918027259,177.5616157749557,182.11218778157846,3534200
DHR,2026-06-12,179.72714233398438,182.26187703355885,179.12837843218955,181.07433827222488,3126700
DHR,2026-06-15,180.72506713867188,181.62319773991305,179.19823598024297,180.54543188210474,3931600
DHR,2026-06-16,180.97454833984375,183.16999052709076,180.1263020454265,181.084321210566,2834000
DHR,2026-06-17,177.39198303222656,182.0423392209315,176.23439611999552,180.3658245863353,2692200
DHR,2026-06-18,176.80320739746094,178.14042957327197,173.85931775670707,175.18656611706848,7258500
DHR,2026-06-22,177.8210906982422,178.92879324330127,174.63769260806347,176.07471377216154,3691900
DHR,2026-06-23,178.59947204589844,181.33380478962172,176.70341178726284,178.69927110254164,4149800
DHR,2026-06-24,188.47897338867188,189.0877111012672,179.55747963206443,180.6851450407734,5647000
DHR,2026-06-25,192.80999755859375,197.16097151348993,189.2972808690046,189.2972808690046,6090900
DHR,2026-06-26,196.19000244140625,196.19000244140625,192.2899932861328,192.8300018310547,6090400
DHR,2026-06-29,192.77999877929688,197.0,191.5399932861328,195.4499969482422,3522500
DHR,2026-06-30,190.47999572753906,193.99000549316406,188.99000549316406,193.8000030517578,3471100
DHR,2026-07-01,193.72000122070312,196.0399932861328,190.5800018310547,191.97000122070312,4515600
DHR,2026-07-02,197.92999267578125,198.22999572753906,194.47000122070312,197.47000122070312,4035400
DHR,2026-07-06,193.6199951171875,196.60000610351562,189.77999877929688,195.30999755859375,4663800
DHR,2026-07-07,194.19000244140625,197.8800048828125,192.13999938964844,197.4199981689453,3248900
DHR,2026-07-08,190.77000427246094,192.47999572753906,190.11000061035156,191.75999450683594,2502600
DHR,2026-07-09,195.97999572753906,195.99000549316406,190.0,190.5,2657100
DHR,2026-07-10,199.0500030517578,199.83999633789062,195.0500030517578,197.5800018310547,3847600
DHR,2026-07-13,200.16000366210938,200.83999633789062,198.0,198.6999969482422,2918800
DHR,2026-07-14,199.0500030517578,202.3300018310547,197.3699951171875,198.02999877929688,4188500
DHR,2026-07-15,200.7899932861328,202.36000061035156,199.33999633789062,200.0,4469300
DHR,2026-07-16,205.00999450683594,205.27999877929688,200.36000061035156,201.41000366210938,4237500
DHR,2026-07-17,203.8300018310547,206.58999633789062,202.13999938964844,203.4499969482422,4965900
DHR,2026-07-20,201.11000061035156,204.3300018310547,200.0,202.0,6202200
DHR,2026-07-21,179.00999450683594,179.25999450683594,165.75,168.83999633789062,28098200
DHR,2026-07-22,179.13999938964844,180.1199951171875,173.0,178.47000122070312,10886700
DHR,2026-07-23,192.5,192.88999938964844,183.8699951171875,185.1199951171875,11552800
DHR,2026-07-24,191.5,194.8000030517578,190.0,193.0800018310547,6849400
DHR,2026-07-27,196.5,196.6300048828125,189.85000610351562,191.38999938964844,5340100
DHR,2026-07-28,199.0500030517578,209.89999389648438,198.4600067138672,200.72999572753906,9363700
DHR,2026-07-29,196.49000549316406,203.0500030517578,195.77000427246094,199.92999267578125,8213500
DHR,2026-07-30,196.1699981689453,196.86000061035156,193.13999938964844,194.64999389648438,4952500
DHR,2026-07-31,194.97999572753906,198.5800018310547,192.6199951171875,197.49000549316406,4387600
DHR,2026-08-03,197.5,199.30999755859375,195.77000427246094,197.33999633789062,2950600
DHR,2026-08-04,194.77999877929688,200.36000061035156,192.91000366210938,197.92999267578125,6972400
DHR,2026-08-05,199.66000366210938,201.24000549316406,193.3000030517578,195.60000610351562,3747900
DHR,2026-08-06,199.97999572753906,201.33999633789062,196.47999572753906,199.9600067138672,2793600
DHR,2026-08-07,204.75999450683594,205.19000244140625,198.44000244140625,199.39999389648438,3323800
DHR,2026-08-10,209.3699951171875,209.3699951171875,200.77999877929688,203.25999450683594,3678000
DHR,2026-08-11,207.44000244140625,208.44000244140625,206.08999633789062,208.0500030517578,2472700
DHR,2026-08-12,205.7899932861328,207.58999633789062,202.0,204.5500030517578,3038400
DHR,2026-08-13,203.88999938964844,207.49000549316406,202.1699981689453,207.05999755859375,1920400
DHR,2026-08-14,202.4499969482422,203.9600067138672,201.1199951171875,203.0,2244400
DHR,2026-08-17,202.6300048828125,203.42999267578125,199.99000549316406,199.99000549316406,2982200
DHR,2026-08-18,199.5800018310547,204.22999572753906,199.49000549316406,203.97000122070312,2289900
DHR,2026-08-19,211.5,212.19000244140625,202.91000366210938,203.10000610351562,5253000
DHR,2026-08-20,215.91000366210938,220.6699981689453,208.2100067138672,210.1199951171875,5503200
DHR,2026-08-21,218.85000610351562,220.25,213.4600067138672,215.5800018310547,4701700
DHR,2026-08-24,215.11000061035156,218.33999633789062,213.8800048828125,218.3300018310547,2510300
DHR,2026-08-25,215.97000122070312,216.77000427246094,212.24000549316406,213.8800048828125,2339300
DHR,2026-08-26,215.36000061035156,216.85000610351562,212.80999755859375,213.22999572753906,2531100
DHR,2026-08-27,215.67999267578125,218.57000732421875,213.08999633789062,214.77999877929688,2926500
DHR,2026-08-28,216.07000732421875,217.0399932861328,212.85020446777344,215.10000610351562,2859906
