symbol,date,close,high,low,open,volume
JPM,2018-01-02,85.51603698730469,85.57148948068973,84.61295006996626,85.26253901127755,13578800
JPM,2018-01-03,85.60317993164062,85.94381841328286,85.14371899210931,85.44474595854275,11901000
JPM,2018-01-04,86.8294906616211,87.61783447623455,86.16058827698507,86.28800056943098,12953700
JPM,2018-01-05,86.27205657958984,87.23559517299041,85.82612578124686,87.0046649880338,14155000
JPM,2018-01-08,86.39948272705078,86.54281851744616,85.76243341965966,86.12077593332434,12466500
JPM,2018-01-09,86.83747100830078,87.29932546279117,86.39153398018946,86.57468766455986,13292300
JPM,2018-01-10,87.79302215576172,88.15135859156264,87.10819628148904,87.17190242685217,15834500
JPM,2018-01-11,88.2628402709961,88.33451120252543,87.63376183782346,88.12746927020463,13676800
JPM,2018-01-12,89.72007751464844,89.86341328810622,88.26283149705306,88.9078455152889,18884200
JPM,2018-01-16,89.40156555175781,90.32528646152196,88.44599764369724,88.79637537848399,22703300
JPM,2018-01-17,89.97491455078125,90.22177436870226,88.63711574768962,89.09897623246776,14940300
JPM,2018-01-18,90.18992614746094,90.55622742482262,89.40157615072819,89.79177179267388,14572900
JPM,2018-01-19,89.99082946777344,91.04991520471951,89.82360540404511,90.73139665020003,18785500
JPM,2018-01-22,91.04195404052734,91.08973060734755,89.58470799899263,89.71212027764896,12475700
JPM,2018-01-23,90.9463882446289,91.28880112452835,90.26156248483005,90.51638094833534,12320800
JPM,2018-01-24,92.10900115966797,92.37178441825256,91.30473396269325,91.46399322982545,15904500
JPM,2018-01-25,92.13288879394531,92.50715475195939,91.6391814240983,92.40363683658698,13510000
JPM,2018-01-26,92.6266098022461,92.6266098022461,91.5436296939556,92.13289631673506,13883900
JPM,2018-01-29,92.53103637695312,93.44679227901267,92.38770061771467,92.38770061771467,11679900
JPM,2018-01-30,91.66309356689453,92.84959181098277,91.5595756245758,91.9975417577887,14279100
JPM,2018-01-31,92.10900115966797,92.89735093542174,91.70288820587537,92.0930776630954,13141400
JPM,2018-02-01,93.06456756591797,93.16012068843557,91.95769934418085,92.18862344049914,13800600
JPM,2018-02-02,91.00212860107422,93.10438242090072,90.8508280516162,92.7619695447361,16477300
JPM,2018-02-05,86.63837432861328,91.24899557506211,82.80016728715461,89.98286787249431,30097600
JPM,2018-02-06,89.27416229248047,89.56879867698851,84.89446476384353,85.08557713672164,33114800
JPM,2018-02-07,89.87933349609375,91.13749618163695,88.50968204249753,88.82820662536777,21878300
JPM,2018-02-08,85.9057846069336,90.07048198654947,85.87393152831977,90.07048198654947,27425800
JPM,2018-02-09,87.62580108642578,88.43007449200431,84.59186719482769,86.87726904111392,28188000
JPM,2018-02-12,88.97950744628906,89.76785721212902,87.64967374886837,88.52561185778343,18043300
JPM,2018-02-13,89.52897644042969,90.02268996120773,88.2309956052157,88.64507340544542,16358200
JPM,2018-02-14,91.59937286376953,91.79048521744444,89.60860145987868,89.68823110096388,15186900
JPM,2018-02-15,91.98160552978516,92.36383024496098,90.9543667353026,92.16475310049582,12130200
JPM,2018-02-16,91.3206787109375,92.42754727854035,91.17734290702151,91.21716077074657,13214300
JPM,2018-02-20,91.34456634521484,91.88605648109353,90.75529963349047,91.29678976936916,13461500
JPM,2018-02-21,91.72679138183594,93.52644447897069,91.31270749949597,91.57549080074796,14212500
JPM,2018-02-22,91.55956268310547,92.71420768742644,91.38437382444108,91.97364046920575,17070400
JPM,2018-02-23,93.41497039794922,93.47867655117817,91.82235301934446,91.82235301934446,12162500
JPM,2018-02-26,94.57756805419922,94.68109205856986,93.4229230350292,94.0758958323151,16511200
JPM,2018-02-27,93.45476531982422,95.02349402469045,93.44680053378762,94.68904591537374,17563300
JPM,2018-02-28,91.97364807128906,94.35460920770677,91.84623577251014,93.82108387611383,17735600
JPM,2018-03-01,90.32528686523438,92.8814368023062,89.70416711468361,91.95772196376608,18690000
JPM,2018-03-02,90.2376937866211,90.4288061568876,88.4858172292472,89.49712651706656,18353700
JPM,2018-03-05,91.62325286865234,92.31604344172631,89.09895641472157,89.22636868922551,13933000
JPM,2018-03-06,91.70288848876953,92.22844893220841,91.03398619897723,92.08511316120659,10674400
JPM,2018-03-07,91.36048126220703,91.65511153312015,90.07045924317701,90.58009622160448,13006500
JPM,2018-03-08,91.3684310913086,91.75862661135453,90.15008011833795,91.6630674089318,11173700
JPM,2018-03-09,93.99626159667969,94.02811466759508,92.10900815356938,92.80976356300378,15366600
JPM,2018-03-12,93.69366455078125,94.56163793226425,93.36717513733039,93.96440653479732,12339300
JPM,2018-03-13,92.57087707519531,94.33868318365546,92.23642891287923,94.12367645405755,13312300
JPM,2018-03-14,91.53565979003906,92.84160524608222,91.25695302966737,92.81771696310061,12905100
JPM,2018-03-15,91.76659393310547,92.37179012120502,91.44011059272216,92.26827219871315,8748000
JPM,2018-03-16,91.92586517333984,92.84957997453346,91.84622945440476,91.84622945440476,19888900
JPM,2018-03-19,91.20122528076172,91.93382775311098,90.22176908031389,91.65512095116861,13214900
JPM,2018-03-20,91.28880310058594,91.93381102131256,91.13750254620254,91.47195672301591,9921200
JPM,2018-03-21,91.3684310913086,92.87345359619601,90.94638857913982,91.42417244055066,13633000
JPM,2018-03-22,87.55413055419922,90.46065823941838,87.2276471783796,90.14213357556444,22550400
JPM,2018-03-23,85.2129898071289,88.32655345006279,85.0139126458682,87.8089516157144,23081500
JPM,2018-03-26,87.84078979492188,88.5176568887105,86.51892082749075,86.94892815193754,20217500
JPM,2018-03-27,86.13668060302734,88.93968965240076,85.4438961636828,88.44597624332845,18039900
JPM,2018-03-28,86.00133514404297,86.9330148166854,84.92631966981303,86.22430059643402,19189300
JPM,2018-03-29,87.57007598876953,88.21508414526139,85.82615784672416,86.3995011304297,13274600
JPM,2018-04-02,85.88187408447266,88.17524654815163,84.47241065396325,87.56208557543393,18822500
JPM,2018-04-03,87.06040954589844,87.19578053247632,85.4120511980246,86.28798933076908,14050700
JPM,2018-04-04,88.38230895996094,88.55749786197009,85.22096216103337,85.28466832091921,15302600
JPM,2018-04-05,89.54278564453125,90.30311866513337,89.15061747543119,89.34269897166132,16627000
JPM,2018-04-06,87.30982208251953,89.2786804171031,86.29338441936221,88.47833368492347,18906000
JPM,2018-04-09,88.35826110839844,90.4231566908051,87.95008265462975,88.0461264396811,15974300
JPM,2018-04-10,90.04700469970703,90.33512998667462,89.17462366245506,89.742869060041,13951400
JPM,2018-04-11,88.53435516357422,89.48676359526458,88.4543156077313,89.36671647382184,14503300
JPM,2018-04-12,90.73532104492188,91.55167211338089,89.23867029555845,89.28668915071438,16435500
JPM,2018-04-13,88.27825927734375,92.15994024694695,87.27782572300468,92.05589124935211,39152800
JPM,2018-04-16,88.20622253417969,89.21466123978844,87.870078334364,88.79047840104553,16580500
JPM,2018-04-17,88.20622253417969,89.57481486728216,88.03014525632528,89.1346277788078,15501400
JPM,2018-04-18,87.49390411376953,88.89451088861885,87.1497547762744,88.46232292249746,16081400
JPM,2018-04-19,89.41474151611328,89.53479475203287,87.63797072175493,87.6619801477066,17911000
JPM,2018-04-20,89.21464538574219,90.23108298250798,88.74243766939608,89.87893459553999,15584400
JPM,2018-04-23,88.782470703125,89.59882175181515,88.54236422083652,89.29469216625637,11285800
JPM,2018-04-24,88.36627197265625,90.35913331803361,87.7099818917933,89.43873349705562,16453100
JPM,2018-04-25,88.03014373779297,88.46233174702712,86.91766216271601,88.25423986713774,13548200
JPM,2018-04-26,88.11817169189453,88.6944223010097,87.50990648158842,88.0141288176446,10299500
JPM,2018-04-27,87.55793762207031,88.16620287534789,87.34184057530533,87.67799085847739,9384000
JPM,2018-04-30,87.06169891357422,88.27822911950696,87.03768949345815,87.83803606351293,13744900
JPM,2018-05-01,87.06169891357422,87.21376671585575,86.06927087643102,86.7975830799778,10503400
JPM,2018-05-02,86.37342071533203,87.62996488198137,86.22135898340049,86.52548855342475,12162100
JPM,2018-05-03,85.82918548583984,86.25336829488211,84.18047310166463,86.10930563273934,15379100
JPM,2018-05-04,86.78160858154297,87.02971414933234,84.8207612552502,85.18091489276134,11967900
JPM,2018-05-07,87.53392791748047,87.78203346074734,86.72557597481708,87.04571590216348,9356700
JPM,2018-05-08,88.83048248291016,89.11060261916441,87.46189029764419,87.6619769815631,12543200
JPM,2018-05-09,90.76731872558594,90.9513950401345,88.86248974409399,89.19063480957001,11368100
JPM,2018-05-10,91.47161102294922,91.59166423073758,90.23907656156429,90.59123100943421,9159700
JPM,2018-05-11,91.12748718261719,91.82379109718777,90.97541933656854,91.63170346865425,10253000
JPM,2018-05-14,91.15950775146484,91.7997815699818,91.03144932406431,91.32757985780661,8710700
JPM,2018-05-15,90.46318054199219,91.16748949936151,90.09502181707656,91.16748949936151,11536200
JPM,2018-05-16,90.71128845214844,90.9914146709756,90.14304305040733,90.35113489388564,7571100
JPM,2018-05-17,90.40716552734375,90.76732521810331,89.7989003052456,90.59924703205229,8617200
JPM,2018-05-18,88.94253540039062,90.27911916272966,88.71043410161512,90.23909938129337,11806300
JPM,2018-05-21,89.75885772705078,90.07099236149404,89.57477535245552,89.67882430137593,9441900
JPM,2018-05-22,90.44720458984375,91.47164764158579,89.87095384669828,89.918972706573,11507600
JPM,2018-05-23,90.03099060058594,90.25508667975541,88.93451962662672,90.04700095261815,11453900
JPM,2018-05-24,89.0225601196289,89.75887756845668,88.13417485409266,89.75087239227194,14084800
JPM,2018-05-25,88.56637573242188,88.90251990743312,88.19821084798724,88.4063027161109,8283500
JPM,2018-05-29,84.78073120117188,87.39786237860851,84.00439387916376,87.38185813037047,30643800
JPM,2018-05-30,86.71756744384766,86.91765412743113,85.3569804379444,86.1493219952099,17490800
JPM,2018-05-31,85.64511108398438,86.58952053355394,85.17290330611891,86.39743290891644,19808200
JPM,2018-06-01,86.75759887695312,87.18978690428746,86.27739199308002,86.70957391425254,13594200
JPM,2018-06-04,86.7975845336914,87.44586941848209,86.65352190442235,87.22977242149858,9415400
JPM,2018-06-05,86.30938720703125,86.68555114177714,85.69312292039031,86.62952711571887,10415200
JPM,2018-06-06,88.3262710571289,88.63040063506234,86.82162131017631,86.96568397470507,15453600
JPM,2018-06-07,88.67842864990234,89.23866897228615,88.06215818911859,88.98255823831619,13444400
JPM,2018-06-08,88.92652893066406,88.95053835646168,88.08616239078009,88.5343607282601,10383200
JPM,2018-06-11,88.7024154663086,89.56679126293285,88.65439051794502,88.93451671389252,12642900
JPM,2018-06-12,88.19020080566406,89.26266240380468,87.6539639004333,88.95052769353029,15294100
JPM,2018-06-13,88.01414489746094,89.1986548271264,87.70201011152463,88.40631314791594,14979700
JPM,2018-06-14,86.4614486694336,88.32625785199214,86.26136200451084,88.26222865373836,20487300
JPM,2018-06-15,86.35741424560547,86.74157726036938,85.05284515481044,86.27738079304308,26028600
JPM,2018-06-18,86.58150482177734,86.75758206985805,85.38898996817711,85.84518733540409,9786800
JPM,2018-06-19,86.0772933959961,86.34140317664956,85.31696033754493,85.5570667994055,12707200
JPM,2018-06-20,86.06927490234375,86.94965494935207,85.98924146282663,86.58149624264531,8876900
JPM,2018-06-21,86.04528045654297,86.60552073682778,85.26093795798313,85.71713535940394,11048700
JPM,2018-06-22,84.63666534423828,86.73357594152857,84.44458384183456,86.5655038636552,19478900
JPM,2018-06-25,83.86833190917969,84.5966442351743,83.20404267887196,84.56463574041123,16907600
JPM,2018-06-26,83.92436218261719,84.20448232885532,82.52375534526531,83.80430894675479,17086800
JPM,2018-06-27,82.6277847290039,84.77271395093138,82.61978565910464,83.78028583516202,16276800
JPM,2018-06-28,83.98035430908203,84.40453695598265,82.84386380112963,82.9799212338791,14491300
JPM,2018-06-29,83.3961410522461,85.5570812556335,83.3561273726157,85.38100396800615,18972400
JPM,2018-07-02,84.10043334960938,84.10843242023529,82.73984028542735,83.01196134072806,11130000
JPM,2018-07-03,82.9239273071289,84.66067829022123,82.85189292438069,84.36455390048172,8311700
JPM,2018-07-05,83.46308135986328,83.99417759903947,83.31018713465093,83.79300357190496,10723400
JPM,2018-07-06,83.73666381835938,84.09073202304626,82.23992876680171,82.98025375290548,12173700
JPM,2018-07-09,86.32778930664062,86.47263483793405,84.25972075054989,84.25972075054989,13900800
JPM,2018-07-10,85.79669952392578,87.22905758513569,85.72427368319983,86.92326914105,14575900
JPM,2018-07-11,85.61161804199219,86.1507629584096,85.46677249765007,85.54724088020812,10186500
JPM,2018-07-12,85.98176574707031,86.5530991661957,85.27363548238178,86.44044221816215,12456800
JPM,2018-07-13,85.58745574951172,86.74621980108931,84.60572577685208,86.34387185421848,21289100
JPM,2018-07-16,88.9832992553711,89.13618734484713,86.08639442414298,86.1427229074961,24662600
JPM,2018-07-17,88.91891479492188,89.2649343469374,88.3153927488025,89.07180901119544,14821900
JPM,2018-07-18,89.74773406982422,90.22250785029232,88.6774870335799,88.85452111648858,14244900
JPM,2018-07-19,88.42804718017578,89.39367997064446,88.29929900647362,89.36954007178427,16775300
JPM,2018-07-20,89.54659271240234,89.91675222999046,88.33954840487138,88.51658255227109,13578100
JPM,2018-07-23,91.21228790283203,91.92846683229617,89.26492510899342,89.36953337599789,18140000
JPM,2018-07-24,91.85604095458984,92.36299717655818,91.26861022874549,91.37322462804723,14000400
JPM,2018-07-25,92.68488311767578,92.95847680368321,91.23642789956847,91.6387758891157,13329100
JPM,2018-07-26,92.4193344116211,93.01480773285942,92.20206919283929,92.87801088624335,11897800
JPM,2018-07-27,93.36888122558594,93.58615259601625,92.38715106727084,92.68489081442425,12802700
JPM,2018-07-30,93.93216705322266,94.64029732510895,93.39301606576106,93.57005016856846,13411600
JPM,2018-07-31,92.49980163574219,94.21380802438118,92.3951933671594,94.21380802438118,15843800
JPM,2018-08-01,93.07113647460938,93.89997232037571,92.76534808459184,93.14355616318646,13531600
JPM,2018-08-02,93.4654312133789,93.54589957654397,92.00088490214134,92.19401020160603,11058100
JPM,2018-08-03,94.22186279296875,94.25405137348193,93.29646719542667,93.34474699652445,11016100
JPM,2018-08-06,94.24600982666016,94.57593203654726,93.48959352498412,93.98045863913423,9857400
JPM,2018-08-07,94.59202575683594,95.18749913133573,94.41499163863074,94.74491383582276,10562100
JPM,2018-08-08,94.78514099121094,95.17139162671774,94.3747443190597,94.41498157412394,8997100
JPM,2018-08-09,94.0528564453125,94.7288042071632,93.90801093486895,94.55981880153617,9694200
JPM,2018-08-10,93.12747955322266,93.30450753284902,92.28254621789895,92.9423967544782,12630600
JPM,2018-08-13,91.6468276977539,93.24817103182333,91.59049922286734,92.99066855529286,10336300
JPM,2018-08-14,92.25839233398438,92.57222326482896,91.45369638015869,91.95260394235115,10597600
JPM,2018-08-15,91.49392700195312,92.00088937931501,90.90650239685309,91.59049272605607,10152100
JPM,2018-08-16,92.3549575805664,92.78949415899025,91.97675561613282,92.0169867326845,10118600
JPM,2018-08-17,92.3549575805664,92.59636883724964,91.97675561613282,92.25034931032009,8505100
JPM,2018-08-20,92.2342529296875,92.58027243725209,91.82385627203112,92.21010689389587,8618700
JPM,2018-08-21,92.79753875732422,93.65856319726124,92.44347056691694,92.83777601144978,10976700
JPM,2018-08-22,92.51590728759766,92.86997551968642,92.3630130711332,92.78950100196171,8314700
JPM,2018-08-23,92.32276153564453,92.66073233371304,92.08135031454282,92.50783815105912,9265400
JPM,2018-08-24,92.28251647949219,92.71705295711237,92.0974337403914,92.52392768017292,8845700
JPM,2018-08-27,93.91604614257812,94.37472250330383,92.67681387304826,92.71705111881123,13768000
JPM,2018-08-28,93.45740509033203,94.17358413222667,93.3206082260025,94.14944423138546,8302600
JPM,2018-08-29,93.15161895751953,93.6424840522908,92.82973930104502,93.62638669282798,7221700
JPM,2018-08-30,92.69294738769531,93.3769378571061,92.52396194038282,93.01482092199865,8991800
JPM,2018-08-31,92.20207977294922,92.41129633671889,91.59050902349458,92.40325379611973,13065700
JPM,2018-09-04,92.66075134277344,92.7331710403552,91.43760990930326,92.0089433678194,10174200
JPM,2018-09-05,92.21011352539062,93.10332659428681,91.9365198268389,92.54004183883127,11462400
JPM,2018-09-06,91.81581115722656,92.2986275229693,91.33299479148384,92.13769078083611,9877600
JPM,2018-09-07,91.99283599853516,92.35494670156169,91.43759385717476,92.13768150761429,10955600
JPM,2018-09-10,91.50198364257812,92.51590234618594,91.46175252520831,92.41933661368026,8276900
JPM,2018-09-11,92.08136749267578,92.20207312574475,91.07549744934032,91.36518851296842,9333800
JPM,2018-09-12,90.9950180053711,92.4434670079829,90.80993523859915,91.93651077797018,10800800
JPM,2018-09-13,91.34907531738281,91.83994030457852,90.66508503436434,91.22837584458262,12470800
JPM,2018-09-14,91.33299255371094,92.12963984463474,91.11572734322009,91.5824463397084,10337900
JPM,2018-09-17,91.60658264160156,92.08135643751385,91.17205223767208,91.56635152830435,9561300
JPM,2018-09-18,91.97676849365234,92.2664595864941,91.38128894761977,92.0009083948318,7944200
JPM,2018-09-19,94.64835357666016,95.00241567125904,92.08941983894681,92.08941983894681,16052800
JPM,2018-09-20,95.46109771728516,95.95196283757998,95.0185185385457,95.35648943271273,15590000
JPM,2018-09-21,94.8333969116211,95.94388102266223,94.74487988423836,95.8634065327931,24788200
JPM,2018-09-24,93.92412567138672,95.32429510520647,93.69076307585946,94.76101031555018,12492500
JPM,2018-09-25,93.65858459472656,94.93000598771285,93.60225610968766,94.18163832114188,9308300
JPM,2018-09-26,92.5561294555664,94.04482193868257,92.26644454928048,93.9482562103585,14023600
JPM,2018-09-27,92.1537857055664,93.15161319282109,91.86410078594471,92.87801335297918,13283000
JPM,2018-09-28,90.80188751220703,91.92846306338939,90.54438505530902,91.45369540259172,15815100
JPM,2018-10-01,91.33299255371094,92.22620557115458,90.96283314439944,91.22838428782171,10146300
JPM,2018-10-02,91.71121215820312,91.83191779667455,90.77776176932412,91.22034706393809,13753100
JPM,2018-10-03,92.57222747802734,93.07114120226956,92.12159968796547,92.49175910685103,17142000
JPM,2018-10-04,93.40686798095703,94.65477868102096,92.54791894912621,92.82343475211134,16357400
JPM,2018-10-05,92.8801498413086,94.07943636760756,92.39394625149153,93.86064969805824,13777600
JPM,2018-10-08,93.44738006591797,93.82013162150629,91.851026846281,92.58032605605621,14370900
JPM,2018-10-09,92.79911804199219,93.21238864825347,92.11033781978065,92.92066894763796,14069500
JPM,2018-10-10,90.32760620117188,93.14755488885994,90.32760620117188,92.94497211947805,23086400
JPM,2018-10-11,87.62110137939453,90.3276105226362,87.0133530421729,89.92244496448845,33705600
JPM,2018-10-12,86.66490936279297,89.80899801254647,85.57096360554125,89.4362464454559,32075700
JPM,2018-10-15,86.17060089111328,88.20453355770573,86.1543969903405,86.86748608871332,18903200
JPM,2018-10-16,88.01817321777344,88.14782298913744,86.48664781312327,86.83509046077224,19302800
JPM,2018-10-17,88.9986572265625,89.78467930351283,87.70212883370708,87.82367354058802,18794500
JPM,2018-10-18,87.58868408203125,89.00676348194537,87.36179236721868,88.34229223899331,17582500
JPM,2018-10-19,87.44284057617188,88.50437244331896,86.92422293337167,87.23215273837832,15234500
JPM,2018-10-22,86.18680572509766,87.79125764430273,85.98422297493191,87.63729895816451,16199100
JPM,2018-10-23,85.287353515625,86.02475782945716,84.03133776051273,84.43650333540882,21407500
JPM,2018-10-24,83.69908905029297,85.10906324775735,83.39116549844105,84.89027659976635,23168900
JPM,2018-10-25,84.9713134765625,85.81405850130803,84.04753658416236,84.42028812124178,17464700
JPM,2018-10-26,83.80443572998047,84.72821263264431,83.24531150931674,84.27442922286848,19174900
JPM,2018-10-29,84.96321868896484,86.40560712723286,84.03133664263359,84.64719003933695,18445200
JPM,2018-10-30,86.46231842041016,86.68921630195157,84.97131229286303,85.66009243183503,18019700
JPM,2018-10-31,88.34230041503906,89.52538935005998,87.3455965495342,87.58059332800624,20860000
JPM,2018-11-01,88.30989074707031,89.31469963404967,87.77506922478929,88.82850218437166,13065000
JPM,2018-11-02,87.82369232177734,89.7927973646994,87.1024980558254,89.0553991951431,19009200
JPM,2018-11-05,88.3990249633789,88.56109490787259,87.8561045595816,88.01006946126654,10276400
JPM,2018-11-06,88.81229400634766,88.86901694032244,87.32128763767575,88.05868577934784,10825000
JPM,2018-11-07,90.3357162475586,90.53829902816348,88.60970700011002,89.43624820708602,12679600
JPM,2018-11-08,91.06501770019531,91.51070233151401,89.94676287389075,89.95486791691556,11662500
JPM,2018-11-09,90.1817398071289,91.04879374978802,89.80898828043138,90.9434529430045,10432200
JPM,2018-11-12,88.28557586669922,90.70847044405278,88.00196120212125,90.28709478610607,13279700
JPM,2018-11-13,88.80416107177734,90.0439725518267,88.40710065866396,88.40710065866396,13746100
JPM,2018-11-14,86.97283935546875,89.71175627644462,85.87889359550613,89.32280080648871,18361400
JPM,2018-11-15,89.19315338134766,89.20125842426052,86.55147198435935,87.710245827446,19100000
JPM,2018-11-16,89.1283187866211,89.7522772155317,87.96144616957619,88.6907392368533,13798600
JPM,2018-11-19,89.80900573730469,90.10882431578779,88.75557273536535,89.10401538840655,13987000
JPM,2018-11-20,87.88038635253906,89.53346218159267,87.49953601090994,88.9581279666624,18936200
JPM,2018-11-21,87.22402954101562,88.82038262207084,87.22402954101562,88.35038915186814,10619600
JPM,2018-11-23,86.42181396484375,87.02145725412728,85.94371539597627,86.49474079709339,6488400
JPM,2018-11-26,88.53678131103516,89.12022071589247,87.07007775650888,87.28887062449833,13948300
JPM,2018-11-27,88.9095458984375,89.1607466080397,88.02628161954017,88.13162863892444,9238200
JPM,2018-11-28,89.89813232421875,90.27088388050959,88.22074722974226,88.97435538420767,13977300
JPM,2018-11-29,89.18505859375,89.7847081915287,88.84472094031044,89.35522742046979,11144300
JPM,2018-11-30,90.1007080078125,90.20604881467328,88.79607457224684,89.01486122721462,18652700
JPM,2018-12-03,90.9515609741211,91.47827742582668,90.54639542393767,91.0650068335856,16034500
JPM,2018-12-04,86.89179229736328,90.4329346658774,86.48662681392985,90.4329346658774,23555900
JPM,2018-12-06,85.23870849609375,85.3764632639546,83.36683993184424,85.09284868826046,27213900
JPM,2018-12-07,83.69908905029297,86.68921239429065,83.39116549844105,85.21441023359381,19248600
JPM,2018-12-10,82.13516235351562,83.86116540371846,80.44967214968231,83.35876406885322,23636400
JPM,2018-12-11,81.33293151855469,83.99892147408131,81.20327558015727,83.56944081489142,16860700
JPM,2018-12-12,81.85962677001953,83.38305285541733,81.08170982915725,82.37824424626201,22621500
JPM,2018-12-13,81.94068145751953,82.62946164260204,81.576028760239,82.28912407100864,17250900
JPM,2018-12-14,81.26811981201172,82.60516757820002,80.91967713576067,81.02501797003688,19879500
JPM,2018-12-17,80.23086547851562,81.48687468506868,79.76897710510347,80.846712521509,25113500
JPM,2018-12-18,79.85002899169922,81.75430587972033,79.50969140640233,80.56311814884543,20837200
JPM,2018-12-19,78.83711242675781,81.50310245266776,78.27798199674463,79.74468547249383,28767900
JPM,2018-12-20,78.15642547607422,79.63933274673651,77.54057834372414,78.28608140857011,31825200
JPM,2018-12-21,76.30889892578125,79.76091208026833,75.91994335426395,78.34283227017276,41313900
JPM,2018-12-24,74.66390991210938,76.34940014826773,74.66390991210938,75.27165826032972,17009300
JPM,2018-12-26,77.7593765258789,77.7593765258789,73.82927167909651,75.10959638173023,22542900
JPM,2018-12-27,78.63453674316406,78.7236736656172,75.80648271737068,76.8356005734168,20304700
JPM,2018-12-28,78.46436309814453,79.67175472457717,78.1483344588926,79.37192998734565,17963300
JPM,2018-12-31,79.10452270507812,80.06881249177353,78.41573633729284,79.08020757937803,13237200
JPM,2019-01-02,80.47396850585938,80.85482505970495,77.74315703075649,77.75125588936207,15670900
JPM,2019-01-03,79.33030700683594,80.78440904314425,78.9872055396819,80.58018108899887,16286400
JPM,2019-01-04,82.25485229492188,82.45090938457135,80.28609183757276,80.96413013693268,16935200
JPM,2019-01-07,82.31202697753906,82.89203355312574,81.4542671751332,82.04244461306386,15430700
JPM,2019-01-08,82.15682220458984,83.17796198849523,81.32357488324182,83.02274674692798,13578800
JPM,2019-01-09,82.01795196533203,82.90838290083812,81.63400239404304,82.35288258690693,14230300
JPM,2019-01-10,82.00978088378906,82.28753415628833,81.09483735958474,81.70752125276927,14376100
JPM,2019-01-11,81.6176528930664,81.83004545272244,80.83341215765003,81.60131116845174,15439900
JPM,2019-01-14,82.45907592773438,82.80217737478134,80.59651809228835,80.76806881581183,21258500
JPM,2019-01-15,83.0635986328125,83.7089597536816,80.54750859430735,80.78441378292078,26504900
JPM,2019-01-16,83.73347473144531,84.50953858959738,83.1616388604431,83.52924674429545,18533000
JPM,2019-01-17,84.07657623291016,84.5503866587892,83.25966428451606,83.41487954912488,14247600
JPM,2019-01-18,85.44081115722656,85.69405807999246,84.0030507254304,84.77094366007017,16428700
JPM,2019-01-22,84.0928955078125,84.62388314645074,83.43119276816999,84.20726265144614,17083700
JPM,2019-01-23,83.88050079345703,84.71374805654398,83.30049418465825,84.50135548377295,12146700
JPM,2019-01-24,83.92951202392578,84.21542989187292,83.2759863589812,83.43119535441417,11296800
JPM,2019-01-25,84.46051025390625,85.21206761187602,83.92951633896628,84.55854191333194,14369400
JPM,2019-01-28,84.86077880859375,85.15486749721275,83.80696204646588,84.05203803116211,12283100
JPM,2019-01-29,85.09768676757812,85.86558572817727,84.73824987259798,84.86078163648814,9743300
JPM,2019-01-30,85.29375457763672,85.97178655976712,84.77909621184239,85.0731849258558,12526300
JPM,2019-01-31,84.55037689208984,84.79545294131593,83.9213575068057,84.47685781684771,17520600
JPM,2019-02-01,84.86077880859375,85.65318409556487,84.56669011997475,84.95881044898049,13000800
JPM,2019-02-04,85.16305541992188,85.16305541992188,84.15008652982317,84.78727673863594,9871500
JPM,2019-02-05,84.78727722167969,85.40813194029643,84.37882131805807,85.38361935074346,12763000
JPM,2019-02-06,84.74642944335938,85.46531582514835,84.52586599692843,84.72192308626066,8745000
JPM,2019-02-07,83.63543701171875,84.55038057176642,82.86754407364072,84.34615259937085,13177500
JPM,2019-02-08,82.80218505859375,83.60275517599402,81.74019716770779,83.39036258385104,12892600
JPM,2019-02-11,82.41007232666016,83.3331867859927,82.32021151676861,83.12895880579252,10978500
JPM,2019-02-12,83.8151626586914,84.07657422663786,83.2351559370772,83.28416865839735,12852300
JPM,2019-02-13,84.2154541015625,84.83630895939977,84.06024506151108,84.06024506151108,10754100
JPM,2019-02-14,83.6680908203125,84.22359099907094,82.7939955923807,83.70893889637733,11518500
JPM,2019-02-15,86.22504425048828,86.34757603625552,84.68108142439608,84.87713851416616,14716900
JPM,2019-02-19,85.92277526855469,86.07799049032745,84.8036039644063,85.7022118456782,12764900
JPM,2019-02-20,86.33941650390625,86.42927730713683,85.67771365897711,85.94729606866888,10030300
JPM,2019-02-21,86.15970611572266,86.58449759604142,85.74307926763855,86.14336438616596,8400100
JPM,2019-02-22,85.77574157714844,86.66617247428124,85.59601997854188,86.34757736131237,10647300
JPM,2019-02-25,86.67435455322266,87.63014001580702,86.33942390274193,86.38843662414315,11230700
JPM,2019-02-26,86.01264190673828,86.15968627617094,84.90981225226444,85.36728085381395,15465400
JPM,2019-02-27,85.90644073486328,86.08615608058089,85.37544686251705,85.92277622718602,9968800
JPM,2019-02-28,85.2529296875,85.94730358290931,85.10588529049798,85.78392368959304,15156900
JPM,2019-03-01,85.31009674072266,86.51912890760605,85.12220429053252,85.8574261330601,13813300
JPM,2019-03-04,85.11404418945312,86.52729814233726,84.36248058124141,85.71038632551185,12466300
JPM,2019-03-05,85.0486831665039,85.40812633250391,84.35430942244737,85.0650186592575,10856600
JPM,2019-03-06,84.73011016845703,85.4244840935214,84.59123662995289,84.84447734517146,9070800
JPM,2019-03-07,84.11740112304688,84.5258569845883,83.45570462176316,84.34613540830338,12705700
JPM,2019-03-08,84.15008544921875,84.32980704068729,83.31683193105415,83.31683193105415,10582400
JPM,2019-03-11,85.2447509765625,85.40813708738304,84.68108603372453,84.94249757849451,9763200
JPM,2019-03-12,84.99152374267578,85.60420773196911,84.75461851891043,85.44082159529792,10219100
JPM,2019-03-13,85.27743530273438,85.75941657912766,84.91799206152876,85.11405541084639,13022200
JPM,2019-03-14,86.05347442626953,86.4864428572707,85.33459438284056,85.36727159834301,10926500
JPM,2019-03-15,87.04194641113281,87.24617434148972,85.96362318814998,86.11066754730864,24811700
JPM,2019-03-18,87.56475830078125,88.05490402492163,87.00108729012226,87.04193536402606,12935500
JPM,2019-03-19,87.24618530273438,88.55324297472349,87.04195734671912,88.38985687038573,12889300
JPM,2019-03-20,85.38359069824219,87.12361625259035,85.29373616353735,86.9438947180999,14920700
JPM,2019-03-21,84.03573608398438,84.54221751346076,83.55375478370755,84.54221751346076,19751000
JPM,2019-03-22,81.49512481689453,83.58641707933499,81.29906149288382,83.17796116979318,31115200
JPM,2019-03-25,80.81707763671875,82.15681237429618,80.13086854311902,81.3562361371868,21032300
JPM,2019-03-26,81.62581634521484,82.0179367072659,80.72721471316906,81.54412642094553,15987100
JPM,2019-03-27,81.34807586669922,82.05878512051805,80.93961998012115,81.59314565912074,12753200
JPM,2019-03-28,82.27119445800781,82.34471976792564,81.47878893940548,81.69118777272661,12454100
JPM,2019-03-29,82.69598388671875,83.3168323645134,82.17315460311644,82.94922454917335,14523400
JPM,2019-04-01,85.48165893554688,85.5143361587709,83.42304373277733,83.44755009205959,17499300
JPM,2019-04-02,85.89009094238281,86.13516693199718,85.22839449598189,85.44895790060176,10295400
JPM,2019-04-03,86.0616455078125,86.88672806186447,85.60417695469454,86.43742413823676,11499200
JPM,2019-04-04,86.89305114746094,87.03299357709494,85.9793400633407,86.06166135614879,11952100
JPM,2019-04-05,86.68727111816406,87.34580386007683,86.42385927744569,87.09062540569663,9933700
JPM,2019-04-08,86.96714782714844,86.96714782714844,86.35800913636996,86.52263917812624,8056300
JPM,2019-04-09,86.32508087158203,86.59671980930862,85.81471769967831,86.49794429749294,9092200
JPM,2019-04-10,86.71195220947266,87.02475804185669,85.99580470950448,86.53908880326541,10882300
JPM,2019-04-11,87.444580078125,87.85616144551096,86.89305627285053,87.01653193911297,11183800
JPM,2019-04-12,91.5439224243164,92.07074604593234,89.62595184049714,90.0869272195858,25834100
JPM,2019-04-15,90.49852752685547,91.37107815542146,89.82353422772749,91.30522361886403,15163800
JPM,2019-04-16,91.453369140625,91.69208706270507,90.4326492132947,90.46557647291601,11583200
JPM,2019-04-17,94.08751678466797,94.38385591471686,91.37931023964205,91.94728833870728,17791900
JPM,2019-04-18,93.39604187011719,94.6225525698696,93.28903297692844,94.27682573319842,12501900
JPM,2019-04-22,93.51128387451172,93.78292907977018,92.73751518712375,92.87745134247514,7975900
JPM,2019-04-23,93.62650299072266,94.14509939614429,92.89388885249782,93.01736448618067,9193100
JPM,2019-04-24,93.47013092041016,93.96402730456597,92.86098597572584,93.23141297401764,9245700
JPM,2019-04-25,93.51952362060547,93.96403227392385,92.60581243548994,93.02562721032957,9311800
JPM,2019-04-26,94.2274398803711,94.31798828421641,93.51128603547632,93.79939173851446,7889300
JPM,2019-04-29,95.58566284179688,96.44175287379339,94.21097624682385,94.33445191801985,14242200
JPM,2019-04-30,95.52802276611328,96.0795402038829,94.87772355491818,95.84082229494554,11389100
JPM,2019-05-01,94.79541778564453,96.310034110998,94.7542571393159,95.25638687940726,10412900
JPM,2019-05-02,95.001220703125,95.30578691637908,94.31799407948776,94.80365711155977,8613300
JPM,2019-05-03,95.58566284179688,96.04663198201288,95.21523582820886,95.48688104879336,8185400
JPM,2019-05-06,94.73778533935547,95.05059116228819,93.61005654052029,93.98871060175709,9387000
JPM,2019-05-07,93.19025421142578,93.86524741548845,92.43294598837662,93.86524741548845,15017700
JPM,2019-05-08,92.69635009765625,93.56890053066846,92.57287443934268,92.73751074383838,9575800
JPM,2019-05-09,92.62226104736328,92.8033578399569,91.02532973497907,91.4862988214117,12205900
JPM,2019-05-10,92.6140365600586,92.88567547639383,90.99240504629643,91.9884311534802,13189000
JPM,2019-05-13,90.09516143798828,90.918324196783,89.70828021675086,90.61375799537836,13783700
JPM,2019-05-14,90.81129455566406,91.96372341078246,90.13630149884546,90.17746213947656,10503600
JPM,2019-05-15,90.4655990600586,91.28876191541812,89.4037182230167,89.89761468018558,10142000
JPM,2019-05-16,91.62623596191406,92.33415636960235,91.0335578270836,91.05825798289558,9672700
JPM,2019-05-17,91.18173217773438,91.98843441058844,90.40796348770274,90.54789964353225,9570100
JPM,2019-05-20,91.65916442871094,92.03781851311611,90.85246850809256,91.02533191965364,8518200
JPM,2019-05-21,91.97195434570312,92.12835095942593,91.55213968732748,91.73323645291039,7967900
JPM,2019-05-22,91.22289276123047,92.02136160781174,91.16527162179847,91.70032864808591,7918900
JPM,2019-05-23,89.42840576171875,90.37504423429493,88.49000067557783,90.25156855870087,14558000
JPM,2019-05-24,90.30917358398438,90.5149642464983,89.88113176925775,90.15277067079934,8537300
JPM,2019-05-28,89.3296127319336,90.40796013093615,89.26376448943313,89.88936361470171,11665500
JPM,2019-05-29,89.08268737792969,89.23085694670658,88.1278154279821,88.44884844695964,9966400
JPM,2019-05-30,88.12777709960938,89.87288389731025,87.69973535388057,89.43660876794293,10367800
JPM,2019-05-31,87.22232055664062,87.74091080637835,86.30037605465157,86.89305421448502,10952800
JPM,2019-06-03,87.6338882446289,87.96315453542363,86.67902290957959,87.09060420301495,11680700
JPM,2019-06-04,90.3338851928711,90.46559425724861,88.1854297520253,88.7781079812564,12858600
JPM,2019-06-05,90.6549072265625,90.8606979045963,89.42839654394636,90.43265605758857,8340500
JPM,2019-06-06,90.85245513916016,91.26403642428419,89.66709902832874,90.67135836886847,8726700
JPM,2019-06-07,89.8564453125,90.56435947217423,89.69180900075808,90.30094765362031,10618900
JPM,2019-06-10,90.82777404785156,91.54392789514354,90.72899853804117,91.1652737869926,11380600
JPM,2019-06-11,91.10765075683594,91.84026508049253,90.85247232147312,91.2228930360471,9847700
JPM,2019-06-12,89.94698333740234,91.28874252600322,89.63418377968759,91.12410622175899,9670500
JPM,2019-06-13,90.16925048828125,90.67961366604942,89.76590248985435,90.10339595949176,8406900
JPM,2019-06-14,90.39972686767578,90.79484772437716,89.42016125144985,90.19393619403054,9077400
JPM,2019-06-17,89.90583801269531,90.85247644653946,89.77412895605491,90.30095262214958,8128600
JPM,2019-06-18,91.1323471069336,91.70856479886002,89.7082790693636,89.73297294697424,11057300
JPM,2019-06-19,90.47383880615234,91.85674647133104,90.30096906777038,91.22291379145747,13126500
JPM,2019-06-20,90.70429229736328,91.44513364089596,89.7494206311254,91.27227024205618,13638000
JPM,2019-06-21,90.08694458007812,91.92259422407535,89.79883255753882,90.7043167194038,27089500
JPM,2019-06-24,89.44486236572266,90.35856718867988,89.34608058043102,89.9552192224802,13039600
JPM,2019-06-25,88.70403289794922,89.70829260722407,88.6299449737033,89.46134123338345,18660100
JPM,2019-06-26,89.29668426513672,89.97990447046504,89.0332724765176,89.14851474152394,10324600
JPM,2019-06-27,89.59300994873047,90.17746089249647,89.26374994916283,89.59300994873047,10906600
JPM,2019-06-28,92.02957916259766,92.54816932827777,91.28873158288884,91.40397384192887,21634700
JPM,2019-07-01,93.57714080810547,94.26859449721586,93.08324441870757,93.20672008611538,12724500
JPM,2019-07-02,93.67591857910156,94.0051786377517,93.19848270173257,93.43720064041707,10174900
JPM,2019-07-03,93.52668762207031,94.39712998769353,93.06245506690817,93.95775980547883,6849400
JPM,2019-07-05,94.08211517333984,94.7287266489781,93.60959091616617,94.0986985225429,7929400
JPM,2019-07-08,93.56812286376953,94.0738073739799,93.26139422365556,93.64272894329578,6917200
JPM,2019-07-09,93.96604919433594,94.08210733030393,92.97126336469763,93.07902982675533,8947300
JPM,2019-07-10,93.69247436523438,94.3639607620264,93.46035810943214,93.98262600968079,9242300
JPM,2019-07-11,94.58778381347656,94.80332304381571,93.77537693131855,93.98262448845793,11595200
JPM,2019-07-12,95.58258819580078,95.62403391775172,94.44686915948051,94.6126646966729,10783400
JPM,2019-07-15,94.42202758789062,95.80644032772763,94.1152987988008,95.78157162247368,12946600
JPM,2019-07-16,95.43338012695312,95.74839421197244,93.60959739476522,94.07383633416133,16945000
JPM,2019-07-17,94.49662017822266,95.28416490515386,94.28108721374043,94.86137800226217,13120900
JPM,2019-07-18,95.06031799316406,95.39191538441699,94.1318528872889,94.44686693039738,9397200
JPM,2019-07-19,94.12356567382812,95.43337195276843,94.00750753009362,95.24270138823631,10402800
JPM,2019-07-22,94.72872161865234,94.87794013008305,93.48523613162796,93.60130059580227,9061100
JPM,2019-07-23,96.46134185791016,96.5359479722939,95.18469563932152,95.23443304891067,12752200
JPM,2019-07-24,96.85094451904297,96.89239024190202,95.76496285514655,95.81470657714966,10011000
JPM,2019-07-25,95.9224624633789,97.1908165523715,95.5991567671531,96.90067122559114,10138400
JPM,2019-07-26,96.34528350830078,96.58569152869902,95.7732780002948,95.97223396298105,12800400
JPM,2019-07-29,96.03854370117188,97.14110253290907,95.98880629738368,96.54422838866952,8500400
JPM,2019-07-30,95.82299041748047,96.22920023808396,95.13493324166953,95.49139934105348,7121100
JPM,2019-07-31,96.16287994384766,96.31209845881726,95.2178314572716,96.24577771334313,13648000
JPM,2019-08-01,93.62618255615234,96.8260861686844,93.34432251699242,95.60746920682696,15664500
JPM,2019-08-02,93.61788940429688,94.03238461881608,92.3495350598193,93.17852548885772,11025500
JPM,2019-08-05,90.83247375488281,92.00135320171637,89.75478375388853,91.84384300895863,15855300
JPM,2019-08-06,91.54542541503906,91.60345449974336,89.81283190081744,91.23041128731508,10203500
JPM,2019-08-07,89.55583953857422,89.76308715625107,87.82325249064944,89.53097083640425,17320900
JPM,2019-08-08,91.07289123535156,91.25527014608727,90.12784262944398,90.40141099554754,10903300
JPM,2019-08-09,90.9734115600586,91.56199402931632,89.77137791962588,90.65010578574372,9980800
JPM,2019-08-12,89.26567840576172,89.95374189310515,88.87605194124932,89.89571282337103,9393700
JPM,2019-08-13,90.64179992675781,91.46250490977664,88.72683428243582,89.4895038704686,12124700
JPM,2019-08-14,86.8781967163086,88.62736697164839,86.58804501566293,88.12168232012202,19491800
JPM,2019-08-15,87.20980072021484,88.18800979292806,86.49686836257493,86.89478659753274,13365600
JPM,2019-08-16,89.29885864257812,89.51439794583568,87.76522746584756,88.17972272035288,11830600
JPM,2019-08-19,90.10293579101562,90.98166327114512,89.87910492268932,90.88218218247872,8265400
JPM,2019-08-20,88.95896911621094,89.89573243517752,88.90094003381708,89.40662474811879,8374000
JPM,2019-08-21,89.2076644897461,89.8874364184021,89.07502297942526,89.7050575040586,8189300
JPM,2019-08-22,90.1278305053711,90.5837713961816,89.47292737977972,89.83768515218361,9343400
JPM,2019-08-23,87.88955688476562,90.17757209354716,87.13517893141155,89.53096061218805,14762300
JPM,2019-08-26,88.59420776367188,88.69368256548267,87.88127550211817,88.38696016030615,8209500
JPM,2019-08-27,87.6574478149414,89.16621017067554,86.91135515008493,88.99212293632489,14331800
JPM,2019-08-28,88.53617858886719,88.87606136916615,87.07715369188688,87.11031406735177,10585500
JPM,2019-08-29,90.54234313964844,91.09776525498974,89.54755074793276,89.647031884513,10002200
JPM,2019-08-30,91.07289123535156,91.65318201978774,90.74958546620924,91.05630788454184,10170300
JPM,2019-09-03,89.99520111083984,90.35166725686321,88.96725472509385,90.34338190615455,9868800
JPM,2019-09-04,91.08118438720703,91.37132978412845,89.99520258059357,90.73300358620602,6929200
JPM,2019-09-05,93.15365600585938,94.27279181072645,92.18373240525925,92.22518445624117,13224700
JPM,2019-09-06,93.35261535644531,93.65934410074233,92.81377029741333,93.39406740894593,7836600
JPM,2019-09-09,95.6655044555664,96.2126348938115,94.17331903363335,94.26450849412345,13985100
JPM,2019-09-10,96.88410186767578,97.21569293897466,95.9390534001466,96.4115776339112,14333100
JPM,2019-09-11,97.14938354492188,97.15766889484694,95.64890667349172,96.90068390388859,9919200
JPM,2019-09-12,97.74626159667969,98.21049419913695,96.09656613851432,96.61883414097359,12283500
JPM,2019-09-13,99.6695327758789,99.81045964603155,98.44262402620201,98.64987165573086,16257200
JPM,2019-09-16,98.78250885009766,99.37109133322981,98.13589096153012,98.56696955390848,11993900
JPM,2019-09-17,98.29339599609375,98.32655637258237,97.19083719545394,98.16904616543522,10735400
JPM,2019-09-18,99.27989959716797,99.54517629227969,97.61362699600303,98.08615130681753,10665600
JPM,2019-09-19,98.96487426757812,99.76070431346218,98.72446628631705,99.23015094953948,9382600
JPM,2019-09-20,98.56696319580078,99.76070511183272,98.54209449490148,99.2633121197615,21862800
JPM,2019-09-23,98.55037689208984,98.74933914271196,97.5555909377587,97.63848871317049,9135100
JPM,2019-09-24,97.26544952392578,98.86540132086294,97.02504153815133,98.44261442693579,11696500
JPM,2019-09-25,97.82087707519531,98.11931415529867,97.09136772644015,97.21571123923701,9389400
JPM,2019-09-26,97.01673889160156,97.86231258383309,96.95041814619235,97.72137941866491,9899200
JPM,2019-09-27,97.58876037597656,98.35143010010626,97.22400254065565,97.78771632038095,10207800
JPM,2019-09-30,97.56388092041016,98.4591857339007,97.1742544255687,98.11930296319937,9755000
JPM,2019-10-01,95.78984069824219,98.64985497217961,95.67378255130932,98.15246201036805,11250300
JPM,2019-10-02,93.8831558227539,95.25099114603753,93.61787916745664,95.1763787267413,12548700
JPM,2019-10-03,93.74946594238281,94.35112142370821,92.35395699944638,93.81631159280558,12735200
JPM,2019-10-04,95.78003692626953,96.0474386175295,93.81629878302998,93.87479270376312,9453100
JPM,2019-10-07,95.5711441040039,96.5154050793475,95.32045219001736,95.42073023068403,6771600
JPM,2019-10-08,93.44027709960938,94.4764579644794,93.3065794277035,94.4764579644794,10806300
JPM,2019-10-09,94.11712646484375,94.56001629357873,93.64917509906698,94.15055247316484,7273700
JPM,2019-10-10,95.43742370605469,96.4318267191195,94.42631087675379,94.54329871648386,10994100
JPM,2019-10-11,97.05020141601562,98.59611777107267,96.82458381029022,96.95828147933052,15076500
JPM,2019-10-14,97.30924224853516,97.66021216736311,96.64909926811771,96.80786484710035,8779000
JPM,2019-10-15,100.24232482910156,101.6044014829419,98.49585856206754,99.31477362376178,23379000
JPM,2019-10-16,100.00833892822266,100.7938342700826,99.75764702645802,100.24231463634436,11087700
JPM,2019-10-17,100.5682144165039,101.58768550838307,100.17546672943307,100.90246817414038,10818500
JPM,2019-10-18,100.74369049072266,101.12808005882634,100.15875122955615,100.27573908178944,10417400
JPM,2019-10-21,103.24224853515625,103.42608206384106,101.93865938617867,101.98880159887526,12714600
JPM,2019-10-22,104.27842712402344,104.53747077804445,102.88292443085895,103.15867790514943,12549100
JPM,2019-10-23,104.55416870117188,104.57923661487538,103.76031530685655,103.78538322056008,8828300
JPM,2019-10-24,104.47897338867188,105.0054251524785,103.67676815969465,104.69623929715334,8020500
JPM,2019-10-25,105.31459045410156,105.8326840506194,104.24498362613146,104.45389140894936,9055700
JPM,2019-10-28,105.71568298339844,106.30062215200292,105.62376306042363,105.7658188048906,9522200
JPM,2019-10-29,105.64886474609375,106.47613794197957,105.23940719717098,105.33967887221118,9797300
JPM,2019-10-30,105.06390380859375,105.50678728334114,104.38703826430783,105.33130551270686,8513700
JPM,2019-10-31,104.38703918457031,105.0639047348234,103.50127222726674,104.86334867345084,11589100
JPM,2019-11-01,106.7936782836914,106.95244388889513,105.30624927576163,105.45666315856978,11682600
JPM,2019-11-04,107.64600372314453,108.14737472945673,107.42873147809583,107.86326321747462,9159900
JPM,2019-11-05,107.87999725341797,108.88275218262127,107.66272497243143,108.12232470060982,13747600
JPM,2019-11-06,108.04711151123047,108.49834672720145,107.44545605612277,107.53737599372866,11231100
JPM,2019-11-07,108.63204956054688,109.71000813433113,108.56519753842328,108.9913648349018,13528900
JPM,2019-11-08,108.94959259033203,108.96629603268725,108.00532531776854,108.53177701850313,9293400
JPM,2019-11-11,108.56520080566406,108.71562104764887,108.08889766593849,108.29780545984195,8679000
JPM,2019-11-12,107.93013000488281,109.15014442950942,107.8047776731119,108.32287769313503,9099000
JPM,2019-11-13,107.36187744140625,107.64600169876374,106.47611053793227,107.06941421423716,8023300
JPM,2019-11-14,107.4621810913086,107.66272442569843,106.61818539001588,106.72682152995746,8483400
JPM,2019-11-15,108.23931884765625,108.23931884765625,107.29505141954832,107.98862691311982,10163600
JPM,2019-11-18,109.15015411376953,109.17522203220378,107.78808379286356,108.26438699383566,8749300
JPM,2019-11-19,109.1167221069336,109.67659347305248,108.78246198115512,109.45933395433651,8824500
JPM,2019-11-20,108.3228759765625,109.15014269982736,107.7462884114263,108.88274734758342,11782800
JPM,2019-11-21,108.57355499267578,109.23371077680481,108.12231975791428,108.63205529664272,7705500
JPM,2019-11-22,109.29219055175781,109.65151857023253,108.7156157791306,108.7573871353111,8167900
JPM,2019-11-25,109.87714385986328,110.3618114541094,109.3590438794102,109.67658779477958,10068500
JPM,2019-11-26,110.02755737304688,110.15290970211088,108.93288255310965,110.15290970211088,10490700
JPM,2019-11-27,110.35343933105469,110.66261875307626,110.0108275251441,110.54563091090174,6607900
JPM,2019-11-29,110.10276794433594,110.64593590250591,109.84372429922264,110.1946878910588,5712000
JPM,2019-12-02,109.86046600341797,110.92172149823361,109.76019431124521,110.56239335007488,8615600
JPM,2019-12-03,108.44821166992188,108.59863191012964,107.4538085425739,108.43985994852353,10361300
JPM,2019-12-04,110.5874252319336,110.69606136353138,108.6236996461069,108.9495952901806,10318200
JPM,2019-12-05,111.18909454345703,111.39800236057631,110.4537349469663,110.8715505812049,9587400
JPM,2019-12-06,112.84362030029297,113.4619919164245,112.51772467506449,112.55115706010885,10170600
JPM,2019-12-09,112.31719207763672,113.19460738329252,112.31719207763672,112.50103196075393,8498200
JPM,2019-12-10,112.39239501953125,112.61801901096166,111.03867657238888,111.34785603236088,7532900
JPM,2019-12-11,112.12499237060547,112.82693229466338,111.98293659152917,112.21691231597491,9011900
JPM,2019-12-12,115.33382415771484,115.70985565527674,112.15007126058606,112.38404698132327,13717400
JPM,2019-12-13,114.32266998291016,116.01064809800161,113.82965077501999,115.27528877049313,10592100
JPM,2019-12-16,114.76557159423828,116.01901823747124,114.74886815284592,115.6346350739489,11372000
JPM,2019-12-17,115.4675064086914,115.87697026323778,114.67365936480878,115.09147494061222,11546800
JPM,2019-12-18,115.35053253173828,116.16946034004077,115.08313716120435,115.44245247957953,10381500
JPM,2019-12-19,114.7739486694336,115.50094372211295,114.56504087262044,115.11654776565994,9350400
JPM,2019-12-20,114.68203735351562,116.05247209364519,114.39791303793484,115.33382870853329,29992600
JPM,2019-12-23,114.64860534667969,115.24190914655047,114.38120997612909,114.98286549826922,9738400
JPM,2019-12-24,114.96614837646484,115.00793248891692,114.53161655826098,114.75724056492543,3324300
JPM,2019-12-26,116.1861572265625,116.23630580950797,115.13326649767286,115.22518644032579,6770900
JPM,2019-12-27,116.26972198486328,116.79617370899032,115.87697430983516,116.4034260339622,7868200
JPM,2019-12-30,115.84355163574219,117.05521426597404,115.70984759014871,116.90479402700149,6963000
JPM,2019-12-31,116.48699188232422,116.55384391283118,115.5594406789618,115.74328057517569,7201600
JPM,2020-01-02,117.89916229248047,117.90752676205707,116.3699561937125,116.81283955693475,10803700
JPM,2020-01-03,116.34334564208984,117.09183132484358,115.28369564717512,115.63691231214669,10386800
JPM,2020-01-06,116.2508544921875,116.2845015129349,114.7959352430351,114.84639294157773,10259000
JPM,2020-01-07,114.27454376220703,115.93971229536085,114.22408605401766,115.4519330618954,10531300
JPM,2020-01-08,115.16596984863281,115.704206661086,114.03903852764923,114.12313041025195,9695300
JPM,2020-01-09,115.58645629882812,116.25083728560006,115.25005030403882,116.0994642123773,9469000
JPM,2020-01-10,114.43429565429688,115.42666446051375,114.21562855066661,115.39303027749644,10190900
JPM,2020-01-13,115.38462829589844,115.38462829589844,114.17359221614163,114.5352271053421,12355200
JPM,2020-01-14,116.730224609375,118.37856926177686,115.79671871806343,116.00696767707434,24906000
JPM,2020-01-15,114.98094177246094,116.56201791371738,114.5015680277952,115.93127109131107,16293400
JPM,2020-01-16,115.42666625976562,115.97330836220925,115.08185492372498,115.594862842627,10783800
JPM,2020-01-17,116.22561645507812,116.30130299690892,115.48554888065915,115.6705561498308,14697700
JPM,2020-01-21,115.08184814453125,116.11628209171722,114.95570392296025,115.37620177163151,8474200
JPM,2020-01-22,114.94728088378906,115.55279878683105,114.6949924513344,115.4182492337137,7549100
JPM,2020-01-23,114.82957458496094,114.99778403109052,113.29896871929827,114.13155928035515,9345700
JPM,2020-01-24,111.97862243652344,114.73708854043244,111.2806069858027,114.68663082906292,15166400
JPM,2020-01-27,111.03667449951172,111.80198375768954,109.08557091553622,109.55652651054487,12860500
JPM,2020-01-28,113.05506134033203,113.50920626703517,111.41512206629905,111.71788107324188,13062800
JPM,2020-01-29,112.88687133789062,113.98857386755542,112.43273921723757,113.37465047937934,9326000
JPM,2020-01-30,114.28291320800781,114.4847568099499,111.59172934499789,111.59172934499789,9048900
JPM,2020-01-31,111.3141860961914,113.39144640346935,110.56570047192437,113.10551095882248,12785200
JPM,2020-02-03,112.16361236572266,112.89528748109961,111.56651249869195,111.56651249869195,10021100
JPM,2020-02-04,113.77833557128906,114.8800510368493,113.60173360936533,113.99700272949141,9157100
JPM,2020-02-05,115.71260070800781,115.83033959822458,114.38382589980321,114.85479429324693,10150700
JPM,2020-02-06,115.72943878173828,116.30130979688845,115.30894085910028,116.25927027068721,8992300
JPM,2020-02-07,115.359375,115.77987283677156,114.62771287044167,114.98933485042893,6379800
JPM,2020-02-10,115.83876037597656,115.93127042269903,115.00616995547433,115.17436654063059,5960700
JPM,2020-02-11,116.05744171142578,116.74706455369723,115.87242157484465,116.27609603984898,6578600
JPM,2020-02-12,116.05744171142578,117.14232084630613,115.88924508705563,116.5620444171161,7958000
JPM,2020-02-13,115.95651245117188,116.34336335775208,114.71182934784672,115.84717888373132,7447500
JPM,2020-02-14,115.60328674316406,116.2172100756985,115.16596533998602,115.92285641666807,6627600
JPM,2020-02-18,114.07266998291016,115.81353745135866,113.57648553992749,115.50236027870343,8996400
JPM,2020-02-19,115.6285171508789,116.38540823777687,114.66136428142313,115.14073804701536,7071200
JPM,2020-02-20,115.6285171508789,116.36017939038544,114.82115553662055,115.35939233526695,7422800
JPM,2020-02-21,114.21563720703125,115.1491430555738,113.46715146054775,114.83797871691877,9772800
JPM,2020-02-24,111.1459732055664,112.02060291736647,110.002218762398,110.54045539256117,13618400
JPM,2020-02-25,106.18413543701172,111.20487515926854,105.62066335376448,110.17045388008121,20797200
JPM,2020-02-26,106.50373077392578,108.44642944144492,106.25142941250947,106.74762037895084,24825600
JPM,2020-02-27,102.07167053222656,105.64590296153398,102.01280107827777,103.36680493538914,23005500
JPM,2020-02-28,97.64803314208984,99.64960104716418,94.74659989283339,98.83383400858712,45931400
JPM,2020-03-02,102.19781494140625,102.24827905650628,96.2603861732076,98.08534566480843,27355400
JPM,2020-03-03,98.36285400390625,103.40041633264855,97.75733608744743,101.73524847867462,32547700
JPM,2020-03-04,100.7933578491211,101.0792997930594,96.46222765863122,99.51504689772683,25795900
JPM,2020-03-05,95.84828186035156,97.9171305319256,94.67929833962016,97.27797199733172,25025600
JPM,2020-03-06,90.89483642578125,92.77866540405694,88.32138466493645,89.36422417787799,38159400
JPM,2020-03-09,78.58265686035156,83.45202376187022,78.21261662097521,81.21497164751592,40352000
JPM,2020-03-10,84.68827819824219,85.17605732348979,79.54138778351208,83.25858784221472,31102700
JPM,2020-03-11,80.70193481445312,84.14161006151251,79.51613438712484,82.16526532215359,38127000
JPM,2020-03-12,74.0497055053711,81.5429770489135,72.59477950123534,75.34483378891414,49725200
JPM,2020-03-13,87.38789367675781,87.45516847748023,77.37162866825476,80.72720076719722,38543300
JPM,2020-03-16,74.31039428710938,79.03679330372756,71.10620213165055,71.65284430456052,38589700
JPM,2020-03-17,78.8517837524414,81.94664917118386,73.5871471964539,76.4381230145333,35239800
JPM,2020-03-18,70.5511245727539,76.353995841633,67.58241095454194,73.7300871034884,41525600
JPM,2020-03-19,71.73695373535156,74.10015019074883,64.68099855924639,68.59162441021337,32175100
JPM,2020-03-20,70.22315216064453,75.23548656287478,69.3653392328673,72.57794306308594,30150800
JPM,2020-03-23,66.46391296386719,70.43341511707158,65.67337466934029,69.53354965222746,32536600
JPM,2020-03-24,74.36925506591797,75.77371644053407,69.71854955520371,71.40054106960531,34363200
JPM,2020-03-25,77.14456176757812,80.02076639347999,71.09779879852198,75.05047722010946,38111700
JPM,2020-03-26,82.51850891113281,82.89695444867942,78.6667466676584,79.12088516248753,29826300
JPM,2020-03-27,76.63994598388672,79.76003967426142,76.15217328964872,78.37240171846678,30041500
JPM,2020-03-30,78.63311767578125,79.12930218343509,75.10093741621921,76.23628061277203,21656900
JPM,2020-03-31,75.71483612060547,79.19655754209593,75.13454707826122,77.41365089930203,23379300
JPM,2020-04-01,70.94640350341797,72.79659162654521,70.01289768761337,71.56873857519153,28029600
JPM,2020-04-02,73.59554290771484,73.93194250481626,69.76900952122737,70.23155976927791,24018000
JPM,2020-04-03,71.42023468017578,74.3348262072918,70.3325683532088,73.07721546081088,21199400
JPM,2020-04-06,76.01728057861328,77.31737389049589,74.5217453944193,75.61790415303626,26820800
JPM,2020-04-07,77.01997375488281,80.29995111261724,76.79904085722691,80.2574617728116,22563800
JPM,2020-04-08,80.12999725341797,80.60584668480567,76.94349163331326,78.26057673317916,22903300
JPM,2020-04-09,87.31877136230469,88.70383709346046,82.33082452433764,82.35631553733995,42055900
JPM,2020-04-13,83.43547058105469,87.61616466677734,82.67920705069699,87.61616466677734,26911900
JPM,2020-04-14,81.14967346191406,86.6729496661281,79.56916621407123,85.84020670898946,46151300
JPM,2020-04-15,77.1474380493164,78.20110758794159,76.58660986205513,77.4533431545565,30118600
JPM,2020-04-16,74.20735168457031,76.9604909940041,73.9694269456389,76.67158423471965,32449600
JPM,2020-04-17,80.87776184082031,81.31962110244152,77.2918798004581,78.17560480666282,30191900
JPM,2020-04-20,77.92919158935547,80.4783964427186,76.86702290045416,78.57499196743716,23679400
JPM,2020-04-21,75.66889190673828,77.64876920428621,75.05708177001725,75.30350565747224,23035000
JPM,2020-04-22,75.91531372070312,78.06514848793088,75.77935950629195,77.06246103516733,16662400
JPM,2020-04-23,75.95780181884766,77.56380025331329,75.84733861625746,76.25520773579262,16638800
JPM,2020-04-24,77.0794448852539,77.41084094702319,75.19303254412894,77.01996370706358,15809200
JPM,2020-04-27,80.40192413330078,81.26015177393153,77.78473890435794,78.12463418446119,22870200
JPM,2020-04-28,80.97125244140625,83.57993874528208,80.75031951658987,83.11258188181742,20238900
JPM,2020-04-29,83.15507507324219,84.5061507325396,82.65372800715686,84.19175290345144,20462600
JPM,2020-04-30,81.37063598632812,82.28834497849809,80.34245728071004,81.23467525684256,19127600
JPM,2020-05-01,79.23780059814453,79.65416899517281,78.03967095716999,79.45023437990899,18547700
JPM,2020-05-04,78.2945785522461,78.74493704294645,77.15593681975562,78.19260802336623,15725900
JPM,2020-05-05,78.17561340332031,80.05352681690104,78.09064120708322,79.5776773316029,18064100
JPM,2020-05-06,76.70555877685547,78.82140313060907,76.41665205203188,78.3115635390037,20978000
JPM,2020-05-07,77.50431823730469,78.94887143446024,76.96898759255473,77.61478143870819,16771900
JPM,2020-05-08,78.77041625976562,79.94305447592807,78.269075821175,78.8553949292562,20487800
JPM,2020-05-11,76.45064544677734,77.4193426565702,75.90681566173441,77.4193426565702,31907600
JPM,2020-05-12,73.95242309570312,77.14742795287209,73.84195989886425,76.60359816649812,27962900
JPM,2020-05-13,71.40322875976562,73.80798028980062,70.8678980605236,73.40010465016621,35451600
JPM,2020-05-14,74.3687973022461,74.87014427589257,70.01815866349595,70.29007357841785,35152500
JPM,2020-05-15,72.99224090576172,74.16487292184414,72.48240118063737,73.79948659696164,26099000
JPM,2020-05-18,76.8585205078125,77.45333883839399,74.67470203446585,75.36299172438211,30504400
JPM,2020-05-19,75.34598541259766,77.49581348359399,75.27800507065446,76.51862362075,19597300
JPM,2020-05-20,77.60629272460938,78.50700967599815,76.79054796964093,77.0794547340626,20552400
JPM,2020-05-21,76.62060546875,77.9716875264744,76.19573795724584,76.70557767445808,14621400
JPM,2020-05-22,76.0257797241211,76.7820432384705,75.38847857272805,76.48463733107958,13557900
JPM,2020-05-26,81.42159271240234,82.84914751349177,78.69394463375978,78.93186935344762,41233900
JPM,2020-05-27,86.13764953613281,87.16582823055295,83.95383058552909,86.73246151374303,39402000
JPM,2020-05-28,84.85453033447266,87.48020814725417,84.46365304598235,87.47171546571698,24713900
JPM,2020-05-29,82.68771362304688,84.27672046163589,82.23735509481162,83.83486109892313,26526400
JPM,2020-06-01,83.78385925292969,84.55712111830216,82.74718164496176,83.06158588961256,15176800
JPM,2020-06-02,84.06427764892578,85.33038089091349,83.214542711196,85.21141851826837,21195000
JPM,2020-06-03,88.60186004638672,89.15418905837475,85.87421164523576,86.31607744801146,25941100
JPM,2020-06-04,90.44578552246094,90.59023890065494,87.34425181714155,88.21947773356301,26784700
JPM,2020-06-05,94.51602935791016,98.37382065312272,93.07147593060435,97.66004634640228,42231000
JPM,2020-06-08,96.40241241455078,97.03122084698803,95.11931750835952,96.36842872687076,24881800
JPM,2020-06-09,93.92970275878906,94.85591074846037,92.62960931415007,94.02317412253099,17031100
JPM,2020-06-10,90.12287902832031,93.90420312277226,89.94443548201029,93.86171378571446,24913300
JPM,2020-06-11,82.60274505615234,86.31608963150744,82.03342411737333,84.99899768493361,36259200
JPM,2020-06-12,84.86302947998047,85.93369082009835,82.70470198778511,85.57680370672573,24856800
JPM,2020-06-15,86.03567504882812,86.1886276193446,81.46410274800189,81.93145314243932,22153600
JPM,2020-06-16,86.72394561767578,89.79998842426295,84.38717454033288,89.5365726682743,22193600
JPM,2020-06-17,84.53164672851562,87.13183394086495,84.30221463156478,87.12333477502425,15639800
JPM,2020-06-18,84.07279205322266,85.41536857114966,83.38450222048185,83.84335994798764,16591900
JPM,2020-06-19,83.11257934570312,85.48334080418736,82.19487046093798,85.42385961273996,40371200
JPM,2020-06-22,82.21186065673828,83.23154005619459,82.0334170859816,82.63672815367232,16216900
JPM,2020-06-23,83.21455383300781,84.94801411561299,83.14657347299256,84.09827906431421,15381400
JPM,2020-06-24,80.43592071533203,82.28833684934212,80.13850826970445,82.21186380878446,22919800
JPM,2020-06-25,83.24004364013672,83.45247739988073,80.09602658911093,80.17249963079612,25743600
JPM,2020-06-26,78.67695617675781,81.03922479149597,78.1756156663719,80.81829188851349,41896300
JPM,2020-06-29,79.02536010742188,80.29146352402054,78.32857762170725,79.36525542598207,18499700
JPM,2020-06-30,79.92606353759766,80.43590966982472,78.65996033728295,78.88089322905049,19137000
JPM,2020-07-01,79.24628448486328,81.32813255156005,79.05084259081949,80.6313501410405,18755700
JPM,2020-07-02,79.50370025634766,81.47713150417434,78.87734621164661,81.28836709217849,27845600
JPM,2020-07-06,81.51144409179688,81.68304451353553,80.20726386662818,81.02237568909156,18625300
JPM,2020-07-07,79.21195983886719,80.7392257864948,78.93739524767723,80.49898258747062,25757200
JPM,2020-07-08,80.05281066894531,80.08712551201175,78.76578803147761,79.18621359346575,18762200
JPM,2020-07-09,78.31961822509766,80.75638454247391,77.89061066992413,80.24157023935705,25600800
JPM,2020-07-10,82.60113525390625,83.09020374386814,78.8258729330049,78.9374125724216,28954200
JPM,2020-07-13,83.78519439697266,85.17517497756414,82.56681425596571,84.71185248145842,32079200
JPM,2020-07-14,84.26567840576172,85.7586231342206,82.91859470130704,84.40296399033295,42731700
JPM,2020-07-15,85.56985473632812,86.90835629037036,84.64319679300526,86.56514891734678,22508400
JPM,2020-07-16,85.81010437011719,86.84830200543881,84.55740292883317,84.75474276448205,16886900
JPM,2020-07-17,84.2227783203125,85.8701659947784,84.20561434983492,85.80152320514148,16137700
JPM,2020-07-20,83.48486328125,84.42009650213137,83.45054189523577,83.59640287619497,14458100
JPM,2020-07-21,85.2952880859375,85.84441725105083,83.77659762450217,83.8366584223697,17798100
JPM,2020-07-22,84.6775131225586,85.91305042698751,83.68221245490686,85.5012068408898,14271200
JPM,2020-07-23,84.92633819580078,85.243799595956,84.05974110456133,84.51448806402155,12870200
JPM,2020-07-24,84.32572937011719,85.62991608677356,84.03400735615807,85.45830912608919,12744200
JPM,2020-07-27,83.14167022705078,83.76801762736532,82.51531628060009,83.66505999779919,11959100
JPM,2020-07-28,83.50203704833984,83.99110543905097,82.79846486264778,82.79846486264778,11754300
JPM,2020-07-29,85.52696990966797,85.55270932265348,83.2274885216571,83.28754933400248,12743500
JPM,2020-07-30,83.24462890625,83.86240087598095,82.41235969017293,83.69080046044958,14834800
JPM,2020-07-31,82.91859436035156,83.16741957176106,81.7259536703751,82.78131532248177,14535000
JPM,2020-08-03,82.45525360107422,83.71653690358755,82.2407498161879,83.24462595838324,12962800
JPM,2020-08-04,81.98336791992188,82.3265688171886,81.53719627965512,82.29225396437194,13366200
JPM,2020-08-05,83.40766143798828,84.48876248293871,82.12922055191625,82.2579241482903,15260900
JPM,2020-08-06,83.43339538574219,84.17128897409835,82.8327873701669,83.72512395483334,10482100
JPM,2020-08-07,85.26954650878906,85.36392870258658,82.84994395517444,83.16741192941481,14743700
JPM,2020-08-10,86.35066223144531,87.5518850018929,85.82727235679413,85.89591515422255,14989900
JPM,2020-08-11,89.07913208007812,91.08689092309893,88.81314947992743,89.11345347140984,31518600
JPM,2020-08-12,88.32408905029297,91.3185603422513,87.2687274468988,91.08689911260396,19240800
JPM,2020-08-13,87.83501434326172,88.68444751929921,87.2086603957521,87.51754637724505,13598600
JPM,2020-08-14,87.86933135986328,88.64153972900817,87.01989167998654,87.08853446048613,12134400
JPM,2020-08-17,85.55269622802734,87.51755185421223,85.39825322761563,87.08854424708373,14988000
JPM,2020-08-18,84.36004638671875,85.72429383232064,84.18844598107106,85.72429383232064,13246500
JPM,2020-08-19,84.5573959350586,86.30774108633982,84.37720699235342,84.87485735209813,13533000
JPM,2020-08-20,83.54493713378906,84.11122372623396,83.05586876234918,83.45055494402557,13672600
JPM,2020-08-21,83.50203704833984,84.57455602324461,83.17599363657787,83.45913367088913,12228300
JPM,2020-08-24,85.85301208496094,85.98171569407809,83.58785213059403,84.47160687578766,17898300
JPM,2020-08-25,86.23052215576172,87.50038745188773,85.62991417213621,86.89119093774978,13648900
JPM,2020-08-26,85.02070617675781,86.033164173958,84.9863913361583,85.75002418913338,12052400
JPM,2020-08-27,87.8178482055664,88.07525536583262,84.94349879789513,84.94349879789513,22163900
JPM,2020-08-28,88.17822265625,88.59007284858231,87.35452881772211,88.49569064921734,13756700
JPM,2020-08-31,85.96453094482422,87.67197908108109,85.81866340958055,87.6205002722512,14219400
JPM,2020-09-01,85.921630859375,86.54798475734633,84.97781556663116,85.41540509682659,11595600
JPM,2020-09-02,87.21725463867188,87.46607985574339,85.42399929706583,85.75862473302547,14475700
JPM,2020-09-03,86.94268035888672,90.08301253531029,86.35064778584821,88.65012874592067,23281200
JPM,2020-09-04,88.82173919677734,90.27178711949969,86.97701157563336,89.27649279542482,26325500
JPM,2020-09-08,85.73285675048828,88.86461279223825,85.35533460396684,88.35838708720806,22108600
JPM,2020-09-09,86.54800415039062,87.25157642221126,85.42399967572152,86.487943342289,13434000
JPM,2020-09-10,85.6556625366211,87.87791885456531,85.49263754710171,87.00274619459843,15922800
JPM,2020-09-11,86.71959686279297,86.96842205879878,85.4497314738903,85.77578144265348,13784300
JPM,2020-09-14,87.92081451416016,88.7702476898505,86.97699914715575,87.09712074589434,19017400
JPM,2020-09-15,85.18375396728516,88.24686818370681,85.06363235457347,88.14391054203219,23683000
JPM,2020-09-16,85.54411315917969,86.77107516186784,84.7375833193692,85.31245193456539,19270600
JPM,2020-09-17,84.56597900390625,85.23522983616077,83.83666736737598,84.68610061245774,18290100
JPM,2020-09-18,84.38580322265625,85.36394013837908,83.60501270571203,83.99111697123628,20121600
JPM,2020-09-21,81.77742767333984,82.4123636427579,80.49898684174781,81.68304547643004,28378800
JPM,2020-09-22,80.88508605957031,82.07773315156494,80.37027827402802,81.47711861331882,19257000
JPM,2020-09-23,79.57232666015625,81.81174682334387,79.50369042021616,81.32267842828773,19952700
JPM,2020-09-24,79.50370025634766,80.91084481432397,78.40543518165697,79.21197165249846,18366500
JPM,2020-09-25,80.19869995117188,80.41320379974306,78.82587662954397,78.98031966236073,13293100
JPM,2020-09-28,82.50672912597656,83.16739782437455,80.95371745714688,81.56290734807196,20894100
JPM,2020-09-29,81.81172943115234,82.39517989649495,80.93655700620594,82.39517989649495,12848200
JPM,2020-09-30,82.60113525390625,83.39908979501645,81.73454445953682,81.81176269925507,16400600
JPM,2020-10-01,83.20173645019531,83.88814469454854,82.39520005329028,83.33044004167922,15778700
JPM,2020-10-02,83.9911117553711,84.5917198080303,81.58866645246061,81.72595203371804,15149600
JPM,2020-10-05,85.76634979248047,85.94820414191999,84.45872287198202,85.14284539047117,13871900
JPM,2020-10-06,84.88304901123047,87.34242673213562,84.44140556905764,86.65830421909564,19220400
JPM,2020-10-07,86.36388397216797,86.90078545178042,85.44594391417286,85.69707802203796,16358500
JPM,2020-10-08,88.1391372680664,88.26037351850523,86.51110290011651,87.03934939426283,15659000
JPM,2020-10-09,87.63688659667969,88.42492898940456,86.69297465660945,88.32967097255032,13689100
JPM,2020-10-12,88.71070861816406,89.19565374763835,87.33380140143262,87.55029570664534,16058000
JPM,2020-10-13,87.2731704711914,89.38615669463158,86.82286528936496,89.1956406768616,21697300
JPM,2020-10-14,86.78821563720703,88.26903550824073,86.6842960191611,87.48965489009663,15204100
JPM,2020-10-15,88.08717346191406,88.139129962973,85.7663550493406,85.81831155039954,17171200
JPM,2020-10-16,87.90531921386719,88.61542002572669,87.22119665257043,87.81872284303157,13275000
JPM,2020-10-19,86.42451477050781,88.2170870523694,86.21667551545085,87.9832695421505,11725700
JPM,2020-10-20,86.91812133789062,88.13048395657232,86.70162706928593,86.86615822074658,11257100
JPM,2020-10-21,86.0521469116211,87.45502558694771,86.01750703475265,86.90946239175192,10730500
JPM,2020-10-22,89.09169006347656,89.40344223743027,86.0001531775012,86.0088147953551,14837200
JPM,2020-10-23,89.89707946777344,90.4513042760158,89.13502200816039,89.62862868446628,15087600
JPM,2020-10-26,87.67152404785156,88.93584988294715,86.81420852679057,88.89255498995531,12410700
JPM,2020-10-27,86.01748657226562,87.3943866641138,85.87027208575596,87.03933957271522,10391700
JPM,2020-10-28,83.60142517089844,85.12554662829763,83.19441490043837,84.43276234578512,16389500
JPM,2020-10-29,84.14697265625,84.84841842849922,82.47563699744083,83.23770088760004,14208800
JPM,2020-10-30,84.90040588378906,85.2294748428735,83.33298925855178,84.78783122573216,15194500
JPM,2020-11-02,86.81420135498047,87.35976453115316,84.74451668414535,86.06946054547956,15011600
JPM,2020-11-03,89.55068969726562,90.70243414977715,88.92718516565847,89.21295257024462,17482600
JPM,2020-11-04,86.81420135498047,88.39027935969341,85.67111188570384,87.46368415813494,18886500
JPM,2020-11-05,90.36470794677734,91.01419076375018,87.4636860190082,87.51564253016414,17837400
JPM,2020-11-06,89.16099548339844,91.01418582539111,88.66738883355703,90.95356769670464,12552800
JPM,2020-11-09,101.23271942138672,102.96467353772564,95.56056704762446,97.99396707375949,47792400
JPM,2020-11-10,100.90364074707031,101.70899965019132,99.31890780153839,101.6224032684657,20539300
JPM,2020-11-11,99.39683532714844,101.28466538161064,98.68673447768357,101.22404725812753,14443400
JPM,2020-11-12,98.17584228515625,98.68676568653473,97.04140760567442,97.44841796643735,22063000
JPM,2020-11-13,98.79064178466797,99.46610267843717,98.34899173609614,99.32754320952085,11847900
JPM,2020-11-16,101.57910919189453,102.71353699738056,100.21952550662027,102.0034360905535,19858600
JPM,2020-11-17,100.54859924316406,100.83437326508987,99.22365536844724,99.92509468873713,14553200
JPM,2020-11-18,99.80384063720703,102.71352363465994,99.76053914819175,101.6137292397162,12571200
JPM,2020-11-19,100.07230377197266,100.29745965037274,98.34034970679137,98.87725784547453,10202500
JPM,2020-11-20,99.21497344970703,100.15023009000679,98.79930162950288,99.09373721191403,12718900
JPM,2020-11-23,102.07270812988281,102.33249725751203,100.08095845032558,100.4966303041643,13209200
JPM,2020-11-24,106.79227447509766,106.94815058638133,103.66609723709921,103.97784945966657,20121600
JPM,2020-11-25,105.6751708984375,105.97826152317668,104.32424890995422,105.10362952134076,11715600
JPM,2020-11-27,104.97372436523438,105.95227591629236,104.85248812375391,105.64918531259119,5983600
JPM,2020-11-30,102.08135986328125,104.5407378218193,101.98610187081339,103.91723336453136,14411800
JPM,2020-12-01,103.69208526611328,105.28548639914811,103.59682726651923,104.21167015042975,12668900
JPM,2020-12-02,105.683837890625,105.91764878248655,103.28507780957806,103.65744819800972,10811300
JPM,2020-12-03,104.99105072021484,105.55393709743544,104.22899333077913,105.51929722425014,12904400
JPM,2020-12-04,105.94361877441406,106.76630085566177,105.38073903241501,106.06486162789808,13583700
JPM,2020-12-07,105.54528045654297,105.79641459382347,104.09910036895437,104.91312091000977,9724300
JPM,2020-12-08,105.64917755126953,105.93495150242806,104.57536808837952,104.81784055352767,9592100
JPM,2020-12-09,104.82652282714844,106.77497115771342,104.29827630675594,106.66238991465507,13073900
JPM,2020-12-10,104.15104675292969,104.5926968553428,103.53620390013651,103.90857425964562,13668400
JPM,2020-12-11,103.53621673583984,103.93456539660248,102.50570851162723,102.99931517897231,9981600
JPM,2020-12-14,102.44507598876953,105.14691984861307,102.28053825380938,105.07764010685302,12112400
JPM,2020-12-15,104.1943588256836,104.69662710242683,102.72220047730444,103.30240351756959,12590200
JPM,2020-12-16,104.4974594116211,104.852513208671,103.7960200456889,104.17705209971687,11169400
JPM,2020-12-17,103.6314697265625,105.17290778482672,103.55353496506574,105.00837664159565,11618000
JPM,2020-12-18,103.12055206298828,103.8133297614553,102.41910613693143,103.1725085734811,28954800
JPM,2020-12-21,106.99146270751953,108.24712673489216,104.8611534393222,106.66238721384207,28323600
JPM,2020-12-22,105.36341094970703,106.96546694065471,105.3114544483737,106.85289231880593,11788200
JPM,2020-12-23,108.30772399902344,109.56338778452627,105.95226591788688,106.32463622640302,14973200
JPM,2020-12-24,107.83145141601562,108.72341326159263,107.00877592186683,108.32505803388091,4164900
JPM,2020-12-28,108.54158020019531,109.67601483661726,108.0652966993944,108.95725216752582,8072600
JPM,2020-12-29,108.25578308105469,109.35557092807544,108.15186346597494,109.28629118468895,8389200
JPM,2020-12-30,108.55887603759766,108.98320291293793,108.16052741486679,108.67145066786505,7398000
JPM,2020-12-31,110.03970336914062,110.26485925184194,108.09125500858985,108.3250659048285,8580200
JPM,2021-01-04,109.00051879882812,110.72381104341599,108.05660050746152,110.41205881937562,16819900
JPM,2021-01-05,109.59364318847656,110.1605833749792,107.95387731647128,109.01797900248445,13731200
JPM,2021-01-06,114.73966979980469,115.80377116028706,111.53864172153695,113.28307509037185,24909100
JPM,2021-01-07,118.50765228271484,120.53119413266289,117.67905206148995,118.3506602300065,21940400
JPM,2021-01-08,118.63849639892578,118.92632848108627,116.98128259032814,118.5948830575821,12035100
JPM,2021-01-11,120.40909576416016,120.53992248669964,116.97257189026757,117.38251336612322,15937900
JPM,2021-01-12,122.3017807006836,123.55777029748951,121.08940444161274,121.62145522056741,18033500
JPM,2021-01-13,122.41516876220703,122.79893151868006,120.45268840782914,120.88006450062824,14816800
JPM,2021-01-14,123.13038635253906,124.50848537087764,122.10989808702536,122.53728752154211,18565600
JPM,2021-01-15,120.92369842529297,123.54905668848403,119.50198593431837,119.86831406576894,27881000
JPM,2021-01-19,120.40034484863281,122.72043593667526,120.20847012417228,121.9877797959003,19843800
JPM,2021-01-20,118.59487915039062,120.51374632598555,118.13260702700848,120.20847956448338,16028800
JPM,2021-01-21,117.6005630493164,118.76060875179023,117.15573889785554,118.35066728892642,13411700
JPM,2021-01-22,116.69343566894531,117.22548642426482,115.30661942946256,115.73400882600495,12933200
JPM,2021-01-25,115.23687744140625,116.15270454903816,113.44011922945879,115.25432544306445,14212800
JPM,2021-01-26,114.76586151123047,116.15267787373529,114.55652546618491,115.78634977659756,11307800
JPM,2021-01-27,111.52120971679688,113.25691923409184,111.07637900414969,113.03013522453246,17603900
JPM,2021-01-28,113.48370361328125,115.28046136661983,112.50682871257423,113.3005329149375,13761800
JPM,2021-01-29,112.22771453857422,114.8879684960276,111.80905576608197,114.42569638477269,14808100
JPM,2021-02-01,113.05632019042969,113.44882694929609,112.06199723974244,112.86443213775995,11080700
JPM,2021-02-02,116.53642272949219,117.21674805736727,114.4518334178915,115.07982807576376,12253600
JPM,2021-02-03,117.87092590332031,118.41169398714808,116.449213711284,116.5713230627587,10600800
JPM,2021-02-04,120.58354187011719,120.94115267486848,118.1587888921626,118.1587888921626,12419500
JPM,2021-02-05,120.34803009033203,121.66508115814752,119.8247099100817,121.57785447364405,10051300
JPM,2021-02-08,122.23200988769531,122.37156725385914,120.52246542449575,120.53991342249697,10136400
JPM,2021-02-09,121.7435531616211,122.09243321293326,120.83644373393612,121.6127131606884,8614800
JPM,2021-02-10,121.81332397460938,122.8686947125376,121.27254262836813,122.10987332998425,10323200
JPM,2021-02-11,121.47317504882812,122.58960723817187,120.55734823332482,121.8133377735669,9201000
JPM,2021-02-12,123.20014190673828,123.5141392609459,121.23766177017077,121.2812751016563,8324600
JPM,2021-02-16,126.1656723022461,126.75006703524645,124.20319200734058,125.20624547675615,12130600
JPM,2021-02-17,126.5582046508789,126.80242340568012,124.83121205902516,125.5551509782302,10810100
JPM,2021-02-18,126.98554992675781,127.15998995076376,125.07540038792897,125.59873376886755,10587800
JPM,2021-02-19,129.10504150390625,129.82024962837912,127.22105721532382,127.22105721532382,11969800
JPM,2021-02-22,130.3174285888672,130.99775408735456,128.03222005727807,128.101998737754,11488400
JPM,2021-02-23,131.36407470703125,132.84683498327854,130.4744132177142,132.14906152712638,16234400
JPM,2021-02-24,133.67544555664062,134.1115523371047,130.92797816328596,130.92797816328596,15061400
JPM,2021-02-25,131.86123657226562,135.1058720053697,131.346633777872,134.55638652530632,18127700
JPM,2021-02-26,128.36366271972656,131.59085009648362,127.78799859979135,131.09369530848298,19829200
JPM,2021-03-01,131.2681121826172,132.0356642070576,129.50623744875162,130.41334680653026,14845500
JPM,2021-03-02,130.8407440185547,132.38456565981377,130.69246931872738,130.90180535261874,14221700
JPM,2021-03-03,133.37020874023438,135.17568429608514,131.54728518274925,131.90488270823707,14324100
JPM,2021-03-04,131.32046508789062,134.65232711359457,129.62836873422293,133.10850546085663,20093900
JPM,2021-03-05,131.62571716308594,133.87602915734584,129.06140783686143,133.64052783114255,18465100
JPM,2021-03-08,133.37020874023438,135.5943564817562,131.4862238314917,132.9864325578321,17133300
JPM,2021-03-09,132.4281768798828,134.538931946083,130.67503254168378,132.1403448287298,16238800
JPM,2021-03-10,135.30648803710938,136.20486690078857,132.14906603482623,132.49795942926417,14342200
JPM,2021-03-11,134.60000610351562,136.19614524365193,133.76267521048072,134.41683539572196,11771500
JPM,2021-03-12,136.19619750976562,137.4870836864516,135.2542181933803,136.8154752453717,12849500
JPM,2021-03-15,135.5158233642578,136.86775711193954,134.28601229767517,136.37060227841113,12101100
JPM,2021-03-16,133.8934783935547,134.844201143807,132.7421635905019,134.39936377830782,12805600
JPM,2021-03-17,135.27157592773438,136.832845400384,133.49226640930502,135.48962928243466,13952400
JPM,2021-03-18,137.50445556640625,141.02820562641497,137.03346612337486,137.46085553771454,21898500
JPM,2021-03-19,135.315185546875,136.0129589245504,131.86994529894545,135.6379002441203,54418800
JPM,2021-03-22,131.67807006835938,134.29471050692953,131.3640726833741,133.27422233295775,19944800
JPM,2021-03-23,130.361083984375,132.68116264131334,129.92497707239707,131.11990575236007,17076300
JPM,2021-03-24,131.37281799316406,133.60568284664132,130.70994039882686,130.83204977959753,13079800
JPM,2021-03-25,133.05613708496094,133.42246506152387,130.2476092890601,130.8319905832618,15608300
JPM,2021-03-26,135.27157592773438,135.58557329085963,133.0561596999044,134.5825331828065,16754400
JPM,2021-03-29,133.1695556640625,134.0853825343547,131.7391260040835,132.68111821561928,17570300
JPM,2021-03-30,134.7395782470703,135.9519548440715,134.21625797514886,134.72214355425433,13184300
JPM,2021-03-31,132.7770233154297,134.74823383743856,132.68107932268663,133.69284991726477,16736700
JPM,2021-04-01,134.06793212890625,134.13769749142878,132.18394792670048,132.48921464172892,16561500
JPM,2021-04-05,134.7786102294922,135.9367195792239,133.88372215449144,135.46294270440302,13508000
JPM,2021-04-06,133.83106994628906,135.35766498439006,133.2344778959358,134.0504076213853,13071600
JPM,2021-04-07,135.9279022216797,136.19111004078079,133.9275442162006,134.32236263850515,16903500
JPM,2021-04-08,136.09461975097656,136.43678594687682,133.62926672573258,135.111991370403,12335500
JPM,2021-04-09,137.11233520507812,137.77911676630956,135.96300819090658,136.69997939868443,12122400
JPM,2021-04-12,136.8228302001953,137.96338871440565,136.48944605897694,136.49821474598244,12273400
JPM,2021-04-13,135.1909637451172,136.16482354028545,133.73455839607112,135.77001840977053,16113600
JPM,2021-04-14,132.66416931152344,134.96282323910145,132.4184988657273,132.89227561232016,19939600
JPM,2021-04-15,133.50643920898438,133.53275865600241,131.0059980311169,132.6992782633799,17694100
JPM,2021-04-16,134.49786376953125,135.55945061002498,133.96267931188518,134.99794670260198,13773400
JPM,2021-04-19,133.9275665283203,135.00671742768907,133.55031218835987,134.6031302528563,11900200
JPM,2021-04-20,130.962158203125,133.13798444762764,130.41819160151618,133.12921575902348,13716700
JPM,2021-04-21,132.07635498046875,132.13777594909584,128.78629019193536,129.66364080221095,12236700
JPM,2021-04-22,129.29513549804688,131.8657793567874,129.19862641009473,131.80435839749703,15256100
JPM,2021-04-23,131.76927185058594,132.5939834507485,128.69854514454585,129.1284383155156,14041900
JPM,2021-04-26,132.09390258789062,133.7608767400064,131.93598590771848,132.28692078852833,10799100
JPM,2021-04-27,132.6992950439453,132.98005369738482,131.69911576885852,132.04128201066953,12821200
JPM,2021-04-28,133.55906677246094,134.13812133234876,132.83086422968807,133.7345342001312,8943700
JPM,2021-04-29,136.15606689453125,136.2350252501555,134.410134058748,134.7084301048687,12976900
JPM,2021-04-30,134.94528198242188,135.54188730026488,134.2433988856152,135.19972113132627,11705100
JPM,2021-05-03,134.55047607421875,136.41045488979879,134.3486892033772,135.85773316642363,11801100
JPM,2021-05-04,136.4104766845703,136.55085600293526,133.4801286970724,134.1205909295631,12977700
JPM,2021-05-05,138.2002716064453,138.86705324950864,135.66472888324276,136.86669493301082,10506700
JPM,2021-05-06,140.98146057128906,141.09552042555404,137.88441423263083,138.682806437872,13542400
JPM,2021-05-07,141.46395874023438,141.69206498517795,137.76153962443624,137.937006996493,14257800
JPM,2021-05-10,141.4464569091797,143.6486019728522,141.3587164991532,141.6921139924855,14014300
JPM,2021-05-11,139.09515380859375,142.4729588660598,138.65647852254918,141.3236317585922,15451700
JPM,2021-05-12,138.1388397216797,141.06041862373695,137.7703541016869,140.03392009933415,14381700
JPM,2021-05-13,141.6920928955078,142.52557311743215,138.34060786365194,138.77928307385477,15395000
JPM,2021-05-14,143.8942413330078,144.28027766988598,142.12200307705683,142.47293789932496,10584000
JPM,2021-05-17,144.4733123779297,144.63124243714424,143.0344580222188,143.33275399402677,9886800
JPM,2021-05-18,142.43789672851562,145.2015461800396,142.34138761248062,144.48211215372226,11098100
JPM,2021-05-19,141.34994506835938,141.41135264433993,139.1828881783929,141.253435974127,13278900
JPM,2021-05-20,141.10430908203125,142.00797919614772,139.9549818526584,141.10430908203125,10426000
JPM,2021-05-21,142.70986938476562,143.2011836393055,141.20082509593067,141.5517600242279,10249000
JPM,2021-05-24,143.48193359375,144.0873077440605,142.2360971540763,143.32401688704803,9440300
JPM,2021-05-25,141.9991912841797,145.3769828553027,141.7447521288418,143.7538923769107,12609100
JPM,2021-05-26,141.98165893554688,143.657401909352,141.5254328438321,143.5082539036067,13058300
JPM,2021-05-27,144.19256591796875,144.54350077737655,142.63088303518253,143.8416176712542,15707500
JPM,2021-05-28,144.09605407714844,144.71019676306028,143.23624092956538,144.48207706021694,10291300
JPM,2021-06-01,145.68405151367188,146.4385734704176,145.18395530856208,145.5261214641034,9445400
JPM,2021-06-02,145.6928253173828,146.90357331981969,145.22783061242217,146.74564326470306,10498600
JPM,2021-06-03,145.7893524169922,146.73689270280568,144.46455778661007,145.12257075837152,13354400
JPM,2021-06-04,146.0262451171875,146.2280320193317,144.78917748104757,145.8244582150433,8510800
JPM,2021-06-07,145.34190368652344,146.60529069316695,144.88567762583378,146.51755027819704,7267200
JPM,2021-06-08,144.76284790039062,145.42962953189502,143.14852602160676,144.31540391722018,10370700
JPM,2021-06-09,142.9554901123047,144.0784976616837,142.37643557947632,144.00830801643428,12377400
JPM,2021-06-10,140.7270050048828,144.97339130231123,140.6480466783574,144.20131863235963,12119400
JPM,2021-06-11,140.6305389404297,141.42893129678694,139.55140131922167,140.7533675039224,13683800
JPM,2021-06-14,138.24415588378906,140.6656389903827,137.44576353580487,140.50770890337157,19917900
JPM,2021-06-15,136.14723205566406,137.67382660932466,135.22602482243778,137.48080844550648,24485500
JPM,2021-06-16,137.1035614013672,138.2879765009441,134.33113070915846,135.75243418357306,25321200
JPM,2021-06-17,133.14669799804688,138.14760621750906,132.69925409293202,137.83175952351465,29722400
JPM,2021-06-18,129.77769470214844,131.33937764569436,129.4618479614702,130.98844277263288,43595700
JPM,2021-06-21,131.97984313964844,132.65540684399085,130.74278897917915,130.79542787273434,18664800
JPM,2021-06-22,131.78683471679688,132.4536163290822,130.42693865886216,132.12900090284302,14251200
JPM,2021-06-23,132.585205078125,133.39236594261897,131.68153512182707,131.77804421363103,12733300
JPM,2021-06-24,133.8047332763672,134.33991767021917,132.67295690893988,133.2870996427108,13733200
JPM,2021-06-25,135.15585327148438,135.5506583367514,133.06775470378264,133.87491559355055,15484900
JPM,2021-06-28,135.40150451660156,135.53310173691733,133.46255401767664,134.84876941666292,14125800
JPM,2021-06-29,135.23480224609375,137.1386511783224,134.7698075633852,135.9893241932388,14528700
JPM,2021-06-30,136.46310424804688,136.9368810613514,134.85756445659138,134.89265258961402,12531000
JPM,2021-07-01,137.8142547607422,137.8668936627582,136.3578493308533,137.09482073369716,10479400
JPM,2021-07-02,137.681884765625,137.93779019006493,136.8788916212101,137.61129063007104,11424000
JPM,2021-07-06,135.36996459960938,137.46126339014685,134.43461600070995,137.46126339014685,15083400
JPM,2021-07-07,135.52879333496094,136.13765589444844,133.7286902353244,134.13458963201415,12271800
JPM,2021-07-08,133.1904296875,134.5934526901491,132.3962558159308,133.78164038425552,17834600
JPM,2021-07-09,137.45248413085938,137.78778949346702,134.63760483492092,135.05233702698777,13694500
JPM,2021-07-12,139.4202117919922,140.44380645180723,135.83764394709274,136.1994338040977,19940400
JPM,2021-07-13,137.34654235839844,138.88193424752143,135.44937410042743,137.69951297544227,22671700
JPM,2021-07-14,136.8788604736328,138.78486130650447,134.96404042499427,137.61125931583214,14622800
JPM,2021-07-15,137.17892456054688,138.1230925425676,135.62588045635567,135.80235906879872,11539300
JPM,2021-07-16,134.04635620117188,137.90246776693053,133.26101506281606,137.6201047273012,14002700
JPM,2021-07-19,129.68728637695312,132.20215032641758,128.57545901705512,131.08149028413274,22172900
JPM,2021-07-20,132.10504150390625,133.3492240447344,129.1225041630273,129.29016349962586,15385200
JPM,2021-07-21,134.88462829589844,135.5817233523606,133.56101883864355,134.16988134329307,12356700
JPM,2021-07-22,133.1815643310547,135.39641256065912,132.33446189988717,134.90226723173632,9913300
JPM,2021-07-23,132.9257049560547,134.8669964220075,132.581566984656,133.6669231306897,9666100
JPM,2021-07-26,133.81692504882812,134.09048234271242,132.51096734809872,132.52861924612907,8208000
JPM,2021-07-27,133.6404266357422,134.5581366948297,132.1844616788865,132.71389736117442,11218700
JPM,2021-07-28,133.8610382080078,134.8052194485583,133.137472015464,134.38165471372804,9217300
JPM,2021-07-29,135.00816345214844,135.77585262197732,134.0463438198074,135.13169979516056,9063500
JPM,2021-07-30,133.93162536621094,135.59937271258454,133.4198281032429,134.6375530897686,9805200
JPM,2021-08-02,133.39340209960938,136.28769462691363,133.3051695196104,134.15227230277185,10203200
JPM,2021-08-03,134.91114807128906,135.29058992075102,131.9374420599776,134.08168369123675,10394800
JPM,2021-08-04,133.4551544189453,135.3346709744882,133.1639586789139,133.46397363611462,10155000
JPM,2021-08-05,135.1405487060547,135.61705575127223,134.1346058449287,134.37285936753747,9151500
JPM,2021-08-06,138.97903442382812,139.26141098845338,136.87008326543526,136.94067740659156,13328800
JPM,2021-08-09,138.82901000976562,139.9055469684494,137.56716177006567,138.99666939152928,9516900
JPM,2021-08-10,140.53204345703125,141.16737716497397,137.92894717656085,138.3083889436853,8667000
JPM,2021-08-11,142.20863342285156,142.5086483985373,140.37322630452286,141.18503866108958,9156500
JPM,2021-08-12,142.76454162597656,143.2763390114076,141.6703661838764,142.843968443915,8844200
JPM,2021-08-13,141.16737365722656,143.09102663193553,140.80559726222518,142.76452710451028,8980900
JPM,2021-08-16,140.2408447265625,140.32909075362585,138.3436763247806,140.24967740794082,8755800
JPM,2021-08-17,138.546630859375,140.17908816578048,137.0112522647953,139.04078977792128,9347200
JPM,2021-08-18,137.2847900390625,139.42903113923518,137.07300765476205,137.92894294435325,8065500
JPM,2021-08-19,136.1376495361328,137.26712857814314,135.01698971035066,135.14935874048683,9517700
JPM,2021-08-20,136.52590942382812,136.6847361014185,135.14935769356958,136.19942338803534,6974100
JPM,2021-08-23,138.27305603027344,138.61719392757308,136.98475045143914,137.06416378209656,7934600
JPM,2021-08-24,139.12899780273438,139.90551964474028,138.42307007949734,138.53778720555314,7670900
JPM,2021-08-25,141.996826171875,142.75569616047386,139.24372270833126,139.87022366767383,11335000
JPM,2021-08-26,142.72926330566406,144.56467059481935,142.19981397562583,143.17928581107753,11027500
JPM,2021-08-27,143.87637329101562,143.97343853836898,142.29685821721625,142.7292422216909,8780200
JPM,2021-08-30,141.57327270507812,144.2646146848037,141.07912731820102,144.01754199136514,7937600
JPM,2021-08-31,141.1409149169922,142.39393051292402,140.61147910341145,141.5732989428694,12340800
JPM,2021-09-01,140.93795776367188,141.8556545374964,140.27615293325061,141.37916098395274,8729900
JPM,2021-09-02,141.59092712402344,142.60568902840595,140.68203620727675,141.2026661804312,8813300
JPM,2021-09-03,140.73501586914062,141.9703795687605,140.43498742970053,141.52917632397418,7959700
JPM,2021-09-07,140.48793029785156,142.40275058960086,140.2673286956069,141.17620621969866,9285600
JPM,2021-09-08,139.86143493652344,140.81443560419146,139.45552200856193,140.20557294447673,7852700
JPM,2021-09-09,140.47030639648438,141.9174526570591,139.4908345487233,139.65849395415765,7904300
JPM,2021-09-10,138.85549926757812,141.820385900014,138.73196288557895,141.67919761645615,8311600
JPM,2021-09-13,141.06149291992188,141.22915229650678,139.48199132918947,139.8878907482811,10052800
JPM,2021-09-14,138.59957885742188,142.3674444678126,137.88481836768284,141.58210331522693,11685600
JPM,2021-09-15,139.5614013671875,140.02907568843747,138.07013237644753,138.29073397946934,11691500
JPM,2021-09-16,139.4996337890625,141.9350842317079,138.73194447881332,140.66441677718925,10880900
JPM,2021-09-17,139.1378173828125,140.31141936457183,138.53778756838295,138.8731062673003,25581600
JPM,2021-09-20,134.97288513183594,136.3847272540793,132.79334030701713,135.79351659818047,15819900
JPM,2021-09-21,134.9905548095703,136.37593960281373,134.6375975634279,135.47588112135801,8999900
JPM,2021-09-22,137.57601928710938,138.75844092585058,136.8612720795786,136.94950466286076,11236200
JPM,2021-09-23,142.2262725830078,142.693960413254,139.12903062880142,139.42022638825827,12336100
JPM,2021-09-24,143.8675537109375,144.35287999190146,141.90862361546894,142.4557113515801,10102400
JPM,2021-09-27,147.3441925048828,147.71480151578345,145.25289399178246,145.5970318922224,13220900
JPM,2021-09-28,146.55006408691406,149.3914139186296,146.1794549955321,147.97955822002362,13387900
JPM,2021-09-29,146.43533325195312,147.2736166039412,145.63234023012714,146.6647675235906,7777100
JPM,2021-09-30,144.44107055664062,147.3530136596209,143.64689691158245,147.29123876374368,13161200
JPM,2021-10-01,147.4766082763672,148.50902230499477,144.36171428976408,144.7146715174392,11285000
JPM,2021-10-04,147.31773376464844,150.39733669652807,146.24119696734735,147.33538566125475,14120000
JPM,2021-10-05,149.7234649658203,151.03729209525454,147.95689013320944,148.4362684606215,12292900
JPM,2021-10-06,150.04307556152344,150.11409508867152,147.36214598043946,149.1287211610751,8692600
JPM,2021-10-07,150.99293518066406,152.25350132856548,150.50468439031033,151.97830912279974,10195400
JPM,2021-10-08,151.10830688476562,152.1025529467074,150.2916028273725,150.93076488021697,8190100
JPM,2021-10-11,147.9302978515625,152.0582082250284,147.77051406473495,151.62323221938186,12154700
JPM,2021-10-12,146.79396057128906,147.9746344684042,146.27020694984586,147.14017219934644,13032600
JPM,2021-10-13,142.92349243164062,146.83835656223067,142.5684084276848,145.64881024883354,22753500
JPM,2021-10-14,145.11618041992188,145.59554521193775,142.08903964199308,143.5892947185567,15176800
JPM,2021-10-15,147.90365600585938,148.40077914352787,145.7109772378225,146.7851289461052,14267400
JPM,2021-10-18,147.85040283203125,149.6791117079863,147.28226013711716,147.7882556636297,12672900
JPM,2021-10-19,149.6436004638672,149.7146064444244,147.87702530813863,148.6049517463614,8053900
JPM,2021-10-20,151.65872192382812,151.68535255263262,148.65822486527424,149.40390956297952,8185600
JPM,2021-10-21,150.4691619873047,152.09369792803645,149.74122207639823,151.58768893451537,8415200
JPM,2021-10-22,152.49313354492188,152.7683256478277,150.6466671387588,150.93961750347353,8817900
JPM,2021-10-25,151.74749755859375,153.54070329759966,151.33913868008358,153.31877236365895,10159200
JPM,2021-10-26,152.1558074951172,153.12343643664448,151.39236471813922,151.80072350165185,8015100
JPM,2021-10-27,148.9866943359375,151.5344574331487,148.55170477604668,151.197131583494,9847000
JPM,2021-10-28,151.23260498046875,151.3657581127488,149.10207359045828,149.40389638735192,7212900
JPM,2021-10-29,150.81536865234375,152.9015246245037,150.37150683235976,151.9605261878439,8140100
JPM,2021-11-01,150.73550415039062,152.98144428374235,150.03419476192366,152.72399679586806,7435500
JPM,2021-11-02,151.3302764892578,152.41330060332,149.95430189723547,150.73550317179578,7173800
JPM,2021-11-03,151.3834991455078,151.91613870516917,150.1584362856387,151.0284151361247,8402700
JPM,2021-11-04,149.39500427246094,151.09055966282864,147.79711256915726,150.91301764530465,9574200
JPM,2021-11-05,149.18197631835938,150.992926777002,148.61383367000195,149.93653336546495,7975600
JPM,2021-11-08,150.07855224609375,151.72971871249374,149.7944877328828,150.06967988635157,6413700
JPM,2021-11-09,148.94229125976562,149.5548228210101,147.89478372561797,148.56057654512898,7990300
JPM,2021-11-10,148.80026245117188,149.98093675785657,148.32976990997452,148.64935102716427,6999200
JPM,2021-11-11,148.7913360595703,149.7411931588405,148.16104641585653,148.71144419568122,5815300
JPM,2021-11-12,148.12557983398438,148.90678103886592,147.1135753392919,148.82687560975654,8113400
JPM,2021-11-15,147.85923767089844,148.95113388414381,147.3621146322042,148.4362661266297,6492500
JPM,2021-11-16,146.79396057128906,148.3119737377473,146.58090205187457,148.30308783344725,9706100
JPM,2021-11-17,146.00392150878906,146.97153711395157,145.04517826442645,146.6608419388863,9909600
JPM,2021-11-18,144.7433624267578,146.34126791104748,144.30837290599322,145.93290901955524,8122500
JPM,2021-11-19,142.8524932861328,143.90888663503773,141.54753838990771,143.18983261989092,12193600
JPM,2021-11-22,145.89736938476562,147.34434954562852,144.69006482715585,145.72869974467815,14549900
JPM,2021-11-23,149.38612365722656,149.6346851771418,146.80284477640728,146.91825317693468,12354400
JPM,2021-11-24,148.21435546875,150.41590646025415,147.75273535025133,149.54594102375142,9629800
JPM,2021-11-26,143.7490692138672,144.38823125913544,140.9882619528493,143.9354971210648,13619300
JPM,2021-11-29,143.127685546875,146.2791073290915,141.8760054491083,144.97415243207675,12104400
JPM,2021-11-30,140.99716186523438,142.59506729066257,140.51778346481132,141.29011232202862,18922600
JPM,2021-12-01,140.16270446777344,144.93866264967122,140.0828125800053,142.9235259138965,12253400
JPM,2021-12-02,143.1099395751953,144.9208899117364,140.97052226797672,141.88487656937767,12969900
JPM,2021-12-03,140.51776123046875,143.660310327492,139.54127340792155,143.36735991705172,12681800
JPM,2021-12-06,142.17782592773438,144.35274620536836,141.55642206920868,142.93238291823405,11186500
JPM,2021-12-07,144.31724548339844,145.0451718589263,143.06555184084783,143.7047139755295,9851600
JPM,2021-12-08,142.6660614013672,144.93863158134326,142.18668308633636,144.39711965989687,11705700
JPM,2021-12-09,142.44415283203125,142.8613705148597,140.8373615345152,141.72508524679222,11189600
JPM,2021-12-10,141.87599182128906,143.54490297320115,141.26346037186278,143.20757721722893,10405400
JPM,2021-12-13,140.1893310546875,141.84937010986525,139.6211884042916,141.59193618595006,12069000
JPM,2021-12-14,141.2634735107422,142.82586231088433,139.6389375511274,139.77209068487107,12563600
JPM,2021-12-15,140.20712280273438,141.90267879784327,139.68336892327952,141.90267879784327,14014200
JPM,2021-12-16,142.3997344970703,143.65142792354268,140.88172130285696,142.3819762337313,19542800
JPM,2021-12-17,139.1595458984375,141.48539092871525,137.75694099263876,141.43212968030053,28082000
JPM,2021-12-20,136.6561737060547,137.33083876838214,134.79194872025192,137.16216911640348,15148000
JPM,2021-12-21,138.56478881835938,139.53240439857666,137.67706512004878,137.96114320539073,11291300
JPM,2021-12-22,139.10629272460938,139.42587377923533,137.81022378599536,138.26295796938717,7273000
JPM,2021-12-23,139.60340881347656,141.2545752554857,139.5590334698338,139.91411749249906,8055200
JPM,2021-12-27,140.4023895263672,140.43789251579588,138.7867258227818,139.9052664008299,6188100
JPM,2021-12-28,140.82850646972656,142.1689645634819,140.33138329709124,140.43790582105865,6342300
JPM,2021-12-29,140.7574462890625,141.7073170054263,140.3934763764977,141.01489370842265,6398900
JPM,2021-12-30,140.6864471435547,142.2488495131852,140.58879699545278,141.24571740501003,6948200
JPM,2021-12-31,140.571044921875,141.40549377176825,140.2248332413656,140.65980915922302,5805900
JPM,2022-01-03,143.544921875,144.37938433363047,141.60080477363516,141.91151349183633,13120900
JPM,2022-01-04,148.9866943359375,149.65248721881213,145.7908830799029,145.86190261288044,20195800
JPM,2022-01-05,146.26292419433594,150.35307235417432,146.21826921434297,149.8708339998956,17539400
JPM,2022-01-06,147.8167724609375,149.4688970905359,146.3432404311652,149.0581041320163,14047500
JPM,2022-01-07,149.28138732910156,149.61180957837593,147.40598760629422,147.95074553516426,13913300
JPM,2022-01-10,149.42430114746094,151.20145203824217,147.82574291076034,150.9871299519168,12922500
JPM,2022-01-11,149.5760955810547,150.49593074021448,148.5222955104893,150.26373034449165,11854100
JPM,2022-01-12,150.42445373535156,151.45144970525382,149.29920867510359,150.44231844512177,12568000
JPM,2022-01-13,150.23692321777344,151.6479356400798,149.9332912555357,150.33515869106003,13623400
JPM,2022-01-14,141.0028533935547,143.80701372863592,140.118734070285,143.56588779923814,40158400
JPM,2022-01-18,135.09088134765625,139.11850821083917,134.43894887756184,139.11850821083917,32324800
JPM,2022-01-19,133.0011444091797,135.948194728272,132.6617966797485,135.3587955658784,22380000
JPM,2022-01-20,131.86700439453125,134.50148394816767,131.5990882170737,133.05475566739287,14860800
JPM,2022-01-21,129.56292724609375,131.7330193351979,128.83956321639238,131.7240937938021,20705400
JPM,2022-01-24,129.4468536376953,129.92016633763484,124.64228141213015,127.0624254247593,28471400
JPM,2022-01-25,130.8578643798828,131.14364528059966,125.73178189423707,128.2858907805646,18915900
JPM,2022-01-26,132.09918212890625,134.4657589703007,130.34882199234275,132.81362067775706,20709100
JPM,2022-01-27,129.76832580566406,134.29606906724538,128.71453957917038,133.43874014209345,17536800
JPM,2022-01-28,130.92930603027344,131.06325730708755,126.96418471517951,128.76813912804664,14117000
JPM,2022-01-31,132.70645141601562,132.87611846705255,129.1967785653274,130.06303303761217,13985700
JPM,2022-02-01,134.98370361328125,135.26948446376548,132.43853434421334,132.78682123900288,14584900
JPM,2022-02-02,133.90313720703125,134.79618199179012,132.23314782010237,134.4032401062111,12441100
JPM,2022-02-03,132.79574584960938,135.43022502268056,132.42959424753613,133.95670669969624,12474900
JPM,2022-02-04,136.24293518066406,137.0823996126492,132.8583008211923,133.1530072894499,16654400
JPM,2022-02-07,136.6983642578125,137.18952796110642,134.71580385407722,136.87697047962678,12572300
JPM,2022-02-08,139.27035522460938,141.52975782547924,138.2433589975901,138.42196525966506,20411400
JPM,2022-02-09,139.850830078125,140.59204531797832,139.154256179702,139.84189090841247,9131100
JPM,2022-02-10,139.27035522460938,142.02093526627363,138.6184362359828,139.90442312577747,16455600
JPM,2022-02-11,137.4574432373047,141.27074805076114,136.6090534689701,138.96669101162917,16830000
JPM,2022-02-14,136.180419921875,137.24313189244884,134.24251414948705,136.3947419739245,17026500
JPM,2022-02-15,138.171875,139.26139060778738,137.3949304832328,137.9843296200318,9500000
JPM,2022-02-16,138.42196655273438,139.4043214434998,137.29673482704487,137.29673482704487,9076500
JPM,2022-02-17,135.23377990722656,137.28778586067935,134.5550707027151,136.63586691247866,11367500
JPM,2022-02-18,135.8678436279297,137.65393333705288,134.96587323046438,135.85891808502598,11733300
JPM,2022-02-22,135.62672424316406,136.8502050191361,134.32288632361673,134.49256703445266,11333500
JPM,2022-02-23,132.78680419921875,136.9037403640847,132.14381099492192,136.7429852496209,11799000
JPM,2022-02-24,129.08963012695312,129.4825720239917,124.829802563923,127.65182743648874,25655100
JPM,2022-02-25,132.14385986328125,134.07284018953146,129.4111445478189,129.71477655469602,18367700
JPM,2022-02-28,126.63375854492188,129.54507976037877,125.81215894350672,128.1965869841619,31315300
JPM,2022-03-01,121.85596466064453,125.4549342452222,119.29293035212139,125.06199233866478,36840400
JPM,2022-03-02,124.38330078125,125.06201004434861,121.99887237628165,122.60613640745652,19405600
JPM,2022-03-03,123.4991455078125,125.90143792994189,122.40070434283946,124.88336751750282,16640800
JPM,2022-03-04,120.02523040771484,120.93614003106849,118.239140588393,120.50748228993073,21016000
JPM,2022-03-07,115.39032745361328,118.49811961886832,115.15812707873793,118.03373249590018,27560100
JPM,2022-03-08,114.57766723632812,117.69438532066783,113.65782523524322,115.77434417201607,19207800
JPM,2022-03-09,119.16790008544922,120.7753834480156,118.27485528699926,118.6856482632882,17536200
JPM,2022-03-10,117.75690460205078,119.17684276534469,116.38162141045717,117.75690460205078,15604200
JPM,2022-03-11,115.10453796386719,119.73944242409165,114.68480583873979,118.31950453361293,20061800
JPM,2022-03-14,116.24764251708984,118.70351577067235,115.40817820648917,115.61358832625403,15786900
JPM,2022-03-15,118.31056213378906,119.26612653670423,117.10495992314627,117.70329825763379,15096600
JPM,2022-03-16,123.59738159179688,123.67776597151604,120.05199302651884,120.4449348765921,20354900
JPM,2022-03-17,125.16021728515625,125.19594670644601,121.38264177726782,122.22210602941672,17050500
JPM,2022-03-18,125.1155776977539,125.78536127509352,123.65098482037587,125.19594845660704,23656500
JPM,2022-03-21,124.71372985839844,125.70501036188816,123.89213008663536,125.33887226513559,12676100
JPM,2022-03-22,127.36605072021484,128.53593728032945,126.56231581492807,127.05349320228457,13548600
JPM,2022-03-23,124.82978820800781,126.44619694938301,124.3118206420964,125.90143913237107,12093200
JPM,2022-03-24,125.64246368408203,125.66032839395895,124.23145139298659,125.29417678877739,10017600
JPM,2022-03-25,126.74093627929688,127.86616799831829,125.7407303068334,125.99970734370899,8383500
JPM,2022-03-28,125.80322265625,125.89253259125137,123.15087838274712,125.02627800351297,10818100
JPM,2022-03-29,126.08003997802734,128.24122007113593,125.24058943466761,128.01795890362126,11316500
JPM,2022-03-30,125.50851440429688,126.91952687081952,124.94590542764549,126.72305591808961,8771000
JPM,2022-03-31,121.73988342285156,125.33885316482775,121.68628928406396,124.87446601615179,17353900
JPM,2022-04-01,120.83787536621094,122.71327467434422,119.48938278389681,122.70433550626453,15721300
JPM,2022-04-04,121.37371063232422,122.29354559974009,118.67671177427587,119.77515295955075,17416400
JPM,2022-04-05,119.96123504638672,121.81454131688663,119.66434417861909,120.61799987256414,12110300
JPM,2022-04-06,118.29688262939453,119.25951644558293,117.82006157251607,118.37784913464786,12914700
JPM,2022-04-07,117.93700408935547,118.68372719621222,115.813795534856,117.81105162119827,12994200
JPM,2022-04-08,120.09619140625,120.46504333323581,118.29686282037471,118.45879580376541,13126900
JPM,2022-04-11,119.65536499023438,121.36472185612202,119.26851588825143,119.65536499023438,10466400
JPM,2022-04-12,118.34185028076172,121.07683777078546,117.58613547211941,118.8816544171002,12989900
JPM,2022-04-13,114.52729797363281,116.28164107013852,113.36672990059992,114.2034181921401,30838000
JPM,2022-04-14,113.4656753540039,115.42694399903974,112.47603903374693,113.80754535125067,18835200
JPM,2022-04-18,115.57090759277344,116.272644803837,112.94388203888276,113.06083595276155,11834400
JPM,2022-04-19,117.9639892578125,118.14393311626505,115.36395974552582,115.5618870075924,15015400
JPM,2022-04-20,118.37783813476562,120.11418376020698,118.16191374636419,119.22352482960204,13430200
JPM,2022-04-21,117.46018981933594,119.48443485637263,116.92039937946697,118.95363611910822,12174200
JPM,2022-04-22,114.08644104003906,117.42420202394086,113.9784857042953,117.20827762466395,14318800
JPM,2022-04-25,114.05045318603516,114.36534121775318,110.75768504496217,113.36671318273149,17149000
JPM,2022-04-26,110.67671203613281,113.7265806825748,110.5417678665557,112.1341708426179,17209500
JPM,2022-04-27,109.23725128173828,111.16253257473028,109.05732114485659,110.05594919150788,17215200
JPM,2022-04-28,110.964599609375,111.24350023028722,108.98534074970415,110.48777859361121,13015600
JPM,2022-04-29,107.38394927978516,111.2075231915258,106.97010445653474,110.70371329607225,14874800
JPM,2022-05-02,108.36458587646484,108.5985005674857,106.35833789270694,107.85177738792764,18545000
JPM,2022-05-03,110.68571472167969,111.71133163200636,108.66146973594628,109.33621806452409,15720900
JPM,2022-05-04,114.34733581542969,114.61723786198235,110.42479875852437,110.4787832861714,17128500
JPM,2022-05-05,111.48640441894531,113.44767297323389,109.9030001075869,112.68295964978665,15055400
JPM,2022-05-06,111.30648803710938,111.81929650451255,109.02133948611598,111.37846284121036,14417900
JPM,2022-05-09,109.63310241699219,110.95561016010113,108.4095583052652,109.85801851306121,14312300
JPM,2022-05-10,106.96109008789062,111.36044804845142,105.76453489907055,110.75767460345868,16382400
JPM,2022-05-11,106.2863540649414,110.5597600613588,106.10642392643965,107.32996808715706,14630300
JPM,2022-05-12,106.1963882446289,106.44829318230772,103.79428590675552,105.26073643046848,16318800
JPM,2022-05-13,107.14102935791016,108.18464334933826,106.12441106396625,107.42892855325138,10443200
JPM,2022-05-16,106.39431762695312,107.47391219955917,105.46766436041887,106.64622256963487,10269000
JPM,2022-05-17,109.9210205078125,110.6317563616345,108.68847754147873,108.89540341847345,11160200
JPM,2022-05-18,108.04070281982422,109.73207641494254,107.53689291348013,109.12930286786727,12664900
JPM,2022-05-19,106.43929290771484,107.64484677226233,105.82752084150299,106.33133757266812,12765800
JPM,2022-05-20,105.5666275024414,107.6628474023523,103.47940616928206,107.47391868394206,13150100
JPM,2022-05-23,112.09819030761719,113.87053039147749,108.364581427024,108.37357999351177,24376700
JPM,2022-05-24,113.68160247802734,114.6982208536512,110.75769296339475,111.88227354594575,19324900
JPM,2022-05-25,114.47330474853516,115.03109918853824,112.61099957820115,113.60962768471744,12780400
JPM,2022-05-26,116.45256042480469,117.1273087149103,115.34597707281246,115.48991294158193,15990900
JPM,2022-05-27,118.09895324707031,118.09895324707031,116.18266362351555,117.10032518338836,11177800
JPM,2022-05-31,118.96261596679688,119.79030554101354,116.69547163525124,117.11830126017365,17015000
JPM,2022-06-01,116.87538146972656,119.53837985866656,115.75979290108135,119.53837985866656,10768000
JPM,2022-06-02,118.75572204589844,118.76471374950293,115.75983741058735,116.8664209767788,8374800
JPM,2022-06-03,117.1003189086914,118.54877910852959,116.94737761153944,118.04496925254918,8596000
JPM,2022-06-06,116.71345520019531,119.10656572570545,116.47055570362924,117.93699929590217,11323500
JPM,2022-06-07,117.01936340332031,117.24427951928476,115.71483894849432,115.90377452613217,6722200
JPM,2022-06-08,115.15704345703125,116.46155409438506,114.16741398760132,116.0567078590393,8422100
JPM,2022-06-09,112.7369384765625,115.24700972232138,112.70095107858411,114.59025172103082,13560100
JPM,2022-06-10,107.55487060546875,111.01857681328936,107.3479447948261,110.28984405745564,12945200
JPM,2022-06-13,104.35206604003906,106.11540734246348,103.51537791993975,105.13477649558172,16805600
JPM,2022-06-14,102.61573028564453,105.54863846644824,101.86001540317109,103.95623532758184,13357900
JPM,2022-06-15,103.83026123046875,105.21573822655722,101.81500823564306,104.01918991175354,14083500
JPM,2022-06-16,102.04893493652344,102.79565804880956,100.64546064462745,102.43579090978898,16724900
JPM,2022-06-17,101.68905639648438,103.12851792728455,100.90635283555547,102.1478871188905,30919900
JPM,2022-06-21,104.20812225341797,105.28771671693652,103.49738660044214,104.24410965072114,11680500
JPM,2022-06-22,103.62334442138672,104.54099907647512,102.91260873163154,103.353442359593,9842700
JPM,2022-06-23,102.4897689819336,103.62334807194982,100.29459246666248,103.47040676802952,11851500
JPM,2022-06-24,105.54862213134766,105.99845431002949,101.50913108867529,101.8689982043996,14841100
JPM,2022-06-27,104.70293426513672,106.61022515236665,104.03718457004187,106.21437064311846,11280500
JPM,2022-06-28,104.19914245605469,107.32097937948275,104.00121516718443,105.86352041371619,11590900
JPM,2022-06-29,103.73130798339844,105.09879485020168,103.21849955036039,104.36107031734178,9338400
JPM,2022-06-30,101.31121063232422,102.63371842464491,99.79977413594268,101.8150205098198,15172600
JPM,2022-07-01,102.60674285888672,102.93961434360797,100.00671290446905,101.34721113837712,10573600
JPM,2022-07-05,102.21644592285156,102.29812862202492,99.20313957412496,100.53733879955958,12514200
JPM,2022-07-06,101.55388641357422,102.55226983215822,100.55550299499022,101.40867040658897,10656200
JPM,2022-07-07,104.12245178222656,104.28582410524803,102.92439038827249,103.01515125114886,10347400
JPM,2022-07-08,103.79570007324219,104.96653382112312,103.11498326107487,104.52180077606447,8807800
JPM,2022-07-11,102.43427276611328,103.67771804588263,101.85339493787605,103.06053448780433,7939500
JPM,2022-07-12,102.53409576416016,104.53994028321375,101.88968474058619,102.18012360930416,11250900
JPM,2022-07-13,101.5720443725586,102.08938895660343,100.18337603417554,101.42682143863202,12979900
JPM,2022-07-14,98.02322387695312,98.23198008574157,96.26243412106608,98.01414571362936,26204800
JPM,2022-07-15,102.5159683227539,103.36005760475044,97.7237221764294,99.07608481534061,18863900
JPM,2022-07-18,101.46311950683594,105.13898645536467,101.00930825951559,104.16783066308354,13977900
JPM,2022-07-19,103.97723388671875,104.32213487677055,102.26182787440001,102.6793334034956,11862300
JPM,2022-07-20,103.95909118652344,104.14061293275311,102.99701346720677,103.55973503528523,11667500
JPM,2022-07-21,104.66702270507812,104.8576225923545,102.89716166279044,103.86831742630905,11595900
JPM,2022-07-22,104.15875244140625,105.51110792887272,103.16944038777078,104.5944073318473,7645500
JPM,2022-07-25,104.5762710571289,105.70172107742037,104.16783675588512,105.13899260496939,9394000
JPM,2022-07-26,102.94253540039062,104.90300319303206,102.5885632030431,103.99538075375946,10675100
JPM,2022-07-27,104.59441375732422,105.04822500210126,102.83363083632409,103.4780419729543,9337400
JPM,2022-07-28,104.20414733886719,105.26607103183923,103.04239153164012,104.60350349433055,10384800
JPM,2022-07-29,104.70333862304688,105.73802778300616,104.18599404306724,104.91208793316274,12944500
JPM,2022-08-01,103.65955352783203,104.47641507318562,102.62486454525394,103.92276485492427,14740400
JPM,2022-08-02,102.04400634765625,103.83202392770305,101.89878341189517,103.3963620450305,14942900
JPM,2022-08-03,103.114990234375,103.55972330950938,101.39050614200849,102.96976731414584,14394500
JPM,2022-08-04,101.98045349121094,102.85177016488359,100.76423587354057,102.42518652863971,18033900
JPM,2022-08-05,105.06639099121094,105.45666897459219,101.69911207627526,102.1347670335409,14174600
JPM,2022-08-08,103.78661346435547,105.91952458398814,103.63231932805981,105.5110972997681,10332500
JPM,2022-08-09,104.72148132324219,105.2751316009744,103.80478758600896,104.14968164237897,10233800
JPM,2022-08-10,107.45343017578125,108.3429032970684,106.64564668253766,107.063152213065,12847300
JPM,2022-08-11,109.04176330566406,110.00384091075784,108.28843499148952,108.8239358511279,11684900
JPM,2022-08-12,110.84794616699219,110.95686337236488,108.40644607023346,109.52281799570703,9906700
JPM,2022-08-15,111.14745330810547,111.38343710291792,109.45927486177466,109.94939185502653,8456200
JPM,2022-08-16,112.2093734741211,112.76302378413506,110.61196277026787,110.99316257973668,9555000
JPM,2022-08-17,111.26544189453125,111.78279338084268,110.44858716261082,111.00223745622554,8149300
JPM,2022-08-18,110.4031982421875,111.15652656473851,109.41389305985257,110.9477703468881,9531800
JPM,2022-08-19,107.6712417602539,109.81323115715739,107.1992811637235,109.47741530420994,13464500
JPM,2022-08-22,105.8923110961914,106.33705108878003,104.83039447638889,105.96492255513769,8967600
JPM,2022-08-23,104.84855651855469,106.45505234951126,104.72148991238544,105.91048019098439,7607000
JPM,2022-08-24,105.10267639160156,105.65632660799926,103.87738061539099,104.63978703002445,9771300
JPM,2022-08-25,107.5986557006836,107.77109927585279,104.99377649832141,105.4294383676452,10758900
JPM,2022-08-26,104.07707214355469,108.9056236468533,104.01353884448274,108.42458482179282,11276200
JPM,2022-08-29,103.82294464111328,104.24952835453824,102.97885537880298,103.46897239478419,8117300
JPM,2022-08-30,103.84109497070312,104.90301164833747,102.88808856280961,104.37658892922275,10745400
JPM,2022-08-31,103.22392272949219,104.4038279705531,102.86994354010181,103.90463968862345,10738300
JPM,2022-09-01,103.9318618774414,104.04077215351198,101.57204459290033,102.82456123998635,9979800
JPM,2022-09-02,103.20576477050781,106.60027134757371,102.7338040664549,105.16623290567586,10666600
JPM,2022-09-06,103.23299407958984,104.14969485775177,101.7172659775536,103.76849502213983,9751900
JPM,2022-09-07,105.19345092773438,105.38405082502955,102.34351678313175,102.67933268210457,10647900
JPM,2022-09-08,107.6440200805664,107.81647056017205,104.04075788310112,104.63071385446968,11435000
JPM,2022-09-09,108.161376953125,108.96008922393946,107.70756568092969,108.13414938473096,9299700
JPM,2022-09-12,109.44112396240234,110.32151890539954,108.72410134825628,109.4774296937704,8614600
JPM,2022-09-13,105.63819885253906,107.93448303112473,105.08454848640443,107.16300516958653,12904600
JPM,2022-09-14,105.39313507080078,106.95424007081796,104.26767810095566,105.91955089744567,9345700
JPM,2022-09-15,106.9814682006836,108.35197321088188,105.06638414248548,105.39312880144128,10821400
JPM,2022-09-16,106.26445007324219,106.55488901296111,104.71241633993696,106.54581084854817,14844100
JPM,2022-09-19,107.24468231201172,107.76202688119582,104.83948120367455,105.28421430798113,8201300
JPM,2022-09-20,105.1299057006836,106.81808394188472,104.04983281394483,106.5639507743249,9619000
JPM,2022-09-21,102.09846496582031,105.82879442883322,102.03493166041227,105.77433928837232,12606300
JPM,2022-09-22,100.93670654296875,103.10592396061821,100.80963993542022,102.90624588458174,11684500
JPM,2022-09-23,99.05792236328125,100.1470666293607,97.26083363178914,99.88386218933628,18138600
JPM,2022-09-26,96.92501831054688,99.48451376623828,96.26245076554312,98.02324082588356,15753600
JPM,2022-09-27,96.07183837890625,98.17752226112906,94.98269416984998,97.79632248042036,12793600
JPM,2022-09-28,98.01414489746094,98.6857904856329,95.88123355837669,96.16259429758328,12762600
JPM,2022-09-29,96.35321044921875,97.36974324411146,94.75579286845979,97.07022614935472,12713900
JPM,2022-09-30,94.84654998779297,97.67833464296756,94.75578912392284,96.26243885307524,15973400
JPM,2022-10-03,97.7781753540039,98.3499750383792,94.8102458896218,95.8630913175498,12248100
JPM,2022-10-04,102.35259246826172,102.5522705382755,99.71141443432558,100.39213135049404,16013600
JPM,2022-10-05,101.0888671875,101.60168102153392,99.66031037179722,100.5027922381571,10943500
JPM,2022-10-06,99.02845001220703,100.90572600519454,98.84530420211476,100.23723052388458,11521400
JPM,2022-10-07,97.0504379272461,98.6346692694972,96.40025430458641,98.46067587865328,11681100
JPM,2022-10-10,96.14385986328125,98.26838343772174,95.7134595164074,97.73725778403534,8931700
JPM,2022-10-11,93.36915588378906,95.73177451175344,93.26842359438685,95.57609987779172,12739700
JPM,2022-10-12,94.88013458251953,95.90576927707119,92.74645167540932,93.22264195688732,13181000
JPM,2022-10-13,100.15480041503906,100.64014301929672,93.18599660094291,93.38746115061146,22398700
JPM,2022-10-14,101.82145690917969,105.53021152133871,101.39105662147124,102.52657587932734,33387100
JPM,2022-10-17,106.09798431396484,107.15109015904487,104.68773925856723,105.68590275946444,22276300
JPM,2022-10-18,108.8268814086914,110.01734995719536,107.10528729516861,109.57779728362365,21539700
JPM,2022-10-19,106.69322967529297,108.81775337066692,105.92400184449335,108.04852553986728,17072000
JPM,2022-10-20,106.3452377319336,108.70785647438998,105.90568498102753,107.28845894082309,12207400
JPM,2022-10-21,111.9312515258789,112.07776674873014,106.52836731857221,106.64741137379906,20593300
JPM,2022-10-24,112.06861877441406,112.72795481078448,111.10709287684404,111.78474069797399,12624200
JPM,2022-10-25,112.36164855957031,112.88362172160647,110.70415618279235,111.5832685090341,11289100
JPM,2022-10-26,113.65287017822266,114.6510267463944,112.5265031557678,112.63639483662547,11667000
JPM,2022-10-27,114.10157012939453,115.56675745152576,113.74443093795517,114.6510145018732,10727600
JPM,2022-10-28,115.45687866210938,115.6400244667623,113.59792149728024,114.7334408565705,11859500
JPM,2022-10-31,115.27371978759766,116.69312415172827,115.00815349427032,115.10888577748291,13295200
JPM,2022-11-01,117.35246276855469,117.47151383290596,115.68581773328512,116.18031980392584,13386900
JPM,2022-11-02,116.27188110351562,119.37624908165756,115.96968425941513,116.89458657625418,16546100
JPM,2022-11-03,116.48250579833984,117.37993001810507,115.3012034867295,115.66749509431108,12474400
JPM,2022-11-04,119.66925811767578,119.80662791663934,117.63632202964718,118.57953596206892,14953200
JPM,2022-11-07,120.30115509033203,121.14363698512378,119.4861443680671,119.96233464708139,12011200
JPM,2022-11-08,120.37442779541016,120.93303164577641,119.17480656916398,120.18212956921158,9884100
JPM,2022-11-09,118.8084945678711,120.35608840558159,118.33230432458333,120.2553700959593,9494000
JPM,2022-11-10,123.69856262207031,123.85423725089672,121.36341524341654,121.45499513008096,16351600
JPM,2022-11-11,123.90003204345703,124.69672399072881,122.50809875582763,123.79929975343525,10704700
JPM,2022-11-14,122.62715148925781,124.29379652408163,122.62715148925781,123.44216222030933,11085600
JPM,2022-11-15,121.73886108398438,124.2754727820005,120.51176897449375,123.33224475737065,14038300
JPM,2022-11-16,121.90369415283203,122.30662327701408,120.90553771446262,121.793809472829,7893400
JPM,2022-11-17,121.37257385253906,121.69308949913398,120.21874267643067,120.87807876938678,8820200
JPM,2022-11-18,122.56304168701172,123.3231100656975,121.13448482032692,123.23154414814023,9468500
JPM,2022-11-21,121.83959197998047,123.22235868712089,121.56486632360674,122.47145679770185,7800500
JPM,2022-11-22,123.66191101074219,123.87254193148381,122.42566652017736,122.70954457416349,9185700
JPM,2022-11-23,124.98062896728516,124.99894774390053,123.49712944348519,123.57039057681429,7316200
JPM,2022-11-25,125.21868896484375,125.58498053497402,124.59597652786903,124.98058686844412,3220500
JPM,2022-11-28,123.03005981445312,125.19121354026677,122.88353760213049,124.60513866410344,9906900
JPM,2022-11-29,125.05387115478516,125.12713227701508,123.08502914745303,123.3139649144977,7925300
JPM,2022-11-30,126.53736114501953,126.53736114501953,121.96781251377331,124.6234616268747,14761200
JPM,2022-12-01,124.76083374023438,126.97693016591022,124.01907015859663,126.53736345683684,8858500
JPM,2022-12-02,123.77182006835938,123.94581346398753,122.10516119774077,123.15827397065328,8931900
JPM,2022-12-05,120.30115509033203,123.23154390906964,119.59604303130392,122.92934703814497,10154500
JPM,2022-12-06,120.50261688232422,123.72603612446282,118.92753781929792,122.15095706143653,13966700
JPM,2022-12-07,120.4201889038086,121.86706433319239,119.34877140934849,120.24619552064263,11739400
JPM,2022-12-08,121.6839370727539,121.77550299095422,120.35609851411807,121.18027561669854,8907300
JPM,2022-12-09,121.02458953857422,122.4897698494312,120.87806731555004,121.06121310776614,7957800
JPM,2022-12-12,122.90186309814453,123.30477824439174,120.51177352469429,121.24435668014594,8841600
JPM,2022-12-13,122.7828369140625,125.53921862347461,121.86709381115911,125.3560727975201,10025400
JPM,2022-12-14,122.16928100585938,124.27549276983027,121.57403965238406,122.50810145561336,9966100
JPM,2022-12-15,119.1381607055664,120.95132779332344,118.17662783505968,120.09967960294495,12087800
JPM,2022-12-16,118.39640808105469,118.95501187828005,117.6088685304276,118.2682046180749,21133700
JPM,2022-12-19,119.10152435302734,120.2645217974707,118.21325258477675,118.72606639466815,9017200
JPM,2022-12-20,119.67845153808594,120.92386254196667,119.22973245038584,119.9348584530206,8549900
JPM,2022-12-21,121.02458953857422,121.77549147859867,120.66745035315796,121.04289433660604,8051700
JPM,2022-12-22,119.65098571777344,120.2370606885674,117.5905639336046,120.05391488015606,8648200
JPM,2022-12-23,120.21873474121094,120.36525696844745,118.71691684485835,119.57771746346202,5091900
JPM,2022-12-27,120.6399917602539,121.07954450202355,119.55025531923499,120.48431712198402,5411000
JPM,2022-12-28,121.29930877685547,122.16926172356504,119.97147041421042,120.74070505770467,8827700
JPM,2022-12-29,121.99530029296875,122.0410902438685,121.16197069523953,121.72972696162897,6585200
JPM,2022-12-30,122.8011245727539,123.01174152057808,121.28098805356119,121.61980844438189,9292500
JPM,2023-01-03,123.73518371582031,125.21869680593807,122.60882379266664,123.84508237224334,11054800
JPM,2023-01-04,124.8890380859375,126.07949283864728,124.14728847218983,124.53189886549863,11687600
JPM,2023-01-05,124.8613510131836,125.19345415723286,123.33920573781509,125.14732598349279,8381300
JPM,2023-01-06,127.25064086914062,127.6565462748384,124.06799395823543,125.58090514907298,10029100
JPM,2023-01-09,126.72479248046875,128.11778717358982,126.27277302224822,127.85948631850927,8482300
JPM,2023-01-10,127.8594970703125,127.97019342427247,126.66945495987473,127.11225445205662,9048700
JPM,2023-01-11,128.80967712402344,128.92037347696242,127.39824231868354,128.13623677339942,8703700
JPM,2023-01-12,128.6805419921875,129.94437242636852,128.43146109210693,129.15101562447867,11001700
JPM,2023-01-13,131.927734375,132.37054791484914,124.35395902005588,125.09196751012998,20200000
JPM,2023-01-17,129.88897705078125,130.5716231621965,128.44063443085926,130.23030010648887,14292900
JPM,2023-01-18,125.98680877685547,129.8244278394277,125.8392042538952,128.15469214292324,13392600
JPM,2023-01-19,124.30783081054688,125.36870833720619,123.2377192040971,124.83366661032244,13303400
JPM,2023-01-20,124.6122817993164,124.99051315250682,123.20084682408736,124.68608406893968,13092500
JPM,2023-01-23,126.63257598876953,127.26910825273292,124.37243600869981,124.64917692664585,10487100
JPM,2023-01-24,127.72112274169922,129.41853266077536,124.5384756243457,125.84843419730726,6945000
JPM,2023-01-25,128.33920288085938,128.33920288085938,126.61411884438579,127.35212745255436,8967000
JPM,2023-01-26,129.132568359375,129.20637063279165,127.63811103263491,128.61596652180285,7487600
JPM,2023-01-27,129.44622802734375,130.31337304468045,128.92039212215033,129.71374894441735,7489900
JPM,2023-01-30,128.3484344482422,129.23403349962402,128.14548173306235,128.44067672474193,6729300
JPM,2023-01-31,129.1141357421875,129.21561211440354,127.536641969801,129.04033346454446,9188700
JPM,2023-02-01,128.7727813720703,129.962823586279,127.4166946124427,127.49973096149544,8841800
JPM,2023-02-02,128.1731414794922,129.5753562429886,127.30598253465021,129.15099677428282,11822100
JPM,2023-02-03,130.15652465820312,131.3004385410896,127.42591149773286,127.47202559211956,11501200
JPM,2023-02-06,130.9222412109375,131.21745031910532,129.17870288531327,129.36320153974563,8406200
JPM,2023-02-07,132.5181427001953,133.15467486781688,130.23954897835594,130.42406166418485,10447900
JPM,2023-02-08,131.58642578125,132.8779302241988,131.25432262787135,131.5956457857201,6958000
JPM,2023-02-09,129.53846740722656,132.23218690992869,129.03108560033974,132.02923418717396,6443100
JPM,2023-02-10,130.11041259765625,130.33181939876073,127.8502727155443,128.9480585636298,6582900
JPM,2023-02-13,131.5218505859375,131.66944103130464,129.83366081928747,130.35026256892732,7134600
JPM,2023-02-14,132.10299682617188,132.6657266474746,130.62699410279743,131.45724475492435,9249400
JPM,2023-02-15,132.6565399169922,132.73956218775996,130.35027188671188,130.63624687025177,6728300
JPM,2023-02-16,130.82997131347656,132.27830022529912,130.70080679865134,131.83550073283425,8165300
JPM,2023-02-17,131.2174530029297,131.76172897135817,129.21561370488698,130.05508471117597,7948800
JPM,2023-02-21,128.80967712402344,130.3871564587718,127.99786633222567,129.7875324452297,9996300
JPM,2023-02-22,127.82259368896484,128.62517043791877,126.78939014306161,128.15469683962553,11107500
JPM,2023-02-23,128.84658813476562,129.30784176770013,127.25065450618847,127.97942905263373,8068000
JPM,2023-02-24,130.00894165039062,130.40562709266814,128.16392712676847,128.3299857535932,9126900
JPM,2023-02-27,131.1436309814453,132.2045086636795,130.73772554869174,131.09750280475183,10014700
JPM,2023-02-28,132.2414093017578,132.61962654587361,130.90376263556865,131.8631779812996,11019800
JPM,2023-03-01,131.50340270996094,132.34288763092906,130.81152231767038,131.0882772898551,7139200
JPM,2023-03-02,130.1381072998047,131.39270367337005,128.726658226856,131.217439116247,11106800
JPM,2023-03-03,132.52737426757812,132.6011765252421,130.1473042441955,130.54397554325527,9513100
JPM,2023-03-06,131.7524871826172,132.87793303450798,131.60488264991764,132.3244371513992,9261300
JPM,2023-03-07,127.8779525756836,131.28200663590334,127.13072394321463,131.00525164112202,11747600
JPM,2023-03-08,127.1214828491211,127.85025727401231,126.28199799887747,127.30598145625316,10002500
JPM,2023-03-09,120.23958587646484,126.70637040071524,119.20638230996192,126.16208045104264,25888100
JPM,2023-03-10,123.29307556152344,124.77831264323943,117.91486420009788,118.96652883128668,37599700
JPM,2023-03-13,121.0790786743164,123.50527728856319,119.38166868303325,121.04218457726407,42901100
JPM,2023-03-14,124.18793487548828,125.02741994179004,121.11598371273358,124.79679310443318,29648100
JPM,2023-03-15,118.3207778930664,120.83923288599676,116.90934992815797,120.82999880439688,34280600
JPM,2023-03-16,120.6178207397461,121.72482660430684,116.25435842995631,118.09014585331869,24558500
JPM,2023-03-17,116.06063842773438,118.523731171571,115.72853524450113,118.43148888954974,38396000
JPM,2023-03-20,117.28755950927734,119.43700287665557,116.2451289544415,117.14918202793817,22875500
JPM,2023-03-21,120.43333435058594,121.5218862397595,120.10123114982464,120.47022845007287,17807800
JPM,2023-03-22,117.324462890625,120.53479095895408,117.23221358068643,120.4425346108443,17250200
JPM,2023-03-23,117.01081085205078,119.49235749309963,116.25435522322675,117.98867327821704,16677600
JPM,2023-03-24,115.23038482666016,115.9407123176095,113.56986894913054,115.89458413950018,22311100
JPM,2023-03-27,118.532958984375,119.35398985556544,116.5034388565988,116.96469247134272,18853900
JPM,2023-03-28,118.89273071289062,119.31707613597284,117.84106604505389,118.73590618033046,10820500
JPM,2023-03-29,119.13256072998047,120.12887004030037,117.86872352865781,120.0181736979339,14595300
JPM,2023-03-30,118.77281188964844,120.03664235445191,117.75805529278875,119.87981780655501,12134700
JPM,2023-03-31,120.21190643310547,120.23958052195135,118.86505385479836,119.61228240632168,13105200
JPM,2023-04-03,120.07353973388672,121.25434781594711,119.38165933847588,119.84291293541644,11775400
JPM,2023-04-04,118.46837615966797,120.47021514899892,117.53664892978881,120.38719287706124,11579900
JPM,2023-04-05,118.64501953125,119.14707668722164,117.57580902387382,117.89192670388562,9614700
JPM,2023-04-06,118.51486206054688,119.08200834987258,117.94771577122117,118.0778797956493,8760200
JPM,2023-04-10,118.90534973144531,119.22146032380778,117.35267385939126,117.65019263184118,9477300
JPM,2023-04-11,119.49110412597656,119.88159621491059,118.5799488250562,119.28655862413275,10516300
JPM,2023-04-12,119.47249603271484,121.26690103116188,119.06340506045575,120.10471721761407,11821000
JPM,2023-04-13,119.9280776977539,119.9745537010394,117.919820654687,119.43531289368853,12450200
JPM,2023-04-14,128.98382568359375,129.34642652580754,125.42289218861391,125.65532898969498,43931300
JPM,2023-04-17,130.00653076171875,130.22036860936103,127.98898138025827,130.11809586712968,16050500
JPM,2023-04-18,131.46621704101562,131.8195254325071,129.26272124249093,130.41561260269637,13760100
JPM,2023-04-19,131.29888916015625,131.55921721829318,130.53648971360158,131.30818152408432,9158100
JPM,2023-04-20,130.9176483154297,131.49408680784185,130.01579275915282,130.08088184665004,10586200
JPM,2023-04-21,130.66664123535156,131.19660385164096,129.0302915712904,129.922854961478,11842500
JPM,2023-04-24,130.84329223632812,131.18730827572392,130.20176453203194,130.5922707591097,7567500
JPM,2023-04-25,127.99828338623047,130.1274122203145,127.96109974389691,129.79270269205225,10629300
JPM,2023-04-26,125.72969818115234,128.128447436302,124.58611320390236,127.95179321485382,14416100
JPM,2023-04-27,127.42183685302734,128.22141988860258,126.12948901275256,126.4455996069345,9041100
JPM,2023-04-28,128.52822875976562,128.60261022124138,126.13877219035167,126.96624644240126,9887300
JPM,2023-05-01,131.28030395507812,133.29785370973943,130.9363020252192,132.26583373334603,20415800
JPM,2023-05-02,129.1604766845703,132.40529945357613,128.7048954586178,131.46624572118586,14113400
JPM,2023-05-03,126.4269790649414,128.92800048742873,126.22243361268366,128.71416267345447,12930900
JPM,2023-05-04,124.69766998291016,126.18527093974366,122.54995656425722,125.47866828799553,17089200
JPM,2023-05-05,127.13361358642578,128.1935246297932,126.36192185155446,126.85468664094724,11261400
JPM,2023-05-08,127.4404296875,128.27719632320026,126.8918681686871,127.83092172994768,7484900
JPM,2023-05-09,126.82682037353516,127.3288776249441,125.71112655843577,126.38053149804215,7343600
JPM,2023-05-10,126.89190673828125,128.36090916551427,125.39501302716808,128.258636395681,8133400
JPM,2023-05-11,126.49211120605469,127.19871398090439,125.42289339867627,125.51587379473234,7057300
JPM,2023-05-12,124.6790771484375,127.36604538453714,123.77722143236268,127.2079900985093,9988600
JPM,2023-05-15,125.72969818115234,126.13878918096603,124.54892956156252,124.83714889684532,7639500
JPM,2023-05-16,124.88363647460938,126.38982222709488,124.54892695329985,125.9435475942871,6477200
JPM,2023-05-17,128.72349548339844,128.85365952238953,125.94356046777068,126.35263731401683,12711500
JPM,2023-05-18,129.69973754882812,129.91357543771105,128.08197227429838,128.55615243737296,10999600
JPM,2023-05-19,129.4021759033203,130.62015634556295,128.4259529385829,129.96932211998757,13492200
JPM,2023-05-22,128.3330078125,131.6893958486409,127.98900588042339,131.09435819452145,11402500
JPM,2023-05-23,126.99413299560547,129.26271783242626,126.87327553866224,127.87738976422008,9514900
JPM,2023-05-24,125.83198547363281,126.77103924631842,125.59025630344925,125.88776803699696,8578000
JPM,2023-05-25,126.13876342773438,126.69661725664287,125.12534268580241,125.34848705472824,8472500
JPM,2023-05-26,127.319580078125,127.93321661684016,126.10161355198235,126.5478882224952,8579900
JPM,2023-05-30,127.80303192138672,128.04476103992013,126.46419393944916,127.18939548186306,7399900
JPM,2023-05-31,126.17597961425781,127.2265841438539,124.95799905009046,127.12431139989525,14219900
JPM,2023-06-01,127.91461944580078,128.51894944147116,125.93425340148839,126.92908969935189,12248100
JPM,2023-06-02,130.6016082763672,131.5406479702291,129.55098925612825,129.7555348031981,12922500
JPM,2023-06-05,129.31854248046875,130.26688865425152,128.4259930589933,130.26688865425152,8511900
JPM,2023-06-06,129.5509490966797,130.25756592635653,128.50034458893558,128.93731264569107,9329500
JPM,2023-06-07,130.80612182617188,131.34537684682581,129.076791651942,129.74621069918032,9281400
JPM,2023-06-08,130.84329223632812,130.99205516218504,129.6811084783462,130.78750968583515,7368100
JPM,2023-06-09,131.10362243652344,131.83813052835976,130.35983616853576,130.49000018411496,7249100
JPM,2023-06-12,131.09432983398438,131.39185569008666,129.94143842180847,131.15941893506186,7596600
JPM,2023-06-13,132.04270935058594,132.8329860065813,130.2947799684501,130.61089063084825,7701600
JPM,2023-06-14,131.5499267578125,133.5209861370307,130.81541857922923,132.95383981928003,9068700
JPM,2023-06-15,133.03750610351562,133.32572542805949,130.1924823122168,130.71313840646567,9343100
JPM,2023-06-16,133.19557189941406,133.85569861958822,132.48896917108857,133.0003329420945,13813500
JPM,2023-06-20,132.51687622070312,132.95385856912745,131.1315476919943,132.59125770413888,8428600
JPM,2023-06-21,132.3216094970703,133.90217667494477,131.7358643045841,132.8608503119899,9926500
JPM,2023-06-22,129.7741241455078,132.5819648406862,129.1883788324124,132.31233019089228,10075200
JPM,2023-06-23,129.09539794921875,129.40220202550213,127.95179873580885,128.80716441468397,9919500
JPM,2023-06-26,129.41151428222656,130.1738996046303,128.01689349037008,129.11398837029202,8429700
JPM,2023-06-27,129.42080688476562,130.01584452291195,128.80717033038513,129.23486028287297,8154000
JPM,2023-06-28,128.8536376953125,129.43009050189633,128.26790671248017,129.3836003129569,7558600
JPM,2023-06-29,133.35362243652344,133.4744941017453,130.02514023569887,130.22968573677505,15423200
JPM,2023-06-30,135.22239685058594,135.74305286566013,133.5674484368948,134.44141282797466,14212800
JPM,2023-07-03,136.3102264404297,137.11910189866717,135.74308012722005,135.9197343507007,8021600
JPM,2023-07-05,135.40216064453125,136.14169879641477,135.14004477164264,135.68300316098157,8934900
JPM,2023-07-06,134.06350708007812,134.2320040302401,132.40654898226205,133.8856396654107,9709500
JPM,2023-07-07,135.12130737304688,136.52550555928698,133.8668937548906,134.7187774160945,8981500
JPM,2023-07-10,135.8795623779297,136.6659241619379,135.27108225449538,135.27108225449538,9100100
JPM,2023-07-11,138.00462341308594,138.37908490759793,136.40384516231424,136.99359880427176,11260900
JPM,2023-07-12,138.68800354003906,140.29815234336888,137.6114570388081,138.03271374432256,11323200
JPM,2023-07-13,139.36199951171875,139.83006562336877,138.31353599258082,139.20285874786703,11234900
JPM,2023-07-14,140.2045440673828,143.12527238693303,138.93140351809885,141.87085848397194,27028400
JPM,2023-07-17,143.58396911621094,143.93033347784979,140.74748954065532,140.74748954065532,17262400
JPM,2023-07-18,143.8460693359375,144.53879798376371,143.05972175958414,143.58395347715305,13491700
JPM,2023-07-19,144.3983917236328,145.2970849199136,142.49804450203536,142.99419342486166,12510000
JPM,2023-07-20,146.17703247070312,146.58893291052811,144.54817163861398,144.66050292793233,9935900
JPM,2023-07-21,145.05368041992188,146.16768001485138,144.81029119211755,145.84939849751257,10636400
JPM,2023-07-24,147.9088897705078,148.64842793429298,144.84773343199822,145.07241030562304,14381400
JPM,2023-07-25,146.8042755126953,147.64678887686114,145.99920115581102,147.25361502130073,9944700
JPM,2023-07-26,147.68421936035156,148.14292930748638,146.29874762297274,146.70129192030421,8728600
JPM,2023-07-27,146.0553741455078,148.6390943050811,145.6153907955602,147.69360576809055,10778400
JPM,2023-07-28,146.88851928710938,147.53445284492707,146.4485359733566,147.234883659289,9103800
JPM,2023-07-31,147.87147521972656,149.2007814689445,147.1131960024418,147.14127883075832,8892700
JPM,2023-08-01,147.14126586914062,147.90890120016138,146.17705075722094,147.37529894065986,6853900
JPM,2023-08-02,145.4749755859375,145.7464619929468,144.1082302215545,145.62476020468418,8299400
JPM,2023-08-03,146.36428833007812,146.897876304198,144.4920237619121,145.10050403286803,6084000
JPM,2023-08-04,146.0553741455078,147.7216885960237,145.75580493522597,146.41109472740982,6209400
JPM,2023-08-07,146.7481231689453,147.6280899901012,146.598352827412,146.598352827412,7251800
JPM,2023-08-08,145.92428588867188,146.01789053426512,142.8444030785175,144.46392200237997,8623400
JPM,2023-08-09,143.96775817871094,145.58727709541188,143.66820331619675,145.4000535208101,6277800
JPM,2023-08-10,143.75245666503906,145.51238975141104,143.31247339344608,144.520091916497,5995100
JPM,2023-08-11,144.5856170654297,144.65115317660656,142.88186387000218,143.25631104053193,5180700
JPM,2023-08-14,144.88519287109375,145.02560699541831,143.15334248845306,143.7992760288352,5044300
JPM,2023-08-15,141.1968231201172,143.48098800077395,140.63513807973655,143.0878141862051,10300300
JPM,2023-08-16,140.5977020263672,141.3185278436564,140.12026544675294,140.9815196692057,6978200
JPM,2023-08-17,139.13735961914062,141.59937805479146,138.92203888799807,141.2436574651906,9953900
JPM,2023-08-18,139.45562744140625,139.95177640901298,138.0233461901272,138.21992597052116,8517500
JPM,2023-08-21,139.93304443359375,140.5134561406489,138.56629935066977,140.09218520164686,8327000
JPM,2023-08-22,137.03102111816406,140.0828066162515,136.5348722488115,139.72707184794504,9673300
JPM,2023-08-23,137.95779418945312,138.16374441088766,136.16979258953467,137.00294965470403,7858000
JPM,2023-08-24,137.82675170898438,139.86752750903037,137.60208910349877,138.0795114244007,6534000
JPM,2023-08-25,137.6582489013672,139.1279690919885,136.53489306897146,137.8735553172173,6695500
JPM,2023-08-28,138.13568115234375,139.11862293308627,137.73315111613948,138.14505161734553,5094100
JPM,2023-08-29,139.259033203125,139.3432959645767,137.7799424826576,138.27610573389072,6337000
JPM,2023-08-30,138.69732666015625,139.62408823908154,137.78927743740223,139.12793939995714,6277300
JPM,2023-08-31,136.98423767089844,138.87522886814105,136.63787329971225,138.79096610726893,10933900
JPM,2023-09-01,137.44296264648438,138.62248430088263,136.39448466943944,136.75957572562794,7903500
JPM,2023-09-05,135.9263916015625,138.74415864513009,135.74852419936798,137.76121698537963,7854700
JPM,2023-09-06,135.7017364501953,136.24468058187983,134.9060183286584,135.45833292470454,8629200
JPM,2023-09-07,134.54090881347656,135.99191644968522,134.2319835011811,134.92472640913843,8373700
JPM,2023-09-08,134.64390563964844,134.91537771193597,133.53926213708527,134.21327851187928,7107900
JPM,2023-09-11,135.2336883544922,135.78600302416146,134.51286243054037,135.50516045652148,6854200
JPM,2023-09-12,136.9936065673828,137.91102656774117,134.84986974127222,135.27112644775508,8363200
JPM,2023-09-13,137.05914306640625,138.26674753287986,136.50682839895887,137.9297393099169,8325900
JPM,2023-09-14,139.71775817871094,140.32623851403181,138.09825315552496,138.39780809031097,10034900
JPM,2023-09-15,139.3058624267578,140.16710253467127,138.83779621913655,139.40883756380435,19863400
JPM,2023-09-18,139.5960235595703,139.61475020241627,138.31352706736544,138.69734468236973,6512400
JPM,2023-09-19,139.4181671142578,140.15771958020997,137.80803280911252,139.95176934545702,7943400
JPM,2023-09-20,138.82843017578125,140.65388539898544,138.67864557176296,140.09220027603982,7332000
JPM,2023-09-21,137.74252319335938,139.34331591065376,137.26510080327012,138.15442374210164,8052400
JPM,2023-09-22,136.42254638671875,138.08886061958907,135.91704126570235,137.88291038548203,7071700
JPM,2023-09-25,137.09658813476562,137.1621242596877,134.52222401576978,136.06685105771544,7044700
JPM,2023-09-26,135.6736297607422,136.5255134713151,135.01834009270283,135.36471871200064,7468400
JPM,2023-09-27,136.4693603515625,136.75955906802622,135.28046837627247,135.91704574382544,6717800
JPM,2023-09-28,138.16375732421875,139.36200547860716,136.68466663396703,136.9374263446685,8868100
JPM,2023-09-29,135.75790405273438,139.25902955568586,135.60811946323787,139.109259250434,11917800
JPM,2023-10-02,134.58773803710938,136.31957413491773,133.52054783987114,135.58003593998507,9170600
JPM,2023-10-03,133.595458984375,134.41924577010903,133.25845075431442,134.05415471123064,9431100
JPM,2023-10-04,134.19454956054688,134.30688084770995,132.86522933598312,134.04476498816743,8128700
JPM,2023-10-05,134.7603759765625,134.9489954403181,132.8082911555661,133.94936120720567,8576200
JPM,2023-10-06,136.83506774902344,137.57063757203986,134.0436638745079,134.76980848069118,10270600
JPM,2023-10-09,136.52389526367188,137.11800063708546,135.32623051848367,135.47712036142732,6964900
JPM,2023-10-10,137.353759765625,138.4099742700089,137.0048395969311,137.13686461127318,11288800
JPM,2023-10-11,137.82525634765625,138.84374102392985,136.75963119469503,138.16475123974746,8698200
JPM,2023-10-12,137.50462341308594,138.58912775754237,136.86336329119763,137.96671807007812,10484400
JPM,2023-10-13,139.5698699951172,144.38880324418298,139.41898019566213,140.04138982618178,29427000
JPM,2023-10-16,139.42843627929688,141.00331097441395,138.36279673046786,140.93729128323395,12663500
JPM,2023-10-17,139.1266632080078,140.80527293299247,138.428808562367,139.164392858932,11482700
JPM,2023-10-18,137.5989532470703,139.07951838576773,137.08970365032715,138.24021346264712,9620300
JPM,2023-10-19,137.0142364501953,138.64570554852048,136.62760109586821,137.1934163017745,11143600
JPM,2023-10-20,134.8075408935547,136.87280042471613,134.02481610747344,136.33527520394097,13332900
JPM,2023-10-23,132.9686279296875,135.49596799323533,132.71400312369968,134.79812766595725,10133400
JPM,2023-10-24,133.12893676757812,133.6570367926189,132.36507677495513,133.1478015940857,8881400
JPM,2023-10-25,132.40277099609375,133.1383408268775,131.56346622047414,132.56310041145807,8242600
JPM,2023-10-26,132.74227905273438,133.6004487370822,131.48803437322115,131.7992392386323,9109400
JPM,2023-10-27,127.96106719970703,131.17683623137796,127.489547320212,131.03537163374259,17434700
JPM,2023-10-30,129.592529296875,130.17720937589277,128.29112975104002,128.6683543097979,9855500
JPM,2023-10-31,131.1391143798828,131.30886902920932,129.63968452745254,129.86601926333935,9672500
JPM,2023-11-01,131.02593994140625,132.52536963058716,130.5827101254128,131.3182799499032,9432000
JPM,2023-11-02,133.3646697998047,133.42124987825363,131.29941059855653,132.1104252988265,10186200
JPM,2023-11-03,134.85472106933594,135.5808659041955,133.77023081659578,134.09086096562262,9538700
JPM,2023-11-06,135.87315368652344,135.97688862298904,134.65662448709557,135.01498415663912,7625100
JPM,2023-11-07,135.80715942382812,136.04291937904668,134.68495412429016,135.33563951339102,6297900
JPM,2023-11-08,136.47669982910156,136.58985998285516,135.43935045421637,135.90144506478217,7618200
JPM,2023-11-09,136.07119750976562,137.3537321294573,135.5148075176755,137.15570184261244,7992500
JPM,2023-11-10,138.08932495117188,138.13647982386263,135.87318983117473,136.68420471665647,7983300
JPM,2023-11-13,137.47634887695312,137.91957875986594,136.89166877168356,137.40090396181412,6676300
JPM,2023-11-14,139.9848175048828,140.7486773711874,138.17418298003085,138.32505839820212,9927700
JPM,2023-11-15,141.2107696533203,141.6068445999882,140.00367999024377,140.00367999024377,8365300
JPM,2023-11-16,142.82339477539062,142.89883969668293,141.54085989271647,141.54085989271647,8126200
JPM,2023-11-17,144.11534118652344,144.15305644499725,142.90823707069305,143.53064675784515,7812400
JPM,2023-11-20,144.5585479736328,144.99235256315117,143.26658820100812,143.41747800515745,7019000
JPM,2023-11-21,144.25677490234375,144.87918451834597,143.87956480214766,144.47366999047435,7083500
JPM,2023-11-22,144.59628295898438,145.11495768637337,144.19076839406415,144.67172786384498,5174500
JPM,2023-11-24,144.7943115234375,145.64305590080474,144.54912637778605,144.84146638712082,3496900
JPM,2023-11-27,144.46424865722656,144.78487868997536,144.01159364689627,144.69056896757002,6259100
JPM,2023-11-28,144.7943115234375,145.1055163561744,144.02102643967882,144.4925462972237,6582700
JPM,2023-11-29,145.5299072265625,146.76528704849733,145.22812758688474,145.3884426243466,9126100
JPM,2023-11-30,147.18963623046875,147.23679109279772,145.5864716387902,146.08628152226098,9869800
JPM,2023-12-01,147.90635681152344,148.86826142383205,146.94446658886,146.94446658886,8916000
JPM,2023-12-04,148.9908447265625,149.04742480521057,147.00103041945783,147.1330553995179,9607500
JPM,2023-12-05,148.97198486328125,149.47179476083681,148.02894514870184,148.30242033448647,9135600
JPM,2023-12-06,147.40655517578125,150.15080456532945,147.11421512755064,149.79244482122945,9366000
JPM,2023-12-07,147.85919189453125,148.34957657978003,147.25564704716516,147.76489655598155,8130900
JPM,2023-12-08,149.49063110351562,149.73581620232216,148.0383421615504,148.30239208015473,7369400
JPM,2023-12-11,150.03761291503906,150.22621796565753,149.14171374272618,149.49064819549545,8093900
JPM,2023-12-12,151.3767547607422,151.4993401514318,149.83017004353027,150.16022534418147,10223000
JPM,2023-12-13,151.88597106933594,152.80072072522947,150.66945619346848,151.37673596516078,12379100
JPM,2023-12-14,154.64910888671875,155.45068411871856,152.49897919789595,152.61213937426155,13643000
JPM,2023-12-15,155.81845092773438,155.8656057922749,153.14022154170772,153.79092125929148,20309300
JPM,2023-12-18,156.76150512695312,157.61024959807705,156.19568986918287,156.46916508532496,8469600
JPM,2023-12-19,158.85504150390625,158.87390632782794,156.12023201068527,156.5445970162341,10345700
JPM,2023-12-20,157.06326293945312,159.7603570231503,156.96895321478056,158.42124239273335,10734700
JPM,2023-12-21,157.95916748046875,158.5155575124074,156.24282812678547,157.3367577550905,7601700
JPM,2023-12-22,157.86485290527344,158.64757764689784,157.70453786994963,157.95916263882626,6576300
JPM,2023-12-26,158.79849243164062,159.15685220791008,157.65740779068372,157.92147220821988,4683600
JPM,2023-12-27,159.7509307861328,159.8169504768574,158.03460589267718,158.27979105184372,6428600
JPM,2023-12-28,160.5996856689453,160.93918058278578,159.3737310139855,159.7038007098136,6320100
JPM,2023-12-29,160.41107177734375,160.96746179209865,159.96784193110983,160.3167620438129,6435100
JPM,2024-01-02,162.27828979492188,162.3631599230326,159.2888553688662,159.45859562508764,9977400
JPM,2024-01-03,161.5709991455078,162.24054929758722,160.6656746705868,162.07080905271448,9852300
JPM,2024-01-04,162.64321899414062,164.4839997839759,161.81770540051127,161.91259668017605,11972500
JPM,2024-01-05,163.459228515625,164.51245797473024,162.70014174249383,162.70014174249383,10066000
JPM,2024-01-08,163.22201538085938,163.54462255510825,160.8214137681895,163.22201538085938,11229900
JPM,2024-01-09,161.9315643310547,163.0037604143166,161.40020795733633,162.84245683503605,9923600
JPM,2024-01-10,162.27316284179688,162.33009181707794,160.309026324343,161.3053268268902,9670200
JPM,2024-01-11,161.58999633789062,161.6469253167498,160.01489369036094,161.6184608273202,11919500
JPM,2024-01-12,160.4038848876953,167.29256458090578,160.26154800014604,164.9109445709967,19436500
JPM,2024-01-16,159.3981475830078,159.49302439057672,155.8968705158976,156.43771030633505,17206400
JPM,2024-01-17,158.54417419433594,160.42291746804034,157.9748698967347,158.78138793793093,11107500
JPM,2024-01-18,158.85726928710938,158.9616438945128,156.7887727674102,158.5726099507023,9382300
JPM,2024-01-19,161.5994873046875,161.84619886256158,158.53468981159222,158.98065280488078,13115700
JPM,2024-01-22,161.40969848632812,163.1840524158629,161.03016233915122,161.7418034738899,12837500
JPM,2024-01-23,160.34698486328125,161.06810933054288,159.8251118048267,160.99219920582442,8360800
JPM,2024-01-24,161.77975463867188,162.26366540807356,160.22363323770475,160.69806067066273,9967100
JPM,2024-01-25,164.09495544433594,164.1424010811721,162.16878131146788,163.49717227262667,8873500
JPM,2024-01-26,163.46873474121094,164.20884046709205,162.99430725137032,163.7818586219111,7443000
JPM,2024-01-29,163.8957061767578,164.00008079702863,162.5388505916141,163.43077653240536,6971200
JPM,2024-01-30,167.25466918945312,167.71959885740603,163.99060578443397,163.99060578443397,10822100
JPM,2024-01-31,165.4423370361328,169.18082757038678,165.42335588463555,167.18822653609234,11521800
JPM,2024-02-01,164.8445587158203,165.8977882402984,162.66218953700178,164.75916524911648,9354800
JPM,2024-02-02,165.7934112548828,166.82767409091414,164.39859340512308,164.4365557087008,8607600
JPM,2024-02-05,165.5751953125,166.13501628029312,164.07600269490123,164.96792869965805,7820200
JPM,2024-02-06,166.14447021484375,166.8750779377934,164.8729938638922,165.67952618156954,6764800
JPM,2024-02-07,166.4575958251953,166.87509426680478,165.0627925456374,166.70430734707855,7225500
JPM,2024-02-08,165.85986328125,166.3437741376643,164.69277564026325,166.04963139288037,6060300
JPM,2024-02-09,166.05909729003906,166.14450523792445,164.78763514943896,166.04961395288615,6296700
JPM,2024-02-12,166.7991943359375,167.76703037532326,164.81609109548293,165.84085611158963,8539300
JPM,2024-02-13,165.34744262695312,167.21668785869483,163.79132123629455,166.35324093999716,8397600
JPM,2024-02-14,167.02691650390625,167.09334329239704,165.49925963075256,166.11602396443158,7056700
JPM,2024-02-15,170.6705322265625,170.9931539074644,167.1407907162721,167.1407907162721,8723400
JPM,2024-02-16,169.87350463867188,170.77491396724417,169.04800544533634,170.42384226035486,8152600
JPM,2024-02-20,170.53768920898438,171.2303637188881,169.28520825442058,170.02531392720303,9668000
JPM,2024-02-21,171.64785766601562,171.73326561657646,169.38959269081207,170.7464483434242,7024000
JPM,2024-02-22,173.7068634033203,174.03895391200567,171.97045729976963,172.52079484720994,9296500
JPM,2024-02-23,174.579833984375,175.72794040887263,173.8207471003428,174.40903255823818,7105800
JPM,2024-02-26,173.98204040527344,175.02578661879247,173.1470434344582,174.3520932485434,7145400
JPM,2024-02-27,174.06741333007812,174.15280678882112,172.91930710908773,173.9345742347972,5717100
JPM,2024-02-28,174.94985961914062,175.72791305734785,173.60248748692752,174.04843594056865,6131600
JPM,2024-02-29,176.5439453125,176.89501700223315,174.44698403277337,176.1644091332413,9643000
JPM,2024-03-01,175.81329345703125,176.90448512641694,175.63302321308467,176.202327386422,6311800
JPM,2024-03-04,177.13223266601562,177.99569413338153,174.84550327171607,175.26300176048102,7063600
JPM,2024-03-05,178.90660095214844,179.61824215364595,176.82860632723535,176.82860632723535,6617800
JPM,2024-03-06,179.8364715576172,180.3488613215342,178.03365300369188,179.57079333868876,7572900
JPM,2024-03-07,178.2613525390625,180.75684537868307,177.0847818143066,180.1970245029766,7618300
JPM,2024-03-08,178.59347534179688,180.71891558839314,178.3088159683026,178.80222458380084,6172200
JPM,2024-03-11,178.65988159179688,178.8022185128998,176.69575949029132,177.70154336122792,5762600
JPM,2024-03-12,180.130615234375,180.43425575956988,178.29933218131626,179.2861349314453,5708400
JPM,2024-03-13,181.59185791015625,181.92394844272968,180.1306132360268,180.62402184480607,7795500
JPM,2024-03-14,178.3562469482422,181.82905916695464,177.53074786350967,181.25974046676782,10310900
JPM,2024-03-15,180.56707763671875,181.17434415077483,176.94244522461395,176.94244522461395,17214200
JPM,2024-03-18,182.80638122558594,182.84432904958828,180.17804920335632,180.88020701359716,9013800
JPM,2024-03-19,183.8785858154297,184.01142492310007,182.54071140188407,182.85383525818784,8478700
JPM,2024-03-20,186.2886962890625,186.5069288762153,183.70780963606143,184.25814725101966,9367000
JPM,2024-03-21,188.8790740966797,189.2301458138091,186.28870399907288,186.46898876572146,11203800
JPM,2024-03-22,186.56385803222656,190.22643876540545,186.48794789784623,188.8316208127196,8108800
JPM,2024-03-25,184.8559112548828,186.86747893022638,184.41943164766377,186.54487175179887,8620000
JPM,2024-03-26,185.7193603515625,186.60180291274617,184.13477445009167,184.63766637481814,5961500
JPM,2024-03-27,189.31553649902344,189.3914466295502,186.33613264813874,186.4499906047404,8725800
JPM,2024-03-28,190.05564880371094,190.4541661440958,188.38565483061902,189.28707861308453,8628300
JPM,2024-04-01,188.7652130126953,190.6629229824968,188.414141301363,189.76151364251672,7309000
JPM,2024-04-02,188.68930053710938,189.56224537498986,187.94919481633295,188.24333754146488,7014700
JPM,2024-04-03,188.157958984375,189.35351113308522,187.58864016401068,188.86010245399476,9353400
JPM,2024-04-04,186.72633361816406,190.5725228336972,186.63090338860295,190.06669747224808,9243800
JPM,2024-04-05,188.4442596435547,189.08369905029488,186.21099104756672,187.21310323176615,6532300
JPM,2024-04-08,189.42726135253906,189.90445619693176,188.60648563767035,188.60648563767035,8001000
JPM,2024-04-09,188.15794372558594,189.8090485690438,186.02011988833695,189.03599515912197,7351500
JPM,2024-04-10,186.5545654296875,188.0815948534464,185.3233944981093,186.63091835715863,7681400
JPM,2024-04-11,186.51637268066406,187.60439092248092,184.42627146372058,187.0603818015725,10137700
JPM,2024-04-12,174.452880859375,180.31283283345405,174.21428344257563,179.730669116781,31532300
JPM,2024-04-15,174.54830932617188,178.90987668749668,173.88977818734347,176.08487712916175,14766600
JPM,2024-04-16,172.55368041992188,174.80604095219934,171.4561234016168,174.5578902815886,16451800
JPM,2024-04-17,171.8665008544922,174.0997692825039,171.02663324895016,173.09765717367875,9017100
JPM,2024-04-18,172.9831085205078,174.99687108359075,171.76149104329275,172.83995591100177,9557700
JPM,2024-04-19,177.3256072998047,177.40196022253804,173.1358371435667,174.08067361637623,13402300
JPM,2024-04-22,180.7709503173828,181.45811204263342,177.49738618697634,177.5069394038577,11529700
JPM,2024-04-23,183.37644958496094,183.46234116906865,181.8303428196935,182.41252116114381,9144400
JPM,2024-04-24,184.27359008789062,184.41674273722938,181.496312188054,181.8398931093001,6964900
JPM,2024-04-25,184.55032348632812,185.0943325814848,182.46020780549338,183.48141172959566,9802300
JPM,2024-04-26,184.66485595703125,185.98190375230607,184.25446084078007,184.74120887546937,6413700
JPM,2024-04-29,184.46441650390625,185.39971421292185,183.653179537329,184.65529150697463,5387800
JPM,2024-04-30,182.9946746826172,186.09644101035263,182.89922989355478,184.0158640239999,8153700
JPM,2024-05-01,183.1092071533203,185.59062618122607,182.08800319125083,183.50051042268325,7445300
JPM,2024-05-02,182.9183349609375,184.67440852887157,180.87594156798932,184.26402794452196,6501700
JPM,2024-05-03,181.82077026367188,183.74864146909349,179.86428309609008,183.2428161104816,8922800
JPM,2024-05-06,183.24281311035156,183.43368812810877,181.16225065998637,182.98512382682264,7911100
JPM,2024-05-07,183.00421142578125,184.13038419824304,182.90876663771533,182.9564890317483,7688800
JPM,2024-05-08,186.72633361816406,187.6807232907595,182.28842746572758,182.28842746572758,9227600
JPM,2024-05-09,188.49195861816406,188.57785019283477,186.20142924996162,186.268228953762,7977300
JPM,2024-05-10,189.70404052734375,190.24803507157247,189.22684568795714,189.48452041598773,7529800
JPM,2024-05-13,189.66586303710938,190.73478941529618,189.00733180699527,189.73267730698475,7049200
JPM,2024-05-14,192.31906127929688,192.385875547787,189.121864553999,189.9235483988948,8596200
JPM,2024-05-15,192.89169311523438,193.44524086083933,190.65842482501571,192.79624832491854,8370000
JPM,2024-05-16,193.23529052734375,195.1536086492636,192.77718753280783,192.99669309394335,8497900
JPM,2024-05-17,195.449462890625,195.69761353618276,193.55977533673882,194.51416504960696,9260500
JPM,2024-05-20,186.65951538085938,196.4897309451442,186.48771768417754,195.06768523154884,17373300
JPM,2024-05-21,190.41983032226562,190.78248849278148,187.6330142438508,188.01476428528767,14420800
JPM,2024-05-22,189.26499938964844,191.7750486996597,188.67328249730463,189.92353054420116,9425300
JPM,2024-05-23,187.93841552734375,189.25547795628643,187.12719303061385,188.78782176676148,8069400
JPM,2024-05-24,191.5555419921875,191.60324982166694,188.5492060306778,188.73054238375408,7356200
JPM,2024-05-28,190.4007110595703,191.26920902614896,189.5990273501878,190.7442918725669,6910200
JPM,2024-05-29,189.0741424560547,189.91401004508248,187.90978586684102,188.9691590074262,6120000
JPM,2024-05-30,190.23851013183594,190.7347968781683,189.35092009391784,189.5036259486096,6829100
JPM,2024-05-31,193.3879852294922,194.02742456659686,189.3031985702233,190.20986585230213,14417900
JPM,2024-06-03,192.6149444580078,193.1875695647281,190.1048947798636,193.08258611073796,6444300
JPM,2024-06-04,190.0762481689453,192.7676194373073,189.2363806080914,191.0306378288864,6848300
JPM,2024-06-05,188.2628936767578,190.70614336889636,187.93840469676562,190.6488677581653,8351600
JPM,2024-06-06,187.9289093017578,188.9882826202694,186.42097158766174,188.26293701234547,7640300
JPM,2024-06-07,190.83021545410156,191.75597461770602,188.024307437637,188.42514935958465,6964500
JPM,2024-06-10,190.50575256347656,191.67964796454967,189.38911822155342,190.15263299016314,6070800
JPM,2024-06-11,185.49517822265625,188.9118950141953,184.7698473106833,188.8832644889089,9235300
JPM,2024-06-12,182.79425048828125,187.747535155726,182.58428359797037,187.06037343522323,12751300
JPM,2024-06-13,184.8271026611328,185.7051393894414,182.17390060566132,183.54822402834617,8587800
JPM,2024-06-14,184.9416046142578,185.97234706899937,182.6892447085993,182.71787522988416,6874000
JPM,2024-06-17,186.0869140625,186.65955375205004,183.85364548635286,184.65532940145712,8725400
JPM,2024-06-18,188.0147705078125,188.930991025547,185.27567673463204,185.72424105772285,9023000
JPM,2024-06-20,189.60861206054688,190.3530349090619,187.16537660256606,187.43260457060572,8731100
JPM,2024-06-21,187.34669494628906,188.17700929825324,185.36156268713378,187.73799820567726,20972100
JPM,2024-06-24,189.80902099609375,190.14304864072443,188.1102085595612,188.78781706567207,9785900
JPM,2024-06-25,189.03598022460938,190.9447596786857,188.721029867147,189.05505753391142,6862500
JPM,2024-06-26,188.42514038085938,188.91188841939731,187.3275981156472,188.44423225132738,7758600
JPM,2024-06-27,190.08580017089844,190.74433141255324,187.91933141310852,188.43471002085207,7913500
JPM,2024-06-28,193.03485107421875,193.35935463256504,190.20986578187188,190.88747429822308,15307600
JPM,2024-07-01,196.079345703125,197.64454410688455,193.416605054855,193.5883881973363,10205800
JPM,2024-07-02,199.30519104003906,199.33382156432344,195.43037141669657,195.92664354617938,7802900
JPM,2024-07-03,199.1715850830078,200.78450597577336,198.17901165846095,199.9923607921085,5560900
JPM,2024-07-05,196.53245544433594,199.00842649532183,196.27335292204722,198.64375880499992,8093100
JPM,2024-07-08,196.89715576171875,198.55739478921961,195.74554496023563,196.77239292168676,8707000
JPM,2024-07-09,199.25796508789062,201.30206944737745,197.16585925201633,197.33860892161442,9058900
JPM,2024-07-10,199.42111206054688,199.58425558028438,197.2906255075793,197.82804290048543,8328500
JPM,2024-07-11,199.08518981933594,199.70898927928098,197.0986640573066,197.89519852111354,10658100
JPM,2024-07-12,196.6764373779297,199.085224201204,193.9509550160253,195.77433759701847,15443400
JPM,2024-07-15,201.5803680419922,203.07746338803915,198.3846385255346,198.83568835973134,10719700
JPM,2024-07-16,205.00640869140625,205.12158000845062,199.6897990400412,201.5323790339862,11557000
JPM,2024-07-17,208.12538146972656,208.78756169090065,204.6705491521375,205.1791773653675,11572500
JPM,2024-07-18,201.51318359375,207.90464262796732,200.80303124118646,206.93537311360464,12415100
JPM,2024-07-19,201.3212432861328,203.78762269683403,200.49591964655664,202.68398424570762,8095900
JPM,2024-07-22,201.80108642578125,203.61487723988253,201.25407758649305,201.97383607849395,7663200
JPM,2024-07-23,201.84909057617188,202.95271450120742,200.90861016610094,202.5112707886033,5557300
JPM,2024-07-24,200.1792449951172,203.4805398970385,199.6802229423339,201.10054238495405,7119000
JPM,2024-07-25,200.25599670410156,201.71471129291234,199.66100105914288,200.23679904485417,6403800
JPM,2024-07-26,203.68206787109375,204.56496989068702,200.20802348732903,200.8030338162583,8027800
JPM,2024-07-29,202.34811401367188,204.99682004630137,202.0602076823259,204.0755227146991,6533600
JPM,2024-07-30,206.51312255859375,207.08892060425245,204.37304460068856,204.63214713164874,8850700
JPM,2024-07-31,204.21949768066406,207.66473846208044,204.09473484474648,206.11965617262393,9071600
JPM,2024-08-01,199.5746612548828,205.20796693510616,198.05836812142135,204.6033650548551,10918600
JPM,2024-08-02,191.1102752685547,196.41729340747878,188.95099978059565,195.6591542348571,18041700
JPM,2024-08-05,187.04122924804688,188.2600243620043,183.20251739365065,186.22551176510183,13927000
JPM,2024-08-06,192.2618865966797,194.4307682439227,186.1775316040648,187.52107494379788,10605800
JPM,2024-08-07,192.31947326660156,197.4537566355557,192.12754058739833,195.30407255531497,9204400
JPM,2024-08-08,195.83192443847656,196.6476567379348,193.65345089893853,194.30603966721048,7761200
JPM,2024-08-09,197.50173950195312,198.14472201831654,194.71866445703174,195.26568795748204,5540200
JPM,2024-08-12,197.8760223388672,198.78771357086882,195.44803800867777,198.08715268440758,6936000
JPM,2024-08-13,199.5554656982422,199.69941155528463,197.11787513313567,199.35392685485715,6387800
JPM,2024-08-14,201.7627410888672,202.26176318738948,198.76853528010065,199.36354569530272,6999800
JPM,2024-08-15,203.01988220214844,205.26552518971098,202.5880300343132,204.41141236229493,7001000
JPM,2024-08-16,205.34230041503906,205.45745708775618,203.0582621159896,203.15423577226989,7931200
JPM,2024-08-19,206.7626495361328,206.83942554351694,205.19838414670022,205.37111918066995,6090800
JPM,2024-08-20,205.8701171875,207.29043644816198,205.06397658334606,206.33075850164272,5640000
JPM,2024-08-21,205.94691467285156,206.33078003410972,204.25787193885594,205.78375651861572,5202300
JPM,2024-08-22,207.89505004882812,208.05819355178016,205.6973792260983,205.92770721801395,5247100
JPM,2024-08-23,209.50733947753906,210.35186095519518,207.77032432842734,208.82597617549752,7214000
JPM,2024-08-26,210.3326416015625,210.82207214735465,209.25780684522277,210.17908959536388,5105200
JPM,2024-08-27,211.30191040039062,211.5322384088343,210.3518384830516,210.6589278507846,5185200
JPM,2024-08-28,212.3671417236328,213.25005838467985,210.35182667608916,210.40940501408693,6506400
JPM,2024-08-29,213.2500457763672,213.98898726168142,210.11189474931135,213.19245279825017,6416100
JPM,2024-08-30,215.73561096191406,216.3881849537637,212.98132522560212,213.52834869835,8574100
JPM,2024-09-03,211.41709899902344,215.06387889126577,210.39984250479048,213.33645529562187,8956100
JPM,2024-09-04,210.48617553710938,213.11569850429112,208.4516628819831,212.12721670145393,7389500
JPM,2024-09-05,208.85475158691406,211.89692943579365,207.31926075481468,211.2731298787107,8067900
JPM,2024-09-06,203.89321899414062,209.91999639189612,202.57845001745773,208.82596392525963,7777000
JPM,2024-09-09,208.0677947998047,209.35375986693387,205.54383685302398,206.51312105129102,8935100
JPM,2024-09-10,197.2714080810547,209.82399812562028,192.52100489184315,209.78561744862617,28406900
JPM,2024-09-11,198.87408447265625,199.32513434186177,193.69182869664772,196.97392597392317,13658700
JPM,2024-09-12,198.26950073242188,200.3615919553569,196.62844474311245,199.27715101962826,9054400
JPM,2024-09-13,196.0814208984375,199.46908315177689,194.83383653849526,198.51899663631963,10226700
JPM,2024-09-16,199.4786834716797,199.81457665233654,197.30021016072058,197.5305381683303,8634900
JPM,2024-09-17,200.81265258789062,201.4652267000243,199.28676784611358,199.3539377018796,7573300
JPM,2024-09-18,199.16197204589844,202.81834284396587,198.3654375571648,200.58229137057424,8259900
JPM,2024-09-19,201.9930419921875,203.36538928713296,198.97965334983056,201.32127025220836,11635200
JPM,2024-09-20,202.5784149169922,202.89511039766174,201.05253049119437,201.46518498073377,20885000
JPM,2024-09-23,202.91432189941406,203.25980657066546,201.52279170592422,202.4920612297152,7223500
JPM,2024-09-24,203.05828857421875,204.36345139466172,201.88748010395994,202.63602786120398,7323200
JPM,2024-09-25,201.71470642089844,203.6820491058225,200.1984135344919,203.14461716453974,8976500
JPM,2024-09-26,201.3212432861328,203.16382323049552,200.58228714937277,202.61681440246963,7807500
JPM,2024-09-27,202.01222229003906,203.87399998332447,200.88940076897532,202.15616813497374,7032500
JPM,2024-09-30,202.3577117919922,202.45368545325593,196.98350891876606,197.99117378793656,8663800
JPM,2024-10-01,198.6917266845703,200.6590695133516,197.87600917065313,200.47672835038065,8540100
JPM,2024-10-02,198.93167114257812,200.52474033695253,197.39619493599187,198.73014693766058,5810900
JPM,2024-10-03,196.9547119140625,198.16391556637382,196.10059907948147,197.85681157736644,7251300
JPM,2024-10-04,203.94537353515625,204.37987213930614,199.78381659479555,202.09150201972523,10211700
JPM,2024-10-07,203.66534423828125,205.98269458084312,202.46806055788844,203.76190602752735,6718900
JPM,2024-10-08,203.49154663085938,204.05157258412177,201.20317665741186,203.32740337902976,6021800
JPM,2024-10-09,206.06959533691406,206.86136077091666,202.16874354804747,202.47771475974207,7024000
JPM,2024-10-10,205.5095672607422,207.41171960680364,204.18675618891916,207.41171960680364,7927100
JPM,2024-10-11,214.63409423828125,216.89351339672228,207.74966888805528,208.24209865254014,18320700
JPM,2024-10-14,213.85198974609375,215.9955317699529,211.3415453439257,215.51275230031362,9048900
JPM,2024-10-15,214.7306671142578,217.68527532023913,214.1803061412129,215.95693117924253,9235800
JPM,2024-10-16,215.93760681152344,215.97622268757254,213.42714760377535,214.6727269219523,6382500
JPM,2024-10-17,216.69076538085938,218.07152251645772,215.61899422056717,216.5459374132235,6470200
JPM,2024-10-18,217.60800170898438,218.13906204363374,215.4161936428324,217.25074963533817,7000500
JPM,2024-10-21,215.31964111328125,217.92664727427885,215.22307932710135,217.46318311378727,5870000
JPM,2024-10-22,216.40106201171875,217.521113903058,213.48508466002997,215.3389560319398,9586800
JPM,2024-10-23,215.71554565429688,217.05767211185088,214.86584899630188,215.95693541093075,6180500
JPM,2024-10-24,217.23146057128906,217.3087070595921,214.02581233964898,214.18995560232,6002200
JPM,2024-10-25,214.65342712402344,217.84942517866347,213.27268477329852,217.25078329046238,6369700
JPM,2024-10-28,217.73355102539062,217.868728693903,215.27137266803004,215.65760510182318,6843000
JPM,2024-10-29,215.22308349609375,218.9404913371286,215.1361867268046,217.45353704067085,6580000
JPM,2024-10-30,216.68109130859375,218.5156474524891,213.94855766414204,214.87548602178538,7110900
JPM,2024-10-31,214.27682495117188,217.91698605526622,214.18027790309608,216.96107745978253,7829900
JPM,2024-11-01,215.26171875,218.36115478761525,215.0299792936343,215.86036059570225,6923500
JPM,2024-11-04,212.21055603027344,216.05347672838175,211.62156445041862,214.9817056480971,8229600
JPM,2024-11-05,213.86166381835938,214.3154777176928,212.42297563395553,212.45194122469928,5600700
JPM,2024-11-06,238.55099487304688,239.45862265494782,226.68428170878914,226.90635614480942,23987800
JPM,2024-11-07,228.2388458251953,236.1467765550335,227.11879382619438,236.07918035167899,16451100
JPM,2024-11-08,228.8181610107422,231.09688077350958,227.65949319123993,231.09688077350958,9502100
JPM,2024-11-11,231.04859924316406,233.76183232238978,230.7685936247478,231.734152593889,9017100
JPM,2024-11-12,231.30931091308594,233.14388184693877,230.53686076900374,232.26521962387952,6861000
JPM,2024-11-13,232.8542022705078,235.68328295062503,232.03347126141182,232.29417630585863,11472600
JPM,2024-11-14,233.5397491455078,235.87640014281013,232.7479984317867,234.07080953881766,10172200
JPM,2024-11-15,236.8612823486328,237.93305345699474,233.14388893789499,233.14388893789499,11518800
JPM,2024-11-18,236.59091186523438,239.3910269686542,234.32184240561926,239.22688371269956,9051400
JPM,2024-11-19,234.71774291992188,236.7067921801045,233.23078848461677,233.9066768643009,6792700
JPM,2024-11-20,232.4873046875,236.1853975821107,230.42100892931995,235.98262370088807,9015300
JPM,2024-11-21,236.33021545410156,237.03508413180523,233.771489998293,234.8529113632746,8783500
JPM,2024-11-22,239.98968505859375,240.5690116009233,234.65979541625032,235.219821387118,7997300
JPM,2024-11-25,241.66973876953125,245.55128980408418,240.48210540768852,240.99385046333052,10295400
JPM,2024-11-26,241.3607940673828,242.3553186985206,239.78692811975665,241.86288889278865,6212100
JPM,2024-11-27,241.18695068359375,242.5387419809446,240.20209121543851,240.76211714435047,5472300
JPM,2024-11-29,241.11940002441406,243.09879896511487,240.85869496329937,241.25457769809182,5494800
JPM,2024-12-02,237.76889038085938,241.63112616369568,236.5909072884335,240.95523784835137,8899700
JPM,2024-12-03,236.38815307617188,240.4627983571973,236.20469451535047,239.68069795223073,6657700
JPM,2024-12-04,235.0170440673828,236.89989581875426,233.8873418565162,236.2722736572103,7346300
JPM,2024-12-05,237.02540588378906,238.66685314495626,236.19502460109126,236.93850911465168,6572500
JPM,2024-12-06,238.84066772460938,239.20758484833834,236.4074549916763,237.23783629630563,5519700
JPM,2024-12-09,235.41293334960938,239.3331004642951,235.36465245379455,238.61859624597477,7076500
JPM,2024-12-10,234.4956512451172,239.42000786865495,233.87769409575165,235.49017580217017,9108300
JPM,2024-12-11,235.14259338378906,235.85711238207702,233.83908277788504,235.59640731424383,7884400
JPM,2024-12-12,233.21145629882812,235.692949917877,232.73832710066324,234.63082916006218,6113800
JPM,2024-12-13,231.67620849609375,234.36046110198654,230.90375841719614,233.7328537003409,10392700
JPM,2024-12-16,231.32861328125,232.38106899290696,229.33956421642742,232.32313781366128,9032000
JPM,2024-12-17,230.15065002441406,230.78792251755053,228.4802370347638,230.43065565931622,8083600
JPM,2024-12-18,222.43580627441406,230.8361807627836,221.62474030815744,230.7685845656322,11322400
JPM,2024-12-19,224.93661499023438,228.21950946148152,224.27037697069503,224.27037697069503,11790800
JPM,2024-12-20,229.41683959960938,230.97139028265684,223.6138201931546,223.9324564524048,32348400
JPM,2024-12-23,230.1796112060547,230.4016856524641,226.79050439374112,227.93952196997523,8611500
JPM,2024-12-24,233.96458435058594,234.13839262104892,230.836182814854,231.1837698892596,3729100
JPM,2024-12-26,234.76600646972656,234.88186883103566,232.4969370056862,233.11489415476902,4451800
JPM,2024-12-27,232.86386108398438,235.0074032318014,231.77277470486047,234.3604804730654,5730200
JPM,2024-12-30,231.0775909423828,232.54523003977909,228.9436990328983,230.54653053655986,5723800
JPM,2024-12-31,231.4541473388672,233.12456023279114,230.79755957752477,231.78243385290807,4871000
JPM,2025-01-02,231.73416137695312,234.9011937371106,231.20310097714537,232.6224738942401,9220900
JPM,2025-01-03,234.90118408203125,236.4460843210158,231.9851918792467,235.4901756406523,9491100
JPM,2025-01-06,233.75595092773438,238.45338882592614,233.4938994273639,236.52199744283416,9917800
JPM,2025-01-07,236.00759887695312,238.03603585964578,233.8044559653357,235.00793797890452,8753400
JPM,2025-01-08,235.9687957763672,237.05580229045634,233.41625568415455,235.59998364793563,8675300
JPM,2025-01-10,232.80477905273438,236.62873126230812,231.70807254459382,235.92993721338343,10256800
JPM,2025-01-13,237.01698303222656,237.3372500960213,231.96043318189513,232.61069705427852,10005300
JPM,2025-01-14,240.1809539794922,240.42359041299397,235.05647368868276,235.51263136841433,12407400
JPM,2025-01-15,244.917236328125,246.19834907161936,236.50259128635952,243.02466018784034,18448500
JPM,2025-01-16,246.78065490722656,249.46907059514717,244.897793913136,246.5186034262573,15292300
JPM,2025-01-17,251.52664184570312,252.94363035716344,244.71340648745428,246.65449800073918,17678100
JPM,2025-01-21,255.28265380859375,256.46672083789156,251.85662841034198,252.4098466101375,13712100
JPM,2025-01-22,255.09825134277344,255.62235436148842,252.5845413063042,255.1564817205521,9021900
JPM,2025-01-23,258.1166687011719,258.999839319307,256.03968646138014,256.89377150881944,10749700
JPM,2025-01-24,257.039306640625,259.2327492897336,255.26322113163457,255.9231850657849,7666300
JPM,2025-01-27,258.0196228027344,258.13608356694,254.53536671960657,256.38911286643724,7522300
JPM,2025-01-28,259.2716369628906,259.4560134282911,257.0296487623303,258.01962450201626,7375400
JPM,2025-01-29,258.72808837890625,262.7073321141327,257.7866577607091,259.3395369767374,7684900
JPM,2025-01-30,260.3294677734375,261.75617104949805,258.766873890751,260.71768010583645,8753500
JPM,2025-01-31,259.4268798828125,262.8432200467561,259.0968978658329,261.3000557826277,7193800
JPM,2025-02-03,258.9512939453125,260.2712514893426,253.99181967172157,254.11796573208338,8381400
JPM,2025-02-04,260.04803466796875,261.8920656979003,258.97071346699056,261.8920656979003,5626000
JPM,2025-02-05,262.4646911621094,262.66852710369653,260.4265390771867,260.98947222246505,5704400
JPM,2025-02-06,268.74407958984375,268.8217398268807,263.2022723240967,264.4251692984596,7264400
JPM,2025-02-07,267.67645263671875,270.3454529171087,266.6185615343718,269.10315578952975,6857900
JPM,2025-02-10,263.0567321777344,268.0453220031556,261.64942897239877,268.01620681498275,8627400
JPM,2025-02-11,266.8903503417969,268.0841322055861,261.7173548361182,262.29968817500816,7196400
JPM,2025-02-12,267.3368225097656,268.3073682010428,265.20161014147436,266.0071500330046,6683900
JPM,2025-02-13,268.1812438964844,268.81209279292267,265.7451642667245,267.3853891686898,8398700
JPM,2025-02-14,268.4432678222656,271.0055230328968,268.30740680766394,269.20029238564155,5688600
JPM,2025-02-18,271.7043151855469,271.7237154392855,267.8900475882826,268.6082716385242,7919800
JPM,2025-02-19,271.0248718261719,271.9954174728189,269.0546653482266,270.1805018525814,7007200
JPM,2025-02-20,258.94158935546875,270.52990776080935,257.9128132494212,270.47167738640707,13846700
JPM,2025-02-21,256.4570007324219,261.27092900098586,255.0982425996441,260.4168439978953,12835600
JPM,2025-02-24,253.6424102783203,259.1357025074417,250.99280984837583,257.67016901902093,10372800
JPM,2025-02-25,249.81846618652344,255.2535282245515,245.88776780849437,254.50621867157093,9608400
JPM,2025-02-26,251.1675567626953,253.22510912697214,249.36232616658907,249.58556236411243,5943600
JPM,2025-02-27,251.4198455810547,255.87467629942992,250.2648938568394,252.51656693419218,8204400
JPM,2025-02-28,256.8549499511719,257.0102408394051,250.2940802308907,253.05042685493686,10467100
JPM,2025-03-03,252.9436492919922,258.47577236645964,250.22613281744813,256.2240989340042,9058300
JPM,2025-03-04,242.8790740966797,249.6534940988536,238.70572440707394,247.76091803763094,13465600
JPM,2025-03-05,244.12136840820312,245.59660207726964,240.5303521377995,243.84961678618464,7861400
JPM,2025-03-06,239.27833557128906,242.015281613365,236.66758002130527,240.80209946195242,9983200
JPM,2025-03-07,235.14381408691406,239.4530394207747,232.36805275623323,238.00692097749285,20498700
JPM,2025-03-10,225.38014221191406,230.5143228718976,221.96381691976234,229.25262520540508,18887200
JPM,2025-03-11,222.39085388183594,226.44774284176466,220.01301974210133,224.9239788967364,18143000
JPM,2025-03-12,221.18734741210938,227.41826350891142,220.56619878932352,227.1076817928428,16054000
JPM,2025-03-13,218.55718994140625,222.7402395654928,217.62545954737027,222.5461333861297,16467900
JPM,2025-03-14,225.59365844726562,226.27303751626079,220.87680546916633,221.40089366257604,11962100
JPM,2025-03-17,227.03973388671875,228.72848862744547,223.6719541489768,224.37073338341938,9586000
JPM,2025-03-18,228.04913330078125,229.2137852248078,226.6418449421928,227.4182844946614,10344900
JPM,2025-03-19,232.0671844482422,235.19234280757902,227.97148038251137,228.79645015668714,10120600
JPM,2025-03-20,231.97012329101562,234.63912397597252,229.2428922333378,229.59228927901535,8328500
JPM,2025-03-21,234.51296997070312,235.16323383404452,229.53406562636874,230.8054781658387,19326900
JPM,2025-03-24,240.75355529785156,241.365003805813,237.2110695442326,238.2495457049519,9422700
JPM,2025-03-25,243.73316955566406,244.40284852183765,240.32654434675553,241.96676910521467,9287700
JPM,2025-03-26,243.6361083984375,247.16889448049588,242.4229261613384,245.1598723967236,12779300
JPM,2025-03-27,240.81179809570312,243.25757744441526,239.89948275399726,242.1802711082619,8022500
JPM,2025-03-28,235.69703674316406,242.16086005777964,234.00828183952703,239.6665652294854,11978400
JPM,2025-03-31,238.07485961914062,238.61836283353372,230.36872450664094,232.35834612382078,13603000
JPM,2025-04-01,236.4832000732422,238.4534069199047,233.78508385536878,235.47382411859147,8054700
JPM,2025-04-02,238.5795440673828,239.9674172690853,234.34796434743257,234.48384014906324,7758800
JPM,2025-04-03,221.95411682128906,228.2141341410838,220.60505877931982,227.36976405138714,17188500
JPM,2025-04-04,205.34341430664062,212.58921879116235,204.02510127525403,210.25532760935624,27170700
JPM,2025-04-07,209.40576171875,216.8371082788502,197.41405089517536,200.93930233618102,22914400
JPM,2025-04-08,211.77871704101562,222.4911845873146,208.24370556467724,218.27260941397304,19485700
JPM,2025-04-09,228.83860778808594,231.9048922466148,206.04654347465694,207.5113293287422,24022400
JPM,2025-04-10,221.7783203125,224.9422627815506,214.93289385418547,224.60047349209523,18896400
JPM,2025-04-11,230.65492248535156,232.97905393688654,219.71785872027854,220.9971025358475,20284500
JPM,2025-04-14,229.20968627929688,234.15089472743736,228.1452788263565,231.53381788161272,13017800
JPM,2025-04-15,227.65699768066406,233.04739831448416,227.35427768752865,230.55727455130136,10912900
JPM,2025-04-16,224.21963500976562,228.09643576900157,222.5790672431111,226.55352634462056,9322300
JPM,2025-04-17,226.5144805908203,228.83859723978307,225.13757837531108,225.38170933973876,9557900
JPM,2025-04-21,223.61419677734375,226.36798622449223,221.02639969234494,225.21569525952322,8716200
JPM,2025-04-22,230.05926513671875,230.4498836423457,225.93833303093191,226.53401321401216,10701400
JPM,2025-04-23,235.22506713867188,240.99631170351697,234.36572139205154,234.58055782870665,14126800
JPM,2025-04-24,238.89678955078125,239.7073061190241,232.00253368423319,234.1118287364866,9055200
JPM,2025-04-25,237.83238220214844,239.85377878556818,236.07463632488924,238.9065494767277,8588600
JPM,2025-04-28,237.5101318359375,241.04514340247584,235.18600030625285,238.81867021795682,7394300
JPM,2025-04-29,238.87725830078125,239.49247309158469,236.01605058594708,236.50431250866183,7216800
JPM,2025-04-30,238.87725830078125,239.4631785682675,232.83257331348125,235.5473233123009,12991700
JPM,2025-05-01,241.09396362304688,242.6173383874093,236.48477003311547,237.1390391998316,8689600
JPM,2025-05-02,246.58204650878906,247.66598864209374,243.60366051149063,245.36139162446273,7165000
JPM,2025-05-05,246.630859375,249.16982732673011,244.7071062124704,245.28325170363556,5450700
JPM,2025-05-06,243.3985595703125,246.71873456309945,243.1544286178849,244.13095242759528,6369900
JPM,2025-05-07,243.53529357910156,246.5234543137232,242.98844258199068,243.98450112705527,8724100
JPM,2025-05-08,247.5194854736328,249.87291137635128,245.64456159073174,245.66409623863075,8320100
JPM,2025-05-09,247.13865661621094,249.51160240858812,246.41602360630893,248.52531868880288,5087600
JPM,2025-05-12,253.9449920654297,257.41166929681515,252.62670882931454,256.72809074382644,9603900
JPM,2025-05-13,256.8355712890625,257.480080666336,254.2770833315241,254.90204315724205,8589000
JPM,2025-05-14,259.40380859375,260.38033243913924,256.13244775146745,256.82577133737385,8643100
JPM,2025-05-15,261.2103576660156,263.19269990894253,258.5444666020599,260.7025759874391,9214600
JPM,2025-05-16,261.2786865234375,262.1575519192299,258.49558793581224,261.22009748379395,8932900
JPM,2025-05-19,258.66162109375,262.02086524830315,255.78086405036862,259.31587533133506,12145000
JPM,2025-05-20,259.4428405761719,260.3998446453458,256.14218530617444,256.3570217379832,8436300
JPM,2025-05-21,254.91177368164062,259.413533964149,254.60905369653722,258.1440649815309,7464000
JPM,2025-05-22,254.55047607421875,256.1421848603704,252.792715325804,253.3493410528591,6514100
JPM,2025-05-23,254.58950805664062,255.8394573114257,249.9900893661378,250.78107124918157,6671800
JPM,2025-05-27,259.06201171875,259.0717566921421,255.83946524243134,255.8883093139594,7506600
JPM,2025-05-28,257.30426025390625,260.45844302460614,256.7281147573034,259.9897008471859,5535400
JPM,2025-05-29,258.1636047363281,259.17919788181575,256.3668044334763,258.5835028383828,5081200
JPM,2025-05-30,257.8022766113281,259.10104011963335,256.56210214543427,257.26520045551075,10977700
JPM,2025-06-02,258.44677734375,258.8080863604011,255.75156227727646,256.84526410102234,6011200
JPM,2025-06-03,260.0190124511719,260.32173248111746,256.7086118716836,257.5386631607241,6998400
JPM,2025-06-04,258.0171203613281,260.8490334291481,257.9780510648975,259.67722274650265,5915700
JPM,2025-06-05,255.80043029785156,258.5249103385397,254.1989169051607,258.5249103385397,8173800
JPM,2025-06-06,259.49169921875,260.39008449229345,258.056207934954,258.12454195712064,7738100
JPM,2025-06-09,260.47796630859375,261.61073756854347,257.1675659016327,259.75534818459647,8285000
JPM,2025-06-10,262.2943115234375,262.58725675736963,259.6088709415357,259.63816546492893,7538100
JPM,2025-06-11,261.8548889160156,263.2903803018637,259.550306718951,262.3724454128917,7434100
JPM,2025-06-12,261.9427795410156,261.9916236200851,258.9155790822762,260.5951716975012,6618000
JPM,2025-06-13,258.7300109863281,260.75139274608847,256.5425772552077,258.85693405632503,7098300
JPM,2025-06-16,264.0129699707031,265.3508326588525,260.5853915714537,260.731864186611,8566000
JPM,2025-06-17,263.19268798828125,264.2375756229939,261.51306583381086,261.87440467845437,6739300
JPM,2025-06-18,267.5284423828125,271.200181276507,263.3879911545291,263.6614166167527,9586400
JPM,2025-06-20,268.5440368652344,270.79002961674195,267.3819711943445,269.1006625666469,13969700
JPM,2025-06-23,271.73724365234375,272.0106691007072,265.7218539872092,268.60261086911663,8094600
JPM,2025-06-24,274.6571044921875,276.0730461780452,272.94818777394573,273.6317365805569,9267900
JPM,2025-06-25,277.3913269042969,277.60616331581525,274.31528313116405,274.89142855270444,6826900
JPM,2025-06-26,281.97125244140625,282.61576173740934,277.79173169250225,278.0163428990485,8942100
JPM,2025-06-27,280.3697509765625,281.9224501380631,278.34836923641,279.10028187976,17868600
JPM,2025-06-30,283.10400390625,285.77966944457916,282.13725493022537,283.58249100733053,12689200
JPM,2025-07-01,283.5923156738281,284.29541408948995,279.86198714070144,284.06105788465106,9338300
JPM,2025-07-02,285.14495849609375,285.9457151893501,282.89896560647867,285.18402779363225,8158700
JPM,2025-07-03,290.443603515625,290.8360888827844,285.74351114178125,286.66586822419856,6541600
JPM,2025-07-07,286.4892883300781,290.48289553951275,284.63475207874944,289.7077166346147,8825700
JPM,2025-07-08,277.4717712402344,284.2618850781592,275.048135846527,283.83993409983367,15440900
JPM,2025-07-09,277.8446350097656,281.8088060970764,277.1774068900867,281.7891623646238,11273800
JPM,2025-07-10,282.78021240234375,282.89795501811136,277.687634657396,277.687634657396,8410900
JPM,2025-07-11,281.47515869140625,281.98541661358325,278.3254239763715,280.16031625567433,7384700
JPM,2025-07-14,283.2806396484375,283.8693527089549,279.90521169280953,281.6812326297011,9079900
JPM,2025-07-15,281.1709899902344,286.46964738040805,280.121098345475,282.5937831680985,12526100
JPM,2025-07-16,280.4546813964844,285.2725159686822,277.6974322542774,282.98623724838524,9979800
JPM,2025-07-17,284.4581298828125,284.8506152852065,278.1194022972347,278.1194022972347,8509500
JPM,2025-07-18,285.8023376464844,287.00925915739543,282.8194253679111,284.0851882327222,12217000
JPM,2025-07-21,285.5080261230469,288.6577608735927,285.1253326770995,285.5374617769879,7898100
JPM,2025-07-22,285.9593811035156,288.11809552877634,283.75161723688194,286.0280742772089,6717500
JPM,2025-07-23,291.1893310546875,291.41499440772435,287.0583381931105,287.34290279554006,7083500
JPM,2025-07-24,290.98321533203125,293.96615749170445,290.63980941236923,291.8369090330815,7001200
JPM,2025-07-25,293.014404296875,293.2891470363467,290.4043332995373,291.1304626389869,5918500
JPM,2025-07-28,292.6807861328125,293.8091927274499,291.2482011503524,292.0724293571669,5840400
JPM,2025-07-29,291.4640808105469,295.63430134586406,290.63985258046154,294.36850837533046,7635700
JPM,2025-07-30,294.0054931640625,294.9670779062804,291.7977290922438,291.836986615819,8061700
JPM,2025-07-31,290.6790771484375,295.33011989507037,289.9529777509294,293.5246633224064,14749700
JPM,2025-08-01,283.93804931640625,286.32242707449086,278.9043429750852,284.9487133421405,12007100
JPM,2025-08-04,288.73626708984375,288.79513839592664,284.81135364584816,284.81135364584816,6649500
JPM,2025-08-05,285.9005432128906,290.237586357945,281.84806471731633,289.1582290191561,7182300
JPM,2025-08-06,285.8808898925781,287.784475314663,284.71322574362773,286.8130388717205,6330200
JPM,2025-08-07,281.55364990234375,287.9512476179058,281.0336001027858,287.4410196836242,8057100
JPM,2025-08-08,283.3395080566406,285.7631432800269,279.365515270513,283.55537949152693,6634100
JPM,2025-08-11,284.1244812011719,285.8514526951056,283.3591242790355,283.9674810703858,5510100
JPM,2025-08-12,287.35272216796875,289.21705000432985,284.88982947960193,286.02805793473163,8570900
JPM,2025-08-13,285.0762939453125,289.0208214451698,281.7695589346143,288.43210834423235,8420400
JPM,2025-08-14,288.6381530761719,288.67741059714604,284.20301143696577,285.1253385944976,6322400
JPM,2025-08-15,285.0370178222656,289.95298150728627,284.3796115875491,289.30536719380285,7340500
JPM,2025-08-18,286.0574951171875,286.4205448097455,282.9960675051489,284.5562169634104,5386900
JPM,2025-08-19,285.203857421875,286.9897003409671,284.0950645111781,285.3706494849781,6031500
JPM,2025-08-20,286.7541809082031,287.82371628155875,281.87747451352897,285.35103146886894,7374200
JPM,2025-08-21,285.9986267089844,287.2742115786807,284.0361700203976,286.45980522859077,6624000
JPM,2025-08-22,290.6790771484375,291.5818204071259,284.6837862966605,287.6961645212777,8552800
JPM,2025-08-25,289.3642578125,291.76827944217837,288.61854456863614,290.67910031440016,5856300
JPM,2025-08-26,292.96533203125,293.13212406826625,287.9904975110241,288.63811176318757,6714700
JPM,2025-08-27,293.6620178222656,295.41842494390727,291.46407591230917,291.6701254801894,6056500
JPM,2025-08-28,295.41845703125,295.58524909893663,293.092950392732,294.38814919051487,6410500
JPM,2025-08-29,295.7618713378906,297.2631495608047,294.10359298088383,296.37022814205386,6796400
JPM,2025-09-02,294.07415771484375,294.8198709218748,288.9717581566039,294.62364321253557,7221900
JPM,2025-09-03,293.88775634765625,294.92785615758544,290.81650636476985,294.92785615758544,6316900
JPM,2025-09-04,298.1168212890625,298.7153562428407,292.68080753910596,294.36852159403367,6605800
JPM,2025-09-05,288.8540344238281,299.42185399614533,288.7853412459479,297.9500113286781,9837700
JPM,2025-09-08,287.41162109375,290.8949700189617,285.9692141135519,289.3544641521949,8188500
JPM,2025-09-09,292.2588806152344,293.3872872696363,286.8228669749493,287.1074315912692,7848200
JPM,2025-09-10,294.8984069824219,295.8796354332035,289.8548783719408,291.1304933247864,7787300
JPM,2025-09-11,299.82415771484375,299.9909797241969,295.1437088676121,295.5852436958139,7942500
JPM,2025-09-12,301.1488342285156,301.7768048799553,297.99909921484516,299.2746842518023,6846700
JPM,2025-09-15,303.1014404296875,304.13174819496044,301.40393449781925,301.40393449781925,7122000
JPM,2025-09-16,303.3860168457031,305.06390905534744,301.3646887009418,304.18080946841434,10525600
JPM,2025-09-17,305.89794921875,307.03617773944126,302.973877849489,304.563492987762,8657800
JPM,2025-09-18,307.3501892089844,307.556238792954,303.7981171700278,305.9372178866198,8050700
JPM,2025-09-19,308.8710632324219,309.8719053836384,303.31730709863126,307.7132209495945,23568600
JPM,2025-09-22,306.5749816894531,307.8113389670314,303.74903930910966,303.9845245259009,7520200
JPM,2025-09-23,306.86932373046875,310.37231588850653,304.7498670452201,305.96661047888983,8584400
JPM,2025-09-24,307.53662109375,310.63727651453155,305.81947137817144,308.15476983779797,7310500
JPM,2025-09-25,307.5660400390625,309.72472445454315,305.94698929656073,308.2234462682717,7083200
JPM,2025-09-26,310.1270446777344,311.8441943720275,307.8113600348933,308.9888161441515,7258100
JPM,2025-09-29,309.76397705078125,312.0404339863167,307.7720847183659,311.10825508542985,6462400
JPM,2025-09-30,309.50885009765625,311.45169300349573,304.28870810842403,310.31346452838187,11823300
JPM,2025-10-01,304.8774719238281,308.68464295873514,301.6394301376976,308.07628613361976,9235200
JPM,2025-10-02,301.7767639160156,304.7302708010082,300.3932583082978,304.1807853263183,7600000
JPM,2025-10-03,304.210205078125,305.80961197949307,302.4243624063698,302.7187488597389,6029900
JPM,2025-10-06,304.8511047363281,307.38512889871987,300.8578215934895,305.8371035459471,7214500
JPM,2025-10-07,303.38201904296875,305.66954382645594,300.4338918141804,305.0187809092415,8454200
JPM,2025-10-08,299.7732238769531,304.4567183318842,299.2999336047902,303.8946917756213,6489900
JPM,2025-10-09,301.252197265625,303.72706376015515,299.14217558490407,300.7789070325195,7060300
JPM,2025-10-10,296.6772155761719,306.1230715472904,296.5983188157025,301.3804193716138,8597400
JPM,2025-10-13,303.6580810546875,305.1272097801061,301.17337467050265,301.3212684867699,10788700
JPM,2025-10-14,297.85052490234375,302.70165257420854,290.0907186231138,301.5578902761218,16178800
JPM,2025-10-15,301.4100036621094,307.7499693151439,301.1635039391426,302.1002149225357,11354800
JPM,2025-10-16,294.3600769042969,304.35808863852304,292.9106575300408,301.0747260223031,10549400
JPM,2025-10-17,293.3938293457031,295.3559575215809,290.08088749555986,294.97143359875633,10153500
JPM,2025-10-20,298.1265869140625,299.43798218705626,293.9854099500461,294.32064593592156,6894900
JPM,2025-10-21,292.93035888671875,299.7929016175946,292.841622611914,297.43638030144115,7372700
JPM,2025-10-22,289.99212646484375,293.88683421544886,286.47213320670807,293.60088610479784,8054100
JPM,2025-10-23,290.4161071777344,292.2204718178062,288.4145307332595,290.25834375227123,5438800
JPM,2025-10-24,296.2334899902344,298.36325106738366,291.31336547241364,291.93451945757295,7228300
JPM,2025-10-27,299.89154052734375,300.2662249001909,296.7955198233114,297.92941246883,5642200
JPM,2025-10-28,301.0845947265625,303.6580673748709,298.915415308335,300.59159530101573,6336000
JPM,2025-10-29,301.2325134277344,303.93414060421026,298.7675163425421,299.2605157595805,7520300
JPM,2025-10-30,305.1075134277344,308.233113206998,300.8282816526182,301.50862332627236,7514600
JPM,2025-10-31,306.76397705078125,308.48947514882747,302.9481660712639,304.220113094536,7721300
JPM,2025-11-03,305.0187683105469,307.9471862719047,301.9227172950412,306.6456604912348,7770000
JPM,2025-11-04,304.920166015625,307.84858401169095,300.82827651560933,302.415720333495,7085200
JPM,2025-11-05,307.31610107421875,308.71623262048166,301.35082032546103,305.2750763211935,6865200
JPM,2025-11-06,309.03179931640625,310.4319009529449,305.9160390722913,306.63579903674446,7206100
JPM,2025-11-07,309.8106689453125,310.02758988101914,303.3326798145578,307.5231746391179,7302300
JPM,2025-11-10,312.4532165527344,315.0858168552232,309.810716541713,310.58966412464275,5794100
JPM,2025-11-11,311.2009582519531,314.58292715130625,310.86572224729366,313.05464094031504,5030200
JPM,2025-11-12,315.9239196777344,317.7381540918137,311.78271214996033,311.8320301504691,10578300
JPM,2025-11-13,305.1469421386719,316.14082355780937,304.7722577523736,314.7604311532612,8973300
JPM,2025-11-14,299.3591003417969,303.3327046462357,297.0124483237873,303.20451997960254,10327000
JPM,2025-11-17,296.1644592285156,301.31137424610444,293.5022804823602,299.74363974118836,8344000
JPM,2025-11-18,295.2178955078125,298.70833958092004,292.86134400280395,295.30663178632864,8077300
JPM,2025-11-19,299.02386474609375,300.1873662746028,295.0798692888629,295.5432899586994,5546600
JPM,2025-11-20,294.20233154296875,305.5807663052954,293.9854105998292,302.05087369332443,7501600
JPM,2025-11-21,293.84735107421875,297.456110287291,288.71030575970536,297.0715864028587,11766800
JPM,2025-11-24,293.8276672363281,295.6221924256846,290.386540762355,294.0642973394352,10940200
JPM,2025-11-25,298.75762939453125,300.2366275598507,291.4217960873232,295.84892096661844,8877200
JPM,2025-11-26,303.33270263671875,304.21022597199055,298.95486530692773,300.7296512123902,7910900
JPM,2025-11-28,308.696533203125,309.3275869646093,303.9243019705234,304.77227670123045,4322400
JPM,2025-12-01,304.59478759765625,309.6430970545817,304.2201032083801,308.5683618849884,7727300
JPM,2025-12-02,303.5693359375,306.1329390093465,302.7903884074122,304.4172805196406,7249000
JPM,2025-12-03,307.75982666015625,307.98658713845214,302.50443592551073,302.89885953876745,8535300
JPM,2025-12-04,311.67425537109375,314.0307770729326,308.61765279183703,308.8740221323167,9627800
JPM,2025-12-05,310.62908935546875,314.02092784192007,310.2741141188276,311.22069468967254,6518900
JPM,2025-12-08,310.79669189453125,312.0390600856641,308.96274846028484,310.64879808375287,7417200
JPM,2025-12-09,296.3025207519531,314.33641785317275,295.8193608594167,310.54034639506574,18049200
JPM,2025-12-10,305.7680969238281,306.8329925602339,294.2812160390869,296.2926621709551,18874100
JPM,2025-12-11,312.9363098144531,313.5476242674454,304.9102649889192,304.9102649889192,9721900
JPM,2025-12-12,314.0603332519531,315.7858311866128,312.16723236849225,315.2040954937631,8982900
JPM,2025-12-15,315.53936767578125,318.35934027084556,313.9322146909975,315.11539535630396,10864100
JPM,2025-12-16,311.13189697265625,315.0463132571263,309.99800441565543,314.6223410116007,8331300
JPM,2025-12-17,310.5699462890625,314.8984658400699,310.2544194174254,313.9716244610726,8718700
JPM,2025-12-18,308.6176452636719,313.2518519730792,307.84856735129125,311.57564186364317,11444900
JPM,2025-12-19,312.7686767578125,314.099781180705,308.8049723403709,309.39657764946713,24494400
JPM,2025-12-22,318.56634521484375,318.7043994886834,313.0644852104395,313.0644852104395,8354600
JPM,2025-12-23,321.3666076660156,323.1907116116738,318.56637445826755,319.07908304324746,6668300
JPM,2025-12-24,324.5612487792969,325.36974495293686,320.9426198260136,321.6722493328215,4289300
JPM,2025-12-26,323.3188781738281,326.2275566521161,321.96806459862194,324.502058709128,4158300
JPM,2025-12-29,319.2171325683594,323.1808371734579,319.0002116144308,322.4216288798564,8635300
JPM,2025-12-30,318.8917541503906,320.3904615362508,317.97475237184364,320.2622768741799,7904300
JPM,2025-12-31,317.70855712890625,320.3313177342217,317.5310845539587,319.79886991908165,5048500
JPM,2026-01-02,320.9229431152344,321.169442848154,316.2492877176746,317.98465546632457,8054000
JPM,2026-01-05,329.3630676269531,332.5281155423397,320.63697169770103,320.942628937084,10752600
JPM,2026-01-06,331.41326904296875,332.6612412306879,327.49110960074296,329.44229029813283,7660800
JPM,2026-01-07,323.8660888671875,328.9767963949314,321.4989374679619,327.9764659913386,9815200
JPM,2026-01-08,326.63934326171875,328.2339475379842,322.53888044956136,323.27183137637843,11737100
JPM,2026-01-09,326.0450744628906,328.7291759216584,325.0348299492433,326.1936353875406,6738100
JPM,2026-01-12,321.38995361328125,322.9053354478686,318.1611187929736,318.80490292970194,12805100
JPM,2026-01-13,307.9297790527344,323.7372950994605,307.60294504088824,321.20175473899405,19371200
JPM,2026-01-14,304.9287414550781,308.78159262538577,303.19546018048277,305.2556057077196,25951500
JPM,2026-01-15,306.30548095703125,309.95031666446005,304.8098971346673,305.5230197927318,14751400
JPM,2026-01-16,309.48480224609375,314.17950872864606,307.0383983149945,307.38506061636195,14652500
JPM,2026-01-20,299.8477478027344,308.1774060521912,298.9761500928895,303.2845981841295,12900600
JPM,2026-01-21,299.15447998046875,302.4823658305288,298.2729680555718,300.53118494697816,10270100
JPM,2026-01-22,300.729248046875,305.2555953909441,300.0062112868251,301.9474777854751,10535800
JPM,2026-01-23,294.8757019042969,299.4812715954647,293.6772702297321,299.11481126550876,11107900
JPM,2026-01-26,298.16400146484375,298.8969221500132,294.60830241167326,294.96484861763906,11752700
JPM,2026-01-27,297.44097900390625,299.08512378237486,295.3016109870806,298.45122352878457,11527400
JPM,2026-01-28,297.89654541015625,299.03558292254246,295.2025300603667,297.4013222225187,9556700
JPM,2026-01-29,303.49261474609375,303.898671192008,299.3327275624257,299.51100066931883,11580000
JPM,2026-01-30,302.9676818847656,304.98817089860455,299.66947824936375,302.333781642444,11953200
JPM,2026-02-02,305.1961975097656,306.34508884518107,298.49085539325506,301.5513314360023,9839400
JPM,2026-02-03,311.8420715332031,313.22869052113475,306.14700443281885,306.77099053389486,12688000
JPM,2026-02-04,314.2389221191406,316.25944126204155,311.4062598905275,311.4062598905275,9848800
JPM,2026-02-05,307.1968688964844,312.9909865673853,302.6210112179966,311.99062599899656,9388000
JPM,2026-02-06,319.3199462890625,321.15227836348157,311.7034102684662,311.7034102684662,17797400
JPM,2026-02-09,319.0228271484375,323.2817350541263,317.05181803840316,318.27007812796035,11477500
JPM,2026-02-10,315.2392883300781,323.01429884581904,312.1094739861534,319.4684837021083,9902200
JPM,2026-02-11,307.8505859375,322.1724337503843,305.78055639607567,320.15191444315514,8703500
JPM,2026-02-12,299.74871826171875,310.62380057979817,297.15372325834437,309.29660600764385,13443400
JPM,2026-02-13,299.6595458984375,301.38294318623025,293.6871553220786,295.6680481198895,9114500
JPM,2026-02-17,304.19580078125,305.29518175186814,299.61002921690664,299.8675549474044,8896800
JPM,2026-02-18,305.8300476074219,309.2966101142475,304.2849535938903,305.51309749540866,7209600
JPM,2026-02-19,305.1070251464844,306.226234501648,302.2050242231491,304.2354576365961,6737700
JPM,2026-02-20,307.82086181640625,308.0288471084009,302.75966472033866,305.4536802835111,7792700
JPM,2026-02-23,294.82623291015625,308.028871901531,292.2807780649544,305.84987743753925,12955400
JPM,2026-02-24,294.459716796875,296.886322684036,288.5962907533433,293.98432184665864,13554100
JPM,2026-02-25,300.4023742675781,300.75895068108485,294.1724883145502,295.78692074637365,8095500
JPM,2026-02-26,303.20538330078125,306.05787397622345,300.73918125790124,301.67017313360896,7007800
JPM,2026-02-27,297.4310607910156,300.0557680991628,291.636973162459,297.13393894248406,18620800
JPM,2026-03-02,294.7172546386719,297.11414843979566,290.4088063693875,291.9935267958635,8508900
JPM,2026-03-03,297.3914489746094,299.5011046657454,286.73423592223537,289.4975898716125,10278200
JPM,2026-03-04,296.52978515625,298.12438947518206,292.99388398032096,297.12402886142485,8055700
JPM,2026-03-05,290.74554443359375,298.3620800816865,289.63624924146006,295.1332451958745,12732500
JPM,2026-03-06,286.7144470214844,287.21955415339994,280.99955170429564,283.6044306839189,13496500
JPM,2026-03-09,287.1502685546875,288.31898819476027,277.77073879547015,282.7724816341387,12241100
JPM,2026-03-10,285.97161865234375,289.9532025593205,284.43640849634494,286.52626625452876,8344900
JPM,2026-03-11,284.7731628417969,287.7049062038017,282.1385715612803,286.05084727233185,10205000
JPM,2026-03-12,280.18743896484375,281.16797137675815,276.43363807803536,280.1279843639117,13760500
JPM,2026-03-13,280.7321472167969,284.4463214441296,280.2468381234208,281.9504072447318,9091200
JPM,2026-03-16,283.4261474609375,286.506421278288,281.89093739443587,283.6044205599556,8149000
JPM,2026-03-17,284.1492004394531,288.97266988082987,283.2181783456238,286.23902796907333,8961200
JPM,2026-03-18,284.99102783203125,286.6450865635814,282.3960631878955,284.08971801136914,10057000
JPM,2026-03-19,285.2188720703125,286.7441681021885,281.900870340191,284.13928904174674,9846700
JPM,2026-03-20,283.82232666015625,287.9326733008621,282.5446423017302,285.3277943529036,22436500
JPM,2026-03-23,287.14031982421875,292.9245231806114,285.2188513876401,291.4982779446762,11470800
JPM,2026-03-24,289.6065368652344,292.6571288676103,282.64369950840546,283.4360748065673,11092300
JPM,2026-03-25,292.59771728515625,294.7965097163498,289.6461758443202,291.3398308899875,12188200
JPM,2026-03-26,288.87359619140625,292.1717693530369,287.95248830787267,289.78478993876473,8669200
JPM,2026-03-27,280.13787841796875,287.3384134369941,279.05829538327214,286.3777093696089,9873300
JPM,2026-03-30,281.0589904785156,284.50575515603197,279.6327451103039,282.01972478590784,11734400
JPM,2026-03-31,291.3497314453125,292.25104134220237,282.22772810140145,285.71408872506316,12956900
JPM,2026-04-01,292.5580749511719,295.8661624411999,290.1116710297465,292.567989087923,11267200
JPM,2026-04-02,291.7855224609375,292.7957669317203,285.9616926535428,289.1212191631598,6669300
JPM,2026-04-06,294.125,295.4987855589938,291.88509063240025,292.7412191857173,7142600
JPM,2026-04-07,296.0662536621094,296.8427544058445,291.38734983011653,291.8253790066561,7849100
JPM,2026-04-08,306.5888366699219,309.8640903908154,303.96066179364243,306.5888366699219,10590200
JPM,2026-04-09,308.938232421875,309.8640846884941,304.73715687535,305.5734164156603,6586600
JPM,2026-04-10,308.4803161621094,308.9581744354404,305.344449093958,308.6097380099313,6069700
JPM,2026-04-13,312.2732238769531,312.33295236293975,304.0900871089203,306.0910825316173,8318200
JPM,2026-04-14,309.7247009277344,312.91036189245165,307.4847916064935,308.4305432499699,11455500
JPM,2026-04-15,304.5579833984375,312.8307129741003,302.8954898881459,312.54203541599225,9885800
JPM,2026-04-16,308.5599670410156,308.5599670410156,303.8312695552229,303.98059076810495,8208600
JPM,2026-04-17,308.8984375,313.4877482505245,308.69932229637936,311.068653468178,11082400
JPM,2026-04-20,315.5683898925781,315.70777661938337,308.9780833700189,309.45594165814435,10772000
JPM,2026-04-21,311.5962829589844,318.8038038717339,311.3474041387296,316.0661368489313,7084300
JPM,2026-04-22,311.6161804199219,313.73663281642627,310.5410372905177,313.43799038623484,5545900
JPM,2026-04-23,310.29217529296875,313.57736372602733,307.5047445243564,312.11395497732667,6969700
JPM,2026-04-24,306.8974609375,309.7545850384977,306.5092257615542,309.7545850384977,5215300
JPM,2026-04-27,310.232421875,311.1781431330245,305.50372444273444,305.50372444273444,7925300
JPM,2026-04-28,310.0532531738281,314.03531438457196,309.7745101043047,313.78643555890045,7398600
JPM,2026-04-29,307.86309814453125,310.65052875636707,305.91189671624613,309.1771855961317,8031800
JPM,2026-04-30,311.82525634765625,312.6913497643884,305.1951210592971,305.6928786901284,8865400
JPM,2026-05-01,311.06866455078125,314.6624601726697,310.43152018106696,312.54203812020876,6135400
JPM,2026-05-04,306.270263671875,309.2568094519629,305.13539207341324,309.22694520939064,7338200
JPM,2026-05-05,308.0124206542969,309.5753869306937,305.42407485773,306.32999740556414,6316800
JPM,2026-05-06,313.4877624511719,314.84167905955115,309.95369528217543,310.0532528884956,8629500
JPM,2026-05-07,304.8964538574219,314.8814709002291,304.76706239082745,313.23887676443206,8359600
JPM,2026-05-08,300.74517822265625,307.60426284206056,299.1523476664256,306.86759124184925,9464300
JPM,2026-05-11,298.6545715332031,301.83026757429667,297.5395993270601,300.74515961007836,9512000
JPM,2026-05-12,303.5126953125,304.6873960201211,294.2245209852311,298.67447538308426,9498200
JPM,2026-05-13,298.9034729003906,301.6411400127173,298.72428743531935,300.91440289675086,7709500
JPM,2026-05-14,298.56500244140625,302.38777761395096,297.4699295162906,300.8945046380796,7364300
JPM,2026-05-15,296.4743957519531,299.44104214981957,295.1205095874812,298.86362628854243,8699300
JPM,2026-05-18,299.3813171386719,299.908939014877,295.8870488301784,296.6635495230975,7546300
JPM,2026-05-19,294.3738708496094,300.436555061437,293.935841710235,299.7396822358739,8066900
JPM,2026-05-20,300.625732421875,301.57145376364997,292.35300240137923,295.3694126574367,9327000
JPM,2026-05-21,301.6411437988281,302.6167597554335,298.8636475324957,299.8790926087445,7874400
JPM,2026-05-22,305.0059814453125,306.07119010408854,302.4773640852478,303.31359328873907,5973900
JPM,2026-05-26,305.3643493652344,308.54004556072954,304.0701916446211,307.1065011172144,7725400
JPM,2026-05-27,297.93780517578125,304.52811132231307,294.42363753054383,303.63215366632585,11779200
JPM,2026-05-28,295.3992614746094,299.7197941661088,294.4236455581874,296.23549066837876,9757700
JPM,2026-05-29,297.9676818847656,298.53513289689414,293.87612858626386,295.070728717322,13969000
JPM,2026-06-01,295.2499084472656,298.20659004481905,293.94578586060317,296.3549462063085,7930000
JPM,2026-06-02,299.6102600097656,300.7152977310929,293.9457758280521,295.17027051801705,8296200
JPM,2026-06-03,299.50079345703125,300.60580089187994,295.23002417973413,298.5749714904202,7003900
JPM,2026-06-04,309.4957580566406,311.5066879726736,303.0746723882986,304.36883009196185,10345200
JPM,2026-06-05,310.9691162109375,313.58732636819616,308.211549706599,312.8805189963161,9118800
JPM,2026-06-08,309.7147521972656,314.88147906470095,309.3862455138746,311.84516953437026,6827000
JPM,2026-06-09,311.2976379394531,315.0009559692908,307.62418415256917,312.1040028799189,11594600
JPM,2026-06-10,307.75360107421875,313.3384270822022,307.64407859799763,311.1582462393224,7446200
JPM,2026-06-11,312.0840759277344,313.30857066124145,307.4947650619962,308.1717081621576,9116600
JPM,2026-06-12,319.28167724609375,319.85906276888113,314.1348496322589,314.5529794375797,7426200
JPM,2026-06-15,317.96759033203125,324.4583697274161,317.41010417767774,322.4673390673774,7988900
JPM,2026-06-16,329.6549377441406,330.26218746993305,322.56684357389287,322.8455866314347,11094900
JPM,2026-06-17,331.9645080566406,336.25517637046335,330.01330666560995,330.69024974688585,12246400
JPM,2026-06-18,323.761474609375,336.57375116590936,322.70623086248213,335.4388795655989,20111000
JPM,2026-06-22,329.993408203125,331.2776010100568,325.28461010223134,328.22139226156105,10182500
JPM,2026-06-23,332.6414794921875,333.86594380335947,325.7425357353925,327.9924099173137,7582200
JPM,2026-06-24,331.95458984375,333.02973300317086,328.291070440402,331.57628916780243,7907400
JPM,2026-06-25,333.6170654296875,341.90972446819404,333.2586945227413,333.4577793441399,10043100
JPM,2026-06-26,327.57427978515625,334.8913229247855,326.03124330500606,334.49312290223526,17640900
JPM,2026-06-29,327.91278076171875,330.8993264933345,325.73259994718205,326.80774304304947,7981800
JPM,2026-06-30,325.86199951171875,328.95806779511634,325.2149206632551,327.41503128103255,8080100
JPM,2026-07-01,332.5718078613281,334.13477419390347,323.5524415571975,326.89735842569155,15210200
JPM,2026-07-02,332.9700012207031,338.4751995750331,330.2820977776739,336.5040683580973,8413900
JPM,2026-07-06,337.7200012207031,339.7200012207031,334.1099853515625,335.0,8673500
JPM,2026-07-07,339.2200012207031,341.3999938964844,337.0899963378906,340.9800109863281,7115800
JPM,2026-07-08,330.6199951171875,336.5299987792969,330.1300048828125,336.5299987792969,18505200
JPM,2026-07-09,335.4700012207031,337.0,330.80999755859375,331.4599914550781,15570600
JPM,2026-07-10,336.4700012207031,338.5899963378906,335.7699890136719,337.4700012207031,6299000
JPM,2026-07-13,334.5299987792969,338.3500061035156,332.5,338.3399963378906,7120300
JPM,2026-07-14,342.8900146484375,344.7300109863281,325.75,327.0,14537900
JPM,2026-07-15,346.9100036621094,351.239990234375,344.04998779296875,345.8500061035156,10750000
JPM,2026-07-16,343.1499938964844,349.3399963378906,341.1099853515625,349.2799987792969,12432400
JPM,2026-07-17,341.1000061035156,346.1300048828125,335.04998779296875,339.0299987792969,9250900
JPM,2026-07-20,338.8699951171875,344.260009765625,337.3699951171875,341.79998779296875,7723300
JPM,2026-07-21,345.2300109863281,345.739990234375,337.29998779296875,340.1199951171875,6015300
JPM,2026-07-22,348.2099914550781,349.07000732421875,344.25,345.07000732421875,8040200
JPM,2026-07-23,349.8999938964844,349.9200134277344,345.4200134277344,346.5799865722656,10913000
JPM,2026-07-24,353.2099914550781,353.3699951171875,347.5,350.6400146484375,7520800
JPM,2026-07-27,356.20001220703125,359.04998779296875,352.5799865722656,357.8900146484375,7884900
JPM,2026-07-28,357.30999755859375,359.29998779296875,354.1499938964844,357.29998779296875,6533800
JPM,2026-07-29,344.7099914550781,357.3699951171875,343.7799987792969,356.5,8265300
JPM,2026-07-30,350.8500061035156,352.2799987792969,345.3699951171875,347.5400085449219,7606500
JPM,2026-07-31,351.7900085449219,354.4700012207031,349.70001220703125,353.29998779296875,6603400
JPM,2026-08-03,352.6400146484375,355.6199951171875,350.8399963378906,353.75,6436600
JPM,2026-08-04,357.5199890136719,363.0,353.8699951171875,355.0,8477200
JPM,2026-08-05,359.239990234375,362.1700134277344,358.20001220703125,358.9700012207031,5269500
JPM,2026-08-06,356.29998779296875,362.80999755859375,354.95001220703125,362.80999755859375,5820100
JPM,2026-08-07,357.5199890136719,358.85430908203125,353.375,355.760009765625,4453856
