symbol,date,close,high,low,open,volume
LOW,2018-01-02,77.84141540527344,79.40469760335512,77.75644906153347,79.03086643336952,6572600
LOW,2018-01-03,78.18126678466797,78.24073934514986,77.45909812680996,77.95187447481582,4572000
LOW,2018-01-04,78.79299926757812,78.86096976963654,77.80745291582647,78.32571665048016,3542800
LOW,2018-01-05,80.49219512939453,80.54317622934424,79.65957945380126,79.8634844075353,5524200
LOW,2018-01-08,79.61710357666016,80.82355051295427,79.58311833425469,80.18634180240174,6191600
LOW,2018-01-09,80.33077239990234,80.64512451612167,79.4896523218577,80.13535889677499,4112200
LOW,2018-01-10,80.0079116821289,80.56865837146401,79.73603626724494,80.25429978968332,2778000
LOW,2018-01-11,81.34183502197266,81.37582027311277,79.87201018180048,80.32230341586506,3172600
LOW,2018-01-12,85.69183349609375,86.89828051098233,81.24836161294597,81.57121819581941,14247600
LOW,2018-01-16,85.7852783203125,89.71897742108365,85.03761601583957,86.23557139985824,13570400
LOW,2018-01-17,86.38849639892578,86.90675992540628,85.43692919839968,86.03166112948647,5296100
LOW,2018-01-18,86.11664581298828,86.77084399559334,85.6493567668253,86.67738618636075,5956600
LOW,2018-01-19,89.16675567626953,89.50660169213715,87.05972204553275,88.59751732685483,9558300
LOW,2018-01-22,91.00189971923828,91.23129200097527,89.5065814763644,90.90844192393227,7084300
LOW,2018-01-23,91.35160064697266,92.37504982416192,90.532840003835,91.257783713255,6118200
LOW,2018-01-24,91.01896667480469,91.80361136860432,90.31960831608237,91.59039227744591,4127500
LOW,2018-01-25,90.72898864746094,92.94647248220149,90.4987148836323,92.91235664553604,4864800
LOW,2018-01-26,91.59892272949219,91.59892272949219,90.00404158745764,90.95073487137518,4017200
LOW,2018-01-29,91.1213150024414,92.43474549043974,90.9848581567294,92.11065478830929,3787300
LOW,2018-01-30,89.70555877685547,90.52431951129189,89.23647405596027,90.15758232230071,6360800
LOW,2018-01-31,89.32173156738281,90.57545417561326,89.15968299940371,90.12343080907088,7082200
LOW,2018-02-01,88.57975769042969,89.62026810711401,88.05950248208752,88.56269651580087,4922900
LOW,2018-02-02,86.56694793701172,88.57973660664344,86.26844252137354,88.57120602135949,6247900
LOW,2018-02-05,83.22370147705078,87.94010810689971,82.76314732509462,86.46462870302543,8339800
LOW,2018-02-06,85.47525787353516,86.0722686391799,80.86119428859037,81.27057774712485,9031200
LOW,2018-02-07,85.21939849853516,87.26630292386504,85.07441108891895,85.28763016432977,5257300
LOW,2018-02-08,81.03179168701172,85.38146019208659,80.9294441725999,85.21941158766725,7673100
LOW,2018-02-09,82.87399291992188,83.71834518684805,78.89959253400627,82.03817774532016,9667800
LOW,2018-02-12,83.39424896240234,84.43475915675604,82.87399386522549,83.79510189041699,8067600
LOW,2018-02-13,81.92728424072266,83.24924493011255,80.9123660053854,82.69487410853199,5541700
LOW,2018-02-14,82.66930389404297,83.07015681493998,80.51152779501531,81.10000804488553,8395800
LOW,2018-02-15,82.31109619140625,83.74392868192594,81.55203678046314,83.73539809671028,5729300
LOW,2018-02-16,82.14051818847656,83.30043053094089,81.6970253549132,82.28551211148216,5331500
LOW,2018-02-20,81.57765197753906,83.30899051690652,81.39001807549153,82.34524225549153,6648700
LOW,2018-02-21,81.3132095336914,82.89955970331275,81.21086855947627,81.87611091958935,4248700
LOW,2018-02-22,82.63518524169922,82.88252015268927,81.64585210466889,81.89318050872907,4461200
LOW,2018-02-23,83.14689636230469,83.25777442933378,82.40489825552882,83.01043955809888,4358200
LOW,2018-02-26,83.16400146484375,83.56485451940962,82.48169756257006,83.51367749723313,4733600
LOW,2018-02-27,81.69701385498047,83.93155189279045,81.43262430912613,83.25777889848597,8503300
LOW,2018-02-28,76.40919494628906,78.65226408363561,73.9870290494382,74.5414000209354,34109800
LOW,2018-03-01,75.01899719238281,76.50300010524688,74.29405365205396,76.39212853077342,15153400
LOW,2018-03-02,72.78446960449219,74.49022242211157,72.5627264231917,74.09790005489079,12476800
LOW,2018-03-05,73.62881469726562,74.21729493679008,72.53713404239885,72.54565812065908,8324600
LOW,2018-03-06,74.30258178710938,74.37080694234311,73.59469293275772,73.77379616573896,6359000
LOW,2018-03-07,73.44117736816406,74.03818816445533,72.92945289892445,73.76526801373222,6417100
LOW,2018-03-08,73.48384094238281,74.03820545111812,72.88682349976845,73.72264531665608,4711800
LOW,2018-03-09,74.43904876708984,74.48169518849637,73.54353247992576,73.98702533067411,6370400
LOW,2018-03-12,74.78018188476562,75.1042724827059,74.20875641987277,74.41344487610196,5797500
LOW,2018-03-13,73.46678161621094,75.07018710302978,73.26209307696269,74.82285864269261,5792000
LOW,2018-03-14,73.67147827148438,74.13203241572846,72.71626064513995,73.9785143676471,7045600
LOW,2018-03-15,72.95502471923828,73.90171774121448,72.74180568738649,73.81643142985946,4737800
LOW,2018-03-16,74.20023345947266,74.49020826001116,72.94650433577287,72.94650433577287,8772400
LOW,2018-03-19,73.16826629638672,74.21730061245592,72.75035868712754,73.86762467607633,6767000
LOW,2018-03-20,73.1170883178711,73.73115379019858,72.55418683457532,73.50941063641218,4797800
LOW,2018-03-21,74.4134521484375,75.03605466843037,73.06590612379989,73.25353993823416,6808700
LOW,2018-03-22,73.09152221679688,74.43053822217566,73.0488822908397,73.77382610143268,12067700
LOW,2018-03-23,71.4454574584961,73.45824640400996,71.41987220606742,73.29620430298473,7383700
LOW,2018-03-26,76.161865234375,77.04032688655336,74.7546178709268,75.36015933498246,13886800
LOW,2018-03-27,73.31324005126953,75.90598457488359,72.92944835001093,75.90598457488359,10944900
LOW,2018-03-28,73.2450180053711,74.14054076842794,72.56272083502645,73.42412125659644,7725100
LOW,2018-03-29,74.83988952636719,75.05310858484687,73.32177087110055,73.54352051385962,8515600
LOW,2018-04-02,72.14480590820312,74.66932558078845,70.85696732995112,74.49874640997592,9611700
LOW,2018-04-03,72.87826538085938,73.35588045590248,71.93157232125499,72.51152837122048,7352900
LOW,2018-04-04,75.10428619384766,75.28338943911162,71.7695431868151,71.91453059865785,7860800
LOW,2018-04-05,75.6927719116211,75.94863740536188,75.24927909699085,75.48808342078635,5098000
LOW,2018-04-06,75.25782012939453,76.03394086350707,74.3878889671682,75.17253378124391,8757100
LOW,2018-04-09,72.69917297363281,75.56483782212156,72.55418556632307,75.44543566234533,7343900
LOW,2018-04-10,74.31964111328125,74.44757386113355,72.81857698613604,73.2535457260619,5633700
LOW,2018-04-11,73.9017333984375,74.85695069907682,73.54352691069776,73.6543984882563,4643900
LOW,2018-04-12,74.234375,74.45612472287128,73.9188083369498,74.14055805982106,3931300
LOW,2018-04-13,73.54353332519531,74.73755505513753,73.15120446315098,74.49875070914909,4826100
LOW,2018-04-16,73.39852142333984,74.18317244837698,73.2279487913785,73.9870080653855,5093300
LOW,2018-04-17,73.48384094238281,74.1405529716343,73.38149342186662,73.84204750379273,5132200
LOW,2018-04-18,73.69705200195312,74.58403772167969,73.3985400598329,73.6458749938274,5119500
LOW,2018-04-19,72.39214324951172,73.60323262857524,71.62455972941022,73.60323262857524,5719400
LOW,2018-04-20,71.3175277709961,72.97210358224706,71.02754640789337,72.81858556811753,7568700
LOW,2018-04-23,71.94010925292969,72.12774306608283,71.17251933863471,71.7865912700707,5084400
LOW,2018-04-24,71.05736541748047,72.90857299940788,70.7573954440474,72.61718181674001,5437000
LOW,2018-04-25,69.83181762695312,70.9288308527261,69.68611544953437,70.75741844950244,10821900
LOW,2018-04-26,71.37447357177734,72.06010994920274,69.96892488289704,70.06320004826087,9228400
LOW,2018-04-27,71.99153137207031,72.37719767465023,71.05735868689538,71.2716191969313,3985900
LOW,2018-04-30,70.6459732055664,72.31720251099446,70.6459732055664,72.24864411955734,4193700
LOW,2018-05-01,71.10021209716797,71.11735660091095,69.55754023462796,70.06319193693646,3967400
LOW,2018-05-02,71.95726776123047,73.03714284561724,70.71455909287216,70.84311674032284,6604200
LOW,2018-05-03,70.98881530761719,71.61445252519589,69.72896207990252,71.5716043334065,5679100
LOW,2018-05-04,72.18865966796875,72.62574643538228,70.45743094731215,70.78310459456951,3242700
LOW,2018-05-07,71.86299133300781,72.4372080710428,71.42589795480033,72.31722267917618,4805900
LOW,2018-05-08,72.20579528808594,72.23150550430911,71.1344926873725,71.5030210435664,3725700
LOW,2018-05-09,72.35149383544922,72.9599929529284,71.36589409468789,72.00010996815557,4222400
LOW,2018-05-10,72.9085922241211,73.277120695013,72.06868784672295,72.68575938298049,5140900
LOW,2018-05-11,74.9483413696289,75.19688440419657,73.01999632713026,73.01999632713026,6844500
LOW,2018-05-14,74.20269012451172,75.35969539507342,73.75702466970918,75.15400716754732,5065400
LOW,2018-05-15,73.4399642944336,74.2627242019802,73.02858107130304,73.44853001043616,4735500
LOW,2018-05-16,73.28567504882812,73.81703698959473,73.00284957400633,73.71419611781414,3975100
LOW,2018-05-17,73.25138092041016,73.85987995687971,73.02854816916263,73.36279402667815,3180900
LOW,2018-05-18,73.99700927734375,74.45124706752742,73.03712634252443,73.11425699033866,5824100
LOW,2018-05-21,74.89691162109375,75.03404150121453,74.21127529791502,74.4255358315693,4311300
LOW,2018-05-22,73.49138641357422,77.43378017874606,73.34569077364932,77.17667137982824,10770300
LOW,2018-05-23,81.1532974243164,81.53896365347646,77.57942782785923,77.73369562726538,26304800
LOW,2018-05-24,82.6960220336914,82.91885489577601,79.76493849969042,80.43343054722943,10167500
LOW,2018-05-25,82.86740112304688,83.55303086642964,82.31889471285581,82.87596683600674,7642200
LOW,2018-05-29,82.08747863769531,82.91881039273619,81.76180504383562,81.84750793288173,5033600
LOW,2018-05-30,83.4930419921875,83.9729900270403,82.31889846931387,82.5417247132576,4928200
LOW,2018-05-31,81.4275894165039,83.84444840126177,81.29903176587251,83.4759199567658,7602100
LOW,2018-06-01,82.13034057617188,82.56742731036871,81.5561239764696,81.79609470239224,4786000
LOW,2018-06-04,83.63876342773438,83.90445101409054,82.18179398498941,82.23321443583245,5010400
LOW,2018-06-05,83.56161499023438,83.7244551015779,82.91026108357339,83.23594130626043,3836700
LOW,2018-06-06,84.41008758544922,84.53864522797149,83.25308188017543,83.97300075507215,4138000
LOW,2018-06-07,85.0785903930664,85.404270667726,84.5729385499895,84.5729385499895,4242200
LOW,2018-06-08,85.89275360107422,85.96131853301112,84.42721250915962,84.94143642126286,3680400
LOW,2018-06-11,86.13274383544922,86.50127225470166,85.70422272184001,86.08132339420436,3568300
LOW,2018-06-12,86.13274383544922,86.84409045333167,85.58423733312651,86.77552550586302,3401900
LOW,2018-06-13,85.24143981933594,86.41559030948338,85.22430184766668,86.21846767235516,4309700
LOW,2018-06-14,84.98431396484375,85.68708835917998,84.5557928332067,85.27570519577445,4129900
LOW,2018-06-15,85.00142669677734,85.42137545026218,84.1358124370252,84.2986525110896,6197800
LOW,2018-06-18,84.49579620361328,85.18143265086424,84.25582540868957,84.35867283739134,3766100
LOW,2018-06-19,84.12728881835938,84.63294071799005,83.68162308910077,83.95587640760034,6228100
LOW,2018-06-20,84.36724090576172,84.79576202935667,83.71588696705764,83.99014022460987,4419700
LOW,2018-06-21,84.89857482910156,85.1814002464045,83.87869933865386,84.2815035690629,4388100
LOW,2018-06-22,84.17867279052734,85.24997537330496,83.99012248976456,85.15570022292356,5477300
LOW,2018-06-25,83.00454711914062,84.40153028105561,82.45604055918967,83.7844587664323,4219200
LOW,2018-06-26,83.24452209472656,83.70732575389383,83.08168849260952,83.44164471461262,4443400
LOW,2018-06-27,82.5417251586914,84.19581672534409,82.45602225373422,83.37305706807248,3296500
LOW,2018-06-28,82.27603912353516,82.91024842760635,81.59040284868752,82.2931770879859,3945100
LOW,2018-06-29,81.90753173828125,83.50163092748366,81.90753173828125,82.7902842545002,4212900
LOW,2018-07-02,81.3075942993164,81.89038324562152,80.52768277378051,81.72754313837491,6036300
LOW,2018-07-03,81.47042846679688,82.44745604003343,81.32473286382772,81.63326857524063,2193100
LOW,2018-07-05,81.86466979980469,82.00179969328961,81.24760489526219,81.77896688573323,3182400
LOW,2018-07-06,82.39602661132812,82.7131345408807,80.99905034836094,81.63325966875382,3818600
LOW,2018-07-09,83.09883880615234,83.75876518323011,82.49891168036825,82.75602050339775,2646000
LOW,2018-07-10,84.8557357788086,85.19855390888397,83.68158580838185,83.98154922018081,4547800
LOW,2018-07-11,84.5129165649414,84.76145954259094,83.62159205366056,84.41864141691187,3796900
LOW,2018-07-12,84.24725341796875,84.9071730548506,83.91300747297865,84.86431832807207,2995100
LOW,2018-07-13,85.34427642822266,86.33844212666898,84.73577716115273,84.84719030964247,5197600
LOW,2018-07-16,85.38711547851562,85.57566581632011,84.63292066601102,85.42139795254494,2502200
LOW,2018-07-17,85.91850280761719,86.09848093159586,85.1728735465215,85.36142392556052,2866300
LOW,2018-07-18,86.60408782958984,86.64693600196654,85.9013137232455,85.99558231795856,2922700
LOW,2018-07-19,86.8955078125,87.40116610875468,86.40699402186102,86.56126187883717,2742300
LOW,2018-07-20,86.26986694335938,86.7755186790552,86.08988233573558,86.65553329978118,5424700
LOW,2018-07-23,86.69840240478516,86.97265567986358,85.81564334124744,85.84136010282586,3626200
LOW,2018-07-24,86.11280822753906,87.38728068005642,85.75113600975601,87.20643800127903,3017400
LOW,2018-07-25,85.26891326904297,86.1644874042905,84.25278170884741,86.01809718398029,4288700
LOW,2018-07-26,84.83834838867188,85.61336509192533,84.37334493660666,85.33780432742265,3063400
LOW,2018-07-27,84.39056396484375,85.59614476403317,83.99444577951763,85.25169216856665,3718900
LOW,2018-07-30,85.4928207397461,85.71671594822728,84.43363655825839,84.45085623434716,4518400
LOW,2018-07-31,85.54447937011719,86.2506108601102,85.21725299198096,85.58753841166364,3239400
LOW,2018-08-01,84.35613250732422,85.52726759071606,84.14085041949319,85.243093658006,2942100
LOW,2018-08-02,83.90835571289062,84.29586087562424,83.3055618743302,84.13224437274678,4253500
LOW,2018-08-03,84.07194519042969,84.77807006330545,83.94278121420422,84.24417477520846,3546800
LOW,2018-08-06,84.17528533935547,84.41640019502795,83.83083272987173,83.97722295368902,3247200
LOW,2018-08-07,85.0622329711914,85.25168220505107,83.85665231290035,84.0977737004674,2754800
LOW,2018-08-08,85.13975524902344,85.51004067152421,84.838355095679,85.08808308479695,1816100
LOW,2018-08-09,86.0611572265625,86.61227876700603,85.14835683716971,85.6219799906229,4206500
LOW,2018-08-10,84.65750885009766,85.78559122777948,84.41639401208523,85.39807960678529,3068300
LOW,2018-08-13,83.60694885253906,84.91586763157589,83.56389637671198,84.65752649706158,3399300
LOW,2018-08-14,84.73501586914062,84.8814060858066,82.87497581072554,83.9169401403447,3754500
LOW,2018-08-15,83.38304901123047,84.34750843478523,82.89220617748934,84.17528541483247,3979200
LOW,2018-08-16,84.11500549316406,84.58862864606462,83.66722170578379,83.7533332145238,4325100
LOW,2018-08-17,84.37335205078125,84.58863412151005,83.81361735290889,84.1063978155541,2575800
LOW,2018-08-20,85.22586822509766,85.37225845816164,84.31307433671344,84.37335305443905,3467000
LOW,2018-08-21,85.888916015625,86.36253910498266,85.08806660900231,85.50141099334046,5599900
LOW,2018-08-22,90.86622619628906,94.55185965749212,89.78981616635352,90.39260972504869,24973400
LOW,2018-08-23,92.26988983154297,92.69184081860652,91.45181408287552,92.08044057248551,7492700
LOW,2018-08-24,91.96849060058594,93.01045489129022,91.84793318314158,92.00292994566732,5107100
LOW,2018-08-27,92.1148910522461,92.99323898697094,91.94266145825978,92.49378958912874,3119400
LOW,2018-08-28,93.23436737060547,93.33770514198451,92.04601256424336,92.04601256424336,3794600
LOW,2018-08-29,93.58744049072266,93.74244387498514,92.6746464333373,93.21715499331165,3297800
LOW,2018-08-30,92.89851379394531,93.42380255514117,92.64878581158277,93.25157953207805,2533300
LOW,2018-08-31,93.64768981933594,93.71658165068847,92.7348960485181,92.81239443137471,4263300
LOW,2018-09-04,94.66383361816406,94.922174734308,93.02768854565659,93.33769525707432,3883800
LOW,2018-09-05,93.35491180419922,95.39578144415432,93.32907243935907,94.43132205983353,4722900
LOW,2018-09-06,94.19020080566406,94.44854189541479,93.24296109305608,93.38074475955962,3621600
LOW,2018-09-07,94.37105560302734,95.14607245565736,93.70798964404217,93.8543798912367,3826200
LOW,2018-09-10,96.78218841552734,97.21275247345562,94.93076165245851,95.34410603881956,6210600
LOW,2018-09-11,98.32361602783203,98.62500957738389,96.53246783351435,97.2644254738222,5757700
LOW,2018-09-12,98.4614028930664,98.633632488395,97.16971049259485,98.43557009623895,5515400
LOW,2018-09-13,97.09220886230469,97.91027806068413,96.45497580557058,97.72944191903879,4856500
LOW,2018-09-14,98.07389068603516,98.36667769190964,96.58414257136974,97.5313822823532,5294700
LOW,2018-09-17,97.94471740722656,98.29778311476534,97.6605501007849,97.893051818762,4780000
LOW,2018-09-18,99.50335693359375,99.64974713727939,97.49692683642176,97.5658186628219,4439400
LOW,2018-09-19,100.1147689819336,100.32143791575392,99.44309001960231,99.62392615793097,3587400
LOW,2018-09-20,100.49365234375,100.63143600111272,99.90808493973125,99.90808493973125,4663800
LOW,2018-09-21,100.61419677734375,101.05337391616497,100.18363275846798,100.70031483702734,9171800
LOW,2018-09-24,99.03834533691406,100.39031620089744,98.88334201499748,100.0716964364339,5647500
LOW,2018-09-25,99.20198059082031,99.89088588001691,98.978091956236,99.30531835516612,3999100
LOW,2018-09-26,98.84888458251953,100.05446510471845,98.83165834326631,99.70139946876567,4293700
LOW,2018-09-27,98.59917449951172,99.18474191217328,97.79832504645822,98.67667288050731,4419900
LOW,2018-09-28,98.8747329711914,101.35477965422848,98.75417555693944,100.43337280536772,5745200
LOW,2018-10-01,98.2289047241211,99.57226276710284,98.20307192635414,99.52921029412043,4430100
LOW,2018-10-02,96.95442199707031,98.83168175740857,96.93720232362288,98.49584228114554,5055600
LOW,2018-10-03,96.23107147216797,97.74665886691304,96.05023534772073,97.30748166760608,6153900
LOW,2018-10-04,95.39578247070312,96.2999697231206,94.74132318866656,96.23107788924582,5750200
LOW,2018-10-05,94.50019836425781,95.67994625774965,93.33767671235967,95.27521498881865,5278500
LOW,2018-10-08,94.63797760009766,94.80158746828374,93.66489866194652,94.31074472395372,4187000
LOW,2018-10-09,94.00935363769531,95.56799997512886,93.99213396634671,94.80158991745202,3425800
LOW,2018-10-10,91.52931213378906,95.67994956677722,91.33124976792904,95.52494623650438,5258200
LOW,2018-10-11,89.7553939819336,93.63907738191583,89.39371514963428,91.61542745283185,6025200
LOW,2018-10-12,90.72846221923828,92.16654464994838,89.57454708431833,91.06430167144276,4504400
LOW,2018-10-15,90.13426971435547,91.20207320650545,90.10843692452508,90.72845015999654,3802200
LOW,2018-10-16,91.26239013671875,91.76183961239647,89.75541544639563,90.46154046706579,3637300
LOW,2018-10-17,88.21397399902344,88.97176444203545,87.3097867704099,88.15369528844165,5960100
LOW,2018-10-18,85.86309051513672,88.15369464017336,85.69947405766648,87.97285850975783,7071800
LOW,2018-10-19,85.75977325439453,86.59506884434262,85.20865161007815,85.92338975095004,4686600
LOW,2018-10-22,84.72637939453125,86.33669104366817,84.54554331145464,86.0180713335513,3770500
LOW,2018-10-23,84.90811157226562,85.56577256466693,82.72742671760533,83.80045845444944,6968500
LOW,2018-10-24,83.53218841552734,87.149349686473,83.35046580791222,85.08116485425765,5724500
LOW,2018-10-25,84.76100158691406,85.47924343184584,82.86589020845894,83.99084087197085,4534900
LOW,2018-10-26,81.15251159667969,83.61875746181282,80.56407340762198,83.38511589652472,6600000
LOW,2018-10-29,80.35638427734375,82.68417739028646,79.27469700955923,82.08708390579898,4245000
LOW,2018-10-30,81.98322296142578,82.22551980404373,80.46886109296979,80.57270542641768,4913000
LOW,2018-10-31,82.39863586425781,84.41490313981825,82.24287258541415,82.91784459303763,5792000
LOW,2018-11-01,84.31968688964844,84.63986209131379,81.86209001683592,82.45918349338272,4626900
LOW,2018-11-02,83.78317260742188,85.76482456550423,82.90051866118775,85.16773105352219,4535500
LOW,2018-11-05,83.99950408935547,84.49275320697004,82.80532375252415,83.63605876102788,3309700
LOW,2018-11-06,84.38026428222656,84.44948725145282,83.35915121256696,83.748555997584,2432200
LOW,2018-11-07,87.05419921875,87.10612470253253,83.8524072075513,84.8908244538601,6632600
LOW,2018-11-08,86.07634735107422,87.13207518412183,85.65232778934195,86.0071177812132,4918600
LOW,2018-11-09,83.78317260742188,85.7129056869303,83.4456866925004,85.62636541984648,5187000
LOW,2018-11-12,82.7707290649414,84.51008441866686,82.5543915643023,83.59280892653139,6183400
LOW,2018-11-13,82.71878051757812,83.24664440016369,81.14384421602134,82.16495719848747,5196700
LOW,2018-11-14,82.1303482055664,84.28506724140765,81.68036263694664,83.65335901695497,4380800
LOW,2018-11-15,81.06596374511719,81.72363139478806,79.24873061517135,81.43806439665661,6747700
LOW,2018-11-16,80.69387817382812,80.88425620816068,79.62084614643052,80.3390815458273,4090600
LOW,2018-11-19,79.0497055053711,81.25635020866967,78.38338904241279,80.74579037681478,5898000
LOW,2018-11-20,74.57585906982422,77.55266501507502,73.33840837533646,74.29894734948202,10061000
LOW,2018-11-21,76.47097778320312,77.0334499714163,74.60181871425434,74.89604113159459,7344500
LOW,2018-11-23,75.98638153076172,76.67000882430372,75.75273993524318,76.16810423885315,3008400
LOW,2018-11-26,77.28437805175781,77.4314925154131,75.54502994298254,76.7305547829795,5151100
LOW,2018-11-27,79.3006591796875,79.3006591796875,77.11132513060075,77.11132513060075,5608100
LOW,2018-11-28,81.07463073730469,81.11789426917612,78.41800692328383,79.64680214363715,6964000
LOW,2018-11-29,80.65059661865234,80.95347432244004,79.57756474318559,80.78040040569066,5398800
LOW,2018-11-30,81.6630630493164,81.80151558430593,80.01024176136839,80.43426131502355,6881000
LOW,2018-12-03,81.59384155273438,83.12550794621141,81.20443014273141,82.63225877521755,5645500
LOW,2018-12-04,78.16704559326172,82.29476105346546,77.82090436801045,81.79285660695587,6114000
LOW,2018-12-06,78.70355987548828,78.76413409602398,75.7008016836817,76.87767131093312,5954300
LOW,2018-12-07,77.36227416992188,79.86313458733663,77.0594030574849,78.20166454017227,4968600
LOW,2018-12-10,77.38822174072266,78.12376764444723,75.54502930874075,77.65647802744603,3262700
LOW,2018-12-11,77.4314956665039,79.68140361273807,77.0161248969695,78.18434569577431,4137000
LOW,2018-12-12,79.70738220214844,81.11790020459905,75.86522641851393,77.87283798250127,10837300
LOW,2018-12-13,81.59384155273438,81.77556423656415,79.73333797719764,80.30447207103036,7984600
LOW,2018-12-14,80.78905487060547,82.16495783275332,80.45156898924488,81.0659665322884,7103900
LOW,2018-12-17,78.27088928222656,80.38234497469006,77.70841717584315,80.2958113123307,6047700
LOW,2018-12-18,79.14488983154297,80.44291449736072,78.53049228197395,79.06701152059944,4574500
LOW,2018-12-19,78.16704559326172,81.30826285286092,77.60456692749025,79.40449601712106,5188700
LOW,2018-12-20,77.15457916259766,78.70354925033828,75.65752133990023,77.54398387031453,6819300
LOW,2018-12-21,75.8392562866211,79.14489227347856,75.75272262664897,77.4574627966895,8070300
LOW,2018-12-24,74.38545989990234,76.4796046029173,74.33354103023738,75.34599860127011,3121700
LOW,2018-12-26,78.78144073486328,78.79009608080725,74.83544805251694,74.86140748825429,4335100
LOW,2018-12-27,79.49104309082031,79.54296197263864,76.4363589713864,77.50939100890547,4700400
LOW,2018-12-28,79.49969482421875,80.65926047941667,78.91125664934495,79.81122130515756,3825300
LOW,2018-12-31,79.92371368408203,81.03136044974296,79.19681636780736,80.30446973556379,4034100
LOW,2019-01-02,79.84586334228516,80.3391127125451,78.5564933396931,78.93724955606862,4198200
LOW,2019-01-03,78.89392852783203,80.06214927225528,78.44394960036982,79.30929927803062,3798900
LOW,2019-01-04,81.23039245605469,81.71498625735464,79.51699685530855,79.56891573342058,4107400
LOW,2019-01-07,82.7707290649414,83.76588288830061,81.0659885035698,81.0659885035698,4885000
LOW,2019-01-08,84.48409271240234,84.68312605746024,82.7360891430835,83.64470901063048,4663500
LOW,2019-01-09,83.96490478515625,84.99467334069392,83.66203362237934,84.26777594793316,5692200
LOW,2019-01-10,83.05628204345703,83.53222050276857,81.92266924322278,83.38511261182293,4494000
LOW,2019-01-11,84.19853210449219,84.46678841046256,82.5543662827275,82.83127793465985,3682100
LOW,2019-01-14,83.86105346679688,84.1033503578704,83.22934519898793,83.36779773584632,2931600
LOW,2019-01-15,82.1303482055664,82.87454291903202,81.56786954583903,82.87454291903202,4922000
LOW,2019-01-16,81.30828094482422,82.54573164402959,81.21309192164718,82.05248243397409,4579200
LOW,2019-01-17,79.65546417236328,80.23524704441778,78.92856679373851,80.15736211716337,6947600
LOW,2019-01-18,82.19091796875,82.23418149278707,80.20061100440411,80.33041478070395,7206500
LOW,2019-01-22,79.63385772705078,81.24289144013339,78.92936633277094,81.24289144013339,5950000
LOW,2019-01-23,79.86872863769531,80.22532083225585,78.47713720349925,79.28600076144312,4842300
LOW,2019-01-24,79.84261322021484,80.16441470227268,79.24248689974903,79.87739718938647,4047200
LOW,2019-01-25,81.59950256347656,81.63429317123324,80.49492896862905,80.49492896862905,4750900
LOW,2019-01-28,81.01675415039062,81.19939981780698,80.02524530691429,80.95587226125184,3631900
LOW,2019-01-29,81.26030731201172,81.34728051881115,80.14703433946629,80.37316998564906,3125500
LOW,2019-01-30,83.27810668945312,83.84344242230378,81.33857188552044,81.5473155206721,4965900
LOW,2019-01-31,83.63469696044922,84.79145296896455,82.54751552098183,82.8780162897535,5400500
LOW,2019-02-01,84.4609603881836,84.50445030422993,83.35638022265002,83.67818834875617,5324100
LOW,2019-02-04,85.12195587158203,85.24371965551244,84.28700136650419,84.92191157762291,2801400
LOW,2019-02-05,85.32198333740234,85.73946385788359,84.78274568316428,84.94799272125607,3667000
LOW,2019-02-06,84.53055572509766,85.43509171785202,84.23483884495168,85.16546613744202,2952600
LOW,2019-02-07,84.26092529296875,84.48706093704418,83.43466988262853,83.92172514467073,3990200
LOW,2019-02-08,84.5131607055664,84.66971514628918,83.4781681699951,83.8956422548352,6217700
LOW,2019-02-11,84.26092529296875,84.74798719064124,84.06088758275725,84.53055085785378,3045600
LOW,2019-02-12,86.51356506347656,86.87885649274848,84.5914287687305,84.84365569912205,3553200
LOW,2019-02-13,88.24435424804688,88.50528048315131,86.87885444034387,86.93103703311284,6576400
LOW,2019-02-14,88.28785705566406,88.6792398298322,86.80059322394207,87.67033862043195,3009800
LOW,2019-02-15,90.6622314453125,90.8883670394633,89.08799486688187,89.35761373661207,4666100
LOW,2019-02-19,91.37545776367188,91.94079365130261,90.27958323942553,90.47092167058898,3342800
LOW,2019-02-20,91.89728546142578,92.1147217719414,91.14930402240167,91.89728546142578,3328300
LOW,2019-02-21,91.77549743652344,92.49738744165617,91.35802351628332,91.76680476342183,3395400
LOW,2019-02-22,92.42781829833984,92.49739950599803,91.67114423085181,92.09731751540718,2734600
LOW,2019-02-25,91.33193969726562,93.06273068092544,91.00143229477389,93.06273068092544,4665100
LOW,2019-02-26,91.34931945800781,91.39280936376795,89.35760254262237,89.78378238506225,7954700
LOW,2019-02-27,93.60199737548828,95.6024077080788,91.50590788748794,94.81094288655812,8874700
LOW,2019-02-28,91.40152740478516,93.50631600507695,90.54048144390158,93.50631600507695,8144300
LOW,2019-03-01,90.41869354248047,92.27994739682585,89.80117536048999,92.10600104311486,4655200
LOW,2019-03-04,89.74901580810547,91.22758010088329,88.98363572989881,91.02754240635545,4015300
LOW,2019-03-05,89.59248352050781,90.23609331606245,89.09672886361831,89.97516701848635,3460100
LOW,2019-03-06,89.00972747802734,90.05342578025488,88.89666298209535,89.80989816709074,2730700
LOW,2019-03-07,87.592041015625,88.76619574495889,87.33112142890052,88.7401044498494,4704800
LOW,2019-03-08,86.39179992675781,87.46158290114109,85.23503711620106,86.78318264701903,6181300
LOW,2019-03-11,87.32244110107422,87.58336074451822,84.84366799238614,86.8266864793366,4598900
LOW,2019-03-12,87.72250366210938,88.05300445779476,86.60923083913815,87.32242165608093,4928400
LOW,2019-03-13,87.99213409423828,88.64444309656201,87.50507882923826,87.93125218611328,6268200
LOW,2019-03-14,87.67900848388672,88.07039779185159,87.1919533119792,87.82687020589783,5393400
LOW,2019-03-15,87.0962905883789,87.97473516685078,86.47877224450417,87.90515395287423,6677500
LOW,2019-03-18,88.6096420288086,88.69662186069034,86.96582406781236,86.96582406781236,4471400
LOW,2019-03-19,89.97512817382812,90.75790009298159,89.09669039820507,89.14017367194062,5801500
LOW,2019-03-20,90.09691619873047,90.78401581065654,88.81839612834837,90.26216993602279,4636000
LOW,2019-03-21,92.49740600585938,92.79312284137237,90.19257976634594,90.34913417676349,4835300
LOW,2019-03-22,91.27975463867188,93.08882621854332,91.25366334478619,92.23647965200813,4106600
LOW,2019-03-25,92.2190933227539,92.88880092134401,91.1145197087307,91.1145197087307,3994500
LOW,2019-03-26,92.15818786621094,93.25406852481666,91.76680523452306,92.94095976521503,4633200
LOW,2019-03-27,93.40193939208984,93.96727511673795,92.18429474722377,92.22778466282344,4230100
LOW,2019-03-28,94.2542953491211,94.7065599604891,93.68895960818884,93.82811539798297,4099900
LOW,2019-03-29,95.21101379394531,95.61979512406805,94.31517724612554,94.61088744669027,5318700
LOW,2019-04-01,94.7413558959961,96.72437412042125,92.05383946558723,95.85462881948881,10408000
LOW,2019-04-02,95.59371185302734,95.69807704522091,94.68047660755225,94.71526721682685,3722400
LOW,2019-04-03,97.35059356689453,97.59412119387781,95.67198484018249,96.15034741863546,4127200
LOW,2019-04-04,98.55953979492188,98.58563109292639,97.15924929321761,97.53324004775286,3007800
LOW,2019-04-05,100.0032958984375,100.23812415900326,98.82913468872286,98.82913468872286,3776800
LOW,2019-04-08,100.70779418945312,101.03829496574807,99.93372151778226,100.02069470779367,4988100
LOW,2019-04-09,98.40299987792969,100.2468626244254,98.17686420250304,100.22077132257449,3694400
LOW,2019-04-10,98.94221496582031,99.02048884805045,97.32448837677211,98.99439755397374,4434900
LOW,2019-04-11,100.13378143310547,100.21206196644385,98.59433505750955,99.03790705141232,2540500
LOW,2019-04-12,101.1165771484375,101.59493301919963,100.33380515417409,100.5251501567306,3214100
LOW,2019-04-15,101.91675567626953,102.12549269266246,101.09050028614283,101.2557473827901,3110800
LOW,2019-04-16,101.78628540039062,102.57775676186219,101.37750407177386,102.19506672900741,2687800
LOW,2019-04-17,101.86456298828125,102.82998071743586,101.69060996216406,102.1950637844597,3874700
LOW,2019-04-18,98.92481994628906,101.82107313553614,98.89002934104421,101.7775832200727,6321400
LOW,2019-04-22,98.65521240234375,100.29033122322689,98.32471156793137,98.73348629642949,4674200
LOW,2019-04-23,99.17054748535156,100.21867460688001,97.86038525152614,98.69015200075036,4033900
LOW,2019-04-24,99.54612731933594,100.28855125036885,99.17928349418976,99.41510976354667,2940200
LOW,2019-04-25,99.2229232788086,99.70331862511757,98.37568421195154,99.20545738613727,4164800
LOW,2019-04-26,98.24468994140625,99.45877293375297,97.87783949510471,99.12686094251961,4064500
LOW,2019-04-29,98.01759338378906,98.27089218533855,96.59387966003952,97.84290110832617,3186900
LOW,2019-04-30,98.82115173339844,98.96090554510525,97.12667341751018,97.44984910921079,3367100
LOW,2019-05-01,96.68994903564453,98.73380513842106,96.68994903564453,98.73380513842106,2953100
LOW,2019-05-02,97.9215087890625,97.97391313683858,96.40172272909948,96.60261050479345,3206000
LOW,2019-05-03,98.13988494873047,98.81243195434595,97.95646303810807,98.36698159876138,2575200
LOW,2019-05-06,97.2576904296875,97.53719138777726,96.16588877092624,96.98692575073983,2730500
LOW,2019-05-07,93.56304931640625,96.0785582609881,92.7332759513092,96.0785582609881,4885500
LOW,2019-05-08,93.22240447998047,94.07837332873778,92.7682112157251,93.52810764025094,3366500
LOW,2019-05-09,92.83808898925781,93.02151088712222,91.3881730387642,92.35769354449687,2919700
LOW,2019-05-10,93.14376831054688,93.68530424931345,90.61952379528326,92.31400184253069,3795300
LOW,2019-05-13,91.41437530517578,91.72880806188272,90.41864603092718,91.49298182839534,4714900
LOW,2019-05-14,92.36642456054688,93.07390993539393,91.36196565572789,91.72007981483685,2961900
LOW,2019-05-15,93.999755859375,94.37533588794236,91.82488220696415,92.0694513705427,5104200
LOW,2019-05-16,94.84697723388672,95.72915471663705,94.3753248474466,94.56747631489412,2860300
LOW,2019-05-17,95.22258758544922,96.11350163023626,93.8949594628044,94.0172407373705,3712900
LOW,2019-05-20,95.37981414794922,96.2008513335312,94.4102934988816,94.4102934988816,4452200
LOW,2019-05-21,97.03933715820312,97.57213693954968,93.99976485080629,94.11330983260036,6415500
LOW,2019-05-22,85.54486083984375,89.5364881441799,83.33505495762104,88.43595001149784,22721500
LOW,2019-05-23,82.80225372314453,85.16054301811434,82.295656073051,84.88977829581553,12687500
LOW,2019-05-24,83.30010986328125,83.64075148086253,82.44413434741729,83.3525142155771,7096200
LOW,2019-05-28,80.24308013916016,83.57089041764213,80.06838782532871,83.14290591045828,11747200
LOW,2019-05-29,81.43095397949219,81.89387690829311,80.00724006959904,80.17319608702947,9281500
LOW,2019-05-30,81.99866485595703,82.7410952740103,81.5706804952107,81.96372640514515,5709600
LOW,2019-05-31,81.4746322631836,82.15591565234085,80.60992693570172,80.79334887402632,6530400
LOW,2019-06-03,81.96373748779297,83.02933705824097,81.14270710609733,81.25625208871773,8393900
LOW,2019-06-04,84.57533264160156,84.76749081645102,82.98566955488658,82.98566955488658,5560500
LOW,2019-06-05,84.06874084472656,85.19548113207127,83.23023783959714,85.19548113207127,5136800
LOW,2019-06-06,84.05999755859375,84.52292042936124,83.09047708200076,84.11240857342916,4569600
LOW,2019-06-07,84.51417541503906,85.26533540713953,84.46176440975287,84.706333552157,3974600
LOW,2019-06-10,84.12113952636719,85.96410142278005,83.97265608693635,85.1605369300412,5789500
LOW,2019-06-11,84.15605926513672,85.27406294791564,83.95517151854578,84.96835985712883,3256100
LOW,2019-06-12,84.13861846923828,84.75876111375648,83.97266245738497,84.03380309377889,2878600
LOW,2019-06-13,86.13876342773438,86.18243148430994,84.48796028669379,84.59276895353653,3617400
LOW,2019-06-14,87.02098846435547,87.33542798883803,86.03400180707074,86.46198634612666,4437100
LOW,2019-06-17,87.41402435302734,87.99922854152783,86.75894324725915,87.14325296457235,4212700
LOW,2019-06-18,86.741455078125,88.71543432085572,86.64537600012737,87.9468083607031,3960900
LOW,2019-06-19,86.23487091064453,86.7589344091067,85.18673724989127,86.63665314825982,5558100
LOW,2019-06-20,88.60188293457031,88.94252449051018,87.12576508294559,87.26551888221731,5355300
LOW,2019-06-21,88.07784271240234,89.92954119757128,88.02543835182261,88.92508208220214,7188200
LOW,2019-06-24,86.48816680908203,88.25252221601481,86.46196463259389,87.95554866688101,4920200
LOW,2019-06-25,85.7894287109375,87.51010960264519,85.68461332766456,87.03845037366212,4767800
LOW,2019-06-26,86.6803207397461,87.37034023003876,85.67586181934972,86.13005506897903,4399900
LOW,2019-06-27,86.7851333618164,87.30919684081825,86.3833511391207,86.72399273366334,3395800
LOW,2019-06-28,88.13897705078125,88.37480330252436,86.74146544518187,86.81134235822768,4298900
LOW,2019-07-01,89.26570129394531,90.63700391600644,88.60189068085289,89.17835849367825,4072900
LOW,2019-07-02,89.69369506835938,89.92078502318626,88.933798688913,89.30937873891587,2560200
LOW,2019-07-03,90.0954818725586,90.5147300134183,89.65002489204473,90.00813906519858,1851200
LOW,2019-07-05,91.03008270263672,91.16110027264578,89.7199203302069,89.78106097436708,2536400
LOW,2019-07-08,91.41437530517578,91.86856187715574,90.65447892824324,90.94271617437235,3882900
LOW,2019-07-09,91.58906555175781,91.85110063675914,90.68068569793661,90.68068569793661,3719600
LOW,2019-07-10,90.03433990478516,91.41437889761048,89.19583697168126,91.41437889761048,4302200
LOW,2019-07-11,91.5978012084961,91.82489117253479,90.48852690854277,90.94272016427813,2977700
LOW,2019-07-12,93.80760192871094,94.12204134649637,92.02578078253634,92.06071923604902,4814200
LOW,2019-07-15,94.30545806884766,94.6024249117114,93.66784298883395,94.08709774421435,4492200
LOW,2019-07-16,93.02153015136719,94.5238507655646,92.96912578793304,93.87750584916475,4722400
LOW,2019-07-17,91.65019989013672,93.20492440602631,91.60652515769232,92.89922127040114,5159100
LOW,2019-07-18,90.61955261230469,91.09994808686561,90.26143841057208,90.89031733587743,5147100
LOW,2019-07-19,89.5277328491211,91.10865946261711,89.50153067645094,91.00385077193651,4190700
LOW,2019-07-22,89.57141876220703,90.19156136019394,89.05608486798579,89.78104283356747,4501200
LOW,2019-07-23,90.09830474853516,90.89742549405537,89.81729665445626,89.95780405137643,5064200
LOW,2019-07-24,90.27392578125,91.31892091890123,89.76459659160729,89.96656757041565,5989100
LOW,2019-07-25,89.61534881591797,90.86232213705995,89.36946080773392,89.98417077854928,4215100
LOW,2019-07-26,90.91498565673828,91.23990398760941,89.21137031612112,89.82608012859936,4785700
LOW,2019-07-29,91.29259490966797,91.67020018109115,91.01158680301084,91.0467136538132,3909600
LOW,2019-07-30,91.12574005126953,91.52969546791935,90.42322316528336,90.80082842016445,3981400
LOW,2019-07-31,89.04452514648438,91.15208918008238,88.55275596212931,90.64275992117527,5533400
LOW,2019-08-01,87.36727142333984,90.42324091140505,87.12139013000089,89.34311185879432,5469600
LOW,2019-08-02,87.13894653320312,87.93806064141226,86.80524478931983,87.33213416942371,3917900
LOW,2019-08-05,85.21578979492188,85.76024592874859,84.39910894406265,85.6987689154711,4685100
LOW,2019-08-06,85.9885482788086,86.13783234775273,84.21468612487287,85.3562784576796,4167800
LOW,2019-08-07,86.39250183105469,86.72620353313567,84.31128803539056,85.1806557386457,3686700
LOW,2019-08-08,88.22783660888672,88.2366199952743,87.07746088326333,87.54287986539308,3495800
LOW,2019-08-09,86.54179382324219,88.47372356865827,86.21687550343331,88.14002856165331,5370900
LOW,2019-08-12,84.37277221679688,85.97100719556028,84.25860826846663,85.76902946373447,2878800
LOW,2019-08-13,84.81183624267578,86.40128761592825,83.55607988100476,83.66145372689296,5129600
LOW,2019-08-14,82.1861572265625,83.7053615588514,82.14225369195692,83.24872594033884,5746100
LOW,2019-08-15,82.00173950195312,83.03795796932631,80.63182606025183,82.82720360131702,4745100
LOW,2019-08-16,82.47594451904297,83.40678918236118,82.0017421508833,82.72182573962337,4368300
LOW,2019-08-19,83.46826171875,84.32884601378622,83.11699995149073,83.6614493259697,7212000
LOW,2019-08-20,85.94463348388672,87.04232214067599,83.75803285573538,84.14442140684835,9298100
LOW,2019-08-21,94.84033966064453,96.8073966813762,94.05878554571838,96.61420232492027,19753500
LOW,2019-08-22,94.98081970214844,95.37598499024358,93.90069097505527,95.17400730314914,7264400
LOW,2019-08-23,93.42650604248047,94.69982260816988,92.87327319596419,94.04120920527633,5520700
LOW,2019-08-26,93.4352798461914,94.48905850282341,92.68885273943029,94.48905850282341,4720200
LOW,2019-08-27,93.11914825439453,94.4275915849978,93.06646132959864,94.03242624950549,3722600
LOW,2019-08-28,94.99840545654297,95.34966730745333,92.48689226721328,92.73277355292177,4187800
LOW,2019-08-29,98.87104034423828,99.10814491999017,95.77116768170124,96.04339910940755,5996600
LOW,2019-08-30,98.5285415649414,99.44181942786668,98.21240666239956,99.44181942786668,4610100
LOW,2019-09-03,97.6328353881836,98.80955459594522,97.16741639706113,97.79968623396746,3893500
LOW,2019-09-04,98.28267669677734,98.38805724840354,96.15755248719492,97.97532512923637,4114000
LOW,2019-09-05,100.29364013671875,101.20691811938129,99.2486381441004,99.39792892858976,3662500
LOW,2019-09-06,100.7326889038086,101.33861516854388,100.18823293406385,100.75025567366856,3462600
LOW,2019-09-09,100.80296325683594,101.33863595150875,100.1443499469688,100.89077702486601,3782200
LOW,2019-09-10,101.23326110839844,101.83040414428137,99.1871673692947,100.52196083762664,4771600
LOW,2019-09-11,99.66136932373047,101.57573904467067,99.3628011570458,101.38254472516346,4073700
LOW,2019-09-12,100.00383758544922,101.11030976693786,99.98627751262083,100.1794718125367,3471400
LOW,2019-09-13,99.5472183227539,101.11910973927228,99.36280737888461,100.52196666875,3476500
LOW,2019-09-16,98.90617370605469,100.01264616627867,98.47588146587518,98.9237404830691,2433400
LOW,2019-09-17,98.99398040771484,99.12569771817066,97.36939544797072,98.10704588533066,2827300
LOW,2019-09-18,98.87982177734375,99.35402421971072,97.96654374386978,98.77444792332564,2246400
LOW,2019-09-19,98.2387924194336,99.12572044540842,98.07194152158587,98.91496600059651,2369100
LOW,2019-09-20,97.43966674804688,99.39794708095508,97.43088335917605,99.16962586865235,6226500
LOW,2019-09-23,96.98302459716797,98.37049845750482,96.2365906871476,96.7634867882825,5319700
LOW,2019-09-24,96.61416625976562,98.54610240338879,96.37706844701596,97.70307828062529,3937700
LOW,2019-09-25,97.25524139404297,97.69431697595738,96.56150117064679,96.781038961604,2908900
LOW,2019-09-26,97.22888946533203,97.8435925465851,96.0609469111901,97.54502439276536,3992600
LOW,2019-09-27,96.19267272949219,98.21241624869604,95.5516194757215,97.8962880150582,3939600
LOW,2019-09-30,96.56147003173828,96.86004481503248,95.68331915109341,96.44731282916787,4024400
LOW,2019-10-01,96.17510986328125,98.29145732565084,95.58675020767865,96.67565574487416,3966100
LOW,2019-10-02,93.39136505126953,95.99069141719023,93.01375982278803,95.99069141719023,5040700
LOW,2019-10-03,93.40892028808594,93.69870501387786,91.8458059471203,93.32988321758985,5002800
LOW,2019-10-04,94.33100128173828,94.65591964104772,93.33869282728378,93.89192567715031,4311800
LOW,2019-10-07,95.04228973388672,95.68333623937795,94.13778853748776,94.51539375159273,3686800
LOW,2019-10-08,93.52310180664062,95.0423063143996,93.5055417307224,93.86558023502201,3261700
LOW,2019-10-09,93.34746551513672,94.54175155869913,92.76788256763086,94.1290194657349,3224000
LOW,2019-10-10,95.00719451904297,95.27941928736846,93.4792063812964,93.4879897705284,3218500
LOW,2019-10-11,97.30792236328125,98.04557277961855,96.06973278195399,96.50002494995667,4498500
LOW,2019-10-14,97.18498229980469,97.68552816741932,96.82494382649094,96.9917879825216,2129900
LOW,2019-10-15,98.72174072265625,99.2310699462522,97.65039535569957,98.01044050678803,3340700
LOW,2019-10-16,98.64270782470703,99.03787311237636,98.10703515490417,98.53732728810688,2900400
LOW,2019-10-17,98.87982177734375,99.59990547876875,98.31780555670774,99.1081429606527,2615600
LOW,2019-10-18,99.09056091308594,99.336448834009,98.39682748184701,98.49342463298373,3712300
LOW,2019-10-21,98.30900573730469,99.94236719919897,97.82602668767058,99.51207506776768,2827300
LOW,2019-10-22,99.25328826904297,100.18872209233541,98.49434910691674,98.58259643749984,3574700
LOW,2019-10-23,98.40609741210938,99.07678248106846,97.74423236282962,98.80321374854145,2181200
LOW,2019-10-24,97.84130096435547,99.65039462473403,97.47947819257631,98.5472862710255,2084800
LOW,2019-10-25,98.46786499023438,99.32387814378475,97.38240341557464,97.59419833276228,2260000
LOW,2019-10-28,98.52080535888672,99.27091763658349,97.98248798402277,98.81202755830594,2489300
LOW,2019-10-29,96.65877532958984,98.41492212557448,96.37637983107554,98.19430043195894,3034800
LOW,2019-10-30,98.20314025878906,98.36198816865344,96.35874588637994,96.96765726349284,3064900
LOW,2019-10-31,98.49433898925781,99.71216818502066,97.77952693227083,99.13855049589473,3413100
LOW,2019-11-01,99.67686462402344,99.69451812744853,97.20590603877724,98.76790444995694,2801800
LOW,2019-11-04,99.38565063476562,100.28578407060421,98.5825845378639,99.77394018902984,2518000
LOW,2019-11-05,99.0149917602539,99.50036207325878,97.98248407568532,99.42094151267887,2360400
LOW,2019-11-06,99.42977905273438,100.43581339439676,98.32667063136427,99.72100129185756,3229200
LOW,2019-11-07,99.36801147460938,100.74469544904208,98.94442158466079,100.11812390155828,2656300
LOW,2019-11-08,100.60350036621094,100.66527417606956,99.06797514055353,99.49156505591542,2792400
LOW,2019-11-11,101.00059509277344,101.03589536695644,99.47389694818179,99.91514027621109,2936700
LOW,2019-11-12,100.8858871459961,101.96252208125148,100.77116628986747,100.93883419761858,4174600
LOW,2019-11-13,99.588623046875,100.96530688133124,98.78556364854481,99.69452387501447,4252300
LOW,2019-11-14,101.08002471923828,101.34476668244554,99.45624573364314,100.17988453895211,2852400
LOW,2019-11-15,101.94486999511719,102.1037178850364,100.16224965965912,101.59188066893209,3623200
LOW,2019-11-18,101.50361633300781,103.0744483000682,101.50361633300781,102.13900782838701,5506900
LOW,2019-11-19,100.07398223876953,101.59186027488248,99.6150854343064,101.59186027488248,7154000
LOW,2019-11-20,103.98341369628906,106.97504319205537,103.21564781231278,104.38053003426745,16114700
LOW,2019-11-21,103.26858520507812,105.01591174103349,102.96854297472353,105.00708498930575,5747800
LOW,2019-11-22,104.30992889404297,104.30992889404297,103.03032582743755,103.33036808416566,4473300
LOW,2019-11-25,103.25094604492188,105.14829383590497,102.97737731674734,104.85707160297375,4468900
LOW,2019-11-26,103.93928527832031,104.43347568926528,103.20681968149874,103.74513712178067,4752300
LOW,2019-11-27,104.53938293457031,104.98062632365739,103.86869109796281,104.18638687673268,2946000
LOW,2019-11-29,103.52448272705078,104.79526536258713,103.33033463186193,104.53051673590464,1596000
LOW,2019-12-02,102.36844635009766,104.036345497692,102.33314607789839,103.78042357387613,3324300
LOW,2019-12-03,101.0888442993164,101.71540898714522,100.2593047278739,101.30946595275636,5091700
LOW,2019-12-04,101.89189910888672,103.65687225832076,101.37123526156603,101.48595609245747,4147400
LOW,2019-12-05,101.9978256225586,102.61556368737966,101.4506813845457,102.34199493479318,2651200
LOW,2019-12-06,102.61555480957031,103.53334180707328,102.39493312938708,102.52730748406489,2463100
LOW,2019-12-09,104.01871490478516,104.4246579989505,102.49200987571945,102.65968451153277,2589500
LOW,2019-12-10,102.79207611083984,104.0099055976008,102.7038220353946,103.93930503038086,2561600
LOW,2019-12-11,103.83340454101562,103.8422245617464,101.6889612563911,102.10372441446624,3611200
LOW,2019-12-12,104.30992889404297,104.83059956632452,103.42744216318698,103.8422120039436,2533200
LOW,2019-12-13,104.57467651367188,104.6717505916788,103.09209855201257,103.84221091883391,3118900
LOW,2019-12-16,105.96902465820312,106.93093211195044,105.2630324711141,105.43070713043686,3749100
LOW,2019-12-17,105.29830932617188,107.18683026369577,105.21888875753571,106.507318489399,3533900
LOW,2019-12-18,105.28948211669922,106.06607469290802,105.25418184206801,105.5983578365126,3309500
LOW,2019-12-19,106.08374786376953,106.40144368167317,104.92769219646719,105.30716182713874,4501900
LOW,2019-12-20,105.66012573242188,106.14548933260419,105.2806562173797,105.66012573242188,5996100
LOW,2019-12-23,105.53658294677734,106.41024964170617,105.28948774399157,105.92487925563461,3190300
LOW,2019-12-24,105.6954345703125,106.01313033739248,105.36009203076787,105.53658668677251,1126000
LOW,2019-12-26,105.66012573242188,106.16314283535326,105.43950407792849,105.83662036288115,1714200
LOW,2019-12-27,106.10136413574219,106.49848040233393,105.5630467850407,105.77484167836707,2419700
LOW,2019-12-30,105.94254302978516,106.56028109662962,104.96298214318894,106.38378642977119,2327900
LOW,2019-12-31,105.68659973144531,105.74837352566917,104.52171765976813,105.51892511876406,2651300
LOW,2020-01-02,106.30435180664062,106.30435180664062,105.24537041263135,105.94253574460926,2788800
LOW,2020-01-03,105.54540252685547,105.7395506680909,104.17755225214569,104.75998994301312,2774200
LOW,2020-01-06,106.20726013183594,106.24256040350015,104.39816665570409,104.70703561671797,3635400
LOW,2020-01-07,105.57186889648438,106.48083574457816,105.20122614260443,106.33080790652717,4191100
LOW,2020-01-08,107.24859619140625,108.30758415871892,105.52775000217608,106.03076709847709,4030100
LOW,2020-01-09,107.70751953125,108.43997847800009,107.22214908505403,107.28392289340259,2932400
LOW,2020-01-10,106.78089141845703,107.62807784821648,106.71911761835497,107.3986294194777,2391100
LOW,2020-01-13,106.82501220703125,107.40744989785237,106.5161364917237,106.75441165879873,3817200
LOW,2020-01-14,105.96018981933594,107.38099410613275,105.5630734524245,106.64852844616371,3823400
LOW,2020-01-15,105.47480773925781,106.06607894699661,105.19241226372077,105.8542772907144,3673700
LOW,2020-01-16,105.25418090820312,105.94252615814605,104.91001164965111,105.84545208698124,3781000
LOW,2020-01-17,107.98107147216797,108.09579231756264,105.52775956155656,105.67778068234323,5913800
LOW,2020-01-21,107.20098114013672,107.92788738009318,106.5184011731887,107.41373237144991,3477800
LOW,2020-01-22,108.06971740722656,108.9473220840984,106.99708120264644,107.4403168443529,4843500
LOW,2020-01-23,108.77888488769531,109.16006779086028,107.30734614835904,107.46691124185226,3365200
LOW,2020-01-24,106.58041381835938,108.92069677247044,105.91556055268607,108.66361936482163,3670600
LOW,2020-01-27,106.16381072998047,107.13892786196764,104.82523709827426,104.82523709827426,3497400
LOW,2020-01-28,107.39598846435547,107.8658171236257,105.685098758204,106.42973132838958,3228600
LOW,2020-01-29,106.7488784790039,108.51296133727043,106.69569236217325,107.6176233789295,2566900
LOW,2020-01-30,106.12834167480469,106.7045493537576,105.10889836023247,105.95990996903285,3471800
LOW,2020-01-31,103.04341888427734,106.08401562132865,102.91044684067377,105.90672407201659,4370300
LOW,2020-02-03,103.87672424316406,105.68512680338044,103.46894818986631,103.71715911246143,3979400
LOW,2020-02-04,105.80035400390625,106.65136568617834,104.88728959781973,105.32165866452077,4119600
LOW,2020-02-05,108.26473999023438,108.45976476295697,106.31450578948741,106.8375206224803,3215300
LOW,2020-02-06,107.71511840820312,108.92071979248264,107.70625180241382,108.53953690240546,2469100
LOW,2020-02-07,107.68853759765625,108.11404003858003,107.07687023018403,107.83923609701512,2068800
LOW,2020-02-10,107.44918060302734,107.98992861263622,106.78432715808913,107.17437667668935,2975800
LOW,2020-02-11,109.06256103515625,109.20439968701186,107.40486406183867,107.53782934390433,2316300
LOW,2020-02-12,110.83549499511719,110.98619347857937,109.5855740981094,109.83378495633855,2727500
LOW,2020-02-13,110.60501098632812,111.04824659569798,109.89583806927956,110.13518232251427,2532100
LOW,2020-02-14,111.18122100830078,111.30532644051873,110.35680248671657,110.9418767499487,2774700
LOW,2020-02-18,109.23986053466797,111.61560387310064,108.87640405777572,110.48978154231467,3430000
LOW,2020-02-19,109.42601776123047,110.347948710707,109.17780688314816,109.62990236969556,3170500
LOW,2020-02-20,112.20066833496094,112.34250698446714,109.04483277907778,109.71854607451502,4696000
LOW,2020-02-21,111.0837173461914,111.87267626857717,110.29475842380566,111.47376688561424,3861600
LOW,2020-02-24,108.9561996459961,110.29476654900802,108.15837405805664,108.43317801930918,5399600
LOW,2020-02-25,105.06458282470703,110.26817215323916,105.06458282470703,110.26817215323916,6522600
LOW,2020-02-26,100.43718719482422,106.77545070833001,99.24931229915855,106.6424854421914,12739800
LOW,2020-02-27,95.40203857421875,99.76347551084542,95.32225264465518,97.60048349174681,8830100
LOW,2020-02-28,94.47124481201172,95.00312623171561,91.2444898674703,92.25506659387948,9987300
LOW,2020-03-02,98.43377685546875,98.5578823000557,93.15926840756572,95.02972344657684,8794000
LOW,2020-03-03,96.23529815673828,100.19782496135772,94.9853774524301,98.67309362360157,8337500
LOW,2020-03-04,100.42835235595703,100.65883682889938,97.12181083956723,98.141254369601,5206700
LOW,2020-03-05,95.31338500976562,98.61105911370673,94.7460439556724,97.7600475325669,6619100
LOW,2020-03-06,93.35429382324219,94.01028747855696,90.57077438138725,92.14869227047501,7886900
LOW,2020-03-09,83.5233154296875,88.487552671249,82.57479154025206,86.7146103161743,8188200
LOW,2020-03-10,92.21075439453125,92.31713339999993,84.2591114156636,87.09581726242617,9289500
LOW,2020-03-11,87.89362335205078,91.58134013287231,86.66142888978996,88.93965966856415,6205500
LOW,2020-03-12,79.71150207519531,84.12613236883544,78.9934624467754,80.85505092694089,9903400
LOW,2020-03-13,85.53561401367188,85.59766673426591,78.34633121529237,83.02690536973662,10007100
LOW,2020-03-16,64.34896087646484,77.65489955875925,63.099039618406074,75.83763709994122,14770800
LOW,2020-03-17,65.41270446777344,67.03494823339285,56.95576920869873,65.19995329361876,15323900
LOW,2020-03-18,57.63836669921875,62.159376190750834,54.07475469359743,60.732156714336035,11133900
LOW,2020-03-19,61.93775177001953,64.8985626467468,53.188277660157496,57.09761931453391,12141200
LOW,2020-03-20,58.82625198364258,64.6946960180161,58.09047898166205,64.04756881745996,11541400
LOW,2020-03-23,60.102760314941406,61.264035620743584,55.89201801524168,57.815662605733124,9594400
LOW,2020-03-24,68.52423095703125,68.78130167023222,63.87025685196512,64.499650633633,9004100
LOW,2020-03-25,74.21537017822266,77.11412803546341,69.42842433060405,71.01520859515524,9907500
LOW,2020-03-26,78.10699462890625,80.61571028305204,76.19221318223613,76.30745879128422,10103600
LOW,2020-03-27,77.10526275634766,79.5341917869757,73.93169445101057,74.53449509692243,6885800
LOW,2020-03-30,78.63886260986328,79.37463535963066,75.73123803509543,77.47758745381898,5717100
LOW,2020-03-31,76.2808609008789,78.84276251188523,75.81989202035956,78.07153001750066,5523700
LOW,2020-04-01,71.29003143310547,74.39268146664179,70.1021629523355,71.57370202278489,8115400
LOW,2020-04-02,73.45301055908203,73.81646026579641,70.25284870780008,70.78473012139428,8246500
LOW,2020-04-03,72.8679428100586,74.6763451891817,71.93715194353622,72.80589008562377,6448500
LOW,2020-04-06,78.69204711914062,79.22393526102569,74.46358238117736,77.20277520098753,9422300
LOW,2020-04-07,80.6334228515625,85.2608037877006,80.44726470350668,84.1793077971716,7854900
LOW,2020-04-08,83.63858032226562,84.01089670972345,80.30544576191626,81.06781175332448,4715600
LOW,2020-04-09,84.48958587646484,87.22878598390432,84.01089051507037,85.49130287397622,6543100
LOW,2020-04-13,84.39205932617188,84.95940037860163,82.47728496503117,84.56049102597531,5489700
LOW,2020-04-14,87.82273864746094,88.48759232858028,85.82817760410292,86.73237563459901,5655000
LOW,2020-04-15,83.62971496582031,85.01261505359848,82.05179683638832,84.1172769780563,7379600
LOW,2020-04-16,81.94542694091797,85.17218263295173,81.36921911807464,83.32832030514936,9034700
LOW,2020-04-17,86.07636260986328,87.46812229217761,84.51617121487902,85.54448117798482,7136000
LOW,2020-04-20,84.33001708984375,86.70576057834826,83.79813563249729,84.43639608660891,5271900
LOW,2020-04-21,82.58244323730469,83.5453946215672,81.57490100748993,82.10987551042908,5541500
LOW,2020-04-22,84.65990447998047,85.62286240303479,83.06389957745881,83.63453979795737,4770900
LOW,2020-04-23,84.61532592773438,86.18458991083388,84.54399420064624,84.93631189706309,4096200
LOW,2020-04-24,88.04810333251953,88.85948658795627,85.34647654146193,85.65854440794939,5432100
LOW,2020-04-27,90.91911315917969,91.81073924597746,88.54738450306536,88.55630266865215,5336500
LOW,2020-04-28,92.30115509033203,95.0206181296997,91.32928565163384,94.02199418682702,5588400
LOW,2020-04-29,94.65504455566406,96.11731103968305,93.78124785054621,95.163271238493,5205500
LOW,2020-04-30,93.39785766601562,95.15436261697607,92.25657705693263,93.36219179666065,4814100
LOW,2020-05-01,93.13928985595703,93.34436691432421,91.22229179866574,91.39170298590082,3811100
LOW,2020-05-04,95.71607971191406,95.74282741187916,91.6859319230473,92.20307679760145,4088100
LOW,2020-05-05,98.21263885498047,99.58574418097079,97.0802696382067,97.12485367448366,5237000
LOW,2020-05-06,97.74007415771484,99.44307679592916,97.14267938691535,98.33746212594576,4435200
LOW,2020-05-07,99.79081726074219,100.86968430416374,99.03293624045403,99.10426797949903,3206700
LOW,2020-05-08,101.85047912597656,102.20712421752138,99.95131068091186,101.44032502607567,3951300
LOW,2020-05-11,101.10150146484375,102.3141137272987,100.37036820094315,100.8429290321441,3863700
LOW,2020-05-12,99.18449401855469,102.58159437845828,99.13099862475975,102.37651736463124,3685200
LOW,2020-05-13,98.46231079101562,101.10152431081137,97.01787346895232,99.76408461346129,6643300
LOW,2020-05-14,98.4266128540039,98.45336055082673,94.69069700621111,95.62690721041717,6097900
LOW,2020-05-15,101.4492416381836,101.78806399355129,96.67012401703532,96.92869646623788,8950400
LOW,2020-05-18,104.07954406738281,105.5685583997624,103.82988298184823,105.2119065087106,7729700
LOW,2020-05-19,104.20437622070312,105.74688603003024,102.93826160644542,103.42865883054904,7041000
LOW,2020-05-20,104.31137084960938,109.39364542178858,103.0006789504549,109.32231367702256,19289700
LOW,2020-05-21,107.5657958984375,108.10968848367428,104.32027672239084,106.01436804677249,9727900
LOW,2020-05-22,109.00131225585938,109.25988469224286,106.16594042569011,107.88677941070745,6064700
LOW,2020-05-26,110.19611358642578,112.20227316985675,109.97320696604456,111.39981477854053,7684000
LOW,2020-05-27,114.13707733154297,114.53832004912874,109.9018592252014,111.72968905171618,7615500
LOW,2020-05-28,114.23515319824219,117.1596862713219,112.97796369664435,114.930620599454,7994100
LOW,2020-05-29,116.22349548339844,116.38398168946807,113.85176622269184,114.21733627670092,7402000
LOW,2020-06-01,115.30511474609375,116.03624120634991,114.39565214930663,115.81333464082326,5136200
LOW,2020-06-02,117.67683410644531,118.10482452193234,116.1075767317387,116.94570762231226,6023200
LOW,2020-06-03,118.44364166259766,118.934038878584,117.10620213089226,118.14049196731101,4585200
LOW,2020-06-04,114.73445892333984,117.57874882784002,114.06574604071744,117.11511297513955,7448700
LOW,2020-06-05,116.77628326416016,117.15076463157297,114.5383064237398,116.1164749853075,5550400
LOW,2020-06-08,116.63362884521484,117.01703521152646,115.40318025328332,116.01840454924908,4951600
LOW,2020-06-09,115.52801513671875,117.1864268346644,115.20702915531139,115.519090167287,4472600
LOW,2020-06-10,116.0005874633789,117.01704090460237,114.99304538733595,116.18782136813346,3708400
LOW,2020-06-11,110.5081787109375,114.85039494565136,109.89295431523077,113.44163039699927,5998600
LOW,2020-06-12,112.3895034790039,114.47590586052726,110.08910587688648,113.02255736748072,4463100
LOW,2020-06-15,113.88744354248047,114.1014319746579,109.75029077077592,110.02669958168178,5063000
LOW,2020-06-16,117.46286010742188,117.82841657058277,114.66315391595064,117.552014579233,5023900
LOW,2020-06-17,120.9490966796875,121.95663870673768,118.70220830106408,118.8448581627042,7238800
LOW,2020-06-18,119.96829986572266,121.29681410712135,118.86267855420306,120.56568774694475,3898100
LOW,2020-06-19,119.32637023925781,122.41139015814356,118.00676689381523,122.41139015814356,6684300
LOW,2020-06-22,120.1198959350586,120.38738654544177,118.39013874040332,118.51496587789713,3449200
LOW,2020-06-23,119.72757720947266,121.89423617023186,119.62949777330434,121.60890922678311,3384200
LOW,2020-06-24,117.67683410644531,119.87915213418222,114.99304386770737,118.82703964100264,4150100
LOW,2020-06-25,117.48961639404297,117.7035980261353,115.59935914467796,117.115134932742,4022800
LOW,2020-06-26,115.38539123535156,118.44366366893229,114.9574007099873,117.80169148602688,5710700
LOW,2020-06-29,119.04998779296875,119.06781052931899,115.29623380962215,116.24135583159014,3328000
LOW,2020-06-30,120.47651672363281,121.20765667093714,118.70218945590595,119.74539038146334,4462400
LOW,2020-07-01,120.93128967285156,121.51975274082544,120.14665410870134,120.72620581076944,4802300
LOW,2020-07-02,121.00260162353516,123.20490589425384,120.4676204436398,122.36678866661808,3522900
LOW,2020-07-06,121.04715728759766,123.26731122670846,120.60134422710324,122.52725991367153,3698700
LOW,2020-07-07,120.38739013671875,121.93881123397395,119.78107716142078,119.93265200396077,2991700
LOW,2020-07-08,121.03826904296875,121.58216162486274,119.85240444293312,120.96693730704885,2753700
LOW,2020-07-09,120.91343688964844,122.09930144048211,119.52250210976442,121.55540888115443,3397700
LOW,2020-07-10,122.53620910644531,122.72345663591945,120.20907727316114,121.49300785544717,3252200
LOW,2020-07-13,121.75157928466797,125.53206625390705,121.17201400136265,123.44566388633964,4227000
LOW,2020-07-14,124.88116455078125,124.97924397789428,121.082841801482,121.34140741561478,4360700
LOW,2020-07-15,125.91547393798828,126.91409109398518,124.04305316535573,126.86059568993367,3496200
LOW,2020-07-16,127.27967834472656,129.2323424870478,125.57666852510813,125.91549093669343,4124800
LOW,2020-07-17,128.7418975830078,128.95589275407852,126.51283223694483,128.65272952711123,3898800
LOW,2020-07-20,128.48336791992188,129.02726056066803,127.41340537048495,127.79681179189893,2769000
LOW,2020-07-21,129.7811737060547,130.60461123828327,128.4475553492871,128.8413762684542,2628300
LOW,2020-07-22,132.94956970214844,133.4955460205132,129.92433618644452,129.92433618644452,4613000
LOW,2020-07-23,131.12371826171875,133.9430965020515,130.13916610879346,133.62983984049447,3664800
LOW,2020-07-24,131.59812927246094,132.1262011964807,130.1392052769225,131.3833141042794,3740100
LOW,2020-07-27,133.4687042236328,133.74616515317135,131.7770748125562,131.7770748125562,2791100
LOW,2020-07-28,132.20675659179688,134.05948778604386,131.95613208368738,133.62987113563787,3571600
LOW,2020-07-29,133.10174560546875,134.0862839349226,132.46625956726854,132.50205524984838,2732600
LOW,2020-07-30,133.5403289794922,134.16685595445807,131.48172864123532,132.34992089842513,2574600
LOW,2020-07-31,133.28077697753906,134.18476495217902,131.2221765729311,133.78199857366673,3928300
LOW,2020-08-03,134.49803161621094,135.4646790926786,133.8088451116688,134.1668566256507,3136700
LOW,2020-08-04,133.96095275878906,134.9186543847985,133.16436581651178,134.03255776741904,2381400
LOW,2020-08-05,134.4890899658203,134.668109403389,133.10178492552222,134.2026834487885,3039700
LOW,2020-08-06,135.3214874267578,136.2612848503445,133.93416872120272,134.48014523149476,2449900
LOW,2020-08-07,136.74456787109375,137.9439213312178,135.7779205031951,136.00168108861806,2904700
LOW,2020-08-10,137.58592224121094,138.47201915585563,136.959395277087,137.1473465376924,3065300
LOW,2020-08-11,137.72015380859375,139.1074720997869,136.82511151198676,138.78525632671793,3723000
LOW,2020-08-12,140.1905059814453,141.39880511757912,138.3377615192036,139.74298474792965,3791200
LOW,2020-08-13,139.3581085205078,140.65591735819655,138.85688692724298,139.948839822826,2272300
LOW,2020-08-14,138.140869140625,139.6982481534437,137.75600738498207,139.24178135220686,3404900
LOW,2020-08-17,141.78367614746094,142.06113711859953,139.49236968704218,140.75436914747058,5159600
LOW,2020-08-18,141.33616638183594,143.74383292486044,140.52167441797545,143.02779618363434,5741400
LOW,2020-08-19,141.6673126220703,145.79345870932966,139.85932311631052,144.10182908806465,9727100
LOW,2020-08-20,141.93585205078125,142.4549783790144,140.07416187075177,140.1457669150528,4288500
LOW,2020-08-21,144.7462615966797,145.06847741493087,141.83737372481275,142.39229565619843,4568800
LOW,2020-08-24,148.2459259033203,148.26381692398277,145.90090475610873,146.5095408903243,4872700
LOW,2020-08-25,148.50547790527344,149.8569874179705,147.1181590377699,148.92614905201194,3490900
LOW,2020-08-26,152.50633239746094,152.6047876454584,149.49898823540045,150.06286953368317,5319000
LOW,2020-08-27,148.8545684814453,153.33874172837952,147.98637585770743,152.78380589574869,4425000
LOW,2020-08-28,148.13848876953125,149.3736518691589,146.86752997680182,148.64866958277418,3291400
LOW,2020-08-31,147.40460205078125,148.90826741085596,146.50060007517666,148.37124992108758,3421300
LOW,2020-09-01,150.00013732910156,150.0448921760163,146.8853939169524,147.15390934117912,4284400
LOW,2020-09-02,152.5957794189453,152.90009054867946,149.11406512674637,150.24181360254738,4262700
LOW,2020-09-03,144.56727600097656,152.5868495732237,143.52902336881698,151.88871747921493,5734400
LOW,2020-09-04,139.9757080078125,146.04409558456314,137.33533513830267,145.829280449564,6303800
LOW,2020-09-08,137.60382080078125,140.39634866382903,135.94798693026772,137.78282654582685,4892800
LOW,2020-09-09,142.78611755371094,144.2718912630523,138.82108615017364,139.52816365962974,4382600
LOW,2020-09-10,141.71206665039062,145.82925354889554,140.5753589637621,143.2873363780016,4129200
LOW,2020-09-11,144.89842224121094,145.52494922716656,142.70557096173422,143.52006287210855,4870800
LOW,2020-09-14,147.8520965576172,148.39807311678516,145.89195098196066,146.04410659257903,3583300
LOW,2020-09-15,151.28904724121094,152.04983890232904,149.1319913308904,149.86593280700586,3998100
LOW,2020-09-16,149.21250915527344,153.69666620112008,148.6754783076429,152.4883536225822,3814700
LOW,2020-09-17,146.59005737304688,148.5054477482146,144.92527780156354,145.99038054585455,3717800
LOW,2020-09-18,143.29629516601562,146.65270420028585,141.87316735596494,144.42404368491563,5484700
LOW,2020-09-21,142.8488311767578,142.8667221988769,138.9106348048217,141.37200241580598,3929500
LOW,2020-09-22,144.59408569335938,144.808887103816,142.88455162974694,143.23361757900054,3526300
LOW,2020-09-23,141.96267700195312,145.8113620911345,141.2018854915898,145.39069106642958,3245500
LOW,2020-09-24,141.88214111328125,143.96759177993465,140.3516124270433,142.10590173857972,3888600
LOW,2020-09-25,142.80401611328125,143.3857882041096,140.16364379317386,141.32718797483057,2828600
LOW,2020-09-28,145.52496337890625,145.9814438152009,143.66327325583592,144.62992083842622,2815700
LOW,2020-09-29,145.22958374023438,146.7601123465168,145.18484254332378,146.3215366272279,2212000
LOW,2020-09-30,148.45175170898438,150.02702161478754,145.42650364560578,145.8740249019747,4198600
LOW,2020-10-01,149.624267578125,150.61776539564175,148.01318819062948,149.7764231789904,2677200
LOW,2020-10-02,149.015625,149.8838172841295,146.8317191989842,147.20763539562824,2026600
LOW,2020-10-05,150.85044860839844,151.23532396391704,149.48103475162083,150.4655869101438,2437400
LOW,2020-10-06,147.6730499267578,151.24426034842514,147.1628692052264,150.79673915013996,2765600
LOW,2020-10-07,150.78782653808594,151.98718033339352,149.14989695616615,150.11654459421388,2587400
LOW,2020-10-08,152.93589782714844,153.59823415141912,150.58194548958176,151.70074854305423,3105700
LOW,2020-10-09,155.0481719970703,156.6324006736311,153.38339279219153,153.38339279219153,4593700
LOW,2020-10-12,154.60069274902344,156.4892330380869,154.2784768911697,156.4892330380869,3377900
LOW,2020-10-13,156.92779541015625,157.47377185447044,154.51118351101266,154.71703945180732,2987800
LOW,2020-10-14,155.3883056640625,157.4379466724333,153.24020944916873,156.7398147197297,3474800
LOW,2020-10-15,157.66172790527344,157.88548852600604,153.06121008930208,153.55348618636665,3631600
LOW,2020-10-16,159.049072265625,161.70734996339104,158.18087982387559,158.23458019639344,3879100
LOW,2020-10-19,156.74876403808594,161.0270651850522,156.47130310729392,159.52338700326786,4073200
LOW,2020-10-20,159.04800415039062,161.00591209660723,156.7308538289763,157.61999720828518,3603800
LOW,2020-10-21,156.72186279296875,161.31125428023236,156.56020785063333,159.0030804392975,3431800
LOW,2020-10-22,153.802978515625,157.39545684591698,153.31799997089118,157.1170419679941,3266800
LOW,2020-10-23,154.60226440429688,154.62920688846737,151.97975754606523,153.99154982414777,2963100
LOW,2020-10-26,151.0008544921875,153.78501706208655,148.96211913925967,152.65339128642384,4380800
LOW,2020-10-27,148.31541442871094,152.18630625656712,148.19865453926346,151.8270640333305,4425700
LOW,2020-10-28,144.97439575195312,147.7136619797189,143.1781573998721,144.8576358737203,4947700
LOW,2020-10-29,144.37269592285156,147.3364927324062,144.27390223905925,145.72885130562358,3697800
LOW,2020-10-30,141.9927215576172,144.32782441539882,139.90010113729244,143.58238346448516,3948900
LOW,2020-11-02,143.90570068359375,146.13304717430591,142.0286339953956,143.60034330645692,2978900
LOW,2020-11-03,147.87535095214844,148.61181542434525,144.8666592411614,145.8276398549287,2908200
LOW,2020-11-04,151.08164978027344,153.97359540616878,148.41423400915744,148.5579364052278,5006500
LOW,2020-11-05,152.00669860839844,155.87759077910505,151.24329168613906,153.95561593571097,4088100
LOW,2020-11-06,151.35108947753906,152.24021893841024,150.38111885314015,152.14142525340066,2672900
LOW,2020-11-09,137.81642150878906,152.90483042358977,137.34939557574836,152.23124086225238,10765200
LOW,2020-11-10,139.84617614746094,141.31010143325577,137.42124283281123,139.7473824664625,5925100
LOW,2020-11-11,141.90284729003906,143.3577961490572,141.00472800339324,141.57952379867805,4551700
LOW,2020-11-12,141.88491821289062,143.69912348405742,140.68144134272356,143.05247633204186,3893900
LOW,2020-11-13,143.007568359375,143.68115800421214,141.68733155915692,142.2890699973721,4036000
LOW,2020-11-16,145.40557861328125,145.49539606785044,142.4956794626247,142.8639118404511,5005400
LOW,2020-11-17,143.57337951660156,145.04629490430327,140.60958251455597,143.51949454089055,5642100
LOW,2020-11-18,131.79005432128906,138.58881149839155,131.7720880949323,135.05021863795218,18087800
LOW,2020-11-19,134.35865783691406,135.84054925620546,132.92166142094817,133.45154853895286,9393700
LOW,2020-11-20,134.65505981445312,135.58013557436539,133.72102149662516,134.11619629793518,6005800
LOW,2020-11-23,138.01406860351562,138.4361860076334,134.8167642947075,134.9694430168449,6978500
LOW,2020-11-24,139.172607421875,140.10664569666423,138.04995801725428,138.71455769409127,7190200
LOW,2020-11-25,139.10073852539062,140.51976883687252,138.3193653202783,139.50488951881306,5228300
LOW,2020-11-27,138.91212463378906,141.33704424990873,138.36427125682525,139.82821025026604,2081300
LOW,2020-11-30,139.94500732421875,139.98092607956272,135.96633023713693,138.72356407925358,7292400
LOW,2020-12-01,137.7715301513672,140.8071785421905,137.1608154501833,139.94499146943483,6103700
LOW,2020-12-02,136.343505859375,137.41227015324122,135.11308664923388,136.87339302389557,5133100
LOW,2020-12-03,136.4871826171875,137.54695674716467,135.93932933013818,136.50514883924822,4870100
LOW,2020-12-04,134.71792602539062,136.87340736011043,134.56524735373446,136.28963516235353,4709100
LOW,2020-12-07,136.5052032470703,137.03509052325973,134.0982355874189,134.81673400989177,7306800
LOW,2020-12-08,135.83160400390625,137.4392319487666,135.1310718598647,137.1069321047054,6737300
LOW,2020-12-09,143.8158721923828,144.57926550383218,141.20234129880942,143.2500525524381,11093300
LOW,2020-12-10,143.89671325683594,145.0013964497228,141.9028867891573,143.2410898322692,6647400
LOW,2020-12-11,141.7412567138672,143.7979447836882,141.43588560263882,143.49258737667878,5292600
LOW,2020-12-14,143.7799530029297,145.89053939089442,142.2351863071037,142.5944423434682,4654000
LOW,2020-12-15,146.6898651123047,147.5520521904634,144.54335997451219,144.71400487862306,4764700
LOW,2020-12-16,146.57313537597656,149.2585182688662,146.0073292719683,147.39940387281507,4443500
LOW,2020-12-17,146.87844848632812,148.55794117284313,146.46532121463602,147.86638536074872,4471500
LOW,2020-12-18,146.57313537597656,148.47715849881422,145.39660073695416,146.51925038552048,11916900
LOW,2020-12-21,147.5879669189453,148.9620885443868,144.8397236680623,145.51331323756168,5153100
LOW,2020-12-22,147.83944702148438,148.9620963629074,146.95030380955973,147.30955982134446,3274200
LOW,2020-12-23,145.88153076171875,148.75552386808863,145.76478455602552,148.18970424833716,3613700
LOW,2020-12-24,146.18692016601562,146.5731049870296,145.5851817236486,145.88154910971136,1044600
LOW,2020-12-28,145.53125,147.1388912728132,145.14506526666204,146.61798041763544,2635000
LOW,2020-12-29,144.18408203125,146.66290033881438,143.23207766266376,146.34855306803314,3326100
LOW,2020-12-30,144.20205688476562,145.2169362499196,143.86076710797786,144.23798933717237,3227000
LOW,2020-12-31,144.15713500976562,144.47148227065594,143.03448579832022,144.24695242836685,2335300
LOW,2021-01-04,144.04039001464844,144.93850939131198,141.12150204049192,144.39065602337865,7243400
LOW,2021-01-05,144.52542114257812,145.5672432883706,142.90880293431726,143.19620781766102,3911900
LOW,2021-01-06,146.4563446044922,148.32442099204508,141.90287243626716,142.235172245864,4937000
LOW,2021-01-07,147.03114318847656,148.04600886190892,146.20486122353253,146.79762335760373,4144100
LOW,2021-01-08,148.234619140625,149.31235974834138,146.42939026109008,147.05808484445538,4971200
LOW,2021-01-11,149.37522888183594,150.3451857981257,147.5610238117692,148.10887720749264,3005200
LOW,2021-01-12,151.773193359375,152.8958425429499,148.33339461639588,149.3482601594823,4036900
LOW,2021-01-13,152.52764892578125,154.19815188190594,151.97979543736892,152.79708753887564,3291800
LOW,2021-01-14,153.0305938720703,154.9974779344576,152.65338529498766,152.9946751189174,4090900
LOW,2021-01-15,153.88377380371094,154.48551215367308,150.88405831433036,151.32414175126434,3727200
LOW,2021-01-19,153.9018096923828,156.65070290117256,153.79366102593,155.8305388409089,4683100
LOW,2021-01-20,155.37091064453125,156.86703154231157,152.90141038261825,154.3344491353658,3899800
LOW,2021-01-21,155.32582092285156,157.78631301168997,155.25371723045308,156.452415330878,5322600
LOW,2021-01-22,155.37994384765625,156.93013933809937,154.1452003910644,154.92029813628596,3612300
LOW,2021-01-25,156.91204833984375,157.85837648200706,154.5146525409895,155.83952844286313,4764100
LOW,2021-01-26,156.55154418945312,157.63307198778648,155.92065411978965,157.08329340871433,2496200
LOW,2021-01-27,151.15293884277344,154.89322712922853,150.5490720810306,154.15417452672207,4762700
LOW,2021-01-28,155.32582092285156,156.57859335448202,151.19797736155792,152.21642310717323,3816600
LOW,2021-01-29,150.3778533935547,154.83916527939,150.0624014031684,154.6138463583642,4400500
LOW,2021-02-01,147.2414093017578,151.58556485341637,146.1328440218967,150.6211932362895,3898500
LOW,2021-02-02,150.2066192626953,151.22505150496625,147.30451025780076,147.70107378677415,3181900
LOW,2021-02-03,153.1086883544922,153.415118727953,149.71087582413872,149.84606164996765,2996500
LOW,2021-02-04,155.94769287109375,156.04683372250543,153.04558476872208,153.69450420480348,2679800
LOW,2021-02-05,157.75025939941406,157.9034745935841,156.09191567764887,157.43480745399876,2562700
LOW,2021-02-08,161.48155212402344,161.51761085036284,158.18288003507394,158.60648067912686,3421800
LOW,2021-02-09,160.228759765625,161.7429097802551,159.86825506100365,161.1751018057222,2723800
LOW,2021-02-10,159.74208068847656,161.3283206783704,157.84939656504358,161.3283206783704,2837900
LOW,2021-02-11,158.3811798095703,160.10261975039012,157.61510369229862,159.51679602821906,2783900
LOW,2021-02-12,159.6699981689453,160.1296438016468,158.09276577438865,158.41722555993533,2035500
LOW,2021-02-16,156.8760223388672,159.79616011465083,156.75885211488514,158.8678473846935,2947700
LOW,2021-02-17,159.6429901123047,159.9494205899869,156.37135449078562,156.6868065281734,2244100
LOW,2021-02-18,159.6699981689453,160.4721329509391,158.03869143552674,158.58847013458148,2758700
LOW,2021-02-19,160.01242065429688,161.4184217616578,159.32745633458558,159.98538349380635,2842000
LOW,2021-02-22,155.38890075683594,159.06610617500854,155.19962686479815,158.82275795735188,3767700
LOW,2021-02-23,151.94602966308594,154.0369953749411,148.71045399491743,153.8927879977706,5149500
LOW,2021-02-24,146.28604125976562,152.86535592730698,144.30323767906978,152.00914685295814,9972300
LOW,2021-02-25,142.8701934814453,147.35854153818255,142.35645985476054,147.34953373420248,6639300
LOW,2021-02-26,143.978759765625,146.38516367762023,143.41997336166006,144.51050900503503,6030400
LOW,2021-03-01,145.9525909423828,147.35857885215162,144.88907845141924,144.88907845141924,3361100
LOW,2021-03-02,146.9529571533203,148.52116755242184,146.367119890172,146.39415705206196,4330900
LOW,2021-03-03,142.66293334960938,146.7547329827046,142.60885900463592,146.17791704902675,5238500
LOW,2021-03-04,138.58914184570312,142.65388952772662,135.94839739639102,141.65347314115843,7792700
LOW,2021-03-05,142.9242706298828,143.38391618463837,136.15569656675805,139.6526361597835,5143100
LOW,2021-03-08,146.83584594726562,148.98088666819663,143.5642105203627,143.96979561641402,4613400
LOW,2021-03-09,149.6027374267578,152.51385367909432,148.71046965795549,149.37741853333665,4585200
LOW,2021-03-10,151.8289031982422,153.57736642046982,150.0263518846105,150.513034688246,3394900
LOW,2021-03-11,153.89276123046875,156.03780089757277,153.5412644049859,153.95585710414593,4989600
LOW,2021-03-12,154.6138153076172,154.86617134829592,152.52284953928168,153.28893921786747,3638700
LOW,2021-03-15,157.0022430419922,158.00265973921495,155.52415126660136,155.52415126660136,3745200
LOW,2021-03-16,158.02066040039062,159.09318061772507,156.79492497377623,156.83999150647622,3737200
LOW,2021-03-17,157.21853637695312,158.55242057135396,156.71382418190285,157.55200398745936,3119900
LOW,2021-03-18,157.6060791015625,159.19233315363545,155.29881548295742,155.83958641023247,3888100
LOW,2021-03-19,161.7699737548828,162.72532375759081,157.03827652260722,157.03827652260722,8525100
LOW,2021-03-22,163.9329833984375,165.47417039704254,160.7334529498089,161.82400224444856,4700200
LOW,2021-03-23,162.59014892578125,165.65449489921923,162.1755697588404,163.35623885723507,3324400
LOW,2021-03-24,162.8424530029297,165.96988013160146,162.8154158377436,163.2390164288229,3555400
LOW,2021-03-25,166.88917541503906,167.79045087577958,161.79697456280394,161.96821910072416,4543300
LOW,2021-03-26,172.6934051513672,172.90971622979478,167.04240371785224,167.49304148362978,4795200
LOW,2021-03-29,169.99859619140625,173.86507614668753,169.2505358066738,173.04491206497647,3970900
LOW,2021-03-30,171.2604217529297,172.1616975023364,168.26817966375864,168.43942425652617,3547600
LOW,2021-03-31,171.4045867919922,173.20713798973256,170.49430338798803,172.13463157907142,3564200
LOW,2021-04-01,172.43206787109375,172.93678004616413,170.96298412750474,172.32390543902486,3192200
LOW,2021-04-05,174.60415649414062,175.45135794463258,172.36899636578846,172.91877515265807,3507200
LOW,2021-04-06,175.02772521972656,175.72171130796644,173.4865515882601,173.8470563405959,2917700
LOW,2021-04-07,174.550048828125,175.5234281544397,173.65778100757618,174.39683362199787,3276300
LOW,2021-04-08,175.03671264648438,175.8478550572594,174.20752712352362,175.0907869735531,2684300
LOW,2021-04-09,178.91220092773438,179.0564083134411,175.11783863889232,176.10923347278626,3168500
LOW,2021-04-12,180.8409423828125,181.1383649790313,178.59677495592146,178.59677495592146,3647900
LOW,2021-04-13,180.00277709960938,181.35469059850345,179.37188688393385,180.89504495973458,2964500
LOW,2021-04-14,181.62506103515625,184.02244365654934,180.90403781153933,181.20146040699532,3371900
LOW,2021-04-15,184.37396240234375,184.8246002177644,180.80490485316733,180.8409498273561,3656300
LOW,2021-04-16,187.690673828125,188.3486012710708,185.00487595966527,186.17653717821528,6359800
LOW,2021-04-19,183.8692626953125,186.8254460854877,183.4006092022097,185.67181421382793,3828800
LOW,2021-04-20,183.29074096679688,184.40257616695644,181.1755244634229,183.87829267760333,3006200
LOW,2021-04-21,184.3212127685547,185.24321565528967,183.69749600856673,184.22177946199227,2716600
LOW,2021-04-22,181.9619140625,185.17088247001402,180.09981225900717,184.29406540053432,3713000
LOW,2021-04-23,181.62747192382812,182.49525472791626,180.34388715817212,182.40485580082427,3634000
LOW,2021-04-26,180.0546112060547,181.62744749960754,179.25011051770355,181.53706237760974,3017000
LOW,2021-04-27,179.92807006835938,181.80825449168242,179.59360510059236,180.8500866340042,3453900
LOW,2021-04-28,177.22531127929688,180.6421809551013,176.89989446288982,180.5517958240067,4939200
LOW,2021-04-29,179.37669372558594,180.27157970058104,178.01174434079073,178.35524372921978,3860200
LOW,2021-04-30,177.39707946777344,179.21398216972992,176.5112278501616,178.7981801788459,4255500
LOW,2021-05-03,180.0636444091797,180.85911071803844,178.86141057163192,179.65687688049067,4629500
LOW,2021-05-04,181.05799865722656,181.22974833898823,177.8761468393213,179.61169861464978,4150100
LOW,2021-05-05,180.78683471679688,183.58903617208358,179.70211646708427,182.17888727522222,3715300
LOW,2021-05-06,186.1562042236328,186.26467190973645,181.1755181449496,181.9619502480232,4525200
LOW,2021-05-07,188.3798828125,189.13919802736638,185.035329012452,186.26468008301973,3694800
LOW,2021-05-10,191.0103302001953,194.5447161696826,188.47931172659227,189.41036283260888,4476900
LOW,2021-05-11,185.61380004882812,189.51880146105933,181.88959646685564,188.02730211905245,4449200
LOW,2021-05-12,176.75523376464844,184.37540393071998,176.086331487102,183.67937094590008,5406600
LOW,2021-05-13,181.0941925048828,183.27267745597274,178.61742137562447,178.8253224004803,4494000
LOW,2021-05-14,179.80152893066406,182.7935484914444,178.27387814756128,182.33254708182648,3743000
LOW,2021-05-17,175.48074340820312,179.61171535916603,173.6728750829112,178.65354735363184,5798800
LOW,2021-05-18,174.23324584960938,177.17103079908398,173.30219510751843,175.36316313786884,5691500
LOW,2021-05-19,172.3983154296875,173.23896753560427,168.47524468286255,171.3316660021942,6797900
LOW,2021-05-20,174.8299102783203,176.1677289813797,172.9949250255947,173.33841062932166,4397700
LOW,2021-05-21,173.98020935058594,177.05357998574672,172.9497249571082,175.67960998973686,4032700
LOW,2021-05-24,172.3440704345703,174.92932238655746,172.2084720504011,174.67622195430184,3396200
LOW,2021-05-25,174.47735595703125,174.75757330849407,172.29887156420088,172.80507243044846,4089300
LOW,2021-05-26,175.00164794921875,175.58919959929915,174.02539746231696,174.08866567723126,3565600
LOW,2021-05-27,175.15533447265625,176.82760447335153,174.9745503905461,175.67056979631715,5126500
LOW,2021-05-28,176.1134490966797,178.83428525835365,175.97785073152548,178.07498406806377,3619400
LOW,2021-06-01,173.41973876953125,177.26145816657328,173.13950765097334,176.2671252760461,4105600
LOW,2021-06-02,172.4434814453125,174.62195175617873,171.80168227958023,173.8264992688704,3997700
LOW,2021-06-03,172.01864624023438,172.49773016593895,170.37347970823873,171.7474632764733,3469200
LOW,2021-06-04,171.6660919189453,173.00391024185686,170.20170960759094,172.09094195948762,4210500
LOW,2021-06-07,171.9734649658203,172.75084885457133,170.4277315639882,171.70228197338346,2913500
LOW,2021-06-08,173.01300048828125,174.17908333117393,171.97348167470398,172.79606510760638,3604600
LOW,2021-06-09,172.28982543945312,174.00729451751565,172.0728763145969,173.55532751876888,3638900
LOW,2021-06-10,170.6446533203125,173.2389393938918,169.35203436710145,172.5338720025153,3905800
LOW,2021-06-11,172.47964477539062,173.27511111117053,171.11470939734852,171.63899277384544,3127800
LOW,2021-06-14,171.44012451171875,172.19942575592793,170.12942297977568,171.85592642466935,3257700
LOW,2021-06-15,169.83114624023438,171.43109969569662,168.80969627473746,171.2683981753201,4472600
LOW,2021-06-16,168.3125,170.12036791362607,166.8481314037029,169.939583880851,4175800
LOW,2021-06-17,168.8910369873047,170.08423657084018,166.73968329698764,168.5837027162507,4260900
LOW,2021-06-18,168.9272003173828,169.8492031209579,166.76679848142,166.9837338267605,9316900
LOW,2021-06-21,170.73509216308594,172.23561241776503,169.65940828308047,169.9125087497946,4539400
LOW,2021-06-22,173.30224609375,174.1700151023905,171.3587933033462,171.6751619613744,3995700
LOW,2021-06-23,172.7779541015625,173.7090050714395,172.51581929544545,172.78698847662204,2835900
LOW,2021-06-24,173.32936096191406,174.54062932664883,172.58812839090533,174.17001304114444,2767800
LOW,2021-06-25,174.1519317626953,174.33271580827287,172.832182023396,173.66379966740354,4149500
LOW,2021-06-28,174.64910888671875,175.5168778756022,172.99490787254413,174.08866038041964,2510600
LOW,2021-06-29,175.54397583007812,177.03547517005973,174.49540910492829,174.49540910492829,2628800
LOW,2021-06-30,175.33607482910156,176.5021435919154,175.22760716547364,175.48070757589738,2715900
LOW,2021-07-01,177.00839233398438,177.26149279320742,175.22764095041768,175.8151926322696,2456300
LOW,2021-07-02,176.908935546875,177.6411199062363,176.45696853068273,177.52360406828592,2553000
LOW,2021-07-06,176.04115295410156,177.5145698418609,174.2604018053798,176.9902864474868,2588300
LOW,2021-07-07,177.06263732910156,177.58692082564167,174.7214372444098,175.06493665768056,3647100
LOW,2021-07-08,174.27850341796875,175.49880622047309,172.79605199312317,174.81182124557301,3993600
LOW,2021-07-09,176.56544494628906,177.84902968069972,175.52591248179453,175.52591248179453,2436300
LOW,2021-07-12,176.78240966796875,177.550745425493,175.64344380290598,176.1767616451182,2405600
LOW,2021-07-13,175.61630249023438,177.3066547149548,175.1281841822457,177.10778812464193,3191900
LOW,2021-07-14,174.22422790527344,176.62868163878701,174.09767770877272,176.42078070016518,2943300
LOW,2021-07-15,176.94509887695312,177.10780039324044,173.12146152186506,173.12146152186506,3188000
LOW,2021-07-16,177.29763793945312,179.7563398519838,177.00838619306487,178.02078799483394,4920700
LOW,2021-07-19,174.36888122558594,175.0649143400296,171.78362916487768,173.53726351421022,5214000
LOW,2021-07-20,176.19337463378906,177.37338557605486,173.52473855139178,173.98765984819036,2882400
LOW,2021-07-21,177.1191864013672,177.3914848305753,176.0299372830231,176.60179168511593,2112900
LOW,2021-07-22,178.6078338623047,178.78029878963744,176.8105808988807,178.00874954116335,3244100
LOW,2021-07-23,182.30215454101562,182.8286213074316,179.3702924068519,179.72429425060304,3358100
LOW,2021-07-26,179.48831176757812,179.64261885516757,175.94827920101523,178.19029567139094,3422200
LOW,2021-07-27,175.64871215820312,179.47012851115556,173.81517136497735,179.4338128189932,4106100
LOW,2021-07-28,174.63214111328125,177.3552370382352,174.27813919705252,175.79399426656437,2152500
LOW,2021-07-29,175.7485809326172,176.38398096940983,174.24181193351887,175.41273691630914,2532800
LOW,2021-07-30,174.90444946289062,177.27354341725996,174.65936695716087,174.82275991110797,2841600
LOW,2021-08-02,173.33412170410156,176.29321399953332,173.2342743092972,175.92105426886428,3051700
LOW,2021-08-03,176.04812622070312,176.6472105715225,173.79703775595252,173.89688514775577,2335100
LOW,2021-08-04,172.37196350097656,176.34768791414217,172.2902739487454,175.24029448262465,3162200
LOW,2021-08-05,173.07992553710938,174.804560820024,172.45362527081977,173.34316583125786,2335500
LOW,2021-08-06,172.6079559326172,174.82274256372224,172.2993417562515,174.033035423706,2855000
LOW,2021-08-09,170.63821411132812,172.60791782617346,170.50205105154706,172.23575818663352,2296200
LOW,2021-08-10,172.2176513671875,173.2433552165192,170.07548211882295,170.77441391839116,2548300
LOW,2021-08-11,176.56553649902344,176.73800145001135,173.37043353174516,173.63366003299197,3367300
LOW,2021-08-12,174.27813720703125,176.92861554834235,173.17981576900638,176.3295311276015,2753600
LOW,2021-08-13,172.92564392089844,174.59581976128638,172.24487001569514,174.21457418603765,2400900
LOW,2021-08-16,175.62149047851562,175.99365016339954,171.68208256884736,172.40824409168985,3485800
LOW,2021-08-17,165.43710327148438,170.51114778855478,165.27372420976593,170.12990227712194,8256400
LOW,2021-08-18,181.2946319580078,184.91635424743492,171.10118086971204,171.78195479890186,16992700
LOW,2021-08-19,183.89064025878906,184.55327015216213,180.14185478096545,180.40508125819372,5378300
LOW,2021-08-20,188.99191284179688,189.60914118035086,183.86340795059718,184.03587288354024,4915700
LOW,2021-08-23,187.0403594970703,190.15377270080194,186.74081731592665,189.53653048955363,4195200
LOW,2021-08-24,184.6168212890625,187.39437684299907,184.12667012970147,187.1311503380496,4110400
LOW,2021-08-25,187.14930725097656,187.73931970338512,184.32637765168778,184.63499187888954,2628800
LOW,2021-08-26,186.66819763183594,187.87543834186965,185.21588829034926,186.34142560618486,3250400
LOW,2021-08-27,186.89511108398438,188.37466403527702,185.85126337441423,186.41403199866463,3128100
LOW,2021-08-30,186.0691375732422,190.08116364930564,185.97836217476143,189.20976691518658,3986100
LOW,2021-08-31,185.07064819335938,187.52143139423785,184.56233924507407,187.32173661450005,4877800
LOW,2021-09-01,184.6531219482422,186.11451726723925,182.94665797633664,185.66975381170644,2835000
LOW,2021-09-02,187.1220703125,187.55777563480802,184.89821140011708,184.96175695351363,2655800
LOW,2021-09-03,186.96775817871094,187.73930754713967,185.3066680393179,185.98744200544382,2260900
LOW,2021-09-07,186.21435546875,188.11145599995598,185.99651667692686,186.7135924506463,2591900
LOW,2021-09-08,185.2522430419922,185.55178530524762,182.90130649598714,185.48825359203948,3344800
LOW,2021-09-09,184.2718505859375,185.82402097264264,183.79985738153175,185.59709636847035,2566100
LOW,2021-09-10,185.47000122070312,187.51232246088802,185.3156941668233,185.87846269866463,2505600
LOW,2021-09-13,187.03128051757812,188.11144395916443,185.85126968600366,186.73173834761369,3159000
LOW,2021-09-14,185.32479858398438,188.2657466704646,185.09787396204428,187.4851254169755,2488600
LOW,2021-09-15,186.63186645507812,187.1764910290344,182.8830676735996,185.3247785578857,2956600
LOW,2021-09-16,189.23695373535156,190.00850289585696,186.67725151472607,186.67725151472607,3365500
LOW,2021-09-17,189.73622131347656,192.41392918849186,188.22036644084338,188.22036644084338,5835200
LOW,2021-09-20,186.32325744628906,189.21881760497402,184.2900080114134,187.4578804645588,3640400
LOW,2021-09-21,187.23098754882812,189.01006898636382,186.40497852763892,187.5849894364262,2681200
LOW,2021-09-22,189.60916137695312,190.8708618861005,187.6485290626232,188.84669787150756,3169000
LOW,2021-09-23,188.78311157226562,192.11436307736543,188.61064665817844,190.6166662399175,3128800
LOW,2021-09-24,188.6832733154297,189.52744008035947,187.79373270807574,188.86482408664332,2275800
LOW,2021-09-27,191.18853759765625,192.65900472100245,188.34743688861252,188.4654421245679,2886100
LOW,2021-09-28,186.46849060058594,190.12652818795547,185.79680259502362,189.7997561837648,4030200
LOW,2021-09-29,187.984375,189.11899818602032,186.91328351019885,187.1311361480518,2678300
LOW,2021-09-30,184.13572692871094,188.31114576534154,183.60018811260178,187.83005279535365,3828600
LOW,2021-10-01,184.89817810058594,186.45034859970553,183.20078637056636,184.92540794702842,3016400
LOW,2021-10-04,185.6334228515625,185.70604039658218,182.97387278582184,184.1175679565256,5195600
LOW,2021-10-05,185.4156036376953,188.57439100237178,185.31575623405183,186.86791314024012,3482800
LOW,2021-10-06,185.17047119140625,186.25063448941663,183.27338488417328,184.17199742424245,3079600
LOW,2021-10-07,188.7104949951172,190.26266537940072,186.64094371632493,186.91325601098256,3001100
LOW,2021-10-08,187.13111877441406,188.5834280074563,185.57894830587745,186.61372400144205,3042000
LOW,2021-10-11,189.57281494140625,192.19606274348223,188.6560307001219,188.90111314436786,3267900
LOW,2021-10-12,190.43515014648438,192.1870016224033,190.37160460260915,190.48053784205527,2793600
LOW,2021-10-13,192.541015625,193.91164932559235,191.16132377525454,191.18855362423764,3275600
LOW,2021-10-14,196.47134399414062,196.57119138642827,193.73917640573245,194.5560995423546,3177100
LOW,2021-10-15,198.9311981201172,199.68458950510805,197.3245679653685,198.5681104253376,2930500
LOW,2021-10-18,201.27305603027344,202.1535246205479,198.12334135174095,198.24133273007266,2786000
LOW,2021-10-19,203.06771850585938,203.85116635023005,201.79233085892528,202.10207639779279,2976300
LOW,2021-10-20,204.98074340820312,205.24493685997894,202.86726529664102,204.06065350151616,2293700
LOW,2021-10-21,207.1762237548828,207.39486517672128,204.5252538547739,204.88965622450468,2883100
LOW,2021-10-22,208.40606689453125,209.39903732538667,207.23088832178743,207.23088832178743,2207500
LOW,2021-10-25,211.18458557128906,211.51252688299448,207.80482452573375,208.20566021852525,3018500
LOW,2021-10-26,210.5013427734375,212.8698957948846,209.982074571873,212.35974634105077,2801000
LOW,2021-10-27,211.13902282714844,214.04506755199967,211.00236672033694,211.00236672033694,2801700
LOW,2021-10-28,211.12991333007812,213.78998829963993,210.66531590783444,212.22310663034838,2421700
LOW,2021-10-29,213.00656127929688,213.84466597612277,209.98208381200587,210.2371585501472,3316300
LOW,2021-11-01,211.12081909179688,214.90140209353038,209.7179080067301,214.08152097765813,3861500
LOW,2021-11-02,212.28688049316406,213.29807462332502,210.7017612376187,211.64008878409277,2167300
LOW,2021-11-03,213.44383239746094,213.7899973166518,211.42144416740513,212.15933994583858,2629100
LOW,2021-11-04,216.61404418945312,217.66167153401327,214.02684974336043,214.0815066273507,2508800
LOW,2021-11-05,214.57345581054688,217.97144074033102,214.1270819424134,217.72547083510486,2356500
LOW,2021-11-08,213.89022827148438,216.8873776339399,212.4053317139993,215.49357126434694,2797200
LOW,2021-11-09,213.08856201171875,216.14947299119345,212.2959953961416,214.1361894833428,2307500
LOW,2021-11-10,211.84957885742188,214.79205671427286,210.71995237683555,211.91334058345953,2402900
LOW,2021-11-11,211.6400909423828,213.83555473701412,210.7108821347919,213.46206136481848,1921300
LOW,2021-11-12,215.2840576171875,215.64844618518177,211.40325125543768,213.562282016896,2462900
LOW,2021-11-15,214.00863647460938,216.0401295306055,213.47115855539798,215.0836062135628,2219900
LOW,2021-11-16,222.990966796875,224.75828039338958,218.08075689032145,219.18305515121503,5223200
LOW,2021-11-17,223.8563995361328,232.50165448349108,223.41913051229432,227.76453400706762,6823900
LOW,2021-11-18,225.35951232910156,227.74628898954225,223.4008859034733,224.5122889057847,3468600
LOW,2021-11-19,227.3090057373047,228.42040866984678,223.87458802279255,225.71478181445673,3685000
LOW,2021-11-22,229.88711547851562,233.56750338593525,227.60965253103888,227.98314589002175,4460500
LOW,2021-11-23,229.4862823486328,230.1786260882371,226.47092359645083,228.7848198607967,2550600
LOW,2021-11-24,230.14219665527344,230.85276400272326,226.83531591485087,227.2179280326676,1952500
LOW,2021-11-26,225.6419677734375,229.6685214274621,225.150027890965,227.40016285946896,1891000
LOW,2021-11-29,226.4526824951172,230.01463764568547,226.27048825146656,228.02868285846327,3209100
LOW,2021-11-30,222.81784057617188,228.14710893080263,222.7449601006633,225.7056616531183,6235900
LOW,2021-12-01,223.50108337402344,229.90530758020213,223.3917696090796,226.19760541371795,4018600
LOW,2021-12-02,228.10157775878906,229.27674252009103,223.95659242613536,225.02244341444106,3706700
LOW,2021-12-03,226.55287170410156,231.25355784418872,225.07708038823665,230.04194607355413,3972000
LOW,2021-12-06,228.82122802734375,231.69083939857038,228.12888436375943,230.01463017061084,3008500
LOW,2021-12-07,234.0412139892578,234.61513912059104,229.93266178963805,230.94385593028028,3405400
LOW,2021-12-08,233.8863067626953,235.6080819541912,231.89126106088477,233.7496645572732,3820700
LOW,2021-12-09,235.1708221435547,237.60316484268492,232.1736869731511,233.00268683536964,3812700
LOW,2021-12-10,238.1133270263672,238.2044311107891,234.7791177041802,235.40769974530923,2547700
LOW,2021-12-13,234.34181213378906,239.87149869118153,233.47639291806942,239.4524533046114,3915300
LOW,2021-12-14,229.98731994628906,233.9592158057209,228.21088776126595,233.1393208202032,5100500
LOW,2021-12-15,234.61512756347656,235.34390457624835,227.0630527489341,227.38190311741963,4939300
LOW,2021-12-16,230.69789123535156,236.4006534393704,230.57035386658853,236.15469744995426,4457200
LOW,2021-12-17,226.00631713867188,230.74343744482047,225.42328716100025,229.8780042764763,10173200
LOW,2021-12-20,223.75616455078125,224.04768646641838,220.7317011289611,223.39177605676485,3900900
LOW,2021-12-21,224.9951171875,226.29783323083754,221.8977731174961,225.6601463811933,2963800
LOW,2021-12-22,227.4729766845703,227.70072295956498,224.22076710592177,225.1135286117526,1771900
LOW,2021-12-23,227.82827758789062,229.30408301408843,226.87174038029752,227.9649337035642,2060300
LOW,2021-12-27,231.116943359375,231.18982384372237,228.78482346238363,228.78482346238363,1590200
LOW,2021-12-28,231.40843200683594,232.2009845717356,230.31525269995007,231.39020841323793,1531500
LOW,2021-12-29,234.64248657226562,235.5261434109185,232.26481442196308,232.31035256579548,1617500
LOW,2021-12-30,233.5675048828125,236.17290916691385,233.2668642032245,235.35302806078008,1488100
LOW,2021-12-31,235.47146606445312,236.64661696347423,233.07557052440967,233.34885496579545,1774200
LOW,2022-01-03,232.76580810546875,237.03834453646814,230.54301604042615,236.1273593965141,5302100
LOW,2022-01-04,236.6830291748047,237.6122239392457,232.84778980853199,232.88422309515497,3638200
LOW,2022-01-05,232.073486328125,236.34600926223516,232.04615788338697,235.6809800388593,3808600
LOW,2022-01-06,234.8428955078125,235.44414910926275,232.30123887465086,234.70625328045188,3616300
LOW,2022-01-07,228.73927307128906,234.46937782720087,228.3931081438071,232.93891544593387,4945500
LOW,2022-01-10,225.6419677734375,226.0154751100308,219.15575640865097,225.82416206672846,6292400
LOW,2022-01-11,227.29080200195312,227.70074255211105,222.8998467699813,225.84233890448087,3415000
LOW,2022-01-12,228.40220642089844,232.03704230887357,227.6916390894944,228.8303705693766,2825500
LOW,2022-01-13,228.38400268554688,231.16251051818716,227.82830111901882,230.55215205995665,2243400
LOW,2022-01-14,221.7337646484375,226.56198839035866,219.9755701025211,225.28661482858143,3258500
LOW,2022-01-18,217.90419006347656,218.99183955043222,214.12027495921282,218.6262354664636,4612500
LOW,2022-01-19,214.51327514648438,220.41765186433122,214.12026646148138,219.01924942127764,4146800
LOW,2022-01-20,204.66961669921875,217.1547138504599,204.1303663608112,215.9482552298469,5946600
LOW,2022-01-21,205.6658935546875,210.08046391995975,202.44864704208223,203.71909171848696,5724400
LOW,2022-01-24,212.3654022216797,212.6944389008666,201.26042475889795,201.5620428770167,4911600
LOW,2022-01-25,210.2266845703125,211.99069126119156,205.19974316450174,207.9325763312632,4099200
LOW,2022-01-26,208.48095703125,214.78747738441484,206.3239418068964,212.5573413452597,4349200
LOW,2022-01-27,206.49757385253906,213.11486070016394,204.68787913634463,210.82075282229306,3425800
LOW,2022-01-28,214.7783203125,214.91541310960187,205.1722851996808,208.38039611554416,3215500
LOW,2022-01-31,216.93536376953125,217.1729959644676,212.64875176387272,213.86435919431094,4485900
LOW,2022-02-01,217.849365234375,218.88216370725618,213.70899463101227,217.94075580074852,2723800
LOW,2022-02-02,218.54397583007812,220.00636424679897,216.11276101448672,218.08698119314903,2442900
LOW,2022-02-03,213.9739990234375,218.8912650801619,213.69979949101045,215.7014379474501,2512000
LOW,2022-02-04,209.36752319335938,214.0105762884135,205.80295676753602,214.0105762884135,3456700
LOW,2022-02-07,207.49380493164062,211.11319387995903,205.2179671008157,210.69276671295196,2990100
LOW,2022-02-08,211.82614135742188,212.61217266210602,206.4336104170237,207.65835265216418,2572400
LOW,2022-02-09,213.56272888183594,216.14017128310022,212.81325101177438,214.34876018504656,2115100
LOW,2022-02-10,207.8411865234375,212.83157484487552,206.36966301358527,210.8482194961828,3053800
LOW,2022-02-11,206.47933959960938,209.96163682869178,205.42824346811835,207.9508630266001,2192800
LOW,2022-02-14,206.51589965820312,207.49387499870522,203.9293080137319,204.5234094844131,2025700
LOW,2022-02-15,208.48095703125,210.2723681815957,207.45727957039733,208.6728869670309,1843600
LOW,2022-02-16,207.48468017578125,208.54491097909178,204.28571802350754,207.0368344001386,2461300
LOW,2022-02-17,204.5416259765625,207.6766160167673,204.04807797139853,206.49756220194988,2482200
LOW,2022-02-18,203.53623962402344,206.30562554544903,201.4614804139923,203.77387177483456,4241500
LOW,2022-02-22,196.13294982910156,202.40291664255508,192.63236932770297,199.5147072651507,7641100
LOW,2022-02-23,196.58993530273438,208.16104201732418,195.71251347346197,202.90560407396694,8936900
LOW,2022-02-24,195.05447387695312,195.8313564699588,188.50117179859018,191.6544323209129,5749300
LOW,2022-02-25,200.3281707763672,200.79431425131872,192.12969947566762,195.84049385219956,4613300
LOW,2022-02-28,202.0464630126953,202.2658254551678,197.25716822951813,198.57330104524524,5440400
LOW,2022-03-01,202.4486083984375,205.13573888579958,201.2878382060231,202.33893415695118,3953200
LOW,2022-03-02,208.9927978515625,210.22667504562708,201.1781865036735,201.62604628386626,4513700
LOW,2022-03-03,206.81748962402344,210.87560418920785,205.7024216057928,209.41321578768162,3180700
LOW,2022-03-04,204.79757690429688,207.192224264328,202.67711516078148,205.26370639874267,3144400
LOW,2022-03-07,203.1432342529297,208.3712535844455,202.97872289144436,204.7609990393774,4022700
LOW,2022-03-08,204.05722045898438,209.87019223448107,202.97871991474778,203.14323127382056,3725900
LOW,2022-03-09,206.45188903808594,210.47343601899962,206.18682435488225,208.37125802818937,3428500
LOW,2022-03-10,204.88897705078125,205.09005580988358,200.2459097934203,203.81961125721136,3318700
LOW,2022-03-11,203.09754943847656,207.98738336697915,202.89647069562855,204.64217949563667,2616300
LOW,2022-03-14,207.02767944335938,208.12447759156598,202.06472500283246,204.71528798614023,3607700
LOW,2022-03-15,211.19549560546875,212.36540069050514,207.94168226969455,208.20674695326753,3413600
LOW,2022-03-16,211.43310546875,214.26646338184904,207.28358704092182,213.07828867920244,3497400
LOW,2022-03-17,214.22079467773438,214.2482132382193,208.6820223178816,210.21751749051194,3323900
LOW,2022-03-18,215.39979553222656,215.93904571907171,210.15349341830597,211.72555568390263,9149800
LOW,2022-03-21,208.0239715576172,217.86762633870254,206.2782486365867,216.1584707998676,4349200
LOW,2022-03-22,208.81912231445312,210.09870166906194,205.97661522651524,208.06964444506156,3248800
LOW,2022-03-23,201.9185028076172,208.34384609939772,200.9222578753483,207.47555910387558,3728100
LOW,2022-03-24,200.3190155029297,202.86905323452055,199.2130963576397,201.8362409539637,3399200
LOW,2022-03-25,194.60659790039062,201.95507959996223,193.20819540277992,201.74485202193307,6831700
LOW,2022-03-28,195.39260864257812,195.50228288294446,189.57963681490062,193.1990401570414,6579600
LOW,2022-03-29,200.68460083007812,202.3023515557401,197.91520092362862,199.030268782726,4993600
LOW,2022-03-30,191.4716339111328,198.47278173138972,190.9597881602912,197.19320222021238,7090900
LOW,2022-03-31,184.7995147705078,190.7861479922022,184.61671968398295,189.05870862375565,7318500
LOW,2022-04-01,184.9914093017578,186.60003922639282,184.07742009780375,186.54520210557453,4827200
LOW,2022-04-04,186.56349182128906,186.69144976568677,182.5876467262659,184.2145465677665,5426100
LOW,2022-04-05,187.2489471435547,190.2376954803865,184.3241847395814,185.73173579879705,4707100
LOW,2022-04-06,183.3919677734375,185.4027556131879,179.72687529529512,183.8946647333751,6356100
LOW,2022-04-07,185.2107696533203,186.6365905640719,180.55856800452054,181.98438891527212,4411600
LOW,2022-04-08,188.885009765625,189.85383607772494,183.29138642706118,183.73924615183324,5065500
LOW,2022-04-11,186.9930419921875,190.521040766034,185.85970434070506,187.05702792870306,3576200
LOW,2022-04-12,186.58175659179688,192.47698420134384,185.90539955635577,191.03287957737084,4354700
LOW,2022-04-13,187.83395385742188,189.05871023495547,185.74092429808834,186.11566329379917,2803400
LOW,2022-04-14,183.96775817871094,189.46997746004777,183.73926086241718,188.49200225205323,4001400
LOW,2022-04-18,181.4451446533203,184.62582324785456,180.35749524534216,183.36451365589753,3800400
LOW,2022-04-19,186.32723999023438,186.7585541802533,181.42679272812805,181.85810691814697,3392900
LOW,2022-04-20,191.55809020996094,192.76943040585977,188.30029684530317,188.89678810803218,3906100
LOW,2022-04-21,188.15342712402344,193.49437396330737,187.46516164490728,193.099761140493,3797600
LOW,2022-04-22,180.83946228027344,187.49269539595002,179.95849028859175,187.3183325635054,4216300
LOW,2022-04-25,183.88621520996094,184.21658325117113,178.64621372353236,180.8303143294664,3895900
LOW,2022-04-26,183.1612091064453,187.54775338224746,181.92233962430882,182.53718844927386,3959100
LOW,2022-04-27,183.14288330078125,186.71268676879987,182.59226525316353,182.84921660797215,3028100
LOW,2022-04-28,188.25437927246094,190.09892577412458,183.56499643222597,185.02411593366725,3250400
LOW,2022-04-29,181.45428466796875,188.29105145212722,180.85779359391017,186.74017185901587,4217600
LOW,2022-05-02,186.41900634765625,187.80470919495633,181.44514262757795,181.81221196375884,3697800
LOW,2022-05-03,185.03330993652344,188.06166707234763,183.7301955441171,185.80416397099512,3002600
LOW,2022-05-04,190.10809326171875,190.84224585915402,181.93149653834092,184.2073569878737,4452400
LOW,2022-05-05,179.7932891845703,187.76799384241278,177.59084532633932,187.1256155506618,4262900
LOW,2022-05-06,176.46209716796875,179.3619926006163,174.04858892110647,178.18735389421693,3910700
LOW,2022-05-09,179.93099975585938,182.13344421483427,172.75467658870548,173.98437451158645,3998300
LOW,2022-05-10,176.3152618408203,182.65647031261295,174.59000527104462,181.80302786232815,3638700
LOW,2022-05-11,172.31414794921875,179.123386023322,171.8828337987273,176.96681527086477,4598000
LOW,2022-05-12,175.92062377929688,178.80216086895425,171.8185611003255,172.3141200026788,4292900
LOW,2022-05-13,178.03131103515625,181.16062764649655,174.6817584647365,175.52602898106267,2911900
LOW,2022-05-16,178.70123291015625,180.06859194324468,173.90173255000755,176.71903910738408,4405300
LOW,2022-05-17,178.0588836669922,183.05110532321302,172.4059259678716,182.5463744567204,8210000
LOW,2022-05-18,168.68931579589844,175.70044743755776,164.96349294202975,172.06639893090528,7847600
LOW,2022-05-19,172.39675903320312,176.02162153642658,167.64313092298906,167.64313092298906,5132100
LOW,2022-05-20,169.48765563964844,173.68147897184102,164.46790540418502,173.37864050758796,5722600
LOW,2022-05-23,170.9192657470703,171.4515260804707,166.45930474920934,171.14868758028786,3546700
LOW,2022-05-24,169.42343139648438,172.34168440478376,167.37699255913444,169.75379939737115,4486500
LOW,2022-05-25,173.0299530029297,174.2596506938158,167.25769171785774,167.56971605963295,3986300
LOW,2022-05-26,179.43540954589844,180.83029826294077,174.6175508746094,174.8836880523046,3337900
LOW,2022-05-27,183.19793701171875,183.22546651302434,179.74742348490312,180.52746336269024,2779200
LOW,2022-05-31,179.224365234375,182.39038419723886,178.38926627813336,181.33504921055075,4733900
LOW,2022-06-01,175.93902587890625,180.91288980566443,175.86560920805985,180.22462426962747,3290200
LOW,2022-06-02,179.9860076904297,180.0685961835742,175.96653299050786,176.70985743440104,3359200
LOW,2022-06-03,179.3619842529297,181.6562025575279,177.3430749454427,178.0038109373908,2262700
LOW,2022-06-06,180.5733642578125,182.41791099948213,178.2149007795132,179.86674099739608,2691600
LOW,2022-06-07,179.54551696777344,180.05024778986564,173.4520737770167,174.68178541705876,3269700
LOW,2022-06-08,176.6089324951172,178.682914924137,175.62701428545049,177.93957638813373,2775700
LOW,2022-06-09,178.2882843017578,182.3811757470219,176.10418408633376,176.29690457708156,2999500
LOW,2022-06-10,170.99269104003906,176.41622681157224,170.82750003033442,173.71822367638117,3564600
LOW,2022-06-13,166.3400115966797,169.31332378711943,165.2846766972289,167.321943827249,3899300
LOW,2022-06-14,163.2932891845703,167.80830926305825,161.90757232525465,165.94540506409263,4037200
LOW,2022-06-15,164.27520751953125,166.11976805523764,161.78828264203725,164.63310502600004,4164200
LOW,2022-06-16,157.48435974121094,160.5310751010998,156.44736833720629,160.13647617913733,5536300
LOW,2022-06-17,158.2735595703125,160.85225912869768,156.13534607813273,156.8694988570081,8499000
LOW,2022-06-21,158.19091796875,161.89836795377235,157.2824026344791,161.5955295090154,4753300
LOW,2022-06-22,159.31051635742188,160.9348127502854,156.11695456209077,157.23653415652353,4434100
LOW,2022-06-23,161.81581115722656,161.9167573252467,159.31052862719656,160.1547993039115,3611500
LOW,2022-06-24,167.78993225097656,167.8817065764505,162.5499459318417,163.1280793733802,5346100
LOW,2022-06-27,169.05636596679688,170.06582766025792,167.1384027520187,167.93678627143018,2829200
LOW,2022-06-28,160.3383331298828,170.33194770018062,160.20068563003198,169.2949565253127,4980300
LOW,2022-06-29,161.60476684570312,162.78857750449137,159.82445093793842,160.56777553796817,2802600
LOW,2022-06-30,160.2924346923828,161.58637711119525,156.70427408537665,157.8789126775081,4415400
LOW,2022-07-01,162.76104736328125,163.88979901065204,160.26493636876424,161.35698667921534,3095500
LOW,2022-07-05,165.0736083984375,165.12866740012376,160.1180882047044,160.64117672631983,3226300
LOW,2022-07-06,164.3210906982422,167.89089384376808,162.83444170789488,165.8995140225012,2177600
LOW,2022-07-07,166.62451171875,167.09252726235815,164.11004314470892,165.0644319011252,2935600
LOW,2022-07-08,166.6795654296875,167.90009134094274,164.65147013286835,166.00964355175452,2024700
LOW,2022-07-11,165.28466796875,167.93678383088542,164.87171146480736,166.30330147996727,2285100
LOW,2022-07-12,166.1013946533203,170.139213010625,165.27548171748865,167.00991008497223,3184700
LOW,2022-07-13,167.35862731933594,168.64339793256377,162.9353818438834,164.05496146274334,2935400
LOW,2022-07-14,167.62477111816406,167.89089428272797,163.9815512965429,164.64228729460197,3261900
LOW,2022-07-15,169.77218627929688,170.8183494616627,168.81779744739114,170.42375056084396,2901400
LOW,2022-07-18,170.49713134765625,173.51633065487925,169.9465273239875,171.2496417169744,2965800
LOW,2022-07-19,174.22569274902344,174.94555623321207,170.57100338043307,172.1860842379515,2683900
LOW,2022-07-20,176.30218505859375,176.68057872437302,173.4965657195711,173.8657213412584,2427300
LOW,2022-07-21,178.63714599609375,178.84018583220538,174.8163272074983,176.49601783671523,3266100
LOW,2022-07-22,180.5013885498047,183.7684593015266,179.26470178542965,179.799987269051,3329500
LOW,2022-07-25,179.78152465820312,180.75057571869326,178.27718811589574,180.6121318058326,2492200
LOW,2022-07-26,174.05955505371094,176.24683120549804,173.14587578507778,173.67192330407087,3647200
LOW,2022-07-27,175.27777099609375,176.17298821106598,169.53731206565504,174.15182798514692,3713900
LOW,2022-07-28,176.0899200439453,176.93898923377236,169.5742261984584,173.03511293641967,6034600
LOW,2022-07-29,176.76365661621094,177.649649923791,174.17030076226965,175.1762619151533,4507100
LOW,2022-08-01,179.1262664794922,180.20606145988964,176.5329109177191,176.78209870777522,3349500
LOW,2022-08-02,173.4596405029297,178.48945974599403,173.3858065626283,178.36949191509044,3401800
LOW,2022-08-03,180.35372924804688,180.87055275131428,175.01012628386903,175.01012628386903,3292700
LOW,2022-08-04,181.95960998535156,183.7038965821522,180.35375324449296,180.66753697288573,3534100
LOW,2022-08-05,183.7315673828125,183.86999722732455,180.27068044616152,180.7875039755198,2409700
LOW,2022-08-08,186.27880859375,188.55838099251005,184.37762994787604,184.5806698112594,3040800
LOW,2022-08-09,180.1507110595703,185.2728268986503,178.78481819661098,185.2728268986503,3914500
LOW,2022-08-10,185.90042114257812,186.11269905937596,183.28861696871402,183.90696054365606,4094400
LOW,2022-08-11,186.5925750732422,188.53990152271422,184.6452627061564,184.67294867747322,3337200
LOW,2022-08-12,190.55181884765625,190.67180076625235,186.17725274734994,187.67236546042844,3014100
LOW,2022-08-15,192.0007781982422,192.90523348612058,189.10286267329158,190.1180618403447,4075500
LOW,2022-08-16,197.61199951171875,200.62989647336966,190.5794826720241,190.727150542002,5892200
LOW,2022-08-17,198.765625,204.13692750048745,195.19399470954951,195.66467019451042,8082100
LOW,2022-08-18,199.78086853027344,201.27596729546698,198.02735798053743,198.52571954147328,3011800
LOW,2022-08-19,195.06483459472656,199.1994372776085,193.67125573465688,198.88565354737605,3347300
LOW,2022-08-22,193.8004608154297,196.19077688125702,192.4068678788199,193.08059739855804,4136600
LOW,2022-08-23,191.4747314453125,195.0648243940421,191.29937758100363,193.8096754563626,2533900
LOW,2022-08-24,192.34219360351562,194.31720521371886,189.91495451009737,190.8655433548637,2634300
LOW,2022-08-25,194.6956329345703,194.88943468824934,191.91768575118564,192.50834313779802,2634700
LOW,2022-08-26,185.4943084716797,196.23690053289064,185.44816049788105,195.40627925166825,3720500
LOW,2022-08-29,185.56813049316406,187.912298138281,183.73154828007384,184.691361294463,3273800
LOW,2022-08-30,182.01498413085938,187.62623770527037,181.26743473495154,186.85100233783905,3906900
LOW,2022-08-31,179.17242431640625,182.20876960802238,179.04321843340952,181.90422394854687,5145100
LOW,2022-09-01,180.66754150390625,180.84289538075473,177.7604017971248,178.84942091087723,3462200
LOW,2022-09-02,180.43679809570312,183.68542127636533,179.31085507426428,182.18108456622969,3165900
LOW,2022-09-06,178.08340454101562,181.63657334918906,176.5052339004796,181.04591587485672,3128800
LOW,2022-09-07,185.78041076660156,186.3710682315629,178.65559717416397,178.77557909251675,4086500
LOW,2022-09-08,188.62298583984375,188.7429536959242,183.40857361052028,185.18054630247295,3564200
LOW,2022-09-09,189.7950439453125,190.60720329548278,187.64469180818705,188.253797238429,3176400
LOW,2022-09-12,190.48719787597656,193.2743692347271,189.65659070293194,190.11804226181982,3218700
LOW,2022-09-13,178.7017364501953,187.2478143108675,178.0741550028821,185.7434777120166,4441400
LOW,2022-09-14,177.55734252929688,180.16916022288407,175.54542035312852,179.550816781152,3963700
LOW,2022-09-15,176.31138610839844,179.49541278181607,175.36079712781887,178.41561794219803,3309700
LOW,2022-09-16,177.0220489501953,178.1849159187956,174.19796759625345,174.42869338114915,10187800
LOW,2022-09-19,180.0584259033203,180.796737221811,175.9699572693689,176.19145911434754,3351900
LOW,2022-09-20,175.72999572753906,179.2093305341339,174.133363106411,177.76960384417953,3650200
LOW,2022-09-21,173.8380584716797,179.79078167722983,173.80114853756044,177.11436785842005,2925700
LOW,2022-09-22,173.61654663085938,175.14856933280808,172.13067190569427,173.50580275248706,2864500
LOW,2022-09-23,173.62576293945312,174.5763519961723,171.25389523708733,172.3521521680733,3382500
LOW,2022-09-26,171.67843627929688,175.35158662446835,171.37387657053677,173.5611523815424,2938700
LOW,2022-09-27,173.2012939453125,176.14535829193696,171.85386275420123,173.45048182732495,3866500
LOW,2022-09-28,179.5323486328125,180.39987984694523,175.48080436783573,177.61270839103432,5384900
LOW,2022-09-29,175.77613830566406,177.59424453634296,174.25333967467023,177.19740294554066,3622800
LOW,2022-09-30,173.33042907714844,176.35755012064178,171.62306679040324,174.82552759381494,6049000
LOW,2022-10-03,178.96937561035156,180.70443802370943,176.30218609321332,176.8374716054702,4346500
LOW,2022-10-04,182.19952392578125,184.2668318896703,181.19356295077117,181.78422035725615,4139100
LOW,2022-10-05,183.68540954589844,184.8759624743263,179.0432079106813,180.2614468065252,3196100
LOW,2022-10-06,184.5621795654297,186.6940837224122,183.03017094298954,183.15013878398972,3304900
LOW,2022-10-07,182.00576782226562,183.20553085843926,180.27992905786135,182.75331724961245,3466800
LOW,2022-10-10,179.8738250732422,181.7750174630139,177.85267892786084,180.84287623369818,2449700
LOW,2022-10-11,181.28587341308594,183.0763079196653,179.01553936965576,179.91075662294546,2766000
LOW,2022-10-12,178.9232635498047,183.08556656848143,178.84020563012407,182.54104290278292,2353900
LOW,2022-10-13,178.2679901123047,179.90151867932676,171.1800860297528,175.1947206867623,4851100
LOW,2022-10-14,174.3917999267578,181.7750257409199,174.179522045283,179.8184613241447,4142800
LOW,2022-10-17,179.1262664794922,180.16915153065895,177.28046020550318,177.42812808719452,3504800
LOW,2022-10-18,179.2747344970703,184.25769101677264,178.68086429795096,182.05850371025147,3804300
LOW,2022-10-19,170.6821746826172,174.88566512894513,167.23029967041663,173.78143439130804,5362300
LOW,2022-10-20,165.44871520996094,172.03696166625238,164.67853722779876,170.17184106589798,4095600
LOW,2022-10-21,169.22532653808594,169.50370629218702,163.77842262253384,165.3002158981063,3583600
LOW,2022-10-24,174.08763122558594,174.9227562458233,170.3481027407111,170.3481027407111,3704900
LOW,2022-10-25,179.87789916992188,181.01924062203182,175.27539434935093,176.21259158609382,3245700
LOW,2022-10-26,179.5995330810547,181.51105255322238,177.49314351247918,180.2305140427868,2567200
LOW,2022-10-27,179.70159912109375,182.31833501949166,178.65304143950686,181.16771938488438,2457600
LOW,2022-10-28,184.40614318847656,185.34335452781033,178.94996529955324,179.55310961658463,3292200
LOW,2022-10-31,180.8986358642578,183.70096806094645,180.3511645415593,182.79160723488968,3550200
LOW,2022-11-01,179.5995330810547,185.34337979104345,178.42106668607389,183.7287883717544,3260100
LOW,2022-11-02,172.32460021972656,180.64805716324503,172.1575667038159,179.26546084539785,4539400
LOW,2022-11-03,166.85916137695312,169.6800417554146,165.82916602923174,167.81492116748012,4187500
LOW,2022-11-04,169.02117919921875,174.3103519522515,165.44868392451843,169.60577525610773,4623400
LOW,2022-11-07,173.11334228515625,174.2639720996006,167.99120248273732,170.3388611013748,2715300
LOW,2022-11-08,174.7836151123047,176.31468273391377,172.3895715490912,174.50523531956182,2880800
LOW,2022-11-09,173.17831420898438,177.48387736178282,172.88137198376432,173.80929519910006,3007200
LOW,2022-11-10,189.59324645996094,189.98297244617444,181.22337649228362,181.23265062565218,4837200
LOW,2022-11-11,193.95449829101562,196.03303705861921,189.76955587641714,190.30775299559548,4272500
LOW,2022-11-14,189.9087677001953,195.2999992889298,189.50975335692198,193.4070280100687,4165000
LOW,2022-11-15,193.7873992919922,196.02369669744095,189.1292369069484,191.84804398672622,5127800
LOW,2022-11-16,199.62408447265625,205.46071405748518,196.34851733412256,196.80319055365294,8173100
LOW,2022-11-17,193.379150390625,197.63832778431495,190.56754479184505,197.18364041037063,3507800
LOW,2022-11-18,194.79888916015625,196.57122567543144,191.53261004977577,196.55267740793968,2912500
LOW,2022-11-21,195.11439514160156,195.61546738806334,193.22142407945057,194.98448647333495,2326400
LOW,2022-11-22,199.0116424560547,199.99523854844276,195.8567099907743,196.39489285873756,2845700
LOW,2022-11-23,195.81036376953125,200.15303768541392,194.88244054042968,199.7169126350174,2593800
LOW,2022-11-25,195.76397705078125,196.56199164420394,194.873164465036,196.12586656646215,975700
LOW,2022-11-28,193.9730224609375,196.22788276906752,193.49051268353642,195.22572420534104,2202300
LOW,2022-11-29,192.5161895751953,193.6111319395441,191.7274493467205,193.00798764175624,1980900
LOW,2022-11-30,197.23004150390625,197.61976747475217,188.60035455237045,191.2542149663055,4701600
LOW,2022-12-01,199.94888305664062,201.09951289819563,197.37854604000555,199.30861379637952,2735100
LOW,2022-12-02,199.35501098632812,200.9881648317154,196.255750988263,197.09087617993862,3242300
LOW,2022-12-05,191.3192138671875,196.3578446084748,190.59543484607215,195.70830114836943,3308400
LOW,2022-12-06,187.35693359375,190.883043774084,184.65667430500378,190.41908228085535,3627500
LOW,2022-12-07,191.97799682617188,194.85456390847435,187.68170862799903,188.14567014714575,3999300
LOW,2022-12-08,188.88800048828125,191.5325866581033,187.86729370056375,190.22421185160266,3150200
LOW,2022-12-09,187.22702026367188,189.86231808120567,185.77017441502588,186.5125156174387,3226900
LOW,2022-12-12,190.2984619140625,190.31702433968684,186.5496448409495,187.7095486602821,2719800
LOW,2022-12-13,195.99591064453125,202.12948266185674,193.86168476625636,201.09021336140245,4168600
LOW,2022-12-14,196.82176208496094,201.01597830756887,194.9195169679675,195.74536793030347,3727700
LOW,2022-12-15,193.02658081054688,194.60404735976277,190.6789363350526,193.5740520799187,3373900
LOW,2022-12-16,191.28207397460938,192.41414132902196,188.66533810352922,191.48621819648596,9543500
LOW,2022-12-19,188.52613830566406,191.0964893086847,187.43119582203505,190.5490180668702,2442400
LOW,2022-12-20,186.38259887695312,187.56106495365742,183.441084910171,186.6888151406155,2372200
LOW,2022-12-21,187.8394317626953,188.94366231388634,185.8351289964371,188.3033932272979,2345400
LOW,2022-12-22,184.79591369628906,185.7980725277232,181.1955810340836,184.21133166385823,2414800
LOW,2022-12-23,187.3291015625,187.73738995184192,182.81939517300967,184.11848172184168,1469200
LOW,2022-12-27,187.17137145996094,189.28703495826915,186.8001937310579,187.15280903377013,2076600
LOW,2022-12-28,185.6403045654297,188.83236249165975,185.2413044041428,187.40336705951353,1419900
LOW,2022-12-29,187.68174743652344,188.47976198082722,186.79094906459378,187.14355026394787,1270900
LOW,2022-12-30,184.87939453125,186.04857248303702,182.99571186276876,185.61244751457266,2154600
LOW,2023-01-03,184.69381713867188,187.71885566274912,182.93076882115403,186.96724017834433,2602000
LOW,2023-01-04,186.87445068359375,187.7652631760224,183.27410417521338,186.91156138124384,2507400
LOW,2023-01-05,186.29913330078125,186.92084010723343,183.24625823265444,184.93508514846647,1942300
LOW,2023-01-06,186.4846954345703,187.24558496858833,180.43463321833582,186.26198880659865,3121400
LOW,2023-01-09,185.0649871826172,189.41694883063354,184.9721892080948,187.83019408379187,2748500
LOW,2023-01-10,186.8837127685547,187.13425597823723,184.22985204968322,185.5103905003015,2200800
LOW,2023-01-11,193.5554656982422,193.67610022567686,187.57963898781344,187.58892728006663,2781000
LOW,2023-01-12,195.10511779785156,196.3207090264714,191.6996415124106,195.10511779785156,2690200
LOW,2023-01-13,196.86817932128906,198.16726607046138,192.83170794660197,192.83170794660197,3875900
LOW,2023-01-17,194.41845703125,199.48490936254953,194.167913823092,196.8774476478536,2943800
LOW,2023-01-18,193.47198486328125,198.74258177931145,193.11009538601147,195.53197547511982,3575000
LOW,2023-01-19,187.56112670898438,192.9152335430004,186.68887660875026,192.5533440502421,3508800
LOW,2023-01-20,189.78811645507812,190.21496732440096,184.35048635239409,186.84660183501802,3517600
LOW,2023-01-23,190.32630920410156,191.9965736299108,187.24559768994416,188.85091486087964,3473500
LOW,2023-01-24,192.51815795898438,192.6767148785188,188.97390344232585,188.97390344232585,2862500
LOW,2023-01-25,192.2383575439453,192.40623632837915,188.25573367507567,190.7553713540863,2283400
LOW,2023-01-26,188.22772216796875,194.71930447743597,188.06916526543466,190.59678231603704,3426100
LOW,2023-01-27,188.86196899414062,189.72937105416034,186.9499357959784,187.89195538242532,2907900
LOW,2023-01-30,188.3209991455078,190.79264239875928,187.61213977337704,188.37695873134177,2786300
LOW,2023-01-31,194.23431396484375,194.30893149555607,188.87130169450595,189.57082503411522,3415800
LOW,2023-02-01,199.18695068359375,200.66061499526302,190.63411310198995,193.4975023344217,3363900
LOW,2023-02-02,206.64849853515625,208.28071949752055,201.44404370162553,201.50933937140204,4156800
LOW,2023-02-03,201.4347381591797,203.69186505065497,200.3621414183654,202.52599284027485,3047900
LOW,2023-02-06,201.34144592285156,202.246163821313,199.65326537989904,199.83048021821335,2380600
LOW,2023-02-07,200.27816772460938,201.06164458763647,196.25824302332094,198.56200741862068,2552300
LOW,2023-02-08,198.4407501220703,199.79317312206337,196.86450302264456,199.79317312206337,2421100
LOW,2023-02-09,194.59805297851562,200.7538636626973,193.9638253561336,200.3154945929412,2386700
LOW,2023-02-10,194.7286376953125,194.86853666693713,192.44353102380035,193.49748404950057,1836300
LOW,2023-02-13,199.72792053222656,199.87715560648516,193.46951158696737,195.21366627470454,2364000
LOW,2023-02-14,199.3734893798828,200.64195903843668,196.92982554148753,197.7599260674047,2316600
LOW,2023-02-15,200.55801391601562,200.9963830361265,197.05107518696818,198.05839055455232,1849900
LOW,2023-02-16,199.6066436767578,201.5280130284857,195.51210105537223,196.0530674671979,2479000
LOW,2023-02-17,198.43142700195312,199.3268230168256,194.84053532116894,198.88845397843886,3462000
LOW,2023-02-21,188.26504516601562,192.97515738391428,187.67744103358532,191.4548697400807,3942900
LOW,2023-02-22,188.99256896972656,190.68074979282528,186.59552867573842,187.66813973706434,2667400
LOW,2023-02-23,188.600830078125,190.03717844089607,185.72811912074377,188.92726577192613,2332200
LOW,2023-02-24,187.9759063720703,188.95524189813335,185.10320970231572,186.34368523924488,2163500
LOW,2023-02-27,190.4942169189453,192.59278711351953,189.74805578117315,190.5781563110867,2764800
LOW,2023-02-28,191.902587890625,194.26231237717272,189.61748094194064,190.25170866601886,4391400
LOW,2023-03-01,181.23251342773438,191.7999815703022,178.39711828095017,191.6134448503021,9814300
LOW,2023-03-02,181.96932983398438,182.29576549503264,179.1059410185217,179.69354513298134,4096900
LOW,2023-03-03,186.28773498535156,187.0525540429181,181.93203779470363,182.60358137584126,3483200
LOW,2023-03-06,188.00389099121094,189.99986359305538,186.59550829012983,186.81936087203468,3160900
LOW,2023-03-07,184.12388610839844,188.86199289741674,183.98397289170018,188.86199289741674,3320200
LOW,2023-03-08,187.6028289794922,188.47956716081146,184.38502451779962,184.87935319759222,2670400
LOW,2023-03-09,185.65345764160156,190.31694557918595,185.17777276359308,188.48885204564513,2440300
LOW,2023-03-10,183.42433166503906,188.11579992085024,182.8926871489094,185.71876001928987,2986800
LOW,2023-03-13,184.25440979003906,187.8359650818837,181.62419578294853,182.56622944719834,3116300
LOW,2023-03-14,183.5828857421875,186.62347505022558,180.77547085374295,185.97991137505355,3909000
LOW,2023-03-15,185.22445678710938,186.9592753027907,181.51232344584002,182.65953778032372,3794100
LOW,2023-03-16,186.23175048828125,186.6141599659266,183.21914086277155,184.27309383175196,3153900
LOW,2023-03-17,184.0772705078125,187.75210275834576,182.61292787492997,186.34371972613667,7271200
LOW,2023-03-20,183.54556274414062,184.5715358432819,182.25844967557026,183.7507573639689,2405100
LOW,2023-03-21,183.54556274414062,185.39231432259493,182.04391897094473,185.14048197428997,2940400
LOW,2023-03-22,178.67689514160156,184.19846350632434,178.48102237364174,183.63883922515623,3275700
LOW,2023-03-23,176.92344665527344,180.10394954547635,175.41248078459682,179.74951982989984,3346400
LOW,2023-03-24,176.70889282226562,177.46437559802638,174.82483969319597,176.04667126701503,2692400
LOW,2023-03-27,177.70689392089844,179.02200111040088,176.18659209621808,177.2778609432266,2488400
LOW,2023-03-28,177.35247802734375,179.4883639236472,176.8581493401131,177.64162629527908,1872300
LOW,2023-03-29,179.0220184326172,179.0686561690953,177.21258241924227,178.09864248497067,2436300
LOW,2023-03-30,179.68421936035156,182.06260151575313,179.35778368056768,181.01798456950303,2157000
LOW,2023-03-31,186.51156616210938,186.75406244838982,180.61690967863478,181.02729895683083,3151600
LOW,2023-04-03,190.26101684570312,190.48485519462045,187.44426568984298,187.53754115645057,3471100
LOW,2023-04-04,189.337646484375,190.531498486222,187.239076511026,189.80399536734143,2500100
LOW,2023-04-05,186.00791931152344,189.66410728798047,185.2804161508609,189.34697921315274,2417800
LOW,2023-04-06,185.20582580566406,186.054570064586,182.34243646820482,184.7861003720553,2403300
LOW,2023-04-10,186.3343505859375,187.63079985597238,183.00462710424065,184.30107637427554,2387500
LOW,2023-04-11,187.7893524169922,189.28167443699556,187.2483860405369,187.46291675950476,2459000
LOW,2023-04-12,186.3250274658203,190.93255647863882,185.98925571742518,189.7107105109803,2665400
LOW,2023-04-13,187.91064453125,188.25573819543257,183.0326385645902,186.3250609688843,2778700
LOW,2023-04-14,188.5728302001953,190.15842781058222,187.56552912250203,187.95726048201357,2028300
LOW,2023-04-17,191.20303344726562,191.2310132404426,188.7873497574022,188.87128913693311,2420000
LOW,2023-04-18,194.0944061279297,194.58873479347034,191.9025607378244,192.39688940336504,2685200
LOW,2023-04-19,194.77525329589844,194.98044791885556,192.37821348764336,193.22697177061718,2488700
LOW,2023-04-20,195.64266967773438,198.07701130932256,194.420837935046,194.4488177282497,2948800
LOW,2023-04-21,196.83653259277344,198.19827760917963,195.87585502102664,197.1163447722365,2864000
LOW,2023-04-24,196.83653259277344,197.7599085154499,195.95047255100602,196.14634534618173,2758700
LOW,2023-04-25,192.98399353027344,198.00825182917492,192.89025165745372,197.7739114501273,2723700
LOW,2023-04-26,188.22219848632812,192.82464704117172,187.56604827452807,192.61842635989143,3409000
LOW,2023-04-27,191.71853637695312,191.99974767277723,188.06283244024183,188.06283244024183,2498900
LOW,2023-04-28,194.8118438720703,194.85871480805812,191.5404470609418,191.7841702068778,2451900
LOW,2023-05-01,195.1774139404297,195.8335641340861,194.165061797502,194.81184352517815,2282100
LOW,2023-05-02,193.06832885742188,195.43985205708802,190.509336238205,195.43985205708802,2201800
LOW,2023-05-03,192.44969177246094,197.14588215109256,192.29971049623677,193.45267546633295,2386600
LOW,2023-05-04,190.09693908691406,193.68703580202583,188.66277695489072,192.38410372446856,2375800
LOW,2023-05-05,192.91835021972656,193.58388311661702,190.57494668602791,191.26859928108274,2495600
LOW,2023-05-08,191.26856994628906,193.2089003370437,190.31245744633864,192.7214827749495,1586500
LOW,2023-05-09,194.1462860107422,194.20252540551476,190.50933355311895,191.31546491852507,2249900
LOW,2023-05-10,191.52169799804688,195.68357081432498,189.32826133856173,194.92431032961883,2715600
LOW,2023-05-11,190.5655975341797,191.63418908172454,189.1970434384811,191.22174772951396,3015600
LOW,2023-05-12,190.52809143066406,191.6904248280909,188.65336844946023,190.58434513462123,2261700
LOW,2023-05-15,188.9252166748047,190.2375170778406,186.86302419731894,189.7688363191847,2971500
LOW,2023-05-16,186.7411651611328,187.44418630867156,181.46381516998133,184.16342095349074,4683500
LOW,2023-05-17,194.22129821777344,194.436887356022,186.3005964735848,186.8817560214728,3755900
LOW,2023-05-18,196.0585479736328,196.1522755481428,192.62780121991523,194.5025243461431,2275300
LOW,2023-05-19,193.34951782226562,195.46794919438364,192.1028255867941,195.28984826031652,2768400
LOW,2023-05-22,190.42498779296875,195.31801609026803,190.200030181232,193.75262406225875,3537000
LOW,2023-05-23,193.7057647705078,196.61159138947949,189.7594805287008,190.12505097275184,6507500
LOW,2023-05-24,190.8749237060547,195.83355966678764,189.44076177870653,193.7994869613527,2829800
LOW,2023-05-25,188.44715881347656,191.231123747844,188.315928769227,190.28439373597237,3030400
LOW,2023-05-26,193.58387756347656,193.82758637491017,188.61585935394785,189.4032394859638,3072700
LOW,2023-05-30,192.8152618408203,194.44627603501746,191.01552943843123,194.03383467765713,2534100
LOW,2023-05-31,188.53150939941406,191.33421092723768,187.00360568825914,191.33421092723768,3894600
LOW,2023-06-01,191.1467742919922,191.91541766354794,185.1101633457352,188.37219198691935,2764800
LOW,2023-06-02,196.6678009033203,197.12711315675193,192.62777539638233,192.62777539638233,2834600
LOW,2023-06-05,193.8275909423828,195.5335955716184,193.34954177303658,195.25238428841473,2345700
LOW,2023-06-06,194.18380737304688,195.43986832186764,192.74964545478116,193.60263353017373,2804900
LOW,2023-06-07,197.9801025390625,198.5800132476455,194.97116622846684,194.97116622846684,3334600
LOW,2023-06-08,197.277099609375,200.39850069156662,197.08961587455195,198.58003146959038,2409700
LOW,2023-06-09,196.02105712890625,198.2426138913051,195.69298914415762,198.02701042083814,2092700
LOW,2023-06-12,199.9954376220703,200.45474987723634,196.0960105948255,197.033372035817,2465100
LOW,2023-06-13,203.73553466796875,203.85738194106747,200.67972692022897,201.53272934692947,3056100
LOW,2023-06-14,201.40147399902344,204.60724831878002,200.36100225728666,203.2105746627369,3080300
LOW,2023-06-15,205.21653747558594,205.84458224013048,202.27322306469395,202.28260583321003,3187000
LOW,2023-06-16,203.48243713378906,205.74148179258276,203.26684799257268,205.60086898509266,6874300
LOW,2023-06-20,201.9639129638672,203.17310299285708,200.98904900441684,202.31073213826716,3058300
LOW,2023-06-21,200.82968139648438,202.29196290253654,200.46411101997134,202.1326131797488,3364400
LOW,2023-06-22,201.364013671875,201.87955107847966,198.3644452898002,200.3985181231558,2780900
LOW,2023-06-23,201.7389373779297,202.84501705070943,199.7517356319859,200.52036460234112,3997300
LOW,2023-06-26,204.3073272705078,205.31029667936627,202.0576509958031,202.43260419308822,2498900
LOW,2023-06-27,209.55653381347656,209.95960669442536,205.2727992131685,205.2727992131685,4223500
LOW,2023-06-28,208.5816650390625,210.10955441191598,207.6724233267693,208.32857345342416,3372600
LOW,2023-06-29,208.86289978027344,209.79087852683566,207.92553826463376,209.24720713140445,3058200
LOW,2023-06-30,211.5625,212.3030236377711,209.57529808132725,210.06273009453082,3633300
LOW,2023-07-03,210.52200317382812,211.8905571747291,209.49091416772515,210.55012287289452,1498400
LOW,2023-07-05,211.3656463623047,212.73418612046873,210.08145140205343,210.35329424233336,2876400
LOW,2023-07-06,207.5505828857422,209.55653593591686,207.41935284705792,208.84414634063106,3011500
LOW,2023-07-07,208.0380401611328,209.87526092603153,206.90382630799382,207.20378889173423,2345400
LOW,2023-07-10,214.76824951171875,214.80575197916596,208.9191232540061,209.14408084668702,2536100
LOW,2023-07-11,215.05882263183594,216.7835785061477,214.52453406271226,216.7835785061477,2219700
LOW,2023-07-12,217.5709686279297,220.34556483743287,216.6242387042584,217.23351793086852,2256000
LOW,2023-07-13,215.16192626953125,218.648911770022,214.1308373266332,218.00214442814035,1882800
LOW,2023-07-14,214.41204833984375,216.39924989895286,214.1777079936092,215.5462476059392,1535900
LOW,2023-07-17,213.69027709960938,215.6868614361207,213.01537575495766,214.38392967689023,1951500
LOW,2023-07-18,215.50877380371094,216.6429731453807,212.35923876833778,213.48406964461378,1858100
LOW,2023-07-19,216.42735290527344,217.68341363150265,215.1056700217195,215.21816310527632,1649600
LOW,2023-07-20,216.52114868164062,216.8867191124977,214.11212264273462,216.8867191124977,1959700
LOW,2023-07-21,219.13638305664062,220.2987165332477,217.20542054294023,217.88969047285298,3348400
LOW,2023-07-24,219.34259033203125,221.03921235338427,218.94890021959034,219.53005977086008,2019000
LOW,2023-07-25,220.322021484375,220.7458234689174,217.73210290371762,218.8528336069997,1547800
LOW,2023-07-26,220.44448852539062,221.4710347623377,219.2766653607141,220.0960169334354,1720100
LOW,2023-07-27,221.2261505126953,223.4016943888258,220.75525618263802,222.33746860431887,1972800
LOW,2023-07-28,221.4051055908203,223.3922803545654,220.80236138795976,223.16626026008979,1767300
LOW,2023-07-31,220.63282775878906,222.2056130562951,219.18246521197474,221.3956742545889,2614800
LOW,2023-08-01,218.82460021972656,221.29208190268707,218.59856576862882,219.38025207846806,2029300
LOW,2023-08-02,216.13108825683594,218.44788035044365,215.93330631198907,216.3853608523544,2298100
LOW,2023-08-03,213.52232360839844,215.85795543369807,213.36222126256686,215.54716345512344,2436000
LOW,2023-08-04,210.1318817138672,213.0420196017196,209.47263252443062,210.96066033519003,2549600
LOW,2023-08-07,210.30140686035156,211.9401099020507,209.6515703973795,211.14901089084736,1902500
LOW,2023-08-08,208.05056762695312,208.50262222800123,204.76371953570705,207.1935363684953,2152100
LOW,2023-08-09,206.85446166992188,208.28598446353698,205.78082316734918,207.73974531372917,2061300
LOW,2023-08-10,208.00344848632812,210.25432285721135,206.44950291220113,208.5779401560793,1815500
LOW,2023-08-11,210.66871643066406,212.09081219310568,207.73975300122797,208.1541423281792,2356300
LOW,2023-08-14,212.74063110351562,213.28687022836917,210.63101941827648,211.30910837529785,2927400
LOW,2023-08-15,210.8099822998047,213.5600036203091,210.26374312119998,210.5180300977439,2079000
LOW,2023-08-16,209.21835327148438,213.65418435699908,209.180688046652,211.70467485651824,1403500
LOW,2023-08-17,205.45120239257812,210.83823499106683,205.04624014306654,210.235490788396,1791100
LOW,2023-08-18,206.58135986328125,207.14642446852517,203.98201381927123,204.80137977123562,2250500
LOW,2023-08-21,204.92376708984375,207.77738524592357,203.6617738821196,205.89380814643576,2804800
LOW,2023-08-22,212.59938049316406,214.0591414417705,208.35190437525003,209.13359069932412,4083500
LOW,2023-08-23,213.9649658203125,214.2569180026978,211.75175674327167,212.8065698038773,2390700
LOW,2023-08-24,209.99061584472656,215.61309521892866,209.98120313165282,213.5882410048374,1994800
LOW,2023-08-25,210.08480834960938,212.9949319302449,208.84164039056807,210.78172277765842,1805000
LOW,2023-08-28,209.75515747070312,212.44867343290954,208.5119896248139,210.95123301263226,1726100
LOW,2023-08-29,213.23037719726562,213.4940768764253,209.70808238198276,209.77401448705007,1800600
LOW,2023-08-30,216.90338134765625,217.41195535917038,213.95557773550962,214.2569570564894,2839600
LOW,2023-08-31,217.06346130371094,218.33488183062144,216.92219874319,217.41193290392175,3433100
LOW,2023-09-01,218.97528076171875,220.35029855723832,218.47613391108092,218.7775131864761,2562000
LOW,2023-09-05,217.01637268066406,220.0395208621779,216.55490539475122,219.94533623985998,2569200
LOW,2023-09-06,216.24407958984375,217.73210729246327,215.46239333255005,216.83741100249458,2123900
LOW,2023-09-07,220.01126098632812,220.72701523210011,216.75266572863285,216.75266572863285,2576600
LOW,2023-09-08,217.8262939453125,219.67220605125235,217.2518022849972,219.18247192183082,2166300
LOW,2023-09-11,218.41021728515625,220.02066788824249,217.91107043198403,219.14481130946837,1657900
LOW,2023-09-12,217.0258026123047,220.23730571002906,216.969297586395,218.28779609280818,2192600
LOW,2023-09-13,215.5000762939453,217.49666354537987,214.85965256748003,216.1498983625425,2769400
LOW,2023-09-14,217.43077087402344,217.76981540938684,215.1987360657055,216.70560386077761,2621700
LOW,2023-09-15,207.21238708496094,215.06690265580013,206.82625020699754,215.06690265580013,9188500
LOW,2023-09-18,205.0462646484375,208.8887647886451,204.56595751987047,207.27829957076747,3447200
LOW,2023-09-19,204.83905029296875,205.3005319474886,201.74057167135177,203.8313294465343,3449600
LOW,2023-09-20,202.39979553222656,206.47774197643923,201.90064871386497,205.6207108843264,2490000
LOW,2023-09-21,198.35012817382812,201.2414121485013,197.94515154075938,200.61041541377168,2959600
LOW,2023-09-22,198.23709106445312,198.93400544352264,197.0504282104849,197.34238038231715,2940100
LOW,2023-09-25,200.1300811767578,200.46912565380882,197.78502234627547,198.1240668233265,3971600
LOW,2023-09-26,196.40060424804688,199.3860869982415,196.04273432300187,198.62322609911234,2782400
LOW,2023-09-27,194.91259765625,198.02048890139633,194.26276114735586,196.90918512196686,2860000
LOW,2023-09-28,195.68484497070312,198.14291392734313,194.29100178944287,194.79014862537838,2379000
LOW,2023-09-29,195.74136352539062,198.13351491448546,195.23280394116912,196.6360599325806,2304800
LOW,2023-10-02,193.76361083984375,196.3441026610907,192.92541947803167,195.30814372129143,2264900
LOW,2023-10-03,188.5084228515625,193.0760892597191,187.14283215985702,192.96307921836694,3532500
LOW,2023-10-04,187.97158813476562,189.4407760898513,186.9167894737921,188.66851689036824,2569500
LOW,2023-10-05,188.1693878173828,188.40483499574026,186.0315234141417,187.27469141373558,2233600
LOW,2023-10-06,187.9245147705078,190.27898656931447,186.05977712960845,186.48357917928257,2250800
LOW,2023-10-09,189.05465698242188,189.27126434611353,185.02380274827317,186.1162666502968,1649600
LOW,2023-10-10,190.94764709472656,191.94594075558786,188.61201528718743,189.54437684526715,2209700
LOW,2023-10-11,191.4562225341797,192.24733598047135,189.24302766487796,191.92711689410203,2178900
LOW,2023-10-12,185.43817138671875,191.65398195510582,185.3157486395102,191.46562710739337,2488500
LOW,2023-10-13,184.3551788330078,186.42711155753022,183.4322297264635,185.55125477052107,2220300
LOW,2023-10-16,186.70960998535156,187.65139868641262,184.80719278545283,185.90908384122764,2139900
LOW,2023-10-17,186.6154022216797,187.29349115198673,185.50409859012575,185.984405594696,1698900
LOW,2023-10-18,182.19845581054688,184.9390501200247,182.13252370093545,184.9390501200247,2694700
LOW,2023-10-19,179.3730926513672,182.5563288721946,178.77034842281796,182.28321645621153,2944200
LOW,2023-10-20,179.4107208251953,180.59736923835658,177.70608582950425,179.1187686706475,2776100
LOW,2023-10-23,177.41415405273438,180.4372876325082,176.99033765526946,179.32598390103,2322100
LOW,2023-10-24,176.428955078125,179.21406488951442,175.2826910431782,178.24780849687323,2107500
LOW,2023-10-25,176.28684997558594,177.40469556549013,174.93218874036344,175.77530331916347,2406200
LOW,2023-10-26,174.9984893798828,178.5793592523122,174.78060974033295,177.10154177543174,2855500
LOW,2023-10-27,173.9469451904297,175.680543037449,172.27019870237783,175.12162754143174,2371400
LOW,2023-10-30,177.8309783935547,178.45621329773653,174.10800187770968,175.0648046884926,2683200
LOW,2023-10-31,180.5308380126953,181.01396616593257,177.8783382596153,178.54145958414512,3181200
LOW,2023-11-01,181.21290588378906,182.074970883337,178.75934961273265,181.10870006565733,3070100
LOW,2023-11-02,184.08331298828125,186.3000393264017,183.221247927358,183.52438294852942,2220100
LOW,2023-11-03,184.67063903808594,186.83052836970407,183.6664817380307,184.62327012761952,2755300
LOW,2023-11-06,183.99803161621094,185.4853315370971,183.0980801547324,184.3011810733196,1920400
LOW,2023-11-07,184.32958984375,184.91692381733853,183.2306948019074,184.0264404025682,2150300
LOW,2023-11-08,184.42431640625,186.49895025862023,182.7191513623479,184.57589112947366,3077500
LOW,2023-11-09,180.455078125,184.62328233227063,180.36034029780447,182.16972583051344,3271000
LOW,2023-11-10,184.34854125976562,184.57588888687766,179.09091055838448,180.87186294225984,2381500
LOW,2023-11-13,183.62855529785156,184.1874707807482,181.98022730049803,182.83280975051125,3155700
LOW,2023-11-14,191.5860595703125,194.00171473218796,188.72514826329686,192.73230901995467,4237600
LOW,2023-11-15,194.05859375,195.39430455595368,191.766065614048,191.77554806942058,2848500
LOW,2023-11-16,191.62393188476562,194.8542972862792,190.26927091604279,193.1870044571319,2705700
LOW,2023-11-17,192.9691619873047,193.41440373031335,191.59555030258022,192.58075715532487,2216300
LOW,2023-11-20,193.67015075683594,194.2006477745485,192.39126266023922,192.7796674249786,3159700
LOW,2023-11-21,187.6262664794922,191.1124128891127,186.26212286072598,187.11471984993557,5880600
LOW,2023-11-22,188.02413940429688,189.1798713900522,186.34739278894747,188.03362185899152,3232400
LOW,2023-11-24,188.58309936523438,188.90518486688313,185.89269815244504,187.5694594892081,1322200
LOW,2023-11-27,189.29354858398438,190.35454269047122,187.42732644349263,187.92940504423808,2345700
LOW,2023-11-28,189.5114288330078,190.4208482258796,187.5504688743819,189.02828622901907,2651100
LOW,2023-11-29,189.38829040527344,191.0461010857695,189.14199230795748,190.47771752543375,2119000
LOW,2023-11-30,188.35574340820312,189.6725183715542,185.97797407293297,189.63461745543466,3812100
LOW,2023-12-01,193.17758178710938,193.59440509220212,188.06205720906502,188.7062281678718,2965600
LOW,2023-12-04,196.61634826660156,197.77208028957642,192.9881094672575,193.01652792233375,3429700
LOW,2023-12-05,195.0721893310547,195.9626727025202,193.11124387800555,194.87326016804403,2552100
LOW,2023-12-06,197.7057647705078,198.7099220826357,196.0953229800218,196.0953229800218,2595400
LOW,2023-12-07,197.32681274414062,198.15097674348016,196.4742158384818,197.96151558276486,3069300
LOW,2023-12-08,196.881591796875,197.47840824818195,195.31850453272855,197.0994714318912,2210400
LOW,2023-12-11,195.47006225585938,198.1509803711946,195.4416438039798,197.2510290001008,3390100
LOW,2023-12-12,197.7057647705078,197.85733950383786,194.99642784582207,195.91532979106262,3552100
LOW,2023-12-13,204.10015869140625,204.2043645041095,195.22377197781026,197.77206593440374,5170100
LOW,2023-12-14,213.6586456298828,214.0375824787762,208.44838321104197,208.80836960374995,7636600
LOW,2023-12-15,213.70599365234375,215.04171881106578,211.9818781370464,213.4502275661759,9581200
LOW,2023-12-18,212.256591796875,215.0417158925949,211.73556272200204,214.27438873458252,3132400
LOW,2023-12-19,213.5449676513672,214.40703270400786,212.6829025987265,212.7965908786658,3101100
LOW,2023-12-20,210.31459045410156,212.89130302074784,209.5851641756843,210.75983218506363,3727300
LOW,2023-12-21,211.77346801757812,212.6165825543994,210.52299821197633,212.00081565135193,2640200
LOW,2023-12-22,211.25244140625,213.22286950015032,210.29565304133524,212.23764822571937,2368800
LOW,2023-12-26,211.08192443847656,211.9155565057015,210.90193126164445,211.1576973450742,1656400
LOW,2023-12-27,211.1482391357422,211.59348087119406,210.03987602460515,210.79773522037186,1449300
LOW,2023-12-28,211.15769958496094,211.65031021283826,210.27669860054624,211.64084221315343,1543400
LOW,2023-12-29,210.82614135742188,212.18080248467524,209.3009550549774,211.1955957062147,2631400
LOW,2024-01-02,207.13160705566406,210.8735343329144,206.95162831542177,208.64732553163603,3277800
LOW,2024-01-03,201.0876922607422,205.47377559775018,200.95506799157704,204.97169697484205,3285400
LOW,2024-01-04,200.09300231933594,202.09184880442672,199.96984605019574,200.7371732087682,2487000
LOW,2024-01-05,201.31503295898438,203.03916285372637,199.33513698927706,199.52459815942348,2577900
LOW,2024-01-08,205.70114135742188,205.9663899004906,201.4381997588666,201.91185993648386,2462700
LOW,2024-01-09,205.57797241210938,206.0705830138519,203.98648125180972,204.04331815682607,2025000
LOW,2024-01-10,208.60940551757812,208.9409589430765,206.18425345514018,206.27899126525992,2311300
LOW,2024-01-11,208.5620574951172,209.22517886747033,206.64846628778795,208.52415658529026,1864800
LOW,2024-01-12,207.37791442871094,209.41464752828907,206.5916367537911,208.65678830927314,1603900
LOW,2024-01-16,208.8177947998047,208.97885196192175,206.2316145766983,207.51997068891623,2594400
LOW,2024-01-17,206.56321716308594,209.35780946632727,205.0759171891288,207.44421820119132,2824000
LOW,2024-01-18,206.7337188720703,208.61889159915634,204.46015578173353,207.46315959932934,3121900
LOW,2024-01-19,208.4199981689453,209.8883479770227,205.4359440871792,207.06533666124423,2851900
LOW,2024-01-22,208.27784729003906,208.7609754521361,204.8769707915434,206.3358377322622,2540800
LOW,2024-01-23,204.1934051513672,208.27783808924235,203.59358773377372,208.27783808924235,2375900
LOW,2024-01-24,200.4612579345703,204.98365623135467,200.31843664018913,204.85036507318688,3514800
LOW,2024-01-25,201.91793823242188,202.52727129594555,199.50916733070753,201.43238071431037,2892100
LOW,2024-01-26,201.82273864746094,202.80338389055467,200.68024088661505,202.1464582106125,1912600
LOW,2024-01-29,201.68942260742188,202.50821523177208,199.7566937140683,201.6322999055723,2194700
LOW,2024-01-30,204.24102783203125,206.00237420570977,200.03281903536111,200.76591312653954,2742500
LOW,2024-01-31,202.64154052734375,206.202339661696,202.51777949502883,204.80277511994765,3429300
LOW,2024-02-01,209.67739868164062,209.9915880601907,202.19401987953796,202.81288302915905,3265400
LOW,2024-02-02,208.97286987304688,210.3533884205794,202.32731476323204,207.116294917503,3304900
LOW,2024-02-05,207.56378173828125,207.8684555242196,204.5837693556677,206.91637173463087,2303700
LOW,2024-02-06,207.6685333251953,209.38228723179424,205.85957974623642,207.3638740349373,2147500
LOW,2024-02-07,211.06747436523438,211.69585320279631,208.39212102889428,208.81104025393557,3303000
LOW,2024-02-08,209.82974243164062,212.87640760379557,208.7443675100715,211.36259788933123,1909700
LOW,2024-02-09,211.6101531982422,211.65776029670508,208.6682175615843,210.22963450869872,1359100
LOW,2024-02-12,218.8459930419922,219.8742453372012,215.05670340924456,215.52321519527928,3258400
LOW,2024-02-13,214.6282501220703,216.89421427891034,212.93354207242155,214.15220820862638,3388600
LOW,2024-02-14,216.05638122558594,216.2848865796639,212.1909231168919,215.17095021787128,2002100
LOW,2024-02-15,217.38931274414062,217.65589506671068,215.54226770372887,216.83710235377495,1925100
LOW,2024-02-16,215.980224609375,217.97007634552352,214.57113006826387,216.38009807829147,2388400
LOW,2024-02-20,214.70443725585938,215.58035270950387,211.14365273112048,212.30519626321694,2580100
LOW,2024-02-21,216.8751983642578,217.17035659441285,214.2474518705722,214.89487651628065,1700000
LOW,2024-02-22,219.46484375,220.2074679932126,216.72285213184836,217.37979231491641,2115700
LOW,2024-02-23,221.41664123535156,221.9212445669765,220.08372951552124,220.3598274690403,2112600
LOW,2024-02-26,220.2360076904297,223.0065602067732,219.91228819254712,221.81645558591703,2928000
LOW,2024-02-27,224.1110076904297,228.0145571265924,218.99832227420083,221.29283321770234,5076700
LOW,2024-02-28,227.35760498046875,229.8711055278296,225.9770864328627,226.59593506631342,3288600
LOW,2024-02-29,229.1380157470703,229.82351727323714,227.11960265760487,227.51947612659444,3107400
LOW,2024-03-01,232.96539306640625,233.34622078469835,228.27161226278432,228.7571843103999,2712300
LOW,2024-03-04,230.49949645996094,233.53663161390472,230.43284361991917,232.517909490485,2321500
LOW,2024-03-05,229.2808380126953,231.38493516995112,228.60485209209472,230.17578462176797,2514600
LOW,2024-03-06,229.56643676757812,230.85175568377974,228.36681643273002,229.76638075387558,2367600
LOW,2024-03-07,230.13772583007812,232.45128277763678,229.85209774913753,230.52808372310867,1792900
LOW,2024-03-08,230.35665893554688,232.29891790862177,229.93773976379953,230.0329539492494,1502900
LOW,2024-03-11,229.4141387939453,230.5566365477873,227.4718795375315,229.7568895728626,2058900
LOW,2024-03-12,231.60391235351562,232.75594020533646,229.55693788501966,230.10914826189153,2095300
LOW,2024-03-13,235.55506896972656,236.64044397833302,232.5369649065634,232.5369649065634,2238000
LOW,2024-03-14,232.9082794189453,235.92638351310148,230.8708205387913,234.84100849334928,2492700
LOW,2024-03-15,233.0034637451172,235.40271898307992,231.9371345405319,232.52742184626365,5692800
LOW,2024-03-18,231.81338500976562,234.52682994876488,231.36590441241984,233.9270124400572,2480900
LOW,2024-03-19,236.13584899902344,236.3072171248885,232.7559483049848,232.78450965929565,2408400
LOW,2024-03-20,239.88705444335938,240.32500488107752,235.56458560716115,236.63091487567146,1882600
LOW,2024-03-21,248.49386596679688,248.81757096456315,240.82958865118073,240.83911878665037,3418500
LOW,2024-03-22,246.1136932373047,249.91249877913376,245.98991767889902,248.61767859491061,2493200
LOW,2024-03-25,241.8292999267578,247.02766965584294,241.57223321736228,246.32313689863213,2024600
LOW,2024-03-26,239.3729248046875,242.8194637645581,239.2396336440198,241.32469964333046,3048900
LOW,2024-03-27,241.19139099121094,241.21995234302224,239.20153933424632,240.277384150312,2351900
LOW,2024-03-28,242.52430725097656,243.05747186542368,238.95399292818306,240.69630806102384,2631200
LOW,2024-04-01,237.33546447753906,243.08605915211027,236.61188597078538,241.210452777646,2363000
LOW,2024-04-02,232.7368927001953,235.18375515191406,231.81337020954197,234.47920787758318,2819700
LOW,2024-04-03,229.1665802001953,232.4417509744887,228.9666507268191,229.50933096791547,3144500
LOW,2024-04-04,226.60546875,233.5937751526047,226.41505488818342,231.88953694937717,2343600
LOW,2024-04-05,227.8527069091797,228.9095060034586,226.43409678659583,226.59594929277313,1680700
LOW,2024-04-08,230.9660186767578,231.08979422663631,226.56739591971467,226.84349384523588,2389200
LOW,2024-04-09,232.67977905273438,233.07965253936155,229.3379698610057,232.10852291318295,2126100
LOW,2024-04-10,225.79623413085938,227.8241630750987,223.806382152634,226.72927233850723,2955100
LOW,2024-04-11,224.15863037109375,228.77622845889877,222.01644164740614,227.5480466494826,2494600
LOW,2024-04-12,220.9310760498047,222.7114683273948,219.68384844180426,222.18781926703076,2117400
LOW,2024-04-15,218.98880004882812,223.5968969015403,218.18905310533341,223.5111983144436,1933100
LOW,2024-04-16,217.40834045410156,218.8364661469615,216.42769530721608,217.96053627101244,2201000
LOW,2024-04-17,217.89393615722656,219.82666543816563,216.35156478740186,219.20781667383181,1982300
LOW,2024-04-18,217.82725524902344,221.15954868730375,216.64668058572644,218.85550753901038,1993100
LOW,2024-04-19,219.20779418945312,220.98818636719693,217.92247516133685,218.4937312910878,2112200
LOW,2024-04-22,220.15032958984375,221.87359891667776,218.56035141183543,220.62637148245628,1872800
LOW,2024-04-23,223.43161010742188,224.05343145382292,220.23645354239162,221.20264938594735,2189900
LOW,2024-04-24,220.30337524414062,222.29317696047482,218.90669690483614,222.13055083039612,1485100
LOW,2024-04-25,219.9877166748047,220.64778234016927,214.93667215255127,217.89268439731538,1996800
LOW,2024-04-26,219.90162658691406,223.12549563913302,219.75813721241693,219.9972959013041,2001200
LOW,2024-04-29,220.9252471923828,221.79578838001657,219.87294305380473,220.03556922120518,1527300
LOW,2024-04-30,218.1031494140625,221.2504711385589,217.8161560860845,220.02597989646728,2435200
LOW,2024-05-01,217.65354919433594,220.97307304811662,215.6924449762647,217.5100452191083,1713900
LOW,2024-05-02,219.62417602539062,220.2459826845001,216.56294818569998,220.15032798152941,1672800
LOW,2024-05-03,222.06361389160156,227.8225441799914,221.92010993073418,223.46986804499804,1834700
LOW,2024-05-06,221.6522674560547,224.7613303767292,221.16438899114658,224.64653887841854,1714000
LOW,2024-05-07,221.42266845703125,224.64652264302578,221.19307087991535,222.37930313271738,1912500
LOW,2024-05-08,222.00621032714844,222.9054346369809,219.06933494378964,219.62418479267754,1689200
LOW,2024-05-09,225.89016723632812,226.68417582713153,222.01579359574296,222.01579359574296,1652700
LOW,2024-05-10,224.83786010742188,227.04768400490357,224.2638734288425,225.54577506472475,1336700
LOW,2024-05-13,222.87673950195312,226.60762344261397,221.64268721048978,226.05277358691302,1983700
LOW,2024-05-14,221.5374755859375,224.952654028738,219.89206265983654,222.76196688948875,2763200
LOW,2024-05-15,225.8423309326172,227.02856326391745,224.6465375088786,224.8856961936263,2103600
LOW,2024-05-16,222.1879425048828,224.78998973269762,221.67136625391433,224.1968809636069,1847300
LOW,2024-05-17,221.0878448486328,222.943718491655,220.16946911911623,222.58019263664616,1968800
LOW,2024-05-20,219.2319793701172,221.0591552081155,218.34231607762578,220.22688766390255,2684400
LOW,2024-05-21,215.10885620117188,221.74790264407895,211.80846975885436,221.74790264407895,5397700
LOW,2024-05-22,211.54061889648438,215.6541360985212,210.66051679480233,214.43922063697514,2769800
LOW,2024-05-23,208.0489044189453,212.22940786239937,207.4175366290911,212.1432996481171,2636600
LOW,2024-05-24,205.87734985351562,208.80464955273038,205.43729149093346,208.29763435500163,2632200
LOW,2024-05-28,206.03042602539062,207.39842133884596,204.69114318439566,205.46601501362048,3072400
LOW,2024-05-29,204.9781036376953,205.31291699566484,203.55271280226063,204.36585806620317,2359800
LOW,2024-05-30,206.1165313720703,207.35058378711574,204.17454938409725,205.973027400124,2778100
LOW,2024-05-31,211.69369506835938,211.81806225555488,206.66180159384703,207.1114210891517,4598400
LOW,2024-06-03,207.33143615722656,211.43540722851102,206.63309690763978,210.16308131534592,2480500
LOW,2024-06-04,207.14010620117188,208.8620515454915,205.7816867065105,205.9634496313396,2291200
LOW,2024-06-05,209.95262145996094,210.1248087015597,206.40350025488485,207.38883284071045,1727900
LOW,2024-06-06,208.9768524169922,210.65096318301974,208.5368086185768,209.72302633351177,2033900
LOW,2024-06-07,207.27403259277344,208.7663803452873,205.43729577451896,206.91050674641204,1602400
LOW,2024-06-10,208.64202880859375,208.91944644209397,206.7287594553635,207.06357283392674,1851500
LOW,2024-06-11,208.88121032714844,209.053397581173,205.68603906394995,208.39331724656884,1910100
LOW,2024-06-12,215.26193237304688,217.14650379556068,212.20070442180926,212.20070442180926,3609500
LOW,2024-06-13,217.0221405029297,217.53871679887635,213.69305595871887,216.17073623568052,2116600
LOW,2024-06-14,213.66436767578125,215.96028513405258,211.81805510053965,215.06104617381868,1936600
LOW,2024-06-17,216.93605041503906,217.37609419335737,211.99981196420666,212.7172879740223,1700800
LOW,2024-06-18,217.89268493652344,219.2606655209766,217.10823749309316,217.64395057783247,2072900
LOW,2024-06-20,217.6630859375,218.46665555936258,215.33847068916467,216.96474671353036,2377800
LOW,2024-06-21,218.67713928222656,220.1216671317612,216.7256107677982,217.80659813539407,3627300
LOW,2024-06-24,218.48580932617188,220.03555294554684,217.87356367185566,218.839759511563,3463000
LOW,2024-06-25,207.8289031982422,217.2134879300257,207.57060772388363,216.96476814547668,3892000
LOW,2024-06-26,209.2925262451172,209.65605208090227,206.50871592779558,207.07314146153726,2601200
LOW,2024-06-27,210.268310546875,210.76576467940188,208.62289769066751,210.02915187122957,2654600
LOW,2024-06-28,210.89968872070312,211.95197811416915,208.90031113865263,210.62225648815425,12630400
LOW,2024-07-01,204.29888916015625,210.9379358250592,204.22235663813856,209.92390545322536,2569200
LOW,2024-07-02,204.43283081054688,205.53296946486577,202.615230734141,203.46663502634394,2173700
LOW,2024-07-03,204.0502166748047,207.58976270473013,203.81105796201123,206.47050168050743,1423500
LOW,2024-07-05,204.61460876464844,205.5234088695943,203.3135849037814,203.46664996908058,1907400
LOW,2024-07-08,207.7332305908203,208.83336931404705,205.4755719918597,205.67647171253017,2947500
LOW,2024-07-09,206.9488067626953,207.77151326951835,205.87738046435408,206.60441765293012,2571700
LOW,2024-07-10,211.16754150390625,211.33016764553446,207.48449219964405,208.13501136324356,2007000
LOW,2024-07-11,219.7868194580078,220.00684134895337,213.84611162578258,215.8263524355533,3006900
LOW,2024-07-12,223.92906188964844,227.73646407104397,220.35124270392058,221.09741663401599,3180600
LOW,2024-07-15,222.10186767578125,224.89523913655324,220.62865671934506,223.85251085850456,2074600
LOW,2024-07-16,230.520263671875,230.558522636965,222.0349185964539,222.72369674477014,2356500
LOW,2024-07-17,232.50048828125,234.97818321836752,227.4303361096312,229.06617325267445,3958800
LOW,2024-07-18,228.98963928222656,236.2600687081651,227.59296082012526,231.45775851476222,2606700
LOW,2024-07-19,228.17652893066406,230.57767694318312,227.5355853878105,229.01835760041078,2739300
LOW,2024-07-22,229.85061645507812,230.9316037071327,226.31107109230788,229.0661690183701,2308500
LOW,2024-07-23,227.97560119628906,231.48644861152968,227.2198662452076,230.6350443565758,2211000
LOW,2024-07-24,222.69825744628906,229.83090593568798,222.48677607678124,227.33160332821498,2756800
LOW,2024-07-25,225.6781768798828,229.4367450036826,222.09261627240616,222.84242307417992,2142600
LOW,2024-07-26,229.619384765625,233.12804166584226,226.9278308345533,227.10085301532126,1942500
LOW,2024-07-29,230.51341247558594,231.64770828429712,228.13906550745747,229.04266503934392,2082300
LOW,2024-07-30,232.05140686035156,232.99346540992036,229.0714679417057,230.8882741903471,1782500
LOW,2024-07-31,236.00225830078125,239.34750073514618,231.89763090192386,233.2434079723902,3054700
LOW,2024-08-01,232.01295471191406,238.65535760660225,229.763578415112,237.27112152614916,2022800
LOW,2024-08-02,231.109375,231.20550821793407,226.0915261155316,229.0426428252449,2258800
LOW,2024-08-05,227.8410186767578,231.65727513599404,223.7267698191411,227.17773770339858,3058000
LOW,2024-08-06,231.3304443359375,234.75259005700096,226.54330677657308,226.54330677657308,2319500
LOW,2024-08-07,222.621337890625,233.91630210142097,222.15032323863306,232.3398140663736,3355400
LOW,2024-08-08,227.17776489257812,227.6391720592326,222.0541754478577,223.19809324399364,2084300
LOW,2024-08-09,226.6970977783203,228.54274086554466,225.226350714003,226.64903117684662,1675500
LOW,2024-08-12,222.12149047851562,225.65897016945465,220.49693580114993,225.65897016945465,2592300
LOW,2024-08-13,227.04319763183594,227.61995294970907,218.8146985534045,219.93938682452062,2860800
LOW,2024-08-14,228.43702697753906,230.3691813731041,226.6682873118395,226.69712434252935,2098500
LOW,2024-08-15,230.7633056640625,233.53177793701684,229.03301049346604,232.89733392981995,3029400
LOW,2024-08-16,231.81109619140625,232.78199180351257,229.87894175739723,231.11897810534074,1725700
LOW,2024-08-19,233.79132080078125,234.10852812961977,230.84981174073295,232.87809929456253,2708600
LOW,2024-08-20,231.02285766601562,236.3483063018986,229.4079105891257,230.70563565684316,3910400
LOW,2024-08-21,232.98385620117188,233.3010782199923,230.56145751396645,232.1475529401988,2676500
LOW,2024-08-22,231.0036163330078,233.89705875371905,230.40763149827703,233.58944421458796,1979900
LOW,2024-08-23,240.3856658935547,241.50073198142596,231.51310112301562,232.29173029401517,2685400
LOW,2024-08-26,240.79901123046875,243.3944467412951,240.43372260753858,242.1255733513249,2790500
LOW,2024-08-27,238.94374084472656,240.25105861364997,238.0401414838438,240.1837771015993,1772500
LOW,2024-08-28,239.29942321777344,240.73171132008426,237.3576466750054,238.85723096170713,1372000
LOW,2024-08-29,237.21347045898438,241.03933495870322,236.84818182794078,240.31837981924548,1612900
LOW,2024-08-30,238.87648010253906,239.41479095027705,235.89652619387027,238.25165815452974,2586900
LOW,2024-09-03,235.95420837402344,239.78007293662887,234.1854539218993,237.6268149376217,2460200
LOW,2024-09-04,235.944580078125,236.31947616028194,232.7243226205898,235.3774322275565,2094700
LOW,2024-09-05,234.65647888183594,236.80973684090196,232.2340655113704,236.80973684090196,2083100
LOW,2024-09-06,234.3680877685547,237.87674481553887,233.72403628897413,235.36782041437337,1889700
LOW,2024-09-09,235.25245666503906,236.2233522755775,232.9550136149084,235.7523229859168,1823000
LOW,2024-09-10,237.7998504638672,238.76112399353875,233.21457162033028,235.00254097223416,2112900
LOW,2024-09-11,237.7998504638672,238.2420280735089,230.70564712117272,235.56968883445157,1841500
LOW,2024-09-12,242.28897094726562,242.43315609460763,237.93440348311518,238.96295842584794,2222400
LOW,2024-09-13,245.51885986328125,247.4414067983503,242.82729122061076,243.192579831992,2118100
LOW,2024-09-16,246.7012481689453,248.13353631420352,244.37495336248065,247.0953444933636,1591300
LOW,2024-09-17,246.77813720703125,249.44085427476068,246.08601910486922,246.46092985575427,1343500
LOW,2024-09-18,246.69163513183594,251.824832354015,245.65345794063057,247.17227190547524,1625200
LOW,2024-09-19,250.89236450195312,252.12279331535316,249.49850629820307,250.7866385061137,2261300
LOW,2024-09-20,250.0657196044922,251.42108951744737,247.96052814755328,249.23900908293487,4470300
LOW,2024-09-23,252.1324005126953,252.29580055763637,248.27768491031574,250.70008324263304,2131000
LOW,2024-09-24,255.73719787597656,257.7077967220718,253.24750315079635,255.05467260201266,3414100
LOW,2024-09-25,254.7086181640625,256.27549852557195,253.69929281174294,255.8429137541569,1815500
LOW,2024-09-26,255.3238525390625,256.40050355288776,249.24862602190734,255.83335568088742,2254500
LOW,2024-09-27,256.7945861816406,258.30376310111717,255.4487799738866,257.38094886540966,1852300
LOW,2024-09-30,260.36090087890625,260.7646192705545,256.72728867539473,258.0346063912363,2032800
LOW,2024-10-01,262.08160400390625,263.5427290676102,257.8327625036842,259.55345017030845,2552400
LOW,2024-10-02,261.3317565917969,262.3314890811643,260.2647572636689,261.25486763218447,2244200
LOW,2024-10-03,259.7457275390625,261.75478581413233,258.2173060571407,260.96656376853326,1634600
LOW,2024-10-04,257.3905944824219,259.98601525772096,252.968730640084,259.5438376742087,2245600
LOW,2024-10-07,258.1403503417969,259.4572901208398,253.38203558548577,254.88161964556585,2302100
LOW,2024-10-08,262.6872253417969,263.63890615131436,259.36122690954556,260.00529312738587,1947900
LOW,2024-10-09,266.4457702636719,267.33015475347287,262.69680964158295,267.33015475347287,2431000
LOW,2024-10-10,262.6295166015625,264.3982562665916,260.49548832410835,262.25463520273667,1714400
LOW,2024-10-11,265.0807800292969,266.01321646354234,263.39855146596915,263.39855146596915,1303600
LOW,2024-10-14,269.8583679199219,270.5024048507572,264.84051818946483,265.01354040947336,1760300
LOW,2024-10-15,270.9156799316406,275.8950986321088,270.47350236448074,271.002220356448,2369100
LOW,2024-10-16,273.0496826171875,273.38613415595216,269.9351663587898,270.2043217226546,1754900
LOW,2024-10-17,270.41583251953125,274.1936301464915,270.1274622181365,273.0016604530761,1574200
LOW,2024-10-18,270.73309326171875,271.4444262922396,268.28182813893375,270.8868712123122,2031100
LOW,2024-10-21,266.11895751953125,271.75203559629966,264.99428393014705,269.714111093693,2438300
LOW,2024-10-22,261.67791748046875,262.83145760933127,257.78477088310996,261.4856510137436,3102500
LOW,2024-10-23,260.7511291503906,263.16450835970613,259.9112778991801,261.2820902525573,2109400
LOW,2024-10-24,261.95782470703125,262.94250230133,260.4422449188939,261.3207185062681,2025900
LOW,2024-10-25,258.3667297363281,261.7840533658484,257.0345397457515,261.09866194323087,1788000
LOW,2024-10-28,258.6853332519531,261.7937673492581,258.3281577854635,260.83807845673704,2140300
LOW,2024-10-29,253.85848999023438,255.88573407105764,251.49336698590886,254.08053144515083,2311100
LOW,2024-10-30,252.33331298828125,256.2429758678537,251.19417551134333,253.43379868541356,2356300
LOW,2024-10-31,252.7580108642578,254.40878340563543,251.91815963804527,252.34291672305764,2950700
LOW,2024-11-01,252.8642120361328,257.52684751508855,252.50703664141332,256.3491173307681,2262400
LOW,2024-11-04,255.7988739013672,258.2991309742498,253.28895388536156,253.3179132545381,1741700
LOW,2024-11-05,259.8533020019531,259.9401800991568,254.91070718199737,254.91070718199737,1562500
LOW,2024-11-06,252.66146850585938,256.9283058037389,248.3366830123564,256.9283058037389,4439300
LOW,2024-11-07,257.0731201171875,257.88404138874785,253.40479580954556,253.68475602329394,1972500
LOW,2024-11-08,261.70684814453125,262.479117709778,258.6273739072824,259.6603072824514,2102400
LOW,2024-11-11,264.9986572265625,266.7266152493542,262.85557565722394,264.0622650665319,2252100
LOW,2024-11-12,260.54840087890625,267.1803619100562,260.1043473748349,266.19571384619525,2634600
LOW,2024-11-13,262.8845520019531,264.7959292952133,261.4365246172687,263.27068674583046,1819900
LOW,2024-11-14,260.9827575683594,263.9174340809292,260.46145956213616,263.2127169514087,2324000
LOW,2024-11-15,260.0657043457031,262.52736849956955,259.1582715225794,260.5483801256544,2264000
LOW,2024-11-18,262.3536071777344,264.13951362134003,258.0674434971586,259.1293362036426,2600600
LOW,2024-11-19,250.2770538330078,255.80849939430306,249.50475491210156,253.97433732996197,4214000
LOW,2024-11-20,253.91647338867188,254.52464971382034,249.97785115276452,250.31570070211555,2864200
LOW,2024-11-21,256.0306091308594,256.4843256615698,253.17317601202328,254.91079749208052,1844800
LOW,2024-11-22,255.50926208496094,257.6620068232307,253.81026325090798,256.8897078439395,2410900
LOW,2024-11-25,265.78057861328125,266.0701722754602,259.1872114558426,259.62163140930045,3691700
LOW,2024-11-26,264.9600830078125,265.2593396788218,261.5813520484985,265.1145428154618,2422300
LOW,2024-11-27,263.72442626953125,266.8135634114946,263.11625000106636,265.61650730238136,2263800
LOW,2024-11-29,262.9907531738281,264.6704851431302,262.5080773300439,263.26105046793947,1526400
LOW,2024-12-02,262.6239013671875,264.31326673390214,260.11401067622387,263.9657542850711,2202700
LOW,2024-12-03,264.8828125,265.88675684970224,260.5869865364786,263.4637446151239,2459100
LOW,2024-12-04,262.8363037109375,264.6222102952519,260.89596677550753,262.981130037928,2081000
LOW,2024-12-05,260.7125244140625,263.37687490680304,260.20088922340994,262.2184706152358,1959800
LOW,2024-12-06,263.9560852050781,267.3348158599599,261.73578827309024,262.4694649282693,1745700
LOW,2024-12-09,264.6511535644531,270.9163059149951,263.26104480742833,264.50635670647034,2647000
LOW,2024-12-10,260.7511291503906,263.47342796894543,259.2838051967972,263.0390373873859,2214700
LOW,2024-12-11,258.61773681640625,263.8789158187052,257.98060110429714,261.95784573728275,3297100
LOW,2024-12-12,254.3701934814453,259.09077781636046,253.9357733973028,259.0231961214586,2391600
LOW,2024-12-13,253.2986297607422,255.57684547945823,252.9897101669588,254.01298054369656,1999300
LOW,2024-12-16,251.08799743652344,254.86252633483417,250.94320056527317,253.66547012537092,1964600
LOW,2024-12-17,248.8194122314453,250.96249428338882,247.43896630677736,249.48550729219784,2402100
LOW,2024-12-18,241.15451049804688,250.64393439083037,240.9904024734753,248.49118945240136,3084400
LOW,2024-12-19,236.0477752685547,241.94607408158734,235.68093695016856,240.37254627387455,4159000
LOW,2024-12-20,239.13693237304688,240.57531175742602,235.54582274944258,236.06710620379226,5693100
LOW,2024-12-23,238.7990264892578,239.3299728284194,236.73317460332652,237.71783738412645,2079000
LOW,2024-12-24,241.55026245117188,241.55026245117188,238.63489668881152,239.3878697082808,992100
LOW,2024-12-26,240.7876434326172,241.47304955246437,239.23344149160334,239.63888739753259,1435200
LOW,2024-12-27,239.73541259765625,241.41512968301174,238.7314534157828,239.74507554090945,1581100
LOW,2024-12-30,238.1812286376953,239.33964776971456,236.05745777397695,239.31068839617146,1622800
LOW,2024-12-31,238.24879455566406,239.60028099852582,237.27377994393757,238.68319986014836,1397900
LOW,2025-01-02,238.4225311279297,241.21239662860887,236.7428287917323,239.6678429255549,2741000
LOW,2025-01-03,239.87059020996094,240.15055045638908,237.39929217440692,239.52306300308,1889200
LOW,2025-01-06,241.08692932128906,243.9443619913687,238.72180596579605,240.12157765948697,2573400
LOW,2025-01-07,238.0267791748047,242.94041586349798,237.60202206385864,241.46342891958898,1803500
LOW,2025-01-08,238.3356475830078,238.67352652320636,234.54182299839778,236.93589075807753,2364900
LOW,2025-01-10,239.3106689453125,241.33791330914826,236.028479216347,238.44185834943846,2537800
LOW,2025-01-13,240.04437255859375,242.457751962432,238.19089894405784,239.4844667692914,2689700
LOW,2025-01-14,242.48667907714844,243.62578693376904,240.6428539226894,241.3475564904309,2055100
LOW,2025-01-15,247.82510375976562,250.75011839945338,247.17830512133014,248.89663006708403,2880600
LOW,2025-01-16,249.813720703125,250.53773450408005,247.04316593843518,247.90231366293276,1882300
LOW,2025-01-17,252.0147247314453,252.9414541597705,249.43725206449767,250.95283191763656,2758500
LOW,2025-01-21,255.19068908691406,257.5944050281235,253.58820197271058,253.8874585975121,2804400
LOW,2025-01-22,250.14895629882812,254.56048613442323,249.89685873488008,254.56048613442323,2074100
LOW,2025-01-23,253.36795043945312,253.54246587676607,249.95504630221603,249.95504630221603,2614300
LOW,2025-01-24,254.22117614746094,254.9774392970975,251.4869826107296,252.96071783878816,2021600
LOW,2025-01-27,260.2518615722656,260.99841944490447,254.99678179523437,255.12283056608933,2178700
LOW,2025-01-28,256.3638916015625,258.82660657549945,255.588218198122,258.14789604610337,1459100
LOW,2025-01-29,253.7654266357422,258.48722519437837,253.45515730571427,257.129833861646,2092400
LOW,2025-01-30,255.9663543701172,258.4484499847749,254.46353344328236,255.62699911888922,1630400
LOW,2025-01-31,252.12686157226562,256.1408639241085,251.70992419885275,254.29868778818397,1735100
LOW,2025-02-03,248.69459533691406,250.80824990354506,244.69997343259044,248.24860161847704,1862000
LOW,2025-02-04,249.4023895263672,250.371959090082,247.3565823606932,248.16132687391138,1976300
LOW,2025-02-05,250.60464477539062,251.54512842996544,247.114188449705,251.03125774791414,1693300
LOW,2025-02-06,249.1309356689453,252.67953458197286,247.92866396600536,252.19474975256367,2397400
LOW,2025-02-07,244.27337646484375,249.51875174635734,243.7013339302647,249.00488102282583,2163600
LOW,2025-02-10,248.63641357421875,249.04361620855647,244.8744790494623,247.55050043076616,1980600
LOW,2025-02-11,249.20846557617188,250.08107227202834,247.82198819139543,248.20981010189664,1549900
LOW,2025-02-12,242.64447021484375,243.36195700772373,239.00858440297537,243.11956462026583,2634000
LOW,2025-02-13,244.97145080566406,245.60166510760615,242.52813134982014,243.98248570303193,1832100
LOW,2025-02-14,244.1279296875,248.61705658578833,243.60436859887903,246.75546988423767,1805900
LOW,2025-02-18,243.08078002929688,243.71099429733775,240.8313716493258,242.84807801929605,1989400
LOW,2025-02-19,239.1734161376953,241.30648104252475,237.66088996478544,239.72607789788958,2513300
LOW,2025-02-20,238.9213104248047,239.17339316459072,236.6816072843196,238.68860842268637,2025700
LOW,2025-02-21,231.89193725585938,240.20115503369365,231.4847198381804,239.85210941933215,3165000
LOW,2025-02-24,229.86553955078125,232.17311970218955,228.75052574563693,231.57197655008812,4871400
LOW,2025-02-25,235.0139617919922,237.0015823212732,230.75755207449717,230.75755207449717,4380900
LOW,2025-02-26,239.55157470703125,245.25263405029435,233.73415694836308,244.2636688888724,4664300
LOW,2025-02-27,238.0293426513672,240.88957008278726,237.4766808644415,239.56126443236067,2702100
LOW,2025-02-28,241.0737762451172,242.11122278184723,236.86584788027812,240.61807736564143,3011000
LOW,2025-03-03,238.6692657470703,242.08214022234048,236.38108080859266,241.11257058390856,2740900
LOW,2025-03-04,232.55128479003906,237.22460277615454,231.80471202248478,237.16643096468823,2791800
LOW,2025-03-05,235.56661987304688,235.60539614474422,230.56363754004437,230.75754848744495,3175800
LOW,2025-03-06,236.0902099609375,237.8451286617062,232.73549245973356,234.46134004899486,2596500
LOW,2025-03-07,235.2757568359375,235.65388837875597,231.10660470072253,234.69400917262095,2570600
LOW,2025-03-10,235.0042724609375,239.11523788794347,233.73413871648208,235.12061607280907,2497500
LOW,2025-03-11,225.58975219726562,234.66492404955687,224.5426152764869,234.4613227228391,3294600
LOW,2025-03-12,221.38182067871094,227.60645551424486,219.51054372407017,225.9193991441729,2825500
LOW,2025-03-13,215.8843536376953,221.41089696235755,213.470120198349,220.80006342837018,3193600
LOW,2025-03-14,217.6101837158203,217.92043826665036,214.29425775896576,217.51322084680402,2672300
LOW,2025-03-17,218.977294921875,219.73355800851184,216.60183762223969,218.1531548634965,2821300
LOW,2025-03-18,216.16554260253906,218.71551542300278,215.7971162092459,218.0271144871186,1811800
LOW,2025-03-19,218.64761352539062,219.01605467114408,215.65164730864052,216.9896579584133,1944100
LOW,2025-03-20,219.3748016357422,222.57438411807468,217.19327014248694,218.67671037434394,1924200
LOW,2025-03-21,220.16017150878906,220.2765151240975,214.27487706014142,217.51323590486012,6353400
LOW,2025-03-24,225.8030548095703,226.03575683056542,221.43030140887961,221.43030140887961,2485100
LOW,2025-03-25,223.67001342773438,226.05514635922842,221.12974580954503,225.240711445765,2476800
LOW,2025-03-26,224.98863220214844,226.4623821599372,223.64093102858254,223.77667018295398,1790500
LOW,2025-03-27,225.10494995117188,226.76292031244625,223.83481626814182,225.65761166974883,2425000
LOW,2025-03-28,221.46908569335938,225.55098020853862,220.51891163022438,225.41524105666218,2118300
LOW,2025-03-31,226.13270568847656,227.829452428622,219.84020867490432,219.84020867490432,3465700
LOW,2025-04-01,226.88897705078125,227.37376185138118,223.46639754210227,225.3279694010711,2212800
LOW,2025-04-02,228.12034606933594,228.92509065417414,225.07589796010237,225.07589796010237,2534400
LOW,2025-04-03,215.74862670898438,219.28754975204913,213.8967452637339,216.01039984311976,4475000
LOW,2025-04-04,216.49517822265625,222.83617136199587,212.37450763681755,213.9355152034665,4829800
LOW,2025-04-07,210.3384246826172,218.7833673443792,205.25787481465045,211.41464749607064,4478000
LOW,2025-04-08,205.24819946289062,217.06725574184455,201.26326765063118,213.32471633959005,3294400
LOW,2025-04-09,216.40792846679688,217.4841512981922,200.10946610601667,202.44613235711623,4106200
LOW,2025-04-10,214.46876525878906,216.60181514835577,206.8673441131357,214.23607805286375,3482500
LOW,2025-04-11,213.6446533203125,214.4396926472542,207.32305579885616,212.67508378365477,2904000
LOW,2025-04-14,217.31932067871094,218.73489874647203,213.79008807059373,216.1364446314531,2766100
LOW,2025-04-15,213.7997589111328,218.18221706633213,212.14180339916862,217.18356169388548,2805200
LOW,2025-04-16,207.88540649414062,214.61422139997714,206.8091837239786,212.6750823398263,1916400
LOW,2025-04-17,212.3357391357422,213.9743141016655,209.21372388818057,210.41599549970283,2166900
LOW,2025-04-21,206.2953338623047,211.53100393496743,204.0071489487758,211.04621912103724,2769700
LOW,2025-04-22,212.40362548828125,213.8385843951444,208.04056216267193,208.26355903464358,2224000
LOW,2025-04-23,212.2476348876953,219.94766382365898,211.653075785504,216.5070231597987,2382500
LOW,2025-04-24,216.42906188964844,217.29653196547218,210.81486016518886,212.24764999090777,2243200
LOW,2025-04-25,215.31793212890625,216.7117262568519,213.222347874244,216.58502716410393,1493700
LOW,2025-04-28,215.5518341064453,217.88133338824562,213.74867366933674,214.91829406388587,2046700
LOW,2025-04-29,217.61819458007812,218.21275376392379,213.75843063908258,213.75843063908258,1603900
LOW,2025-04-30,217.9008331298828,218.3296974151245,212.66677326802457,216.3120899475184,3455500
LOW,2025-05-01,216.6922149658203,219.83069043927807,215.59081494372631,217.83259588693545,2067800
LOW,2025-05-02,221.43894958496094,221.9652735639178,218.27121958620478,218.83653933991724,2318800
LOW,2025-05-05,219.4895782470703,221.36097388527858,218.41741752451483,220.2888131627231,1878300
LOW,2025-05-06,217.36474609375,218.99247012814837,216.34133756659006,217.50120155553998,2175700
LOW,2025-05-07,217.85208129882812,219.36284770365953,216.08790186624626,217.3062594713475,2924000
LOW,2025-05-08,218.79754638671875,220.8931305672075,216.80919315192546,218.88527944478497,2405700
LOW,2025-05-09,216.6337432861328,219.47982512434604,215.77602956788968,218.0177958659983,2053800
LOW,2025-05-12,226.88742065429688,227.84260883214534,224.44096398921027,225.1524806512025,3496600
LOW,2025-05-13,224.92832946777344,229.39239386845782,223.76845055694213,229.18770323079855,2963100
LOW,2025-05-14,222.72552490234375,225.3181936088661,222.2674212259082,223.6904695368095,2291000
LOW,2025-05-15,226.5657958984375,226.7607301567754,221.22451988282035,221.4389520287512,2489200
LOW,2025-05-16,228.30072021484375,228.35919900102797,226.02969982533543,226.711991990897,1818200
LOW,2025-05-19,228.49566650390625,230.02593089486035,224.13883310570185,224.52870161583354,3387000
LOW,2025-05-20,225.3961639404297,231.52693305569625,224.32400326564706,231.0006090978674,3459500
LOW,2025-05-21,221.6143798828125,227.23832299854135,219.4798148855975,226.809458723161,4541600
LOW,2025-05-22,218.0860137939453,221.69234937156276,217.32575982951627,220.3570341803914,3116700
LOW,2025-05-23,215.473876953125,217.32577471174923,214.68436866904906,215.31792359781144,2958400
LOW,2025-05-27,220.0938720703125,220.10362845000665,216.38032030415675,217.64741524440782,3418200
LOW,2025-05-28,218.83653259277344,221.01981999079717,218.68057924362034,219.30437776770282,2214500
LOW,2025-05-29,219.2361297607422,220.27905099052902,216.04891703206476,219.83068885610453,2739400
LOW,2025-05-30,220.01589965820312,220.54223850586567,216.77994938593503,218.24197860550603,4127300
LOW,2025-06-02,219.8112030029297,220.17183208360288,215.72726605816976,218.41739421237168,3890400
LOW,2025-06-03,223.00819396972656,223.51503493175147,219.52855727735894,220.18159521278992,2456200
LOW,2025-06-04,222.6085662841797,224.27528612273468,222.08224231399555,222.88147721279813,2301100
LOW,2025-06-05,221.8288116455078,223.99261603306545,221.2927313021886,223.1251459766143,1985100
LOW,2025-06-06,219.5675506591797,223.3298397499756,219.08020758976326,223.0179330467346,2216900
LOW,2025-06-09,217.94956970214844,219.97691867053382,217.48172451637652,219.97691867053382,2523400
LOW,2025-06-10,219.19715881347656,220.21082582456685,216.51677200938104,218.37842604999634,2174400
LOW,2025-06-11,215.99044799804688,220.90285945019485,215.0742406747323,220.90285945019485,2378000
LOW,2025-06-12,217.84234619140625,218.65133744966178,214.18727326873164,215.99044852626304,2485900
LOW,2025-06-13,211.77003479003906,217.5986529994683,210.85382755569992,215.64928096811806,2425900
LOW,2025-06-16,210.6101837158203,213.0761384695838,209.37232814901037,212.8324669336583,2392500
LOW,2025-06-17,206.55548095703125,210.3177699786175,205.77572908580296,209.60625327466678,2518600
LOW,2025-06-18,205.4930877685547,208.28069082000295,205.08372136033887,207.17929068460495,2528400
LOW,2025-06-20,207.36448669433594,207.53992306952802,205.00574790183498,206.30208231781234,6148400
LOW,2025-06-23,213.03717041015625,213.25158769196844,206.42878427475935,207.4034704772178,2639500
LOW,2025-06-24,214.41143798828125,214.83056073302293,212.19891131271112,213.45624980187782,2210000
LOW,2025-06-25,215.1132049560547,216.00017281733656,212.66674836224607,213.94358468852747,2082900
LOW,2025-06-26,215.62979125976562,217.16979700762977,214.47966885647213,215.64928914512637,2254700
LOW,2025-06-27,217.9690704345703,219.51881785753352,215.66881050508138,215.81500747987772,3256700
LOW,2025-06-30,216.25360107421875,219.14841999208386,214.08979673414723,218.3979224004371,2735300
LOW,2025-07-01,222.85223388671875,226.29287470059077,213.59271574651848,213.96310123133605,3974500
LOW,2025-07-02,221.19528198242188,223.58326012639154,219.85021030749914,223.3298470760929,2174300
LOW,2025-07-03,222.53057861328125,222.7450107426764,218.36866484869432,221.23424433013025,1777900
LOW,2025-07-07,219.29464721679688,222.49161667151023,217.01387027093972,221.9750341900952,2740500
LOW,2025-07-08,218.00804138183594,221.0880530721635,217.74487196668946,218.3784268644473,2672000
LOW,2025-07-09,219.85995483398438,219.94767301522032,216.48753432090297,218.52462473865234,2339400
LOW,2025-07-10,222.14071655273438,224.52869456550036,218.81703332349156,219.0704463598668,2417100
LOW,2025-07-11,218.45640563964844,220.97109762321668,217.78386983476588,219.86969754434932,1840100
LOW,2025-07-14,216.7701873779297,218.50512748363968,214.23601238665424,217.61817441658474,2767000
LOW,2025-07-15,209.5672607421875,217.41348711130402,209.46980105210795,217.36474982999917,2947200
LOW,2025-07-16,211.1170196533203,211.1657420613223,207.1792793978088,210.044858971738,3604400
LOW,2025-07-17,213.04690551757812,213.48551132100133,210.38601642911544,210.87335951570358,2474000
LOW,2025-07-18,213.61219787597656,214.28473362878583,212.0526942499687,213.75839483418343,2399100
LOW,2025-07-21,215.31793212890625,217.10160966058334,214.06057860160269,214.46020351322824,2904400
LOW,2025-07-22,221.08807373046875,221.48769864404485,215.8929944715732,217.01387765864337,2880000
LOW,2025-07-23,224.00807189941406,224.38042726831273,221.22524480456357,222.11691510391344,2337000
LOW,2025-07-24,221.01947021484375,224.86055874082845,220.97047372553598,223.46914516393826,2083500
LOW,2025-07-25,222.23451232910156,222.7538422174049,220.55892810060826,221.94054834758688,2053500
LOW,2025-07-28,225.3603057861328,227.1828645769481,220.96068412104725,222.185521616175,3302200
LOW,2025-07-29,225.40928649902344,226.1931854833599,223.55733281123864,225.6934571697648,1852900
LOW,2025-07-30,222.851806640625,226.47733727195535,220.98026647419954,225.6150469659142,2047400
LOW,2025-07-31,219.0695343017578,223.7239166153224,218.49139966167698,221.35261815287276,2778400
LOW,2025-08-01,221.84255981445312,223.55733229741,217.29596365770698,219.01073614066382,3400900
LOW,2025-08-04,229.1033935546875,229.8285027095709,221.72497393271544,221.85236181237,3871300
LOW,2025-08-05,232.679931640625,233.49321056523192,229.41696281848309,229.67172363027072,3107000
LOW,2025-08-06,233.4932098388672,234.88463836124689,231.80784723682595,232.77790894334413,2448700
LOW,2025-08-07,233.7577667236328,236.40341252863288,231.8470233617788,235.1687818067338,1948300
LOW,2025-08-08,236.295654296875,237.26573101960184,233.5030336522987,234.2869326750611,2746100
LOW,2025-08-11,235.02182006835938,238.2749806185953,233.02287694148023,236.68759603967248,2689500
LOW,2025-08-12,239.9407501220703,240.42089178065717,236.08986839133837,237.0697383423597,2973200
LOW,2025-08-13,251.17005920410156,253.29639022142123,241.76331635254283,242.517820424765,6030300
LOW,2025-08-14,247.95608520507812,248.67138605721837,246.50588191602395,246.93701211964563,3635000
LOW,2025-08-15,246.98602294921875,249.0535491898711,244.40896013625937,249.0535491898711,3026800
LOW,2025-08-18,245.83956909179688,247.9070952669899,245.42802551045028,246.63326135236736,2977000
LOW,2025-08-19,251.19944763183594,253.17880408155509,249.63166467280615,249.63166467280615,4702600
LOW,2025-08-20,251.96377563476562,262.13480069141536,251.28766297073074,260.05748116265926,5226000
LOW,2025-08-21,250.5037384033203,253.46296469196045,249.20052457060783,250.92507529102178,2697300
LOW,2025-08-22,258.4211120605469,260.15547110272564,249.51408287311395,252.169537009979,3796400
LOW,2025-08-25,253.658935546875,257.3628428548304,253.54135593444124,256.78472315819215,2336700
LOW,2025-08-26,253.1298065185547,253.55117334931978,250.98391870771547,253.26700267351532,2865300
LOW,2025-08-27,253.4629669189453,255.39331186931915,252.88481734773208,253.6295280605434,2148700
LOW,2025-08-28,252.35572814941406,254.21747516858886,250.542962668931,253.98231593765374,1779100
LOW,2025-08-29,252.865234375,253.60013683014782,250.80751647156336,252.58106371943077,2177600
LOW,2025-09-02,253.53155517578125,253.79613921485318,250.4645722314598,251.28767439776576,1783700
LOW,2025-09-03,255.43251037597656,256.12823962253697,251.82659586872433,252.26754934030427,2002400
LOW,2025-09-04,259.2442321777344,259.3813984381459,256.20662897327384,257.74503216340463,2258700
LOW,2025-09-05,264.5354919433594,265.23119123585644,259.8909179433317,261.9878240893782,4488200
LOW,2025-09-08,267.52410888671875,267.7200948569981,263.2714764803506,263.7908064080042,4464800
LOW,2025-09-09,263.6143798828125,266.79895683893847,262.2131731988981,266.79895683893847,3120500
LOW,2025-09-10,261.184326171875,263.58501953789136,259.7439161329168,263.006899849229,1918300
LOW,2025-09-11,266.91656494140625,267.9062431471273,261.8310375745294,262.44836041955307,2253400
LOW,2025-09-12,266.3580322265625,267.1125512172966,264.1043433293024,264.62367320058013,2906300
LOW,2025-09-15,266.61279296875,267.1615177111582,263.68299158661443,266.0150866934772,2648100
LOW,2025-09-16,265.07440185546875,267.7690441543996,263.98676059019095,267.43589196764987,1940700
LOW,2025-09-17,262.55615234375,269.44463656239344,261.4880678351287,267.11254140985517,2854600
LOW,2025-09-18,262.183837890625,265.1234480567181,262.1054315403697,263.65364297367154,2301700
LOW,2025-09-19,259.86151123046875,262.24258792708116,259.7732966239959,262.1445949557552,4079000
LOW,2025-09-22,255.1483612060547,260.06729779369647,255.11893639920805,259.6655475091591,3435300
LOW,2025-09-23,254.5800323486328,255.53050748225087,252.07156744195717,254.33506483897105,2972900
LOW,2025-09-24,252.14991760253906,254.28605679058825,251.17985593444476,253.09061427192592,3156000
LOW,2025-09-25,250.38616943359375,252.24791637509014,249.05354569125424,249.7884481605232,2877900
LOW,2025-09-26,251.94415283203125,252.5026858716064,249.082934416829,250.46455461318246,1923600
LOW,2025-09-29,248.22067260742188,252.1499309262015,245.6827979745429,251.9539748705012,3282100
LOW,2025-09-30,246.25112915039062,248.495039840094,244.60495471485484,247.7209341613889,3114400
LOW,2025-10-01,242.99795532226562,246.20211930729542,241.49875548848462,246.05514479481843,3106500
LOW,2025-10-02,242.3512420654297,243.9876231251256,241.3909736789436,241.66533607508248,1951900
LOW,2025-10-03,241.39097595214844,242.74318635967276,240.5874753904399,241.59674027537568,2023600
LOW,2025-10-06,236.80516052246094,241.52814068871695,235.68810941762132,241.16557865312305,3307700
LOW,2025-10-07,235.06100463867188,236.48181309356374,233.1600545197062,236.25644718870947,2597400
LOW,2025-10-08,232.80731201171875,234.59068260612048,232.46436647930827,234.59068260612048,1995600
LOW,2025-10-09,229.94607543945312,233.1698558927278,229.75989775987676,232.81710211869594,2284800
LOW,2025-10-10,227.54541015625,231.37670540355964,226.94768886459394,230.61240800788528,2158600
LOW,2025-10-13,229.75990295410156,231.22970788719113,227.95694582456935,228.309699606576,3072000
LOW,2025-10-14,235.90370178222656,236.87377846186163,228.53507521819046,229.211187908394,3130200
LOW,2025-10-15,236.6680145263672,241.1264262921554,235.67835114780766,236.6484129386998,2569500
LOW,2025-10-16,238.20640563964844,238.30438366976435,235.59994782216253,237.46169486229257,2258700
LOW,2025-10-17,239.77418518066406,240.28372176535868,238.3141884547549,238.3141884547549,2549600
LOW,2025-10-20,237.3931121826172,241.1460161257594,237.3833039134463,240.04855154433773,2110500
LOW,2025-10-21,240.3327178955078,242.02788880065125,236.14866882978524,237.0109592100337,2056200
LOW,2025-10-22,239.8009796142578,242.37101495402442,238.80645050754282,240.53949534378683,2508200
LOW,2025-10-23,240.13577270507812,241.03184207375992,236.3151948352798,238.40272784790884,2234800
LOW,2025-10-24,238.99356079101562,242.26271617631613,238.99356079101562,241.5832792521493,1804000
LOW,2025-10-27,239.91912841796875,240.7265794643517,238.03838651568196,239.72219390243208,1939300
LOW,2025-10-28,240.33270263671875,242.85350041414884,238.38301042827584,238.55040551230863,1612900
LOW,2025-10-29,234.83816528320312,239.84038039562802,233.2429610579888,238.78675738807468,3121400
LOW,2025-10-30,236.14779663085938,239.59420336493397,233.38081174609823,234.4245932638221,2076700
LOW,2025-10-31,234.48367309570312,235.67513672894313,232.829390043377,234.4344357085543,2404700
LOW,2025-11-03,232.03179931640625,233.68608239624788,229.4125265379894,232.79001302071455,2333700
LOW,2025-11-04,234.11932373046875,234.36549563610836,229.8950204407545,231.91363307202766,2632600
LOW,2025-11-05,230.7615509033203,234.48366892339797,228.07334286926584,232.92786067305292,2749600
LOW,2025-11-06,227.80747985839844,231.37204412461767,227.58099089469508,229.51098518132517,3272700
LOW,2025-11-07,229.5897674560547,230.59413800322633,227.58099631143023,228.28997259481056,3053800
LOW,2025-11-10,229.46176147460938,230.52522593775913,225.6707080187091,229.04819446535245,2588000
LOW,2025-11-11,231.7363739013672,233.23310324570247,230.1017888953918,230.17072423878196,1968100
LOW,2025-11-12,231.10618591308594,233.08541768394994,229.31406222283172,230.8009351489593,2587500
LOW,2025-11-13,227.92564392089844,233.02631856515717,227.37422125937215,230.86000881267222,3109000
LOW,2025-11-14,224.36106872558594,228.58537178777266,223.49453885636203,226.74401084081177,2691900
LOW,2025-11-17,221.55471801757812,225.26699461095657,221.51533712321478,223.72102781094404,4411500
LOW,2025-11-18,216.20787048339844,220.29431814449944,215.44965680002377,215.69582870792482,6260400
LOW,2025-11-19,224.91250610351562,229.40267931084335,220.8260434070487,226.48799730293996,7728900
LOW,2025-11-20,224.93218994140625,226.92126317725112,222.32277371070307,224.58755828318294,4769200
LOW,2025-11-21,230.7024688720703,232.93771410240035,225.45409678400196,227.00989008910156,6090000
LOW,2025-11-24,225.2571258544922,230.8698570921344,225.2275864290427,230.41689419334224,4212600
LOW,2025-11-25,234.45413208007812,235.25172666100607,226.7637090238196,227.18713252026166,3330300
LOW,2025-11-26,237.91036987304688,239.3283224105561,233.0263128021974,233.86330326604778,2303300
LOW,2025-11-28,238.7670440673828,239.30862525020257,237.1127761181955,237.89067270796184,1289900
LOW,2025-12-01,242.6171875,245.6204878129874,237.56573508873169,238.2944093528283,4083100
LOW,2025-12-02,239.4464874267578,243.43447530401767,238.88522329485022,242.53840596126022,3886100
LOW,2025-12-03,243.1587677001953,244.19269272498937,239.45633256570545,239.45633256570545,3275600
LOW,2025-12-04,242.4005584716797,244.3600923161477,241.24847571719005,242.82398197682818,4092800
LOW,2025-12-05,244.6653289794922,244.87210496124916,241.8983592297145,242.38084653724107,2642100
LOW,2025-12-08,241.07122802734375,244.3010021879422,241.07122802734375,243.32615604444538,3935000
LOW,2025-12-09,238.9541473388672,242.21346101701232,237.20140454502996,240.07669064531507,2865500
LOW,2025-12-10,242.4300994873047,244.63580526021758,238.66860042986352,239.0920089126442,4778900
LOW,2025-12-11,244.28131103515625,248.03296853186913,243.72003186943525,244.822892241078,2832100
LOW,2025-12-12,243.50338745117188,246.89071516383632,242.164211728145,245.3349069690595,2046900
LOW,2025-12-15,244.9705810546875,245.6204784797156,240.12591984338263,243.94651255703087,3108400
LOW,2025-12-16,242.6959686279297,247.127063095478,242.27254512129048,246.37870588334292,2692000
LOW,2025-12-17,244.16314697265625,245.78787552299943,241.32724184100508,242.2331526413624,2030600
LOW,2025-12-18,243.91697692871094,250.1500363403553,243.67080502374378,246.92026214919758,2553400
LOW,2025-12-19,236.75828552246094,243.34584787517056,236.6499692870225,243.2572145733463,5458200
LOW,2025-12-22,238.36334228515625,239.03292266283418,235.96070205910564,236.89615230445725,1776600
LOW,2025-12-23,238.44210815429688,238.50120203434525,235.8720727898431,237.80206719261335,1863800
LOW,2025-12-24,239.27908325195312,240.2440728786049,237.64449825415718,238.0482237702044,787900
LOW,2025-12-26,240.7462921142578,240.96292460210964,238.58982372845924,239.0132322114433,1179700
LOW,2025-12-29,240.0963897705078,241.6029606621284,238.91476760406002,241.35678875140422,1597100
LOW,2025-12-30,239.45632934570312,239.9092922640953,237.34909842999838,238.92460463946432,1371400
LOW,2025-12-31,237.46728515625,239.6631344815415,237.33927094945892,238.69814475957463,1615200
LOW,2026-01-02,243.10952758789062,243.4443177749802,236.29549101322044,237.80206188026426,2595000
LOW,2026-01-05,241.00230407714844,244.0351438640576,240.2145509464339,241.32725280701098,2835800
LOW,2026-01-06,242.7156524658203,244.49793462171002,236.34472247782466,237.79221445501318,2573200
LOW,2026-01-07,243.33599853515625,252.8677674333275,243.3163156009636,248.02312119719008,2423300
LOW,2026-01-08,252.28680419921875,253.87216687781176,240.17515861368128,241.37647870015536,3163400
LOW,2026-01-09,263.1183776855469,263.9455117028194,255.16211472158153,255.96956580401974,4092100
LOW,2026-01-12,266.7420654296875,267.3722499314278,259.5735101266902,262.40941551023116,3269500
LOW,2026-01-13,270.0505676269531,270.53305492294083,266.21029209190385,268.95757884209604,2946600
LOW,2026-01-14,270.7398376464844,273.84159723280305,268.0319470464752,268.0319470464752,3207600
LOW,2026-01-15,272.7683410644531,273.94994823820394,269.25299887072157,270.93680637222917,2620700
LOW,2026-01-16,273.300048828125,274.17643527227483,269.87335499328424,272.08890223489306,2915700
LOW,2026-01-20,264.2901611328125,271.0254211007623,263.6698031008478,268.0319922596396,3956200
LOW,2026-01-21,274.09222412109375,275.2989393810608,264.10223848991467,264.5275484934901,4022100
LOW,2026-01-22,271.95574951171875,278.2959167183976,271.88650458178984,274.3493783057467,2883500
LOW,2026-01-23,273.71636962890625,274.2702687097938,270.9963176410621,272.0051987844139,2204000
LOW,2026-01-26,274.883544921875,276.45622609208425,272.6184747249243,275.7935091559037,2021900
LOW,2026-01-27,270.956787109375,273.9933619562723,269.3544337904949,273.9933619562723,2492900
LOW,2026-01-28,266.4859924316406,271.0161023203077,265.14078732234043,270.739152766222,2952400
LOW,2026-01-29,263.73626708984375,268.02900025237386,262.8163719809008,265.78370155561873,3264700
LOW,2026-01-30,264.15167236328125,264.6462272849807,259.80949584708344,263.1625625198824,3199300
LOW,2026-02-02,266.1299133300781,267.386072064953,259.82928795346135,263.75605555315235,2763400
LOW,2026-02-03,271.85687255859375,277.45523843118434,264.695696079871,265.0221192632201,3450200
LOW,2026-02-04,272.845947265625,277.11890889147537,270.31382856554393,273.3108300839731,2774000
LOW,2026-02-05,271.8964538574219,274.06257691903147,269.27528829147474,272.6382863341449,2683500
LOW,2026-02-06,275.3484191894531,276.6243794141634,272.02499422432743,273.56800325573766,2211800
LOW,2026-02-09,273.8746643066406,275.9616717799322,271.4612336511654,275.29895484218105,2471100
LOW,2026-02-10,281.5699157714844,282.6183698032154,274.35929647494885,275.9616496107929,2820200
LOW,2026-02-11,283.9140930175781,284.21081389139925,277.72225584512887,279.31473836193254,2945200
LOW,2026-02-12,282.4205322265625,289.86852813594567,281.96555015070976,286.2385119163544,3659400
LOW,2026-02-13,284.26031494140625,286.7132882291448,279.07735842473033,282.31176718786975,2241800
LOW,2026-02-17,278.09814453125,286.70338259420146,275.2198310852724,283.9042148443631,2305000
LOW,2026-02-18,279.05755615234375,280.7785975663377,274.9725277982216,277.36618682530707,2018700
LOW,2026-02-19,275.15057373046875,279.0377682375088,273.71638254398505,278.3750815347525,1997000
LOW,2026-02-20,277.3068542480469,280.7192956884668,273.85487014255,274.6461762226969,2810000
LOW,2026-02-23,271.3721618652344,278.9092042197348,269.3741708503211,277.70248900462724,3058100
LOW,2026-02-24,275.5561218261719,278.1080422571565,274.07245698474685,275.08133821023,3284700
LOW,2026-02-25,260.1556701660156,271.2040408238996,259.7006880723913,263.35050594995334,5565700
LOW,2026-02-26,261.5107727050781,263.251585548232,259.0874414523848,260.4721892316791,3428200
LOW,2026-02-27,261.6888122558594,262.6086772140729,257.2674898162581,258.84017092762787,3252500
LOW,2026-03-02,254.36940002441406,258.60278908515266,253.4000614795076,257.168567691241,3023800
LOW,2026-03-03,254.89361572265625,256.15967509991947,248.5633037437217,250.71955593253563,2758300
LOW,2026-03-04,255.8035888671875,256.09043918036434,252.70768524774982,255.20024633748326,2174900
LOW,2026-03-05,251.93618774414062,254.22101409186632,249.87883735348467,253.60777078721802,2270400
LOW,2026-03-06,249.14688110351562,250.22500722467066,245.4080470540539,247.83136318350225,3126800
LOW,2026-03-09,247.49508666992188,248.711687651881,240.93728303676485,247.39616964036242,2896300
LOW,2026-03-10,248.37538146972656,251.8372660343838,244.62666168189295,246.20922842730772,2092000
LOW,2026-03-11,244.1914520263672,248.62266006323907,243.57819363773018,247.34671495867477,1895800
LOW,2026-03-12,236.8423614501953,243.19244516795624,236.21923247903445,241.58020630133194,3008800
LOW,2026-03-13,235.00262451171875,239.18657037990587,234.4091676096309,238.22713254094646,2755000
LOW,2026-03-16,239.473388671875,241.29334719100967,236.78300864679824,238.0886409057114,2315300
LOW,2026-03-17,237.0995330810547,241.34280777370066,236.9115997913299,239.79979879455666,1969000
LOW,2026-03-18,228.57339477539062,236.17965204190244,227.84146313554405,234.4981682921716,2742800
LOW,2026-03-19,227.2084503173828,228.25690443600678,223.7069926877904,227.9502827702907,4129000
LOW,2026-03-20,222.1837615966797,227.35680214611745,221.70897797814328,226.74355883794874,3644000
LOW,2026-03-23,231.69898986816406,234.1717645732672,227.6535340728439,229.03828187065406,3830500
LOW,2026-03-24,231.8770294189453,232.608976187147,225.96215637129114,227.85135992538477,2133400
LOW,2026-03-25,233.6079559326172,236.18953323160588,230.83846044089012,234.75532697497184,2322800
LOW,2026-03-26,233.45960998535156,235.93238475119446,231.32312896543462,231.61986495585964,2113600
LOW,2026-03-27,227.80189514160156,233.31124444410773,226.79299883322477,232.7276581417156,2999800
LOW,2026-03-30,230.04718017578125,231.66931979272337,228.6030730946968,230.20544138051199,2905400
LOW,2026-03-31,233.70687866210938,236.17965333484426,229.90870038701712,233.9937289760132,2636400
LOW,2026-04-01,233.41015625,235.86315973462126,232.50017692865458,234.18166078532806,2378500
LOW,2026-04-02,228.51405334472656,232.94526136133132,225.5170516291695,228.6129703693308,2760200
LOW,2026-04-06,232.63864135742188,233.19254047683125,226.3874747478628,227.29745402869523,1949800
LOW,2026-04-07,229.08773803710938,231.30334958353376,226.82268307118454,230.2548804415078,2522400
LOW,2026-04-08,241.0065155029297,244.31013885961252,239.96794711678407,241.6988893961538,2539900
LOW,2026-04-09,245.111328125,246.27848568478402,235.58619471661808,238.3754919498665,2283300
LOW,2026-04-10,241.5604248046875,246.5356464729405,240.98673924250272,245.75425628033855,1840200
LOW,2026-04-13,244.3892822265625,244.5871011931571,238.60298312479725,241.184560634299,2484100
LOW,2026-04-14,245.73446655273438,245.97184327002014,241.89671530200815,244.19145751989953,1959500
LOW,2026-04-15,241.33291625976562,245.7344520468388,240.2251029715562,245.10142235041278,1757500
LOW,2026-04-16,239.78001403808594,243.12321024455056,239.12719789848887,241.17466258378354,2374300
LOW,2026-04-17,248.97874450683594,252.73736513436114,243.6078699173904,243.6078699173904,3773400
LOW,2026-04-20,250.53164672851562,251.87683683272263,245.30914752221074,248.068772669961,3852000
LOW,2026-04-21,248.4545135498047,254.3001565717218,247.94017218548927,251.40205677075323,2493200
LOW,2026-04-22,243.68399047851562,250.4720409071407,242.26276597326563,250.4720409071407,2256000
LOW,2026-04-23,245.02569580078125,246.0990640466105,242.52118505891286,243.356021972869,1775800
LOW,2026-04-24,242.9485321044922,245.7512183327433,241.6366477163176,243.62436328299796,2098400
LOW,2026-04-27,241.06021118164062,245.36361725328763,240.61297820695702,241.85530045055953,2854400
LOW,2026-04-28,238.8439178466797,243.99209405920604,237.52208513033912,242.5510032576538,1701000
LOW,2026-04-29,232.0657958984375,236.96550756472718,229.84949725449115,236.41889790772626,3205400
LOW,2026-04-30,237.32330322265625,237.8003658972301,232.46333906780347,233.03977842578004,2958900
LOW,2026-05-01,231.89683532714844,237.70096106516456,231.6384377663352,236.8860055794821,1879500
LOW,2026-05-04,222.3458709716797,231.0620082314055,222.22661288703003,230.20728990626054,3578500
LOW,2026-05-05,223.84658813476562,226.47037212118252,221.63028948612302,223.1210761867023,2745000
LOW,2026-05-06,231.93658447265625,232.59253424482907,227.53380180154363,229.09415062497348,3095200
LOW,2026-05-07,229.46189880371094,234.1529089369102,229.0941610973134,231.7875224676512,2174900
LOW,2026-05-08,227.79220581054688,231.52912086196517,226.7486520825696,231.52912086196517,1746300
LOW,2026-05-11,224.67149353027344,227.59343791064612,223.1210777770308,226.59958010317604,1948600
LOW,2026-05-12,223.14096069335938,227.6928313022637,222.7533567524189,227.55369181487652,3269900
LOW,2026-05-13,219.095947265625,221.8091747922133,216.7504422693431,221.63028766884253,3080200
LOW,2026-05-14,222.23654174804688,222.84279560851243,219.87115534736714,221.4116379598681,2142200
LOW,2026-05-15,217.0784149169922,221.15323788907529,216.87964639361243,220.94452108223348,3019300
LOW,2026-05-18,216.68087768554688,221.2824288998778,215.99511339016493,217.07841473196757,3713800
LOW,2026-05-19,217.02871704101562,218.69840598551946,212.18863453924143,214.68321209009162,3343900
LOW,2026-05-20,219.69227600097656,220.17925663125004,206.72242830733472,212.66569387495184,6111600
LOW,2026-05-21,216.0746307373047,218.0921608842406,213.25207818834872,216.41253875406701,3267000
LOW,2026-05-22,213.70924377441406,215.885794805777,212.2582198635499,215.885794805777,2801300
LOW,2026-05-26,210.77735900878906,215.97523093240443,209.75368671244772,214.65339827017218,3714400
LOW,2026-05-27,215.50811767578125,218.9866199106267,213.31170047135876,213.7490003215785,3051400
LOW,2026-05-28,216.5814971923828,217.1678696743581,213.1825052226273,215.6671498056416,2127200
LOW,2026-05-29,213.04336547851562,217.72444253996161,212.83464866116182,215.69696407020228,3623300
LOW,2026-06-01,206.42425537109375,212.6358664208081,206.27518277192704,211.69170457426472,3304600
LOW,2026-06-02,205.3707733154297,207.21934941320046,203.25385136788367,206.78204955877158,2959900
LOW,2026-06-03,206.37457275390625,206.5733564523648,202.1506769678012,202.31964614450436,3873500
LOW,2026-06-04,206.25531005859375,211.8209198596085,205.61924166691207,210.9264387317311,3173700
LOW,2026-06-05,209.4456024169922,210.55871832241544,206.1758016972111,206.7224265311482,2423900
LOW,2026-06-08,206.69261169433594,211.09539455037054,206.63298265164593,207.487700982025,2342900
LOW,2026-06-09,216.0348663330078,216.06468085396807,207.41812097895954,207.9746789236399,3779800
LOW,2026-06-10,214.86212158203125,217.1579306882978,213.46077843545646,216.55167681981933,2656200
LOW,2026-06-11,219.69227600097656,220.28858159897678,214.37513055300633,215.18015296760012,2705300
LOW,2026-06-12,219.42391967773438,222.18684309573123,217.93313300622242,221.40170212136408,2434300
LOW,2026-06-15,218.83755493164062,224.81063494638178,218.6387864014538,223.6180086001941,2860900
LOW,2026-06-16,222.64402770996094,224.07518536263615,220.19913085912972,220.53703887015956,2156500
LOW,2026-06-17,215.93548583984375,225.9237596420195,215.1304634579935,221.60047219829576,3888800
LOW,2026-06-18,220.835205078125,223.43912288475022,218.14185887217727,218.14185887217727,6813300
LOW,2026-06-22,213.08309936523438,217.73436160469885,212.58617048129952,216.16406451165682,3169200
LOW,2026-06-23,212.2283935546875,215.17021939315407,210.83699866389944,212.5365022194956,2766400
LOW,2026-06-24,220.08981323242188,221.53090405167708,214.01734128970807,214.45464116094513,3183200
LOW,2026-06-25,220.5668487548828,224.93983206448485,218.7580354899846,220.2090745143003,3063700
LOW,2026-06-26,221.1134796142578,222.88254528918466,219.62269291077564,221.17310865598645,3337700
LOW,2026-06-29,218.3008575439453,220.42771260829798,217.7045519688855,219.86122155373786,2372900
LOW,2026-06-30,219.13571166992188,219.64257368824002,215.26960543649173,218.34062239731313,3015900
LOW,2026-07-01,220.55691528320312,225.09885258749236,219.34440758628446,221.39175217335713,2864300
LOW,2026-07-02,226.10264587402344,226.10264587402344,219.82145739952205,222.14709613967668,2332500
LOW,2026-07-06,222.40550231933594,227.40460595360884,217.21756327236588,226.59958354374572,2479400
LOW,2026-07-07,219.54318237304688,225.19823569225213,218.00271491215958,225.18830257365713,2074500
LOW,2026-07-08,211.54263305664062,215.74664719036244,211.03575588675017,215.74664719036244,2994700
LOW,2026-07-09,211.69171142578125,213.84838103223592,210.77736406947787,212.00975320105192,1704300
LOW,2026-07-10,210.3301239013672,213.50053260176944,210.11147397961076,211.81096226727593,2166100
LOW,2026-07-13,206.42425537109375,212.3476543407304,205.49002664280616,211.68177145600896,4265100
LOW,2026-07-14,206.40438842773438,209.50523519320484,206.27519722109562,208.0243815557983,3032700
LOW,2026-07-15,208.37222290039062,210.85686731588208,206.265234123809,206.49383232888175,2993400
LOW,2026-07-16,214.83230590820312,214.90186806843997,208.3126011599194,208.3126011599194,4230600
LOW,2026-07-17,207.44793701171875,219.13571459544963,207.13984351617302,216.61130725859525,3475900
LOW,2026-07-20,203.45263671875,208.7101378031623,202.3693201923211,208.27283794516407,3266000
LOW,2026-07-21,202.25999450683594,203.73091496305327,200.64001661238365,202.66747984261505,3390000
LOW,2026-07-22,204.35000610351562,205.07000732421875,202.2100067138672,203.5,3248100
LOW,2026-07-23,201.9199981689453,203.0,199.39999389648438,201.75,4132200
LOW,2026-07-24,207.63999938964844,207.8300018310547,201.9600067138672,202.60000610351562,3427800
LOW,2026-07-27,211.5500030517578,213.13999938964844,209.30999755859375,211.3000030517578,2982000
LOW,2026-07-28,218.24000549316406,220.14999389648438,215.72000122070312,216.16000366210938,3969100
LOW,2026-07-29,215.67999267578125,220.2899932861328,213.74000549316406,215.9499969482422,2419100
LOW,2026-07-30,210.0800018310547,214.8800048828125,208.52999877929688,214.35000610351562,2755900
LOW,2026-07-31,207.80999755859375,210.07000732421875,206.02149963378906,207.75,2559669
