symbol,date,close,high,low,open,volume
MS,2018-01-02,40.3990478515625,40.86349548166102,40.38356596860582,40.840271180792385,6644600
MS,2018-01-03,40.50741958618164,40.67771438689121,40.19004542620063,40.48419528614209,6955500
MS,2018-01-04,41.12667465209961,41.43630340042697,40.64674521996207,40.87122805568446,8678800
MS,2018-01-05,41.11119842529297,41.21182918494963,40.82479098166556,41.18086541999879,6476000
MS,2018-01-08,40.940895080566406,41.157635499892706,40.786079229819016,40.97185884128923,6681400
MS,2018-01-09,41.258270263671875,41.428568011364824,41.04152982323869,41.07249358697687,6622700
MS,2018-01-10,41.74592971801758,42.17167103760532,41.4982255701532,41.7536691807593,11028800
MS,2018-01-11,41.95492935180664,42.06329954404495,41.660779577969606,41.90848371819039,8310000
MS,2018-01-12,42.66707992553711,42.68256180410181,42.202635380061686,42.24133860004024,8998000
MS,2018-01-16,42.26456832885742,43.332794538880066,41.95493955471678,43.077350874035716,11168500
MS,2018-01-17,42.84511947631836,42.89156511458877,41.69174751150227,42.40389624778246,11905200
MS,2018-01-18,43.224403381347656,43.34051596094454,42.64384638909435,43.27084900375952,13953900
MS,2018-01-19,44.478431701660156,44.50939546806522,43.10831604334259,43.10831604334259,15124200
MS,2018-01-22,44.40100860595703,44.4938969175091,43.448895292166334,43.712081302285675,16858300
MS,2018-01-23,44.052677154541016,44.362308820823095,43.85141863846415,44.23071432914997,9372200
MS,2018-01-24,44.308128356933594,44.68742408729503,44.044942298923594,44.28490406016993,8403600
MS,2018-01-25,43.97528076171875,44.40876165011414,43.82046489320594,44.40102218547869,9463800
MS,2018-01-26,44.58678436279297,44.602266239895215,43.928820826711146,44.1920068317171,8382200
MS,2018-01-29,44.470680236816406,44.935124796100546,44.4397164787664,44.50164399486641,7493500
MS,2018-01-30,44.00421905517578,44.5406681611617,43.96534666225143,44.05864099842457,7321200
MS,2018-01-31,43.96533966064453,44.37739526418739,43.79430056586114,44.08973307765655,7193100
MS,2018-02-01,44.6650505065918,44.67282379693699,43.82539279221997,43.926463361343856,7474400
MS,2018-02-02,43.133445739746094,44.54064827521618,43.063474277412844,44.33850717702137,9783700
MS,2018-02-05,40.855491638183594,43.25006805837697,40.36569137663999,42.48038193309415,13439000
MS,2018-02-06,42.2393684387207,42.26269127046609,39.57268259752069,39.805919812290895,17628700
MS,2018-02-07,42.41041564941406,43.312268561789196,41.89729249178291,41.9206153280203,11541700
MS,2018-02-08,40.26462936401367,42.48816407189071,40.26462936401367,42.402643049930404,14073100
MS,2018-02-09,40.5367317199707,41.13537580025463,38.888518659855116,40.863266202749294,15736400
MS,2018-02-12,41.539669036865234,42.09166467259452,40.90992565723332,41.04986863048486,11712900
MS,2018-02-13,41.508548736572266,41.889505072668136,41.096496284572545,41.22866293303598,8659500
MS,2018-02-14,42.799137115478516,42.838009490270174,41.407484151223585,41.41526040564517,10536300
MS,2018-02-15,43.071258544921875,43.22674807612542,42.43374197651469,43.13345376424875,7769900
MS,2018-02-16,42.86912155151367,43.20342941429593,42.72140529628757,42.99351496796012,7448200
MS,2018-02-20,42.80691909790039,43.265620299673884,42.558132307017054,42.705848537300135,7709400
MS,2018-02-21,42.83800506591797,43.794282588505645,42.729161241433985,42.845781319536414,8363000
MS,2018-02-22,42.651432037353516,43.46776398413644,42.4570671468922,43.07903420321382,6111600
MS,2018-02-23,43.59215545654297,43.63880409585711,42.79137309250626,42.79137309250626,6687100
MS,2018-02-26,44.32296371459961,44.32296371459961,43.69322343297422,43.77874445042275,7795800
MS,2018-02-27,44.097496032714844,44.95270014598348,44.05862069193454,44.3151837053784,11757700
MS,2018-02-28,43.553287506103516,44.804997946922086,43.545511249206676,44.38516904768361,9599100
MS,2018-03-01,42.36377716064453,43.763203921871764,42.301578965767554,43.45221887903319,12093900
MS,2018-03-02,42.558128356933594,42.659195942380656,41.601850696378996,42.09165094299463,12154100
MS,2018-03-05,43.14122772216797,43.53773075085188,42.200499500171354,42.23159859106452,7598500
MS,2018-03-06,43.97311782836914,44.08973499363835,43.079038065772856,43.45221833302597,9762300
MS,2018-03-07,44.221900939941406,44.33851809536567,43.30449841489407,43.40556898888007,8181000
MS,2018-03-08,44.284095764160156,44.447361559747364,43.51441246166455,44.27632247351104,7553500
MS,2018-03-09,45.61354064941406,45.706837910878065,44.509549747373015,44.57952121058492,10536000
MS,2018-03-12,45.80014419555664,46.165551150845175,45.52025826944398,45.566906912387076,8123200
MS,2018-03-13,45.11597442626953,46.09557506991972,44.99158102327282,46.04115314146945,6031100
MS,2018-03-14,44.307411193847656,45.419175374288635,44.159692014144554,45.419175374288635,8384300
MS,2018-03-15,44.48623275756836,44.73501955593618,44.2685420846671,44.61839944667576,5648700
MS,2018-03-16,44.711692810058594,45.13929789113164,44.54065374340189,44.61839850408471,9144800
MS,2018-03-19,44.27631378173828,44.836082537546595,43.6854429721205,44.62617110772615,8117800
MS,2018-03-20,44.68060302734375,44.991585079989235,44.22967504721433,44.46291232814168,8426700
MS,2018-03-21,44.40071105957031,45.22481620437818,44.22966902614716,44.57175309299347,8676000
MS,2018-03-22,42.48037338256836,44.05861472726036,42.37930284861235,43.77873188562879,14900500
MS,2018-03-23,40.482322692871094,42.69808145184471,40.42012746467921,42.69030816048565,16707800
MS,2018-03-26,42.21604537963867,42.31711593337835,40.92546287737018,41.46191176848888,11913700
MS,2018-03-27,41.32197189331055,42.682525961744275,40.917692614226105,42.3948638233478,12389400
MS,2018-03-28,41.13539123535156,41.53967062175033,40.404580209423,41.42305048433352,11262300
MS,2018-03-29,41.95171356201172,42.32489376303937,41.22090270572082,41.391944743356554,7349200
MS,2018-04-02,40.9876708984375,41.998367781273174,40.3812503961177,41.850651525537494,9311000
MS,2018-04-03,41.33751678466797,41.62517891131707,40.63002881660529,41.21312339355054,10335800
MS,2018-04-04,41.72624969482422,41.819546969629116,40.521188070100735,40.560060451716474,6692100
MS,2018-04-05,42.651432037353516,43.06348465608417,42.09943646022888,42.14608213584496,9968200
MS,2018-04-06,41.2364501953125,42.3870898325499,40.80884808831729,42.06833157470557,9578500
MS,2018-04-09,41.47747802734375,42.47262856128591,41.415282787220065,41.664069679262184,8111600
MS,2018-04-10,42.09165954589844,42.402644552085086,41.6407345492779,42.07610999901182,8836300
MS,2018-04-11,41.00320816040039,41.578526428901355,40.90213761266888,41.16647391504752,12121200
MS,2018-04-12,41.86619567871094,42.216053070180436,41.43859351836947,41.461919321649326,9315200
MS,2018-04-13,41.18980407714844,42.66697831787007,41.010988747507,42.55813446206855,12364000
MS,2018-04-16,41.51634216308594,41.94394433280078,41.46969352127648,41.54743829185268,7282200
MS,2018-04-17,41.3919563293457,42.06056918972991,41.02654931603317,41.99059769709078,14505300
MS,2018-04-18,41.40748596191406,42.760266610532504,41.15092590445242,41.91283575362015,17524000
MS,2018-04-19,42.52703857421875,42.62810914755176,41.46969309687522,41.4852426439859,13873700
MS,2018-04-20,42.34043884277344,43.01683066620269,42.06055298008165,42.67474662701393,10183600
MS,2018-04-23,41.70292663574219,42.4415137455774,41.46191609155137,42.410414654142265,8523600
MS,2018-04-24,41.25979232788086,42.464854453323625,40.76999181184067,41.95173109177757,10742700
MS,2018-04-25,40.4589958190918,41.10428570538847,40.287953768514754,41.088736158447574,12623000
MS,2018-04-26,40.58338928222656,40.894371324135065,40.17133370218287,40.43567006898015,14668900
MS,2018-04-27,40.51308822631836,41.02086713704114,40.45059070989645,40.497463847212885,7784500
MS,2018-04-30,40.32558822631836,41.01304582891075,40.294342456235164,40.76306178797621,8209700
MS,2018-05-01,40.47401428222656,40.52088442272176,39.864675635388245,40.14590839853754,8498300
MS,2018-05-02,40.388092041015625,41.052111694805156,40.231851245993,40.46621094850429,8931000
MS,2018-05-03,39.90373611450195,40.1849658839011,38.97410530605866,40.13028206929201,11438000
MS,2018-05-04,40.15372848510742,40.44277199113145,39.47408153898887,39.62251162103649,10368700
MS,2018-05-07,40.9271125793457,41.11460209696886,40.25527936292618,40.34121193433493,6576100
MS,2018-05-08,41.700504302978516,41.997358495264045,40.92711411139383,41.05991981219095,11578100
MS,2018-05-09,42.29421615600586,42.38014873162371,41.52863963329805,41.8879913312955,7114800
MS,2018-05-10,42.99730682373047,43.12229887344876,42.07548933954098,42.36453289575599,8208600
MS,2018-05-11,43.12229537963867,43.38790383627588,42.87231130045603,43.04417349236579,6063100
MS,2018-05-14,43.13792037963867,43.466023370783915,43.05198779242101,43.23947436449106,5816000
MS,2018-05-15,42.84885787963867,43.29414204726693,42.57543882233859,42.99728792221091,7523400
MS,2018-05-16,42.9426155090332,43.09885330893541,42.57545012316399,42.60669887516244,4517700
MS,2018-05-17,42.8644905090332,43.08322877705588,42.45045500534799,42.88011488389517,4576800
MS,2018-05-18,42.12234878540039,42.911363319915004,42.08328933855343,42.62231983719375,6702400
MS,2018-05-21,42.46607971191406,42.919174666270926,42.37233644205485,42.52076353433567,5901700
MS,2018-05-22,42.872310638427734,43.27853550583797,42.536393978454754,42.544204677038785,5930400
MS,2018-05-23,42.45825958251953,42.66137344640196,41.89579706879024,42.55981651446075,6529700
MS,2018-05-24,42.18484878540039,42.403584084747344,41.54426428298865,42.286405737259315,6637300
MS,2018-05-25,41.41146469116211,42.05205226815481,41.18491866056762,41.9192465453487,10152800
MS,2018-05-29,39.02879333496094,40.87242779812528,38.67725236019745,40.76306015709769,26605100
MS,2018-05-30,39.81781005859375,39.997485904522705,39.130352445441105,39.60688546205675,11542600
MS,2018-05-31,39.16941452026367,39.6693826433393,38.98192796413285,39.606888117977384,15150400
MS,2018-06-01,40.00529861450195,40.208412523626436,39.739690181062656,39.78656330933254,10003900
MS,2018-06-04,40.27090072631836,40.411517109009395,40.17715746453919,40.28652509995565,5523800
MS,2018-06-05,39.66938400268555,40.23184965044211,39.583451419828826,40.05217378630769,9136000
MS,2018-06-06,40.5521354675293,40.68494115989468,39.74749955629419,39.7787453250466,7945800
MS,2018-06-07,40.731815338134766,41.18491330044487,40.51308003497541,40.82555861376806,8477600
MS,2018-06-08,40.5521354675293,40.76306005184276,40.286527062843234,40.70837623147016,6412900
MS,2018-06-11,40.450584411621094,40.966176921640134,40.44277371330731,40.77869036165784,6810400
MS,2018-06-12,40.09123229980469,40.716192460431806,39.802188784273106,40.528705902266225,8953300
MS,2018-06-13,40.30995559692383,40.90366980760122,40.05216091126871,40.216212345780534,7981400
MS,2018-06-14,40.08342361450195,40.403715899160815,39.91936914281209,40.39590222048521,8620700
MS,2018-06-15,39.96623229980469,40.169343193998344,39.513137391198285,39.77093210229195,11505700
MS,2018-06-18,39.66157150268555,39.79437423012612,39.41158744393678,39.614698374153264,7493900
MS,2018-06-19,38.99755859375,39.20848325437085,38.66164485281212,39.192858874319775,12490100
MS,2018-06-20,38.97410583496094,39.36470621892334,38.92723569611389,39.16159533048244,6570800
MS,2018-06-21,38.895999908447266,39.15379469812407,38.263226002802604,38.79444294037074,11018400
MS,2018-06-22,38.19291305541992,39.481895784115686,38.122604852399334,39.044422189760354,12896400
MS,2018-06-25,37.44296646118164,38.114799839127855,37.075801015084174,38.0054321692381,14684200
MS,2018-06-26,37.33359146118164,37.53670238252,36.80237461454913,37.450769807322835,12097800
MS,2018-06-27,36.8648796081543,37.88825414340077,36.8648796081543,37.450780445423376,11635900
MS,2018-06-28,37.72419357299805,37.92730450329872,36.88830881745192,36.91174389170526,14183300
MS,2018-06-29,37.028926849365234,38.48977181620236,37.013302472495106,38.263222821653315,13592200
MS,2018-07-02,37.27891540527344,37.317974862126505,36.536773804883026,36.68520093294289,8655100
MS,2018-07-03,36.73206329345703,37.41170717946543,36.669565796789996,37.39608280529867,5037800
MS,2018-07-05,36.48207092285156,37.099220151085795,36.24771132404124,36.942979425197585,10577300
MS,2018-07-06,36.78675842285156,36.94299923250964,36.153984484756826,36.34928475181804,7269300
MS,2018-07-09,37.81794357299805,37.88825178830187,36.94299921147476,36.94299921147476,9412500
MS,2018-07-10,37.57577133178711,38.005434316407694,37.48984171490866,37.83356912255946,9238800
MS,2018-07-11,37.30234146118164,37.552325500633096,37.17734944145592,37.2164088888618,6089500
MS,2018-07-12,37.513267517089844,37.7085677417852,37.34140236574355,37.497643141508824,7774700
MS,2018-07-13,37.56013870239258,37.810122738677656,37.09141639932447,37.56013870239258,9747600
MS,2018-07-16,38.20072555541992,38.349152654976876,37.653884324352006,37.66950870010194,8724000
MS,2018-07-17,38.419464111328125,38.63038873175766,37.880436512482795,38.278847697708436,11138300
MS,2018-07-18,39.49752426147461,40.23185214034615,39.099110076307916,39.64595138102072,18407300
MS,2018-07-19,38.94286346435547,39.817810613300516,38.888179640052016,39.45064523865313,11363600
MS,2018-07-20,39.27097702026367,39.5209611170908,38.73976006949465,38.7866332051668,8910000
MS,2018-07-23,39.63813018798828,39.84124108622787,39.25534048201863,39.270964855736224,7728900
MS,2018-07-24,39.82561111450195,40.25527090118553,39.71624349389641,39.82561111450195,7254900
MS,2018-07-25,39.872493743896484,39.927177567248535,39.380336353683134,39.82562061814692,7483100
MS,2018-07-26,39.833431243896484,40.12247471376111,39.77874444468947,40.013107075436366,5524900
MS,2018-07-27,39.88031005859375,40.075610306657424,39.63032597947586,39.91155881349481,7252100
MS,2018-07-30,39.998172760009766,40.320358304936114,39.62883701424282,39.982456026396235,10123700
MS,2018-07-31,39.73101043701172,40.09248646410403,39.46383185227791,40.04533624409395,9714900
MS,2018-08-01,39.432395935058594,40.218214900687244,39.322381759496416,40.02961702996532,9194600
MS,2018-08-02,39.141632080078125,39.31451016253227,38.70157251145003,39.141632080078125,7882500
MS,2018-08-03,39.22022247314453,39.41667720462645,39.07877482666464,39.26737268785826,5426100
MS,2018-08-06,39.283084869384766,39.38523915958966,38.95303939999547,39.20450118731067,5086900
MS,2018-08-07,39.39309310913086,39.95102367857221,39.36951650921975,39.40880984318476,5632300
MS,2018-08-08,39.38523864746094,39.58955322053592,39.25950775543822,39.39309851439663,5884100
MS,2018-08-09,38.85089111328125,39.487405596077714,38.82731750202786,39.369531544487444,7583400
MS,2018-08-10,38.0257682800293,38.41867764931691,37.82931359538549,38.410820780901815,14321600
MS,2018-08-13,37.208526611328125,38.0965028767714,37.15351952386062,37.98648870183641,11445900
MS,2018-08-14,37.60929489135742,37.750742540157205,37.24781889894081,37.32639959375786,8695500
MS,2018-08-15,37.28710174560547,37.39711589528323,36.94919943007476,37.13779425876214,9496100
MS,2018-08-16,37.9550666809082,38.182954967869485,37.5621570817318,37.58573369609278,8264500
MS,2018-08-17,38.01005935668945,38.19865721167544,37.852894977144665,37.852894977144665,5854500
MS,2018-08-20,37.94719696044922,38.18294204060847,37.83718278955232,37.978630437180136,7898200
MS,2018-08-21,38.14365005493164,38.4579758157539,37.72716400029188,37.81360455875789,9632000
MS,2018-08-22,38.1908073425293,38.23795756803526,37.90791498247949,38.00221243582943,4952000
MS,2018-08-23,37.82146072387695,38.285093948538716,37.70358670156971,38.04934590392423,7699300
MS,2018-08-24,37.82931900024414,38.19865481939469,37.79788552677154,37.98648336994614,5620600
MS,2018-08-27,39.204498291015625,39.369519514688584,38.04934372998341,38.096493935744576,13317400
MS,2018-08-28,39.29094696044922,39.62884934412199,39.19664952708932,39.3302373078774,7419100
MS,2018-08-29,39.25165939331055,39.44025427338897,38.96090720455372,39.29094974352175,7856700
MS,2018-08-30,38.7408561706543,39.20448926204974,38.6622755101439,39.11019186990526,11399900
MS,2018-08-31,38.37154006958008,38.575851673893595,38.16722546760521,38.575851673893595,7698400
MS,2018-09-04,38.2772331237793,38.434397483702426,37.860750117994726,38.39510714313685,8548700
MS,2018-09-05,38.28508377075195,38.54440235416482,38.120059583860005,38.23007670767468,5527500
MS,2018-09-06,37.664302825927734,38.363681217606775,37.467848086797154,38.15150973962638,7990500
MS,2018-09-07,37.892181396484375,38.03362901246276,37.62500289937639,37.73501704565721,7285200
MS,2018-09-10,37.67215347290039,38.08863948946149,37.648579867350854,38.01005580819481,4925000
MS,2018-09-11,37.60929489135742,37.750742540157205,37.23995903086229,37.49142085147049,5011700
MS,2018-09-12,37.3106803894043,37.797887259925574,37.137799275038844,37.55428532349551,6231800
MS,2018-09-13,37.49928283691406,37.79789189220865,37.326401701361334,37.50713970777486,8380100
MS,2018-09-14,37.86860656738281,38.120068341408775,37.60142805777263,37.63286152894107,6955500
MS,2018-09-17,37.46784591674805,38.14365065984205,37.37354848677205,38.11221718396297,6726500
MS,2018-09-18,37.60142517089844,37.750732648654974,37.36568015055618,37.609285036917505,7082500
MS,2018-09-19,38.583709716796875,38.78802432498064,37.62501262450704,37.62501262450704,12489100
MS,2018-09-20,39.1966438293457,39.58169337489577,39.063053070315426,39.09448654275325,11810000
MS,2018-09-21,38.827308654785156,39.2673682830997,38.62299707593328,39.235934810149885,21450400
MS,2018-09-24,38.15936279296875,38.85874105974523,38.09649584879694,38.79587411557342,7917600
MS,2018-09-25,37.9393310546875,38.65442604937685,37.91575744972153,38.26937651251535,9007500
MS,2018-09-26,37.48356246948242,38.10436012555132,37.35783156424858,38.002202828279685,8443100
MS,2018-09-27,37.53857421875,37.84504315099397,37.365693078443506,37.58572443819585,12204900
MS,2018-09-28,36.595584869384766,37.36568700927921,36.46199709914543,37.2635297159037,14187300
MS,2018-10-01,36.642730712890625,37.177087725468034,36.5562901670824,36.87061588187686,9710100
MS,2018-10-02,36.642730712890625,36.90204935265453,36.26553805654082,36.69773778792117,9589100
MS,2018-10-03,37.019935607910156,37.50714257539009,36.91777829294022,37.06708283200262,8985300
MS,2018-10-04,37.14564514160156,37.66428529155009,36.909900163926785,37.232085666202984,7722200
MS,2018-10-05,36.737037658691406,37.34997550957403,36.540582911853484,37.2321044600682,7938900
MS,2018-10-08,36.94919967651367,37.10636403324189,36.3834091913564,36.54843041697368,7054500
MS,2018-10-09,36.27340316772461,36.78418669211328,36.10052203682479,36.69774612666337,9999500
MS,2018-10-10,35.06324005126953,36.46985666479611,34.98465935680961,36.414849579141894,14143800
MS,2018-10-11,34.17526626586914,35.18897039789026,33.9238014527665,34.71748024335305,21746900
MS,2018-10-12,34.12811279296875,35.023945799656545,33.69591302629704,34.81177435107348,16049300
MS,2018-10-15,34.159549713134766,34.395294791683135,33.84522094329607,34.12025636865894,11986800
MS,2018-10-16,36.10050964355469,36.30482418223375,34.953215072284436,35.94334830322977,24174900
MS,2018-10-17,37.082801818847656,37.59358542697587,35.778342247915184,36.116244696800884,22121900
MS,2018-10-18,36.171241760253906,37.318539592907754,35.951213435093955,36.86276320774945,14873900
MS,2018-10-19,36.47771072387695,36.721315654186476,35.86477296087628,36.202675316802576,14931200
MS,2018-10-22,35.44828414916992,36.713452811193456,35.43256741451403,36.48556465517393,11166700
MS,2018-10-23,34.98466491699219,35.21255316387058,34.033824573665974,34.591755386923985,15095300
MS,2018-10-24,34.17526626586914,35.204687136063,34.04953535814847,35.19683026580728,15067400
MS,2018-10-25,35.00822448730469,35.330410052821456,34.53673443940817,34.54459130788685,13838500
MS,2018-10-26,34.552452087402344,34.98465180900923,33.98666161684165,34.39528773472874,12997100
MS,2018-10-29,34.53673553466797,35.42471158394934,34.01809526646997,35.03965906774958,12869800
MS,2018-10-30,35.20927429199219,35.28048418095372,34.46552891037663,34.81366446848666,14780300
MS,2018-10-31,36.127098083496094,36.66512782077138,35.6919277714169,35.71566340097593,16928300
MS,2018-11-01,36.3090705871582,36.554349774228285,35.96093501496569,36.25368545108811,8679900
MS,2018-11-02,36.35654830932617,37.147768063530165,36.03214833083309,36.7917185704856,10478800
MS,2018-11-05,36.25367736816406,36.68093662395696,36.10334674924265,36.41192187233879,12318900
MS,2018-11-06,36.174560546875,36.45148619550499,35.83433588240775,36.22203179048974,10737300
MS,2018-11-07,36.87874221801758,37.03698672527495,36.10334745254568,36.546428450950806,9951200
MS,2018-11-08,36.736331939697266,37.06864277422294,36.5543517658003,36.657211174790305,9484100
MS,2018-11-09,36.18246841430664,36.74423355109374,36.11917242198138,36.680937558768484,10017900
MS,2018-11-12,34.91651916503906,36.27741472218902,34.7503607676653,36.01631384333829,14302000
MS,2018-11-13,35.3516960144043,35.70774547879615,34.362671401240036,34.50509118699678,12346100
MS,2018-11-14,34.694976806640625,36.989514758311735,34.06200175667508,35.676090397784556,13265200
MS,2018-11-15,35.05103302001953,35.18554194202285,34.1015687516172,34.29937368177337,14057400
MS,2018-11-16,34.91651916503906,35.0826745441498,34.39431438907457,34.80574891229857,9775000
MS,2018-11-19,35.138065338134766,35.43872965711409,34.84531490606367,34.94817128976269,9856700
MS,2018-11-20,34.101558685302734,34.821568297803616,33.65847770423315,34.72662280446911,16035600
MS,2018-11-21,34.60003662109375,34.99564646540298,34.1411307711921,34.251901044676515,7961900
MS,2018-11-23,34.08574295043945,34.50508838654241,34.062004309230915,34.243984461091884,4822400
MS,2018-11-26,35.03519821166992,35.36751196848719,34.59211722693068,34.59211722693068,8862900
MS,2018-11-27,34.85322189331055,35.130150557252264,34.679155638139676,34.82948627175615,8035900
MS,2018-11-28,35.85017013549805,36.024236438646014,34.552567131380435,35.04312557931163,12380800
MS,2018-11-29,35.21719741821289,35.67610642197477,35.06686671953114,35.52577572329302,9202900
MS,2018-11-30,35.12223434448242,35.296303606384896,34.742449333455816,35.11432347724275,11282500
MS,2018-12-03,35.929283142089844,36.5068731076203,35.604883215743605,35.66026834817369,15437000
MS,2018-12-04,34.11738967895508,35.73938932053295,33.48441457715193,35.64444380982832,18401400
MS,2018-12-06,33.7138786315918,33.80882416943581,32.42418941796499,32.95430829231122,17552400
MS,2018-12-07,32.69319152832031,34.069914871830875,32.40044114025829,33.57144571076944,15499400
MS,2018-12-10,32.21055221557617,32.77231745993208,31.300651401111704,32.51121653691655,16323200
MS,2018-12-11,32.13933563232422,33.13627390456946,31.7912001347021,32.85143439821368,13619400
MS,2018-12-12,32.289676666259766,33.04133295786552,32.28176277912461,32.52704196983335,14207600
MS,2018-12-13,32.123504638671875,32.534939065885716,31.909878068673407,32.34504811071768,15964600
MS,2018-12-14,31.363950729370117,32.392535811286976,31.276916073053545,31.70417546682733,17332200
MS,2018-12-17,31.332298278808594,32.17099223041583,30.87339243158984,31.087022108459514,15786300
MS,2018-12-18,31.561744689941406,32.29757905049902,31.363939819216515,31.609218945489985,14538300
MS,2018-12-19,31.094940185546875,32.503313601955774,30.730979770921856,31.56967391695123,19412300
MS,2018-12-20,30.786357879638672,31.37977264448773,30.509432196681207,30.770533123717733,27520300
MS,2018-12-21,29.81315040588379,31.427238878022234,29.662819790461572,30.39074026715373,21528400
MS,2018-12-24,29.28304100036621,30.066349864341692,29.069414328454833,29.757774651287754,11444400
MS,2018-12-26,31.094940185546875,31.174063983246402,29.101065757482814,29.496675691187647,16814200
MS,2018-12-27,31.379770278930664,31.466804920802943,30.327449744757676,30.44613087782259,13897900
MS,2018-12-28,31.15032386779785,31.64879320590481,30.810099099373247,31.60131892952087,12854200
MS,2018-12-31,31.371856689453125,31.71208134093494,30.912947896937894,31.387678424545367,9518100
MS,2019-01-02,31.965274810791016,32.218464855298144,30.667672059862706,30.873390857439382,10648000
MS,2019-01-03,31.395599365234375,31.82285874704806,31.05537463730093,31.82285874704806,13034500
MS,2019-01-04,32.6773681640625,32.89891169965241,31.870323827462457,32.04439310151242,14371600
MS,2019-01-07,33.001766204833984,33.357815600578355,32.424176304298896,32.84352169358504,11812400
MS,2019-01-08,32.79605484008789,33.5556249737741,32.50330441698738,33.468590330031496,11398200
MS,2019-01-09,33.025508880615234,33.39738005650741,32.63780993157399,33.160014769748635,9223000
MS,2019-01-10,32.962215423583984,33.19958075039915,32.62990456969553,32.74067485432502,7560800
MS,2019-01-11,33.025508880615234,33.12836525997723,32.40835551312638,32.66154555477085,8191900
MS,2019-01-14,33.61100387573242,33.85628300641619,32.53494487671864,32.685278512860855,12336300
MS,2019-01-15,33.9275016784668,34.01453632863872,33.25496312057881,33.39738290844856,11737000
MS,2019-01-16,35.20136260986328,35.69191793455698,34.55255973750922,34.813663663753786,30530400
MS,2019-01-17,33.65056610107422,34.1648600098489,32.92264557237597,33.5872701073132,47037200
MS,2019-01-18,34.56839370727539,34.63169274321335,33.67431746163293,34.038277863483714,20614400
MS,2019-01-22,33.55562973022461,33.81673369846343,33.17584460954764,33.56354059974828,20202400
MS,2019-01-23,33.34990310668945,33.721774218985075,32.96220422395158,33.64265347635099,15583900
MS,2019-01-24,33.270790100097656,33.690138622742694,33.10463467590101,33.191669331888924,13421600
MS,2019-01-25,34.00661849975586,34.220248156799144,33.66639382575321,33.76133933390691,13422700
MS,2019-01-28,33.74551773071289,33.80881373031029,33.278698037911774,33.579359317960204,10396600
MS,2019-01-29,33.618927001953125,33.78508241763863,33.31826266528626,33.65057349665726,9916400
MS,2019-01-30,34.097042083740234,34.24047461118469,33.52331197396241,33.74642788788652,12347900
MS,2019-01-31,33.706581115722656,34.00141324894354,33.61096045840996,33.706581115722656,11163400
MS,2019-02-01,33.32408905029297,34.04921856182349,33.300184650484645,33.70657464585272,13322100
MS,2019-02-04,33.83407211303711,33.83407211303711,33.21253335854236,33.387840408159036,8715300
MS,2019-02-05,33.82609939575195,33.91375290605751,33.642825255897144,33.77032044187114,9971500
MS,2019-02-06,33.770320892333984,34.14483629628294,33.5392349147596,33.706571778634135,9744000
MS,2019-02-07,33.05317306518555,33.61096589591209,32.70256190516739,33.555186916812076,12745400
MS,2019-02-08,32.5192756652832,32.941602933752705,31.969450160584895,32.694579660647285,13993900
MS,2019-02-11,32.041168212890625,32.73442623287591,32.0252309324596,32.6706771111518,17058300
MS,2019-02-12,32.79021453857422,33.06910942627882,32.39179153343833,32.39179153343833,12400800
MS,2019-02-13,32.822078704833984,33.491429324875874,32.79817430260144,33.06910200689757,9528300
MS,2019-02-14,32.447566986083984,33.09301023886249,32.09695283422804,32.51928324080671,10414200
MS,2019-02-15,33.45955276489258,33.531269000519856,32.77426496661525,32.79816936524929,13289700
MS,2019-02-19,33.59501266479492,33.69063329219106,33.01331570190394,33.132843765942816,9401700
MS,2019-02-20,33.80220413208008,33.85001598393614,33.48346757221797,33.539246546186995,10031600
MS,2019-02-21,33.435646057128906,33.881880759640936,33.22049734554589,33.77828996375462,9603600
MS,2019-02-22,33.300193786621094,33.65877508075175,33.14879110702918,33.50737240115984,10132100
MS,2019-02-25,33.618919372558594,34.15280757831157,33.5551732964878,33.571110575436784,10804700
MS,2019-02-26,33.794227600097656,34.009376313953474,33.17268889766436,33.45158368985231,10404400
MS,2019-02-27,33.913761138916016,34.03328619493706,33.66673782624467,33.842044889413096,6916600
MS,2019-02-28,33.451576232910156,33.96155690478465,33.340018340903185,33.85796917062079,12299900
MS,2019-03-01,33.86594009399414,34.160772133101226,33.7464120307136,33.7464120307136,12336100
MS,2019-03-04,33.46752166748047,34.34405078097674,33.308151908737884,33.905786224228606,12115100
MS,2019-03-05,33.387840270996094,33.49939819675731,32.82207744220984,33.45158635440586,10449100
MS,2019-03-06,33.16472625732422,33.53924481151106,33.1408218524956,33.332066210302436,7062700
MS,2019-03-07,32.80613327026367,32.949565727463515,32.37583893838901,32.92566133117183,12502100
MS,2019-03-08,32.95754623413086,33.06910417148577,32.19257491536081,32.336007417595916,11748400
MS,2019-03-11,33.34800338745117,33.63486842953504,33.19660374400745,33.228478313067036,7191600
MS,2019-03-12,33.491424560546875,33.618919753859636,33.324087689272346,33.427678483753084,7204400
MS,2019-03-13,33.794227600097656,33.985471914544576,33.626890724784886,33.78626048020311,9269000
MS,2019-03-14,34.01734924316406,34.20062342928985,33.70657983887574,33.70657983887574,8351200
MS,2019-03-15,34.52733612060547,34.6388940661121,33.89782709698827,34.009385042494905,18992600
MS,2019-03-18,35.085113525390625,35.22854598772962,34.63888190009152,34.63888190009152,10305900
MS,2019-03-19,35.02136993408203,35.77040381512952,34.96559097696814,35.5552551063794,12548500
MS,2019-03-20,34.288272857666016,34.90184447154743,34.208589495749116,34.85403567028746,15078500
MS,2019-03-21,34.367958068847656,34.766380944082115,33.626891277733534,33.937660634060364,14576200
MS,2019-03-22,33.24440002441406,34.0412456392679,32.89378600845451,33.91375046248028,25416800
MS,2019-03-25,32.86988830566406,33.411743677274856,32.598960619858666,33.23643663359919,14504100
MS,2019-03-26,33.371910095214844,33.65080496899564,32.94161254161635,33.23644469957407,9615400
MS,2019-03-27,32.96550750732422,33.507362855257966,32.901761428598334,33.3240886992988,11251600
MS,2019-03-28,33.411746978759766,33.44362154252774,32.973482365990144,33.06113589648921,8397000
MS,2019-03-29,33.626895904541016,33.969539867565906,33.443621721483055,33.85001177265928,11811400
MS,2019-04-01,34.68670654296875,35.0213834545841,34.06516761533128,34.089072023401535,25813300
MS,2019-04-02,34.82216262817383,34.97356223830841,34.43170684241285,34.6070138939454,13101200
MS,2019-04-03,35.36400604248047,35.57118454614078,35.09307843632498,35.26041527078806,11712100
MS,2019-04-04,35.80228042602539,36.04930370721017,35.32417418343103,35.32417418343103,9119900
MS,2019-04-05,35.778377532958984,36.16086315109155,35.64291216669145,35.961651701664664,8633900
MS,2019-04-08,35.84212875366211,35.850098915027885,35.34808513939128,35.57917118338403,10898900
MS,2019-04-09,35.268394470214844,35.5951011331074,35.02137421273849,35.57916689174971,7436200
MS,2019-04-10,35.419795989990234,35.55525831528529,35.14089813952468,35.316205186118715,6703400
MS,2019-04-11,35.69868850708008,35.92180738106216,35.43573099380957,35.65087970815377,7872700
MS,2019-04-12,37.2047233581543,37.50752556485522,36.55131014982205,36.567247428040524,21641900
MS,2019-04-15,36.71864318847656,37.28440278072829,36.59114498655843,37.02941245634091,11669000
MS,2019-04-16,37.46768569946289,37.52346465606005,36.806302300203456,36.9577049307316,13358600
MS,2019-04-17,38.45576858520508,38.686854546350695,37.55533521614776,38.12906200003277,19610000
MS,2019-04-18,37.8900146484375,38.360153760589405,37.68283609177026,38.081258965128654,19906500
MS,2019-04-22,37.68283462524414,37.810329818168,37.43581135907439,37.746580701843484,7042100
MS,2019-04-23,37.73065185546875,37.81033826868411,37.3322289085695,37.523473260560515,8163700
MS,2019-04-24,37.754554748535156,37.937828917250684,37.491594176209304,37.555343299097565,9042500
MS,2019-04-25,37.68283462524414,38.04141580525662,37.4597157578335,37.61908550891962,5585900
MS,2019-04-26,38.16093826293945,38.18484266008503,37.635020247661984,37.77048559084518,7661100
MS,2019-04-29,38.85856628417969,39.026958019585486,38.28924009749126,38.36942576419294,9702200
MS,2019-04-30,38.69017791748047,38.98686858077372,38.37744950767308,38.89064516057622,8104600
MS,2019-05-01,38.144901275634766,38.98686296354968,38.01660238089428,38.65007951193849,9056300
MS,2019-05-02,38.33736038208008,38.51376949303821,38.008594193932325,38.22509614561332,7680500
MS,2019-05-03,38.537818908691406,38.882622766744475,38.34536903440415,38.51376076260114,5829700
MS,2019-05-06,38.257164001464844,38.37744555849986,37.559538923768145,37.66378273593935,6310000
MS,2019-05-07,37.45529556274414,37.84821266942239,37.08643660309491,37.80009943425145,10365100
MS,2019-05-08,37.31096267700195,37.840196081679736,37.262852495868685,37.2949249303284,7340300
MS,2019-05-09,37.2468147277832,37.27889022111188,36.4770212412194,36.81380474450828,8102300
MS,2019-05-10,37.15860366821289,37.22275158738165,36.65342542212828,37.08643534734366,9749200
MS,2019-05-13,35.426578521728516,36.30061599858718,35.234128584000594,36.2444854040182,16506200
MS,2019-05-14,35.290252685546875,35.75533816513402,35.26619759483975,35.42657200362454,17302200
MS,2019-05-15,35.20204162597656,35.50674956829157,34.36809733789116,34.70488076641408,10703100
MS,2019-05-16,35.506752014160156,35.85957626897792,35.21807873617724,35.330342945638215,9305000
MS,2019-05-17,35.186004638671875,35.53882581787739,34.881293630924915,34.897331374373366,8411700
MS,2019-05-20,35.17798614501953,35.410528849301414,34.7449792839789,34.87327817963667,8951600
MS,2019-05-21,35.5949592590332,35.70722041333247,35.394492038102506,35.47468076180701,5936200
MS,2019-05-22,34.873287200927734,35.522799189952934,34.825173955527156,35.37044516784939,10109600
MS,2019-05-23,34.24781036376953,34.3360164074121,33.79876586360551,34.2798858448916,13128900
MS,2019-05-24,34.44829177856445,34.64074168599841,34.23178677978407,34.50442236429779,6172300
MS,2019-05-28,33.81480407714844,34.53648718334173,33.80678673547365,34.3600750776308,10539500
MS,2019-05-29,33.830841064453125,33.87093694859201,33.33368330177319,33.47000257829511,9808700
MS,2019-05-30,33.54217529296875,34.183669757924875,33.30161219208417,34.04735046349782,7797200
MS,2019-05-31,32.62804412841797,33.10114689725844,32.555875805751214,32.96483065382517,11328600
MS,2019-06-03,32.66012191772461,32.94879522871605,32.41956184486084,32.64408417168205,10133200
MS,2019-06-04,34.063392639160156,34.135560967037314,33.18133801745026,33.221430853184835,11860900
MS,2019-06-05,34.02329635620117,34.215743171783444,33.638399666149645,34.07942693231991,6421300
MS,2019-06-06,34.327999114990234,34.47233572135688,33.79876591127462,33.87895155530665,5741500
MS,2019-06-07,34.239803314208984,34.53649395654727,34.14357990080765,34.21574516669328,7546200
MS,2019-06-10,34.7129020690918,35.15392930980294,34.640733752692746,34.67280923973384,8693100
MS,2019-06-11,35.017616271972656,35.4265711575514,34.80913168675275,35.09780500389366,10654600
MS,2019-06-12,34.1756591796875,34.83319157762463,34.111511244197125,34.83319157762463,8073800
MS,2019-06-13,34.44026565551758,34.65677059911041,34.111499569073665,34.22376071192475,7530900
MS,2019-06-14,34.336021423339844,34.656770163644175,34.08744099665965,34.632712019845,7102600
MS,2019-06-17,34.08744430541992,34.544512375330086,34.03131372925125,34.26385643559974,5658700
MS,2019-06-18,34.75299835205078,35.12987771501918,34.0313151163426,34.135558930142025,10094500
MS,2019-06-19,34.592628479003906,35.210067981575456,34.56857338763343,35.04167622420708,8034300
MS,2019-06-20,34.84922409057617,35.242141224892194,34.47234776133254,34.961485254984375,9922800
MS,2019-06-21,34.94544219970703,35.41854183388611,34.83317800329412,34.94544219970703,18450800
MS,2019-06-24,34.536495208740234,35.20204790120776,34.47234728377592,34.88129909972435,8141400
MS,2019-06-25,34.20772933959961,34.480364905393095,33.87094584832446,34.45630981569838,10232900
MS,2019-06-26,34.47233581542969,34.712895807068485,34.2798859867869,34.3039410682849,7826400
MS,2019-06-27,34.873287200927734,35.001586129774864,34.54452100457648,34.72093011993644,7459800
MS,2019-06-28,35.129886627197266,35.7393058017102,35.07375603450086,35.44261508904521,15445600
MS,2019-07-01,35.24214172363281,36.13221676673305,34.89733782299241,35.755337373268574,12197700
MS,2019-07-02,35.14591598510742,35.22610165298957,34.80111210721731,35.04167216975091,8234800
MS,2019-07-03,35.27421951293945,35.402518433701125,35.137900189005926,35.24214401802715,4470800
MS,2019-07-05,35.45062255859375,35.93976306630482,35.3383614044739,35.67514792572047,6276000
MS,2019-07-08,34.873287200927734,35.25016358379182,34.71291277514689,34.953472884374285,7060200
MS,2019-07-09,35.10582733154297,35.17799567107379,34.49640817686213,34.54452142284528,5941900
MS,2019-07-10,34.72895050048828,35.266201308775464,34.67281991033552,35.08978913464522,5311000
MS,2019-07-11,35.426578521728516,35.546860115169466,34.78508382744876,34.87328992145372,8799200
MS,2019-07-12,35.979854583740234,36.00391272937743,35.5869405586801,35.723256795447554,9565700
MS,2019-07-15,35.62702941894531,36.09211171131002,35.51476828143958,36.09211171131002,7870700
MS,2019-07-16,35.62702941894531,36.132207596607714,35.498730539097814,35.923720005051415,10170900
MS,2019-07-17,35.097808837890625,35.53883620552714,35.009602752585785,35.49072296111877,9131800
MS,2019-07-18,35.62702941894531,35.69919773003994,34.889308565657274,35.01760744550477,11185800
MS,2019-07-19,35.5949592590332,35.85155705711354,35.54684908369754,35.562883769551405,10083600
MS,2019-07-22,35.68316650390625,35.76335217137141,35.2341188129948,35.458644187894095,7091800
MS,2019-07-23,36.164283752441406,36.316640790959156,35.899668623726036,35.899668623726036,9859600
MS,2019-07-24,36.48503494262695,36.653426677460025,35.9718393361526,35.99589442430387,8092200
MS,2019-07-25,35.979854583740234,36.541163392713074,35.763349626326985,36.48503281770448,8733800
MS,2019-07-26,36.677486419677734,36.7015415088752,36.01193373560017,36.07608471864307,8321000
MS,2019-07-29,36.26853561401367,36.66947012629623,36.140236692438755,36.59730179172987,8667000
MS,2019-07-30,36.098819732666016,36.244281985513894,35.69475860425341,36.05033437021123,7339100
MS,2019-07-31,36.00992965698242,36.357422481593105,35.783653323886405,36.12306628215951,8317100
MS,2019-08-01,34.69269561767578,36.155398302622885,34.49874488113745,35.89679629299098,12963900
MS,2019-08-02,34.03811264038086,34.547230585866686,33.32696718941571,34.531067768879915,16089900
MS,2019-08-05,32.72086715698242,33.13300809640961,32.276397509008234,33.07643979262042,15311100
MS,2019-08-06,33.3108024597168,33.39969640666867,32.70471072985436,33.09260906703729,10481200
MS,2019-08-07,32.77744674682617,32.85825775642408,31.896593178142403,32.543090503152875,14108500
MS,2019-08-08,33.35121154785156,33.50475369282095,32.84209357680655,33.141097999217365,9884400
MS,2019-08-09,33.537078857421875,33.79567777307659,32.8501760657282,33.12493779895412,11011400
MS,2019-08-12,32.615814208984375,33.052200959905385,32.45418914389418,32.9471442051855,8775000
MS,2019-08-13,32.88249969482422,33.39970062581098,32.38954761510161,32.640063588802434,10896700
MS,2019-08-14,31.783458709716797,31.977406379139893,31.38747733696882,31.977406379139893,17133400
MS,2019-08-15,31.597591400146484,31.993572817686115,31.322829601765083,31.864273329197395,10818600
MS,2019-08-16,32.27640914916992,32.478439759203454,31.856185110371076,31.945079072024626,9742800
MS,2019-08-19,32.6239013671875,32.99564002480949,32.51076472115827,32.922908883398925,7803000
MS,2019-08-20,32.24408721923828,32.55925448375875,32.18751889395217,32.3572238698105,11350000
MS,2019-08-21,32.27640914916992,32.75320151215875,32.187518270258835,32.71279600670054,9876100
MS,2019-08-22,32.543087005615234,32.66430350698446,32.26024233693621,32.6158181395336,8126000
MS,2019-08-23,31.783458709716797,32.64814951918944,31.60567077712677,32.36530480072871,12310800
MS,2019-08-26,32.454193115234375,32.543087066048805,32.08245757795776,32.19559421254264,10408600
MS,2019-08-27,32.15518569946289,32.599652329151844,31.88042400575197,32.52692120191243,8742900
MS,2019-08-28,32.63197326660156,32.890572107874746,31.799605356183477,31.840013929859765,9881900
MS,2019-08-29,33.367374420166016,33.53707938321086,33.02796141133403,33.04412422915863,12191900
MS,2019-08-30,33.52899932861328,33.83608361734057,33.375454101507366,33.68254147297692,7427000
MS,2019-09-03,33.124935150146484,33.20574614879826,32.607734277452344,33.16534064947237,8675300
MS,2019-09-04,33.561317443847656,33.690616885884765,33.37544968859067,33.48858631503041,6829900
MS,2019-09-05,34.320953369140625,34.83815112230892,34.18357098191304,34.18357098191304,8101600
MS,2019-09-06,34.08659744262695,34.38560181802072,33.94921505431622,34.32095363973587,7012700
MS,2019-09-09,34.83815383911133,35.145241185030926,34.37752436160294,34.37752436160294,11888800
MS,2019-09-10,35.21798324584961,35.403851067894074,34.7977591375453,34.975544007515715,12292700
MS,2019-09-11,35.50889587402344,35.50889587402344,34.9189669130881,35.347273866007775,9877900
MS,2019-09-12,35.815982818603516,35.9129566388253,35.05634890850555,35.161402595936586,13254300
MS,2019-09-13,36.49481201171875,36.729168276801936,36.1473190897658,36.32510702641411,11364500
MS,2019-09-16,36.16347122192383,36.4059072839582,35.84022108405014,35.953360790225176,6289800
MS,2019-09-17,35.72708511352539,35.96144131362956,35.19372453420595,35.96144131362956,9768500
MS,2019-09-18,35.84831237792969,35.95336915960547,35.27454617824482,35.484656658853886,8283800
MS,2019-09-19,35.573543548583984,35.93719919535487,35.48464960351311,35.72708567377974,6403500
MS,2019-09-20,35.29070281982422,36.04225687909697,35.25838026754043,35.73517259457645,22404600
MS,2019-09-23,35.20180892944336,35.3795937413589,34.700770877725276,34.967452719711545,7114600
MS,2019-09-24,34.377532958984375,35.371523294967915,34.24015052668564,35.371523294967915,11246400
MS,2019-09-25,34.781585693359375,34.87855950942999,34.223979314783755,34.223979314783755,6909400
MS,2019-09-26,34.44217300415039,34.757340221100634,34.409850453681635,34.71693472095815,5343800
MS,2019-09-27,34.619964599609375,34.89472634574685,34.3452028534719,34.716938426851314,8005200
MS,2019-09-30,34.48258590698242,34.910892932119054,34.409857840757994,34.80583614300146,6213700
MS,2019-10-01,33.44010925292969,34.466425177595326,33.33505246683597,34.35328544032529,13437200
MS,2019-10-02,32.510772705078125,33.20575865306488,32.39763603126505,33.16535313852353,12052500
MS,2019-10-03,32.526920318603516,32.5673258142522,31.759203570311737,32.365295253267085,12293600
MS,2019-10-04,32.955223083496094,32.987548712093634,32.47035098549946,32.599650417148005,5631400
MS,2019-10-07,32.87441635131836,33.2219091968812,32.769359586144425,32.80976508575225,6323600
MS,2019-10-08,32.179439544677734,32.48652697541713,32.074382750498465,32.36530736038391,8309000
MS,2019-10-09,32.68046569824219,32.85017372929838,32.34913566845365,32.478435117084736,8955700
MS,2019-10-10,33.173431396484375,33.464356019435606,32.930995238272686,33.01988921559034,8207100
MS,2019-10-11,33.88457107543945,34.417931714042986,33.8603283909209,33.94113939447754,14914600
MS,2019-10-14,34.14317321777344,34.19166167414218,33.68254367186903,33.75527481505091,6644500
MS,2019-10-15,34.36944580078125,34.68461305376939,33.868410759690946,34.256309154348834,10112800
MS,2019-10-16,34.57955551147461,34.87048004579261,34.30479379381229,34.41793042765993,10088900
MS,2019-10-17,35.10483932495117,35.96145026118471,35.10483932495117,35.85639347590545,17965100
MS,2019-10-18,35.28261947631836,35.444244552782585,34.93512664087995,35.17756271420532,10493900
MS,2019-10-21,36.349342346191406,36.43823629649491,35.622034092579455,35.622034092579455,14244800
MS,2019-10-22,36.67258834838867,36.86653596089097,36.01800822002455,36.24428146219113,12366600
MS,2019-10-23,37.100894927978516,37.11705774402007,36.44631475063438,36.470560516067685,8328000
MS,2019-10-24,36.979679107666016,37.27868661071306,36.77764851072506,37.17362983713593,7469800
MS,2019-10-25,37.472633361816406,37.54536449828651,36.85846171820166,36.931192854671764,9576400
MS,2019-10-28,37.852447509765625,38.11104639132019,37.55344313098225,37.56960594642214,10276000
MS,2019-10-29,37.8443717956543,37.9251827989784,37.601932620197665,37.601932620197665,7773600
MS,2019-10-30,37.66524887084961,37.689677215219746,37.3151423984089,37.66524887084961,7101400
MS,2019-10-31,37.4942626953125,37.66524556109844,36.908035283195595,37.41284317044942,9414100
MS,2019-11-01,38.53644561767578,38.593439898860815,37.82808279845254,37.87693637059202,9765900
MS,2019-11-04,39.75775909423828,39.89617289710427,38.98426124340944,39.07382457747828,15965900
MS,2019-11-05,39.692623138427734,40.62081936717344,39.63562885111568,39.87174981624032,13894100
MS,2019-11-06,39.53791809082031,39.73332615530424,39.27737193420496,39.68447569216085,7872400
MS,2019-11-07,39.61934280395508,40.36841543207989,39.54606399365978,39.99387756503969,14501500
MS,2019-11-08,40.018310546875,40.018310546875,39.318091413058085,39.60306287172499,7966500
MS,2019-11-11,39.96945571899414,40.21371740536921,39.660055926409264,39.782188322574726,7107500
MS,2019-11-12,39.9043083190918,40.067150440734615,39.708900257884515,39.95316188737118,6400700
MS,2019-11-13,39.399505615234375,39.55420704841305,39.23666347260418,39.50535347383733,7022000
MS,2019-11-14,39.57862854003906,39.66819186531404,39.25294428557644,39.34250761085142,5836600
MS,2019-11-15,39.888031005859375,40.026444804624575,39.668194584918666,39.79032385924876,6439000
MS,2019-11-18,39.920597076416016,39.96945064987753,39.53792162181162,39.765898752721085,6446900
MS,2019-11-19,40.16486358642578,40.38469691168481,40.067156435248876,40.07530025082475,6980100
MS,2019-11-20,39.977596282958984,39.98574009918333,39.3995095692643,39.863607703464915,9138700
MS,2019-11-21,39.76589584350586,40.172999608035624,39.676332518356475,40.099720806182056,8353600
MS,2019-11-22,40.0997314453125,40.107872156142655,39.749621866450546,39.847325926192745,6609800
MS,2019-11-25,40.67781448364258,40.694099009771634,40.15672207133597,40.18114730755167,8461000
MS,2019-11-26,40.23000717163086,40.653395599270766,39.953176396095394,40.64525178195593,10360600
MS,2019-11-27,40.531253814697266,40.604532623804396,40.30327667789977,40.40912453682241,8614000
MS,2019-11-29,40.28700256347656,40.482413806909925,40.19743920631779,40.46612927779412,4138400
MS,2019-12-02,39.96131896972656,40.67781957332002,39.94503444155996,40.368422856023095,8117100
MS,2019-12-03,39.171531677246094,39.44021859446039,38.626010920789774,39.41579335815612,12217700
MS,2019-12-04,39.76589584350586,39.96944772577074,39.22037518393925,39.37507660227191,8608400
MS,2019-12-05,39.953163146972656,40.10786145913518,39.8554591132887,40.010157425451226,6680700
MS,2019-12-06,40.54753494262695,40.90578824867287,40.490540663202424,40.580103989713905,9487300
MS,2019-12-09,40.384700775146484,40.628965570501094,40.24628695667104,40.32770648448532,6382300
MS,2019-12-10,40.44169235229492,40.65338807993733,40.116011156934135,40.327703778620865,10009600
MS,2019-12-11,40.2625732421875,40.53940399718689,40.23814489801141,40.43355612163994,6296300
MS,2019-12-12,41.272186279296875,41.418743910522196,40.278855019382384,40.425412650607704,11553400
MS,2019-12-13,40.90578842163086,41.64671716323778,40.82436580356921,41.31289219407324,10191200
MS,2019-12-16,41.29661560058594,41.62229681750672,41.198908440149395,41.33732536445655,11007500
MS,2019-12-17,41.443172454833984,41.70371866584641,41.33732458599899,41.37803434910296,10446000
MS,2019-12-18,41.24775695800781,41.62229170918001,41.231472433267,41.524587666690636,9513000
MS,2019-12-19,41.410606384277344,41.52459497156003,41.15820086532564,41.239623503353315,9222000
MS,2019-12-20,41.272186279296875,41.88284204075043,41.2477610427446,41.88284204075043,18742900
MS,2019-12-23,41.29661560058594,41.6060122907673,41.28847178423828,41.45131394567662,6547600
MS,2019-12-24,41.272186279296875,41.46759748958257,41.17448222713194,41.3861779637711,2087800
MS,2019-12-26,41.61415100097656,41.76070861769257,41.41059910064383,41.500162433743114,5517400
MS,2019-12-27,41.59787368774414,41.79328491256095,41.467600573184946,41.79328491256095,4116900
MS,2019-12-30,41.49202346801758,41.833992315643044,41.45945441472832,41.81770778899841,4532800
MS,2019-12-31,41.622291564941406,41.630435380261346,41.31289491380465,41.49201847342185,5131600
MS,2020-01-02,42.37136459350586,42.387649118352755,41.663001739465635,41.68743007971375,7808000
MS,2020-01-03,41.687435150146484,41.8909870765574,41.38617916872599,41.70371967697407,6706000
MS,2020-01-06,41.54086685180664,41.55715137445426,41.0849095355387,41.25589236440601,7476700
MS,2020-01-07,41.45945739746094,41.67929386404539,41.28847451432506,41.5571645643581,4538100
MS,2020-01-08,41.988685607910156,42.16781227349335,41.44316800775117,41.49201847585167,6185200
MS,2020-01-09,42.38764190673828,42.542340207530955,42.192230747777266,42.477202119225616,7308000
MS,2020-01-10,42.50977325439453,42.721468945845,42.27365233160562,42.46092279171762,7686800
MS,2020-01-13,42.973873138427734,42.973873138427734,42.3957865281549,42.509775087255996,8334200
MS,2020-01-14,43.03902053833008,43.35656105189807,42.8924629003824,43.20186270337817,9602000
MS,2020-01-15,43.10416030883789,43.10416030883789,42.42836944217478,42.729625461966464,11342500
MS,2020-01-16,45.95387649536133,46.70294911337148,45.31065484251637,45.63633602368794,34590700
MS,2020-01-17,46.825077056884766,46.87393063034799,45.742182579071475,45.807317571066974,15403900
MS,2020-01-21,45.53049087524414,45.98644828317751,44.927978945929205,45.49792492935698,20833900
MS,2020-01-22,45.48163604736328,46.01086911232147,45.47349223220468,45.742182225240796,10276800
MS,2020-01-23,45.21294403076172,45.31065117255935,44.618572894958305,44.96054167933942,10064500
MS,2020-01-24,44.41501998901367,45.27808108601763,44.048625980570705,45.212942992981,9752000
MS,2020-01-27,43.24256134033203,43.71480008089643,43.03900946289191,43.152998017305556,10649100
MS,2020-01-28,43.98350143432617,44.325467186078875,43.46240899015674,43.80437474190944,9232900
MS,2020-01-29,43.7066650390625,44.41502479472672,43.7066650390625,44.3580305101305,9027800
MS,2020-01-30,44.10824966430664,44.141032465846685,42.94448834669516,43.11659336527037,8685900
MS,2020-01-31,42.82974624633789,43.665688882776244,42.526513164190796,43.60012640954924,11286900
MS,2020-02-03,43.10839080810547,43.919747851718775,43.09200253568792,43.14117360561987,8375100
MS,2020-02-04,44.27214813232422,44.74748611601614,44.034477577308685,44.05086897348277,9375100
MS,2020-02-05,45.06711959838867,45.198247658744215,44.56719289130204,44.96057707236868,8237500
MS,2020-02-06,45.08349609375,45.476883298396245,44.75567759166313,45.42770911623078,6976900
MS,2020-02-07,45.09990310668945,45.16546870561659,44.59997635705945,44.75569309134148,7588000
MS,2020-02-10,45.362159729003906,45.370356992126325,44.763887701001835,44.81306190071675,5115100
MS,2020-02-11,45.71455764770508,46.099747650726364,45.64079792641034,45.681777980949036,7120800
MS,2020-02-12,46.042381286621094,46.435765441498226,45.98501295943105,46.07516408111236,7130000
MS,2020-02-13,45.837493896484375,45.8866680886353,45.485086668584586,45.730951376660414,5718400
MS,2020-02-14,45.763736724853516,45.993210048349354,45.517872003059466,45.81291091974815,4579300
MS,2020-02-18,45.5014762878418,45.86207763717198,45.026135161309995,45.73094958956653,6897800
MS,2020-02-19,46.14892578125,46.24727104259475,45.476894097105166,45.78012714328284,6075300
MS,2020-02-20,44.05087661743164,45.493285341315286,43.91974855162404,44.25576441565225,58533500
MS,2020-02-21,42.96087646484375,43.91975308519183,42.69042616897225,43.845993345165056,29536400
MS,2020-02-24,40.71530532836914,41.379142949692714,40.330115250106594,41.231623478287474,28670400
MS,2020-02-25,39.363037109375,41.10048763834849,38.977850230255335,40.96116232998153,25568400
MS,2020-02-26,38.71560287475586,39.789213023854,38.428758058124025,39.51876273391308,22286100
MS,2020-02-27,37.21581268310547,38.691003933078484,37.010924922655356,37.4862660275424,26815200
MS,2020-02-28,36.904388427734375,37.33055541410199,35.806189727647734,35.95370918932651,36978800
MS,2020-03-02,38.092735290527344,38.092735290527344,36.38807060416205,36.96995114305399,23234100
MS,2020-03-03,36.38808059692383,38.453347214052904,35.94552212482178,38.00259460417426,30206600
MS,2020-03-04,37.07649612426758,37.14205859184894,36.23235629740311,37.01093053034663,21938100
MS,2020-03-05,34.904685974121094,36.01107885122645,34.53588730630606,35.65867158268539,23950200
MS,2020-03-06,34.290008544921875,34.61783014363956,33.06068223923826,33.20000438657327,30898400
MS,2020-03-09,30.733179092407227,31.978897660113677,30.200469404269246,30.200469404269246,28177500
MS,2020-03-10,32.37226867675781,32.773850094160075,30.364367842425214,32.6263306450196,27111000
MS,2020-03-11,30.21685218811035,31.84776046894357,29.86444491827714,31.33144233210937,27376200
MS,2020-03-12,25.660144805908203,28.610529113334366,25.578189382307816,27.79097800366986,27964600
MS,2020-03-13,30.733179092407227,30.74957049641739,27.102565952183603,28.086028308408764,33305100
MS,2020-03-16,25.93879508972168,28.90557111263577,24.88157485773466,25.46345545767134,26789900
MS,2020-03-17,27.69263458251953,28.78263600496806,24.67668604882288,26.528870303916136,27047400
MS,2020-03-18,25.20119857788086,26.914060655057078,22.291792538060097,25.684733895160452,27603000
MS,2020-03-19,25.34052085876465,26.963233274993264,23.553899155365173,24.873376967414636,23929600
MS,2020-03-20,24.31608009338379,25.77488154776372,23.922695958439625,25.610970709952188,27472500
MS,2020-03-23,22.791715621948242,24.414427985724135,22.7507386922725,23.889914219490556,26401000
MS,2020-03-24,27.225488662719727,27.35661671424552,24.094802133824803,24.660292833010836,25905500
MS,2020-03-25,27.856544494628906,29.077673936799332,26.430524142071935,27.782784767318383,27198500
MS,2020-03-26,29.26616859436035,30.200456334217115,27.315639256404378,27.700826141751023,26422500
MS,2020-03-27,27.87293243408203,28.463010245535745,27.143532431779214,27.569699392680292,33375400
MS,2020-03-30,28.553163528442383,28.962939122635678,27.02060368153457,27.479550346173667,18046400
MS,2020-03-31,27.864736557006836,28.921958194344104,27.63526325637769,28.2990976264375,17122600
MS,2020-04-01,25.914207458496094,26.561652039349735,25.537213125264447,25.963380088684662,23755100
MS,2020-04-02,27.782787322998047,27.864741193619842,25.610975361782945,25.68473509587847,21656000
MS,2020-04-03,27.741806030273438,28.11060468438521,26.930452117567167,27.504138565481075,16926500
MS,2020-04-06,30.331588745117188,30.73317021146988,29.298955601601286,29.446475068723522,18788700
MS,2020-04-07,30.274221420288086,32.50340177438483,30.208658947347516,32.50340177438483,19536700
MS,2020-04-08,32.26573181152344,32.60174769870323,30.692194913415126,30.905276862656493,15376700
MS,2020-04-09,33.66716003417969,34.29821161773392,32.929562807982265,32.995125269011325,21902200
MS,2020-04-13,32.43783950805664,33.60160076563804,32.16738609881203,33.50325549243085,13369900
MS,2020-04-14,32.66730880737305,33.41310021667758,31.446176238164345,33.20001517039658,14471900
MS,2020-04-15,31.47075843811035,32.298503540631955,30.806921028202964,31.315041753252473,15590100
MS,2020-04-16,31.437990188598633,31.81498305810639,30.380768200059666,31.028214514871,27913000
MS,2020-04-17,32.03623962402344,32.86398452354238,31.29864268279819,32.41323222672165,25074500
MS,2020-04-20,31.437990188598633,32.405061028703074,30.99543171065112,31.29866483383429,16573800
MS,2020-04-21,30.28241539001465,31.25768012569748,29.962790944132863,30.569257039821508,14134900
MS,2020-04-22,30.987232208251953,31.29046527893937,30.683996011224796,31.036403279728983,10449000
MS,2020-04-23,30.708581924438477,31.46256746543122,30.55286520846081,31.224896886768065,8694800
MS,2020-04-24,31.118350982666016,31.29865006813546,30.53646742446815,31.118350982666016,8567500
MS,2020-04-27,32.216552734375,32.4132432346079,31.41339308468922,31.667451908018304,11619400
MS,2020-04-28,32.888587951660156,33.91302687130522,32.65091737198103,33.249189325893006,12778400
MS,2020-04-29,33.723609924316406,34.19486383296523,33.52518573201112,33.9799040284807,15880400
MS,2020-04-30,32.59921646118164,33.16141471049753,32.2437086519423,32.987795497756224,13431700
MS,2020-05-01,31.747650146484375,32.01221363488462,31.34253553083338,31.706309538922323,12806200
MS,2020-05-04,31.49135971069336,31.598839636720953,30.730737151350276,31.416951016342907,13985100
MS,2020-05-05,31.40041160583496,32.50000627236961,31.334272304319704,32.227173374773784,8951200
MS,2020-05-06,30.838212966918945,31.937807619770975,30.631522527256156,31.805525864540623,7817800
MS,2020-05-07,32.086631774902344,32.35946157296042,31.218529221639802,31.218529221639802,9348900
MS,2020-05-08,33.136619567871094,33.21102511365309,32.40906818859793,32.66536236765984,12096400
MS,2020-05-11,32.9299201965332,33.12007501006315,32.49173434863362,32.55787679882435,10106400
MS,2020-05-12,31.764184951782227,33.12834310213591,31.706311881534084,33.045668188594504,13605600
MS,2020-05-13,30.58193016052246,31.648450827046993,30.259490306062453,31.54097402940731,11565900
MS,2020-05-14,31.259870529174805,31.392152315292996,29.37485113468236,29.97838698096202,14986600
MS,2020-05-15,30.829954147338867,31.259870743634092,30.60672804038674,30.805149144002026,9175800
MS,2020-05-18,33.30197525024414,33.6078794876477,31.97915719661015,32.177578327731744,14722400
MS,2020-05-19,32.51655960083008,33.5252073638191,32.483488355132714,33.153163734342684,8895500
MS,2020-05-20,33.946842193603516,34.10392580739235,33.10354474063191,33.1283465865338,12031600
MS,2020-05-21,33.31850051879883,33.839361345404946,32.93819084076403,33.707079581138665,9654200
MS,2020-05-22,33.177955627441406,33.516927877195585,32.905122689083825,33.26063055514874,6468900
MS,2020-05-26,36.1212272644043,36.20390534897536,34.3519572545874,34.6165208175219,19709900
MS,2020-05-27,38.742061614990234,38.79166530857778,37.46058135115681,37.849157284259604,25892400
MS,2020-05-28,36.70823669433594,39.122380393637314,36.609022976450454,39.064507301794265,17615900
MS,2020-05-29,36.542869567871094,37.030659121013386,35.98067133191571,36.38578281868472,13102100
MS,2020-06-01,36.95625305175781,37.262154034358026,36.33618170241237,36.80743567560722,8649500
MS,2020-06-02,37.68380355834961,38.24599866888382,37.10506967985879,37.35309758382745,11179200
MS,2020-06-03,38.78340148925781,39.26292491606378,38.39482237814583,38.84127457127282,11253500
MS,2020-06-04,40.25502395629883,40.304630791118406,38.601500641791404,38.61803625339793,15279600
MS,2020-06-05,40.94951248168945,42.86759967737157,40.70975394761376,42.41288130107424,17976100
MS,2020-06-08,41.46211242675781,41.90029524439765,40.82550535642746,41.7680134605528,12150300
MS,2020-06-09,41.668800354003906,41.90855890423974,40.15582458739554,40.27984013194735,15090400
MS,2020-06-10,40.25502395629883,41.7514636913124,40.188884663718156,41.36288470317262,14770900
MS,2020-06-11,36.848777770996094,39.023162459352164,36.74129784050988,38.138527475291575,17961900
MS,2020-06-12,38.26253890991211,38.81647101114437,37.30349525244008,38.659384235019886,14093100
MS,2020-06-15,39.18852233886719,39.56056273740986,36.87358608126392,36.92319293953151,14758800
MS,2020-06-16,40.147560119628906,41.00739012269766,38.78340168502602,40.875108341160434,13551500
MS,2020-06-17,39.486148834228516,40.32944639079645,39.40347390183513,40.26330707565104,8674400
MS,2020-06-18,39.33732986450195,39.99873870579083,38.833004637442265,38.95701702114548,9825200
MS,2020-06-19,38.79994201660156,40.24677555778022,38.618053362193834,40.06488690337248,20962700
MS,2020-06-22,39.171974182128906,39.36212901385697,38.48576038803354,38.69245083389177,11657400
MS,2020-06-23,39.593624114990234,40.081413728000776,39.3621318084246,39.907794498076555,9672600
MS,2020-06-24,38.816471099853516,39.395205049650656,38.378285156545495,39.34559820120646,12806200
MS,2020-06-25,40.337711334228516,40.39558441130003,38.477497175611234,38.618045175971716,15014300
MS,2020-06-26,38.899139404296875,39.990464653504354,38.53536537250964,39.93259158376197,20082500
MS,2020-06-29,39.056236267089844,39.51922094491216,38.56844658592234,39.3290660731142,9380800
MS,2020-06-30,39.93259048461914,40.12274530194522,38.90740771696151,38.90740771696151,11894300
MS,2020-07-01,39.36213684082031,40.577477913361875,39.06450203498592,40.023545768315316,11363800
MS,2020-07-02,39.51095962524414,40.53614281403267,39.42001529398047,40.39559477760479,7488800
MS,2020-07-06,40.362518310546875,40.81723675412353,40.263307759221156,40.40385577744537,10649600
MS,2020-07-07,39.26292419433594,40.1392897937947,39.180246111658256,40.11448794591459,8750700
MS,2020-07-08,40.436920166015625,40.503062624931715,39.089297527137546,39.378666054126406,12322200
MS,2020-07-09,39.27944564819336,40.55265937996923,38.87433419507544,40.34596896197362,9119900
MS,2020-07-10,41.1727409362793,41.23888340043402,39.28772486171752,39.345597940929764,13386000
MS,2020-07-13,41.519981384277344,42.189656468639114,41.238882227308764,42.189656468639114,14904000
MS,2020-07-14,41.75148391723633,41.81762639570424,40.43693211923283,41.56132902241154,16075600
MS,2020-07-15,42.454219818115234,43.39673097816988,41.71840227480673,43.39673097816988,17424200
MS,2020-07-16,43.520748138427734,44.240030145157846,42.44595824419787,42.64438249804403,25026800
MS,2020-07-17,43.330596923828125,43.826652869501565,42.975089006351666,43.636497985198524,16263800
MS,2020-07-20,42.8758659362793,43.04948515121609,42.454215667037516,42.79318786689568,10423600
MS,2020-07-21,43.3057975769043,43.36367066878454,42.5947817008361,43.07430205553632,11951200
MS,2020-07-22,42.16486358642578,43.28099106688067,42.156597353807335,42.99162561753217,13604000
MS,2020-07-23,41.801082611083984,42.37154718412953,41.59439213701506,42.15659047879024,13527000
MS,2020-07-24,41.486907958984375,41.99949939910677,41.39596365509173,41.80107833047372,6860800
MS,2020-07-27,42.429412841796875,42.63610327970658,41.11486153053731,41.263678898139965,12087100
MS,2020-07-28,41.55303955078125,42.346733139525,41.51170209864298,42.0242965974629,7287900
MS,2020-07-29,41.825889587402344,41.88376267493029,41.23888932599216,41.56132600046123,8074300
MS,2020-07-30,40.75192642211914,41.09326009636636,40.418916565177646,41.09326009636636,9410100
MS,2020-07-31,40.69365692138672,40.81853325658387,40.18581823445847,40.81020943789788,9669900
MS,2020-08-03,41.17652130126953,41.551156690346616,40.5604570399589,40.97671787764052,9912400
MS,2020-08-04,41.0100212097168,41.43460909312056,40.860170212077364,41.209827832933605,6445200
MS,2020-08-05,41.434593200683594,41.59277113385553,41.1598595961132,41.28473908470289,6636100
MS,2020-08-06,41.16819381713867,41.60942924954119,40.99336504307177,41.484552914843924,5701100
MS,2020-08-07,41.917457580566406,42.0173624503151,40.8601580368423,40.968383548677,6225900
MS,2020-08-10,42.10894012451172,42.317070505097526,41.84253031560973,42.04233687833183,6518300
MS,2020-08-11,43.10795974731445,44.01540825658542,42.93313100467571,42.991407252221954,11792600
MS,2020-08-12,43.60748291015625,44.473302972704246,43.216196736394785,43.815613313081634,8949400
MS,2020-08-13,43.44097900390625,43.674084044562,43.04969282067582,43.23284859594419,5728700
MS,2020-08-14,43.540870666503906,43.749001026454515,42.999733636122684,43.02470826305523,5782300
MS,2020-08-17,42.69170379638672,43.54087615308744,42.53352584618647,43.45762526894366,7333000
MS,2020-08-18,42.391998291015625,42.76663364567907,42.16722025403542,42.600128690737776,6450000
MS,2020-08-19,42.76662826538086,43.31609232448876,42.575148702823896,42.61677414236802,5957600
MS,2020-08-20,42.29209899902344,42.516880224634015,42.042343140284366,42.23382273784492,5186300
MS,2020-08-21,42.54186248779297,42.80826920833802,42.042350680725654,42.11727776936761,6408500
MS,2020-08-24,43.599151611328125,43.68240566976991,42.59180132281452,42.7166808225684,7728500
MS,2020-08-25,43.33274841308594,44.03206668037859,43.16624345881286,43.96546660416007,8425500
MS,2020-08-26,43.04969024658203,43.38270014973668,42.96643935870227,43.2827984491174,5920800
MS,2020-08-27,43.798954010009766,44.01540818973604,43.02470880713717,43.091308871738605,8910100
MS,2020-08-28,44.03205871582031,44.123636582896715,43.66575042333199,44.123636582896715,8743800
MS,2020-08-31,43.507572174072266,44.03206160807732,43.499248356435515,44.03206160807732,8026600
MS,2020-09-01,43.77398681640625,43.97379021995821,43.03303993209902,43.22451951709375,5568800
MS,2020-09-02,44.33177947998047,44.514935265924834,43.68241358554962,43.79896611267124,7547100
MS,2020-09-03,43.9155158996582,45.272527043227385,43.45762963918555,44.623158013496116,11029600
MS,2020-09-04,43.8822021484375,44.7563489816134,43.091306184776606,44.48994238818488,9413000
MS,2020-09-08,41.767601013183594,43.532548832553886,41.701000946390465,43.532548832553886,10946600
MS,2020-09-09,42.5085563659668,42.98309344987478,41.98406684003027,42.117270176288336,8808100
MS,2020-09-10,41.86751174926758,42.94978918694538,41.767606871339524,42.73333496973696,8609100
MS,2020-09-11,41.917457580566406,42.41697240185708,41.67602875155105,41.9257845742876,8969700
MS,2020-09-14,42.58348083496094,42.9331383803073,41.87583557404621,42.42529969946038,8812200
MS,2020-09-15,41.95075988769531,42.74165598576884,41.85085819213562,42.59180185452048,7660100
MS,2020-09-16,42.58348083496094,43.216195849509624,41.88416256845037,42.025689715142605,8699700
MS,2020-09-17,41.83421325683594,42.400328237561055,41.6094320283876,41.95076578066439,7533700
MS,2020-09-18,41.692684173583984,42.4086500977161,41.66770636547595,41.934113029296725,10743900
MS,2020-09-21,40.260746002197266,40.86848640295744,39.5531007205701,40.67700681168927,12909900
MS,2020-09-22,39.65300369262695,40.45222364618257,39.07023795222765,40.16084236389181,11164400
MS,2020-09-23,38.645652770996094,40.16084506839724,38.6206781382087,39.84448595787894,8248100
MS,2020-09-24,38.80384063720703,39.47818124584496,38.179449302797956,38.74556436672767,9832700
MS,2020-09-25,39.16181564331055,39.40324766221436,38.22938919288569,38.52909746796384,9816000
MS,2020-09-28,40.27739715576172,40.910112194172065,39.802860082999466,39.869460161655205,9466200
MS,2020-09-29,39.32831954956055,40.17748873865226,39.28669093126859,40.01931078692296,11355600
MS,2020-09-30,40.25242233276367,40.78523888061598,39.578081798203485,39.686307331022896,15047300
MS,2020-10-01,39.344970703125,40.85183599161367,39.045265585027614,40.58542932498179,25275400
MS,2020-10-02,39.936058044433594,40.24409011539696,38.645647157028115,38.703926584762584,12681800
MS,2020-10-05,40.460548400878906,40.701980426545354,39.7778809444425,40.31902125358208,19140100
MS,2020-10-06,39.74457550048828,41.134884800398964,39.519794327437026,40.96005605774265,22980200
MS,2020-10-07,40.552127838134766,40.935087025767075,40.160844831561754,40.277397351639586,12019100
MS,2020-10-08,40.79356002807617,41.201497025716854,39.344970988902936,39.94438758108745,23836600
MS,2020-10-09,40.65201950073242,41.401286818643975,40.56876545930872,41.159854862240685,11381800
MS,2020-10-12,42.242149353027344,42.466927400799214,40.818534936958045,41.018341527643955,17615000
MS,2020-10-13,41.99237823486328,42.65839789491677,41.617746145854575,42.55849304041848,17448000
MS,2020-10-14,42.16721725463867,42.78328141553697,41.94243605782951,42.383671457593245,20330100
MS,2020-10-15,42.733341217041016,43.182900530168176,41.55948254841063,41.5678095440309,21059700
MS,2020-10-16,43.16624069213867,43.51590139128295,42.81658316881204,42.89983405270381,16923300
MS,2020-10-19,42.41697311401367,43.449298045541546,42.28376979459661,43.449298045541546,12677000
MS,2020-10-20,42.849884033203125,43.51590061998546,42.766629974969334,42.92481109770473,11177600
MS,2020-10-21,41.94243621826172,43.13294227860972,41.842531346530414,42.866535638961544,18583200
MS,2020-10-22,43.09964370727539,43.274472481461125,41.72598179394665,41.97573763932882,13264400
MS,2020-10-23,43.18288803100586,43.79895532003649,42.908157595604656,43.499247080822535,11538500
MS,2020-10-26,41.89248275756836,42.69170265696134,41.4595711847761,42.58347714562645,15561400
MS,2020-10-27,40.45222473144531,41.85918509425208,40.44390091279275,41.8342104624765,11593300
MS,2020-10-28,39.60304260253906,40.05260491913009,39.28668358243978,39.59471878592831,13622800
MS,2020-10-29,40.35786437988281,40.61786009182299,39.04111799238052,39.46046405717377,10887800
MS,2020-10-30,40.38304138183594,40.475294860756165,39.42692933370287,40.223687774134916,14907400
MS,2020-11-02,41.414634704589844,41.800432469591954,40.626261742050566,40.99528847323332,16337800
MS,2020-11-03,42.92428207397461,43.15911494836387,42.278488470046184,42.278488470046184,13142200
MS,2020-11-04,43.13394546508789,43.88038110400026,42.362346881484186,42.37912111149266,17378000
MS,2020-11-05,43.77974319458008,44.26618311485536,43.259754811014766,43.61200407748746,9444300
MS,2020-11-06,43.36039733886719,44.131992804395594,43.20104373667855,44.09844754020213,6453900
MS,2020-11-09,46.983543395996094,47.729979036914806,46.17839954956853,46.471940577112775,24243300
MS,2020-11-10,46.7570915222168,47.65449194660496,46.04420441103788,47.46159311886663,15502900
MS,2020-11-11,47.25191879272461,47.52868555574289,46.45516056088461,46.91644063215297,9731600
MS,2020-11-12,46.58935546875,46.908059430659584,46.119689839996035,46.547421494662274,9889500
MS,2020-11-13,47.47837448120117,47.84739796371079,46.89128919588696,46.9332231735471,9919100
MS,2020-11-16,48.736412048339844,48.76157179456946,47.83062279178515,48.44286781177904,12201400
MS,2020-11-17,49.3234977722168,49.39059149589386,47.97320259004379,48.23319516840879,9599100
MS,2020-11-18,49.3234977722168,50.43057140742603,49.289949310699576,49.48284816538752,11536700
MS,2020-11-19,49.172542572021484,49.222862074842936,48.52674895782947,49.113834352491125,7220200
MS,2020-11-20,48.48479461669922,49.26477857654648,48.23318441079494,48.94607466192929,7739900
MS,2020-11-23,50.54799270629883,50.96733891770065,49.15576341241908,49.206082910198376,12647400
MS,2020-11-24,53.3408317565918,53.391154448960776,50.858303188155325,51.27764935982462,22357700
MS,2020-11-25,53.24018478393555,53.483406309479406,52.20859367831105,52.83761287925455,11509700
MS,2020-11-27,53.5421142578125,53.64275643366514,52.896320830656954,53.24018453089748,5581500
MS,2020-11-30,51.85634994506836,53.53373465829419,51.65506237176398,53.324061569140966,15610700
MS,2020-12-01,53.07244873046875,53.50856911869341,52.64471705704382,52.93825808788865,15857200
MS,2020-12-02,53.69308090209961,53.89437167118936,52.74536085948239,52.896325736942316,10790700
MS,2020-12-03,53.72663497924805,54.19630709083393,53.525350587834346,53.72663497924805,11757900
MS,2020-12-04,54.51499557495117,54.67434914806643,53.911136138634404,54.10403816917992,10169700
MS,2020-12-07,53.89436721801758,54.66596257296213,53.575663258674034,54.12920003050381,10402100
MS,2020-12-08,53.60082244873047,53.9950056371334,53.18147631685201,53.231799004445975,6386200
MS,2020-12-09,53.986629486083984,54.87564133959044,53.76017896573221,54.26339310170351,10145500
MS,2020-12-10,54.04533386230469,54.137590527206484,53.11438489736075,53.340829002937774,8888000
MS,2020-12-11,53.105995178222656,53.441473371636846,52.586006857852105,53.17309209664836,9034200
MS,2020-12-14,51.898284912109375,53.9279221174595,51.881510680734536,53.885984939343665,10236600
MS,2020-12-15,53.634368896484375,53.70146261140404,52.13310903279293,52.40987900514858,9718800
MS,2020-12-16,53.86920166015625,53.986618053727966,53.33243597626775,53.475012111502906,8806400
MS,2020-12-17,54.23823928833008,54.305336220123905,53.73502509730757,54.02018385807354,7197500
MS,2020-12-18,53.8272705078125,54.45628971455756,53.131154383323214,54.372421766734405,15499800
MS,2020-12-21,56.88850021362305,57.282686618202085,55.18595586934717,55.36208048440525,14787800
MS,2020-12-22,55.89045333862305,57.240748428841584,55.84851616490373,57.240748428841584,9807000
MS,2020-12-23,57.207191467285156,57.84459930054196,56.16721498049707,56.192374721503604,8772500
MS,2020-12-24,57.106563568115234,57.51752745927537,56.82979993369382,57.33301410385088,3126700
MS,2020-12-28,57.07301712036133,57.73557844765672,57.00592019650121,57.50074561286117,7417100
MS,2020-12-29,56.78786087036133,57.44203990974519,56.452382635142264,57.29107502383237,4701300
MS,2020-12-30,56.89688491821289,57.19043235434797,56.67044080326425,56.88850260193996,5283200
MS,2020-12-31,57.4755859375,57.651710563815485,56.53625459715073,56.863344102981614,5297400
MS,2021-01-04,57.30784606933594,58.64975246197461,56.79624325734332,58.10460119032672,14014600
MS,2021-01-05,58.280723571777344,58.77555533434279,57.098170808125566,57.16526772486566,11120400
MS,2021-01-06,61.794864654541016,62.8012931113183,59.178141708717554,59.89103546421055,18334300
MS,2021-01-07,62.851619720458984,64.16836672560461,62.734203279137674,62.734203279137674,13530400
MS,2021-01-08,63.11159896850586,63.18707820818144,61.93742840562791,62.45741996312502,12896700
MS,2021-01-11,63.79096221923828,64.15998904039347,61.78648725654037,62.264541820892646,9077500
MS,2021-01-12,63.572879791259766,64.72188416320027,63.338040569045404,64.21028134112657,11831100
MS,2021-01-13,63.371585845947266,64.10125042406585,62.91030893687716,63.58125891335573,9852200
MS,2021-01-14,64.13481140136719,64.44512350652539,63.505792076361566,63.614819789158304,9854300
MS,2021-01-15,63.10319900512695,63.37996896536545,62.18902758330807,62.96062286756663,12882600
MS,2021-01-19,62.89353942871094,64.24383466476823,62.64193555536353,64.17673773905625,14897700
MS,2021-01-20,62.767723083496094,65.2167092449185,62.31483491260543,64.16834396306925,16133000
MS,2021-01-21,62.65031051635742,63.64835637332019,61.845166698489486,62.90192075887864,13591300
MS,2021-01-22,62.17226028442383,62.650314657844426,60.729714847914344,60.8471312625289,15460000
MS,2021-01-25,60.70454788208008,62.080002776433425,60.31875018231898,61.66065661599119,15933100
MS,2021-01-26,59.72328567504883,61.49292716987693,59.6645774623694,61.00648403698151,10899700
MS,2021-01-27,57.38330841064453,58.92650510689141,56.905254199048294,58.48199934507363,17002600
MS,2021-01-28,58.43708419799805,59.659438412139735,57.872272605621696,58.53824707504475,14986200
MS,2021-01-29,56.52345657348633,59.06089558989086,56.35485180772933,58.17574468821981,17566100
MS,2021-02-01,57.04612731933594,57.42548329871779,56.708924148201696,57.22315753706792,11961600
MS,2021-02-02,59.8111686706543,60.1652354603327,58.18416967484753,58.268475272913044,13893900
MS,2021-02-03,59.51612854003906,60.13152478033566,59.2716564134344,59.7437434031192,8014300
MS,2021-02-04,60.94081115722656,60.96610026942639,59.65944039843434,59.79432423898743,8889400
MS,2021-02-05,61.72480010986328,62.146302425356346,61.15998855069015,61.62363723876357,8832200
MS,2021-02-08,62.576263427734375,62.626841669170396,61.87656774032028,62.07888713768204,9018100
MS,2021-02-09,62.58465576171875,62.955579820475556,61.851245922140514,62.29803730294433,7429900
MS,2021-02-10,62.660526275634766,63.10731763333808,62.00298379210055,62.88813466162202,7465900
MS,2021-02-11,62.146305084228516,63.03145612566538,61.35387863908154,62.66053844566026,6972900
MS,2021-02-12,62.89657974243164,63.24220831708349,62.28118349560134,62.28118349560134,7281200
MS,2021-02-16,64.11051940917969,64.42242707768573,63.46140209328476,64.27911780125774,8550600
MS,2021-02-17,63.604698181152344,63.98405413209234,62.98087654187453,63.2253486618274,7807200
MS,2021-02-18,63.08203887939453,63.689003250451876,62.525652728720296,63.35180010746279,7155800
MS,2021-02-19,64.06834411621094,64.37182626076422,63.58783179260392,63.6046890532506,7685300
MS,2021-02-22,65.24855041503906,65.74591998918143,63.71428246281702,63.815438887868886,11193700
MS,2021-02-23,65.3328628540039,65.6363450540485,64.28753884919213,65.13054353117927,12174600
MS,2021-02-24,67.33921813964844,67.52468021653006,65.45932112023772,65.48461023406414,12681500
MS,2021-02-25,66.11685180664062,68.62057652690957,65.84709058875795,67.86187109173493,11674600
MS,2021-02-26,64.8017807006836,66.47092658776347,64.34655734103922,65.788094764105,30392200
MS,2021-03-01,66.73225402832031,67.05259349360624,65.78808646465579,65.79651831236775,11450000
MS,2021-03-02,68.10633850097656,68.74702376109555,67.10316102637617,67.28019121043253,11955500
MS,2021-03-03,69.17698669433594,69.91883519397553,68.41828735660286,68.41828735660286,13053000
MS,2021-03-04,68.3761215209961,70.37404526142208,67.28021268144772,69.244415457252,15809900
MS,2021-03-05,68.17378234863281,69.59845570799257,66.07469632448844,69.47201016693586,16362500
MS,2021-03-08,68.36768341064453,69.93567274806355,68.10635399827996,69.06737889132829,10151900
MS,2021-03-09,68.15692138671875,69.40457103859711,66.9598563849047,67.60896710426127,11588700
MS,2021-03-10,70.0452651977539,70.32345832316905,68.63744873633718,68.90721001296563,10775800
MS,2021-03-11,70.18013763427734,70.65221818367036,69.53945229466174,69.59003694753606,8951500
MS,2021-03-12,71.0990219116211,71.72285009584826,70.63537312950311,71.27605857985868,8691300
MS,2021-03-15,70.69436645507812,71.7228330988213,69.9440928736487,71.5710920131606,9018400
MS,2021-03-16,69.58162689208984,70.55950925517915,68.99151958892031,70.3993426938247,9472000
MS,2021-03-17,70.69436645507812,70.93040671463596,69.5057268788001,70.47518345765383,8049300
MS,2021-03-18,70.7618179321289,73.03792809309994,70.58478771353033,71.42779242968487,10227400
MS,2021-03-19,69.91878509521484,70.48359648428816,68.6205575826794,69.64059210718304,11557600
MS,2021-03-22,69.0589370727539,69.60689136323487,68.69644482812326,69.52259218737969,7169900
MS,2021-03-23,66.69852447509766,69.05893343270132,66.47090963750976,68.40139089142876,10235500
MS,2021-03-24,66.87556457519531,68.65430501152831,66.84184361531038,67.52467536603754,8459000
MS,2021-03-25,67.54996490478516,67.76071608168571,66.01569659421371,66.84184403757472,11363800
MS,2021-03-26,67.42351531982422,68.90719888588863,66.63952073128155,68.81446785905771,11107400
MS,2021-03-29,65.65320587158203,66.47092148643091,64.06835929904004,64.91136402665899,21931700
MS,2021-03-30,66.67323303222656,67.47409128888714,66.17586338820375,66.31917263157152,12063000
MS,2021-03-31,65.46775817871094,66.59738156362695,65.45932632955915,66.31918842616562,12085500
MS,2021-04-01,65.9398193359375,65.99039755266632,65.33285500873352,65.65319443404027,13195600
MS,2021-04-05,65.7543716430664,66.85870582664695,65.61106237666293,66.76597478800566,10458800
MS,2021-04-06,66.67323303222656,66.69009672651389,65.34129060619833,65.58576272044535,9445000
MS,2021-04-07,66.6310806274414,67.20432398063006,66.13370459683252,66.6310806274414,8329300
MS,2021-04-08,67.60897827148438,67.85345042039545,65.88925424399923,66.17587277137481,9352700
MS,2021-04-09,68.04735565185547,68.05578750159606,66.9093003383179,67.8450362793996,10693500
MS,2021-04-12,67.59211730957031,68.34239098033107,67.03573111869669,68.24122810064074,8939700
MS,2021-04-13,67.04415893554688,67.46566126149058,66.56364654123566,67.35607297212664,7085200
MS,2021-04-14,68.10633850097656,69.16852603692908,66.85026351984463,67.11159287274485,10585500
MS,2021-04-15,68.13163757324219,68.62901367591027,67.31392200946968,68.57842902191412,9930800
MS,2021-04-16,66.25174713134766,68.85663542521232,65.5520580038351,68.28339187810676,29086400
MS,2021-04-19,67.46564483642578,67.75226969272616,65.847077842443,66.00725074542302,15151000
MS,2021-04-20,65.15583801269531,67.12846604395301,64.57416267606587,66.85870478074813,13052800
MS,2021-04-21,66.8081283569336,66.8839956994377,64.27911403427365,64.68375915581028,11075900
MS,2021-04-22,65.99884033203125,67.01887527192325,65.88082018570428,66.5299309905026,9871700
MS,2021-04-23,68.24121856689453,68.5362753168661,65.99882971576675,65.99882971576675,12002000
MS,2021-04-26,68.72174072265625,69.48044624349002,68.60372057848383,68.96621285890355,8033500
MS,2021-04-27,69.09264373779297,69.16851748249876,68.45195855691085,68.6289951506865,7057400
MS,2021-04-28,69.74180603027344,69.92726172651886,69.18541964668405,69.46361283847874,7228200
MS,2021-04-29,70.80847930908203,70.9354685489079,69.53013215699947,70.43597926131044,9974800
MS,2021-04-30,69.88570404052734,70.50370844367264,69.61479667361273,70.17354029208738,9298600
MS,2021-05-03,69.80950164794922,70.68148445511675,69.67405120611704,70.35978400419238,6759000
MS,2021-05-04,69.96187591552734,70.12272934398194,68.36182867743928,69.49625096944268,8802700
MS,2021-05-05,71.54500579833984,71.82437435205418,69.6232513937704,70.19046909008371,9424400
MS,2021-05-06,73.50909423828125,73.57682269635126,71.45188915172864,71.90057888329528,11887900
MS,2021-05-07,74.24562072753906,74.53346344680176,72.24767641362612,72.36620444551639,9947600
MS,2021-05-10,73.20431518554688,75.24458472046317,73.1704509599584,74.5588519143831,9344500
MS,2021-05-11,71.89208984375,72.7556112801363,70.97777530837837,72.01061138067529,10397800
MS,2021-05-12,70.84235382080078,72.96728760160057,70.5714464173518,72.29848353644232,12602200
MS,2021-05-13,71.84130859375,72.5101124961014,70.61376113358706,70.8508042465338,8639700
MS,2021-05-14,73.94931030273438,74.14402798916447,72.47625198331026,72.47625198331026,7755900
MS,2021-05-17,74.57576751708984,74.60117052596283,73.06038406024693,73.47520944668673,7157900
MS,2021-05-18,73.62760925292969,74.98214599898446,73.54295191735264,74.69430976623438,6631700
MS,2021-05-19,72.8487548828125,72.89108032313601,71.38415771806989,72.22227636019096,10165600
MS,2021-05-20,73.20431518554688,73.6784014259044,72.23073969143502,72.95880439423584,7722100
MS,2021-05-21,74.78744506835938,75.1599451790765,73.42444680465985,73.60222918688153,9326800
MS,2021-05-24,75.93032836914062,76.3620827377037,74.77050279680265,75.10067094167606,7788800
MS,2021-05-25,75.22767639160156,77.33567495366337,75.12608368707794,76.42982766322378,10599600
MS,2021-05-26,75.6424789428711,76.06577206114002,74.45725691992999,75.05833883173943,8665200
MS,2021-05-27,76.44673919677734,76.971618525959,74.9990710587728,76.27741807531523,21840900
MS,2021-05-28,76.99702453613281,77.27639957665257,76.10811276030789,76.65839516949922,9484800
MS,2021-06-01,77.97905731201172,78.99495819336184,77.77587842752975,78.2161004203974,9576400
MS,2021-06-02,78.52932739257812,78.85949545044028,77.5134202108229,78.3176808704132,6878400
MS,2021-06-03,79.02882385253906,79.51137774878526,78.02139062360355,78.16530873360286,7926800
MS,2021-06-04,79.54524993896484,79.723032291286,78.42775625370255,79.46059259866064,6406800
MS,2021-06-07,78.91030883789062,79.8076882557387,78.51241224048526,79.77383048735355,6773800
MS,2021-06-08,78.55472564697266,78.89336138157506,77.6234822210206,78.18222569301606,7036300
MS,2021-06-09,78.4531478881836,78.91877291905759,77.70815429772586,78.20763709544464,7811700
MS,2021-06-10,77.6150131225586,79.56216371647093,77.48802391705313,79.1557995506413,6584900
MS,2021-06-11,77.92826843261719,78.36002277819308,77.62349685989265,77.64889341446293,6509400
MS,2021-06-14,76.80229949951172,77.79280378275804,76.09963141798552,77.70814645630742,10163100
MS,2021-06-15,76.78536987304688,77.2086629957405,76.10810475210137,77.11553799203266,7459000
MS,2021-06-16,77.1240005493164,77.58115786658675,75.72713204525812,76.61605012755159,11370300
MS,2021-06-17,74.42340850830078,77.67429696490531,73.70380494964732,77.66582929297235,11131600
MS,2021-06-18,71.1894302368164,73.56834184351422,71.03705092187174,73.13658107435069,22453900
MS,2021-06-21,72.755615234375,73.18736951709448,71.29948603422223,71.59578989263943,10672700
MS,2021-06-22,72.55245208740234,72.99268063356847,71.94291530330885,72.6879090120509,9664100
MS,2021-06-23,72.69637298583984,73.07733426388296,72.44239449451688,72.84029111675024,7139000
MS,2021-06-24,73.72075653076172,73.98319628801572,72.67098458386042,73.19587055731107,7953500
MS,2021-06-25,74.8382339477539,75.02448397648214,73.415968634396,74.10170150476708,11139000
MS,2021-06-28,74.24562072753906,74.66891390491145,73.17045889894739,74.55039233196248,6174600
MS,2021-06-29,76.7345962524414,77.57271503971724,76.00653137979626,77.11555757603712,15413700
MS,2021-06-30,77.62348175048828,77.80973172633757,76.30280303943842,76.33666725858733,9780300
MS,2021-07-01,77.90289306640625,78.0806819293757,77.08170952179125,77.8182357014807,6792200
MS,2021-07-02,77.9113540649414,77.95368597324853,77.3187461022958,77.80130014586219,4818000
MS,2021-07-06,76.37055969238281,77.79282512738747,75.9049410396789,77.6743035460489,6701200
MS,2021-07-07,76.21815490722656,76.58218723327808,74.98213982454797,75.88798680440544,6771600
MS,2021-07-08,74.19480895996094,75.04139510186732,73.61066245518482,74.58423781016512,8778800
MS,2021-07-09,76.47215270996094,76.71766354632419,75.01602303715373,75.65096285083536,7306500
MS,2021-07-12,78.52088165283203,79.17275028122334,75.98959034929275,76.39594816833275,11951100
MS,2021-07-13,78.91030883789062,79.1812161975584,77.66582593415586,78.28383677971033,12280100
MS,2021-07-14,78.27538299560547,79.43520876626945,77.41186765188033,78.83413315720685,12572000
MS,2021-07-15,78.4192886352539,79.62990733335543,77.29333373645514,77.34412684888396,12465900
MS,2021-07-16,77.25099182128906,79.08808235061954,77.12400259774,78.8595069153834,12595400
MS,2021-07-19,75.6424789428711,75.93032162194298,74.14402414613284,75.77793584100854,14043000
MS,2021-07-20,78.1568374633789,79.24046676231225,75.346171547168,75.46469309805506,11522300
MS,2021-07-21,81.00138854980469,81.31462784897685,78.88492250958085,78.93571562768484,14116900
MS,2021-07-22,80.90825653076172,81.46700661735484,80.29024565852458,80.78126728754135,9235300
MS,2021-07-23,80.04472351074219,82.26277510234253,79.73995197833393,81.50931394137206,13222800
MS,2021-07-26,81.72943878173828,81.83103145873648,79.8754127949001,79.89234813720344,11420600
MS,2021-07-27,81.67863464355469,82.16118849099026,80.86590625519398,81.1706777860943,8972900
MS,2021-07-28,81.33154296875,82.02574345408165,80.89132094883216,81.70404299563941,10054000
MS,2021-07-29,82.10760498046875,82.59370085058708,81.46800480892624,82.00527311708557,9016200
MS,2021-07-30,81.85176086425781,82.90070140013364,81.46799689480301,81.8176480776608,8320800
MS,2021-08-02,82.06495666503906,83.91553132455746,81.8517566395734,82.48282689317422,9409600
MS,2021-08-03,82.38048553466797,82.74718982535101,80.87103227220642,82.50840684655242,7044800
MS,2021-08-04,82.11612701416016,83.1821271989327,81.49358004345953,81.67266729373947,7137500
MS,2021-08-05,83.42942810058594,83.51470680191174,82.5851513903212,82.5851513903212,5675000
MS,2021-08-06,85.04976654052734,85.26296658985486,83.8217321743691,84.11168111840693,9317900
MS,2021-08-09,85.91107940673828,86.1242794296401,84.4016261073867,84.91330486108139,8297700
MS,2021-08-10,87.01973724365234,87.77872893651143,85.7831729922222,85.91109432945284,8490500
MS,2021-08-11,88.58887481689453,88.63151742576783,86.85769160075652,87.22439591548147,8793200
MS,2021-08-12,89.2625961303711,89.30523874327284,88.27335127327338,88.29040441462452,6302100
MS,2021-08-13,88.64005279541016,89.34787200001826,87.57405257035991,89.11761881420098,8312200
MS,2021-08-16,88.45243835449219,88.53771707377139,87.14765508110757,88.01750842791424,6540300
MS,2021-08-17,87.72754669189453,88.56328712788277,86.6444869452579,87.6763742627077,6492900
MS,2021-08-18,86.35454559326172,87.88958196980666,86.23515409196429,87.3096776036411,7839800
MS,2021-08-19,85.04976654052734,85.91961987898998,84.17990669571553,84.89626224475757,10644700
MS,2021-08-20,85.84286499023438,86.1498670539881,84.8621435305376,85.10092652809534,6496900
MS,2021-08-23,87.1220703125,87.73608098240958,86.7468361478199,86.97708933574236,5430700
MS,2021-08-24,87.9151611328125,88.21364637950111,87.43759514826841,87.57404629033732,5339700
MS,2021-08-25,88.7679443359375,89.51841246160903,87.87250828555305,88.0686486319646,5612100
MS,2021-08-26,88.55474853515625,90.0983209535149,88.40977409723925,89.23699113506204,6882800
MS,2021-08-27,89.92774963378906,89.94480927587095,88.41829662689662,88.59738383067389,5900600
MS,2021-08-30,88.7679443359375,90.23476130191659,88.58885712586061,90.08125704951536,6459700
MS,2021-08-31,89.05792236328125,89.29670537080365,88.15395626156105,88.92147121249761,7215100
MS,2021-09-01,88.95557403564453,89.61223373912296,88.32450379983332,89.15172091633697,5762400
MS,2021-09-02,89.39904022216797,89.978944577521,88.99822311542191,89.5525445075952,5708400
MS,2021-09-03,88.9043960571289,89.82542157780527,88.4950492124903,89.3222662168192,7195400
MS,2021-09-07,88.84468841552734,89.85952231657124,88.75087991174952,88.75940973200564,6792100
MS,2021-09-08,88.32449340820312,89.17729338569137,87.898093419459,88.56327636088423,5601000
MS,2021-09-09,88.55474853515625,89.7401465164208,88.09424226251961,88.13687835854645,6145700
MS,2021-09-10,88.36714935302734,89.36492391582883,88.01749818641316,89.05791535706706,5958600
MS,2021-09-13,89.0323257446289,89.13465758567351,88.02602143415311,88.55475329647817,6112200
MS,2021-09-14,86.90885162353516,89.88512181889747,86.69565162230738,88.98967921120176,8400600
MS,2021-09-15,87.87252807617188,88.12836421689505,86.82358103079538,87.12206628782893,6691900
MS,2021-09-16,87.38643646240234,88.8361941820678,86.77241928492315,88.27334944027794,5881600
MS,2021-09-17,86.77240753173828,88.5973991696375,86.48245862961795,87.09646921758129,17485600
MS,2021-09-20,84.11168670654297,84.64042520628875,82.61076294413162,84.21402507930493,15443800
MS,2021-09-21,83.83023834228516,85.04974254056384,83.53175315237606,84.7938999510267,8985600
MS,2021-09-22,85.96223449707031,86.83208755225799,84.79389626494898,84.79389626494898,9497700
MS,2021-09-23,88.30746459960938,88.68269226876083,86.64450028156239,86.78095143859875,6087900
MS,2021-09-24,87.76167297363281,88.80208376733853,87.67638774732069,88.17101343199424,5529300
MS,2021-09-27,89.62930297851562,90.19215425403394,88.546249547919,88.56330268974558,8195200
MS,2021-09-28,87.01973724365234,90.35418279772715,86.74684142719009,88.92147813471293,14183500
MS,2021-09-29,84.89625549316406,86.65302167787974,84.52102135415737,86.20103865026637,11543000
MS,2021-09-30,82.9859848022461,85.60408113776576,82.08201867857095,85.4761663137356,12258400
MS,2021-10-01,84.46984100341797,85.20324951004143,82.77276435097546,83.51470267921479,7912700
MS,2021-10-04,82.84953308105469,85.71494200897459,82.69602879897509,84.4698546127062,9482100
MS,2021-10-05,84.59774780273438,85.04973721680363,83.12240761361605,83.76200754107526,8850300
MS,2021-10-06,84.51248931884766,84.81949787793516,82.90922745966165,83.76202756682731,6912700
MS,2021-10-07,84.25663757324219,86.06456930126386,84.16282905833383,85.75756079908145,7959600
MS,2021-10-08,85.31411743164062,85.86843876312885,83.90699605366221,84.44425774066575,5301100
MS,2021-10-11,82.96891784667969,85.8599095026901,82.90069228099053,85.34823077271754,7003900
MS,2021-10-12,83.38679504394531,84.18842924215464,82.45724603227585,82.96892480516216,7913300
MS,2021-10-13,84.06050109863281,84.58070965230411,82.44870951638835,83.6767436767072,10170900
MS,2021-10-14,86.1413345336914,86.62743030002684,83.41237048060901,86.32042176272573,14766800
MS,2021-10-15,87.1050033569336,88.02602904404601,86.85769054244886,87.37789913389113,11678100
MS,2021-10-18,86.4824447631836,88.64002756350072,85.74903629661017,86.78092343996414,8924300
MS,2021-10-19,86.77240753173828,87.3693649810144,86.38865010096767,86.60185011947317,6189500
MS,2021-10-20,85.84286499023438,86.91738847924422,85.22031802687421,86.20103948657099,7426900
MS,2021-10-21,85.518798828125,86.77241610176584,84.91331149653057,85.58702440230859,5931400
MS,2021-10-22,86.81505584716797,87.19028348009682,85.76610882434615,85.91108328494022,6761500
MS,2021-10-25,86.90885162353516,87.6166706827871,86.69565162230738,87.24144310494266,3836000
MS,2021-10-26,88.2392349243164,88.67416483424029,86.72125165768486,87.08795599225813,7649500
MS,2021-10-27,86.874755859375,88.55476673279387,86.84064307173492,87.81283474725608,7542400
MS,2021-10-28,88.01683044433594,88.12845918787076,86.55704173068402,87.49302244148467,6663000
MS,2021-10-29,88.25724792480469,88.71235820131571,87.52735371428518,87.68192008662531,8056900
MS,2021-11-01,89.30487060546875,89.58824340183324,88.17997481254861,89.2104130066806,5432400
MS,2021-11-02,89.87162780761719,90.45553805538495,88.7639030025804,89.24477334844427,7191700
MS,2021-11-03,88.11127471923828,89.93172246603213,87.4844203585898,89.63976083666955,9009000
MS,2021-11-04,85.68975067138672,87.8536737303702,84.29865306473287,87.78498264777147,14823800
MS,2021-11-05,85.75843811035156,87.57029704475849,85.6382205408866,87.01214030003338,8449600
MS,2021-11-08,85.93016815185547,87.41572306159799,85.84429940275625,86.26506085929839,7332000
MS,2021-11-09,85.62103271484375,86.1362517445627,84.39309064247482,85.40635757318041,8756900
MS,2021-11-10,83.95515441894531,85.54375576321733,83.91222331994904,84.78809504558767,9191500
MS,2021-11-11,84.90831756591797,85.27755910596105,83.69755306108483,84.18701216752649,6249600
MS,2021-11-12,85.74127197265625,85.77562079018051,84.19561449226694,85.19170399500221,7270300
MS,2021-11-15,86.05039978027344,86.55703662011652,85.83572459674276,85.89583338607669,5652200
MS,2021-11-16,86.46257781982422,87.2096432553074,85.44931070551415,85.87007222503418,6448500
MS,2021-11-17,83.87786865234375,86.41103261401874,83.59449590302188,86.30799274253091,9670700
MS,2021-11-18,83.87786865234375,84.37591653575214,82.85601291765501,84.09254378643028,6850200
MS,2021-11-19,83.2166976928711,84.04963196592499,81.53363835925911,82.62419204428966,9923400
MS,2021-11-22,85.28614807128906,86.32517506888819,83.99809709968197,84.40168745233743,10430400
MS,2021-11-23,87.46724700927734,87.69909329760699,86.02462968365425,86.13625840746246,8559200
MS,2021-11-24,86.83180236816406,87.78496050709465,85.96451297434972,87.45006126382025,7146400
MS,2021-11-26,84.09256744384766,84.29007150537096,82.32364593776806,84.1956138956903,11738200
MS,2021-11-29,83.49148559570312,85.52660239460053,82.40093185961615,85.04573202040832,13793400
MS,2021-11-30,81.42198181152344,82.86459892533517,80.61480123850826,82.80449015189988,20586200
MS,2021-12-01,81.79981994628906,84.67646560929842,81.79981994628906,83.27678600765557,11708200
MS,2021-12-02,84.89115142822266,85.65539452443159,81.83417904338695,82.43526691073114,10685800
MS,2021-12-03,84.33300018310547,86.61714733120577,83.16516663467878,85.90442413374288,9811800
MS,2021-12-06,85.24320983886719,86.47974085964111,84.83962604032135,85.87006419005563,9624500
MS,2021-12-07,88.01683044433594,88.5406384471872,86.16203360446252,86.18780013115554,10674400
MS,2021-12-08,86.94343566894531,88.5835569580718,86.92626453956221,88.15420665847206,9089700
MS,2021-12-09,86.36808776855469,87.4328744297317,86.08471506434466,86.5312363895595,7749600
MS,2021-12-10,84.52190399169922,86.95202836759195,84.47896633928774,86.67724442570993,10429000
MS,2021-12-13,83.43992614746094,84.32438661567132,83.12221115482124,84.2814555214209,10057100
MS,2021-12-14,84.8567886352539,85.38918533817298,82.92471238531519,83.0792787473649,11105900
MS,2021-12-15,85.38059997558594,85.72408152205952,83.40558599688701,85.11440488896756,7055000
MS,2021-12-16,86.12767028808594,87.08941073915665,85.57810244422683,86.97778202290465,7889900
MS,2021-12-17,83.40560150146484,85.45789577016203,83.13081752347848,85.41496466347569,20851400
MS,2021-12-20,81.89427947998047,82.34080091428396,80.89818362838429,82.10036579186163,11931400
MS,2021-12-21,83.95515441894531,84.59059757720037,82.49536602575905,82.58982361546276,8235100
MS,2021-12-22,84.41027069091797,84.73657455691,83.68895878798088,83.88646280645342,4798400
MS,2021-12-23,85.30332946777344,85.8443151338295,84.81387030171169,85.01996319895534,4482200
MS,2021-12-27,86.21354675292969,86.3251754791744,85.10582212591888,85.62963004763793,4196000
MS,2021-12-28,85.84431457519531,86.72877529483485,85.50942180856222,86.38529368636414,4269700
MS,2021-12-29,84.77951049804688,86.30799647054646,84.74516168894553,85.91299499292924,6923100
MS,2021-12-30,84.83961486816406,85.84429291455822,84.77091725353067,84.89113480345655,3564900
MS,2021-12-31,84.29005432128906,85.19168602347153,83.70613764929035,84.77951340286403,5124800
MS,2022-01-03,86.03324127197266,87.07226852655509,85.26899803057428,85.29475800815909,8481900
MS,2022-01-04,89.52813720703125,89.88878993027699,87.57030065070703,87.58747178218071,8967000
MS,2022-01-05,87.31266021728516,90.18930535518322,87.21820264562412,89.0472322079103,10288800
MS,2022-01-06,88.80683898925781,89.48521343664461,86.40248057650412,89.40793350597183,10059200
MS,2022-01-07,89.3478012084961,89.75997383307309,88.38605416554019,88.88410209232266,6128400
MS,2022-01-10,89.41650390625,90.24944465558072,88.30019689743523,89.92314073941024,8904900
MS,2022-01-11,90.95356750488281,91.09954503700297,88.94421121184321,89.44225914052278,7320200
MS,2022-01-12,88.4891128540039,91.4258677785068,87.88801841213665,91.06521504420644,10855200
MS,2022-01-13,88.05975341796875,89.60541064205272,87.70768301025171,88.81540762409652,6267700
MS,2022-01-14,84.90831756591797,86.27365500053902,83.62885543703821,85.65538948685145,16724900
MS,2022-01-18,80.72645568847656,82.81309867859683,79.80764618961344,82.37515948153377,21803100
MS,2022-01-19,82.20342254638672,84.36734547129342,81.54221932532734,84.16125913353243,19716100
MS,2022-01-20,85.72408294677734,87.55311287645135,82.95047711076091,82.95047711076091,22637600
MS,2022-01-21,84.89115142822266,85.49223929556685,82.73581084440323,84.27288587817355,22568300
MS,2022-01-24,84.22135162353516,84.4274379214152,80.44306788845263,82.45242403335506,19527300
MS,2022-01-25,85.04570770263672,85.72408195875227,81.58514535350682,82.93330502540678,16060700
MS,2022-01-26,86.01603698730469,87.37278549907757,84.92549011478194,85.99886585801384,13344400
MS,2022-01-27,86.85758209228516,87.7849804737538,85.5781198103535,86.9949708054471,17843100
MS,2022-01-28,88.02489471435547,88.1286526440217,84.86879461228204,85.69024234156612,14044800
MS,2022-01-31,88.66475677490234,88.83769105043667,86.71056779566965,87.30720226119665,8467000
MS,2022-02-01,89.88397216796875,90.01367619272179,88.40536211863396,89.02793615983192,7885700
MS,2022-02-02,89.85803985595703,90.18662429116566,88.45725474845507,89.75428190548801,9596300
MS,2022-02-03,88.44857788085938,90.01365470745606,88.31022519494053,89.64184011032313,5986500
MS,2022-02-04,90.0223159790039,90.8091755498082,88.25835856916407,88.32753492178996,7881800
MS,2022-02-07,90.94752502441406,91.8122096104621,89.61590997025769,89.97043381710692,9129000
MS,2022-02-08,91.95921325683594,92.79795844154542,91.06858910301716,91.63063545744295,9249000
MS,2022-02-09,94.01716613769531,94.3198044497844,92.39155475215323,92.46073110835086,11054300
MS,2022-02-10,93.0141372680664,94.88185947404345,92.65097126035566,93.55024418208302,8116200
MS,2022-02-11,90.4200668334961,93.72316168591998,89.77155339443104,92.52125063994767,9755900
MS,2022-02-14,88.69070434570312,90.35954598519568,87.85195917912111,89.9531431439017,11110300
MS,2022-02-15,89.434326171875,90.22983440039877,88.30159148567226,89.51214461733025,6714100
MS,2022-02-16,87.46286010742188,89.09711368850206,87.0478085421697,88.63018315147617,10190700
MS,2022-02-17,83.13945007324219,86.65006847119759,82.91463016392319,86.48577623780811,15620300
MS,2022-02-18,82.5082015991211,83.04430841727914,80.51078231683945,82.36985549583441,16321800
MS,2022-02-22,81.92887115478516,83.67553125719029,81.19389051660013,81.86834349274687,9143700
MS,2022-02-23,80.89126586914062,82.76763030627043,80.48486295666095,82.7503329158977,8722200
MS,2022-02-24,79.3866958618164,79.7066315582769,76.55053125618085,77.6919147339859,18518000
MS,2022-02-25,81.75592041015625,81.88561780483822,79.23103670903585,79.6114999921538,9717400
MS,2022-02-28,78.46148681640625,79.74122305854966,77.75244563545427,79.19646748249954,17955100
MS,2022-03-01,75.77230834960938,77.82161320561781,74.78656844343314,77.82161320561781,18341800
MS,2022-03-02,76.42082977294922,77.19904730567184,75.24485807839518,76.14413093876125,18007500
MS,2022-03-03,75.90203094482422,78.0378034635609,75.28810552639335,77.54493338977717,12197100
MS,2022-03-04,74.6741714477539,75.14110197882201,73.29067724293402,74.53581872876154,11950700
MS,2022-03-07,72.15792083740234,74.43204535598883,72.13198135722399,73.52412396763022,12680900
MS,2022-03-08,72.03687286376953,74.14670542660505,70.87819865107792,72.3135716755332,11641200
MS,2022-03-09,75.57343292236328,76.94827822545862,74.44934033980427,74.57039565213897,12994600
MS,2022-03-10,74.2418212890625,75.91931154682361,73.50684068851419,74.1639962435583,11351600
MS,2022-03-11,73.65383911132812,75.88472710253053,73.56737196530904,75.33132945158394,8568100
MS,2022-03-14,73.25608825683594,74.97680894898332,73.0399170835554,74.23317958513658,8280700
MS,2022-03-15,74.6482162475586,74.96814529809197,73.13501833649084,73.88728964732928,8672400
MS,2022-03-16,79.34345245361328,79.85361314774373,76.0922368501244,76.1008855423864,17635900
MS,2022-03-17,81.15931701660156,81.4446645879681,77.75245674482561,77.99456743676512,15156800
MS,2022-03-18,81.9893798828125,82.05855622260131,79.91413586828045,80.83070587793493,16325400
MS,2022-03-21,80.07843017578125,82.06720711747674,79.73255506457086,81.90291495532252,8568700
MS,2022-03-22,81.47058868408203,81.79916647577382,80.30326572733927,80.55402506719102,7565100
MS,2022-03-23,79.87956237792969,81.28035382949285,79.45586876364369,80.77019307309014,7465400
MS,2022-03-24,79.66338348388672,80.50212853466707,79.42127287067578,80.02655600072256,6488300
MS,2022-03-25,79.87956237792969,81.25441434655986,79.54233590576042,79.9660361170665,6592800
MS,2022-03-28,78.91976928710938,79.81040006532739,77.94267795573165,79.7931026770789,8680800
MS,2022-03-29,79.4126205444336,80.75288414526274,78.72952560142528,80.75288414526274,7431600
MS,2022-03-30,78.0550765991211,79.49910490706282,77.61409219924776,79.42992855519327,7289800
MS,2022-03-31,75.57343292236328,77.98590367020996,75.57343292236328,77.57950086579217,8422700
MS,2022-04-01,75.21891021728516,76.55052527009842,74.28505587903028,76.2132988096414,8192300
MS,2022-04-04,75.46968078613281,75.72044014484773,74.19859320096656,74.82981594490697,8098900
MS,2022-04-05,73.74031066894531,75.08057460199525,73.44632103548808,74.83846393984912,11587400
MS,2022-04-06,71.88123321533203,73.3339037040611,71.55265542035322,73.2560852514426,10493200
MS,2022-04-07,71.88123321533203,72.29628475369194,70.3853324519328,71.66506205092008,11902900
MS,2022-04-08,72.68538665771484,73.29931194299155,71.73423490020193,72.22710486708716,6937500
MS,2022-04-11,72.65080261230469,74.20723764729222,71.7861179477606,72.27034584587919,8290400
MS,2022-04-12,72.57298278808594,74.3455889557231,72.23575630304595,72.42598798117524,8057300
MS,2022-04-13,72.74591064453125,72.84967516806569,71.5785877921027,71.7082917972658,8760300
MS,2022-04-14,73.2906723022461,76.00578155774252,73.14367089897121,74.37152810768322,16348400
MS,2022-04-18,74.77793884277344,75.38321551892872,72.91021664717258,72.9707443147881,7897500
MS,2022-04-19,76.8791275024414,77.05206182086123,75.15840002816375,75.23622508936764,12637700
MS,2022-04-20,78.3490982055664,79.18784360219436,77.4844133178299,77.4844133178299,11828400
MS,2022-04-21,76.8791275024414,80.3551574400422,76.70618658700022,79.14459742003936,9563900
MS,2022-04-22,73.27338409423828,76.27384124153264,73.1782682436827,76.19602278036231,11455400
MS,2022-04-25,73.54143524169922,73.76624851038349,71.6737131518813,72.659453166945,11577600
MS,2022-04-26,71.22408294677734,73.68843308578973,71.14625789132386,72.88427603021506,10062000
MS,2022-04-27,71.0857162475586,72.34815490217866,70.73984110726087,71.23271103815377,9522900
MS,2022-04-28,72.73400115966797,73.12644813756326,71.17292290686514,72.12351995067418,6974600
MS,2022-04-29,70.28338623046875,73.03053580151077,70.03919634036288,72.43750035967844,8097300
MS,2022-05-02,71.47816467285156,71.63514480460165,69.79499140329325,70.28337107821619,8737100
MS,2022-05-03,73.03926086425781,73.96369594721429,71.7310949980323,71.94039967359919,9430500
MS,2022-05-04,76.06546783447266,76.33581992105782,73.20494687423567,73.31831882745789,10495000
MS,2022-05-05,74.0770492553711,75.14102486074009,72.74272159258564,74.78345645245201,8556500
MS,2022-05-06,73.4578628540039,73.75437720001192,71.78340580791226,73.37936945709482,7333600
MS,2022-05-09,70.77176666259766,72.59447436893959,70.39675889068725,71.98399969544586,11161000
MS,2022-05-10,69.9955825805664,72.08864887170608,68.65253176586573,71.52177578086159,9261000
MS,2022-05-11,68.8008041381836,71.56539312065765,68.68743215643549,69.82989490390172,8060000
MS,2022-05-12,68.53914642333984,69.35020928197828,66.93446663841037,68.0682127087389,10315600
MS,2022-05-13,70.2397689819336,71.0769941265788,69.30661116568253,69.41998311681947,7948000
MS,2022-05-16,69.6816177368164,70.57989032552351,68.76589921519184,70.10894994186006,5703600
MS,2022-05-17,72.32411193847656,72.61190995223843,70.92873670251984,71.19908878314065,6507100
MS,2022-05-18,70.37060546875,71.70493360368535,70.04792215589491,71.42585848169675,5949400
MS,2022-05-19,69.73394012451172,70.79791577546771,69.33277017727275,69.53335847772907,7852800
MS,2022-05-20,69.21940612792969,70.82408609994644,67.64960471732684,70.309544148161,8705000
MS,2022-05-23,71.78340911865234,72.68168181891998,69.85604581968472,70.45780416026875,7787700
MS,2022-05-24,71.47816467285156,71.70491523064038,69.81243733663996,71.33863047444818,6225700
MS,2022-05-25,71.71366119384766,72.22820328011562,70.64096217395891,70.88515208972514,6747800
MS,2022-05-26,74.1293716430664,74.60903494457907,72.59445573189912,72.69038839220165,8573400
MS,2022-05-27,75.39395141601562,75.42012032057214,74.05962339166724,74.62649655757134,6300000
MS,2022-05-31,75.12360382080078,75.71663927338969,74.0683508316026,74.53056836821186,10780700
MS,2022-06-01,74.1293716430664,75.68172683170997,73.00434861616026,75.38521253890084,6543900
MS,2022-06-02,74.30380249023438,74.46078262642015,72.96947465949236,74.28636321006896,7468700
MS,2022-06-03,73.3619155883789,74.12064723680369,72.97818495462738,73.40551710805872,5276900
MS,2022-06-06,74.01600646972656,75.24567858121844,73.9026278679127,74.30379782326266,4022400
MS,2022-06-07,74.41719055175781,74.4782380206025,73.15262633472481,73.38809989575081,4514300
MS,2022-06-08,72.55957794189453,74.24275117155702,72.1584079821918,73.69332405029165,6787200
MS,2022-06-09,70.7804946899414,72.28051923113286,70.7717717215037,72.12353906763109,6951700
MS,2022-06-10,67.50133514404297,69.51590770619495,67.10888153664538,69.36765055955892,9671600
MS,2022-06-13,65.56526184082031,66.50714269416198,64.6582662028255,65.42572097943288,10446400
MS,2022-06-14,65.37338256835938,66.9518999681849,64.7716243756422,65.77455247894646,7400300
MS,2022-06-15,66.29782104492188,67.32691144902718,64.8239591853947,66.10596237099838,9273300
MS,2022-06-16,64.49256896972656,64.85013746935661,63.21928843508377,64.61466390772826,11068400
MS,2022-06-17,63.57685089111328,65.07688187674168,63.367546253531835,64.37046791268328,17285900
MS,2022-06-21,65.08560943603516,65.62632038469405,64.67572305727143,65.4693402159657,8063800
MS,2022-06-22,64.885009765625,65.32978789615089,63.742540710888846,64.22220405299262,6322600
MS,2022-06-23,64.510009765625,64.99838947871736,62.99253947589188,64.89374048515447,7958000
MS,2022-06-24,67.86763000488281,68.50427351458443,65.42571826144341,65.93154388244751,10795400
MS,2022-06-27,67.53622436523438,68.37344946228187,67.07400696668796,68.37344946228187,5937600
MS,2022-06-28,68.16414642333984,70.83280189757396,68.06821375497566,70.1002257622178,10259100
MS,2022-06-29,68.1903305053711,69.14965084254504,67.59729502633478,68.26881726625378,8534900
MS,2022-06-30,66.33271026611328,67.00423895331147,64.99838251181085,66.77748840210538,10182400
MS,2022-07-01,66.9344711303711,67.19610690375099,65.12920292433736,66.07108372409604,6017500
MS,2022-07-05,66.3763427734375,66.3937820589959,64.18734315682424,65.4606239202287,8706900
MS,2022-07-06,65.80073547363281,66.42865610690572,65.13793627511157,66.07109425687126,6895900
MS,2022-07-07,67.1437759399414,67.33564128711991,66.39376048479315,66.53330133862265,6258300
MS,2022-07-08,66.91703796386719,67.6059993662724,66.62923991759176,67.49262740274331,5890500
MS,2022-07-11,66.12340545654297,66.59434583675979,65.65246507632615,66.15829066844871,4918900
MS,2022-07-12,66.22807312011719,67.37925870738133,65.46061162615773,65.5827065631649,6558400
MS,2022-07-13,65.3908462524414,65.8443407711956,64.54489802827648,65.61759018498107,7780100
MS,2022-07-14,65.13792419433594,65.4693237321337,62.835553401793554,64.54488888997358,13296200
MS,2022-07-15,68.06822204589844,68.69613596939077,65.98387864060388,66.22806849757444,11663900
MS,2022-07-18,68.77462768554688,70.11767851969677,68.39089697473993,69.33277781744366,11596800
MS,2022-07-19,71.20780181884766,71.50431610415329,69.62056146174453,69.64672370413349,9952000
MS,2022-07-20,71.34735107421875,71.74852106753386,70.58861926990137,71.05083672624977,7653400
MS,2022-07-21,72.4026107788086,72.47238121568716,70.83281587109114,71.07700574649107,9053400
MS,2022-07-22,71.8880615234375,72.84738164585097,71.21653943385039,72.47237390256419,6564000
MS,2022-07-25,71.99272155761719,72.54214875532361,71.61771379146604,72.28923592199611,6208200
MS,2022-07-26,70.45780944824219,72.01016510350371,70.31826857179497,71.33864293320836,7121600
MS,2022-07-27,71.95782470703125,72.26306198974216,70.60605104315957,70.98105874868261,7751300
MS,2022-07-28,73.0274887084961,73.13313668370309,71.22271447019789,71.97984150060556,6324800
MS,2022-07-29,74.21600341796875,74.50652358299511,73.04509693082596,73.04509693082596,8597700
MS,2022-08-01,74.03111267089844,74.42728749597013,73.08030786760469,73.65255591486634,5439200
MS,2022-08-02,73.53810119628906,74.47130135037558,73.036285131972,73.36202797668274,7684700
MS,2022-08-03,74.87629699707031,75.35169612955828,74.0575435983746,74.55055408644456,7043600
MS,2022-08-04,75.14920806884766,75.40451897542323,74.65619761022654,75.00834409966234,5722600
MS,2022-08-05,75.82708740234375,76.3377091478374,74.57695006690443,74.82345526355299,6219300
MS,2022-08-08,75.73906707763672,76.78672110543044,75.6686350872315,76.38174723574686,5719700
MS,2022-08-09,76.02959442138672,76.45217293262887,75.5982102321041,76.108825373458,4920100
MS,2022-08-10,78.2569580078125,78.93485419894273,77.03323065250248,77.05964097118671,7271700
MS,2022-08-11,79.41024017333984,79.97368260085939,79.05809369371279,79.21656229625039,8808100
MS,2022-08-12,80.69559478759766,80.77482572502551,79.28698209909136,79.7799992267738,6259000
MS,2022-08-15,81.01254272460938,81.25024902168101,79.63915244558044,79.80642674968534,7348900
MS,2022-08-16,80.83646392822266,81.23263210721733,80.41387871609948,80.5371380537403,5953800
MS,2022-08-17,80.42269134521484,80.84527659386455,79.54231156756222,79.57752756468008,5499000
MS,2022-08-18,80.75720977783203,80.99490927358569,80.1057241497801,80.26419271920325,4664800
MS,2022-08-19,79.24297332763672,80.04411530783064,78.93484179679291,79.806415760255,6264100
MS,2022-08-22,77.87838745117188,78.23054067450292,77.21810267621271,77.85197713485576,6452800
MS,2022-08-23,77.73753356933594,78.57389163391557,77.43820096563212,77.87839083472969,7487700
MS,2022-08-24,78.00162506103516,78.38899420382961,77.30612442591001,77.46459301007476,5262400
MS,2022-08-25,79.15493774414062,79.32220531063984,78.1777157929712,78.41541534366152,4943300
MS,2022-08-26,76.42576599121094,79.66556382649043,76.3465350356398,79.53350551710724,7911500
MS,2022-08-29,75.1404037475586,76.09121540642649,74.8850928363757,75.8359044952436,7505300
MS,2022-08-30,74.33045959472656,75.91514576818932,74.13677498277399,75.8359081011341,8849400
MS,2022-08-31,75.02595520019531,75.65982962585579,74.00471157735038,74.48892307383095,9223100
MS,2022-09-01,75.86231994628906,75.89753594160486,73.41486536433786,74.5417503473861,7830800
MS,2022-09-02,76.0647964477539,78.380192306624,75.46613806946542,76.90996003179124,9974400
MS,2022-09-06,74.94672393798828,76.45217246909391,73.21238151333274,76.37294151750302,10689300
MS,2022-09-07,76.46977996826172,76.82193318557684,74.27763643354011,74.27763643354011,7592700
MS,2022-09-08,77.86077117919922,77.90478612756169,75.71264288292417,76.1792429794973,8446700
MS,2022-09-09,78.75875854492188,79.07569573961077,78.1777114991678,78.54746932071706,5976200
MS,2022-09-12,79.3662338256836,80.14977124629335,79.10211722056746,79.23417552312553,8030800
MS,2022-09-13,76.63705444335938,78.0720709151962,76.41695952159989,77.48221813690414,7890700
MS,2022-09-14,76.75150299072266,77.57025638547155,75.82710161328342,77.0684402220296,8341100
MS,2022-09-15,77.70230102539062,78.7587537995243,76.81311579849097,76.89234673400767,8883100
MS,2022-09-16,76.97160339355469,77.20930297556497,75.3429021659247,76.94519307519406,20988900
MS,2022-09-19,78.10728454589844,78.37139441396197,75.78308277976782,75.8182987721957,6011500
MS,2022-09-20,76.76029205322266,77.86956540592361,76.03838111967772,77.56143391906222,8092300
MS,2022-09-21,76.02959442138672,78.48585468706133,76.02078874334624,77.38538001875358,9707800
MS,2022-09-22,74.6297836303711,76.81312822468384,74.1895937838113,76.5138023530699,8376300
MS,2022-09-23,71.75975036621094,73.67897835784098,70.62405976083332,73.31801946112756,9990500
MS,2022-09-26,70.21907806396484,71.89180063033925,69.55879337066679,71.2403148968823,8496000
MS,2022-09-27,69.97257232666016,71.1786880586144,68.97773909751461,71.04662977759577,6855400
MS,2022-09-28,71.72454071044922,72.09429860065994,70.15746579947223,70.21909211450735,6693500
MS,2022-09-29,70.30712127685547,71.33716388302938,69.57640453568366,71.1346803194724,5892700
MS,2022-09-30,69.55879974365234,71.45161738121294,69.42674144954088,70.22788345809305,8090900
MS,2022-10-03,70.76492309570312,71.29315632813746,68.95134292908992,70.47440287798172,8169200
MS,2022-10-04,73.92548370361328,74.60337311008394,72.01506138679562,72.36720788966848,7875000
MS,2022-10-05,73.1683578491211,73.59093634630202,71.64529800348645,72.21754615531788,5956500
MS,2022-10-06,71.58367156982422,73.23878971177147,71.42520295446255,72.5873038948601,6434800
MS,2022-10-07,69.4883804321289,71.12588745754856,69.00416883765774,71.0466497799237,7180900
MS,2022-10-10,69.03057098388672,70.18386616605393,68.51114350215923,69.93736094086677,5418000
MS,2022-10-11,67.78923797607422,69.03057659682575,67.38426411365742,68.59918570090781,6271100
MS,2022-10-12,67.43708038330078,68.49354000176614,67.19938083128524,67.780427912192,6411600
MS,2022-10-13,69.83171844482422,70.13105103944007,65.7379514431538,66.01087372110793,11811500
MS,2022-10-14,66.29259490966797,69.6028177861919,65.87881537091144,67.99172802017542,13658500
MS,2022-10-17,67.9124984741211,68.88091492844258,67.19939297247105,67.62197152279516,11412400
MS,2022-10-18,69.93736267089844,70.949793911281,69.0041556594806,70.25429988734015,9767800
MS,2022-10-19,68.35266876220703,70.06940622406078,68.11496923547459,69.68204378357967,7429600
MS,2022-10-20,67.43708038330078,69.14501906725667,67.03210654708971,68.34387035533469,7638100
MS,2022-10-21,69.7436752319336,70.01659076735528,67.10253634690766,67.44588386461994,8149000
MS,2022-10-24,69.92855072021484,71.39878301545693,69.17142373961144,70.01658733538109,8143300
MS,2022-10-25,70.87937927246094,71.02023654713466,69.20665631633494,69.20665631633494,8173600
MS,2022-10-26,71.23152923583984,72.2351616196882,70.94100230452466,70.95860694425687,7733400
MS,2022-10-27,71.03784942626953,72.61373010123236,70.95861175019668,72.19114483462869,6466400
MS,2022-10-28,73.0867919921875,73.15790701406146,70.67782657689632,71.35339893899375,7816100
MS,2022-10-31,73.04234313964844,74.10015704495609,72.61566657377595,72.68677481348688,9087400
MS,2022-11-01,74.42015838623047,74.64238771405275,73.77124576495301,74.00236616482043,8195600
MS,2022-11-02,74.99796295166016,77.0869174705781,74.15348735846251,74.1801537951706,10907500
MS,2022-11-03,74.3312759399414,75.22907763713778,73.38013458668567,73.83347758082981,6447200
MS,2022-11-04,75.42465209960938,76.2246792439733,74.66907354511669,75.69133007503156,6929700
MS,2022-11-07,76.0646743774414,76.56246603454682,75.65577311883301,76.02022578724156,4599600
MS,2022-11-08,75.80687713623047,76.65135276154258,75.12241370105491,76.10022151497789,4850300
MS,2022-11-09,74.18016815185547,75.86022180863368,73.94905446772184,75.4513205422017,5200800
MS,2022-11-10,78.93588256835938,79.09588800150495,76.90914482121457,77.06026596167075,10013900
MS,2022-11-11,80.69593048095703,81.50484867045299,79.11365839809942,79.11365839809942,9119100
MS,2022-11-14,79.83367919921875,81.21150404896458,79.81590383310115,80.24258043894727,4873400
MS,2022-11-15,80.44702911376953,81.65595738665016,79.43366376472282,80.95371178829289,7336100
MS,2022-11-16,79.84255981445312,80.42035747517237,79.16698069813978,80.42035747517237,4368600
MS,2022-11-17,79.0691909790039,79.22031207397474,77.78915468101525,78.83807736439114,4967300
MS,2022-11-18,79.29143524169922,80.33147383099768,78.74919504497417,80.24257665889031,5450700
MS,2022-11-21,79.18478393554688,79.71813315600427,78.7314340463016,79.16700178511977,4667100
MS,2022-11-22,79.709228515625,80.17146940141822,79.38033338963204,79.63811348982571,3804100
MS,2022-11-23,79.94033813476562,80.40257217607117,79.70921772316224,79.75366630374408,4961400
MS,2022-11-25,80.81147003173828,80.96258433579479,79.53142702819991,79.69143240364221,2450100
MS,2022-11-28,79.90477752685547,80.98036667257773,79.7358810654781,80.18033972644933,6147700
MS,2022-11-29,80.96260070800781,81.30927796125428,79.64699993478659,79.68255744561978,5307100
MS,2022-11-30,82.73153686523438,82.89154225829587,79.22920036261115,81.14037400698426,10520600
MS,2022-12-01,82.6693115234375,83.10487911532763,81.81595170218498,82.72264439292172,7310400
MS,2022-12-02,81.86929321289062,82.36709158092248,81.34483518920378,81.6559549305351,5197800
MS,2022-12-05,79.83367919921875,81.53151489430036,79.19365750854719,81.3181765913773,8272500
MS,2022-12-06,77.78916931152344,79.78923360907034,76.81136145576981,79.6647857064418,10424700
MS,2022-12-07,77.584716796875,78.2514049088306,77.07803410306484,77.17581556870383,7066700
MS,2022-12-08,78.83808898925781,78.92697937582373,77.33581636325724,77.94028048656797,6141400
MS,2022-12-09,79.53144073486328,79.7892275942758,78.55363295282027,78.82919517616743,6488300
MS,2022-12-12,80.99815368652344,81.18482552152602,78.47362481384265,79.12253748190996,7496200
MS,2022-12-13,82.41153717041016,84.58938902362412,81.84263053671475,83.25601282929387,10330500
MS,2022-12-14,80.44702911376953,82.38486942336624,79.88701356252854,82.23375508473164,7704600
MS,2022-12-15,78.03804779052734,79.28253332241012,77.26468732569506,79.24697581785341,8795200
MS,2022-12-16,77.21136474609375,77.22025581889255,76.29578092295888,76.91802038084623,17262000
MS,2022-12-19,76.0468978881836,77.37138311737921,75.52243301555686,77.1047051439212,5129600
MS,2022-12-20,75.70020294189453,76.84690032745823,75.68242079746196,76.37577522851015,5206800
MS,2022-12-21,77.22025299072266,78.06472176434156,76.75801216873454,76.81135182167237,5422400
MS,2022-12-22,76.77579498291016,76.96246681506672,75.35352177845803,76.96246681506672,5635200
MS,2022-12-23,76.544677734375,76.96246999681239,75.8690986125209,76.7402406471671,3316100
MS,2022-12-27,75.61131286621094,76.76690821413906,75.5046471172279,76.76690821413906,7064700
MS,2022-12-28,75.07796478271484,75.74465285040851,74.72239645689788,75.52242349451063,3714900
MS,2022-12-29,75.77130889892578,76.08242859814452,75.16684486248617,75.52241313955078,3461700
MS,2022-12-30,75.57575225830078,75.73575765711884,74.82906491841744,75.29129896950217,4455600
MS,2023-01-03,76.197998046875,76.98024289104566,75.54020109196101,76.12688302961367,5108900
MS,2023-01-04,77.02468872070312,77.64692814475777,75.7179791482873,76.04688100494538,7726800
MS,2023-01-05,76.37577819824219,76.59800753898328,75.40686152792364,76.35800283501946,5339900
MS,2023-01-06,77.83361053466797,78.18917887462479,76.18911459200746,76.8380273210713,5710900
MS,2023-01-09,77.90470886230469,79.03363759107003,77.700261688431,78.4469489385966,5039700
MS,2023-01-10,79.04253387451172,79.05142494747724,77.19358404797421,77.82472137239645,4536600
MS,2023-01-11,79.49588012695312,79.83366628375958,78.9803064282212,79.44254725532612,6122600
MS,2023-01-12,80.47368621826172,81.61149933561316,79.42476347909688,80.02033647303848,7895600
MS,2023-01-13,81.47816467285156,81.7626179435089,78.46472872364609,79.1403077846701,8414600
MS,2023-01-17,86.29610443115234,88.09171462864694,84.44715457696863,85.24718160828866,27914300
MS,2023-01-18,85.85164642333984,87.06945895360079,85.63830135864598,86.0472093416917,14134800
MS,2023-01-19,83.69157409667969,84.4293771621953,82.61598486254438,84.10047528455664,13457100
MS,2023-01-20,85.54940032958984,85.58495783594852,83.45155492773486,83.67378425605085,10785000
MS,2023-01-23,86.34053802490234,86.42054411137943,84.88271414281864,85.22050706943139,8735300
MS,2023-01-24,84.9005126953125,86.056101381226,82.59821283365235,85.58497618926953,4801600
MS,2023-01-25,85.01606750488281,85.27385438870016,83.94936923837851,84.34048831908225,5891000
MS,2023-01-26,85.78053283691406,85.81609034829125,84.72271891462331,85.5316370391755,6085100
MS,2023-01-27,86.10053253173828,86.60721513506307,85.07827625291782,85.70052244876118,7990800
MS,2023-01-30,85.98854064941406,86.57099878992548,85.05660899191656,85.1551791466156,5870100
MS,2023-01-31,87.2161636352539,87.25200794151672,85.80930708829966,86.28423218222781,7182100
MS,2023-02-01,87.98680877685547,88.76640030460244,86.85773693387333,86.87565567066848,9815200
MS,2023-02-02,88.90080261230469,89.85065277454319,87.78069370906034,88.60509222106366,11118900
MS,2023-02-03,89.09794616699219,89.77001153378437,87.87926708828084,88.03160026396915,6948600
MS,2023-02-06,88.62303161621094,88.89185369296149,87.87927754765488,88.21978824618022,4737700
MS,2023-02-07,88.90978240966797,89.4474334187783,87.8613619164123,88.5065390253826,5060700
MS,2023-02-08,88.67678833007812,89.55495679258372,87.87030848422661,88.10329307005101,4705200
MS,2023-02-09,87.8613510131836,89.42950358317287,87.57460338813537,88.90977137633465,4983800
MS,2023-02-10,88.21083068847656,88.35420109281029,87.42226953653012,87.449151060055,5224900
MS,2023-02-13,89.09794616699219,89.39365656916533,87.95991848732918,88.22874053208459,4910300
MS,2023-02-14,90.11052703857422,90.49584480972433,88.68575166590932,88.75744028300767,7679500
MS,2023-02-15,90.35247802734375,90.46896690733745,89.16068035765765,89.16964314430427,6464200
MS,2023-02-16,89.2234115600586,89.8237884060515,88.54238330259903,89.41158907134279,6051800
MS,2023-02-17,89.16963958740234,89.62663913910427,88.08537489091682,88.62302584601503,8133000
MS,2023-02-21,87.47604370117188,88.71264170005601,87.08176310590295,88.22875374311784,6556000
MS,2023-02-22,87.16239166259766,87.8792640974191,86.57994050048273,87.25200584440199,5072400
MS,2023-02-23,87.76278686523438,88.19290491385742,86.65163376031809,87.70901698170415,5916100
MS,2023-02-24,87.54771423339844,87.79862438506018,86.57098249454636,87.05487038927585,5414200
MS,2023-02-27,86.6516342163086,88.2466752617718,86.54410812188856,88.18394942782572,5645000
MS,2023-02-28,86.472412109375,87.18032179574044,86.25735310231543,87.02798861726501,6745300
MS,2023-03-01,86.19463348388672,86.70540293532976,85.36127208031093,85.98853041134515,5429600
MS,2023-03-02,86.09606170654297,86.35592782063921,84.6623235223938,85.53152238272588,4632400
MS,2023-03-03,88.11225128173828,88.21082141536947,86.42760306084347,86.51721724530994,6504000
MS,2023-03-06,88.15706634521484,88.89185765968769,87.90616299441,88.21083623224699,5215200
MS,2023-03-07,86.07813262939453,88.04952853437129,85.99748806447683,87.81654395249348,5461400
MS,2023-03-08,85.93476867675781,86.47241965965263,85.45088074117152,85.70178407741555,4121300
MS,2023-03-09,82.6192398071289,85.97956691701653,82.23392202506435,85.45087873329699,9162400
MS,2023-03-10,80.69266510009766,83.34508272059084,79.9578737784516,82.23392953245983,16206500
MS,2023-03-13,78.84671783447266,80.80915116492582,77.64596416112369,79.3395685729985,15175400
MS,2023-03-14,80.62096405029297,82.8074189401699,79.85929132054811,82.8074189401699,11089300
MS,2023-03-15,76.51689910888672,77.97751904423087,74.98459054397128,77.89687446341617,14814000
MS,2023-03-16,77.96855163574219,79.10657940738973,74.62614326663044,75.76417787488097,15342400
MS,2023-03-17,75.43262481689453,77.51154695897755,75.00249992971042,77.50258417224786,19935800
MS,2023-03-20,76.74091339111328,77.34129022228653,75.60288556431318,75.80898180827853,8649800
MS,2023-03-21,79.53670501708984,79.913060015593,78.85567680317719,79.06177987565448,8905600
MS,2023-03-22,78.45243835449219,80.71953791304261,78.37178695016357,79.52774027711912,7299300
MS,2023-03-23,76.92010498046875,79.57252852295503,76.38245414651661,78.81084910187144,9373000
MS,2023-03-24,75.22653198242188,75.72834555854976,73.22826097567237,75.72834555854976,10978700
MS,2023-03-27,75.84483337402344,77.35026040773333,75.59393000783912,77.11727578058904,6626900
MS,2023-03-28,76.05987548828125,76.31974158441982,75.20859542306378,75.77312787126671,5209900
MS,2023-03-29,77.278564453125,77.37713460001166,76.48104732766271,77.00077958640989,4873500
MS,2023-03-30,77.16207122802734,78.50620206093465,76.57961316644692,78.19257290057688,4113700
MS,2023-03-31,78.67645263671875,78.73917846226543,77.21582624147115,77.7803655079935,6142400
MS,2023-04-03,78.10296630859375,79.1424239411617,77.663878643201,78.81086920462896,7728400
MS,2023-04-04,76.0061264038086,78.13881176969927,75.50431969103519,77.95959703988126,6222800
MS,2023-04-05,75.11003112792969,75.74625223899747,74.55445458575925,75.11899391445262,6045400
MS,2023-04-06,75.44156646728516,75.62974391626835,74.56339820209567,75.18170041775562,3877800
MS,2023-04-10,75.27132415771484,75.59391609389041,74.76055473153731,75.22651706345606,6185800
MS,2023-04-11,76.24806213378906,76.84844579744504,75.38781917936956,75.53119642340779,5582100
MS,2023-04-12,76.58856964111328,77.08141347060138,75.97923010694795,76.62441394742918,4641800
MS,2023-04-13,76.78571319580078,76.86635776101325,75.66560421272096,76.51688430522056,5086000
MS,2023-04-14,77.6997299194336,78.31803235176075,77.06350874899132,77.44882656620044,7865900
MS,2023-04-17,80.01162719726562,80.0295459332251,77.30544001499767,77.65492031393399,8876900
MS,2023-04-18,80.51344299316406,81.13174542137509,79.51878553760875,79.86825903965753,10227600
MS,2023-04-19,81.05107116699219,81.2750929301255,77.51153004412649,78.08502521081965,13886200
MS,2023-04-20,81.0331802368164,82.27874112026583,80.39695903162026,80.51344792724073,6776000
MS,2023-04-21,81.6514663696289,81.8485998066441,79.90409226523667,81.07797112088757,6531000
MS,2023-04-24,80.82705688476562,81.97405416091333,80.24460571599187,81.7500323770458,5004400
MS,2023-04-25,78.9094467163086,80.49552509125358,78.75711351364941,80.32526631380883,5806700
MS,2023-04-26,79.24996948242188,80.45968606905691,78.7750442684292,78.9901033237722,6429100
MS,2023-04-27,80.8808364868164,81.50809482242552,79.65319450243501,80.11916369740445,6375800
MS,2023-04-28,81.31919860839844,81.6445844118343,80.58708399857396,80.84919382751892,6374500
MS,2023-05-01,79.4753646850586,81.81632798282293,79.38498125311114,81.51806334697768,7745400
MS,2023-05-02,77.99303436279297,79.14995854541945,77.12534122582312,79.14995854541945,6319100
MS,2023-05-03,76.60111999511719,78.79747096815484,76.43842707504724,78.09247061312281,6546500
MS,2023-05-04,74.66687774658203,76.32995462105698,73.7630298202424,76.07687830501187,10359200
MS,2023-05-05,76.7186050415039,76.8451431921641,75.57976168556213,75.73341416910493,8288000
MS,2023-05-08,76.31188201904297,77.34226812126,76.21245819375777,77.26092511646986,5825300
MS,2023-05-09,76.25764465332031,76.74572331384186,75.65206136041786,75.92321847042264,4381400
MS,2023-05-10,75.6701431274414,77.02591490283757,74.83860476019326,76.89033634613558,4884900
MS,2023-05-11,74.68494415283203,74.8566774482091,73.77206280410866,74.82052270729751,6717800
MS,2023-05-12,74.46803283691406,75.2634165588389,73.81726120269707,75.01938064391386,5208900
MS,2023-05-15,74.97418212890625,75.36283700994079,74.34149134387903,74.72110581489537,5032100
MS,2023-05-16,73.9889907836914,75.08264593201548,73.94379562967137,74.7663005413122,6862900
MS,2023-05-17,75.84188079833984,75.85091431237878,74.56745194600015,74.60360668959264,8216700
MS,2023-05-18,76.36609649658203,76.42033205217521,75.03743916543483,75.65205592760458,5367700
MS,2023-05-19,74.33245086669922,76.30283960433385,74.32341735250155,75.73341789832385,11183600
MS,2023-05-22,74.35956573486328,75.16399673203645,74.03418682610142,74.34149181052578,5520000
MS,2023-05-23,74.6939926147461,75.53457146808056,74.01610666514773,74.1155304894205,5521200
MS,2023-05-24,73.41053009033203,74.32341843185729,72.97668004911027,74.12457078362283,6827800
MS,2023-05-25,75.01937866210938,75.13687641125632,73.19360886617699,73.40149002973024,6962700
MS,2023-05-26,75.83283996582031,76.50168547902301,74.86572299150114,74.99226114546349,7411600
MS,2023-05-30,75.39898681640625,76.43841323443355,75.11879618650248,76.0678391977039,5876800
MS,2023-05-31,73.89860534667969,75.27245110401078,73.32917676320352,75.07360346507068,9559200
MS,2023-06-01,74.17879486083984,74.87475469076489,73.6364875147433,74.63975920813733,6857500
MS,2023-06-02,76.23956298828125,76.537834426812,74.96514113535886,74.96514113535886,6218500
MS,2023-06-05,75.688232421875,76.58304694034962,75.21823447844261,76.28477543419142,6631900
MS,2023-06-06,77.60438537597656,77.93881159926802,75.26341560456157,75.5616870824313,6903900
MS,2023-06-07,78.18284606933594,78.64381044519651,77.53207445537102,77.77611725851409,7410800
MS,2023-06-08,78.01111602783203,78.5534303260915,76.98977030496052,78.09246593089605,6795900
MS,2023-06-09,77.92073822021484,78.59862424603301,77.42362593876948,78.39977657512956,6282600
MS,2023-06-12,79.03246307373047,79.21322989652879,77.73996029286698,77.91168670578169,7053500
MS,2023-06-13,79.79168701171875,80.42438464354811,79.16802978920731,79.39399175147241,6089200
MS,2023-06-14,79.5205307006836,80.88533588319268,79.21321886973078,80.0809119108384,5772500
MS,2023-06-15,80.4876708984375,80.7407472468674,78.9963202499746,79.2042014379792,8603200
MS,2023-06-16,79.61994934082031,81.02995659706556,79.48437768755664,81.00284226641283,13153100
MS,2023-06-20,78.39073181152344,78.8245749441397,77.9568817830949,78.72515112295426,7382000
MS,2023-06-21,78.0382308959961,78.88785019964052,78.00208304529075,78.2370785539395,6343100
MS,2023-06-22,76.37513732910156,77.39648283692766,76.24859919170049,77.29705902956806,6214600
MS,2023-06-23,75.54360961914062,75.85091459711208,74.65783563732992,75.25437856512714,10026600
MS,2023-06-26,75.5526351928711,76.14013764903854,75.2453302471964,75.52552086187762,6377400
MS,2023-06-27,76.31188201904297,76.70957732018377,75.36283892161609,75.84188412335956,6639900
MS,2023-06-28,75.91417694091797,76.42936992567479,75.59783158112197,76.41129600332002,4781600
MS,2023-06-29,77.04399108886719,77.78514607202285,76.49264333234518,77.13437449738626,9066500
MS,2023-06-30,77.18862915039062,78.1738202697986,77.18862915039062,77.74901055929654,6191700
MS,2023-07-03,78.10150909423828,79.23131909574633,77.58630911357014,78.03823311417335,5839300
MS,2023-07-05,77.65860748291016,77.98399326839315,77.14341447186408,77.68572181573174,6734300
MS,2023-07-06,75.31764221191406,76.75475696847309,75.03744469217709,76.6914878954638,8546800
MS,2023-07-07,75.34475708007812,75.95937389189093,74.9289878979418,75.02841171278003,8217700
MS,2023-07-10,75.38091278076172,76.27572022988143,75.1820651485547,75.39898670377512,6141200
MS,2023-07-11,76.79090881347656,77.21571838586547,75.57975606274451,75.8328323452371,11053100
MS,2023-07-12,77.52302551269531,79.27649251334938,77.36937303625763,78.34553034976474,8602300
MS,2023-07-13,77.92073822021484,78.3093931508498,77.49592854070534,77.93881904255875,6026500
MS,2023-07-14,77.53206634521484,79.01437624605181,77.33321871776886,79.00534273266734,7732700
MS,2023-07-17,78.06535339355469,78.54439172501522,77.44169607367662,77.44169607367662,7911800
MS,2023-07-18,83.09977722167969,83.6601585002167,78.72514984781412,79.12284512611431,21630800
MS,2023-07-19,84.20246124267578,84.83515192094296,82.54841817487714,82.63880157237085,12004300
MS,2023-07-20,84.78092956542969,85.08823451891998,83.93131039503136,84.15727235347248,9541800
MS,2023-07-21,84.97074890136719,85.3232490551432,84.11208919934374,85.20574440667606,6298600
MS,2023-07-24,85.56729125976562,86.2271033551654,84.69055756820991,84.97075514638345,7259800
MS,2023-07-25,85.34131622314453,86.38074267707778,85.33228270921823,85.59439252932401,7760100
MS,2023-07-26,84.54594421386719,86.00114007077123,84.3199822099481,85.32325405901393,7201100
MS,2023-07-27,83.83190155029297,85.60344279329217,83.65113470958786,84.64536612509183,8427800
MS,2023-07-28,83.5308609008789,84.47043374185583,83.09299813170122,84.34272521742747,5798400
MS,2023-07-31,83.52174377441406,84.10555620848267,83.04739878158077,83.83189804478417,5242900
MS,2023-08-01,82.9561767578125,83.40315661603282,82.67338761683833,83.19334576689668,4468500
MS,2023-08-02,81.4783935546875,82.22640360929886,80.99492457494502,81.66083231548339,6407400
MS,2023-08-03,81.31420135498047,81.660837807643,80.73951295618895,81.04053623578847,5137700
MS,2023-08-04,80.99493408203125,82.14431789681797,80.74863407049452,81.50576823989493,6191700
MS,2023-08-07,81.25946807861328,81.83415645593081,81.16824869548884,81.596980492133,4663300
MS,2023-08-08,80.70301055908203,80.74861676506391,78.68703252145518,80.13743932008943,6921200
MS,2023-08-09,79.8729019165039,81.19560722300596,79.79080656623425,80.7030142426113,5200500
MS,2023-08-10,79.94589233398438,81.1226412502523,79.65398611162597,80.1921923413578,4250100
MS,2023-08-11,80.00061798095703,80.45672186217023,79.38031642412338,79.41680556977158,3922300
MS,2023-08-14,79.6631088256836,79.72696309328494,78.92421577533291,79.32558943430892,3637500
MS,2023-08-15,78.59583282470703,78.87861503519592,78.1944591378761,78.8238847904803,9308700
MS,2023-08-16,78.44073486328125,79.17050377631422,78.07585040676476,78.21268294790747,5746300
MS,2023-08-17,78.25828552246094,79.27083644643785,77.72007945603777,78.99717140119337,7611200
MS,2023-08-18,77.43732452392578,78.7235409445611,77.27312683107007,77.50117879561446,6650000
MS,2023-08-21,76.85350036621094,77.82043832179038,76.31530115232204,77.55589724798999,5385300
MS,2023-08-22,75.69499969482422,77.32784538976524,75.56728421115348,77.27311515361535,6002300
MS,2023-08-23,76.06900024414062,76.37003045820467,75.60377236418644,75.71323979464404,5878600
MS,2023-08-24,76.1146011352539,77.30959081338267,75.80444694545164,75.86830119635337,5023000
MS,2023-08-25,75.9139404296875,76.76229403135918,75.47607758770472,76.34267924423898,5461400
MS,2023-08-28,76.97209930419922,77.41908618150562,76.41565193415974,76.4430240169369,6439700
MS,2023-08-29,78.03936004638672,78.07584222458219,76.9173416781123,76.99944397803063,6212300
MS,2023-08-30,77.77484893798828,78.4498808477594,77.56503805489497,78.10324434481619,5051800
MS,2023-08-31,77.67448425292969,78.1488291776466,77.31872381949395,78.1488291776466,5581200
MS,2023-09-01,78.2218246459961,78.86036736947285,77.80220986205512,78.44987661289404,4981800
MS,2023-09-05,77.3917007446289,78.69615808149781,77.36433562616755,78.30390847783534,4919400
MS,2023-09-06,76.77140045166016,77.30959963357876,76.03250751025017,76.88086091735632,5384000
MS,2023-09-07,76.47948455810547,77.41906426551373,76.42475432723211,76.6163170948808,5504200
MS,2023-09-08,77.46469116210938,77.49205628485525,76.31531424921992,76.76229415978804,6127600
MS,2023-09-11,76.178466796875,78.14883180526198,76.03251022461323,77.88429073773183,7780900
MS,2023-09-12,78.03936004638672,78.93331956359529,75.92303877188766,76.0233752013123,8942600
MS,2023-09-13,79.59013366699219,80.09185076047824,78.58670643961356,78.58670643961356,10617400
MS,2023-09-14,81.25035095214844,81.28684010041542,80.20131055815148,80.34726715121938,8109600
MS,2023-09-15,80.6482925415039,80.94019875044387,80.21955377471235,80.44760571793398,17629500
MS,2023-09-18,80.92195129394531,81.23210555800068,79.8637938885875,80.79424276156752,5501900
MS,2023-09-19,80.73951721191406,81.6152358960567,80.21955902571707,80.98581026449435,5769000
MS,2023-09-20,79.48979187011719,81.32333160601982,79.4168135714678,81.03142537101587,5268200
MS,2023-09-21,77.42818450927734,78.91508746523081,77.38257830154143,78.7600068720705,6933900
MS,2023-09-22,75.97779846191406,77.74748405308455,75.7223813579501,77.74748405308455,7420600
MS,2023-09-25,75.74060821533203,75.96866015236945,75.07470045655474,75.3757237241536,4748800
MS,2023-09-26,74.95610809326172,75.5034313436474,74.54561739537064,74.87401273752059,5557000
MS,2023-09-27,74.48176574707031,75.35748437035082,73.97092466379529,75.17504560034808,5708200
MS,2023-09-28,74.97434997558594,75.30274529071157,74.29931129472094,74.32668337064153,5665400
MS,2023-09-29,74.50001525878906,75.79534876712388,73.91620277729749,75.72237742663275,6830500
MS,2023-10-02,73.35063171386719,74.31756974392533,72.885403792412,73.98005035626677,6722200
MS,2023-10-03,71.17045593261719,72.83067400043448,70.99714116746067,72.59350496188475,7526800
MS,2023-10-04,72.14649963378906,72.32894533938219,70.79643621036023,71.24341600977729,6848700
MS,2023-10-05,72.20124053955078,72.55700098426888,71.17044138879983,71.59006305345481,5589300
MS,2023-10-06,73.27764892578125,73.69726364817427,71.51708772117976,71.80899391760937,6306400
MS,2023-10-09,72.89452362060547,73.04959726562797,72.0005569759244,72.61173448954906,5125000
MS,2023-10-10,73.09520721435547,73.9891739047483,72.99486380136464,73.20467465387084,6245400
MS,2023-10-11,71.97319793701172,73.16818794662211,71.79987622523251,72.89452977810018,8928700
MS,2023-10-12,70.97889709472656,71.9458422369808,70.50455203142,71.9458422369808,11654600
MS,2023-10-13,70.96063995361328,72.27422130821327,70.55014230050446,71.33464150288027,6442800
MS,2023-10-16,71.81812286376953,72.22861358826069,71.03362360219664,71.87285310447683,7901500
MS,2023-10-17,73.27764892578125,73.55130707016312,71.13396214328954,71.14307920972071,12324800
MS,2023-10-18,68.3061294555664,70.30386711258633,66.95606557379519,69.72005457566995,34732300
MS,2023-10-19,66.51819610595703,69.74741279585264,66.49083098343488,68.29700562542838,17486100
MS,2023-10-20,66.70974731445312,67.503370527459,65.99822641432011,66.70063024826143,11270600
MS,2023-10-23,65.40528869628906,66.47257698462735,64.98567399335286,66.34486846458556,12847100
MS,2023-10-24,65.27757263183594,65.77016556346274,64.83971688789539,65.45089430025784,9265500
MS,2023-10-25,65.13163757324219,65.58774146806938,64.88533757266336,64.9948050128754,8461700
MS,2023-10-26,65.7428207397461,66.30839212311353,65.13164313875475,65.19549741110319,10903200
MS,2023-10-27,64.21943664550781,65.68809190054633,64.02787382436286,65.5968725037526,11099100
MS,2023-10-30,65.17971801757812,65.45672772621145,64.09939283427727,64.68111181347736,9769600
MS,2023-10-31,65.39208984375,65.57675827730387,64.88424108450309,65.34591921303694,8949000
MS,2023-11-01,65.51212310791016,66.39855130704267,65.28128404545149,65.71526261001765,9429000
MS,2023-11-02,67.82975006103516,67.89438471749378,66.15847748356995,66.1861770442452,11638000
MS,2023-11-03,70.41514587402344,70.80295378780077,68.82697208086053,68.87313566412998,14951100
MS,2023-11-06,70.10121154785156,70.87683453562684,69.58413425243457,70.80296433781018,8140300
MS,2023-11-07,69.7226333618164,70.33204483191821,69.1870850387896,70.04580664479836,7657700
MS,2023-11-08,70.14736938476562,70.35050886937519,69.30711188836216,69.66722023120693,8075200
MS,2023-11-09,68.50379180908203,70.23969875357234,68.29141680489985,69.8795904355379,9497200
MS,2023-11-10,69.55643463134766,69.611833757339,68.37453964586706,68.9377875756117,8924000
MS,2023-11-13,69.28865814208984,69.73186522457051,68.8362155240347,69.02088396762672,4868400
MS,2023-11-14,72.30802917480469,72.90821217521601,70.79372541525429,70.80296095070202,12287700
MS,2023-11-15,73.57304382324219,73.90545271606783,72.48348290668058,72.54811757780496,9841600
MS,2023-11-16,73.55455780029297,74.12703413203533,72.9820744239019,73.85003150060639,6757600
MS,2023-11-17,74.12703704833984,74.2747774266333,73.81309931143971,74.17320767771879,6080700
MS,2023-11-20,73.59148406982422,74.05316215569425,73.25907528442592,73.8961932972141,7644600
MS,2023-11-21,72.45574951171875,73.25906475712141,72.22491050195522,73.00976172622171,7394800
MS,2023-11-22,72.47422790527344,72.82510777827166,72.2156892902109,72.75123758978268,4265400
MS,2023-11-24,72.6219711303711,72.86204573005118,72.06795878427404,72.26186275317555,2398000
MS,2023-11-27,71.97561645507812,72.34496036188062,71.6432076434208,72.2710901715903,5237800
MS,2023-11-28,70.98762512207031,71.5139378965427,70.47978341738238,71.43083921645976,9197900
MS,2023-11-29,72.52964782714844,73.43453315151544,71.41238038710206,71.54165676380474,7420700
MS,2023-11-30,73.25908660888672,73.38836297399064,72.21569650960566,72.73277379142287,8480500
MS,2023-12-01,74.69027709960938,74.77338281486857,72.70506000300709,73.0190047517166,9617100
MS,2023-12-04,74.98575592041016,75.23506603862803,73.92389488482564,74.00700060578119,6713800
MS,2023-12-05,74.02546691894531,74.64411389940922,73.48991861735763,74.49638056652407,6103200
MS,2023-12-06,73.32373046875,75.49361646260554,73.24986027070517,74.58872414818099,7321800
MS,2023-12-07,74.1916732788086,74.3948127809531,73.51762716130995,73.64689647273842,5430400
MS,2023-12-08,75.9737548828125,76.32463478375305,74.00700850905152,74.12704229141832,10343400
MS,2023-12-11,76.47236633300781,76.49083035884263,75.67827937377392,76.05685882755606,6378100
MS,2023-12-12,77.19258117675781,77.24798734218072,76.24152536534595,76.58316971429888,7395300
MS,2023-12-13,79.0669937133789,79.51020781617457,76.91557898952149,77.07254786242133,10144600
MS,2023-12-14,84.06234741210938,84.94876849891412,80.52589155453674,80.54436262312667,19849500
MS,2023-12-15,84.56097412109375,84.80104169397652,83.34214405118615,84.02542576069428,16905700
MS,2023-12-18,83.8038101196289,84.64406059274792,83.66530528163274,84.63483210295722,9145500
MS,2023-12-19,84.87490844726562,85.28118746896763,83.74841264683694,83.95155215768793,8114900
MS,2023-12-20,84.1546859741211,85.23501106910977,83.96078201178844,84.45015968500644,10467000
MS,2023-12-21,85.53048706054688,85.55819366560368,84.616366343848,85.07804446970691,7748000
MS,2023-12-22,85.32735443115234,86.48154974347949,85.16115002439128,85.77979702108283,5800800
MS,2023-12-26,85.72439575195312,85.89060016820711,85.29042420723673,85.51202774735886,2726200
MS,2023-12-27,86.48155975341797,86.50925931697608,85.31812877142738,85.5859029602391,4073200
MS,2023-12-28,86.46307373046875,86.74931189727421,86.09372984270928,86.15836449471853,4089500
MS,2023-12-29,86.10296630859375,86.58310843662086,85.92752637496423,86.32456982578712,4772100
MS,2024-01-02,86.70316314697266,86.9340022357321,85.19808777968521,85.55820323922785,6132200
MS,2024-01-03,84.86568450927734,86.05680798744086,84.27472997116742,86.05680798744086,7487900
MS,2024-01-04,85.08727264404297,86.0013932816636,84.63483009234265,85.08727264404297,8735600
MS,2024-01-05,86.0937271118164,86.7308451218759,85.0041665520436,85.14267138614112,6027800
MS,2024-01-08,86.3430404663086,86.63851416931591,85.20730923761403,86.0660307877054,6738400
MS,2024-01-09,85.00418090820312,85.72439771356778,84.63484401443128,85.64129902586403,7594100
MS,2024-01-10,84.4686508178711,84.92109350411324,84.29321083876367,84.51481441340157,6929200
MS,2024-01-11,83.5729751586914,83.97924711346235,82.67731847977865,83.97924711346235,9400700
MS,2024-01-12,82.8250503540039,84.85643827062714,82.57574727353345,84.28395487650943,8303100
MS,2024-01-16,79.38094329833984,81.40309587663515,78.30061810362712,80.09192455918978,20369000
MS,2024-01-17,77.94050598144531,78.61455211223856,77.46959231215395,78.34677794909834,17198500
MS,2024-01-18,77.46958923339844,78.46681565415503,76.89710583378285,78.32831081049734,15016400
MS,2024-01-19,78.79922485351562,79.0300639331821,76.82324289514258,77.47883208068706,14787400
MS,2024-01-22,79.15934753417969,80.11963199407225,78.89157333193359,78.9100373603487,11626500
MS,2024-01-23,80.0919189453125,80.19348869612169,78.66072098830428,79.10392804215425,8555700
MS,2024-01-24,80.85832214355469,81.53237543585247,80.51667772901327,80.62748303648223,12480900
MS,2024-01-25,81.27381134033203,81.64315523705994,80.63670033924151,81.38461662274507,8792400
MS,2024-01-26,81.00604248046875,81.7170236544268,80.93217229379425,81.14454027467252,6384400
MS,2024-01-29,80.90446472167969,81.20916688339715,79.15008670749269,80.70132525076936,7440300
MS,2024-01-30,81.69700622558594,82.11658397415512,80.9044594125991,81.10026994983275,6569300
MS,2024-01-31,81.34270477294922,82.75063302812548,81.33338587979455,81.78093461562162,8414700
MS,2024-02-01,80.95108795166016,82.20982839853093,79.85085403294286,81.29607902498658,8365000
MS,2024-02-02,81.37066650390625,81.74362848414407,80.18651986383361,80.6247496570887,7728600
MS,2024-02-05,80.08395385742188,80.72731308517554,79.33802990890581,80.72731308517554,7788700
MS,2024-02-06,80.2797622680664,80.69934718272904,79.83221356214969,79.83221356214969,7335500
MS,2024-02-07,80.1865234375,80.55015942818204,79.50586725970687,80.4289498025075,4952200
MS,2024-02-08,79.86019134521484,80.400985932295,79.40331659375839,79.8881622525364,6218200
MS,2024-02-09,80.08395385742188,80.21448948136349,79.55248535604302,79.89747642712184,5664500
MS,2024-02-12,80.99771118164062,81.7156571207914,79.8508543437516,80.05598378741128,7888000
MS,2024-02-13,78.2937240600586,80.0559616274713,77.4732065125438,80.0559616274713,11339400
MS,2024-02-14,78.32173156738281,79.21683621737091,78.03268935820753,78.82522926681226,5973700
MS,2024-02-15,79.87883758544922,80.40098728096001,78.70401677628303,78.74130657756459,7993500
MS,2024-02-16,80.65271759033203,80.92311483820446,79.31938336180681,79.7389611280853,9673900
MS,2024-02-20,79.58045959472656,80.64339664203581,79.34735924025246,80.13058013038774,6626400
MS,2024-02-21,79.68302154541016,79.7016735567673,78.81588797241174,79.26344376742881,6444000
MS,2024-02-22,80.04666137695312,80.87649808091484,79.81356101935359,80.13990009726128,6782100
MS,2024-02-23,80.69934844970703,81.35202662010694,80.14922789437693,80.25179262310529,5810100
MS,2024-02-26,79.87883758544922,81.43594643751332,79.77627284777705,80.65273256473587,5608100
MS,2024-02-27,79.71099853515625,80.60610307987845,79.36601454894601,80.15855436434664,8066700
MS,2024-02-28,80.23316192626953,80.27045173090008,79.51520869808525,79.65507036325904,5624100
MS,2024-02-29,80.22381591796875,80.78325532553234,79.58045668675872,80.64339369522693,7657100
MS,2024-03-01,80.63407897949219,80.9231211470778,79.3566864565748,80.39165261531741,5523700
MS,2024-03-04,83.95343017578125,85.0723091071566,81.63175248066507,81.9394395629151,19876000
MS,2024-03-05,83.10492706298828,84.97905570738783,82.62940751178017,83.16087597945676,13883600
MS,2024-03-06,79.86951446533203,82.00470760183667,78.72265751098813,80.9044735671162,25614600
MS,2024-03-07,80.31705474853516,81.23081123600086,79.85085405595547,80.26111294179616,9145700
MS,2024-03-08,81.1562271118164,82.34969988919242,80.57813562304915,80.76462019055094,9689300
MS,2024-03-11,81.06298828125,81.35203046843463,80.03734094544866,80.95109754089198,4737200
MS,2024-03-12,81.1655502319336,81.82755441728817,80.74596530522133,81.34270167268627,5110900
MS,2024-03-13,83.31006622314453,84.1399029255105,81.35202464580524,81.53850208606295,10345800
MS,2024-03-14,83.07696533203125,83.35668860427829,82.29375155159285,82.98372661250167,9235300
MS,2024-03-15,82.40563201904297,83.31006250258423,82.2098285814193,82.4988778486659,20363000
MS,2024-03-18,82.01403045654297,82.70400553576832,81.77160408840382,82.38699245822048,5960000
MS,2024-03-19,82.44293212890625,83.0676393751483,81.92078960830491,82.05132523845525,8546400
MS,2024-03-20,85.17486572265625,85.29608245633777,81.96740977198388,82.09794539775007,10811700
MS,2024-03-21,87.08628845214844,87.98139290416518,85.74362821729441,85.74362821729441,13659900
MS,2024-03-22,85.73430633544922,87.51519643337157,85.53850289405838,87.198176256602,5909300
MS,2024-03-25,84.97905731201172,86.29374661215394,84.83919568868588,85.56646759359107,3670400
MS,2024-03-26,85.10960388183594,85.6970213526604,84.7925908009187,85.24013951676169,4211900
MS,2024-03-27,87.17952728271484,87.21682419080628,85.6970125327838,85.80889614340028,6394500
MS,2024-03-28,87.794921875,88.32639040441344,87.13291060110092,87.41263387496414,6707700
MS,2024-04-01,87.20750427246094,88.05599298503563,86.87183918986638,87.7949217238306,3416000
MS,2024-04-02,86.44292449951172,87.43126761063287,86.28441798426728,86.62008302458342,5245400
MS,2024-04-03,86.71333312988281,87.92545783630152,86.48023277200679,86.66671021284425,4821100
MS,2024-04-04,86.04199981689453,88.33570640093974,85.6503929372508,87.83220879268717,5466100
MS,2024-04-05,86.21916961669922,86.98373857787992,85.41730374111226,86.01404014429431,4654800
MS,2024-04-08,86.90913391113281,87.08629245405537,85.96740650237452,86.71333047016175,4601900
MS,2024-04-09,87.72032928466797,87.77627109476244,86.55482748331022,87.2820994691721,4951600
MS,2024-04-10,85.45458984375,86.61076558942777,85.01636004699537,86.03267415975981,5994200
MS,2024-04-11,80.96973419189453,85.59445139765292,79.26344503563303,85.51985757834692,24631800
MS,2024-04-12,80.36368560791016,80.94176997111653,79.36601631170761,80.00004960084205,12789800
MS,2024-04-15,81.10958862304688,83.1049268735407,79.71098664670124,81.86483852756062,9553900
MS,2024-04-16,83.11427307128906,84.94177924407073,82.05133588011665,84.57814321096751,18291600
MS,2024-04-17,83.99071502685547,85.25878142759358,83.60842706011252,84.03733082600074,9544600
MS,2024-04-18,84.1585464477539,84.95108615938466,83.6736937701428,84.53150840430298,6752000
MS,2024-04-19,84.53152465820312,85.42662925783893,84.25180135859112,84.25180135859112,8143000
MS,2024-04-22,85.8648452758789,86.39632092629135,84.57813384838461,84.95109584746741,7294400
MS,2024-04-23,87.42196655273438,87.69236384112882,85.93012557681581,85.93012557681581,6393900
MS,2024-04-24,87.50586700439453,87.71099644363433,86.74129816682851,86.81589198358078,5100900
MS,2024-04-25,86.3030776977539,87.31939899810745,85.45459606003215,86.71333662050124,6770600
MS,2024-04-26,86.55482482910156,87.0023735234501,86.15389193718279,86.24713065570054,4606100
MS,2024-04-29,86.67715454101562,87.33586416276117,85.94316176838588,85.94316176838588,4416100
MS,2024-04-30,85.48207092285156,86.41368390383275,85.20918202311901,86.19724660679941,5860000
MS,2024-05-01,86.14077758789062,87.02533669240681,85.37855540257574,85.89611092888465,4713600
MS,2024-05-02,87.185302734375,87.43937438764351,86.19723114849432,87.08179019949621,4449200
MS,2024-05-03,88.1169204711914,88.85091332521664,87.77815343404173,87.8346122137676,5043500
MS,2024-05-06,89.19908905029297,89.31201378470868,88.17337578935856,88.98265177084544,5105100
MS,2024-05-07,90.14010620117188,90.27184813384122,89.12380513823965,89.32141803724365,7418000
MS,2024-05-08,89.99894714355469,90.38476791049668,89.49079663995612,89.80133425538799,4662600
MS,2024-05-09,92.3232650756836,92.46441919401325,89.95189599005626,89.95189599005626,6766700
MS,2024-05-10,92.48323059082031,93.15135238430967,91.8715675693622,92.9160979283178,6118400
MS,2024-05-13,92.74671173095703,93.13253247365427,92.61496981379115,92.92550740970903,5379000
MS,2024-05-14,93.51835632324219,94.2711735150478,92.94433482985468,93.16077210580278,6216600
MS,2024-05-15,94.59111022949219,95.02398475427182,94.09237192240705,94.13942568622112,6938500
MS,2024-05-16,93.7065658569336,94.48761245075728,93.58422893296306,94.24294578221314,4339300
MS,2024-05-17,94.3088150024414,94.38409815742938,93.44308025827014,94.00768956188632,4690800
MS,2024-05-20,94.41232299804688,94.93929069878608,93.51835172926835,94.14883914767728,5690200
MS,2024-05-21,95.54153442382812,97.16008616038485,94.24293246699341,94.39349157908923,8337100
MS,2024-05-22,94.79814147949219,96.4731521970951,94.26176156228905,95.30629200832625,5194300
MS,2024-05-23,93.08548736572266,94.62875612118891,92.67144437873685,94.45937261488669,5594500
MS,2024-05-24,93.13253784179688,94.0170969189502,92.98197153955952,93.58422238971605,3550500
MS,2024-05-28,92.85023498535156,93.59363999200579,92.59616330987583,92.62439269832903,5541600
MS,2024-05-29,91.53280639648438,91.93744437368625,90.77999639709725,91.62691392837988,4679600
MS,2024-05-30,91.49516296386719,92.04094782622273,90.89290497267501,91.92803028613345,4548800
MS,2024-05-31,92.06918334960938,92.18210807662349,90.7141225224224,91.58926941344146,7155500
MS,2024-06-03,91.66455078125,92.37031415771396,90.8364504913853,92.37031415771396,5671200
MS,2024-06-04,90.88350677490234,91.79629524914203,90.02717707493841,90.57296915759257,5409600
MS,2024-06-05,90.95879364013672,91.85275777318168,90.80822733005931,91.12816996987858,4499700
MS,2024-06-06,91.1375732421875,91.70218249094266,90.58237618174049,90.78940124814315,4741200
MS,2024-06-07,91.41047668457031,91.91862720349772,90.2718459063687,90.45064160174965,4018400
MS,2024-06-10,90.70471954345703,91.11876973848666,89.78252597376019,90.92115683069449,4566000
MS,2024-06-11,89.80134582519531,90.77059319272519,89.14263611310628,90.77059319272519,5330000
MS,2024-06-12,90.00836944580078,92.11624766915264,89.96131567597082,91.57986771831855,5435700
MS,2024-06-13,89.59430694580078,89.9142567420476,89.02969768233757,89.8672029786772,3955900
MS,2024-06-14,89.8672103881836,89.88602758744544,88.44627133411835,88.8226799339273,3406600
MS,2024-06-17,91.31637573242188,91.4575298499854,89.09557296623883,89.40611058899925,4874100
MS,2024-06-18,91.81511688232422,91.92804161572681,91.09994126290154,91.29755416180842,4558400
MS,2024-06-20,91.69278717041016,92.24798428952002,91.38224953799437,91.88098788008203,3956800
MS,2024-06-21,90.48828887939453,91.617507539665,90.23421001422552,91.57986596040304,10785300
MS,2024-06-24,91.37284088134766,91.8998158117172,90.50710609635098,91.02466883705397,8418200
MS,2024-06-25,92.03155517578125,92.53969853321023,90.97761252391302,91.08112506915887,7439700
MS,2024-06-26,91.17522430419922,91.91862931119134,90.41300209802868,91.63632106773721,6514200
MS,2024-06-27,90.12126922607422,90.6576490710844,89.55665999649443,90.41298961855054,5437800
MS,2024-06-28,91.45753479003906,91.57986453619017,90.48828747215744,91.03407241447529,9058800
MS,2024-07-01,93.31133270263672,93.51835059728094,91.69278086493344,91.76805683598754,7420600
MS,2024-07-02,93.77242279052734,93.91357689277076,92.8031756301962,93.13253041583359,5570900
MS,2024-07-03,94.28998565673828,94.66639423245188,93.63127603378679,94.03591399628455,3112000
MS,2024-07-05,93.71597290039062,94.2053062480965,93.07608759544726,94.19589405849526,3633200
MS,2024-07-08,94.656982421875,95.29687484932553,93.94181402249816,93.94181402249816,3884400
MS,2024-07-09,96.55784606933594,96.83074211840419,94.08297160829154,94.66639810408178,7113600
MS,2024-07-10,97.35771179199219,97.40476555909866,96.04028528637642,96.4637476521441,5619000
MS,2024-07-11,98.46810913085938,99.07977218092435,97.80939949503345,98.1011127366997,7761000
MS,2024-07-12,97.95054626464844,99.5785103324081,97.83762871549749,98.80687596915816,7060600
MS,2024-07-15,99.05154418945312,100.24663373969219,97.15068404888811,97.80940087339346,10093900
MS,2024-07-16,99.95492553710938,102.67446677675208,96.74605095407107,97.98819433280269,16716400
MS,2024-07-17,100.6512680053711,101.35703139028297,98.36459435108077,98.89156204774144,11412000
MS,2024-07-18,98.62808227539062,101.28175242515101,98.17639771084235,100.24663418704813,9130700
MS,2024-07-19,96.0685043334961,98.54338575718965,95.72974452850369,98.53397356890216,12555900
MS,2024-07-22,96.39786529541016,97.14127021559077,95.93676140632095,96.4260946805797,8931200
MS,2024-07-23,97.39533996582031,98.02582015365515,96.15319678676539,96.40726842774204,7400600
MS,2024-07-24,95.95560455322266,97.86586990359893,95.74857944895376,96.79310998093051,7967400
MS,2024-07-25,97.45181274414062,98.04465862396987,95.84267297491269,96.05911025377353,5582300
MS,2024-07-26,98.04466247558594,99.6443901182997,97.90350834725302,98.67514277882276,6599600
MS,2024-07-29,96.43551635742188,98.40224029797068,96.29436223828948,98.30813994501466,5183400
MS,2024-07-30,97.64002990722656,97.97879696233124,96.71782910624214,97.45182199916974,6225500
MS,2024-07-31,97.99606323242188,99.0499891210464,97.08456113166076,97.87263314639347,5444600
MS,2024-08-01,96.61932373046875,98.73666526538943,96.07811909324045,98.50879153497102,5678100
MS,2024-08-02,91.00788116455078,94.01773845452361,90.23880278448196,93.99875199500511,11120700
MS,2024-08-05,87.4188461303711,88.65317617411299,86.34593360347075,87.96954767259292,9659500
MS,2024-08-06,88.27338409423828,89.09942918546393,86.89663020223524,87.54227855476655,6068300
MS,2024-08-07,87.45682525634766,90.51415977179886,87.36187846426037,89.83053127840904,7215700
MS,2024-08-08,89.8495101928711,90.23880142490144,88.09296933287085,88.76710091723959,6592300
MS,2024-08-09,89.93497467041016,90.3147690816689,89.27033263971337,89.52669694600279,3542600
MS,2024-08-12,90.04889678955078,90.40970469542621,88.81457416053873,90.10587065277979,4196300
MS,2024-08-13,91.82443237304688,91.90988954692259,90.15334149656418,90.93191669288423,5941500
MS,2024-08-14,94.41651916503906,95.50841797941281,92.58401809576833,92.8213886630626,10161700
MS,2024-08-15,95.55590057373047,96.09710520902463,95.09065626296274,95.70782122278334,5885100
MS,2024-08-16,96.31549072265625,96.37245734488653,95.38499484370129,95.54640510267066,4159700
MS,2024-08-19,96.60983276367188,96.88518352485525,96.18256858761448,96.3914486275693,4070500
MS,2024-08-20,95.68883514404297,96.49589373550992,95.51792802222842,96.13509303122405,3396900
MS,2024-08-21,95.60338592529297,96.11610729459888,94.91026058049725,95.99266994548441,3576000
MS,2024-08-22,95.47994995117188,95.87873807346995,94.8532953200909,95.66985078178429,2777300
MS,2024-08-23,96.74275207519531,97.3978971877688,95.72680629232164,95.8407467774573,3814800
MS,2024-08-26,97.16053771972656,97.84416622075865,96.82822032171818,97.834669368251,2679000
MS,2024-08-27,96.92316436767578,97.65426262257198,96.88518420269763,97.28396506900464,2537200
MS,2024-08-28,97.03710174560547,97.51184296205946,96.29650660697342,96.74276450947634,2836800
MS,2024-08-29,97.4168930053711,97.72072708428001,96.16357652437476,97.72072708428001,3325600
MS,2024-08-30,98.37586975097656,98.56576332896097,96.9421493320746,97.71123498405548,4951400
MS,2024-09-03,94.25509643554688,98.04353569467933,93.48601815832762,97.65424450884403,6634000
MS,2024-09-04,95.09066772460938,96.20156043980151,94.64440981919644,94.70137644747004,4212500
MS,2024-09-05,94.53046417236328,96.18256874211738,94.11269684780683,95.89772112830441,4462400
MS,2024-09-06,91.71050262451172,95.70782995052868,91.28323843704432,94.66339350298453,9246800
MS,2024-09-09,93.22017669677734,94.01773838754342,92.66947519945292,92.8213958513943,5281500
MS,2024-09-10,91.7389907836914,93.45755158503862,90.09638306783621,93.42906827248216,7798600
MS,2024-09-11,92.1282730102539,92.2327166502545,89.33679253019355,90.66606929422113,6764100
MS,2024-09-12,91.75796508789062,92.7549243591434,90.84646298696155,92.45109032550037,4751200
MS,2024-09-13,93.28665161132812,93.75189598799747,91.95737471972514,91.97636842553482,5354800
MS,2024-09-16,95.03369140625,95.1286454428968,93.7708853001734,94.14118286237287,4467200
MS,2024-09-17,94.79631042480469,95.72680627665571,94.4165232956983,95.59387933267344,4748600
MS,2024-09-18,94.28359985351562,95.9072137958663,94.22662598685348,95.06217508746113,5195900
MS,2024-09-19,95.64136505126953,96.30599983167727,94.49248497603132,96.10660939755495,9091900
MS,2024-09-20,97.29344940185547,97.35041602000454,95.12863098449222,95.77427921808957,14513400
MS,2024-09-23,97.29344940185547,97.35041602000454,96.19204649114091,96.55285439001803,3962400
MS,2024-09-24,97.39791107177734,97.68275145925756,96.79973249451413,97.57830781065529,4749700
MS,2024-09-25,97.1700210571289,97.61627892450085,96.58134663121318,97.55931230108332,3825100
MS,2024-09-26,99.31585693359375,99.49626090647149,97.7682032396727,97.86315003024885,5183000
MS,2024-09-27,98.8506088256836,99.8285744949402,98.76515164663542,99.62918406912846,3113300
MS,2024-09-30,98.97402954101562,99.12595018093141,97.91061403750442,98.49928840724102,3378600
MS,2024-10-01,99.14494323730469,99.87604868860058,97.85364668798043,98.91706950624021,5437400
MS,2024-10-02,99.23988342285156,100.0754324544889,98.6607059040686,99.53422785171236,3293600
MS,2024-10-03,99.2873764038086,99.41080651061972,97.9486099580154,98.3473908359984,4587200
MS,2024-10-04,102.43016052246094,102.62006135221746,101.23381789288662,102.17380345725958,5608900
MS,2024-10-07,102.20228576660156,103.41762208919896,101.85097466798555,102.24976278456823,4439900
MS,2024-10-08,102.05986022949219,102.74348871037797,101.96491343914155,102.21178088923381,3679400
MS,2024-10-09,103.53155517578125,103.8448860863928,101.80349760752635,101.80349760752635,4445800
MS,2024-10-10,102.62004852294922,103.52205380860472,102.21177084498436,102.96186272980238,4065500
MS,2024-10-11,104.87982177734375,105.84829785189108,103.49357838567508,103.49357838567508,5826200
MS,2024-10-14,106.60787963867188,106.75980029539927,104.96527919066664,105.44002037697634,7179300
MS,2024-10-15,106.55091094970703,110.19691971280712,106.3705069843329,109.5987484374791,8925200
MS,2024-10-16,113.47264099121094,115.31463187810995,110.61469700592075,110.97549770162813,21458500
MS,2024-10-17,113.40616607666016,114.27968803751926,112.7320345257379,113.71948972428956,9357200
MS,2024-10-18,114.94432830810547,115.0013021736879,113.09284066611978,113.4916215053205,6852900
MS,2024-10-21,112.30477905273438,114.5930351533664,111.92498463737925,114.28920106987749,7469100
MS,2024-10-22,112.34275817871094,112.61810894619508,111.32681229232678,111.70660670416613,4429600
MS,2024-10-23,112.30477905273438,112.74154009500117,111.27933630446834,111.93448148985652,5661600
MS,2024-10-24,113.14981079101562,113.31122105321695,111.98195154805836,112.4187125631784,5611800
MS,2024-10-25,110.97550201416016,113.93788975563808,110.45329103249904,113.93788975563808,7271700
MS,2024-10-28,113.11183166503906,113.63404986398142,111.57367486810989,112.15285969094575,5994000
MS,2024-10-29,113.27324676513672,114.02333144371045,112.81749205174879,112.88395552620375,4622200
MS,2024-10-30,111.96295928955078,113.29223605584376,111.83952918932863,112.61810444267549,5673000
MS,2024-10-31,111.25001525878906,112.83862113181542,110.72366818007562,112.09216328348103,5374600
MS,2024-11-01,111.82420349121094,112.94387927244306,111.29786373226598,111.65194511707912,4372100
MS,2024-11-04,111.14472961425781,112.39838318073285,110.9533346869901,111.97731288049417,4366300
MS,2024-11-05,112.74290466308594,112.82903749487623,111.0968819344149,111.0968819344149,4798400
MS,2024-11-06,125.83452606201172,127.77721313804629,122.16925535630428,123.93967676812277,22798700
MS,2024-11-07,122.91570281982422,125.89194000080553,122.57118610232325,125.11678103705269,7780000
MS,2024-11-08,123.95883178710938,124.90625651923293,122.26496381668301,123.43248471370741,6979300
MS,2024-11-11,127.77723693847656,128.22702315340663,124.93497707072714,124.93497707072714,6861300
MS,2024-11-12,126.61925506591797,128.06431829011632,126.0450702332714,127.46141034346412,5683300
MS,2024-11-13,127.04989624023438,128.85860546202164,126.77237576390111,127.71980044293181,6134800
MS,2024-11-14,126.73409271240234,129.1074368160947,126.30345042505853,127.37528842761265,7344200
MS,2024-11-15,128.29396057128906,128.61933337124498,126.8393330034043,127.63363573446982,7281900
MS,2024-11-18,128.02603149414062,129.68161894756884,127.68151475098522,128.89689528968603,6434100
MS,2024-11-19,126.55226135253906,128.32268267102384,126.25558242439055,127.52837985581299,7244800
MS,2024-11-20,126.02593231201172,127.90162329743562,125.41345970008774,127.4327078523291,5125600
MS,2024-11-21,129.1840057373047,129.7390613475099,127.41356948746903,127.47098651568,5547400
MS,2024-11-22,128.89691162109375,129.83475719531594,128.1983134098619,128.88733238097402,6334100
MS,2024-11-25,127.91119384765625,130.38022800370496,127.8346329510542,129.61463364018243,8012300
MS,2024-11-26,125.633544921875,126.12160417218165,123.00182453988455,125.12634179827295,8817300
MS,2024-11-27,125.56656646728516,126.73407992309879,124.95409392870386,125.8345222902584,5507800
MS,2024-11-29,125.94937133789062,127.02119475751742,125.7675410215256,126.59055246231016,4068200
MS,2024-12-02,125.39429473876953,127.2795646464696,125.20289981769518,126.60967512146115,5512100
MS,2024-12-03,124.8296890258789,127.46140965142374,124.4181760256765,127.46140965142374,4791300
MS,2024-12-04,124.39905548095703,125.55700446003961,124.06410335502453,124.59045043756169,6203700
MS,2024-12-05,124.71483612060547,126.18859302294409,123.85353710281366,124.35117556181586,4991900
MS,2024-12-06,124.3703384399414,124.95410250918333,123.62387333611727,124.90625012268845,5013200
MS,2024-12-09,123.0496826171875,125.145491463885,122.81043529866034,124.90624414535783,7753900
MS,2024-12-10,121.336669921875,123.07839009408265,121.08785066834572,122.14053740077915,6551300
MS,2024-12-11,122.10225677490234,122.44677349428417,120.84860317458158,122.25537856184923,8835400
MS,2024-12-12,122.40851593017578,123.28894441344409,121.88216884710799,122.38937205374627,3610500
MS,2024-12-13,121.92044067382812,123.26979181666954,121.26011570746478,122.49463280485105,6091500
MS,2024-12-16,123.48033905029297,123.74829490961514,121.91087704462056,122.24582186877329,5659700
MS,2024-12-17,122.24581146240234,123.16452031669307,121.70989978937833,122.59033549666644,7141400
MS,2024-12-18,115.83399200439453,122.86786227904716,115.11624999062897,122.64775881685868,7858800
MS,2024-12-19,115.31720733642578,119.56624204273186,115.12581240242498,119.41312025453223,8632400
MS,2024-12-20,118.13076782226562,119.18345464810173,115.34592530629305,115.98710641915468,14884000
MS,2024-12-23,119.09732055664062,119.30785937984227,117.50872204736774,117.8053864066523,5074100
MS,2024-12-24,121.59506225585938,121.74818405366503,119.23129743629102,119.69065552845882,2902800
MS,2024-12-26,122.5233383178711,122.6573162351228,121.04957392685323,121.08785437481785,3013500
MS,2024-12-27,121.3079605102539,122.36064723486135,120.40838827043095,121.58548827150244,3088100
MS,2024-12-30,120.3414077758789,120.7337769042408,118.6858130289176,119.19302350487912,2637900
MS,2024-12-31,120.31269836425781,121.37495709254819,119.81505982963127,120.89646243300294,2970000
MS,2025-01-02,119.41312408447266,121.80559734246016,118.86764047370146,121.06871879154954,5014300
MS,2025-01-03,120.52323913574219,120.58065615941835,118.74323838928893,120.2457113525587,3988400
MS,2025-01-06,123.10709381103516,124.36074736438714,122.14053264557953,122.14053264557953,6665200
MS,2025-01-07,121.42280578613281,124.0832423053151,120.06388266494031,124.07366306624071,7268800
MS,2025-01-08,122.36065673828125,122.49463466084161,120.35098059862666,121.4515197921575,5744500
MS,2025-01-10,118.14032745361328,121.05914777096217,117.98721296059198,120.87731746557843,6873800
MS,2025-01-13,118.6571044921875,118.9537761481114,117.18334005392559,117.18334005392559,5433000
MS,2025-01-14,119.260009765625,120.00646025500016,118.37000942031254,120.00646025500016,8999900
MS,2025-01-15,124.93495178222656,125.78667164613078,122.93484771791739,124.13108430219283,11349500
MS,2025-01-16,129.96871948242188,130.29409235230423,126.22688767127934,126.65754455479836,16235700
MS,2025-01-17,131.94012451171875,132.14109871174233,128.74378340562527,130.3036808075958,12481500
MS,2025-01-21,131.39463806152344,131.700867054132,129.47108016069174,130.57162665279657,11213300
MS,2025-01-22,130.15052795410156,132.42816686609706,129.97827691159569,131.35632905913073,7177500
MS,2025-01-23,131.8731231689453,132.2559130325863,130.1218310679181,130.1218310679181,6911000
MS,2025-01-24,131.8922576904297,133.0597710724958,130.60031643788233,130.60031643788233,6475500
MS,2025-01-27,130.7725830078125,130.87785241572047,128.3514012284273,129.44236845470166,6460700
MS,2025-01-28,132.58128356933594,132.8683832633183,129.80602059999939,130.21753356862342,5885100
MS,2025-01-29,132.74398803710938,135.39483780061835,132.2367702898252,132.51430535546166,5719800
MS,2025-01-30,133.92108154296875,134.44742856496612,132.91623988324605,133.79666826436096,4545700
MS,2025-01-31,133.35751342773438,134.63878010712514,132.72170892715857,134.04150342186873,5502700
MS,2025-02-03,132.13406372070312,132.9432801589691,129.00315313724914,130.83352575232635,5307000
MS,2025-02-04,131.7583465576172,132.82767346066035,131.2959245943767,132.68316108477447,5997300
MS,2025-02-05,133.83917236328125,134.11855410715856,131.5078503368837,132.43267946537165,5871200
MS,2025-02-06,135.91043090820312,136.2186975578721,134.87000340370062,134.87963168349336,4576600
MS,2025-02-07,134.85072326660156,136.8256082692155,134.6965973017458,136.81597999005666,3529000
MS,2025-02-10,132.278564453125,135.16863582749843,130.6408602809127,135.11083675195707,5517700
MS,2025-02-11,132.74098205566406,133.1456050151721,130.4771014565624,131.79689611602868,5096800
MS,2025-02-12,132.08587646484375,132.2496453879172,130.6312127130775,131.09361994879444,4688900
MS,2025-02-13,131.8257598876953,133.03959903753923,131.3537243957874,132.91435793168924,4699800
MS,2025-02-14,133.8584442138672,134.4653637915037,131.4500518577355,131.4500518577355,5044500
MS,2025-02-18,135.55398559570312,135.6214129496678,133.80066859733992,134.30161841110984,3797000
MS,2025-02-19,135.53472900390625,135.7659253278465,134.1571205418825,134.8796384535249,3623100
MS,2025-02-20,129.41737365722656,135.90077674102736,127.57735829051362,135.11081695858726,8860800
MS,2025-02-21,126.864501953125,130.63123183415075,126.11308457272385,130.2266089065534,6704100
MS,2025-02-24,125.20751953125,128.097590740497,124.17672041078066,127.89527928799828,7784500
MS,2025-02-25,124.85108184814453,126.47914294476766,121.74906356448655,126.2286753990554,7458500
MS,2025-02-26,126.2479476928711,127.39434496474074,125.38091750506415,125.63139975249527,5493600
MS,2025-02-27,124.5042724609375,128.00124861360175,124.09002127886882,126.97046419714376,5538700
MS,2025-02-28,128.2324676513672,128.52147772914833,124.2634409954733,125.14008480853641,7424200
MS,2025-03-03,124.39830780029297,129.08022392338756,123.04960638194163,128.44440470551552,5969400
MS,2025-03-04,117.25981903076172,121.9320991627979,114.88032598737728,121.83576492963,12996500
MS,2025-03-05,119.21543884277344,119.82235115821558,116.990086336321,117.52956395004735,7291900
MS,2025-03-06,114.99593353271484,118.61815074342744,114.2541444894172,116.37353440615091,8611500
MS,2025-03-07,114.91887664794922,115.11154514026724,111.21958132682194,114.37939898959327,8513500
MS,2025-03-10,107.59734344482422,112.01914845496908,105.2178505283248,111.7494096765503,16765700
MS,2025-03-11,107.93452453613281,109.35066057261635,106.29681314469137,107.61661494634447,13490400
MS,2025-03-12,109.82270812988281,111.36407800209034,108.42584329097033,110.78606521874143,7925500
MS,2025-03-13,107.58771514892578,110.64155521958432,107.1542074183288,109.82270320077282,7435500
MS,2025-03-14,111.11360168457031,111.52784552149204,108.41620628005106,109.81307110115645,6879400
MS,2025-03-17,113.6375961303711,114.92849839240316,110.63191950445116,110.75716062417551,8374900
MS,2025-03-18,113.7821044921875,114.84179580263462,112.98251635755248,113.94587343065554,7234900
MS,2025-03-19,115.45834350585938,116.80704487541807,111.9709956122337,112.93435268337116,8430800
MS,2025-03-20,116.05562591552734,117.34652084490902,114.46608530037756,114.46608530037756,7026000
MS,2025-03-21,115.73771667480469,116.45059884171019,113.96514321118427,114.97666371493578,10989900
MS,2025-03-24,119.71636962890625,120.24621891207946,117.52955250072797,117.82819081497259,6184400
MS,2025-03-25,120.6123046875,121.43116409358963,119.60078415323902,120.32330197049599,4326300
MS,2025-03-26,117.72223663330078,121.71053450548763,117.1538594627894,121.16142124337007,5084600
MS,2025-03-27,114.63948822021484,115.44870460914456,113.23298781814823,114.57205352113738,8239400
MS,2025-03-28,111.10397338867188,115.05373593207008,110.4296190252719,114.36011766106724,7349400
MS,2025-03-31,112.39486694335938,112.7416760745415,108.06939578201097,109.54333091461945,7616600
MS,2025-04-01,111.49894714355469,112.59717363427666,109.37956449299718,111.73978641520128,6651000
MS,2025-04-02,114.89960479736328,115.94003229012138,109.70711031292048,109.79381627889956,8415300
MS,2025-04-03,103.97513580322266,107.30835060605648,102.96360787223384,106.07525465007537,15186100
MS,2025-04-04,96.17193603515625,99.90012311358967,93.74427215401583,97.81927570815746,18876900
MS,2025-04-07,97.22200012207031,100.51667975377285,90.87348014197387,92.74238798256337,20721400
MS,2025-04-08,96.63433837890625,103.02139999681988,94.66908921568903,101.36442477980356,10710100
MS,2025-04-09,107.60697937011719,109.72636928657002,94.30302088319306,94.6016592162616,16919500
MS,2025-04-10,102.67459869384766,104.88068727492146,99.62075853373372,104.78434568767247,10956700
MS,2025-04-11,104.15817260742188,105.19859269264138,99.11981172552571,99.11981172552571,10573200
MS,2025-04-14,105.11189270019531,107.41431555779747,104.57241508162683,106.4316945597147,8224500
MS,2025-04-15,106.39315795898438,108.0404976790332,106.0270775657527,106.05597710209601,6003800
MS,2025-04-16,103.90768432617188,106.27754161215009,102.74202326374949,105.56465950575756,6520100
MS,2025-04-17,105.17933654785156,106.6918070169885,104.18707983463733,104.54351728511314,5233100
MS,2025-04-21,102.40486145019531,104.36047516392911,100.940554559731,104.17743496516324,7784500
MS,2025-04-22,106.33534240722656,106.64361635147408,104.01365587238789,104.06181931221465,6571300
MS,2025-04-23,108.19463348388672,112.33707195132422,107.8285604320465,109.10019150928733,9243800
MS,2025-04-24,111.36407470703125,111.65308476507009,107.16383733589849,107.77075698781383,6640700
MS,2025-04-25,111.7590560913086,112.80911177290913,110.75716385345703,111.47004602949002,5013200
MS,2025-04-28,111.58565521240234,113.57980412533541,109.65894100281169,111.63381865774325,4171200
MS,2025-04-29,111.95172119140625,112.20219608077687,110.04427836035948,111.1521330809972,4689800
MS,2025-04-30,112.08281707763672,112.47125321147062,108.79083399401979,109.8396093327304,6502400
MS,2025-05-01,113.38407897949219,114.41342845450704,111.35450403466115,112.19935208473002,7743600
MS,2025-05-02,116.7440414428711,117.02565746813332,115.03492681763976,115.85064347853783,6894400
MS,2025-05-05,116.14196014404297,117.3752443202701,114.96694620394196,115.30682504466489,6540300
MS,2025-05-06,114.90868377685547,115.70497452452405,113.82106407395078,114.40371457561993,5739600
MS,2025-05-07,115.65642547607422,116.53040499529969,114.78244595684875,114.9086919705613,4680600
MS,2025-05-08,118.35603332519531,119.69613758823925,116.52068022553354,116.52068022553354,6449300
MS,2025-05-09,118.18124389648438,119.6670127139285,117.95789811297541,118.94840324913488,4240100
MS,2025-05-12,123.38626861572266,125.46439347486158,122.78419962831806,123.73586040593325,9162100
MS,2025-05-13,125.61005401611328,126.34807447650054,123.55134781629008,124.06602251404523,6086700
MS,2025-05-14,127.2511978149414,127.76588741094818,125.39643343316638,125.61977923079442,6273400
MS,2025-05-15,128.67868041992188,129.18364960237508,126.26068426189369,126.49373556332928,7209300
MS,2025-05-16,128.35821533203125,129.13508754926377,127.9794921635511,128.45532991578722,6303800
MS,2025-05-19,127.05697631835938,128.30968642024092,125.33816358151786,126.53259603642276,7703500
MS,2025-05-20,125.39642333984375,126.61998717946773,124.41561634411393,126.11501797461703,5220100
MS,2025-05-21,121.67716217041016,124.92058807748074,121.45380897743547,124.38648744784777,6371600
MS,2025-05-22,122.60940551757812,123.3959833525976,121.0071110239282,121.0071110239282,5689200
MS,2025-05-23,122.42489624023438,122.91043957543144,120.2982140612542,120.51185431414943,3361400
MS,2025-05-27,125.47410583496094,125.78484584113544,123.15320204987111,123.85238558577065,5472400
MS,2025-05-28,123.82325744628906,125.67802904473642,123.59019132229335,125.47410915164537,4050900
MS,2025-05-29,124.45446014404297,124.68751144090255,123.26002038601892,124.39619731982808,4337500
MS,2025-05-30,124.32821655273438,124.61954549705253,122.69679076391894,123.92036195773122,6436100
MS,2025-06-02,124.68750762939453,124.75549080063733,122.70649757861786,123.79411718646594,3607900
MS,2025-06-03,124.95942687988281,125.44497021992142,123.4542469710452,124.41562070985667,4145600
MS,2025-06-04,124.45446014404297,125.6780239053718,124.45446014404297,125.11479190861891,3123200
MS,2025-06-05,126.84332275390625,127.2608976832462,123.658159996692,124.65837797619254,6193300
MS,2025-06-06,128.00863647460938,129.70803794163848,127.0375499220213,128.26111364394453,5004400
MS,2025-06-09,128.13487243652344,129.05740173241912,127.31916325810654,128.40677549599573,4838600
MS,2025-06-10,128.00863647460938,128.63013127556152,127.35799544488309,127.7949962476316,3816900
MS,2025-06-11,127.99893188476562,129.59151343438103,127.6202086753329,128.2125721380463,5810200
MS,2025-06-12,128.10574340820312,128.18343211487027,126.04704454314357,126.88217961780832,4258700
MS,2025-06-13,125.74601745605469,127.28033616329184,125.08567081937741,126.42577515733531,4367500
MS,2025-06-16,127.11522674560547,128.9603001287433,126.52286334212727,126.52286334212727,6240500
MS,2025-06-17,126.32864379882812,127.37741903488102,125.91108370117247,126.08587216504564,4767700
MS,2025-06-18,128.68841552734375,129.11569605245086,126.17328967593734,126.2606987416055,6170400
MS,2025-06-20,128.87290954589844,129.51381544220982,128.0960373003268,129.49440437883462,8904400
MS,2025-06-23,130.1256103515625,130.22272494304647,127.11523582683459,128.2416998905811,5232400
MS,2025-06-24,131.97067260742188,132.7281190250809,131.10640606329264,131.75703235448145,5599900
MS,2025-06-25,133.73806762695312,133.90315059539162,131.4948596181598,132.18432290883774,5736400
MS,2025-06-26,135.70936584472656,136.14635189465866,133.8545866980649,134.0196696583678,6013200
MS,2025-06-27,136.6221923828125,137.79719901077877,135.07816806129946,136.19491185714938,7249300
MS,2025-06-30,136.7872772216797,137.74865841760214,135.51515597767397,137.41847766840377,8034400
MS,2025-07-01,136.9912109375,137.5155912474509,135.43746625579567,136.48624169330498,6166700
MS,2025-07-02,138.7294464111328,138.74887229404268,136.9037986753879,137.52529357004042,5494500
MS,2025-07-03,139.97242736816406,140.38028197789345,138.54492882530812,139.21498097615145,3974700
MS,2025-07-07,139.583984375,140.96292548152456,138.37983173295103,139.94328165260293,5991600
MS,2025-07-08,137.04945373535156,139.89473030143566,136.94263361887985,139.45774430408963,6620400
MS,2025-07-09,137.45733642578125,138.80714645485395,136.8261211293493,138.76829468586303,4837000
MS,2025-07-10,138.95277404785156,139.02075722035016,137.23396148388198,137.6612271288247,5622800
MS,2025-07-11,138.16619873046875,138.33128167252548,137.03973473073475,137.75834414110412,3647500
MS,2025-07-14,139.80734252929688,139.88503123737772,137.8943006934233,138.33128671097282,5376100
MS,2025-07-15,137.49615478515625,139.8364771605267,137.4573178390251,139.14699912144675,7392200
MS,2025-07-16,135.7482147216797,135.9521494656258,131.34919278509346,135.46660607467714,10610800
MS,2025-07-17,136.82611083984375,137.59327763483537,135.10729804026408,135.23352923597108,7695800
MS,2025-07-18,136.7581329345703,137.65153086294015,136.1463436113233,137.36020190817462,5572300
MS,2025-07-21,136.40853881835938,138.39926935465445,136.12691540044912,137.15627966535533,5853400
MS,2025-07-22,135.99095153808594,136.8163810180352,134.91304489393792,136.7289867863054,5257200
MS,2025-07-23,138.09823608398438,138.50609069021158,135.8841449367987,136.70957449881476,6612900
MS,2025-07-24,138.37985229492188,139.5645792333115,137.7486518781632,138.35072087984727,3817900
MS,2025-07-25,138.87509155273438,139.23440367645276,137.94285669968397,138.787697313562,3463000
MS,2025-07-28,138.4381103515625,139.00134238626183,137.91373008069422,138.90422779429056,3729300
MS,2025-07-29,139.40919494628906,139.88503273176534,137.99141675708404,139.3509321190075,5158700
MS,2025-07-30,140.74929809570312,141.27367835456445,139.13729073857172,139.6713913469714,5236800
MS,2025-07-31,139.3021240234375,141.49246083892652,138.852314187085,140.0257110411756,5523700
MS,2025-08-01,136.00682067871094,136.47619137293933,133.15154943130116,136.18283841918435,6678500
MS,2025-08-04,138.22650146484375,138.63718961753395,136.61308265637862,137.07265053252797,3851500
MS,2025-08-05,137.34645080566406,139.54657539302985,136.31972301411673,138.51984760148252,5331100
MS,2025-08-06,138.16783142089844,138.7056426544086,137.39533485261563,138.02114749145917,3765800
MS,2025-08-07,137.79623413085938,139.54656367781683,137.48333530783285,139.07719306245423,3728600
MS,2025-08-08,140.00613403320312,140.73950884739716,138.1482571387978,138.48071680696737,3943500
MS,2025-08-11,140.6906280517578,140.99375391868136,139.4976705028306,140.38750218483426,4024700
MS,2025-08-12,144.0250244140625,144.94418987501686,141.60979048994938,141.8542487542224,7111600
MS,2025-08-13,144.484619140625,145.77536604501634,142.16715937748094,144.8659734677316,5542000
MS,2025-08-14,145.21800231933594,145.3646862508165,142.92987622552346,143.74147956728783,4188600
MS,2025-08-15,141.42401123046875,145.5113465769755,141.25778138781914,145.33534377436402,4986000
MS,2025-08-18,141.5706787109375,141.84447079242327,140.63196726600037,140.915532307343,3548700
MS,2025-08-19,140.87643432617188,141.75647822570963,140.2408338026832,141.28712247399284,4257700
MS,2025-08-20,140.92529296875,141.5022258020424,137.90379245568434,140.63195499314992,4619300
MS,2025-08-21,140.84707641601562,141.24799157721847,139.73234725305971,140.2310516947435,3269400
MS,2025-08-22,144.73886108398438,145.5993440745971,141.46311419807878,141.60979811687181,6759600
MS,2025-08-25,144.37705993652344,145.3157863340649,144.29884641389907,144.69974666941113,2596500
MS,2025-08-26,145.6678009033203,145.72646850316124,143.05698826655365,144.05438222549742,4453800
MS,2025-08-27,146.06871032714844,146.79229725750525,144.74862970036708,145.0810893667769,3329200
MS,2025-08-28,146.85096740722656,147.0563189227243,145.87313430981618,146.51850773503878,3898100
MS,2025-08-29,147.14431762695312,147.40833673617453,145.82425192194347,146.56739969097376,3629400
MS,2025-09-02,145.5504608154297,145.76558528798785,142.43117088388524,145.26688086498993,5330200
MS,2025-09-03,145.23756408691406,146.2349581292489,143.682812878941,145.51135618942942,4338900
MS,2025-09-04,147.19322204589844,147.4083465313294,145.38422476037866,145.7264723291688,3955000
MS,2025-09-05,144.8072967529297,148.49373162997873,143.04719423069483,147.7701297817964,5697300
MS,2025-09-08,145.4917755126953,145.8926906512039,143.985919154155,145.03220769798736,3820800
MS,2025-09-09,148.8457489013672,149.4324547028846,145.06153975117002,145.12998030636967,6673200
MS,2025-09-10,150.7036590576172,151.1045742799407,148.06351220817623,149.51070127251654,4945600
MS,2025-09-11,153.01132202148438,154.26294721801827,150.6645285081207,150.967654387204,7399500
MS,2025-09-12,152.92332458496094,153.39268031568747,152.170388887353,152.58107701680743,4341600
MS,2025-09-15,153.16778564453125,154.96699507869178,152.4246378140432,153.86205375344042,4829900
MS,2025-09-16,152.35618591308594,154.0087263802638,151.7792679158316,153.59803823371578,7539500
MS,2025-09-17,153.9207000732422,154.4682841800508,152.19970439978897,153.1677644661064,4604200
MS,2025-09-18,155.71014404296875,156.59018784116736,153.9989361638225,154.39983638446267,4323700
MS,2025-09-19,156.3653106689453,157.51914668364196,154.61498088458612,156.01329011995216,14902000
MS,2025-09-22,157.14756774902344,157.4604665896712,154.33140358044685,155.79815326482225,4421200
MS,2025-09-23,157.1964569091797,160.34508094770715,156.06218175809454,157.02045409834847,5335900
MS,2025-09-24,154.38031005859375,157.89072765811275,154.34118837516957,157.52893414946692,5195200
MS,2025-09-25,155.4265594482422,155.71991234571894,153.15799454355474,153.90114228602081,5351100
MS,2025-09-26,156.5608673095703,158.22318069178144,155.78838568085126,156.02305608929763,5326800
MS,2025-09-29,157.58758544921875,157.7440423256266,156.17950340264616,157.12800270011383,4186000
MS,2025-09-30,155.43637084960938,158.63387464638615,153.3633543354715,157.81249834559304,5547100
MS,2025-10-01,153.41224670410156,154.9278911141561,152.10195382647515,154.38030692174806,5467400
MS,2025-10-02,151.85748291015625,153.52956915009983,150.30273186724762,153.21667031782368,5087400
MS,2025-10-03,154.09671020507812,154.3020617151989,152.69841607425795,153.45133679675408,5182100
MS,2025-10-06,154.58563232421875,155.2114449159558,151.57390456381253,154.4976309255094,4696300
MS,2025-10-07,152.51263427734375,155.7590325059497,151.95526223211968,155.26034298170933,4589700
MS,2025-10-08,152.19972229003906,153.07978106846863,150.60586441763206,153.01132558679706,4038600
MS,2025-10-09,152.8059844970703,152.9624264552778,150.42006931795336,152.13127726291273,6092600
MS,2025-10-10,148.49374389648438,154.44874424479607,148.4741830555802,153.3731367238636,5531700
MS,2025-10-13,151.69125366210938,152.17038233222502,149.95071193678334,150.86008955842658,4735800
MS,2025-10-14,151.89659118652344,153.6371329224924,148.51329699345752,151.07521495797496,8023800
MS,2025-10-15,159.0445556640625,163.07323838258478,158.05694955529682,159.31834775204803,13673700
MS,2025-10-16,156.47286987304688,161.09801664354137,155.44614204841653,159.4748099814058,10477500
MS,2025-10-17,155.1527862548828,157.41157847517505,154.35097081953597,157.13778638305175,7965000
MS,2025-10-20,158.37962341308594,159.52368631359218,155.964374538501,156.64885470283613,5741000
MS,2025-10-21,155.7003631591797,158.46763267283546,155.66125639951198,157.8711538741952,4220600
MS,2025-10-22,154.61497497558594,156.19907484579002,153.73493109701144,156.03284499852816,4360200
MS,2025-10-23,155.77859497070312,156.54130362540033,154.3998466639237,155.37767980282266,3735600
MS,2025-10-24,160.22772216796875,161.2446619622221,156.96176340270458,156.96176340270458,5547500
MS,2025-10-27,162.33985900878906,162.99500540972656,161.24467576673817,161.30335828728948,5056000
MS,2025-10-28,161.54782104492188,163.42525889976412,160.73621774111953,162.43763787052825,3601000
MS,2025-10-29,160.39398193359375,162.3398754134064,159.50415012218062,160.6677740416361,4963500
MS,2025-10-30,161.59669494628906,163.29812993497333,159.77792475857456,160.18862779627878,4960500
MS,2025-10-31,161.34091186523438,162.2263133038437,160.26858867569143,160.70145693861468,5323500
MS,2025-11-03,160.99658203125,161.99021555491922,158.95032024515132,161.63605197436678,4719200
MS,2025-11-04,161.3507537841797,164.2234074113226,158.25183355592412,159.69800033214597,5739200
MS,2025-11-05,162.50177001953125,163.2691369371327,159.00934160516837,161.21301271579054,4133000
MS,2025-11-06,160.7703094482422,162.98382799133128,160.0127900103088,161.9016723770955,4292900
MS,2025-11-07,159.72750854492188,159.96362260821383,155.49722539875978,159.5799466374796,6323300
MS,2025-11-10,162.3739013671875,163.36751993975398,161.1540011798567,161.1540011798567,5015400
MS,2025-11-11,163.80038452148438,164.016818662904,162.10827124023157,162.61984421189473,3237600
MS,2025-11-12,167.16493225097656,168.98494253988088,164.803851616373,164.803851616373,6892900
MS,2025-11-13,162.92481994628906,167.5879715595492,162.4919516516339,166.56482558829433,6090900
MS,2025-11-14,161.20318603515625,162.12794734280354,157.34674644201468,161.5376696962334,6691200
MS,2025-11-17,156.8647003173828,161.42946750246028,156.18588546469525,160.60309073022566,5727200
MS,2025-11-18,157.238525390625,159.04868811088755,155.23159345223428,156.0678175951277,4864900
MS,2025-11-19,159.6586456298828,160.26860324279838,157.45497428944512,157.7501131329352,6413600
MS,2025-11-20,156.12686157226562,164.2332649857799,155.9399397988676,161.5376854863172,5258600
MS,2025-11-21,155.60543823242188,157.5139855774408,152.71310483420837,157.1893343785205,9021300
MS,2025-11-24,160.1898956298828,161.79347180821418,156.42199299105903,158.71421645072186,10125700
MS,2025-11-25,162.7477264404297,163.18059472391835,158.0157177267537,160.85885893997562,5561000
MS,2025-11-26,165.217041015625,166.22050704676363,163.18059657108347,164.27259974901486,4844200
MS,2025-11-28,166.90914916992188,167.50925927642456,165.03994661966533,165.2760606818806,2133700
MS,2025-12-01,165.73843383789062,167.0173586804242,165.0104267708771,166.26967168960397,4393500
MS,2025-12-02,166.348388671875,167.36168715777507,165.95488023494892,166.15163445341196,4338700
MS,2025-12-03,170.9033203125,171.17877921607487,165.37444730468127,165.8171480417563,6223300
MS,2025-12-04,172.05435180664062,173.14635498684257,170.90332386178744,171.4936015310692,4813200
MS,2025-12-05,173.64808654785156,174.4449659325615,171.4739275800626,171.6411694228629,4641600
MS,2025-12-08,173.962890625,176.05835973444132,173.20537115633607,174.1202999971818,7271700
MS,2025-12-09,175.9304656982422,177.72094854988723,173.91370124101599,173.91370124101599,4191200
MS,2025-12-10,176.79620361328125,178.3702523395386,174.8679762852394,175.60581584762437,6591200
MS,2025-12-11,177.36679077148438,179.02939169549947,176.58960635132627,177.20939640288768,7598700
MS,2025-12-12,175.51727294921875,178.2128371214823,174.86797055287258,178.2128371214823,4961500
MS,2025-12-15,174.90731811523438,177.96689338175622,174.84829335308027,176.9929547834453,5219000
MS,2025-12-16,173.64808654785156,175.75338829160995,172.83154224849588,175.2418303058862,6840500
MS,2025-12-17,171.96580505371094,176.54040419526248,171.63132139844828,175.16310972571986,5796100
MS,2025-12-18,170.15565490722656,174.19901648433617,169.78181137581487,173.68744349578094,7993400
MS,2025-12-19,174.11045837402344,174.81878556123542,170.6475421380809,170.6475421380809,10639400
MS,2025-12-22,176.8453826904297,177.33727573697655,174.53349437849013,174.71056866978245,4574600
MS,2025-12-23,176.589599609375,177.6520903666081,176.22560356702647,176.91425081392268,3514800
MS,2025-12-24,178.70474243164062,179.04907357769014,176.61912066393927,177.23891072227443,2648000
MS,2025-12-26,178.92117309570312,179.38355376333567,178.1636686073558,178.90150818191185,2564700
MS,2025-12-29,177.0224609375,178.75391894911158,176.83553918966453,178.2521934770665,2464300
MS,2025-12-30,176.17640686035156,177.45533172200223,175.36969509743614,177.35694711288153,2365500
MS,2025-12-31,174.6515350341797,176.79619641410076,174.5236380449313,176.59942719636982,3098100
MS,2026-01-02,178.95068359375,179.00972336865595,174.26786721396755,175.6254968205004,4509900
MS,2026-01-05,183.51544189453125,185.45350160055665,179.10808462415838,179.24581406975182,6787400
MS,2026-01-06,184.70582580566406,185.75848405566637,182.73825375979814,183.67284747930776,3795600
MS,2026-01-07,181.7938232421875,184.70583664598277,181.3511225081624,184.26313591195768,3532400
MS,2026-01-08,181.68560791015625,183.12194220667942,180.6821569064734,180.92810342899293,3745900
MS,2026-01-09,183.2990264892578,183.88928912030997,182.03976651796842,182.68906892237138,4630900
MS,2026-01-12,183.5449676513672,184.23361487320008,180.9379256532649,181.63642034272772,5635400
MS,2026-01-13,179.79672241210938,183.9876603434098,179.1966123568068,183.92863558573788,6594800
MS,2026-01-14,177.84884643554688,179.39339778742817,176.02883618203063,179.2359884118127,8434000
MS,2026-01-15,188.12940979003906,189.04433865967127,178.06528229239154,178.06528229239154,12957100
MS,2026-01-16,186.02410888671875,189.55589736097167,185.93557174100295,187.4702756456151,8398100
MS,2026-01-20,179.14744567871094,183.67285250110154,178.3407339123856,182.2463657311239,11302600
MS,2026-01-21,180.34767150878906,183.39739935194925,179.06874660167736,179.5114473356895,11715800
MS,2026-01-22,180.08204650878906,183.02355730622565,179.30484709247037,181.53804571663468,8966900
MS,2026-01-23,176.0977020263672,178.92116317141532,175.0647236770084,178.92116317141532,8532800
MS,2026-01-26,178.93101501464844,179.48193281140937,175.95997688339165,176.45186991784018,6389800
MS,2026-01-27,179.6983642578125,180.98712158695656,178.2128377087269,179.28517591642625,5138100
MS,2026-01-28,179.383544921875,180.0426797746248,177.4553326684483,179.48192953152045,5538800
MS,2026-01-29,179.4425811767578,182.02994346004377,176.5502626113591,180.20993314471448,7473400
MS,2026-01-30,180.8274688720703,181.17368308171876,178.02800465177677,178.26542032529818,7434900
MS,2026-02-02,183.1026611328125,183.43898869732035,178.60175546307764,180.63952435809685,6827200
MS,2026-02-03,180.93629455566406,186.6440219126066,176.5244140005073,183.280715998086,7751300
MS,2026-02-04,178.13682556152344,181.66829517141437,176.57387294211193,180.75822436026408,7571900
MS,2026-02-05,173.94256591796875,177.51361222260675,171.3805173618192,176.07926170507253,9571800
MS,2026-02-06,178.01812744140625,179.23485075774607,175.58466571458925,176.95966615501126,9139700
MS,2026-02-09,180.38233947753906,181.8364784978292,177.52352492560803,178.04780469818746,6625900
MS,2026-02-10,175.970458984375,182.58827226370516,171.6772938250661,179.95697164575293,12854500
MS,2026-02-11,174.77349853515625,179.0864518511828,172.41919057550368,177.83016686011447,7777800
MS,2026-02-12,166.24652099609375,176.8607330984377,163.62512225545763,175.51540777826634,14436700
MS,2026-02-13,169.3031768798828,169.63951953572123,161.8247564912253,165.3166643441612,9162400
MS,2026-02-17,169.68896484375,172.32026533092574,169.0163097325761,170.68807594506097,6376900
MS,2026-02-18,174.68447875976562,175.3967107126123,171.5783619464599,171.61793877391642,6343300
MS,2026-02-19,172.48843383789062,174.37782736617783,170.66829221101892,173.2699176966276,7259500
MS,2026-02-20,173.5172119140625,173.53698523285186,169.70874996213757,171.57835498901392,4272600
MS,2026-02-23,165.0001220703125,173.72494066041472,164.81216987935264,172.08286461621847,7795500
MS,2026-02-24,166.96864318847656,168.48214741360837,162.33915057464282,163.6844759237644,7413800
MS,2026-02-25,171.85533142089844,172.16198389589962,167.81935557264353,168.85802838039396,7098500
MS,2026-02-26,175.57476806640625,175.91109561342904,172.56756327359832,172.9929311311806,6901600
MS,2026-02-27,164.71324157714844,172.25102700315827,162.62600926842057,172.12242495898474,12400400
MS,2026-03-02,165.19796752929688,167.76991797159957,160.4002959675875,160.8850140008144,9212600
MS,2026-03-03,164.1593017578125,165.5145289398378,158.22404518257997,160.7069705101339,7495500
MS,2026-03-04,165.77171325683594,167.37422765658286,164.72315370667374,165.77171325683594,5307800
MS,2026-03-05,160.7959747314453,166.15748732606957,158.77797930675902,163.59543886170016,7274900
MS,2026-03-06,158.54058837890625,158.61972693901535,153.67368013822457,157.7887796049384,8046000
MS,2026-03-09,158.71864318847656,160.10354538731005,152.40749756091878,156.21594464590174,7480800
MS,2026-03-10,159.01539611816406,161.71593330022017,158.13500043860031,160.09363064032286,4314600
MS,2026-03-11,159.1538848876953,160.01449215513884,156.14669523416813,158.2734892077427,5463200
MS,2026-03-12,152.70423889160156,154.56395725542248,151.15118809805003,152.70423889160156,11195700
MS,2026-03-13,153.1988525390625,155.54328904421342,152.19975649466124,153.21864095310988,6001900
MS,2026-03-16,154.0198974609375,157.37331665567172,153.1197133024641,154.77170625005255,5498100
MS,2026-03-17,156.1269073486328,158.90658309716423,155.60262762139345,155.60262762139345,6528600
MS,2026-03-18,157.21502685546875,158.90658140044437,154.83104391322885,155.32564856339138,9140900
MS,2026-03-19,156.8391571044922,157.89760333861622,154.8409498427943,155.29599281899522,6418300
MS,2026-03-20,159.72763061523438,161.3796083735848,155.55316606404514,156.651189016498,14621300
MS,2026-03-23,162.546875,166.32564657426875,162.3885978937124,164.46592831072851,10128400
MS,2026-03-24,164.08013916015625,165.31665076555714,160.4794179689942,160.68715856012133,6016200
MS,2026-03-25,163.86251831054688,166.98842339369088,162.23032896531865,165.00011808843186,6444600
MS,2026-03-26,161.46864318847656,164.5351983101601,160.72673615201802,162.87331869954158,6175700
MS,2026-03-27,156.6808624267578,159.49021325208915,155.63230297041136,159.26269933653793,6368400
MS,2026-03-30,156.66107177734375,159.50011272812412,155.52348712169396,158.42186312118807,6261600
MS,2026-03-31,162.794189453125,163.50640629623734,157.9272661838773,159.7573095131689,8081700
MS,2026-04-01,164.37692260742188,167.4632510756454,161.4389695101178,167.08736177127037,7117000
MS,2026-04-02,164.0207977294922,165.197959255416,158.83735046459964,160.24202591164268,5107500
MS,2026-04-06,164.75282287597656,165.8211708022278,163.65479987628532,164.09005441225477,3674800
MS,2026-04-07,166.61253356933594,167.07746319925505,163.50641662778528,163.90210944800245,6036400
MS,2026-04-08,174.12063598632812,179.30408337881448,172.60714687120964,174.9911299601787,7662600
MS,2026-04-09,176.237548828125,177.06848109446693,172.91380466861978,173.2798073133838,5298900
MS,2026-04-10,175.72314453125,176.73214227279465,172.8148666900626,176.73214227279465,4240100
MS,2026-04-13,179.1853790283203,179.2249407604526,173.12152095128985,173.86342795539753,6282900
MS,2026-04-14,181.36163330078125,182.59814495210784,179.78879410288656,180.89670371235155,8803600
MS,2026-04-15,189.5522918701172,192.49024486347278,185.89222027360748,186.4560768514262,9853800
MS,2026-04-16,185.29869079589844,190.4326743138572,184.65569570317967,188.8697218298611,9138100
MS,2026-04-17,186.7825164794922,189.1566128788798,186.1988714921753,187.4551715914685,6846100
MS,2026-04-20,188.64222717285156,190.1260412540656,185.99115325960173,186.88143567067522,4905200
MS,2026-04-21,187.2672119140625,191.05588537968532,186.67369538501003,188.73123746535532,5154900
MS,2026-04-22,188.9884490966797,190.15570888301386,187.77172582408085,189.61164072237642,4492100
MS,2026-04-23,186.6143341064453,189.6907757271636,184.88321777857797,188.6026545204146,3814400
MS,2026-04-24,186.0406036376953,187.01002454274916,185.10084271050724,186.7528204598824,4530600
MS,2026-04-27,188.12782287597656,188.5334023233126,185.72405145256167,185.84275174187505,4163600
MS,2026-04-28,188.30589294433594,190.57117572012473,186.62424006392519,189.24563881037693,4107100
MS,2026-04-29,185.061279296875,188.454259980787,183.25102445052087,187.95965532639963,5107600
MS,2026-04-30,189.5465850830078,189.6858180266641,183.88773334574003,184.5839132392742,5664900
MS,2026-05-01,189.12889099121094,192.44066235036385,187.73656151975916,189.44714639911598,4742700
MS,2026-05-04,186.980712890625,189.30791383367693,186.0955859015774,188.89019981614604,3833000
MS,2026-05-05,188.21392822265625,189.40735564397124,186.9210421932096,188.30343186482295,4807900
MS,2026-05-06,192.29148864746094,193.76338196350255,191.11794080576675,191.11794080576675,6319500
MS,2026-05-07,189.12889099121094,193.18655639048154,188.63162829779915,192.1025273609046,5761900
MS,2026-05-08,192.03289794921875,192.44065698851605,189.4272463644215,189.8350054037188,5873400
MS,2026-05-11,190.05380249023438,192.60972477597238,188.99959286073354,191.30689898156186,5272500
MS,2026-05-12,190.82952880859375,191.3267914830583,185.4292482727775,189.15871833126158,5333300
MS,2026-05-13,192.76885986328125,193.88272345381486,188.56202167558428,189.66594547522143,4463700
MS,2026-05-14,193.46502685546875,196.41876853813852,192.3511632519918,194.5490559106564,4785000
MS,2026-05-15,191.45606994628906,193.36555680006012,190.06374052434742,192.81857999695967,5937700
MS,2026-05-18,191.63510131835938,193.7434903054849,190.09358391681334,191.5654772563961,3770200
MS,2026-05-19,188.54212951660156,191.78427689815405,187.90563385963256,190.50134579318262,6357900
MS,2026-05-20,196.68728637695312,196.98564702255314,189.04932365575573,190.90909641401922,7201100
MS,2026-05-21,199.4122772216797,199.65096877446373,195.82204001553725,196.72706174768393,5817400
MS,2026-05-22,199.92942810058594,201.97814787514264,199.5316240342603,200.02888670479356,3734200
MS,2026-05-26,200.6554412841797,202.80361981211533,198.77578886604934,201.739485514411,5567400
MS,2026-05-27,200.50625610351562,201.4212176030388,195.93143343064727,200.9438496848642,6731500
MS,2026-05-28,202.67431640625,203.26109790175218,198.58681657026588,198.8255081197203,6174800
MS,2026-05-29,206.8612823486328,206.94084620133575,202.60471486817158,202.88318076500525,8255500
MS,2026-06-01,209.85479736328125,210.94878136385503,205.46895192067012,206.47341710283104,6431200
MS,2026-06-02,213.8030548095703,215.84183480559494,209.10889395857558,209.10889395857558,7664400
MS,2026-06-03,208.98956298828125,212.3212290852418,207.64694765362478,211.68473344831463,5957300
MS,2026-06-04,217.07505798339844,217.96018496068095,209.99402698988544,210.84931941991988,5565300
MS,2026-06-05,210.76976013183594,217.124791987806,210.0039865022202,217.124791987806,6171000
MS,2026-06-08,211.07806396484375,214.71801518191774,210.5808012940424,212.10242385267432,4732000
MS,2026-06-09,209.0989532470703,214.06164016891447,204.93188963422506,213.24612210399619,7841100
MS,2026-06-10,205.5286102294922,209.08901276465684,204.70315237697267,207.7961267887196,5362800
MS,2026-06-11,211.4957733154297,211.66484081088794,205.86675595968856,207.64694973266336,4631500
MS,2026-06-12,212.8682098388672,216.42861259022465,211.4957751066843,213.87269020455733,4694300
MS,2026-06-15,216.78663635253906,219.39230314650786,215.66283300128336,217.56236492872551,5862500
MS,2026-06-16,219.62103271484375,221.08298617907408,217.3932904895279,219.30277732183333,5091700
MS,2026-06-17,223.7284393310547,226.8214139136772,220.1481418422381,220.89403588780377,8689700
MS,2026-06-18,221.94822692871094,229.20826522778944,221.66976103671365,227.83581534919364,11933200
MS,2026-06-22,225.8467559814453,226.980514262853,223.75826187109027,225.46884667114435,6870800
MS,2026-06-23,224.79257202148438,226.70205894359503,220.90397411604786,221.29183840998826,6052800
MS,2026-06-24,218.65634155273438,225.25998919406234,218.60661225075364,223.37039712081355,6971000
MS,2026-06-25,219.8298797607422,226.23462553233935,219.6409326888123,221.76921636056173,5257200
MS,2026-06-26,210.8692169189453,218.54695413252455,210.20288672965125,218.49722482804674,9919100
MS,2026-06-29,210.5609130859375,215.81200583887232,210.53107853878186,213.15662491524927,5426400
MS,2026-06-30,207.8955841064453,210.55098029358112,207.0402916506318,209.01940267083782,5599400
MS,2026-07-01,210.7001495361328,212.022870124631,205.58828964330488,207.81603197792077,4690000
MS,2026-07-02,212.75880432128906,214.67824616931503,210.3918442687465,213.53454806820955,3745300
MS,2026-07-06,220.88409423828125,220.92386857659866,215.18545285192943,215.81200870101335,4567700
MS,2026-07-07,220.82440185546875,222.03772399549212,218.61656954151493,220.32713918087728,5413300
MS,2026-07-08,216.87615966796875,219.7006081411468,214.91694343034976,218.7955863917384,4108300
MS,2026-07-09,220.91392517089844,223.21127634627592,218.8055210685031,219.7901066473447,4073100
MS,2026-07-10,221.06309509277344,223.51957393805955,219.64093111668814,222.68417628041843,3617600
MS,2026-07-13,219.87960815429688,222.22668861041552,217.55242245444484,221.2421182163834,4550300
MS,2026-07-14,226.423583984375,230.83927895414686,222.87313638587088,223.0919331762832,9306200
MS,2026-07-15,227.2987823486328,230.9785232797176,220.00890937306926,221.4808027104525,10865600
MS,2026-07-16,217.17449951171875,226.98052023626562,214.60862224411184,226.98052023626562,8313700
MS,2026-07-17,214.32022094726562,217.18445891855833,206.26455924063143,213.22623695121547,7852200
MS,2026-07-20,209.78518676757812,218.5370131750945,209.19842043353034,214.34011484382364,6816500
MS,2026-07-21,215.2152862548828,216.20981163531252,211.08801199620083,212.4902964246674,6999500
MS,2026-07-22,217.3037872314453,218.42760572400908,214.34010596129536,214.34010596129536,3683200
MS,2026-07-23,214.00196838378906,216.07058303774656,212.54996979728017,213.71356269477127,4962100
MS,2026-07-24,213.30580139160156,215.21528831931275,210.05371429258335,215.21528831931275,4091300
MS,2026-07-27,213.38536071777344,218.19885986106763,209.73545443503264,216.82642517119208,4958100
MS,2026-07-28,210.4216766357422,212.5797948371522,206.15515436051822,212.5797948371522,6021000
MS,2026-07-29,202.0179443359375,211.18746951000438,201.82898208659455,210.9288832002707,6722300
MS,2026-07-30,208.91000366210938,209.9940327089863,204.1760682083715,206.36402105925023,6832900
MS,2026-07-31,210.4199981689453,213.4600067138672,208.69000244140625,210.6999969482422,4723000
MS,2026-08-03,211.22999572753906,211.69000244140625,208.00999450683594,211.4600067138672,4982600
MS,2026-08-04,217.0399932861328,218.75999450683594,211.50999450683594,213.6699981689453,8932800
MS,2026-08-05,218.27000427246094,220.1199951171875,217.1199951171875,218.13999938964844,4344100
MS,2026-08-06,213.75,219.77999877929688,213.5399932861328,219.00999450683594,3588000
MS,2026-08-07,216.3300018310547,216.47000122070312,211.80999755859375,213.74000549316406,5225800
MS,2026-08-10,215.3300018310547,217.6199951171875,214.3800048828125,216.3300018310547,3837600
MS,2026-08-11,215.07000732421875,217.2100067138672,213.52000427246094,216.32000732421875,3785000
MS,2026-08-12,217.63999938964844,220.5,216.97999572753906,218.49000549316406,3742600
MS,2026-08-13,218.3800048828125,222.0,217.8800048828125,219.3000030517578,3611200
MS,2026-08-14,217.36000061035156,218.72000122070312,215.3000030517578,217.8000030517578,3405800
MS,2026-08-17,218.2100067138672,220.52999877929688,217.36000061035156,217.36000061035156,3397500
MS,2026-08-18,217.5500030517578,217.6999969482422,215.19000244140625,217.05999755859375,2777900
MS,2026-08-19,214.22999572753906,218.77999877929688,213.55999755859375,218.77999877929688,4910200
MS,2026-08-20,207.4499969482422,215.07000732421875,207.32000732421875,214.2899932861328,4875200
MS,2026-08-21,214.1999969482422,214.5500030517578,209.12890625,210.0800018310547,3306544
