symbol,date,close,high,low,open,volume
PEP,2018-01-02,90.64905548095703,92.27684008682506,90.54924073861291,92.08488460369037,4165800
PEP,2018-01-03,90.41104888916016,90.96388171773974,90.32658799268175,90.53390323240784,4224000
PEP,2018-01-04,90.85637664794922,91.45527685736458,90.29586402287109,90.44943193427042,3147000
PEP,2018-01-05,91.11746215820312,91.4399460872153,90.79497822919095,90.91783259720627,2714200
PEP,2018-01-08,90.59532165527344,91.17118819033267,90.34961883463552,90.76424344284025,5730400
PEP,2018-01-09,90.66443634033203,91.3554774123503,90.56461571669628,90.80264455473568,4573600
PEP,2018-01-10,90.2037353515625,90.87941663424209,89.60482924284923,90.70281498846435,3363900
PEP,2018-01-11,89.74303436279297,90.48782264930165,89.35912335803732,90.32658073026631,3685200
PEP,2018-01-12,90.12694549560547,90.6106771114158,89.72000076726901,89.79678179672582,4335500
PEP,2018-01-16,90.4955062866211,90.87173744673947,89.85821258620413,89.98874092734478,4936500
PEP,2018-01-17,91.509033203125,92.2691754011006,90.7642448687979,90.82567203942678,4554600
PEP,2018-01-18,91.40922546386719,91.84688383667606,91.10209544515514,91.43993319352231,6221800
PEP,2018-01-19,92.26918029785156,92.66077120887064,91.09441342281204,91.73938703260922,6002600
PEP,2018-01-22,93.29805755615234,93.55911423744378,92.13864463755165,92.21542566981283,4308600
PEP,2018-01-23,93.1368179321289,94.06588191888319,92.79129449139089,92.96021628134937,3536900
PEP,2018-01-24,93.01394653320312,93.27500903108556,92.76824375414596,93.09072755328043,3445200
PEP,2018-01-25,92.82968139648438,93.25197998360704,92.4150568116246,92.60701231250319,2712900
PEP,2018-01-26,93.49005126953125,93.551472605629,92.60705439265729,92.60705439265729,3993900
PEP,2018-01-29,91.88525390625,93.79713483269853,91.86990004435025,93.19822877430677,3854700
PEP,2018-01-30,92.05419158935547,93.06003667113289,91.75474143740618,91.89294965046106,4945200
PEP,2018-01-31,92.36898803710938,92.71450559051323,91.76240796009762,92.01578476551921,4018100
PEP,2018-02-01,92.36898803710938,92.91414094879964,91.58580632430252,92.0772119308407,3485600
PEP,2018-02-02,91.11746215820312,92.3536564107685,90.91015273470065,92.06956593626578,3348900
PEP,2018-02-05,87.88491821289062,91.8775967090261,87.84653062211166,91.04066756100221,5347600
PEP,2018-02-06,87.19387817382812,87.49332833233423,84.57560778775876,86.33392114756154,6642600
PEP,2018-02-07,87.14781188964844,88.8907655499135,86.57194529125869,87.50868922858888,4931400
PEP,2018-02-08,84.5755844116211,87.3167083912529,84.52951111364982,87.3013486725904,4907900
PEP,2018-02-09,85.36646270751953,85.98839674411853,83.60046950544968,85.08236641698998,5301700
PEP,2018-02-12,85.94231414794922,86.57192793497381,85.2743069188554,85.9192804259144,4759200
PEP,2018-02-13,86.10356903076172,86.51051380272344,84.98254947806905,85.99607440639514,5274700
PEP,2018-02-14,83.7770767211914,85.91930126014125,83.50834013559229,85.74269958502286,7702700
PEP,2018-02-15,85.20520782470703,85.25895513010087,83.47760833388334,84.09954227601445,5125200
PEP,2018-02-16,85.27432250976562,85.76572819640937,84.27615727165332,85.27432250976562,5578500
PEP,2018-02-20,84.06116485595703,85.21289798911052,83.95366437415313,85.19753826684526,3835500
PEP,2018-02-21,82.9248046875,84.33759484440088,82.87873722612858,83.96136357448995,4501900
PEP,2018-02-22,83.89225006103516,84.43740308659906,82.94014637372356,83.17817522456053,5394700
PEP,2018-02-23,84.21471405029297,84.49881028857278,83.36243119347029,83.96901125378659,4760400
PEP,2018-02-26,85.18217468261719,85.35877046239317,84.48345384971869,84.55256087599139,5355400
PEP,2018-02-27,85.1437759399414,86.0574859390104,85.00556775401513,85.37412486915738,6385800
PEP,2018-02-28,84.25311279296875,85.72732966475947,84.21471934877974,85.228244180388,4638900
PEP,2018-03-01,83.63044738769531,84.99179703870824,82.94976666087862,84.47355577719843,6896300
PEP,2018-03-02,84.34205627441406,84.55863434303055,83.46027076572709,83.46800738283761,4903600
PEP,2018-03-05,84.64372253417969,84.7752155233362,83.55308963264511,83.89342998228314,3781700
PEP,2018-03-06,84.75975036621094,84.79069093527339,83.87796480251649,84.5895801870225,3380800
PEP,2018-03-07,84.96086120605469,85.13103139724645,84.0094637208434,84.22604181824725,4612600
PEP,2018-03-08,86.69347381591797,86.73214509329803,84.759732907647,85.1078039106122,5437700
PEP,2018-03-09,87.04930877685547,87.07251273083361,86.35316065095773,86.84046138843077,3680600
PEP,2018-03-12,87.21175384521484,87.47473989336022,86.69351246706138,87.01837966817445,4509600
PEP,2018-03-13,87.86919403076172,88.10124532230054,87.18851929092239,87.6139387903309,4590000
PEP,2018-03-14,87.10345458984375,88.00070759767908,86.80952799959458,87.84601063466602,4055700
PEP,2018-03-15,86.62388610839844,87.59849351644516,86.36863670500249,86.94102255993933,3906800
PEP,2018-03-16,86.35317993164062,87.55983301840746,86.30677201332256,86.88689459754693,7730800
PEP,2018-03-19,85.36309051513672,86.62388792645797,85.12330844276123,86.36090189886048,4216700
PEP,2018-03-20,85.00727844238281,86.09017487439174,84.9531339158479,85.66474937925261,3319000
PEP,2018-03-21,84.11003112792969,85.14651979460324,83.94759752595408,84.9995535303489,3867600
PEP,2018-03-22,83.4912109375,84.82935652710516,83.38292190370454,83.88568988862212,4325500
PEP,2018-03-23,82.10665893554688,84.11001214235448,81.94422537023628,83.60723821088249,4873300
PEP,2018-03-26,82.61717987060547,83.1276905204895,82.06026130757252,82.5166274250123,4119400
PEP,2018-03-27,83.25916290283203,83.95531093405503,82.38511398109702,82.94203240607543,5036300
PEP,2018-03-28,84.45035552978516,85.16970757407326,83.53762934349822,83.64591839091274,6413000
PEP,2018-03-29,84.42713928222656,85.59512058217884,84.28790968421033,85.17743178813015,3829500
PEP,2018-04-02,82.80278778076172,84.48127346731462,82.33095452858839,84.01717683111548,4325500
PEP,2018-04-03,83.68457794189453,83.94756388695517,82.44697897289852,83.06577845739652,4699000
PEP,2018-04-04,85.22384643554688,85.64927188020344,82.94976478831013,83.36745361543382,4694200
PEP,2018-04-05,85.52552795410156,85.99736140256529,84.89126091045857,85.41723889064872,3275700
PEP,2018-04-06,84.5431900024414,85.84266466885452,84.13323180242845,85.13104323389847,3579100
PEP,2018-04-09,84.60504150390625,85.43268248820827,84.14094480359564,84.72880377135426,2620000
PEP,2018-04-10,84.62052917480469,85.23932291368584,84.24924821042741,84.88351518603426,2817000
PEP,2018-04-11,84.06361389160156,84.67467693678394,83.86250311565662,83.97852879029065,4000200
PEP,2018-04-12,83.77738952636719,84.7055887065002,83.74644896356519,84.28016334460895,2691700
PEP,2018-04-13,84.51223754882812,84.66693450350886,83.93984583362624,84.19510112002892,2828300
PEP,2018-04-16,85.02273559570312,85.57965403125783,84.71333580913829,84.89124260433884,2769800
PEP,2018-04-17,84.21056365966797,84.37299721184323,83.52215226655437,84.07133405761635,5022000
PEP,2018-04-18,82.7486572265625,84.58957675117831,82.3464357463981,84.28791359170997,6525500
PEP,2018-04-19,81.6580581665039,82.71775092289359,81.27904638117833,82.53984405964391,6320200
PEP,2018-04-20,79.26792907714844,81.68123453742324,79.10548960842038,81.56520887460763,8650000
PEP,2018-04-23,79.34527587890625,79.51544606060634,78.77288419476774,79.32207192709446,6670600
PEP,2018-04-24,78.46349334716797,79.55412043381811,78.09994901784776,79.37621952881703,5695500
PEP,2018-04-25,78.23918151855469,79.17511168740516,78.0071301802599,78.28558942568938,4828300
PEP,2018-04-26,79.87127685546875,80.5055439607541,78.23919822455551,79.09004347779506,5978800
PEP,2018-04-27,78.67233276367188,79.66240739555053,78.62592485946203,79.06681765338645,4765900
PEP,2018-04-30,78.07675170898438,79.19831946179285,77.798292450121,78.78063057349779,5479900
PEP,2018-05-01,76.67670440673828,78.06900043977485,76.24354826370906,77.62810767953158,4543900
PEP,2018-05-02,75.20706939697266,76.85461486362354,75.05236655185583,76.69991791981684,5927700
PEP,2018-05-03,75.4932861328125,75.87229791060294,74.79713783593358,75.40047029410347,6668200
PEP,2018-05-04,76.56842803955078,77.17175445325292,75.4159197389836,75.45459693014331,5937000
PEP,2018-05-07,75.98057556152344,76.81594742593308,75.85681326972296,76.56069802638865,3475400
PEP,2018-05-08,74.86673736572266,75.79493093441704,74.58827811485217,75.73305569079866,5333700
PEP,2018-05-09,74.3794174194336,75.4313671050175,74.20924726547892,75.17611777539476,6201500
PEP,2018-05-10,75.23800659179688,75.60155091339458,74.56506837219378,74.58827232441315,3100600
PEP,2018-05-11,75.36177062988281,76.00377419570856,74.93634515823673,75.47779629499634,3507300
PEP,2018-05-14,75.14519500732422,75.5938244464869,74.82032785536944,75.56288387468493,4307900
PEP,2018-05-15,74.87447357177734,75.21480806439172,74.5341331778522,74.72750732870772,6555700
PEP,2018-05-16,75.17613220214844,75.45459143454694,74.68109487817561,74.75070673562004,5544700
PEP,2018-05-17,75.74078369140625,75.79492821594962,75.14519392142914,75.45459373366724,6531100
PEP,2018-05-18,75.42367553710938,76.15075852505441,75.27670925490314,76.04246944384319,6894000
PEP,2018-05-21,76.97065734863281,77.33420173749387,75.84908360626234,75.9728459094114,6678100
PEP,2018-05-22,77.29550170898438,77.70545388976886,76.90875347785793,77.17947605938451,6807600
PEP,2018-05-23,77.69771575927734,77.8137414066171,77.04798157626996,77.29550020331699,6249900
PEP,2018-05-24,77.48888397216797,77.7982837698631,77.16401684017771,77.58943639836201,4696700
PEP,2018-05-25,77.5894546508789,78.20825439183862,77.27232406208802,77.48890220103041,5324300
PEP,2018-05-29,78.20050048828125,78.34746672207173,77.34965545849984,77.34965545849984,8302600
PEP,2018-05-30,78.76515197753906,79.08228248177446,78.1927603043072,78.63365898557097,6256600
PEP,2018-05-31,78.25621032714844,79.07585381505375,77.7956529455004,78.95876103741212,8270100
PEP,2018-06-01,78.25621032714844,78.78702575761588,77.787845172168,78.4825881090993,4414200
PEP,2018-06-04,78.15472412109375,78.91191129097264,78.0844660803426,78.66211617329647,3932000
PEP,2018-06-05,78.22496032714844,78.81041807369432,77.96735748932804,78.4201129093304,4851900
PEP,2018-06-06,78.7089614868164,78.73237884991718,77.92054318077129,78.37329871933864,3946700
PEP,2018-06-07,78.96654510498047,79.23975753373516,78.31863709137345,78.45914719124504,5052900
PEP,2018-06-08,80.00476837158203,80.09844377546887,78.98217052372239,78.98217052372239,4795500
PEP,2018-06-11,80.56681823730469,80.72294392857513,79.83304237729895,80.09845307466564,3984500
PEP,2018-06-12,81.55816650390625,81.61280898650833,80.26235055136564,80.58240363202349,5075900
PEP,2018-06-13,82.17486572265625,82.43246862015701,81.30839353616508,81.30839353616508,7553500
PEP,2018-06-14,82.06556701660156,82.24511002426452,81.51914213342657,82.16705017746588,4812600
PEP,2018-06-15,84.00149536132812,84.11078035355412,81.82359137810646,82.04216136255845,10573000
PEP,2018-06-18,82.2607421875,83.68926100274565,81.83140993448684,83.533141266302,5964400
PEP,2018-06-19,82.71348571777344,83.27552621607441,82.13583563033536,82.34659783940556,5504400
PEP,2018-06-20,82.59640502929688,82.83059058968583,82.24513264429963,82.53396070803451,4601400
PEP,2018-06-21,83.71267700195312,83.86099491806526,82.9789071059353,83.18966934225448,6550700
PEP,2018-06-22,84.59475708007812,84.82893664302695,83.63460360079107,83.71266345510735,5709400
PEP,2018-06-25,85.07872009277344,85.54708511008123,84.07953980102768,84.07953980102768,5183000
PEP,2018-06-26,84.34497833251953,85.21925839937391,83.8922227518492,85.12558893826025,5034100
PEP,2018-06-27,84.5167007446289,85.05532392428641,84.00930865690113,84.59476656328161,6229200
PEP,2018-06-28,84.83675384521484,85.32073452470912,84.54012398360688,84.63379343696424,4297400
PEP,2018-06-29,84.98504638671875,85.4768287368107,84.14979359527648,84.86795364938713,4721400
PEP,2018-07-02,85.5002670288086,85.86715491634483,84.54792126684272,84.85235888509929,4711900
PEP,2018-07-03,84.9303970336914,85.53146430185251,84.35274116440215,84.75866182690723,3769100
PEP,2018-07-05,85.51588439941406,85.57052689730385,84.30593571753008,85.01629414568295,4870400
PEP,2018-07-06,85.523681640625,85.88276174405763,85.06312431956532,85.46903914565885,4387300
PEP,2018-07-09,84.11857604980469,85.32071674729454,83.93122527095477,85.18800845671305,7866400
PEP,2018-07-10,88.12312316894531,88.20899080458247,85.61736405633499,86.35113986793047,16107200
PEP,2018-07-11,87.84989166259766,88.16213700138802,87.50642119436982,87.92795150839913,5521400
PEP,2018-07-12,87.06147003173828,87.98259046866931,86.62433014830803,87.8498881405686,5500100
PEP,2018-07-13,87.96698760986328,88.04504745850504,87.13173472266861,87.17856944073672,4417100
PEP,2018-07-16,88.17776489257812,88.30266543625538,87.2332268644654,87.86551948897073,5413600
PEP,2018-07-17,89.67652130126953,89.7936140532917,88.57586372566452,88.57586372566452,6783800
PEP,2018-07-18,89.63749694824219,89.7701992917679,88.90372123954837,89.70774902813758,5379000
PEP,2018-07-19,90.37126159667969,91.0113618737716,89.57504162491544,89.59065121214884,9241300
PEP,2018-07-20,90.55860900878906,91.16748413318335,89.94192611327618,90.35564864879618,27559700
PEP,2018-07-23,89.29403686523438,90.53521068836736,88.66174425011295,90.17612460841735,7769300
PEP,2018-07-24,89.56725311279297,89.70776325044524,88.8725101976195,89.09888797248071,5095100
PEP,2018-07-25,89.93414306640625,90.29322321398135,89.37991027630646,89.72338083293744,4762300
PEP,2018-07-26,89.77018737792969,91.25334818659492,89.67651199491634,90.660082672012,5096300
PEP,2018-07-27,89.2081527709961,90.04340563466772,89.01300017709539,89.5906501874778,4563700
PEP,2018-07-30,89.13009643554688,89.4501436052473,88.73198346074338,88.81785108188893,3621800
PEP,2018-07-31,89.77018737792969,90.1526847696286,89.07544466510375,89.50478272610141,4892100
PEP,2018-08-01,88.6851577758789,89.40331799353673,88.38852793525992,89.31745036364445,4169000
PEP,2018-08-02,89.52820587158203,89.71555069413773,88.2792245063186,88.67733746538593,4167200
PEP,2018-08-03,90.78502655029297,91.09726606499125,89.27844766508451,89.59068717978279,3934500
PEP,2018-08-06,91.62804412841797,92.4554951798237,91.253354481685,91.52656692317457,6704800
PEP,2018-08-07,89.16132354736328,90.90208145707611,88.6227004492264,90.90208145707611,6919600
PEP,2018-08-08,88.59146881103516,89.65309938573634,88.57585922416504,89.3954965354961,5172900
PEP,2018-08-09,88.7553939819336,89.08325485358621,88.50559890936952,89.08325485358621,4115400
PEP,2018-08-10,88.10751342773438,88.96618382704955,87.87332788447307,88.66954801150713,3711900
PEP,2018-08-13,88.22459411621094,88.31826951812646,87.436181816867,88.06066662954778,3170100
PEP,2018-08-14,88.28704071044922,88.59147830952506,87.51423803245558,87.97479533930898,3836700
PEP,2018-08-15,88.56024932861328,88.78662706396346,87.6235192114817,88.02163219127581,6513300
PEP,2018-08-16,89.18473052978516,89.55942611001723,88.49779558087458,88.78661759246062,4504600
PEP,2018-08-17,89.73898315429688,89.84046037617827,88.9895977823787,88.9895977823787,3391600
PEP,2018-08-20,89.64529418945312,90.43371234969024,89.45794936370828,89.76238693888789,3676000
PEP,2018-08-21,88.77101135253906,89.96534425394961,88.71636886540213,89.96534425394961,4667700
PEP,2018-08-22,87.61573028564453,88.84909643777628,87.39716027500572,88.75542102367987,3860900
PEP,2018-08-23,87.37371826171875,87.60790375310154,87.0458633382504,87.56106308147432,4508800
PEP,2018-08-24,87.54547119140625,87.84210104561308,87.27225869995449,87.32690119824484,3677700
PEP,2018-08-27,87.74842834472656,88.02944264296522,87.2956728296116,87.88113069914753,3155700
PEP,2018-08-28,86.78046417236328,87.77964461706054,86.5618941945339,87.60010754480865,5229400
PEP,2018-08-29,87.4674072265625,87.52204972228914,86.81949909467143,86.88194936281198,2403200
PEP,2018-08-30,87.39714050292969,87.60790864806745,87.0770933327811,87.32688842494028,2119100
PEP,2018-08-31,87.43617248535156,87.88112017468944,86.85071468592882,87.24882170151528,4248800
PEP,2018-09-04,86.64775085449219,87.49861329699539,86.21841276982623,87.28785111807677,4576300
PEP,2018-09-05,88.30265045166016,88.3416773982473,86.41356876041833,86.46040943414148,4392100
PEP,2018-09-06,89.33214569091797,89.35575675102984,87.71078884486306,88.1515446465446,4808300
PEP,2018-09-07,88.73397064208984,89.33214350462342,87.76588117211105,88.82054853027947,3833800
PEP,2018-09-10,89.38722229003906,89.71778907519187,88.70247165949718,88.87562740548567,3289700
PEP,2018-09-11,89.19835662841797,89.52892352025226,88.03349414619709,88.03349414619709,2807300
PEP,2018-09-12,89.60762023925781,89.90670968751868,88.9700975813924,89.18260313239834,3651400
PEP,2018-09-13,90.50487518310547,90.52061989321801,89.48169120514778,90.11134149815695,3808100
PEP,2018-09-14,90.17430877685547,90.42617009627975,89.50530271008915,90.42617009627975,2698300
PEP,2018-09-17,90.82757568359375,90.8669254491786,89.89883594695708,90.19791938576135,3092600
PEP,2018-09-18,89.70992279052734,90.8905235996394,89.48167258018412,90.8905235996394,4081200
PEP,2018-09-19,89.54463958740234,89.91456216062292,89.3006506581916,89.68631193449008,2844900
PEP,2018-09-20,90.68588256835938,90.91413277397996,89.81223750730499,89.90668773182436,3375900
PEP,2018-09-21,90.44189453125,90.92199999718264,90.3867940627823,90.71736684935763,6989500
PEP,2018-09-24,88.36404418945312,90.29236270050586,88.30894971798574,89.80437880690396,3387400
PEP,2018-09-25,88.12792205810547,88.74183356009608,87.96263865409621,88.65525568111313,3538700
PEP,2018-09-26,87.75799560546875,88.82840751207563,87.60845091113728,88.36403472671043,4053500
PEP,2018-09-27,87.4038314819336,88.46637120179253,87.29364253349473,87.70291491271803,3841500
PEP,2018-09-28,87.9941177368164,88.19088454212697,87.29362839029857,87.78947857793646,5945300
PEP,2018-10-01,87.13622283935547,88.52933536746676,87.10473942577049,88.26960170902605,5064700
PEP,2018-10-02,85.56996154785156,87.45105199648431,84.76714950413255,86.93158467350763,6702200
PEP,2018-10-03,84.62547302246094,86.34915232222494,84.35000066983464,85.9556186742311,6107500
PEP,2018-10-04,83.90924072265625,84.53102457607146,83.27171816623851,84.09813518291953,4930300
PEP,2018-10-05,83.81478881835938,84.2240671464209,83.41338884891191,83.62589436186371,3438100
PEP,2018-10-08,85.15281677246094,85.270872068663,83.67312634169156,83.71248211032372,3994100
PEP,2018-10-09,85.09771728515625,85.74311222070412,84.6254721087848,85.53847304459961,4105600
PEP,2018-10-10,84.48379516601562,86.06580200926167,84.37360623214242,84.68056197719585,5796200
PEP,2018-10-11,82.68928527832031,85.38105989933828,82.56335763792437,85.16854837420298,5755100
PEP,2018-10-12,82.86247253417969,83.24026760866107,82.27217185863621,82.87821724824295,4543000
PEP,2018-10-15,83.13789367675781,83.94070546279099,82.77584353976364,82.79945459143899,3805700
PEP,2018-10-16,84.52315521240234,84.75927779971995,83.30319851933945,83.67312110387516,4061600
PEP,2018-10-17,85.24723815917969,85.61716066771551,84.36572682463876,84.38146552496458,4495900
PEP,2018-10-18,84.94818115234375,86.065815372213,84.64909771465757,85.38107060609116,4093700
PEP,2018-10-19,86.80565643310547,87.04964538353626,85.3889328390137,85.46763837094166,5109000
PEP,2018-10-22,86.10515594482422,87.27788443319615,85.97922230601698,86.64822824885279,5477700
PEP,2018-10-23,86.67972564697266,86.99455378995145,85.25513565593161,85.73524722288363,4484100
PEP,2018-10-24,88.90711975097656,89.85160409543803,86.53804554288972,86.73481236404666,8222900
PEP,2018-10-25,88.82054901123047,89.15111585619138,87.69504246351822,88.9071268998889,6712900
PEP,2018-10-26,86.93158721923828,88.19876614498682,86.33342035112953,87.8524605910416,5872800
PEP,2018-10-29,88.85203552246094,89.182602378943,87.47466761560484,87.5927289228763,5706000
PEP,2018-10-30,89.54463958740234,89.9066958115073,88.62377233375534,89.52890088432444,4900400
PEP,2018-10-31,88.45062255859375,89.32426775725501,87.51401653851545,89.32426775725501,6449500
PEP,2018-11-01,87.76587677001953,89.04879431408145,87.34873205958178,88.1515380677086,5736700
PEP,2018-11-02,87.49828338623047,88.23025632489947,86.28619884236738,87.7501447197054,6705700
PEP,2018-11-05,90.03263092041016,90.07198668864012,87.58485105671544,87.90755154262915,5270400
PEP,2018-11-06,90.67803955078125,90.78822851261188,89.61549970178697,89.74929972617444,3913400
PEP,2018-11-07,90.99284362792969,91.11877126316064,90.07197640303778,90.86690998785227,4219600
PEP,2018-11-08,91.3470230102539,91.69333452141358,90.70950046002501,90.81181704066466,2925100
PEP,2018-11-09,92.46466064453125,92.64568274436878,91.36276532368319,91.36276532368319,5026300
PEP,2018-11-12,92.06326293945312,93.12580259230279,91.85862376032343,92.08687399765138,4781900
PEP,2018-11-13,92.19706726074219,92.67717881610085,91.4650943980517,92.67717881610085,3609900
PEP,2018-11-14,91.81140899658203,92.46467634833571,91.51231955586003,92.43319293326775,4423800
PEP,2018-11-15,91.92947387695312,92.07901259828216,90.98498940272589,91.63825677988471,4045700
PEP,2018-11-16,93.14940643310547,93.25172901716564,91.96093322215442,92.1262226264291,4484300
PEP,2018-11-19,93.66889953613281,94.07029961484311,92.8503486620432,92.93692656251362,4673900
PEP,2018-11-20,91.29979705810547,94.66844378188773,91.12664130980606,94.29065488091297,5087800
PEP,2018-11-21,90.73313903808594,92.00031817390551,90.44979426207358,91.21325068605974,3245000
PEP,2018-11-23,90.83541870117188,91.74841343282307,90.33956257520205,90.33956257520205,1444700
PEP,2018-11-26,91.18962860107422,91.63825677473145,90.50487780766156,91.20536730679568,2972500
PEP,2018-11-27,91.6461181640625,91.71695133860497,90.43403380372247,90.80395639481385,2884700
PEP,2018-11-28,93.26747131347656,93.28321001671337,90.961363976671,91.28406443906937,3989400
PEP,2018-11-29,93.08645629882812,93.55870153024128,92.43319493775537,93.18877890122984,2878700
PEP,2018-11-30,95.97499084472656,96.02221296233729,92.9762602746559,92.9762602746559,8051100
PEP,2018-12-03,93.64527893066406,95.16431920478689,92.48828892850216,94.82587999330313,6112600
PEP,2018-12-04,92.71653747558594,94.9281948372007,92.44105909551295,93.95223299146696,7018200
PEP,2018-12-06,92.69114685058594,93.11953871749293,90.51746016519367,92.27068984765717,5191700
PEP,2018-12-07,91.88194274902344,92.80219305425076,91.53288145358876,92.31826936831679,4615500
PEP,2018-12-10,92.17548370361328,92.51661017998346,90.8030429351862,92.34207951032518,4150600
PEP,2018-12-11,93.04815673828125,93.76214328778248,92.56423285764868,92.73876357558551,5545100
PEP,2018-12-12,92.81807708740234,94.07944805029994,92.35002302268767,93.88111882575421,4889700
PEP,2018-12-13,93.88904571533203,94.31743753027028,92.90533453984074,92.92913307636056,6181200
PEP,2018-12-14,90.39846801757812,93.25441400553248,90.17634023018796,93.0719484358744,7404200
PEP,2018-12-17,89.54167938232422,91.2869741159824,89.01015246711768,90.73165471505321,6015300
PEP,2018-12-18,88.72457122802734,90.06527890772966,87.85985859492526,89.81935257217374,5846200
PEP,2018-12-19,87.29660034179688,89.79555001457808,86.97133747800144,89.35128839445439,6915400
PEP,2018-12-20,87.43146514892578,88.79597134648732,86.63021329058495,87.42353028428089,8468300
PEP,2018-12-21,86.80474090576172,90.56506767976425,86.3208170726415,88.02644975884162,13263600
PEP,2018-12-24,84.11539459228516,88.12957639156119,84.05986264831395,87.36799285172984,3354000
PEP,2018-12-26,85.94002532958984,86.02729067695527,83.32207701368304,84.26612610653011,4537000
PEP,2018-12-27,86.80474090576172,86.84440917504493,84.11539687712474,85.49576670228124,5175900
PEP,2018-12-28,87.55045318603516,88.13750599476488,86.64607240818509,87.33625423455469,5410300
PEP,2018-12-31,87.6456527709961,88.12957050612665,86.72540227232572,87.72498324958171,5019100
PEP,2019-01-02,86.69367218017578,87.28072500715496,85.86069304443394,86.59054315932997,4835400
PEP,2019-01-03,85.88448333740234,87.38385169030245,85.71788752624981,86.40014049717577,5975900
PEP,2019-01-04,87.6456527709961,87.74084692428782,85.86861857753487,86.89993295673062,6293900
PEP,2019-01-07,86.89200592041016,87.56632412792237,86.19388917243123,87.272800725462,5220300
PEP,2019-01-08,87.7249755859375,87.89950625509542,86.8047251676601,87.37591424762165,6407700
PEP,2019-01-09,85.27360534667969,87.95501950776371,85.27360534667969,87.52662778878829,8521300
PEP,2019-01-10,85.79722595214844,85.94795205095487,85.17050486018724,85.21017312712605,7905000
PEP,2019-01-11,85.80516815185547,86.0748930220104,85.39263992952309,85.56717063493076,5939000
PEP,2019-01-14,85.1387710571289,85.64649339841594,84.85317648358898,85.55922805358276,5804600
PEP,2019-01-15,86.4636001586914,86.52706695810286,84.67070846927098,85.249826369451,4508000
PEP,2019-01-16,85.94794464111328,86.5112049309508,85.4402223412131,86.46360180422268,4953500
PEP,2019-01-17,86.64605712890625,86.8443863180669,85.74960532028317,85.7892735791259,4612200
PEP,2019-01-18,87.32040405273438,87.50286963024514,86.60641752501824,87.24107356132781,5142700
PEP,2019-01-22,87.19345092773438,87.44731205736662,86.29699908518404,87.15378266739035,5298200
PEP,2019-01-23,87.843994140625,87.8915912238525,86.87614643147663,87.01100886897346,5197400
PEP,2019-01-24,86.8681869506836,87.51077160227739,86.0034745702686,87.51077160227739,4478000
PEP,2019-01-25,86.74919891357422,87.73291014208426,86.50327261957855,87.38385483343534,5074800
PEP,2019-01-28,86.3287582397461,86.94754454956097,85.67823852269345,86.43982213881397,4055900
PEP,2019-01-29,86.47152709960938,86.96338567119562,86.08280358074977,86.41599516834373,4301500
PEP,2019-01-30,87.91536712646484,88.24855872831426,86.10660579925165,86.4239337282864,5023800
PEP,2019-01-31,89.38301849365234,89.56548405361065,87.43145954064623,88.03438211188869,6183400
PEP,2019-02-01,89.00223541259766,89.86694803005639,88.415176479752,89.60515196966807,5010500
PEP,2019-02-04,89.71621704101562,89.9621494278759,88.73250565115974,89.01810025668699,3665000
PEP,2019-02-05,89.56547546386719,90.07319777436962,89.2402126432964,89.66860447763172,4593400
PEP,2019-02-06,89.68446350097656,90.10492042175746,89.08947592194096,89.97005802311578,4209400
PEP,2019-02-07,89.71621704101562,89.77175504170053,88.97843803802002,89.50202411313438,4227700
PEP,2019-02-08,89.66067504882812,89.67654477653987,88.79596251689743,89.58927943170843,3868300
PEP,2019-02-11,89.62100982666016,90.10493361265519,89.3592138009525,89.7717419722241,4851100
PEP,2019-02-12,90.27154541015625,90.83479977415544,89.02603791736286,89.82728981095207,6765300
PEP,2019-02-13,90.5333480834961,91.0172719904271,90.14461835331936,90.52541321792356,5528000
PEP,2019-02-14,89.31953430175781,89.64479709021836,88.75628010829062,89.64479709021836,6359200
PEP,2019-02-15,91.95337677001953,92.24690018766162,90.5254037428771,91.90577363409584,8889500
PEP,2019-02-19,91.96922302246094,92.7942732759925,91.39009905658294,92.65941086357134,5596100
PEP,2019-02-20,91.88988494873047,92.5324696097969,91.5566933505869,91.82641815312405,6038900
PEP,2019-02-21,92.10409545898438,92.7625499713299,91.60430796604449,91.62810650582335,4825900
PEP,2019-02-22,92.62767791748047,92.63560672823078,91.69949259487521,92.11202074992806,4865400
PEP,2019-02-25,92.07234954833984,93.05606677744649,91.79468986775616,92.95293171571033,3755900
PEP,2019-02-26,92.00098419189453,92.4214412825435,91.57259223561186,92.31831223942196,4074600
PEP,2019-02-27,91.52497863769531,91.78676863109465,90.76339509252053,91.65984106649618,4175100
PEP,2019-02-28,92.48307800292969,92.94693440959165,91.33943540118455,91.76330187217968,5586300
PEP,2019-03-01,92.9149398803711,93.06689430775974,92.1551799466424,92.65902016675233,3629100
PEP,2019-03-04,92.90694427490234,93.51475590641226,92.371113307117,93.21085314146106,4383100
PEP,2019-03-05,92.79496765136719,93.42677072102292,92.49906413252045,92.75498382261837,3785400
PEP,2019-03-06,93.29882049560547,93.43477650581569,92.43508919261028,92.5950367220803,4770700
PEP,2019-03-07,92.85093688964844,93.8346316835304,92.5310357964247,92.93890984282511,4858300
PEP,2019-03-08,92.15516662597656,92.9789078944432,91.3794083901254,92.63501525695062,5003300
PEP,2019-03-11,93.24281311035156,93.33878526940241,91.95522172731995,92.21114138318298,4821600
PEP,2019-03-12,93.2268295288086,93.73866888845085,92.77897161452324,93.37078473005839,4356400
PEP,2019-03-13,93.23483276367188,94.0185841475381,93.13886059148945,93.47475404171784,5968600
PEP,2019-03-14,92.37110900878906,93.55474148858721,92.33111907506877,93.45876930862286,8986600
PEP,2019-03-15,92.49906921386719,93.19484766806428,92.26714102859914,92.5150615259239,18194200
PEP,2019-03-18,93.7866439819336,93.8826161418442,92.81095448006931,92.90692053837397,9476000
PEP,2019-03-19,94.44245910644531,94.97029694878479,93.77067214522118,93.85864511894444,6751700
PEP,2019-03-20,94.62641143798828,95.55412428521149,93.85065302992246,94.42647395556338,5733500
PEP,2019-03-21,95.52213287353516,95.70607193915188,94.37849023816928,94.37849023816928,4305600
PEP,2019-03-22,96.54581451416016,97.00167173958394,95.53012866524237,95.57011860320904,6668100
PEP,2019-03-25,96.64976501464844,97.0016568897393,96.03396033484637,96.17791554723746,4275400
PEP,2019-03-26,97.5854721069336,97.69744269722592,96.97766662595815,97.13761415219231,4583000
PEP,2019-03-27,97.48150634765625,98.52118356790787,96.92168390697121,97.93736350695892,5318500
PEP,2019-03-28,97.44151306152344,97.94535934240442,97.24157561078827,97.48150299231318,3694700
PEP,2019-03-29,98.00935363769531,98.17730038613382,96.98566863040104,97.80141695322533,5758800
PEP,2019-04-01,97.56946563720703,98.28124239839914,97.24156532391761,98.04131504225536,5025700
PEP,2019-04-02,97.31356811523438,97.77742452180688,97.21759593061704,97.48951406956239,3242600
PEP,2019-04-03,97.21759033203125,97.75342737161074,96.56179569559761,97.31356251112172,4534400
PEP,2019-04-04,97.14561462402344,97.67344634875526,96.90568722994082,97.41752664248378,3022500
PEP,2019-04-05,97.26557922363281,97.30556305527955,96.62577690121357,97.04964334663327,3971500
PEP,2019-04-08,97.56946563720703,97.60145635813328,96.93766262752746,97.34553669232943,3140100
PEP,2019-04-09,97.70543670654297,97.7294282255394,96.64976715945045,97.36154403051094,3864400
PEP,2019-04-10,97.60147857666016,98.12931033808636,97.29757581108794,97.84939909326886,2681100
PEP,2019-04-11,97.30554962158203,98.16928080712186,96.90567475067726,97.85737889594463,3399700
PEP,2019-04-12,97.75341796875,97.8333917261625,96.88968674483921,97.19358946364935,3501100
PEP,2019-04-15,98.8970718383789,99.1689838653673,97.8573945668894,97.92137602086571,4419800
PEP,2019-04-16,97.89737701416016,99.02502107161952,97.48150369672605,98.54517240670901,5263700
PEP,2019-04-17,101.57621002197266,101.6561837707984,99.0409988627943,99.96871143366958,7318200
PEP,2019-04-18,101.64021301269531,102.57591894190078,101.35230865891543,102.55192742088643,6331200
PEP,2019-04-22,101.120361328125,101.76015747339721,100.67249731466738,101.38427411097649,3707000
PEP,2019-04-23,101.64021301269531,102.00010413273344,100.86446072626488,101.31231872281978,4464100
PEP,2019-04-24,101.50425720214844,102.3519962565877,101.30431972447246,101.89613905155079,3517200
PEP,2019-04-25,100.87244415283203,101.08838002445597,100.1126842527792,100.48856765022258,4433700
PEP,2019-04-26,101.08837890625,101.76816503587354,100.86444993193702,101.18434498003732,3033800
PEP,2019-04-29,101.32030487060547,101.53623463350985,100.78446786338571,100.88044003668033,2793400
PEP,2019-04-30,102.40796661376953,102.67987862306042,101.04038905586624,101.60821679593957,4963600
PEP,2019-05-01,101.76016998291016,102.36798158200331,101.57623093290502,102.24801788326546,3810800
PEP,2019-05-02,101.43226623535156,102.00808705419394,100.90442845087718,101.7601604728772,2875900
PEP,2019-05-03,102.10405731201172,102.51192532408673,101.5042449513765,101.64820016199323,2854900
PEP,2019-05-06,101.78417205810547,102.07208252429187,101.37630398234792,101.80816968162752,2883900
PEP,2019-05-07,100.75249481201172,101.52824708754636,100.1126924531131,101.28032657173671,3558900
PEP,2019-05-08,100.78447723388672,101.36029812397811,99.92874510600295,100.60853738556534,3844700
PEP,2019-05-09,100.8084716796875,101.20034740025083,99.84876819256807,100.58453659490128,3127200
PEP,2019-05-10,102.3759765625,102.59191244450459,100.46458096112563,100.88044820921229,3720400
PEP,2019-05-13,101.6961898803711,102.319993762735,101.27231735108651,101.58421929226846,4297200
PEP,2019-05-14,101.89614868164062,102.77586634462688,101.8001764867072,102.01610629829717,5150300
PEP,2019-05-15,103.4476547241211,103.86351588692318,101.64821134268071,101.64821134268071,3751900
PEP,2019-05-16,104.18341064453125,104.56728713451149,102.97578062741441,103.46362849720302,4812900
PEP,2019-05-17,104.3753433227539,104.6632537425178,103.68755799794094,103.90349386356728,4011700
PEP,2019-05-20,103.95946502685547,104.32734304490326,103.60757321605382,103.99944274818249,3965600
PEP,2019-05-21,103.20773315429688,104.43134959758157,103.04778560545742,104.43134959758157,4080800
PEP,2019-05-22,104.0234603881836,104.47931141994381,103.12773233083567,103.24770212050866,3588000
PEP,2019-05-23,103.94348907470703,104.68725057833645,103.57559877396024,103.64758553496814,3901400
PEP,2019-05-24,103.5676040649414,104.351355489614,103.13574452165237,104.23139789514873,2702700
PEP,2019-05-28,102.07206726074219,103.88749666620296,101.85613749419578,103.56760161970561,8806000
PEP,2019-05-29,102.5039291381836,102.61589362067501,101.44026045290842,102.0320796907707,5502700
PEP,2019-05-30,102.8558349609375,103.09576237119283,102.19204108062424,102.48794463811731,2710300
PEP,2019-05-31,102.36798858642578,102.7278736056569,101.56023946803589,102.36798858642578,4191200
PEP,2019-06-03,103.15172576904297,103.29568707868879,101.96010027570146,102.25600989822809,3588700
PEP,2019-06-04,103.22372436523438,103.81553147495441,102.3839845384205,103.76754843397332,4242400
PEP,2019-06-05,105.07911682128906,105.2470696344576,103.05575097516363,103.34366136687224,5084200
PEP,2019-06-06,106.32378387451172,106.55741629495587,105.1798258255296,105.59874402274714,5528000
PEP,2019-06-07,107.52413177490234,108.5230866923306,106.81519523398163,107.01659654287407,6332700
PEP,2019-06-10,107.62080383300781,107.69330535626048,106.62991280420573,107.29050272588687,2957900
PEP,2019-06-11,107.30663299560547,108.22502262715894,106.89577868157659,107.99945410660632,3553600
PEP,2019-06-12,107.25831604003906,108.30560565110763,106.87162884101346,107.95918889312878,3302800
PEP,2019-06-13,107.09717559814453,107.78193275989213,106.21906872995896,107.50802989519309,2851400
PEP,2019-06-14,106.927978515625,107.5805167837706,106.79102710191447,107.15354699615533,3291800
PEP,2019-06-17,106.75879669189453,107.33883337662722,106.25126151961369,106.91991526152941,2725800
PEP,2019-06-18,106.38824462890625,108.28947381942663,106.22712601124775,108.28947381942663,4378200
PEP,2019-06-19,107.02466583251953,107.37912182820466,105.8001423710951,106.38823078065195,4349900
PEP,2019-06-20,108.08000183105469,108.31362194167399,107.41939963454423,107.84636942787498,3847500
PEP,2019-06-21,107.91890716552734,108.40226304061711,107.65305590257456,108.08002579055727,7696300
PEP,2019-06-24,108.06388854980469,108.95005924844263,107.90276995711433,108.47474280504919,3685800
PEP,2019-06-25,107.79806518554688,108.3378193713919,107.5805482683197,107.93501663933766,4176300
PEP,2019-06-26,106.59768676757812,107.76581185786728,106.58157122153996,107.1938267528314,6024100
PEP,2019-06-27,106.09015655517578,106.69436048820998,105.84042089633131,106.54129352503163,4750900
PEP,2019-06-28,105.63902282714844,106.67019658776641,105.34094051876293,106.56546396920712,6318500
PEP,2019-07-01,106.23516845703125,106.57352121263648,105.59069404210403,106.33184945331953,3544800
PEP,2019-07-02,106.68632507324219,106.86355925769092,105.81628199466594,106.41242216729916,3233300
PEP,2019-07-03,107.94306945800781,108.02362262059452,106.96022990948694,107.12940015571282,2859200
PEP,2019-07-05,107.16162109375,107.54025657043684,105.97738031220801,107.05688847049919,3356000
PEP,2019-07-08,106.79103088378906,107.45968472209789,106.37211270830002,107.22606460633249,5854500
PEP,2019-07-09,106.13044738769531,107.46774285267776,105.30872653404576,107.14550564745434,8233200
PEP,2019-07-10,108.28141784667969,108.32170057261881,106.23517337756837,106.66214322888646,6141500
PEP,2019-07-11,108.23308563232422,108.54727123276142,107.42748026786349,108.1203013730022,3944200
PEP,2019-07-12,107.37105560302734,108.29749662743818,106.83130161660303,107.95109230628677,4481200
PEP,2019-07-15,108.07195281982422,108.08001674056652,106.7829916349518,107.62887971123307,3077900
PEP,2019-07-16,107.79000091552734,108.95007461461013,107.18579688830192,108.01556943561984,4019700
PEP,2019-07-17,106.96826171875,108.1766695667183,106.7185260636462,107.8866511915035,4105100
PEP,2019-07-18,107.048828125,107.30661540942819,105.95320450791921,106.8313112684859,3698600
PEP,2019-07-19,104.80119323730469,107.2985746489201,104.73674333653042,107.28245910058611,5022000
PEP,2019-07-22,104.95426940917969,105.38123928322071,104.43063082178983,105.12345195010289,4411700
PEP,2019-07-23,105.32483673095703,106.53324462799277,105.05898551850187,105.63902229248389,4145800
PEP,2019-07-24,104.0922622680664,105.69540888693601,103.6169458167734,105.69540888693601,4669700
PEP,2019-07-25,103.91502380371094,104.3500452223689,103.43165574514843,103.62500542708551,3335200
PEP,2019-07-26,105.71153259277344,105.87265120057621,103.68946763584059,104.27755608597356,4580800
PEP,2019-07-29,105.96127319335938,106.38824305549294,105.6793063972052,105.93710601569616,4533400
PEP,2019-07-30,105.11537170410156,106.40434504719602,104.91397038752811,105.80819272481668,3367900
PEP,2019-07-31,102.96442413330078,105.11538907464967,101.69962390205968,105.11538907464967,5757600
PEP,2019-08-01,102.42467498779297,104.24533885398861,102.12659876280331,103.89088278670292,6199400
PEP,2019-08-02,103.05303192138672,103.77808409098917,101.9090738325243,102.39243579931171,5573300
PEP,2019-08-05,100.21731567382812,104.04393528005228,99.79839741268876,103.39946077683872,6192800
PEP,2019-08-06,101.86878204345703,102.31186739225056,100.20117941134006,100.52342274261896,6258600
PEP,2019-08-07,102.94023895263672,103.39137593060853,100.40258115898457,101.8285059085146,6149000
PEP,2019-08-08,104.30171966552734,104.52728816718457,102.3118735817529,103.19804433295013,3702100
PEP,2019-08-09,103.60084533691406,104.51923487692758,102.56966540158534,104.49506770160312,2929500
PEP,2019-08-12,103.3994140625,104.04388827454957,103.0127209304799,103.47996719272737,2920800
PEP,2019-08-13,104.67229461669922,105.03482684921481,103.06914787738842,103.34305073934802,4088200
PEP,2019-08-14,104.01974487304688,105.1556512140405,103.76195758783837,104.34199434525807,6232700
PEP,2019-08-15,105.3087158203125,105.71151843214278,104.24531102465168,104.45477625004195,3701800
PEP,2019-08-16,106.14656066894531,106.59771000845616,105.24428657504879,105.87265778937852,3405000
PEP,2019-08-19,106.7990951538086,107.02466364306683,106.2915599066972,106.39629252405307,3101200
PEP,2019-08-20,106.38824462890625,107.22608110883053,106.28351199577506,106.9843970360615,3160300
PEP,2019-08-21,106.61383056640625,107.66112019109423,106.03379361404258,107.0730316089294,2936900
PEP,2019-08-22,106.87162017822266,107.08912479547661,105.79211184330649,106.1385162806421,2484200
PEP,2019-08-23,104.94620513916016,107.42747092091915,104.35810442362785,106.70241878045172,4239500
PEP,2019-08-26,107.7416763305664,107.74972795967042,105.20401181055755,105.38930991302178,3954100
PEP,2019-08-27,108.56338500976562,109.04675319230789,107.69332965672764,108.11224792876004,7187800
PEP,2019-08-28,108.9097671508789,109.03060301185351,108.17666348080733,108.3538976052765,3972600
PEP,2019-08-29,109.57844543457031,109.91679821352042,108.37003738436461,109.24814428396579,3045200
PEP,2019-08-30,110.1504135131836,110.4565474727153,109.36897535837187,109.65094214136812,3742800
PEP,2019-09-03,110.7385025024414,110.90767272023476,109.46564473890065,109.84428018785216,2989800
PEP,2019-09-04,112.10000610351562,112.12417328633836,110.56936049277283,111.02049762888376,3201700
PEP,2019-09-05,110.30322265625,112.59073483119384,109.95442445543016,112.59073483119384,4994600
PEP,2019-09-06,111.43073272705078,111.47129381676478,110.33565756981311,111.07381494157832,3051600
PEP,2019-09-09,110.6439208984375,110.8710482017693,109.85708260564172,110.6439208984375,4062100
PEP,2019-09-10,110.20588684082031,110.73314396934502,109.24869693706421,110.10855011001796,4175000
PEP,2019-09-11,110.61148071289062,110.9602789407505,109.41094889902219,109.72730567353852,5005100
PEP,2019-09-12,111.36587524414062,112.17704780361507,110.91974023843846,110.91974023843846,4146900
PEP,2019-09-13,110.67637634277344,111.09006985612237,110.05987732973202,110.38435375173012,4008200
PEP,2019-09-16,109.41094970703125,110.72504518357155,109.00536346093757,110.63581571433055,2953600
PEP,2019-09-17,110.07611083984375,110.57092658271398,109.11081354002229,109.47585108382819,4013300
PEP,2019-09-18,109.91386413574219,110.31945035026521,108.77822768608128,110.16532560834503,2647800
PEP,2019-09-19,109.89764404296875,110.18966663065196,109.57318000221395,109.84086840571604,2804500
PEP,2019-09-20,109.27305603027344,110.12477727749958,109.08647743815743,109.50829061586218,6671100
PEP,2019-09-23,109.86519622802734,110.11665770167761,109.47583692616594,109.47583692616594,3346500
PEP,2019-09-24,109.80030822753906,110.68448326689797,109.1675946785015,110.52225124515934,4798500
PEP,2019-09-25,109.58128356933594,110.04365780817729,109.110802061878,109.67863268028164,3579500
PEP,2019-09-26,110.0923080444336,110.58712365376232,109.51637025226123,110.21397894119177,4309600
PEP,2019-09-27,109.99501037597656,110.51416034895855,109.24061341573815,110.51416034895855,3559400
PEP,2019-09-30,111.2117919921875,111.72282242183775,110.21404057081743,110.37628502722877,3705200
PEP,2019-10-01,111.43073272705078,111.89310687027832,110.39243319340731,111.07381494157832,3638900
PEP,2019-10-02,108.64844512939453,111.43888047124554,108.28341998493946,111.04140149583318,5728600
PEP,2019-10-03,111.8850326538086,113.36137275178166,110.72506175755417,112.29873860835647,8829700
PEP,2019-10-04,113.79126739501953,113.92916522270312,111.63354576242219,111.81200468707364,5278700
PEP,2019-10-07,112.21760559082031,113.24779817661152,111.91747571348776,112.98821702404561,4273300
PEP,2019-10-08,111.32533264160156,112.30684456114733,111.19554205434392,111.65790400237076,4074900
PEP,2019-10-09,111.82012176513672,112.0796905002542,110.99272244052666,111.39020137766974,3065300
PEP,2019-10-10,111.85257720947266,112.14459980895806,110.83861156924699,111.21986364017266,2191000
PEP,2019-10-11,111.64977264404297,112.50961343847074,111.20362533254487,112.00669049324144,2761400
PEP,2019-10-14,111.49565124511719,112.18515278151581,111.32531196130722,111.81200800684506,2371500
PEP,2019-10-15,110.5871353149414,111.9012306485274,110.44923749157202,111.51997862847318,3369300
PEP,2019-10-16,110.66015625,110.71694426891712,109.97877428805856,110.43302892935284,2812000
PEP,2019-10-17,111.0981674194336,111.63353174867278,110.8061448864361,111.18739687055803,2322500
PEP,2019-10-18,110.5222396850586,111.43074881377707,110.50601277132903,111.34963900014638,3630400
PEP,2019-10-21,110.41678619384766,110.9197215125217,110.04365381088928,110.59524511700475,2829400
PEP,2019-10-22,110.8548355102539,111.41454650903951,110.57092018760588,110.84671586374344,3248100
PEP,2019-10-23,111.49565124511719,111.53621234328935,110.81426935485861,110.81426935485861,2323600
PEP,2019-10-24,111.85257720947266,112.0310361523532,110.96028249506998,111.69845245175671,2292500
PEP,2019-10-25,110.83861541748047,111.87691527891972,110.50603170533694,111.76335161837201,2520000
PEP,2019-10-28,110.78182983398438,111.57677538647694,110.44112650540657,110.76560291893078,3212600
PEP,2019-10-29,110.38438415527344,111.22799832980817,110.27082047067235,110.99276368938925,2550300
PEP,2019-10-30,111.04949951171875,111.36585626088767,109.84086052573161,110.2058856397713,2653700
PEP,2019-10-31,111.2685317993164,111.56055439824755,110.40058364923591,110.96840193118253,4492300
PEP,2019-11-01,111.07382202148438,112.21757798578655,110.88725584991623,111.5767572864833,3054900
PEP,2019-11-04,109.63809204101562,111.21176887193984,109.28928138526389,110.9684146154289,3202400
PEP,2019-11-05,108.70523071289062,109.58941821347848,107.56148680595675,109.37039815576304,4300800
PEP,2019-11-06,109.05404663085938,109.41096455626422,108.33210350993107,109.10271500659428,3645600
PEP,2019-11-07,108.14551544189453,109.102692978119,107.98327105218742,109.02969042925628,3338700
PEP,2019-11-08,107.99139404296875,108.80256650659202,107.53713944374124,108.12117223024123,2604000
PEP,2019-11-11,107.39112854003906,107.91027845344753,107.05043756975635,107.91027845344753,2227200
PEP,2019-11-12,107.05853271484375,107.62635093434412,106.74217596558577,107.62635093434412,3246500
PEP,2019-11-13,108.12116241455078,108.34830207105337,107.08286274557494,107.58579804406928,3166600
PEP,2019-11-14,108.15364074707031,108.62412232516267,107.66693225179927,108.3726608076934,2141900
PEP,2019-11-15,108.54299926757812,108.63222874509601,107.72371943037652,108.42132833346787,3648700
PEP,2019-11-18,108.74575805664062,110.06797288466939,108.62408716096623,108.69708969837087,3619700
PEP,2019-11-19,109.15948486328125,109.55695145064308,108.75389862964049,109.22436776845535,3019100
PEP,2019-11-20,108.48622131347656,109.67052630529508,108.21041323951603,108.94858323075862,3047700
PEP,2019-11-21,108.62409210205078,108.86744628197646,107.95892483542112,108.2347204631666,3391200
PEP,2019-11-22,108.75389862060547,109.12703102411861,107.9021650545287,108.63221532401761,3014900
PEP,2019-11-25,108.55921936035156,109.32983077546669,108.0562963609626,109.23249403429729,3612400
PEP,2019-11-26,110.07611083984375,110.21400868588816,108.5916636112331,108.93235459160938,4947400
PEP,2019-11-27,110.24645233154297,110.7412680286901,109.77597081806624,110.07610066834073,2476100
PEP,2019-11-29,110.1815414428711,110.66013015727967,109.71916726360645,110.36810761708824,2978400
PEP,2019-12-02,110.22213745117188,110.84673144477695,109.05404692038636,110.84673144477695,3866300
PEP,2019-12-03,109.88143920898438,110.85484379472136,108.95670299590762,110.85484379472136,5000000
PEP,2019-12-04,111.3740005493164,111.4307761950582,109.13515624982313,109.46773998670606,4228200
PEP,2019-12-05,111.36988830566406,111.53325663766846,110.49586087412794,111.24736517271197,3351800
PEP,2019-12-06,112.20307159423828,112.47263492353014,111.36987698226375,111.6394403115556,3216900
PEP,2019-12-09,112.03972625732422,112.75854948532408,111.90902659252204,112.03154973814529,3882900
PEP,2019-12-10,111.31273651123047,112.40731825782969,111.23104609733798,112.40731825782969,2940200
PEP,2019-12-11,111.9906997680664,112.35010509466481,111.35355458044519,111.94985457107445,3339100
PEP,2019-12-12,112.0560531616211,112.64418918269689,111.70481183847618,111.74565704131315,3502100
PEP,2019-12-13,112.67687225341797,112.93009506544,111.24737737917188,111.85184152033258,3557900
PEP,2019-12-16,111.95803833007812,112.33379675865405,111.2228745116463,111.86818386656256,4701000
PEP,2019-12-17,111.23104095458984,112.26844933486566,110.83895440728972,111.94987667814557,5491800
PEP,2019-12-18,111.06764221191406,112.15405955534702,110.78991483623432,111.94984605013488,5370500
PEP,2019-12-19,111.47608947753906,111.69664359321973,111.05132181954065,111.27187593522133,3641700
PEP,2019-12-20,112.66050720214844,112.83205203403824,110.40599454884641,112.24391613070668,10311300
PEP,2019-12-23,111.94170379638672,112.83208442443723,111.77833543505322,112.47266655097933,2992900
PEP,2019-12-24,111.81916809082031,112.21943112573769,111.312722488268,111.9825364338173,1220600
PEP,2019-12-26,111.65582275390625,112.18677309409729,111.17388168029183,111.79468649727609,2934700
PEP,2019-12-27,112.35013580322266,112.38281695543058,111.6068078572942,111.81102143386732,2554000
PEP,2019-12-30,111.75379943847656,112.70135311815372,111.48423610904064,111.66394499533125,3024700
PEP,2019-12-31,111.63945770263672,112.12139867059686,111.11667153341436,111.6557982759827,3229400
PEP,2020-01-02,110.94514465332031,112.09689961525649,110.38967730979252,111.80283160143732,3784100
PEP,2020-01-03,110.78994750976562,111.73748898059898,110.38152037889039,110.65108378097287,4000100
PEP,2020-01-06,111.21465301513672,111.3535291460293,110.43864430635541,110.52033468168031,4085100
PEP,2020-01-07,109.46661376953125,111.14934369031506,109.41760451766264,111.09215792033206,5718100
PEP,2020-01-08,110.03026580810547,110.56939260856205,109.51565610240309,109.8342287637262,3681400
PEP,2020-01-09,110.10376739501953,110.58572082507335,109.89138979927414,110.51219447744133,3954700
PEP,2020-01-10,109.89140319824219,110.61840299502727,109.77704409978858,110.41418942891677,3099500
PEP,2020-01-13,111.52508544921875,111.57409469926444,109.97306769815329,109.98939580536586,5127200
PEP,2020-01-14,111.78649139404297,111.86000527349063,110.84710167679441,111.23918816472,4159700
PEP,2020-01-15,113.70609283447266,113.74693803396856,111.74564790071818,111.94168491557068,5002600
PEP,2020-01-16,114.04097747802734,114.49024963162769,113.21595949719891,113.82859994368981,4977900
PEP,2020-01-17,115.38880920410156,115.43783092153092,114.27788709559387,114.44126789194881,6908700
PEP,2020-01-21,115.87895202636719,116.0913296582235,114.6373299947124,114.85788414669886,4440000
PEP,2020-01-22,117.12055206298828,117.27575634582398,115.76457118202977,115.8380850641503,5366100
PEP,2020-01-23,117.34107208251953,117.50445285383756,116.29549995993911,116.88363583691596,3915700
PEP,2020-01-24,116.74481964111328,117.74954697955856,116.36089710791238,117.48816007469017,2791500
PEP,2020-01-27,116.10765075683594,117.10421383735209,115.21728270653713,115.70738772803668,3895300
PEP,2020-01-28,116.35272216796875,116.74480872069917,115.79725479274443,116.0994993429927,2908300
PEP,2020-01-29,115.7727279663086,116.36086391475042,115.31529166512148,115.99328206302538,3263200
PEP,2020-01-30,117.4881362915039,117.59433132172005,115.6012051607104,116.2546909869078,4058500
PEP,2020-01-31,116.00963592529297,118.15795397621292,115.64205403145695,117.47179944582493,4753100
PEP,2020-02-03,116.40988159179688,116.86733039029707,115.86259080153653,116.62227165000901,3977800
PEP,2020-02-04,116.98985290527344,117.67600740306146,116.07498024155606,116.97351233221984,3494300
PEP,2020-02-05,117.87206268310547,118.108944915107,117.16139105868923,117.36560460718242,3504900
PEP,2020-02-06,117.89657592773438,118.68892555092972,117.68419830889489,118.14979875209865,3571400
PEP,2020-02-07,118.74607849121094,119.0319824166184,117.4881286406682,117.83936992665576,3138500
PEP,2020-02-10,118.98294067382812,119.60374514345494,118.55000910902764,119.20348225002378,3775600
PEP,2020-02-11,119.3260726928711,119.55479089025265,118.33767354659531,119.432267736015,3870500
PEP,2020-02-12,119.3260726928711,119.86519949993061,118.72977256856966,119.8161777740286,4217400
PEP,2020-02-13,119.64462280273438,120.18374950815792,117.23490566475319,118.64805978878344,5041400
PEP,2020-02-14,120.06941223144531,120.20009944032095,119.21171276512582,119.72633493775889,3555600
PEP,2020-02-18,118.93397521972656,120.2409344470717,118.77059441012834,120.16742056127597,4938700
PEP,2020-02-19,118.87677764892578,119.65278656070082,118.84410896877091,118.95029152742767,2978800
PEP,2020-02-20,118.57453918457031,119.09732528812137,117.586140280689,119.07282066328334,2805900
PEP,2020-02-21,119.1382064819336,119.19537980242931,118.28867101684807,118.49288459500414,4271800
PEP,2020-02-24,116.51607513427734,120.20008285344599,116.45072530675398,119.14634648711878,5027700
PEP,2020-02-25,115.25814056396484,117.93742152782592,114.82520880520848,116.47524542891105,7585800
PEP,2020-02-26,115.9769287109375,117.42276379688293,115.3071149049252,116.35268703933686,6157200
PEP,2020-02-27,111.39440155029297,116.92450788912251,111.34539229332053,115.51135363485878,8605000
PEP,2020-02-28,107.84923553466797,109.25422544973729,104.84321871632639,108.83763438560285,14164000
PEP,2020-03-02,112.38282012939453,112.53802444624667,107.59605326076209,107.82477147584696,8504500
PEP,2020-03-03,110.74910736083984,114.09003845254261,110.06295274104802,112.06424328087788,8728300
PEP,2020-03-04,116.31185913085938,116.5732584354097,111.10032579028244,111.24736601514321,7635700
PEP,2020-03-05,113.56930541992188,116.29956737652076,112.39330975955679,114.1531811103173,6579100
PEP,2020-03-06,112.87848663330078,113.6268462451362,108.1005195780524,108.19098076792667,6754900
PEP,2020-03-09,107.03966522216797,109.66302711352465,105.41136384578691,107.0561035847322,8716300
PEP,2020-03-10,110.31267547607422,110.6663009863935,104.32582482406232,108.59392574581513,8258600
PEP,2020-03-11,106.70249938964844,108.9969059939699,104.9590728634579,107.38506794357153,7465100
PEP,2020-03-12,94.85213470458984,102.79623040163663,93.41298747896693,100.41135660148186,12808300
PEP,2020-03-13,104.81103515625,104.9261664336266,94.63009864442559,99.24359401733584,12007700
PEP,2020-03-16,93.00178527832031,101.82581481719869,92.10540532736708,94.31758180234324,10733300
PEP,2020-03-17,105.0330581665039,105.14818942155934,95.71560804143405,95.97054063845923,14242300
PEP,2020-03-18,99.4409408569336,105.03305722756119,93.5609963512405,99.37514977629498,15250800
PEP,2020-03-19,96.49685668945312,100.40311272814444,95.44422448710661,99.86035199376451,9393500
PEP,2020-03-20,85.46888732910156,97.40969319325177,83.40473752493186,97.23699630075389,13093200
PEP,2020-03-23,86.49685668945312,92.82088252312798,84.59718443998615,87.1711996813034,13926800
PEP,2020-03-24,93.61857604980469,94.10377749971538,89.94258827369846,90.40311335902355,11447000
PEP,2020-03-25,92.5166015625,95.69094946026802,91.3159424195687,92.7139685557286,9485500
PEP,2020-03-26,98.89818572998047,100.16463587019945,92.58238593706864,92.68929174352583,10376800
PEP,2020-03-27,99.06265258789062,102.50838361354313,97.03139843980954,97.50837436814089,9852500
PEP,2020-03-30,103.19095611572266,103.48700344522612,99.92614729531148,100.00838301318372,6916800
PEP,2020-03-31,98.76661682128906,103.37188668407346,98.29786626206999,102.74689012123733,7091700
PEP,2020-04-01,97.13831329345703,100.57581896370357,95.1235037209965,96.43929401420934,6873000
PEP,2020-04-02,101.85871124267578,102.94423899249789,95.78962513333164,96.39817695276056,6181800
PEP,2020-04-03,102.45905303955078,103.10050677057555,100.69096294283722,101.30774030890488,5552000
PEP,2020-04-06,107.86203002929688,108.65972976911596,103.03471686334889,105.80610545210702,8242200
PEP,2020-04-07,107.30279541015625,111.08570106599103,107.14654315873666,109.13668888397297,6253900
PEP,2020-04-08,109.0544662475586,109.6136717220195,106.19262268475167,106.61202679059735,5241100
PEP,2020-04-09,109.89325714111328,111.0856905891757,108.14982500105366,108.62680088995155,5502400
PEP,2020-04-13,107.63996887207031,109.66300384296581,106.4393035961401,108.29786713771568,3785000
PEP,2020-04-14,113.81599426269531,114.00514838303334,108.8406661824865,109.5561240122061,6278700
PEP,2020-04-15,111.04458618164062,113.12518064232985,109.95083290988295,112.77978685362214,5773100
PEP,2020-04-16,111.54623413085938,112.63998742125212,110.07419777664161,112.63998742125212,4564000
PEP,2020-04-17,113.11698150634766,113.48704544922573,110.94592548664505,113.26500206415139,4866500
PEP,2020-04-20,110.64986419677734,112.97717234378925,110.61696237617602,112.61532760738204,3995400
PEP,2020-04-21,107.68108367919922,109.325822974624,107.39324928315389,108.6679247467811,4359500
PEP,2020-04-22,109.06267547607422,109.92616624895172,107.91136281114885,108.91465493988393,4084600
PEP,2020-04-23,107.12187957763672,110.3126782368173,106.93273804786706,108.96399234295987,5527700
PEP,2020-04-24,110.49361419677734,110.87190985128073,107.44261651407926,107.62353888601113,4063100
PEP,2020-04-27,110.5758285522461,111.19260578914349,110.10707182898886,110.54292673919382,4009200
PEP,2020-04-28,112.10547637939453,113.22388745271044,110.74033926573733,112.48375952516444,6674200
PEP,2020-04-29,109.67121124267578,112.6481852032151,109.29291570234372,112.47549461290596,6706800
PEP,2020-04-30,108.79129791259766,109.5149873693166,107.2534703654375,108.88999082383872,6783000
PEP,2020-05-01,107.02320861816406,108.74195854232502,106.51334334169104,107.82912753383346,4488000
PEP,2020-05-04,107.66465759277344,108.0182831479613,106.34887338212319,107.04788021480266,5245300
PEP,2020-05-05,108.28141021728516,109.6465468467277,107.54128255226281,108.2567401316754,3580000
PEP,2020-05-06,107.54952239990234,108.74195611087016,107.47551212885003,108.20742075544689,4192200
PEP,2020-05-07,108.18277740478516,108.55284139988338,107.00678176446708,108.18277740478516,5528000
PEP,2020-05-08,110.3866958618164,111.15150630873671,108.93111033585436,109.43275642088501,4209100
PEP,2020-05-11,110.51004028320312,112.00674655763093,109.51496746110419,109.72877905791808,3591100
PEP,2020-05-12,109.32584381103516,112.15479794607451,109.26005272087524,110.8225503299792,3914600
PEP,2020-05-13,109.34230041503906,110.58407436701265,108.10051391469743,109.52321023694108,5168500
PEP,2020-05-14,109.44096374511719,109.83569769682018,107.03141394253079,109.1366909644676,5522200
PEP,2020-05-15,111.80118560791016,113.20744366086637,109.20249370736038,110.00842524571837,20338200
PEP,2020-05-18,111.44756317138672,113.4788176607555,111.06926752729933,112.5413165539982,8480300
PEP,2020-05-19,108.33076477050781,110.82254413482093,108.05938124440672,110.55116060871983,6640300
PEP,2020-05-20,107.94424438476562,109.11200787546552,107.18766575198961,108.99687661718148,8213100
PEP,2020-05-21,107.08075714111328,108.09226829228497,106.58733033410198,107.71397273379431,4886300
PEP,2020-05-22,107.30279541015625,107.42615839471341,106.22549310619915,106.58733778351484,3429200
PEP,2020-05-26,106.70249938964844,108.59395275555501,106.41466489217831,108.50349156049607,5579300
PEP,2020-05-27,107.57418060302734,107.59885069065201,105.74029964885324,106.67780062368851,5686500
PEP,2020-05-28,108.79129791259766,109.15314264095713,106.99853772910267,107.90314955000134,4974400
PEP,2020-05-29,108.18277740478516,108.750214719842,107.17126580528453,108.56106058257605,13337900
PEP,2020-06-01,109.3669662475586,110.15643424311313,107.88669807043442,108.22387270629528,4049200
PEP,2020-06-02,109.07090759277344,110.04129790689584,107.82912119793623,109.41630139347973,5327500
PEP,2020-06-03,109.22715759277344,110.42781041579767,109.04623524162731,109.57255138631602,5421200
PEP,2020-06-04,108.21028137207031,110.68824465929032,107.88705557380673,109.05560029659013,5229700
PEP,2020-06-05,109.76004028320312,110.65509496681308,108.37602440493849,108.56663403838984,7075700
PEP,2020-06-08,109.56945037841797,109.7849216269527,108.76555887836793,108.881583803851,5613000
PEP,2020-06-09,110.19928741455078,110.3484568845729,108.60808317214553,109.25450950044244,6446900
PEP,2020-06-10,111.16062927246094,112.01424373819171,110.36502093327913,110.45618425708365,7069900
PEP,2020-06-11,105.94778442382812,111.9976840778982,105.63286054835832,111.23523280704467,8541000
PEP,2020-06-12,106.90914916992188,107.67988347768956,105.60800706472268,107.03345707576548,7039500
PEP,2020-06-15,108.13568115234375,108.5334916724758,104.86210953574309,106.32071017226134,5481000
PEP,2020-06-16,109.12188720703125,110.2738531728881,107.83731774901813,109.95892304045823,5197700
PEP,2020-06-17,109.19648742675781,110.25729022303074,108.9727332284738,109.30422936014652,3309700
PEP,2020-06-18,110.04179382324219,110.33186235641006,108.25998039310791,108.91468952937527,3417200
PEP,2020-06-19,108.7987060546875,111.73249911297,108.74898289196554,111.39270730667835,8310100
PEP,2020-06-22,108.60807037353516,109.19647785252835,107.69643712271593,108.19369392239291,3379900
PEP,2020-06-23,108.86499786376953,109.95894528090948,108.55006766764143,109.08046909778119,3625600
PEP,2020-06-24,107.37324523925781,108.62467046257801,106.64393849431721,108.16885374699012,4853500
PEP,2020-06-25,108.90643310546875,109.17162748562876,106.12182256206994,107.02516028332074,4442000
PEP,2020-06-26,106.85111236572266,109.70202455284561,106.13010134187192,109.13018299085373,7372700
PEP,2020-06-29,108.63294219970703,108.89813657766402,107.2654921944436,107.88705692980872,4173900
PEP,2020-06-30,109.61087036132812,110.07498267704167,108.44233820870255,109.25451263110803,4626700
PEP,2020-07-01,109.69373321533203,110.73795730605659,109.34565851842385,109.83461968938305,3633000
PEP,2020-07-02,110.09984588623047,111.19379331790478,109.84292182263647,110.67167485860126,2769200
PEP,2020-07-06,110.4727783203125,111.01146271635106,109.65230829121775,110.29045164718033,4221600
PEP,2020-07-07,110.69654083251953,111.56672133880552,109.53627908119351,109.61915943691923,4424500
PEP,2020-07-08,111.23523712158203,111.62475207283268,110.35676089817184,111.1855139611276,3798200
PEP,2020-07-09,109.98382568359375,111.00318842073004,109.17163856856548,110.14127814473437,4005200
PEP,2020-07-10,111.43412017822266,111.79047785423207,108.79867938799055,109.7020170114134,5932800
PEP,2020-07-13,111.80706787109375,114.42593033000566,111.44241453557855,113.34854892391994,8960000
PEP,2020-07-14,112.31261444091797,113.49772520674601,111.26009454943056,111.541867545335,6766800
PEP,2020-07-15,110.79597473144531,112.86785693482857,110.4313214403274,112.17170754947549,5561300
PEP,2020-07-16,110.95343017578125,111.35122798350314,110.26556382644621,111.10259961151534,3788100
PEP,2020-07-17,111.59986114501953,111.93135722472053,110.67994498121968,111.59156552327985,3229300
PEP,2020-07-20,110.31529998779297,111.55842934864447,109.54455320826682,111.55842934864447,3620300
PEP,2020-07-21,111.40926361083984,113.0502037130997,110.87886217814703,111.05290587836282,5435400
PEP,2020-07-22,112.71868133544922,112.91758659091084,110.78768549313656,112.34574504650402,3522300
PEP,2020-07-23,113.60545349121094,113.7463399722274,112.28773936367503,113.19936000185794,5011400
PEP,2020-07-24,112.76011657714844,114.89830055818003,112.20485365643425,113.53086334329224,3300000
PEP,2020-07-27,114.09442138671875,114.16900612003118,111.75734455589392,112.3208905130549,3607700
PEP,2020-07-28,113.8541030883789,114.85688724157527,113.61375761162476,114.35134735289797,3787500
PEP,2020-07-29,114.30987548828125,115.19664711517825,113.57228595143194,113.85407153357423,3179000
PEP,2020-07-30,114.1109619140625,114.55019983581779,113.1081655774104,113.73802572616344,2817600
PEP,2020-07-31,114.08612823486328,114.1192727870128,112.04739051910855,113.75461948453912,4304100
PEP,2020-08-03,113.29052734375,113.95353224231314,112.71040279966972,113.63031909305653,2819200
PEP,2020-08-04,113.9286880493164,114.0281343732569,112.72699860055057,113.97012823288114,2553500
PEP,2020-08-05,112.91759490966797,114.49222053267027,112.51979701520465,114.49222053267027,2924000
PEP,2020-08-06,112.59441375732422,112.95077157443028,112.1054523891119,112.1054523891119,2692900
PEP,2020-08-07,113.32369995117188,113.34026590770743,112.1882996400689,112.66069496246756,3692100
PEP,2020-08-10,112.69381713867188,113.4397023449837,112.19657298022985,112.97560273879813,3052000
PEP,2020-08-11,111.98109436035156,113.91209024794642,111.56671788608055,113.51429237346086,3301200
PEP,2020-08-12,114.2021713256836,114.93146540102408,112.08884854666681,112.16343328520712,4424600
PEP,2020-08-13,114.45082092285156,114.87348049847654,113.62206773049427,113.62206773049427,2393500
PEP,2020-08-14,114.00325012207031,114.50878991118599,113.70489856380915,114.45906675910346,2461700
PEP,2020-08-17,114.30162048339844,115.10551196301859,113.58060936806066,113.95354571579509,2862500
PEP,2020-08-18,114.45904541015625,114.87342179457565,113.57227387753217,114.87342179457565,2638600
PEP,2020-08-19,113.08332824707031,115.0226069564352,112.79327232575949,114.93973925567441,3682200
PEP,2020-08-20,113.30711364746094,113.66347137527922,112.40377589270683,112.42863747158869,2263000
PEP,2020-08-21,113.09162139892578,113.25736944259232,112.08882486923076,113.01702403037548,4295600
PEP,2020-08-24,114.06954956054688,114.1026941126745,112.80155862508842,113.09162720070971,3177800
PEP,2020-08-25,113.78778839111328,114.68284314044013,113.29053153734267,114.58338418222574,2597400
PEP,2020-08-26,114.75745391845703,114.91491904607929,113.02536280615213,113.19111091310242,6019700
PEP,2020-08-27,114.69941711425781,115.96740826967748,114.29333621286322,114.95634118232066,4159300
PEP,2020-08-28,115.9757080078125,115.99228661022327,113.73807722155871,114.79888015201634,3355400
PEP,2020-08-31,116.07516479492188,116.87077338737346,115.19668847448276,115.4618955538898,3828700
PEP,2020-09-01,115.3541259765625,116.42321172573565,114.79056739064677,116.23260208665772,3421700
PEP,2020-09-02,118.75202941894531,119.19128020820001,115.48675273708993,115.62763925049389,4918200
PEP,2020-09-03,116.33385467529297,120.23195977218387,115.29046425096351,119.17188427148879,6642400
PEP,2020-09-04,115.82469940185547,117.11850629612545,114.3055293079004,116.57594827757757,4836400
PEP,2020-09-08,113.14525604248047,115.7161714828359,112.19368451960271,115.4490574303163,4901500
PEP,2020-09-09,114.44739532470703,115.57426193933787,113.02003179528782,113.10350811366713,4282300
PEP,2020-09-10,112.4858169555664,114.81467123933997,111.75127884480924,114.02169715812705,6050500
PEP,2020-09-11,113.36227416992188,113.83806628926914,112.04342722212097,112.86979697518258,3411900
PEP,2020-09-14,114.08013916015625,114.77295196222313,113.35394346712111,113.96327993671726,2779000
PEP,2020-09-15,113.20367431640625,114.55591685875986,113.02839187173906,113.92152738019692,4080800
PEP,2020-09-16,112.66947174072266,114.0217144363307,112.50253181464882,113.75460036525259,3353500
PEP,2020-09-17,111.18366241455078,112.31052897843809,109.92325157864732,111.34225977031095,5186400
PEP,2020-09-18,109.7396240234375,112.51086215866371,108.52093849545524,111.60938410823127,8473000
PEP,2020-09-21,109.54765319824219,109.60607643955117,107.97838990737716,108.82144479411866,4402700
PEP,2020-09-22,110.30721282958984,110.92490444668863,108.88820462799815,109.34729888822714,3951000
PEP,2020-09-23,109.34733581542969,110.8665186556426,108.38742154989862,110.7663444962285,5909900
PEP,2020-09-24,109.83142852783203,110.44076484383068,108.44580327297757,109.71456933385015,4316600
PEP,2020-09-25,111.47581481933594,111.70953321212731,108.93828264517663,109.25547735112083,4576000
PEP,2020-09-28,115.16525268554688,115.67442767871876,113.24541192096282,113.55425138451517,7487500
PEP,2020-09-29,114.48912048339844,116.47572672092313,114.46408013806762,115.7411886967251,4330500
PEP,2020-09-30,115.69115447998047,116.18363178491326,114.27213307882256,115.18197935922068,7060700
PEP,2020-10-01,117.52750396728516,117.56924213302712,114.76460806694679,116.3922946372836,6483900
PEP,2020-10-02,115.2403793334961,116.78460219970282,113.6878139294117,116.25872936933098,5130200
PEP,2020-10-05,115.13187408447266,115.50750485013349,114.33889985962259,115.28212893807705,4519800
PEP,2020-10-06,113.27046966552734,115.87478100374334,112.81137530008058,115.19031072494991,5031000
PEP,2020-10-07,114.36393737792969,114.78964883867395,113.32054691406627,113.4708017639466,4347300
PEP,2020-10-08,115.06510925292969,115.29882770562449,114.1552630584745,114.58931707206501,2977400
PEP,2020-10-09,115.55755615234375,116.24201351635942,115.10680444292387,115.77457673377369,3194000
PEP,2020-10-12,118.63764190673828,119.77285093974203,116.67606326036163,117.79457448409714,6167200
PEP,2020-10-13,119.81461334228516,120.19858665379971,118.4540407793131,118.71279958770961,4293200
PEP,2020-10-14,118.96321105957031,120.29040067687356,118.22031755648545,119.82296378549883,3641000
PEP,2020-10-15,118.05335998535156,118.50411178094114,117.37724502866672,117.82799682425629,3306800
PEP,2020-10-16,118.30374908447266,119.21359500502611,117.80292943805169,118.32044689369566,5076000
PEP,2020-10-19,116.59260559082031,118.97154069235575,116.23368542269951,117.97823103758621,3223200
PEP,2020-10-20,116.61766815185547,117.87807921654007,116.36725189923808,117.69444148040064,2750900
PEP,2020-10-21,116.52583312988281,117.26037123591232,116.10847701227821,116.59259890040538,2560100
PEP,2020-10-22,116.53416442871094,117.0266415431834,116.03333204120548,116.69276177597756,2909000
PEP,2020-10-23,116.492431640625,117.30210348693355,116.05837773390252,117.04334474492309,2758400
PEP,2020-10-26,115.2403793334961,116.09178945488406,113.86310911843533,115.80799032665443,3431100
PEP,2020-10-27,116.12517547607422,116.76790753756929,115.44071798736599,115.66609388313428,3390800
PEP,2020-10-28,111.99332427978516,114.94821233475429,111.80134405731536,114.48076284594222,5196000
PEP,2020-10-29,111.84310150146484,113.21202911307054,110.39904010576308,111.65110850918408,3856500
PEP,2020-10-30,111.25880432128906,111.71789866440507,109.93997000717366,110.95830736367675,4303900
PEP,2020-11-02,112.81136322021484,113.71285404036927,111.66781143512682,113.19533648566357,3126400
PEP,2020-11-03,114.38897705078125,115.69113904077739,113.7546002377318,114.03839938540919,3293900
PEP,2020-11-04,115.07344055175781,118.27873279280576,114.90650063566765,116.02501208384076,4576300
PEP,2020-11-05,115.23201751708984,117.0850795518376,114.7478829305011,116.31714588449933,3667800
PEP,2020-11-06,115.50748443603516,116.66773394608455,114.63103403222564,115.65772652638637,2867000
PEP,2020-11-09,115.56594848632812,119.9064511421301,115.33222999432589,118.52918054735244,6111300
PEP,2020-11-10,118.2954330444336,118.89642694410875,113.67947485435882,114.3472472691867,5284500
PEP,2020-11-11,120.11508178710938,120.39889361807529,118.20359643253984,119.24698669384794,4389800
PEP,2020-11-12,120.06502532958984,120.81627411140244,119.16353443343479,120.40726046119224,2570100
PEP,2020-11-13,120.79119873046875,120.94144080124214,119.58921121749606,120.00656728523956,2580400
PEP,2020-11-16,121.66764831542969,122.08500442444671,120.77451286521607,121.03327161493499,3399000
PEP,2020-11-17,121.233642578125,121.9514958049843,120.29041342022694,120.42397047096853,2924000
PEP,2020-11-18,119.68103790283203,122.34377182735734,119.61425939921448,121.4422811335662,4335200
PEP,2020-11-19,119.63097381591797,119.94815583125957,118.81294658557104,119.26369836338654,4263500
PEP,2020-11-20,119.7144546508789,120.73280482989533,119.36387696023894,119.9064349426506,3469100
PEP,2020-11-23,119.38056182861328,119.90642193919501,118.42899027529938,119.62262280183987,3443300
PEP,2020-11-24,120.22359466552734,120.49905121424533,119.21360005692519,119.52243948880727,4472300
PEP,2020-11-25,120.33211517333984,120.96649186732245,119.94814195283884,120.5741761099379,2278300
PEP,2020-11-27,120.69940948486328,121.26700776257064,120.34881909369165,120.71609456124325,1596000
PEP,2020-11-30,120.39055633544922,120.72444891098263,119.26370232685993,120.58254934264322,4906900
PEP,2020-12-01,121.9264144897461,122.3938512736082,120.61591025091394,121.0583066882618,3999200
PEP,2020-12-02,120.716064453125,122.65260271296366,120.10672816304488,121.7678098909222,4432900
PEP,2020-12-03,121.43318939208984,121.86193368955873,120.23105318512499,120.23105318512499,4757900
PEP,2020-12-04,122.61009216308594,122.71936908536763,120.92877454865862,120.9455784890494,3592600
PEP,2020-12-07,122.20660400390625,123.20699034225196,121.5761097060352,122.46720626130266,4217300
PEP,2020-12-08,122.33271026611328,122.8707315525734,121.29869038433205,122.17298299197931,3623800
PEP,2020-12-09,122.4756088256836,122.82028208600427,121.29027658552016,122.36631905352387,3842000
PEP,2020-12-10,121.61808776855469,122.97995070378926,121.40792310188598,122.76978603712055,3985000
PEP,2020-12-11,121.87030029296875,121.97959003549825,120.55887469235306,120.74382064397163,2975500
PEP,2020-12-14,121.24822998046875,123.13131054094893,121.09691753510785,122.10570565315776,3952400
PEP,2020-12-15,121.70217895507812,122.12250835814298,120.96239510090467,121.52563496171932,3183300
PEP,2020-12-16,121.8030776977539,122.29066143983681,120.97082069925135,121.03807495617016,4915800
PEP,2020-12-17,122.492431640625,122.9043463515111,122.04687055808175,122.10572284674473,3312500
PEP,2020-12-18,123.51802062988281,123.6609439479326,122.3158844178605,123.01363292668455,8980400
PEP,2020-12-21,122.23180389404297,122.45038342648117,120.6093383083086,121.89554545135898,3946900
PEP,2020-12-22,121.07170104980469,121.89554319835949,120.61773805039086,121.55928476189058,2653700
PEP,2020-12-23,121.39954376220703,122.3999298144133,121.11372284084399,121.46679800736932,2645100
PEP,2020-12-24,121.94599151611328,121.98802703126607,121.1725867815673,121.75264353933635,883300
PEP,2020-12-28,123.5011978149414,124.08125448831065,122.34948643903567,122.55124918594909,2493500
PEP,2020-12-29,123.92992401123047,125.06481857032314,123.4423403472651,124.1484906906208,3186700
PEP,2020-12-30,123.83746337890625,124.4091181144324,123.58526313756933,123.97197188461088,2224900
PEP,2020-12-31,124.66973876953125,124.80424729513379,123.2742416781427,123.9803921963975,2076800
PEP,2021-01-04,121.28187561035156,124.23258403597232,119.3231386319275,123.58527302449083,7486900
PEP,2021-01-05,121.6433334350586,122.04684609272176,120.13014493452657,121.11372708044946,4126000
PEP,2021-01-06,120.15538024902344,120.7186330462442,119.0289003094577,119.09615456625178,4843300
PEP,2021-01-07,119.76869201660156,120.34033399499269,118.65901594922298,120.05451300579713,4473200
PEP,2021-01-08,121.20619201660156,121.39113799770168,119.0877408598056,119.76867250502121,4312000
PEP,2021-01-11,119.44921875,121.31548251431485,119.11296032455668,121.08009905101719,3902700
PEP,2021-01-12,118.89437866210938,119.37356037854487,117.2298776794992,119.0625206992396,5150000
PEP,2021-01-13,119.86953735351562,120.41597327973264,118.53289291623622,118.6337678692579,4361600
PEP,2021-01-14,119.17180633544922,119.74346108308872,118.59176244375146,118.9364228591969,4724700
PEP,2021-01-15,118.86076354980469,119.87796648163506,118.13779636937504,118.9112010323449,4309100
PEP,2021-01-19,119.42400360107422,119.86114982924683,118.90279917773113,119.69302061146877,5158600
PEP,2021-01-20,118.8103256225586,119.18861956763136,117.62499347755183,118.56652735461064,5019300
PEP,2021-01-21,117.36437225341797,118.35634345212327,116.63300322293408,117.93601406404103,5684100
PEP,2021-01-22,116.50689697265625,117.30552024632561,116.2042592994575,117.27189953927463,4014900
PEP,2021-01-25,117.84355926513672,117.96966579747664,115.65785380638417,116.06136648951069,3829000
PEP,2021-01-26,119.20543670654297,119.4492221478085,117.48208336539149,118.79350922033616,4242500
PEP,2021-01-27,116.04454803466797,119.65098187176909,115.63263338634148,118.12097652816577,6659800
PEP,2021-01-28,117.01129150390625,118.356337784904,115.809142841287,116.70865384588075,5514000
PEP,2021-01-29,114.80879211425781,116.39763692194013,114.33801235527612,116.10340117600617,6778100
PEP,2021-02-01,115.15345001220703,115.97730495194595,114.24553688076834,115.15345001220703,4185700
PEP,2021-02-02,116.33037567138672,117.29712821711122,114.83400394582151,115.54855627126778,3581600
PEP,2021-02-03,116.02775573730469,116.80956242968833,115.2291322736781,115.800774221558,3609600
PEP,2021-02-04,117.4232406616211,117.49049491959568,115.80077498058787,115.80077498058787,3860300
PEP,2021-02-05,118.49931335449219,119.47446816965657,117.46529341723274,118.10420254804801,4437900
PEP,2021-02-08,118.02850341796875,119.21383553539978,117.27191554542456,118.69263112664432,4112200
PEP,2021-02-09,117.35596466064453,118.65897543932022,117.2634916865997,118.6421715003552,3179300
PEP,2021-02-10,115.75872802734375,118.63377992761184,114.96850660852495,118.63377992761184,6966600
PEP,2021-02-11,113.46373748779297,116.187477055182,112.93411825394132,115.8848393254721,7528000
PEP,2021-02-12,112.53899383544922,113.99334285186032,112.18591866498656,113.70750909987414,5659300
PEP,2021-02-16,112.96775817871094,113.32923538403351,112.14390314006481,113.11907063839813,5180100
PEP,2021-02-17,113.03500366210938,113.54780611475023,112.53060318076399,112.69873239873343,3353000
PEP,2021-02-18,113.79999542236328,114.0774144089776,112.57264056606186,112.70714907365134,3935200
PEP,2021-02-19,111.39570617675781,113.58982641798144,111.21076019263653,113.49735342592079,5414900
PEP,2021-02-22,110.95857238769531,111.47137482775383,109.92455270905215,111.00059507057875,5792900
PEP,2021-02-23,111.62268829345703,112.93411413185382,110.37851670670071,111.51339853111166,6264300
PEP,2021-02-24,111.04261779785156,111.21074699234094,110.29443197905384,110.84086789543844,4944000
PEP,2021-02-25,109.28565216064453,111.04262610525788,109.11752295357694,110.42054675636419,5702300
PEP,2021-02-26,108.60470581054688,110.01700635137122,108.08350149106663,109.76481898867725,8329000
PEP,2021-03-01,109.80687713623047,110.94177194470835,109.57149363672136,109.79847516390467,5287300
PEP,2021-03-02,110.1851577758789,110.99218306031051,109.60510113726117,109.70597609095621,5614000
PEP,2021-03-03,108.56267547607422,109.73119067944691,108.4281669912774,109.11751335528474,7505800
PEP,2021-03-04,109.16686248779297,111.64118550295433,108.73470771478986,109.52275693553584,9102800
PEP,2021-03-05,112.72582244873047,113.04782773582845,109.47191919862985,109.85323376343096,10186500
PEP,2021-03-08,111.96318817138672,113.70028921226516,111.84455669157266,112.8952889613939,8634900
PEP,2021-03-09,112.06488037109375,113.47152015793583,111.85303749704632,112.64956877224274,8930200
PEP,2021-03-10,113.19188690185547,113.94604702219458,110.615870292478,112.29367517761597,7791700
PEP,2021-03-11,112.88682556152344,114.03925125029053,112.78514512511705,112.99698798753849,4458900
PEP,2021-03-12,112.73428344726562,113.36981198644409,112.3953400649816,112.80207470969468,5275100
PEP,2021-03-15,112.72582244873047,113.23425048837338,111.82761078457519,113.1749282808081,5389200
PEP,2021-03-16,113.55622863769531,114.03923650790937,112.48854540386603,112.7681794976962,5544700
PEP,2021-03-17,113.22579193115234,114.02232332416801,113.02243101709887,113.85285158583517,6199500
PEP,2021-03-18,112.3021240234375,112.76818085208528,111.35307224863521,112.15807244546649,6476700
PEP,2021-03-19,113.97144317626953,114.40359789713244,112.00553549656154,112.1156979063318,16114400
PEP,2021-03-22,116.76779174804688,117.10673516583209,114.47140936348482,114.92899720034372,7813400
PEP,2021-03-23,118.17442321777344,118.7760496816639,117.08977591116738,117.31856981356458,6978400
PEP,2021-03-24,117.62364959716797,118.72523526192288,117.59822948358524,117.7931213310077,5082300
PEP,2021-03-25,118.31847381591797,118.84383995123045,117.22535745906653,117.93714633849535,5827600
PEP,2021-03-26,120.91989135742188,121.17410535322601,117.89478230394944,118.30998599823062,6785600
PEP,2021-03-29,122.70784759521484,122.83496106026224,120.68263051212655,121.06394504754647,6105800
PEP,2021-03-30,120.78434753417969,122.65704454241347,120.42845299797203,121.75035068384761,4372700
PEP,2021-03-31,119.86070251464844,121.4537651576072,119.62343951631802,121.44529609690385,6257900
PEP,2021-04-01,119.71665954589844,120.58098220499136,118.72523631776151,119.64039920447205,4823400
PEP,2021-04-05,121.30967712402344,122.30956904108143,119.75051705173311,120.19962280157912,5980700
PEP,2021-04-06,121.74185180664062,122.19095763018902,120.80126900206794,121.20800366814042,4751900
PEP,2021-04-07,121.52154541015625,122.1062337922445,121.19107105461018,122.02149147344295,4849200
PEP,2021-04-08,120.78434753417969,122.15709837939785,120.36914370686996,121.75035068384761,6725100
PEP,2021-04-09,120.80974578857422,121.29274075938508,119.99626356160152,120.53011167711053,4950800
PEP,2021-04-12,121.19108581542969,121.57240043675502,120.36913435642012,120.49623492024054,4386700
PEP,2021-04-13,121.21647644042969,121.99605654523296,120.21657150544965,120.3860561224659,5283300
PEP,2021-04-14,120.41993713378906,120.93683414902107,119.68272823315951,120.80973362472633,4685300
PEP,2021-04-15,120.58942413330078,121.25885479261403,119.8352640903108,120.0471069442952,4777100
PEP,2021-04-16,122.15707397460938,122.29265651270583,120.71654506445637,121.56391653276549,6481400
PEP,2021-04-19,122.65704345703125,123.37731451456257,121.3944550734303,122.43673148795654,6621200
PEP,2021-04-20,123.47052001953125,124.26703845273227,121.96218669444865,122.13167135627354,4999700
PEP,2021-04-21,124.54666137695312,125.24151222403991,123.89419462135777,124.86019762911181,6316000
PEP,2021-04-22,123.77555084228516,124.26701489283433,123.19086248748818,123.91960243363397,4904400
PEP,2021-04-23,123.57219696044922,124.00435180414516,122.91971723458894,123.30103185312818,4354700
PEP,2021-04-26,121.4791259765625,123.52129350744225,121.15712080891217,123.33487082405072,5817700
PEP,2021-04-27,121.08088684082031,121.32661883335182,120.43688929533138,120.85209296511154,4693700
PEP,2021-04-28,120.18269348144531,121.75880488483837,120.09795116508118,121.58933318197224,4962700
PEP,2021-04-29,121.97062683105469,122.38583049240063,120.3013043378519,120.41146674426282,4699900
PEP,2021-04-30,122.15707397460938,122.2248652436576,120.75043423404924,121.44528504439671,5051100
PEP,2021-05-03,123.53826141357422,124.37716369114919,122.10621471650087,122.89426385282182,6109800
PEP,2021-05-04,121.98760223388672,124.36871399041254,121.58933660950028,123.69928328990662,6603800
PEP,2021-05-05,121.92829132080078,122.50451069600713,121.5978169348275,121.78423970946511,5305200
PEP,2021-05-06,123.34339141845703,123.68234777073367,122.0299630293434,122.41975960199586,4472200
PEP,2021-05-07,123.34339141845703,123.71623694102996,122.50450192253071,123.06375727652734,4181000
PEP,2021-05-10,124.32636260986328,125.40252816589093,123.80946541490808,124.13147076156152,5270600
PEP,2021-05-11,123.41966247558594,125.10593653382878,122.88582718538088,124.70767086645415,5266100
PEP,2021-05-12,122.21636962890625,123.49590867851911,121.8943772991517,122.76716877982034,5651700
PEP,2021-05-13,124.02976989746094,124.66529856130096,121.66560895711613,122.22487728446265,4849400
PEP,2021-05-14,124.21614837646484,125.32620264467023,124.07209681561505,124.7330453559184,4224700
PEP,2021-05-17,123.86027526855469,124.9025384641528,123.4704916675362,124.56359507806181,3747100
PEP,2021-05-18,123.30103302001953,124.52125015478411,123.14004328212107,124.25856703574587,4527300
PEP,2021-05-19,123.23322296142578,123.4027075942074,122.08927926932259,122.56380520944202,4432700
PEP,2021-05-20,124.75849151611328,125.18217722940702,122.96206822930361,123.08069971183139,3964600
PEP,2021-05-21,124.64834594726562,125.67365816499374,124.1568689527883,125.30081265677906,5194200
PEP,2021-05-24,125.28387451171875,125.70756023826517,124.57207266442546,125.10592081742986,3627800
PEP,2021-05-25,125.66522216796875,125.72453146177332,124.57210546493262,125.28390749964723,4649300
PEP,2021-05-26,125.66522216796875,125.97874555060957,125.13984293640968,125.33474773144134,4462600
PEP,2021-05-27,124.14839935302734,126.06346730364051,124.08909006890813,125.8855135915558,9203600
PEP,2021-05-28,125.36013793945312,125.83466389614203,124.76698049359197,124.91103209259664,4913700
PEP,2021-06-01,125.09745788574219,126.13125214354643,124.63987003793355,126.07192993259005,5530300
PEP,2021-06-02,125.59740447998047,125.86008757560757,124.75850204212945,125.58045342965723,4546900
PEP,2021-06-03,126.04551696777344,126.12233443290033,124.75664285256634,125.22610462443792,4651600
PEP,2021-06-04,126.19060516357422,126.83077667478268,125.87479138582799,126.32717821180282,4427400
PEP,2021-06-07,126.11377716064453,126.54055813242336,125.22607847004609,126.12230809132431,4724100
PEP,2021-06-08,124.9358901977539,126.21623344806686,124.55178982752504,126.07112944261706,5997200
PEP,2021-06-09,124.70542907714844,125.97722828136507,124.63714254565053,125.68702029074207,4008000
PEP,2021-06-10,125.98578643798828,126.33573704291264,124.73104895698032,124.88468390192385,4698200
PEP,2021-06-11,126.06261444091797,126.42963996738132,125.29440057905184,126.36989738079907,4364600
PEP,2021-06-14,126.81373596191406,126.86494760746015,125.29438333953902,125.8748123791528,3831900
PEP,2021-06-15,126.82225036621094,127.32584884754756,126.38693841147773,127.0953834483014,4256500
PEP,2021-06-16,125.55896759033203,127.41119545206271,125.26021569920832,127.06123192801988,5492100
PEP,2021-06-17,126.77105712890625,127.18076332367484,125.39682151430159,125.68702952624913,5316400
PEP,2021-06-18,124.125,126.3101169093764,123.9628211158265,126.3101169093764,10661700
PEP,2021-06-21,125.09806060791016,125.25170856017475,124.15060614597172,124.40667738352992,4904300
PEP,2021-06-22,125.28585052490234,125.90041631087428,124.86760038535,125.24316981281338,3518000
PEP,2021-06-23,123.63848876953125,124.73104733377468,123.62141387887341,124.67129172863498,3901700
PEP,2021-06-24,124.33840942382812,124.56887487448665,123.43363553706094,123.6470260961787,3818900
PEP,2021-06-25,124.97003173828125,125.2943764837675,123.97136563180217,124.41520855179897,6387600
PEP,2021-06-28,125.50779724121094,125.97725911997843,125.1493026313323,125.26880083462518,4282800
PEP,2021-06-29,125.42242431640625,126.07112686119167,124.96149346210956,125.85773632384222,3197700
PEP,2021-06-30,126.4723129272461,126.59181111740637,125.64435652959062,125.84067219392696,4943700
PEP,2021-07-01,126.4979248046875,127.24906376410766,126.27600330500724,126.3955015008853,3997600
PEP,2021-07-02,127.10396575927734,127.84656079565015,126.80521374327623,127.09542180067167,3835500
PEP,2021-07-06,127.2917251586914,127.53925244674649,126.13088013595731,127.24051351456447,4313800
PEP,2021-07-07,127.8550796508789,128.63182439963748,127.18077122542068,127.4282985393842,4225000
PEP,2021-07-08,127.91481018066406,128.60619336184874,127.34292516629745,127.53924079228638,4216000
PEP,2021-07-09,127.59049224853516,128.29895053872994,127.32589001260177,127.53074965864411,4088600
PEP,2021-07-12,127.61605834960938,127.85505468342929,126.99296169531627,127.59899648599607,4873700
PEP,2021-07-13,130.5608367919922,131.3717180097497,128.67445922129704,129.01587877898822,8750800
PEP,2021-07-14,131.9094696044922,132.4216120291891,130.42428001665235,130.50109747306,6390300
PEP,2021-07-15,132.51548767089844,132.60938000278142,130.81689476658667,131.50829086008207,4920600
PEP,2021-07-16,133.0020294189453,133.87265323120786,132.39599470320485,132.88251824249016,5852500
PEP,2021-07-19,132.98497009277344,134.4701597253,132.09725826649884,133.14714896628456,5750200
PEP,2021-07-20,133.0020294189453,134.2909032758356,132.78009497618206,133.32637410369495,5213500
PEP,2021-07-21,132.50697326660156,133.25809899102376,131.93508827356078,132.55818490413913,4905900
PEP,2021-07-22,132.46432495117188,132.9508486510679,131.42297798553173,132.46432495117188,3333500
PEP,2021-07-23,134.1628875732422,134.68356098665186,132.50698800330218,132.7801211086531,3588400
PEP,2021-07-26,134.0690460205078,134.41046575448027,133.18133387325463,133.8300365775335,2999800
PEP,2021-07-27,134.81158447265625,135.42615015509787,134.03483992619218,134.2738362444392,4043900
PEP,2021-07-28,133.57395935058594,134.82869688274155,133.0788916894889,134.5214139560029,3556800
PEP,2021-07-29,133.84707641601562,134.3762807723689,133.32640299226256,134.20557095009278,3055600
PEP,2021-07-30,133.96658325195312,134.52140649061295,133.68490616604745,134.32507780919886,3757300
PEP,2021-08-02,133.4288330078125,134.10314133249219,132.73743677008974,134.00924898102295,3425900
PEP,2021-08-03,133.72756958007812,134.1372757318801,133.42028671014572,134.00924662954316,3359900
PEP,2021-08-04,131.49124145507812,133.71903901207222,131.33759350753175,133.31786379122596,4846300
PEP,2021-08-05,131.71315002441406,132.4642887515603,131.33758066084096,132.28503500101039,3733500
PEP,2021-08-06,131.73025512695312,132.09728061915388,131.14129512846776,131.25226238161008,3430900
PEP,2021-08-09,131.747314453125,132.1228708341512,131.20103523379493,131.99484172974726,2636600
PEP,2021-08-10,131.81561279296875,132.56675174518168,131.28640836263315,131.71318949014932,2670200
PEP,2021-08-11,132.3362579345703,133.17275814278486,131.84973432609627,132.05459391216743,3058000
PEP,2021-08-12,132.3618927001953,132.55820835359165,131.96071743608638,132.49845274967853,1958700
PEP,2021-08-13,133.59954833984375,133.727577449715,132.21676883161186,132.38749167720619,2113800
PEP,2021-08-16,134.90548706054688,134.96522963248515,133.77877888238314,133.94948869062273,3224000
PEP,2021-08-17,134.77743530273438,135.24689701008054,134.21409427824153,134.78597925834595,3736300
PEP,2021-08-18,133.39471435546875,135.0335523981487,133.32642780898288,134.58969635815401,3419200
PEP,2021-08-19,135.63955688476562,136.07486886844652,132.96790333515924,133.00205311289346,4745600
PEP,2021-08-20,135.16156005859375,136.25411847485148,135.07619864119212,135.65661460168744,3484100
PEP,2021-08-23,134.73477172851562,135.3066567260504,134.28238489428182,134.71769684109464,3102100
PEP,2021-08-24,133.06178283691406,134.6494087158039,132.88252908193107,134.6494087158039,3760800
PEP,2021-08-25,132.4728240966797,132.8739992916521,131.585125318557,132.60939714695178,3346700
PEP,2021-08-26,131.98631286621094,132.87401172741392,131.52538203448458,132.73743866435987,3220700
PEP,2021-08-27,132.2509307861328,132.65210606642955,131.62783402018658,132.16556935547686,4166500
PEP,2021-08-30,133.1556854248047,133.30078941651544,132.31065427085224,132.45575826256297,2540300
PEP,2021-08-31,133.48855590820312,133.55684242869154,132.59231323523568,133.23248471245213,5291200
PEP,2021-09-01,134.7860107421875,135.0250071173308,133.59101584214542,133.87269293234837,4231400
PEP,2021-09-02,134.8848419189453,135.17703913577304,133.95667448290502,134.74733271799138,2862500
PEP,2021-09-03,135.005126953125,135.28873469476932,133.98242382484293,134.24025023666468,2035100
PEP,2021-09-07,132.80502319335938,134.72150954977158,132.07451726451953,134.48087507962094,4609900
PEP,2021-09-08,134.68716430664062,134.7129456394934,132.60738707039945,132.91677617823024,3199100
PEP,2021-09-09,133.83636474609375,134.90204144309064,133.55275692075747,134.82469743079892,3560400
PEP,2021-09-10,133.6043243408203,134.28325470663344,133.21757807638593,134.05120957069263,3851500
PEP,2021-09-13,133.8621063232422,135.27154250974345,133.54412784697908,134.0168074154756,3367200
PEP,2021-09-14,133.33787536621094,134.64418634404268,133.05428071473688,134.39496243063914,2808600
PEP,2021-09-15,134.08560180664062,134.39499096936268,133.01992510979804,133.3980688768583,3702400
PEP,2021-09-16,133.69024658203125,134.1715156285002,132.18627425501685,133.54414798675305,4589900
PEP,2021-09-17,132.4612579345703,133.63864890866944,132.20343155189897,133.40660385290576,8127400
PEP,2021-09-20,132.014404296875,133.1660143327043,130.99170093908668,132.26362824562054,5484600
PEP,2021-09-21,131.9542236328125,134.1715100303286,131.46436520009476,132.8738015403456,4479800
PEP,2021-09-22,132.35813903808594,133.28630628446408,131.87687004668908,132.8823812851996,3001000
PEP,2021-09-23,132.4612579345703,133.14877747023445,131.95419457366535,132.08311432179832,2712500
PEP,2021-09-24,132.5214385986328,132.88239036684917,131.96282557692598,132.13470549794366,2366100
PEP,2021-09-27,131.24949645996094,132.47845021282586,130.9658887215469,132.17766366378982,4482000
PEP,2021-09-28,129.8142852783203,131.0604310160818,128.9978458717591,130.9487031736188,5910900
PEP,2021-09-29,130.8885498046875,131.63623461718967,129.50489490743865,130.06350788700522,3326500
PEP,2021-09-30,129.26425170898438,131.85966830706263,129.2298678615316,131.67919900551982,4949200
PEP,2021-10-01,129.72836303710938,130.29557864767548,128.49940899448183,130.07213603454292,4274300
PEP,2021-10-04,129.0837860107422,131.49014421384572,128.46500781241278,129.66819347076316,5404900
PEP,2021-10-05,129.8486785888672,130.96591786693787,128.97208696261376,130.08072371986313,6103100
PEP,2021-10-06,133.17462158203125,133.34650153005484,128.87755731344427,129.63383170746795,5499200
PEP,2021-10-07,134.40354919433594,135.5723509697122,133.65586435522798,133.65586435522798,4605100
PEP,2021-10-08,134.09417724609375,134.67858476529142,133.6301001071532,134.55826749863286,4186000
PEP,2021-10-11,134.27464294433594,135.12545311180548,133.77618201221995,134.40354960195347,2738100
PEP,2021-10-12,134.8676300048828,135.65830123640166,134.248864919481,134.2574543256681,3195400
PEP,2021-10-13,135.77859497070312,135.8301576260882,134.0855511797197,135.3231073633416,3599900
PEP,2021-10-14,136.87008666992188,137.06776106851302,136.31147355918918,136.32006296684986,3677100
PEP,2021-10-15,136.4833526611328,137.2138588293445,135.366113332997,137.2138588293445,4313000
PEP,2021-10-18,135.86456298828125,136.38880530764257,134.75592627414247,135.959098918448,3274200
PEP,2021-10-19,137.5919952392578,137.64355790934954,135.39188744442095,136.33724677476485,3125800
PEP,2021-10-20,138.63189697265625,139.12176863492598,137.23104970714869,138.00452920858498,3716500
PEP,2021-10-21,136.80133056640625,138.73500947039608,136.62945061988256,138.70063872653108,4164700
PEP,2021-10-22,137.48025512695312,137.90996149088969,137.05054876301656,137.1450846876265,3240300
PEP,2021-10-25,136.83567810058594,137.46304563998117,136.4661238557395,137.46304563998117,3281200
PEP,2021-10-26,138.51153564453125,138.7091968828203,136.7325582727371,136.79271033934836,3684700
PEP,2021-10-27,138.0302734375,139.0873473803055,137.12788748523323,139.01000338503613,3751800
PEP,2021-10-28,138.8983154296875,138.9928513778107,137.90999579225473,138.2365769064259,3589600
PEP,2021-10-29,138.88111877441406,139.44832127669955,138.28812182268007,138.3912471660776,4558200
PEP,2021-11-01,138.58889770507812,138.7951614894872,137.6607303456343,138.53733503737536,3017100
PEP,2021-11-02,139.86082458496094,139.9209766536286,138.3138791346926,138.8381213952392,3464500
PEP,2021-11-03,141.2015380859375,141.27888209747874,139.35379253520966,139.35379253520966,3595000
PEP,2021-11-04,141.21014404296875,141.4249972870518,140.38511492930655,141.13280002236317,3310100
PEP,2021-11-05,142.66249084472656,143.0320319662443,141.39056387526708,142.2757577994931,3754300
PEP,2021-11-08,139.5944061279297,142.74846244774196,138.49435886143084,142.49922540762708,5766400
PEP,2021-11-09,140.52256774902344,140.82336744351423,139.22485927543752,139.49127511785076,3778600
PEP,2021-11-10,140.97805786132812,141.80309984861205,140.11005572860444,141.57965726065478,2683500
PEP,2021-11-11,139.81787109375,140.92650784023527,139.69755382580897,140.91791843309616,2453000
PEP,2021-11-12,139.7834930419922,140.88354042701377,139.2936345427494,140.09288218862946,3540900
PEP,2021-11-15,140.7718048095703,140.84055940014306,139.64597625533577,139.663155067781,3357100
PEP,2021-11-16,140.35072326660156,141.7945438056716,140.2819686586839,141.1757654480131,2899400
PEP,2021-11-17,140.40225219726562,140.66007863658598,139.29361555586473,139.75769265576344,3332200
PEP,2021-11-18,140.4452362060547,140.5311827302725,139.01001842408695,139.9209938809624,3498900
PEP,2021-11-19,140.7803497314453,141.82883395758017,140.4623713249201,141.37334641336014,5242200
PEP,2021-11-22,141.07260131835938,143.35005303296404,140.23896988019516,140.25616180744754,4157200
PEP,2021-11-23,142.01792907714844,142.42185403949634,140.3506665710478,140.56551971639902,3878000
PEP,2021-11-24,140.72023010253906,142.2327916249063,139.72330829494433,141.88042929597427,3309500
PEP,2021-11-26,138.48574829101562,140.65147175316136,138.27089513721216,139.83503239142735,3402900
PEP,2021-11-29,141.06402587890625,141.44216963431086,138.4857873068924,139.8006879295315,5305800
PEP,2021-11-30,137.3169708251953,140.94369375004655,136.12238760393092,140.79759515332768,7610000
PEP,2021-12-01,137.6435546875,140.2991370438536,137.54901875667844,139.6287961211546,5385600
PEP,2021-12-02,138.9716339111328,139.89742565975706,138.28811591156742,138.5476845552515,4619800
PEP,2021-12-03,142.51040649414062,142.6574923248257,139.59460582026782,139.7070886564079,6465900
PEP,2021-12-06,143.9899139404297,144.74265113205766,143.4448211038937,143.6697867581897,5403100
PEP,2021-12-07,143.82557678222656,144.45719715077965,143.33240804205474,143.98997076302217,5460100
PEP,2021-12-08,144.07647705078125,144.22356290628392,141.92207391549678,143.74768913717935,3891900
PEP,2021-12-09,143.8947296142578,144.38791132913158,142.63151586432326,143.5572943575264,3644500
PEP,2021-12-10,146.19625854492188,146.3260362942985,144.405246390249,144.9589867912769,5025700
PEP,2021-12-13,146.9230499267578,148.17761666065536,145.40026702518307,146.16165187486374,5411800
PEP,2021-12-14,146.55963134765625,147.42485144256,145.6165446127418,146.5250283528329,4985000
PEP,2021-12-15,148.44583129882812,148.62752014177266,146.6202162071835,146.88843234824301,5507800
PEP,2021-12-16,148.66209411621094,150.1675683389878,147.9699155345324,148.4457891345744,6909900
PEP,2021-12-17,145.6165313720703,149.14663062255676,145.40022636801262,148.04779750532504,10159600
PEP,2021-12-20,146.58560180664062,146.65482100554,144.27546550250025,144.63020894602985,5263600
PEP,2021-12-21,146.1529541015625,146.74131053968273,145.1666038749632,146.42117017688733,3401400
PEP,2021-12-22,147.0614776611328,147.07878576165945,145.59060596946713,146.18761001661798,4362900
PEP,2021-12-23,146.8970489501953,147.63249122310057,146.43848341134685,147.07009030787614,3241700
PEP,2021-12-27,148.3592987060547,148.437165350252,146.88842710607716,147.07877659336725,2868800
PEP,2021-12-28,149.12930297851562,149.50134119966933,148.125644722712,148.35061034685887,2332100
PEP,2021-12-29,149.65711975097656,150.0810823471005,148.75728346577694,149.50137326991052,2299500
PEP,2021-12-30,149.3975372314453,150.21949359879238,149.01683831548425,150.15027441387133,1988900
PEP,2021-12-31,150.29739379882812,150.56560992536012,148.9130363172426,149.21586864203047,2914900
PEP,2022-01-03,149.66574096679688,149.84744296249147,147.58057095284653,148.99087047228872,5488900
PEP,2022-01-04,149.88206481933594,150.93763433126213,148.99088922844567,149.3888962584384,4717600
PEP,2022-01-05,150.3925323486328,151.72496521218346,149.88204256379345,149.99452537773897,6564600
PEP,2022-01-06,150.42715454101562,151.93264214197922,149.8820616988683,150.47041818284174,4288700
PEP,2022-01-07,150.61752319335938,151.14530800557895,149.34564853444022,150.6261706419424,4916000
PEP,2022-01-10,150.69537353515625,152.14028942490742,150.2194998703376,150.9289866437418,5055900
PEP,2022-01-11,150.6261749267578,150.7473052214239,148.4890800691255,150.2714314915886,6452300
PEP,2022-01-12,150.46176147460938,150.83381296140828,149.63980506722095,150.46176147460938,5268000
PEP,2022-01-13,150.7040252685547,151.14529595312194,149.89072949362063,150.29738398219294,4310300
PEP,2022-01-14,151.96725463867188,152.22682330365302,150.02915690265158,151.04147601629907,4474500
PEP,2022-01-18,150.513671875,151.2058372896229,149.81283260904945,150.21948705135534,5789500
PEP,2022-01-19,151.5951690673828,152.24408392637378,150.1762091038108,150.51364430239784,6424500
PEP,2022-01-20,150.49639892578125,153.04014834543355,150.40987162764137,151.7682736356074,6284200
PEP,2022-01-21,150.73866271972656,153.35163139294986,150.64348797063593,151.69905765974562,6753200
PEP,2022-01-24,149.96859741210938,152.71134346976567,146.18758990331605,151.83747594548237,9263900
PEP,2022-01-25,148.24679565429688,149.2331459529741,146.86245153805697,148.8870632244666,6536900
PEP,2022-01-26,146.68075561523438,148.6534562945074,144.015876247993,146.53366978940028,6841800
PEP,2022-01-27,146.54232788085938,149.92534172738954,146.0318511772623,147.7622914217633,6543500
PEP,2022-01-28,149.3975372314453,149.44944831958372,144.67344337991648,145.79821882880742,5796000
PEP,2022-01-31,150.13302612304688,150.6435029178143,147.59792384693776,147.75367036190883,5908000
PEP,2022-02-01,149.112060546875,150.0551474877193,146.7067492140024,149.81288686442377,5952700
PEP,2022-02-02,151.82015991210938,151.96724573313003,149.31102710282292,149.4754078188743,5767000
PEP,2022-02-03,151.73362731933594,152.8497685136328,150.4011943270432,151.6471132405795,4632700
PEP,2022-02-04,149.2418212890625,151.31834426887164,148.11703250741124,149.76960608341057,4592400
PEP,2022-02-07,148.65345764160156,149.67442418610418,148.1343335225788,149.45811916929208,4813300
PEP,2022-02-08,148.8351593017578,149.3715915174364,147.35562718139823,149.36294406958078,3957700
PEP,2022-02-09,148.7659454345703,149.49272714675774,147.9612838800542,149.2504665760286,6780200
PEP,2022-02-10,145.67709350585938,148.3419728059299,144.7513149307775,145.92801471000075,7899800
PEP,2022-02-11,145.85882568359375,147.3556529615372,145.08878021898798,145.40890747438874,7299600
PEP,2022-02-14,144.23220825195312,146.81056081483766,142.84786381918465,146.58560831009365,6822500
PEP,2022-02-15,143.59190368652344,145.57325149372193,142.98623918094938,144.6820760325819,4943800
PEP,2022-02-16,143.8861083984375,144.6648012244814,142.3633125399178,143.30641250310057,4161700
PEP,2022-02-17,144.2754669189453,145.3137285082044,142.76133158396388,143.63519922449956,5156800
PEP,2022-02-18,145.1060791015625,145.56464473100402,143.81689630806525,144.58694172375118,5181600
PEP,2022-02-22,145.6597900390625,146.17026666267557,143.82551468979102,145.85013949230964,7733900
PEP,2022-02-23,144.22352600097656,146.3260042943638,144.07644018311163,146.3260042943638,5812800
PEP,2022-02-24,141.71435546875,143.92066875854852,138.68608595002465,143.37558922267897,8888800
PEP,2022-02-25,145.685791015625,145.7550102204113,142.1210745813045,142.25951299087708,6535600
PEP,2022-02-28,141.67112731933594,142.94300177341677,139.6551631383929,141.93068275714063,7677000
PEP,2022-03-01,140.3992919921875,142.24220212523633,139.56002730350474,141.09147082438741,5107900
PEP,2022-03-02,142.34605407714844,143.4708431599369,140.58965784258606,141.0136073598989,5452100
PEP,2022-03-03,142.19358825683594,143.8657351420243,141.7842591804102,142.803223065648,5352200
PEP,2022-03-04,144.35342407226562,145.00660698661977,140.1469245091401,141.08750950049492,6340300
PEP,2022-03-07,141.47947692871094,143.83093376541453,141.20079234336893,142.89036166196996,6319500
PEP,2022-03-08,137.49069213867188,142.80325365867395,137.33393456384147,141.41850859149218,6163700
PEP,2022-03-09,137.0813751220703,139.3980013861825,136.2104641917165,139.18027365359407,5764900
PEP,2022-03-10,134.564453125,136.07984304116337,133.57161512173357,135.67921813606944,6103700
PEP,2022-03-11,133.8850860595703,136.63716681159158,133.66735840429726,135.38305339097218,4762600
PEP,2022-03-14,135.76629638671875,137.429739354869,134.55573079655107,135.12181755224526,6075600
PEP,2022-03-15,138.47479248046875,138.91024780273438,136.58491797652096,137.01166897639632,6203400
PEP,2022-03-16,139.08445739746094,139.33702898094165,136.76783139189098,137.96098826986727,6299000
PEP,2022-03-17,140.16436767578125,140.76529817427345,138.73607468490454,139.1976562845204,3587600
PEP,2022-03-18,141.7755584716797,141.89748544797862,139.39797578932865,140.5475843850418,12123000
PEP,2022-03-21,141.57525634765625,142.66389483862807,140.27760777140605,141.32269806493017,5122600
PEP,2022-03-22,143.12545776367188,143.49995626585542,141.28783569985438,141.81909174548056,5779200
PEP,2022-03-23,142.37649536132812,143.94413747563362,141.63622914696467,143.04710040531742,4533700
PEP,2022-03-24,143.2387237548828,143.46515581584256,142.19363328184687,142.88164707913955,3160300
PEP,2022-03-25,143.9093017578125,144.48409277168722,143.20385286475215,143.20385286475215,4146800
PEP,2022-03-28,144.33604431152344,144.37088818566542,142.57681404963736,143.78737953970784,4308000
PEP,2022-03-29,146.47848510742188,146.81813977749314,144.89342112106007,145.6946574379194,4440400
PEP,2022-03-30,146.2781982421875,146.52205222711459,144.6757121124652,146.40012523465106,3871500
PEP,2022-03-31,145.7730712890625,147.44521862919723,145.67727055810994,146.6352645785899,6076200
PEP,2022-04-01,147.84580993652344,147.99386317514694,145.76433369392058,146.21721102262092,3239600
PEP,2022-04-04,147.46263122558594,147.52358807466882,145.83401890257426,147.27973410024742,3759900
PEP,2022-04-05,147.61936950683594,149.25668594029054,146.59170121880342,146.59170121880342,4480700
PEP,2022-04-06,150.1362762451172,150.40625640207017,147.61064084693135,147.98512602230716,4294800
PEP,2022-04-07,150.27566528320312,150.91142646355453,148.73414940436308,149.8227879339588,5041600
PEP,2022-04-08,150.78077697753906,151.2684848537529,149.43956702890802,150.6588500084856,3883100
PEP,2022-04-11,150.31919860839844,152.38325280378345,150.07534466502145,151.1988136692195,3825100
PEP,2022-04-12,150.92881774902344,152.10453914878437,150.34530921034946,151.34685113855787,3924300
PEP,2022-04-13,150.66757202148438,151.38172527339117,149.56151155796647,151.17270189231112,4394000
PEP,2022-04-14,149.70956420898438,151.76491426979607,149.58763722609913,151.0856048952862,4834300
PEP,2022-04-18,148.42062377929688,150.06664473557,148.02001223470478,149.11735510920528,3086000
PEP,2022-04-19,150.58047485351562,150.81562449489726,147.91548988133852,147.91548988133852,3642000
PEP,2022-04-20,152.81871032714844,153.25416570203882,151.29461651503217,151.29461651503217,4197600
PEP,2022-04-21,152.27005004882812,154.36024406533264,152.1045748608373,153.07128643732244,3701300
PEP,2022-04-22,149.92730712890625,152.64455819175373,149.74442328054042,152.4007042012354,5864000
PEP,2022-04-25,151.31204223632812,151.4687997964694,148.9257419381753,150.85046059052044,7369900
PEP,2022-04-26,150.92881774902344,152.71418723278097,150.4323923016048,151.51232628769742,7386600
PEP,2022-04-27,152.27877807617188,153.88125096274834,150.83306277480474,151.03336856336534,5180300
PEP,2022-04-28,154.58663940429688,154.69114442914724,151.38169461116195,152.00003372691572,5235800
PEP,2022-04-29,149.5441131591797,154.50830252092913,149.28283723718332,154.50830252092913,6505600
PEP,2022-05-02,146.10397338867188,151.06817498071032,143.935414263413,150.66755021388775,7692100
PEP,2022-05-03,146.30430603027344,147.45390134418048,145.0763186468606,147.30584810695993,5564900
PEP,2022-05-04,151.4165496826172,151.64298170276746,145.97335727381645,145.97335727381645,6231500
PEP,2022-05-05,148.3944854736328,150.94626093840014,147.253594491911,150.75465950599943,6534300
PEP,2022-05-06,148.41192626953125,148.75158098121375,146.94008475589197,147.39296213448378,5824600
PEP,2022-05-09,149.535400390625,150.57178649839614,146.97492019237768,147.75874798376438,7269100
PEP,2022-05-10,149.35252380371094,152.00879157360467,148.70804491577326,150.7720996175998,5936700
PEP,2022-05-11,148.62962341308594,150.15371713974423,147.98514471032937,148.7689723146078,5376900
PEP,2022-05-12,148.40318298339844,149.78794114290355,146.45235145440836,149.14346241905184,6473500
PEP,2022-05-13,151.2946319580078,151.67783485327266,147.58455656930198,148.6644775042722,4714600
PEP,2022-05-16,152.81871032714844,153.54156784415167,151.03334063228925,151.28591219159,5317200
PEP,2022-05-17,151.93911743164062,153.0016164755403,150.30180073056886,152.67938370358078,5012200
PEP,2022-05-18,142.52456665039062,151.42527731016943,141.88880540013386,151.2685197234127,8875400
PEP,2022-05-19,140.3908233642578,141.76686407255897,139.05833085533573,141.52301010288988,6423800
PEP,2022-05-20,141.27044677734375,142.01071298424299,139.01477770467758,141.2965730382317,5768800
PEP,2022-05-23,144.2228240966797,145.39854562418628,142.45487635469712,143.0122586976516,4657800
PEP,2022-05-24,146.15625,146.53943957128368,143.83962419096235,144.5886079754992,6327600
PEP,2022-05-25,147.15780639648438,147.61068375636674,145.40728038383074,146.1823905035484,5781000
PEP,2022-05-26,148.150634765625,149.00412361743608,147.14909267445185,147.14909267445185,5193800
PEP,2022-05-27,149.59634399414062,149.63117457713514,148.22900773108387,149.1521710044387,6713500
PEP,2022-05-31,146.09527587890625,148.90831383361567,144.0225040759397,148.90831383361567,13610000
PEP,2022-06-01,144.99794006347656,146.64396090063428,142.67260988330418,146.46976811397917,5613900
PEP,2022-06-02,146.17308044433594,146.23447465290556,142.63889900899963,145.24349611981228,4677300
PEP,2022-06-03,144.56820678710938,146.09412282409588,144.13848757061095,145.45393981296328,4222000
PEP,2022-06-06,145.17330932617188,146.99740478023398,144.46296722821177,145.98013184245565,3447800
PEP,2022-06-07,146.0678253173828,146.3309184610017,144.01572288380729,145.29608899782696,4168300
PEP,2022-06-08,145.33995056152344,146.28707791793693,144.79623450526674,145.34872880854314,2646800
PEP,2022-06-09,142.75286865234375,146.392280976066,142.6564016244598,144.8663650205015,3522900
PEP,2022-06-10,142.52490234375,143.7526527014461,139.83260304165717,141.16559870249523,5203300
PEP,2022-06-13,140.08692932128906,142.83183116277363,139.49058388375153,140.77972843129984,6300700
PEP,2022-06-14,136.91229248046875,140.35878500299648,135.8073171932596,140.3149339098547,6159200
PEP,2022-06-15,138.37681579589844,140.17460340439217,136.74565429776624,138.49082595171922,5940100
PEP,2022-06-16,137.71031188964844,138.96438334227022,136.0265345940463,137.35952997111684,7207900
PEP,2022-06-17,137.73663330078125,139.42918900741392,136.95613208165832,137.71032532339865,9881800
PEP,2022-06-21,140.93760681152344,141.1568489260833,137.99099225657957,138.71009943396808,4449600
PEP,2022-06-22,142.0951690673828,142.9370645024287,139.92905634938842,140.60432567051566,4706500
PEP,2022-06-23,143.91049194335938,144.8225330150139,143.07736141940424,143.62985568655907,5810700
PEP,2022-06-24,145.69073486328125,145.74335081551513,143.77017231790649,145.26101561758284,5951500
PEP,2022-06-27,145.88368225097656,146.56771645536537,144.99793570265882,145.46272783175704,4595800
PEP,2022-06-28,143.83155822753906,147.72529940838473,143.69125347710548,146.58523800421776,4372900
PEP,2022-06-29,146.2169189453125,146.94480423029808,145.00671180699445,145.62935179799322,3653600
PEP,2022-06-30,146.15554809570312,146.96235737012185,145.25227176774115,146.56772428979937,6295100
PEP,2022-07-01,148.54965209960938,148.66366225476986,145.36625305359325,146.22569157769382,3918700
PEP,2022-07-05,148.21641540527344,148.5496676589719,144.989178313683,147.88317653304998,4971600
PEP,2022-07-06,149.69847106933594,150.79468133402275,148.6285687804838,149.08459599740593,4209100
PEP,2022-07-07,149.40032958984375,149.99666164852198,148.54090434820003,148.66367938272057,5150200
PEP,2022-07-08,150.73333740234375,151.45244455357945,149.56696778952704,149.58451090486727,3482900
PEP,2022-07-11,149.4967803955078,151.5401180476695,149.10214735468958,150.32113270117955,4921300
PEP,2022-07-12,148.64610290527344,151.9961276947408,148.09360868320044,151.71549146083956,5201600
PEP,2022-07-13,149.17233276367188,150.34746722837187,147.3131506242241,147.8042507956524,4533100
PEP,2022-07-14,149.9440460205078,150.10190728322698,147.06759087838802,147.58499899776578,4218300
PEP,2022-07-15,150.0668182373047,151.64536392747812,149.10216109104172,150.25975234285227,4659100
PEP,2022-07-18,147.55870056152344,150.17207607060072,147.1991536816097,150.09313874339793,3479700
PEP,2022-07-19,149.13722229003906,149.74233253913934,147.88316408338974,149.30384840286075,4201600
PEP,2022-07-20,147.55870056152344,149.58450883884169,146.85713653531784,149.1284815166272,3460700
PEP,2022-07-21,147.77793884277344,148.56721842405395,146.944821547096,147.3219249138299,3088300
PEP,2022-07-22,148.7425994873047,149.58449497478784,147.76039923647,148.3304233002991,3757800
PEP,2022-07-25,148.95306396484375,149.83879708803946,148.242708435469,149.356461869874,3357200
PEP,2022-07-26,150.68948364257812,150.8298017998688,148.41813867002415,149.5845082622352,3732100
PEP,2022-07-27,150.47897338867188,150.79468248256524,148.26024486656445,149.51431637728388,4479000
PEP,2022-07-28,153.3291473388672,153.57469741313363,150.12821812551687,150.72455019688525,3134200
PEP,2022-07-29,153.4343719482422,153.89038580667332,152.05752536329888,152.29431053921707,4215500
PEP,2022-08-01,155.17953491210938,155.82849625849013,153.0748163866986,153.0748163866986,4034600
PEP,2022-08-02,153.899169921875,155.35492711233726,153.66238473692772,155.1707712651915,3781100
PEP,2022-08-03,155.0742950439453,155.27599399175915,152.80295052035865,153.53960062830998,4401300
PEP,2022-08-04,154.232421875,154.9953934509862,153.10113857343293,154.71475715143373,3822500
PEP,2022-08-05,153.0748291015625,153.20636900227402,151.18933910868816,152.93451095315345,3295600
PEP,2022-08-08,152.46092224121094,154.3200904860531,151.9961301800004,154.16222925653443,2846100
PEP,2022-08-09,153.0309600830078,153.67114316061122,152.55740311443884,153.28527498842058,3228800
PEP,2022-08-10,154.2938232421875,154.72352919628528,153.22392071808636,154.17981306752029,4041100
PEP,2022-08-11,153.50453186035156,155.32862760756055,153.18005785764956,154.66213648859903,2743800
PEP,2022-08-12,155.51280212402344,155.55665321866798,153.802716484689,154.28503838135296,3756200
PEP,2022-08-15,157.22286987304688,157.29302894019972,155.04799231720426,155.89865260690587,3043100
PEP,2022-08-16,158.13494873046875,158.4681876239489,156.6616348561942,157.6613782995864,3395700
PEP,2022-08-17,158.0472412109375,158.79266968038127,157.60875702455303,157.94200928827738,2666200
PEP,2022-08-18,158.20506286621094,158.66985495620287,157.80166497524255,158.57340129740567,3010600
PEP,2022-08-19,158.0033416748047,158.73999167053185,157.25792681536814,157.64378154065048,3704000
PEP,2022-08-22,156.49497985839844,158.26645945121874,156.1178899380486,157.9770583260446,3385000
PEP,2022-08-23,156.42483520507812,156.85455449989234,155.47770781219504,155.9425133334908,2575000
PEP,2022-08-24,157.20535278320312,157.41583001950207,156.19684446157387,156.4248514314574,3340600
PEP,2022-08-25,157.214111328125,157.2842703980984,155.56540663743567,157.00363411820476,3401800
PEP,2022-08-26,153.50453186035156,157.83675758728853,153.18005785764956,157.81922785520592,5246600
PEP,2022-08-29,153.0221710205078,153.72373480649085,151.89965290516923,153.0747869663094,4184500
PEP,2022-08-30,151.70672607421875,153.1975692626374,151.1279238798945,152.89062505554878,4026300
PEP,2022-08-31,151.0753173828125,152.95202881818713,151.01392318496514,152.4258425392521,5597900
PEP,2022-09-01,152.60269165039062,152.71745454198532,150.29842144914872,150.8987611018105,4846100
PEP,2022-09-02,150.66920471191406,154.47433708346452,149.98939732373327,153.3707597844579,5801500
PEP,2022-09-06,149.65391540527344,152.3731316663191,149.31843704475594,150.95172347239532,4900100
PEP,2022-09-07,152.95579528808594,153.42371092900407,150.02468786737512,150.63386461875183,6074600
PEP,2022-09-08,152.44375610351562,153.11472626896818,150.5809170357351,152.5408714471972,3888100
PEP,2022-09-09,152.9293212890625,154.1035290936061,151.56088281180328,152.42608359937157,3662000
PEP,2022-09-12,153.52967834472656,154.00643131261114,152.51439255276304,152.92933872164636,5953300
PEP,2022-09-13,147.79991149902344,152.58502130232904,147.39378910423662,152.2936752635174,6926200
PEP,2022-09-14,148.92115783691406,149.3714260850933,147.94119393535982,148.42675726522376,5156900
PEP,2022-09-15,146.44912719726562,148.81519047620333,145.97237425685702,148.78870569855872,5461000
PEP,2022-09-16,147.4114227294922,147.58799237952752,145.89289949066696,146.87287654047392,12012600
PEP,2022-09-19,148.96530151367188,149.03593209025266,146.99652302532607,147.49092358998647,3720900
PEP,2022-09-20,149.1330108642578,149.33606530248667,147.31431774552567,147.94997930740897,3872000
PEP,2022-09-21,148.70925903320312,151.8787299878556,148.62096745556687,149.98058231130636,5134500
PEP,2022-09-22,148.8505096435547,149.98939547467228,148.3649329436974,148.67392650076846,4290600
PEP,2022-09-23,148.77987670898438,148.9829311542687,147.02297684892702,148.6651003622835,4565100
PEP,2022-09-26,148.7180633544922,150.0953255685312,147.90583213778717,148.61212425230508,5326400
PEP,2022-09-27,146.5638885498047,150.08651212527334,145.8840946354706,148.53268014356368,5400700
PEP,2022-09-28,148.91229248046875,149.75100846403387,145.88408308883646,147.3584606217439,5480900
PEP,2022-09-29,147.09359741210938,149.32723657261425,145.6721894489334,149.02706680931033,5167700
PEP,2022-09-30,144.13601684570312,148.53267843806353,143.9153013892297,148.04710173954152,5971900
PEP,2022-10-03,145.89292907714844,146.281390468845,143.92415081076297,144.36558176107204,5093400
PEP,2022-10-04,147.53506469726562,148.9652967812257,146.1578021762071,147.78226497174256,4596800
PEP,2022-10-05,146.55506896972656,147.517385165367,144.5509687726658,147.4114460528643,3538600
PEP,2022-10-06,143.72988891601562,146.57270469663914,143.4650277090419,146.36963680416562,4623400
PEP,2022-10-07,142.6793212890625,143.91532263925632,142.1231139457731,143.28849819430243,4779200
PEP,2022-10-10,142.86471557617188,143.94179467373095,142.3085082821364,143.01480047887603,4839200
PEP,2022-10-11,143.5445098876953,145.02772485175848,142.63516322868048,143.23551631242609,5222600
PEP,2022-10-12,149.5479736328125,150.7045205426509,147.08479490978445,148.96528155763485,9795300
PEP,2022-10-13,154.15650939941406,154.5361335316748,147.27902146036465,147.5262217026281,8412700
PEP,2022-10-14,150.25425720214844,155.61322151221754,150.07768753019505,155.36602127720232,5937900
PEP,2022-10-17,152.49673461914062,153.25599640396663,151.0311940803028,152.0906256827242,6401800
PEP,2022-10-18,154.55380249023438,156.18710239835747,153.09708573972725,154.34192425534084,4547400
PEP,2022-10-19,153.05296325683594,155.2424573363686,152.14361643653547,154.34194775813677,5200200
PEP,2022-10-20,151.37550354003906,153.93579759785948,151.06649649415587,153.7945364642327,4314000
PEP,2022-10-21,152.78807067871094,153.34427795896644,150.5985770473254,151.14594708732108,5071500
PEP,2022-10-24,156.86688232421875,157.13174356553404,154.20947308534087,154.3330732017677,5316500
PEP,2022-10-25,157.38780212402344,157.91751120621836,155.9222480676163,157.2553647499216,5220000
PEP,2022-10-26,158.0940704345703,159.70969568847596,157.43192407852953,158.2618028621229,5136000
PEP,2022-10-27,157.9263458251953,159.73620199856643,157.65266078322813,159.24180147483165,5424100
PEP,2022-10-28,160.8839111328125,161.50191173345246,158.4560410456248,158.65027173031206,6715300
PEP,2022-10-31,160.31004333496094,161.54604443613346,159.39185954145995,159.95689054076763,4877200
PEP,2022-11-01,159.5861053466797,161.39597485830143,158.81801983748628,159.74502748699038,4084500
PEP,2022-11-02,157.361328125,162.07580798370563,157.29952131857033,159.6037916832149,4970600
PEP,2022-11-03,156.9552001953125,157.9440012924155,155.85162273107986,156.07233822392638,3753800
PEP,2022-11-04,157.83804321289062,158.72972884720787,155.8516040158112,157.07878146981747,3922400
PEP,2022-11-07,159.1005401611328,159.4625032819246,157.88218649540613,158.49136332826947,3246100
PEP,2022-11-08,159.54197692871094,160.77797817731312,157.85570749772972,159.3036004481222,3724700
PEP,2022-11-09,157.6349639892578,159.85977931243093,157.50252664741845,158.87096501802017,4723600
PEP,2022-11-10,160.41598510742188,161.49307757268537,157.64379961602287,161.25470111656261,6704100
PEP,2022-11-11,157.19357299804688,160.40718995936317,154.88930276813298,159.91278942245364,7390500
PEP,2022-11-14,156.02816772460938,158.19117651772024,155.82511327533675,157.7409218333151,5633000
PEP,2022-11-15,156.43431091308594,157.7674276064927,154.87164149121938,157.18473548696224,5153600
PEP,2022-11-16,157.44076538085938,158.58848855343078,156.90221907911297,157.41428060138034,4701100
PEP,2022-11-17,158.94158935546875,159.05636568629305,156.64614356738483,156.69912658488857,3920300
PEP,2022-11-18,160.08935546875,160.53961020358443,158.9328084952585,159.10055441747252,4498100
PEP,2022-11-21,163.17051696777344,163.4442019579799,160.76029466329413,160.91921678524068,4397600
PEP,2022-11-22,163.18820190429688,164.75969511972795,162.77325570423767,164.04457908557615,4109600
PEP,2022-11-23,163.40008544921875,164.28294736748464,162.8880239200561,163.32945487918903,2511000
PEP,2022-11-25,162.54371643066406,163.32946303831653,162.39363151362983,162.95866263069,1837000
PEP,2022-11-28,162.34950256347656,163.76208723837166,162.01401067212265,162.79975736128904,6411400
PEP,2022-11-29,161.2017059326172,161.9344827209228,159.8156201430124,161.8285436334472,4375400
PEP,2022-11-30,163.77969360351562,163.9474395070189,159.12702144831664,160.59256185116092,7915600
PEP,2022-12-01,165.14779663085938,165.5298023611426,163.6020431999784,164.77468326632138,4683300
PEP,2022-12-02,164.96119689941406,165.51198119182806,163.31770927436835,163.4598515290015,3547700
PEP,2022-12-05,162.67813110351562,163.40660020875853,161.9674467296847,162.95352333169046,4083200
PEP,2022-12-06,161.35447692871094,163.71752832944787,160.52828665294146,163.23781500077624,5835100
PEP,2022-12-07,161.84304809570312,162.08291150667444,160.51938704147727,161.51435592338143,4241700
PEP,2022-12-08,163.2644500732422,163.44212115816967,161.02575644793836,161.51436209806508,3800800
PEP,2022-12-09,162.66036987304688,163.6464600086038,162.6159487118094,163.6464600086038,3116100
PEP,2022-12-12,163.43324279785156,163.6197926931363,162.00296819378386,163.6197926931363,4691400
PEP,2022-12-13,163.3444061279297,165.9828631817072,162.51822945221923,165.66304979472096,5634900
PEP,2022-12-14,162.89134216308594,165.13003586308312,161.79865207666157,163.5220901243733,5392500
PEP,2022-12-15,160.12852478027344,162.31391865567494,158.47615776875608,161.6653994750141,6127800
PEP,2022-12-16,160.2084503173828,160.96356933351836,158.55608355779006,159.9774792744802,15708100
PEP,2022-12-19,161.09683227539062,162.9890625956827,160.2173556350348,160.67041894808372,4447800
PEP,2022-12-20,160.99911499023438,161.90525519342324,160.47498051753553,161.52326301836882,3249000
PEP,2022-12-21,162.12738037109375,163.1756495293485,161.15016882065427,161.2834323350442,4236900
PEP,2022-12-22,160.87472534179688,161.72756547401212,158.94696640159617,161.55877320942744,4304700
PEP,2022-12-23,161.91412353515625,162.17175812740885,160.30617786889275,160.71483355933992,2197800
PEP,2022-12-27,162.6337127685547,163.11342604478972,161.9230148861696,162.82026265997706,3045000
PEP,2022-12-28,161.46104431152344,163.9395875280359,161.36332319228123,163.54871660650053,2694300
PEP,2022-12-29,161.66537475585938,162.44714375523813,161.58542480513222,161.61207478870793,2549200
PEP,2022-12-30,160.49273681640625,161.647619155701,159.27566214436877,161.1323635410792,3136200
PEP,2023-01-03,159.38226318359375,160.57267422328675,156.85929883084444,160.43053194992342,5137400
PEP,2023-01-04,158.99139404296875,160.38612626298615,157.72991174493455,159.38227855469884,4771300
PEP,2023-01-05,157.33013916015625,158.8137136111012,157.11692574210232,158.09413696389063,3647100
PEP,2023-01-06,160.88363647460938,161.53214206985646,158.84038499808548,158.84926380841316,3713200
PEP,2023-01-09,159.31121826171875,162.3672098647301,158.84926257498933,160.2973084178598,3319200
PEP,2023-01-10,157.99642944335938,159.48888283191837,157.32126033911462,158.8314849028998,3817300
PEP,2023-01-11,158.17410278320312,159.64879857298448,156.0686590405372,159.36451398705475,4369900
PEP,2023-01-12,156.1575164794922,158.45838915342927,155.74887429195311,157.8276546949209,4246600
PEP,2023-01-13,155.6777801513672,156.11307226271285,154.72721886536803,155.81990888166922,4720400
PEP,2023-01-17,156.40626525878906,157.72994012890436,155.89990190869682,156.4862152263662,5032600
PEP,2023-01-18,152.4618377685547,156.1219261697808,152.20421680012288,155.67774180284718,5032600
PEP,2023-01-19,150.69403076171875,152.95048195182207,150.56076728468867,152.15983412100792,4720400
PEP,2023-01-20,150.9161376953125,150.9250165058052,148.76628623316492,150.08994743467431,5779100
PEP,2023-01-23,150.24093627929688,151.69786065791646,149.88559415980254,151.03158401728984,5440400
PEP,2023-01-24,151.6356964111328,151.79559631359115,149.64574510723443,150.67625633008007,4125600
PEP,2023-01-25,152.7372589111328,152.78168006734774,150.43638670679746,151.32475560936095,3852800
PEP,2023-01-26,151.2181854248047,152.50631787582256,151.05827194206128,152.47966788793804,4558400
PEP,2023-01-27,150.68515014648438,151.22705579561946,149.7612523220328,150.8184136339058,5451400
PEP,2023-01-30,150.56076049804688,152.31974071642796,150.25871831908873,150.8272738846592,5191500
PEP,2023-01-31,151.92889404296875,151.9733152110342,150.41866921680526,151.20042484192015,4665500
PEP,2023-02-01,152.40858459472656,153.0837537151826,150.58742542021346,151.804500176882,4147700
PEP,2023-02-02,150.9960479736328,151.520182319109,149.69902354446512,150.5429847597278,5653800
PEP,2023-02-03,150.24093627929688,152.16869506619133,148.4020197999925,151.8755452730966,5308200
PEP,2023-02-06,152.63955688476562,153.13704131938684,150.65848440023836,150.79174787371957,5640000
PEP,2023-02-07,152.40858459472656,152.82611911223955,150.36533316857614,151.28035216088708,6044700
PEP,2023-02-08,152.05322265625,152.20424374108725,151.23592490307783,151.91108038036785,5687300
PEP,2023-02-09,153.4923858642578,156.78824062816076,152.8349879622964,155.748850584886,9619400
PEP,2023-02-10,156.5306396484375,156.87710307057992,153.37692649253555,153.79446107248117,6176000
PEP,2023-02-13,157.92535400390625,158.3339961349524,156.38846594135225,156.58390819722115,5205100
PEP,2023-02-14,156.1486053466797,157.46338752314276,155.27799406477774,157.3301376103178,5203000
PEP,2023-02-15,156.36180114746094,156.39734349358056,155.10031896888066,155.46455346172354,4125500
PEP,2023-02-16,155.91763305664062,157.15246538281747,155.0559140712401,155.23359870960144,4973200
PEP,2023-02-17,156.60169982910156,156.72607095767998,155.3135673783745,155.60673080047428,3952100
PEP,2023-02-21,156.51287841796875,157.6055822887778,155.17144581219534,155.97986503372258,5797300
PEP,2023-02-22,156.45953369140625,157.62329483628977,156.14861269503817,156.99256047865768,5299500
PEP,2023-02-23,156.62835693359375,157.2324549823057,155.45571674735064,156.93929154688567,3801400
PEP,2023-02-24,156.3174285888672,156.64612080927176,154.83384030305393,155.87324405083447,2959100
PEP,2023-02-27,156.2729949951172,157.4634062090632,156.04201037823182,157.214663971983,3208500
PEP,2023-02-28,154.15866088867188,155.51786428080518,153.86549751217174,155.35796437840563,4317100
PEP,2023-03-01,152.2042236328125,153.20808468488534,150.24092267844054,153.08371359877796,5359100
PEP,2023-03-02,155.0125732421875,155.40608548825776,151.846488481868,152.49937626977325,4476300
PEP,2023-03-03,154.8605499267578,155.12886433168177,153.23279952508426,154.7263995478146,3627100
PEP,2023-03-06,155.17355346679688,155.31665627265977,154.0287583139631,154.0287583139631,3611400
PEP,2023-03-07,154.40440368652344,155.85328216734328,153.71573332655043,155.32560588692564,4094900
PEP,2023-03-08,154.8247833251953,155.0483763914239,153.63526657521476,154.44019615482253,2920200
PEP,2023-03-09,153.6531219482422,155.94271222804738,153.11649325583525,155.2808719936834,4042100
PEP,2023-03-10,153.85885620117188,155.83542486713316,152.901884995571,154.30604232362998,4129900
PEP,2023-03-13,155.36141967773438,158.50960037704715,154.37760467980013,154.51175506722828,8265100
PEP,2023-03-14,155.2003936767578,155.4508167798615,153.44743195503216,154.2702526719493,6480800
PEP,2023-03-15,157.9729766845703,157.999806760613,154.8963339259876,155.20041721916346,7099800
PEP,2023-03-16,157.8656463623047,158.303893692806,156.8013548117237,157.95508904919492,4734400
PEP,2023-03-17,156.63137817382812,158.02659635882074,155.82643515761643,157.86560229676473,8854600
PEP,2023-03-20,158.83152770996094,158.91201791847627,156.97123222441257,157.85666545918397,4367000
PEP,2023-03-21,159.20721435546875,159.3503172042817,157.65995403791518,158.89419222660905,3812000
PEP,2023-03-22,157.8656463623047,160.4235516311321,157.78515613232628,159.05516313334718,4380800
PEP,2023-03-23,157.09646606445312,158.50063692070393,156.53302087783,157.4631619291215,4655600
PEP,2023-03-24,160.17311096191406,160.39670400764135,157.7583087974666,157.88352035719242,3713800
PEP,2023-03-27,160.5308380126953,161.56829917917295,160.36984395340988,160.61132821882106,4078600
PEP,2023-03-28,160.4771728515625,161.39838863251686,160.38774383340638,160.38774383340638,2850000
PEP,2023-03-29,161.58624267578125,161.80089694187396,160.97807605907605,161.56835140851393,4496000
PEP,2023-03-30,161.72933959960938,162.1765257356542,161.05856039554217,161.88138124822007,2743000
PEP,2023-03-31,163.0440673828125,163.21400029746385,162.16758638028404,162.91885581102272,4479800
PEP,2023-04-03,163.2229461669922,163.4554780540771,161.34475886187172,162.68631732351824,3902300
PEP,2023-04-04,162.6416015625,163.9920987673369,161.97082236493188,162.9367324000368,3306400
PEP,2023-04-05,164.2425079345703,165.4230857724175,163.72377042827713,163.89370332739483,3826300
PEP,2023-04-06,164.88645935058594,165.22632515366388,163.75955529143232,163.93842700203876,3389700
PEP,2023-04-10,163.84898376464844,164.47504157315507,162.4984866600815,164.41244261582275,2408100
PEP,2023-04-11,163.5985565185547,164.45715981075315,163.4554536953489,164.04574260579557,3586700
PEP,2023-04-12,163.276611328125,164.36774666881564,162.9993580877434,163.39288409875167,3620900
PEP,2023-04-13,164.9043731689453,165.11007498192373,162.87414417595383,163.33026914743778,4303600
PEP,2023-04-14,164.12625122070312,164.58238981491394,163.59857485390816,163.97420957164547,2572900
PEP,2023-04-17,164.96693420410156,165.23524856853197,164.09939215909662,164.73440236668077,3224400
PEP,2023-04-18,165.30679321289062,165.65559777827008,164.33193092080887,165.25313307160684,2438600
PEP,2023-04-19,165.20843505859375,165.7450638412505,164.79701783895197,165.6735124270938,2209900
PEP,2023-04-20,165.7540283203125,166.3890250428587,164.7433832035087,165.31578095837128,3868200
PEP,2023-04-21,165.82557678222656,166.6931190330519,165.57515362188923,166.3443143706507,3781800
PEP,2023-04-24,165.90603637695312,166.86302114275065,165.4767415595198,166.80040854071027,3540200
PEP,2023-04-25,169.6713409423828,170.09168328364015,166.5678685932599,166.85406057528996,6231600
PEP,2023-04-26,168.62490844726562,169.411960256333,168.0256807824657,168.57124830519922,4481700
PEP,2023-04-27,169.6534881591797,169.88602005026112,167.7037493982833,168.30297721713973,4574500
PEP,2023-04-28,170.72669982910156,171.3795876799611,169.60873463726998,169.84126648423796,4608900
PEP,2023-05-01,171.4332275390625,172.0145775582424,170.18111213119485,170.33315374164775,3137800
PEP,2023-05-02,171.9430389404297,172.16663196896081,169.7071086551185,171.1470483047403,3712200
PEP,2023-05-03,171.8804473876953,172.8374322175631,171.52270395705594,172.23820446537178,3389600
PEP,2023-05-04,172.95370483398438,173.46348990458554,171.86256963026744,172.68539043770303,4267600
PEP,2023-05-05,173.7496795654297,173.9374900726047,172.06825557414797,172.45284269104226,4146500
PEP,2023-05-08,172.92686462402344,173.50820107603067,172.3007931870479,172.97157231491917,2249900
PEP,2023-05-09,173.6334228515625,174.10743903805565,172.35447712307186,173.38299972085053,3087600
PEP,2023-05-10,173.7496795654297,174.92130488602183,172.31867868173856,173.6065767476534,4352900
PEP,2023-05-11,174.70664978027344,174.8676438612206,172.61382225721036,173.75861749958858,3690200
PEP,2023-05-12,175.40428161621094,175.49372430018568,174.3578677194866,174.70667235172803,2741000
PEP,2023-05-15,173.7496795654297,176.0839913981414,173.5081952663117,175.80673821809725,2946400
PEP,2023-05-16,172.99839782714844,173.93749131081614,172.20240716227573,173.93749131081614,5803100
PEP,2023-05-17,171.7731475830078,173.14153615667635,170.68201224822081,172.89111299594217,4878800
PEP,2023-05-18,171.32595825195312,171.4601222872493,170.2974355498748,171.1113176307408,3709400
PEP,2023-05-19,171.57632446289062,172.48858774138364,170.9144979044243,172.1308443934037,3883000
PEP,2023-05-22,166.92564392089844,171.17391230504546,166.71994211504725,170.99504057617324,5787000
PEP,2023-05-23,166.41583251953125,166.91667874006103,165.09215191151856,166.7914671849286,6382300
PEP,2023-05-24,165.3604736328125,167.01506764282288,164.89539627292777,166.59471162183726,3721000
PEP,2023-05-25,164.38560485839844,164.76123952594548,162.7310109124315,163.40179002884466,4712700
PEP,2023-05-26,164.1888427734375,164.78807048300408,163.13347652815946,164.30511552129119,4449300
PEP,2023-05-30,162.42694091796875,163.75060799460513,161.61305891497432,162.82940569127283,4331800
PEP,2023-05-31,163.08876037597656,165.11897524801046,162.29276974074324,163.54488524098596,20414600
PEP,2023-06-01,164.0839385986328,164.5342485399025,162.8320775115978,164.2910773237536,5277400
PEP,2023-06-02,165.7681121826172,165.9752509312314,163.64264846906224,163.9308534604997,4288300
PEP,2023-06-05,165.88519287109375,167.66841654660917,165.36283164445388,165.5789853824197,4311700
PEP,2023-06-06,163.51654052734375,166.72274504868483,162.49883568210726,166.59665881725124,3975600
PEP,2023-06-07,162.21066284179688,163.67867778588868,161.8414053570767,162.75104031906395,5162700
PEP,2023-06-08,164.00289916992188,164.18302041230234,161.5081780487242,161.84140303424655,4036100
PEP,2023-06-09,164.22805786132812,164.6603516012621,163.01221539869914,163.65166162729273,3200100
PEP,2023-06-12,163.82276916503906,164.57028539889234,162.73302668297094,164.35414539841352,4207100
PEP,2023-06-13,163.49855041503906,164.08396166641114,163.08427290655618,164.02992666464127,2838700
PEP,2023-06-14,164.96658325195312,165.3988770551917,163.40851431563436,163.91285937647473,3559300
PEP,2023-06-15,167.25413513183594,167.66841260857774,165.28177526412904,165.94822522472316,4326100
PEP,2023-06-16,167.5513458251953,168.94730963258885,167.24513831044015,167.64141332594502,8925700
PEP,2023-06-20,166.89393615722656,169.1995217960775,166.83089988582603,168.00169521572343,4154800
PEP,2023-06-21,167.001953125,168.30786306510723,165.88519316611553,167.26314060996947,3832400
PEP,2023-06-22,168.7311553955078,168.93829413892612,167.39822795710032,168.1727616741971,3185800
PEP,2023-06-23,167.57835388183594,169.31654371835197,167.47027014741735,169.31654371835197,7592600
PEP,2023-06-26,166.515625,167.90257370129663,165.82214377816663,167.6594162049306,3706100
PEP,2023-06-27,167.7134552001953,168.0646964456853,165.67805897535212,166.31749147085856,5763000
PEP,2023-06-28,165.44387817382812,168.1817704531359,165.15568694264124,167.74046174076622,5193900
PEP,2023-06-29,165.60598754882812,165.61498880035455,163.36343910556351,165.03859262818278,5770400
PEP,2023-06-30,166.8128204345703,167.08300915540434,165.60599305619675,165.75008179725492,7635100
PEP,2023-07-03,167.15504455566406,167.19106330192275,165.23671993615014,165.98423603792145,2389000
PEP,2023-07-05,168.03768920898438,168.13675796337205,166.5876903906035,166.61470789249367,5277100
PEP,2023-07-06,168.05569458007812,168.19078208078523,166.51562836016532,167.34419709669976,5592100
PEP,2023-07-07,164.88551330566406,167.40725208559127,164.84047955662825,167.3532170836966,6309900
PEP,2023-07-10,165.98426818847656,167.4342669332794,165.51594194219285,165.77712943703918,5508800
PEP,2023-07-11,165.6960906982422,166.3715558080888,164.29112546854088,166.05634700225076,3914300
PEP,2023-07-12,164.96658325195312,166.26347840404105,164.79546323294537,165.6960833394095,6080100
PEP,2023-07-13,168.89324951171875,169.37057696148875,165.0475986734569,167.33518092553308,8223100
PEP,2023-07-14,169.5056915283203,169.8839502687067,168.49698781158637,169.19046904014652,4467600
PEP,2023-07-17,167.1820831298828,168.42492929684548,166.99294689666587,167.82151558876419,5637400
PEP,2023-07-18,166.11936950683594,168.25384842196632,165.5519882063744,167.0109883252351,5684100
PEP,2023-07-19,167.7494659423828,168.05568716776324,166.09232854240418,166.61468975938283,4140800
PEP,2023-07-20,170.4873504638672,171.1087803959987,168.244801957125,168.8662318892565,5056500
PEP,2023-07-21,171.26190185546875,172.44171185226196,170.48736810868056,171.21686810716363,15022100
PEP,2023-07-24,171.94635009765625,172.40566130057536,171.2438676732533,171.6491438808136,4225800
PEP,2023-07-25,172.3426513671875,172.92804889611367,171.171842566964,171.48706507784496,3521600
PEP,2023-07-26,172.5587921142578,173.26127459295537,171.1718296617943,172.1264846332361,3898900
PEP,2023-07-27,169.7938995361328,173.1802260289128,169.67681453027487,172.91905225704306,4141800
PEP,2023-07-28,171.39698791503906,172.35164290464004,170.9286616728756,171.24388416598705,5602300
PEP,2023-07-31,168.8302459716797,170.74855739417896,168.28086717406916,170.6224711328768,5687700
PEP,2023-08-01,168.2538299560547,169.85693240864182,167.87555747410025,168.8572436888941,2853900
PEP,2023-08-02,169.595703125,171.09073520994235,167.87551610229042,168.0466360537722,4285900
PEP,2023-08-03,168.52398681640625,170.41529405314276,168.38889933194022,169.4696404347745,2857400
PEP,2023-08-04,166.2544708251953,169.32557482719716,166.02931580714514,168.52402351263342,4651100
PEP,2023-08-07,168.31686401367188,168.60506899761864,166.7047603296259,166.86686532631845,3323400
PEP,2023-08-08,166.11036682128906,168.84824576950803,165.74110929683908,168.59607325094987,5017900
PEP,2023-08-09,165.6960906982422,166.61472709549798,164.480261745942,165.6060369290197,4413100
PEP,2023-08-10,165.48890686035156,167.1460441805397,165.29076938268025,165.91219931334308,3727200
PEP,2023-08-11,165.75010681152344,165.96626056928548,165.0656405255006,165.71408805641542,2873800
PEP,2023-08-14,165.37184143066406,166.48861518756243,164.93054642197004,166.06532268451704,3385600
PEP,2023-08-15,163.32745361328125,165.2277624923142,163.12931610040604,164.94855872971982,3331800
PEP,2023-08-16,163.20135498046875,164.76842497319367,162.96718498716834,163.55259622804888,2633700
PEP,2023-08-17,160.7156524658203,163.38149398141502,160.59858119882125,163.20137271171706,4503000
PEP,2023-08-18,160.4724578857422,161.70631657582516,159.652904166296,160.72464411753717,6020300
PEP,2023-08-21,159.4547576904297,160.2743251060633,158.71624276846464,160.06717263241796,4284100
PEP,2023-08-22,158.23895263671875,159.24765651785196,157.88771133894508,158.6712464472773,3489300
PEP,2023-08-23,160.4184112548828,160.56251373621097,158.84232643907453,159.63487634401048,4042700
PEP,2023-08-24,159.57183837890625,162.50786825213174,159.49980087518307,160.31935459695697,5709800
PEP,2023-08-25,161.5892333984375,161.85042088551347,160.16625219648782,160.36438968931438,4710700
PEP,2023-08-28,162.33676147460938,163.17433151167697,161.51719394375294,162.85012149142202,3189800
PEP,2023-08-29,162.94915771484375,163.21034519087382,161.2289840887724,162.38177650244486,4368600
PEP,2023-08-30,163.08425903320312,164.14698395726145,162.7600353077944,163.42649900512612,3153400
PEP,2023-08-31,161.36553955078125,162.9164397242211,161.31112442873848,162.65341484895544,5566700
PEP,2023-09-01,159.00747680664062,162.1727432797451,158.39073974659382,162.10018516450165,4801400
PEP,2023-09-05,157.95542907714844,159.51539419610006,157.49287275153463,158.96215059183177,5081800
PEP,2023-09-06,158.47239685058594,158.70821423609885,157.33870200192285,158.64472068183048,5933800
PEP,2023-09-07,159.9870147705078,160.58560898418133,158.90774887737058,159.48820009816194,4934300
PEP,2023-09-08,159.8690948486328,160.6672065026801,159.27050072881244,159.45188911204835,2995000
PEP,2023-09-11,162.28158569335938,162.73506356832752,160.37698692192103,160.37698692192103,4512700
PEP,2023-09-12,161.6830291748047,162.27254496327186,161.25675880257205,162.10929954703732,3331100
PEP,2023-09-13,162.9617919921875,163.37899769942226,161.62857985771728,161.7374101121935,3781400
PEP,2023-09-14,164.36761474609375,164.78482055146833,162.6444040626549,163.19764771812507,4118300
PEP,2023-09-15,163.10693359375,164.9027161061959,162.8983376272105,164.53086089350327,11661200
PEP,2023-09-18,162.68972778320312,164.15899167801422,161.82810874459508,164.15899167801422,3182600
PEP,2023-09-19,161.72837829589844,162.46301034050586,160.80327942833244,162.21812837928726,3369300
PEP,2023-09-20,161.7827606201172,162.72598844975812,161.0390503106126,162.4266914109852,3695800
PEP,2023-09-21,159.06190490722656,161.73742161947345,158.83516596823875,161.5288256705377,5351000
PEP,2023-09-22,158.96212768554688,159.97791363000766,158.14585926099468,158.66283064711564,4542300
PEP,2023-09-25,158.10960388183594,159.116325358162,157.0665964241926,158.4270301036036,3553600
PEP,2023-09-26,156.468017578125,157.55636176396632,155.66989205028602,156.90335248465212,5213700
PEP,2023-09-27,153.79251098632812,156.62220882563946,153.30274707472543,156.2775611722189,5729900
PEP,2023-09-28,153.72901916503906,154.34574251068662,152.5318307801257,154.1190035443665,4841600
PEP,2023-09-29,153.67462158203125,154.94435440284957,152.40487492216312,154.6450572724317,5194200
PEP,2023-10-02,153.42970275878906,153.71993524189452,151.75184292261758,153.3480800625581,3838800
PEP,2023-10-03,152.0964813232422,154.18248238210356,151.4888226121866,153.14855334792662,4873400
PEP,2023-10-04,153.1939239501953,153.3934553547459,151.5160500043969,152.77671814821264,4134000
PEP,2023-10-05,145.20364379882812,153.1032218657788,144.99503397961917,153.0669497192917,10556400
PEP,2023-10-06,145.37591552734375,145.94730201721697,141.33090106490815,144.00641747339677,12774700
PEP,2023-10-09,146.34640502929688,146.40082016921704,143.8794838665582,145.11294444792753,7244500
PEP,2023-10-10,149.10353088378906,149.81095531442156,146.95405002448624,148.96749304676263,11456400
PEP,2023-10-11,147.48912048339844,150.04674200900507,146.56403570264447,149.6567438908465,7371500
PEP,2023-10-12,143.37158203125,147.51636305795543,142.7820524269554,147.4710263368195,9024100
PEP,2023-10-13,145.11293029785156,145.33060467535543,143.25366811060084,143.8613268455374,6757100
PEP,2023-10-16,146.09243774414062,146.88148483906633,144.9315354604845,146.01987962153126,5605000
PEP,2023-10-17,145.44850158691406,146.59127478623427,144.35109278581334,145.11293235932837,6411300
PEP,2023-10-18,146.9540557861328,148.19658087651518,145.90198367505457,146.03803535646273,6650600
PEP,2023-10-19,145.62083435058594,147.57986237910782,145.48479650376436,146.83615191235378,6336800
PEP,2023-10-20,145.11293029785156,147.13543788894458,144.8499192008676,146.35545533503173,5486500
PEP,2023-10-23,145.18548583984375,146.56406252807233,144.26038705072548,144.75015093163105,5795800
PEP,2023-10-24,147.0991668701172,147.69776103354343,144.82269890167578,145.4847866153355,5265200
PEP,2023-10-25,147.24429321289062,148.2872869432328,146.44616760696363,146.97220368004747,4534600
PEP,2023-10-26,146.39173889160156,148.16029993249015,146.29197320011312,147.54356279263962,5147000
PEP,2023-10-27,144.7682647705078,147.0537970152031,144.10619098277132,146.94496675942332,5078000
PEP,2023-10-30,147.18080139160156,147.45289092764904,145.78409540382933,146.29198849029197,4625900
PEP,2023-10-31,148.08773803710938,148.15123158418857,146.6184741080979,147.78844097026501,5947400
PEP,2023-11-01,149.52978515625,150.0376781452989,147.6161080331254,148.4414410598529,6682500
PEP,2023-11-02,151.3074188232422,151.60671586044054,149.3483912192415,149.41188476003154,5413400
PEP,2023-11-03,151.27114868164062,153.10320323489418,151.18046140693414,152.98529455482407,4063300
PEP,2023-11-06,151.18954467773438,151.91511216033976,149.83818925341862,150.06492822679226,5784600
PEP,2023-11-07,151.6248779296875,152.10557727976854,150.66350690762246,151.2802441045812,4687200
PEP,2023-11-08,151.81536865234375,152.67697410931174,151.15329462823792,152.52279324556386,4926600
PEP,2023-11-09,150.69979858398438,152.2416208760352,150.38235847721697,151.9876743262409,5639300
PEP,2023-11-10,151.3890838623047,152.1690665243604,149.5207568399281,151.7427961253852,5552900
PEP,2023-11-13,152.16000366210938,153.0760241898867,150.97189358142256,151.46164370542,5402300
PEP,2023-11-14,152.4683380126953,152.76763508330015,151.3618508446582,152.3232217653026,6238900
PEP,2023-11-15,151.68836975097656,153.0850757061391,150.79955687041857,153.00345299894516,5611200
PEP,2023-11-16,152.10557556152344,154.18249842166935,150.91745174300289,152.7222989124669,5386400
PEP,2023-11-17,151.2439727783203,152.59534215749366,150.346095223806,152.41395373105993,5583100
PEP,2023-11-20,151.02627563476562,151.25301457267074,150.30070826566,150.55465476899,4886200
PEP,2023-11-21,152.18716430664062,152.24157943263373,150.482083217282,151.5613626796294,3980000
PEP,2023-11-22,153.47508239746094,153.79252250613115,152.64068460898534,152.68603517294522,3235600
PEP,2023-11-24,153.61109924316406,154.20062881592332,153.23017946828205,153.23017946828205,1751700
PEP,2023-11-27,152.6588134765625,153.91040312393935,152.45020366945982,153.91040312393935,3664700
PEP,2023-11-28,153.14854431152344,153.9647989285887,152.38670482372308,152.7132094383584,4056100
PEP,2023-11-29,151.60675048828125,153.3843762897848,151.14419412557626,153.3662471360287,4722400
PEP,2023-11-30,153.79544067382812,153.8594183772458,150.62431914887085,151.80320734081317,7346700
PEP,2023-12-01,154.16099548339844,154.30721827950242,152.96382597251542,153.86854989119047,4897400
PEP,2023-12-04,154.57223510742188,155.2850538086874,153.70405991429834,153.8959651329457,5323300
PEP,2023-12-05,153.4755859375,154.96520098355145,153.2653993915072,154.5813626723329,4553800
PEP,2023-12-06,153.08262634277344,153.82287405050772,152.3698076119839,153.5121471093484,4726600
PEP,2023-12-07,153.03695678710938,153.8046056471906,152.34240538978102,153.53044135585444,4934800
PEP,2023-12-08,151.4102783203125,152.72625598855103,151.0356014673487,152.65314456869584,5115200
PEP,2023-12-11,153.36593627929688,153.64923423986826,152.12307036436445,153.01866061430033,6912600
PEP,2023-12-12,153.95994567871094,154.70017942488164,153.2654083003008,154.70017942488164,4515800
PEP,2023-12-13,157.19505310058594,157.23161577452535,153.6400930392813,154.02391744819892,6082100
PEP,2023-12-14,153.75892639160156,157.1585305156477,153.47562837202716,156.86608485377948,7119300
PEP,2023-12-15,152.6165771484375,153.99651842476231,152.1139449138239,153.02781663327562,17734600
PEP,2023-12-18,154.362060546875,155.58664518578036,152.99125310030425,153.58526408265513,5439500
PEP,2023-12-19,153.48472595214844,154.28893738846455,152.8998487106204,153.47559225658063,4855900
PEP,2023-12-20,151.4193878173828,153.04607815177482,151.4011064808801,152.1687552791063,5157800
PEP,2023-12-21,152.58912658691406,152.70793434504645,151.14520793300161,152.15960586320588,4374000
PEP,2023-12-22,153.23797607421875,153.68577815745772,152.48860864821745,152.9455444269854,3030400
PEP,2023-12-26,154.3163604736328,154.82812634360764,152.84502662516812,153.2105696909861,2779200
PEP,2023-12-27,154.80982971191406,154.892088746484,153.85940946794324,154.35289395249924,3502500
PEP,2023-12-28,154.80068969726562,154.93776484166509,154.17011614388375,154.80982339203487,2911100
PEP,2023-12-29,155.2119598388672,155.4221603613721,154.59966749823639,154.755024007539,3291500
PEP,2024-01-02,158.01754760742188,158.09065901150274,154.6179440128212,154.91952332543934,5743100
PEP,2024-01-03,158.05410766601562,160.11031899023413,157.82563974110246,159.9275474392187,5588200
PEP,2024-01-04,156.70156860351562,158.58414191927343,155.88822341531227,156.8295100731912,6283200
PEP,2024-01-05,154.38946533203125,156.7929520244082,153.12831810263594,156.7929520244082,5252500
PEP,2024-01-08,154.54481506347656,155.1114109500603,153.33849794995552,154.38945857665755,5735600
PEP,2024-01-09,152.7719268798828,153.4299156042203,151.63872097806265,153.3385228585053,6268800
PEP,2024-01-10,152.54345703125,153.49389137419703,151.88546831523283,152.24187770769421,4394900
PEP,2024-01-11,151.82147216796875,152.74447733502186,150.62430277028866,152.74447733502186,4800700
PEP,2024-01-12,152.86329650878906,152.96382293604336,151.3097176786009,152.01338872480778,3546100
PEP,2024-01-16,151.85804748535156,153.09177976694403,150.96245719006393,152.86331185883984,4576600
PEP,2024-01-17,152.1047821044922,152.36979871679682,151.19091055995145,151.6935426983635,4392300
PEP,2024-01-18,152.7719268798828,152.87245332233925,150.7796933133875,151.2183478147541,4709400
PEP,2024-01-19,151.5016326904297,152.8358913616723,151.30972746344432,152.74449862386805,6528600
PEP,2024-01-22,150.88934326171875,152.3515434269526,150.8070981628751,151.6661397141069,5697400
PEP,2024-01-23,153.20144653320312,153.46646318246474,150.20394856466964,150.38672011015095,4932700
PEP,2024-01-24,151.33714294433594,153.29282761580615,151.2640315427907,153.20143487773106,4984700
PEP,2024-01-25,152.2144317626953,152.25099443092418,150.73396442458616,151.52902815141186,5373800
PEP,2024-01-26,153.40248107910156,153.55783757141833,152.25100793009722,152.25100793009722,4849000
PEP,2024-01-29,153.66749572753906,154.17012786951915,152.9729583688041,153.1008998281651,5713600
PEP,2024-01-30,155.01087951660156,155.08399091002047,152.90898622024096,153.22883287880467,4804200
PEP,2024-01-31,154.01478576660156,155.70545387176782,153.42077478077263,155.32162945782957,5769200
PEP,2024-02-01,156.91175842285156,157.0031511650447,152.77192099276056,154.01478698588426,4920800
PEP,2024-02-02,156.24462890625,157.1493668122578,155.44956507479026,156.4913781432656,5307700
PEP,2024-02-05,156.1989288330078,156.8020874227092,154.4899934400942,155.86080081055718,5142700
PEP,2024-02-06,156.65586853027344,157.03055923424273,155.30334246216427,156.68328356280054,5182700
PEP,2024-02-07,156.70156860351562,158.00839833344628,156.61932350399013,157.7616630348698,5769700
PEP,2024-02-08,158.87660217285156,159.10507010008052,156.6467529719648,156.9300509705966,9269700
PEP,2024-02-09,153.22886657714844,156.62847042362552,152.5891591747631,156.45483256914045,12731700
PEP,2024-02-12,155.9156494140625,156.33603652660483,152.79934360795457,153.40250226937715,7867500
PEP,2024-02-13,154.33465576171875,156.68329875828707,152.83590674506368,156.47311217367013,7302000
PEP,2024-02-14,153.091796875,154.115328755423,151.75753800695486,153.84116444614511,5731900
PEP,2024-02-15,153.40248107910156,153.86855055605187,152.32410538389172,153.48472617305043,4451400
PEP,2024-02-16,151.99514770507812,152.99126451051285,151.41025643079482,152.80849295958706,5246000
PEP,2024-02-20,154.12442016601562,154.91949783923576,152.79017560861962,153.29280771362724,6117900
PEP,2024-02-21,154.2889404296875,155.5226586951832,153.40248388206777,155.31247213639332,4192600
PEP,2024-02-22,153.75892639160156,154.28897369530517,151.79410765001504,153.2014640501699,7539200
PEP,2024-02-23,154.9926300048828,155.5866409711427,153.34765832464313,153.475599791741,6409800
PEP,2024-02-26,153.76803588867188,154.82813032923704,153.26541764637713,154.82813032923704,3837000
PEP,2024-02-27,153.67665100097656,153.73148106563005,152.9364172390068,153.36593800489092,3567600
PEP,2024-02-28,152.6439971923828,153.9873897796168,152.113949904362,153.64011405256747,5275300
PEP,2024-02-29,152.2526092529297,153.48653899377888,151.85665238648852,153.05375448550157,8489400
PEP,2024-03-01,151.56198120117188,151.93953128751772,150.32805141022587,151.81061345937394,6109900
PEP,2024-03-04,152.28024291992188,152.5380785816959,150.65035621177665,151.43306659538007,4303700
PEP,2024-03-05,149.21380615234375,152.39993792523964,149.0020156109539,152.14210229633338,6631300
PEP,2024-03-06,150.09783935546875,151.00948159764036,149.21382135842452,149.2322422055059,5302500
PEP,2024-03-07,150.19911193847656,150.92657371010614,149.63739561443825,150.8529184340572,5801600
PEP,2024-03-08,150.14389038085938,151.20285728856066,149.25987234888171,149.47167697121392,6065300
PEP,2024-03-11,151.69091796875,152.32630379071475,150.38331867689104,150.94503515200572,5404800
PEP,2024-03-12,151.51593017578125,152.32627880723342,150.9818520879484,152.06844316104207,6158500
PEP,2024-03-13,152.21575927734375,152.9892661013102,151.70008806136613,152.031592993207,4585800
PEP,2024-03-14,151.73696899414062,153.09981683662568,151.20287674685784,153.09981683662568,5155300
PEP,2024-03-15,151.62644958496094,152.2894595835279,150.68718307849278,151.9947822281694,21887300
PEP,2024-03-18,157.70401000976562,158.55118626281944,153.73516778201812,153.82725796101926,10478500
PEP,2024-03-19,158.20130920410156,158.9840196933833,157.46462976343105,157.55671996263672,7653700
PEP,2024-03-20,158.25650024414062,159.3983536651503,157.57506955000778,158.66167449195007,5046700
PEP,2024-03-21,158.79981994628906,159.69304129694856,157.51064173450663,158.31177290532938,4343000
PEP,2024-03-22,158.40386962890625,159.39838459807459,158.16444077183525,159.32471526135961,4106400
PEP,2024-03-25,158.93797302246094,159.38917842164068,158.48675357229092,158.56962631283534,3941900
PEP,2024-03-26,159.05764770507812,159.27865569513904,158.21968893444665,158.54197644592398,4593000
PEP,2024-03-27,159.8311767578125,160.86251932847162,159.35233311386847,160.22713361940887,4911300
PEP,2024-03-28,161.1571807861328,161.89386006439287,160.5678401737225,160.92696938986333,5710400
PEP,2024-04-01,159.28787231445312,162.2806205963838,158.9839915720153,161.67287316249735,4815400
PEP,2024-04-02,157.86978149414062,160.10742969348115,157.7961121555506,159.25104997797737,5158500
PEP,2024-04-03,156.24905395507812,157.39090740609868,155.3466293209577,156.5437312524977,5828000
PEP,2024-04-04,156.22146606445312,158.18287188519514,155.92680274945815,157.39094402784772,5422600
PEP,2024-04-05,155.7518310546875,156.51613462233564,154.76653352597734,155.99124586283452,4412200
PEP,2024-04-08,156.15699768066406,156.58979623437776,155.38349075312885,155.76102676831403,3755700
PEP,2024-04-09,157.10548400878906,157.20677759690653,155.37428961223256,156.75555814965782,3773900
PEP,2024-04-10,155.5768585205078,156.20304082379533,154.49026747646363,156.14779233694406,4581500
PEP,2024-04-11,155.0335693359375,156.4240411654918,154.4902737917066,156.19382976020862,4241500
PEP,2024-04-12,154.7941436767578,155.1716796761931,154.07588526672643,154.41659362633442,5453500
PEP,2024-04-15,153.73516845703125,155.94520630386492,152.88799220025768,155.81628848329044,5133200
PEP,2024-04-16,154.2416534423828,155.17170253314163,153.67993700810527,153.80885484297272,4569700
PEP,2024-04-17,156.0648956298828,156.26748276944517,154.89543192994012,155.70576643720187,4069200
PEP,2024-04-18,158.6340789794922,159.01161500514948,156.63584566910473,156.63584566910473,5574700
PEP,2024-04-19,160.34686279296875,160.47578062615992,158.20129067193812,158.64329266416635,6636700
PEP,2024-04-22,162.49241638183594,163.1738331148497,160.25475432759134,160.6046801424828,7288700
PEP,2024-04-23,157.66720581054688,161.0375045288451,156.67269074362326,160.87174499219583,9145000
PEP,2024-04-24,163.3672332763672,163.9934015859184,154.37977056712077,155.16249500504958,10016700
PEP,2024-04-25,162.6949920654297,166.3323433860209,161.9030783471311,164.16835062954172,7441500
PEP,2024-04-26,161.6820831298828,164.435416719489,160.54022944987105,160.63231963652947,4472100
PEP,2024-04-29,162.19773864746094,162.36349815709576,161.16639610213625,161.60839804284848,3224500
PEP,2024-04-30,161.98594665527344,162.50161792333668,161.00063515659042,162.31745162059815,4465100
PEP,2024-05-01,161.2860870361328,162.280601882794,159.91403620542354,161.57156094985885,4340500
PEP,2024-05-02,161.56236267089844,162.36350792217158,160.73360722584536,161.68207709889091,3964800
PEP,2024-05-03,162.20697021484375,162.52006844275363,161.14800324250362,161.88468263895322,3491900
PEP,2024-05-06,161.903076171875,162.76865921184847,161.2676904752758,162.76865921184847,3576200
PEP,2024-05-07,163.928955078125,164.0486554641813,162.53846908163092,162.9896885319686,3708000
PEP,2024-05-08,163.3672332763672,164.72087753194444,163.16464610539714,164.56433545455664,3400900
PEP,2024-05-09,163.9657745361328,164.30648293103366,163.07255312967263,163.22909520438355,2421400
PEP,2024-05-10,165.55880737304688,165.8995297650036,163.55137091405592,163.86445501391898,4201600
PEP,2024-05-13,166.58096313476562,166.99535489484808,165.6140864972099,166.22183391341926,4408100
PEP,2024-05-14,165.6324920654297,166.93088772182807,164.46302828080488,166.71909717003606,3508600
PEP,2024-05-15,165.25497436523438,166.12055751443555,164.83137916371874,165.0523871885517,4785100
PEP,2024-05-16,168.61602783203125,168.89228430495066,165.25494722264392,165.41148927873442,5984700
PEP,2024-05-17,167.76885986328125,168.4779149000535,167.4373548896854,168.1371924779484,4449100
PEP,2024-05-20,166.0376739501953,167.7136197478619,165.66934131714228,167.67677805396303,3221100
PEP,2024-05-21,166.74671936035156,167.20714215048363,165.5680381416925,167.1334728179439,3288100
PEP,2024-05-22,167.67677307128906,167.71361476409314,165.73378828004505,166.16658683906542,4047000
PEP,2024-05-23,165.0800018310547,167.49261291174236,164.8681972171244,166.976941601457,4009000
PEP,2024-05-24,163.90130615234375,165.2181085576217,163.79079513055973,165.1720634694607,3447400
PEP,2024-05-28,159.65621948242188,162.32666618328415,158.29335783624006,162.28062109168533,6178100
PEP,2024-05-29,157.6027069091797,159.4720222118318,157.20675007557773,158.78138806402475,5352100
PEP,2024-05-30,156.98574829101562,158.11839845487117,156.91207895955432,157.7868934887895,3903100
PEP,2024-05-31,159.2141876220703,159.27865355409202,156.10173926373142,156.44244761588098,8155600
PEP,2024-06-03,157.67640686035156,159.2142175086778,157.49224052869994,159.04847202548845,5032400
PEP,2024-06-04,160.12583923339844,160.58626202883073,157.29885057595834,157.65797979435598,4619100
PEP,2024-06-05,159.75750732421875,160.19950927551236,158.3486146880421,160.079794851854,5370700
PEP,2024-06-06,159.49044799804688,160.5954598585761,159.01160437312188,160.22712725539574,5536700
PEP,2024-06-07,158.74331665039062,160.10763422764964,158.4741720184094,159.17025183693826,3521100
PEP,2024-06-10,153.97288513183594,158.12152292457714,153.71301640689413,157.8802202976407,9429400
PEP,2024-06-11,153.20254516601562,153.56450613079573,151.75468714511405,153.01691253851308,8284500
PEP,2024-06-12,152.0517120361328,153.44387199160542,150.76164437719953,153.02622683732034,6281100
PEP,2024-06-13,151.587646484375,151.80110702835498,149.92632780764896,150.42751328177167,5432600
PEP,2024-06-14,152.0331268310547,152.57143031226585,150.84515161796168,151.40202119487847,3603300
PEP,2024-06-17,154.19561767578125,154.44621040312063,151.08645514871426,151.73614104639276,5412200
PEP,2024-06-18,154.5111541748047,155.05874773030126,153.3695872336139,154.15848336216004,3519500
PEP,2024-06-20,154.69680786132812,155.58779646635867,153.8151093862332,153.8151093862332,4942400
PEP,2024-06-21,155.253662109375,156.91498075974667,154.48333197565267,155.1887020151865,10899100
PEP,2024-06-24,155.99615478515625,157.41615671159718,155.0773241779017,155.45785127238128,4476900
PEP,2024-06-25,155.31863403320312,156.8128861184869,155.225817715148,155.99614783730365,4217300
PEP,2024-06-26,154.75250244140625,155.00308103155223,152.9983815014689,153.96360615211768,4778300
PEP,2024-06-27,154.30697631835938,155.22580682019986,153.3881599782997,154.65038534163475,4326500
PEP,2024-06-28,153.07260131835938,154.269866657977,152.7848905634722,153.4160103602603,8755900
PEP,2024-07-01,151.17926025390625,154.12135602395415,150.8915495180457,153.1746834722673,4508000
PEP,2024-07-02,151.81967163085938,152.64568589651296,150.6502624723848,151.74542140720956,4650800
PEP,2024-07-03,150.9101104736328,152.33011217191824,150.31612292769498,151.20709716571164,2879600
PEP,2024-07-05,152.57142639160156,152.69208476791533,150.78946361775354,150.9472400227432,4208200
PEP,2024-07-08,150.46463012695312,151.97744834299257,150.2790116483563,151.33705255431866,5268800
PEP,2024-07-09,150.26043701171875,150.872990701877,149.88920007562479,150.529595827901,5801200
PEP,2024-07-10,151.8289337158203,151.99600024420232,149.1095885619749,150.20474739666489,7372300
PEP,2024-07-11,152.16307067871094,153.03549312819115,146.66868143463282,147.66176227106146,10258600
PEP,2024-07-12,154.4183807373047,155.94975096355878,153.1004710638862,153.1004710638862,6677000
PEP,2024-07-15,152.0795440673828,154.3441263780759,151.8846354552929,154.07496754051286,4551800
PEP,2024-07-16,152.91481018066406,153.1746788479043,151.1328475359681,151.66187499828015,4461700
PEP,2024-07-17,157.67601013183594,157.8430766632215,153.96358419273872,154.10279450074242,7671000
PEP,2024-07-18,158.1215057373047,160.25615359882624,156.2838587644527,156.58085965312227,6228600
PEP,2024-07-19,157.1841278076172,158.2328927537858,156.35811353442963,158.03798414470458,5332800
PEP,2024-07-22,155.60633850097656,157.50895964992236,155.31862775313337,157.09130039734356,5308400
PEP,2024-07-23,154.3255615234375,156.25602491593096,154.23274520040331,155.72699736584488,3344300
PEP,2024-07-24,156.07968139648438,156.5437346851087,153.09117708480127,154.3255605319558,5867000
PEP,2024-07-25,158.72476196289062,161.017185925058,156.72004872150234,157.30476029068558,6270900
PEP,2024-07-26,160.33042907714844,160.33970504571238,158.455649616996,158.455649616996,5746300
PEP,2024-07-29,160.75732421875,161.0171928914569,158.56699243323453,159.9034538235354,4152700
PEP,2024-07-30,160.72947692871094,160.9800696490976,159.2166729631917,160.2747138070915,4994600
PEP,2024-07-31,160.25616455078125,162.13094384373085,159.87563744683624,161.4162977980897,6245600
PEP,2024-08-01,162.3815460205078,162.9384015144847,160.09839742603006,160.12623949263974,5994500
PEP,2024-08-02,165.24008178710938,167.0127686734395,161.34203716003623,165.98256984983328,6856100
PEP,2024-08-05,161.5276641845703,167.903766067836,160.71094001795035,166.61369847826327,7502300
PEP,2024-08-06,160.08909606933594,163.54165339923173,159.96843769197343,160.82229397675243,7287100
PEP,2024-08-07,159.43943786621094,161.85252086169592,159.01251673059647,159.28166143245917,5428900
PEP,2024-08-08,159.9777069091797,160.56241851415137,157.60175662364134,157.97300770686968,5112500
PEP,2024-08-09,159.9962921142578,160.35825311252626,158.1400789617463,159.7178573090246,3223000
PEP,2024-08-12,159.0959930419922,160.44174445286953,158.4370454465917,159.85704706685405,3802300
PEP,2024-08-13,159.9777069091797,160.02411506480584,157.9822836732826,159.2816270601299,3894700
PEP,2024-08-14,161.22140502929688,161.80610256204315,159.56936223901138,159.84779705363403,3555800
PEP,2024-08-15,160.116943359375,161.76897185848355,159.4765475844364,161.2213924017437,4472100
PEP,2024-08-16,160.20973205566406,160.35823248759297,158.80829640400924,160.11692990704398,4614600
PEP,2024-08-19,161.32350158691406,161.47198788509255,160.04270990286417,160.24689449486584,3521700
PEP,2024-08-20,163.20753479003906,163.37458716351028,160.0983723293649,161.0543208978673,5330100
PEP,2024-08-21,162.61355590820312,164.1078080298368,162.0659622772078,163.2910697287852,4020700
PEP,2024-08-22,163.10545349121094,163.4210063257598,162.14021472910784,163.18897968357112,5265900
PEP,2024-08-23,163.22608947753906,163.9778534944057,161.1842579616809,163.93145949773523,5283600
PEP,2024-08-26,163.31890869140625,164.12635684802535,163.09615802395393,163.6437516445515,4146700
PEP,2024-08-27,162.6970672607422,164.16347718489547,161.9731453460284,163.63444969856877,3520600
PEP,2024-08-28,161.41629028320312,163.10545101029948,160.88727691118626,162.92910849903313,3915500
PEP,2024-08-29,159.7178497314453,161.4534185767141,159.55079735330042,161.26778594084405,4654300
PEP,2024-08-30,160.45106506347656,161.0821707204808,158.9382468536251,159.6900108940257,8677300
PEP,2024-09-03,164.77603149414062,165.10087445300616,159.52295915736914,159.9870124347301,7032100
PEP,2024-09-04,165.68557739257812,166.73432811419588,163.61588968801334,165.11014172892956,6188500
PEP,2024-09-05,166.40951538085938,166.80859441920956,164.7574867740567,165.880487823847,5743100
PEP,2024-09-06,165.84371948242188,167.00334013998147,165.52576381280096,165.93724257095502,6395300
PEP,2024-09-09,166.6386260986328,167.19972183165447,164.45966937482936,165.5725285093095,4666200
PEP,2024-09-10,166.2832489013672,167.48963107844048,166.1242710698187,167.06879145829612,4315800
PEP,2024-09-11,164.3848419189453,166.22713536242185,163.12235163872484,165.9372337807938,4036000
PEP,2024-09-12,165.75955200195312,166.1710307470435,162.67347568339486,164.38484540795554,4222800
PEP,2024-09-13,165.86241149902344,166.42352143869843,164.9365843794452,165.9465737090891,3290400
PEP,2024-09-16,165.72215270996094,167.79822538450424,164.9179026841175,167.39610750639227,4940100
PEP,2024-09-17,165.4041748046875,166.5450879088995,164.87113319316288,165.52575195714874,6305100
PEP,2024-09-18,163.851806640625,166.51704339037468,163.1223579536322,165.39483769207905,5307900
PEP,2024-09-19,163.3374481201172,164.79631686483137,162.86050038230147,164.35678406743432,5504000
PEP,2024-09-20,160.08306884765625,162.50518020697146,159.18530985261117,161.38297432835412,12198400
PEP,2024-09-23,160.95274353027344,162.6641130865406,159.66219927842195,159.79312302356502,5350300
PEP,2024-09-24,158.9047393798828,160.47583887303134,158.5119680740008,159.90538225195073,7837900
PEP,2024-09-25,158.41842651367188,159.69962424619501,157.81991588834228,159.35360025760056,4505100
PEP,2024-09-26,158.68963623046875,159.91471156222158,157.74510160856846,158.25010342554106,5673600
PEP,2024-09-27,158.9795684814453,160.52259976179886,158.68030597370884,158.94216780278913,7545800
PEP,2024-09-30,159.0263214111328,160.606767554088,158.58678854523566,159.5219624267835,5054300
PEP,2024-10-01,160.2700958251953,160.79379088774982,158.764465385541,160.1859193354403,7095900
PEP,2024-10-02,158.55873107910156,160.6067641190273,157.5955031432785,160.38231725519273,5786000
PEP,2024-10-03,157.6048583984375,158.14726098027054,156.33302130611696,157.24014114319374,5090300
PEP,2024-10-04,157.08114624023438,157.57678721869985,156.00570206498736,156.31429686547952,4390100
PEP,2024-10-07,156.37042236328125,157.043734392703,155.66904199091425,156.84735587942754,5459500
PEP,2024-10-08,159.372314453125,159.58740042781145,156.0337514666216,156.84734809189345,8297800
PEP,2024-10-09,161.35488891601562,162.04692269828612,158.13790287612846,158.3997504111237,7177500
PEP,2024-10-10,161.77569580078125,161.84115053646462,160.12043443506587,160.91533775008187,5292400
PEP,2024-10-11,163.47772216796875,163.82373189175934,161.66348279636136,162.72023370798442,4720300
PEP,2024-10-14,164.6841278076172,164.84310565663097,163.131735724841,163.6180301433439,4535900
PEP,2024-10-15,164.49705505371094,165.89046906248902,163.76762067854358,164.92724125247008,5802300
PEP,2024-10-16,163.1691436767578,163.96404722688882,162.37425439624857,163.6647847191994,4400900
PEP,2024-10-17,163.3468017578125,164.0949436326108,162.43968205343273,163.07560764137807,4125900
PEP,2024-10-18,163.71151733398438,163.96401824651548,160.96210417643456,161.13044287466172,5097000
PEP,2024-10-21,163.66473388671875,165.99332139146978,163.04753012814416,163.15039979950947,6436300
PEP,2024-10-22,163.06625366210938,163.60865618751913,162.26200360989765,163.19717742551035,3790500
PEP,2024-10-23,161.73831176757812,162.57061590921387,161.2894323226652,162.43969214321342,3800700
PEP,2024-10-24,160.99951171875,162.29004175429048,160.56932552715745,161.71023861179575,4244900
PEP,2024-10-25,160.6535186767578,162.72025928306692,160.47584762149384,161.28944435163035,4442600
PEP,2024-10-28,158.8299102783203,161.7663553565435,158.7270405924429,161.7663553565435,5186400
PEP,2024-10-29,156.64161682128906,158.2314094813721,156.14597583202118,158.2314094813721,5127900
PEP,2024-10-30,155.43524169921875,156.7725333676489,155.3136645404089,156.17402271366274,4801500
PEP,2024-10-31,155.31365966796875,156.6416046939151,155.0611587574464,155.33236713864943,5582400
PEP,2024-11-01,154.8554229736328,155.47264109381166,154.5000666401882,155.32300986414052,6339000
PEP,2024-11-04,155.5568084716797,155.84671007027598,154.48136429567023,154.85542811264224,4885500
PEP,2024-11-05,156.9689178466797,157.07178752878568,154.9302316748386,155.19207918026865,3678300
PEP,2024-11-06,154.032470703125,156.55743690964772,152.99442729637894,156.52002196961763,7849300
PEP,2024-11-07,153.36849975585938,154.21015044911084,152.8728587945594,153.83608664535896,5333500
PEP,2024-11-08,154.4065399169922,155.0705195645048,153.04117995023995,153.2188652475864,4618300
PEP,2024-11-11,153.6116485595703,155.37912653186743,153.34980102809075,153.75193319619024,3762000
PEP,2024-11-12,153.6864471435547,154.30366522917987,152.57358812330827,153.45265371138925,5386600
PEP,2024-11-13,154.06053161621094,154.11663975912958,151.84416008358988,152.8915644066751,4145000
PEP,2024-11-14,154.44393920898438,156.07114667214645,153.20951727835237,154.0605288161358,5422700
PEP,2024-11-15,148.33726501464844,153.72387528694884,147.80422336373033,153.72387528694884,9108900
PEP,2024-11-18,148.0660858154297,149.48755414387807,147.53302984115354,149.0760753433045,6991300
PEP,2024-11-19,146.5604248046875,147.63586886210678,145.74682824419847,147.52365258331335,8248900
PEP,2024-11-20,148.449462890625,148.79547255748875,146.07411394780613,146.30790734857715,5067300
PEP,2024-11-21,149.9457550048828,150.09538622894732,147.7106903227879,148.12216905415585,5977000
PEP,2024-11-22,151.49813842773438,151.55424656623538,149.5249213626131,150.46944165648893,5846300
PEP,2024-11-25,152.48007202148438,152.98505953218387,151.49813679941641,152.15275552425572,8580400
PEP,2024-11-26,151.6477813720703,153.0692352227594,151.40462706026935,152.6858248234765,4653600
PEP,2024-11-27,152.1714630126953,154.4252350160013,151.1988743902812,151.4420286806937,3622900
PEP,2024-11-29,152.85414123535156,152.98506498498588,150.5162069421537,150.9650863309545,2799300
PEP,2024-12-02,152.48007202148438,153.0411676700818,151.27368997820668,152.7325729116431,4967400
PEP,2024-12-03,151.21762084960938,152.48011135646715,150.95577329212537,152.2837185535433,4277400
PEP,2024-12-04,149.79612731933594,150.59103073003942,149.07605379205128,150.18891285918846,6964600
PEP,2024-12-05,150.08604431152344,150.57232440047756,148.53365242005918,150.4975087861109,5229600
PEP,2024-12-06,148.81752014160156,151.65637056293357,148.7232151147797,150.28882534947385,8359200
PEP,2024-12-09,150.4019775390625,152.31654346664146,148.20446778564335,148.93068691403835,8380400
PEP,2024-12-10,150.75096130371094,151.29798229715848,148.40256021469077,149.95872995780348,5329400
PEP,2024-12-11,147.85552978515625,151.38285148206563,147.3745209056704,151.09992201310047,7925900
PEP,2024-12-12,149.86439514160156,150.33596342636574,148.98728503967877,150.04359339239147,6849500
PEP,2024-12-13,148.98728942871094,150.49631374085953,148.12903167128738,148.57230702331395,4353900
PEP,2024-12-16,147.14816284179688,149.78894795739063,147.01612430557324,148.87410438815508,6696500
PEP,2024-12-17,147.26133728027344,149.48714006765115,146.41252015936624,146.88408842456388,6572600
PEP,2024-12-18,145.64857482910156,146.96897467294127,145.3467786075327,146.21446253233603,7620900
PEP,2024-12-19,142.85690307617188,145.31849019716532,142.80031718230669,144.38477977502208,9829500
PEP,2024-12-20,144.10183715820312,144.76204430198817,141.95148682603278,142.2815903979253,19205200
PEP,2024-12-23,142.68711853027344,143.74344122419976,141.19697548501117,143.74344122419976,6822200
PEP,2024-12-24,144.12069702148438,144.1395637824067,141.8571750089537,141.94205384642115,3399800
PEP,2024-12-26,143.77174377441406,144.46965563920182,143.5831193350423,143.85662261346303,5528500
PEP,2024-12-27,144.19615173339844,144.7431726789821,142.6588344965189,142.68712744274544,4287000
PEP,2024-12-30,143.09268188476562,144.38477438351418,142.49850123912353,143.97923256520878,5397000
PEP,2024-12-31,143.413330078125,144.44134538195019,142.357021831341,143.1681197754417,4274800
PEP,2025-01-02,141.66854858398438,144.92236682798242,141.36673797795282,144.18672146468273,4970200
PEP,2025-01-03,141.140380859375,142.37590184512237,141.05550202259658,142.37590184512237,5218100
PEP,2025-01-06,137.95260620117188,141.42334227553206,137.7922746925206,141.09325307223483,9470600
PEP,2025-01-07,137.1320343017578,139.5559018900291,137.07544841724288,138.13177102896242,7473300
PEP,2025-01-08,138.20724487304688,138.3298572484854,136.33983824754463,137.13206961701542,6791800
PEP,2025-01-10,134.52899169921875,137.29238916693538,133.46324283389038,136.7547944465453,9632700
PEP,2025-01-13,136.28323364257812,136.8868404685336,134.05743077353196,134.67046378433358,8101400
PEP,2025-01-14,136.70765686035156,136.88685512947376,135.3966974702385,135.99087817498616,6996400
PEP,2025-01-15,136.54730224609375,137.88655435825498,135.97198840154158,137.21693549773488,7141600
PEP,2025-01-16,138.20724487304688,138.44302904666012,135.51931392853018,135.8588437141782,5068000
PEP,2025-01-17,139.82000732421875,140.16896327696804,138.80141802284786,139.3201460547205,7338900
PEP,2025-01-21,140.10293579101562,141.26298970483876,139.36729044165253,139.89544460108024,7456200
PEP,2025-01-22,139.66909790039062,140.95176427279287,139.38615403758726,139.8011364508825,5905100
PEP,2025-01-23,140.16896057128906,140.47077119896116,138.27326113626322,140.04636259602972,4759100
PEP,2025-01-24,140.64053344726562,140.8197317143703,139.70683736874398,140.3576039635459,4509600
PEP,2025-01-27,145.818359375,146.6294574771144,142.31931603918278,142.338182801871,9820600
PEP,2025-01-28,141.70628356933594,145.81835999431402,141.58367119802662,145.3845107973818,6349700
PEP,2025-01-29,141.81942749023438,143.35674455343306,141.68738895905366,142.5362204233187,4874100
PEP,2025-01-30,143.26243591308594,144.37534452332932,142.06466285849663,142.67769585836922,4671300
PEP,2025-01-31,142.12127685546875,143.06441359017504,141.72516115382706,142.18728894351347,4905500
PEP,2025-02-03,141.7251434326172,142.53624149869043,140.36702440187844,141.2441345477423,7196200
PEP,2025-02-04,135.33067321777344,139.34842987289872,134.86853111217948,137.7922602703609,12804900
PEP,2025-02-05,137.3772735595703,137.49987152531523,134.58558303474797,135.23634955792977,9248100
PEP,2025-02-06,137.08489990234375,138.54675000572558,135.77394070597077,137.94314320432628,5604900
PEP,2025-02-07,136.35867309570312,136.89625340233428,135.7173328101987,136.7642148716599,5872300
PEP,2025-02-10,136.1417694091797,136.302100898878,134.8779554702321,136.1417694091797,8715400
PEP,2025-02-11,137.35841369628906,137.4338663511402,135.2457825338238,136.1606261861008,6354000
PEP,2025-02-12,135.80226135253906,136.54733302847043,134.8968437701849,135.84940667559067,6658200
PEP,2025-02-13,136.35867309570312,136.69820280188299,135.4344033809826,136.02856957345696,7175300
PEP,2025-02-14,135.23634338378906,137.8582617262383,135.17975749585608,136.44355696342953,5001800
PEP,2025-02-18,135.90597534179688,135.95312065387773,133.54813409291853,134.77420002943853,8738700
PEP,2025-02-19,137.51873779296875,137.6319095735959,135.95312766905903,136.028580319851,5777300
PEP,2025-02-20,140.62167358398438,140.70655242457826,136.75480774642944,136.85855334864058,6789800
PEP,2025-02-21,144.77145385742188,145.76175006822126,140.43302016778688,141.46104989790263,10604400
PEP,2025-02-24,145.10157775878906,147.43112640988898,143.46994101067384,143.6774322226755,7187000
PEP,2025-02-25,147.52542114257812,149.4494278121026,145.24303236098305,145.98810392216973,9474600
PEP,2025-02-26,142.89463806152344,146.76150433736817,142.54568208322556,146.72378520098087,9076500
PEP,2025-02-27,143.37562561035156,144.00752538623996,141.40445923891946,142.31930286444558,6731000
PEP,2025-02-28,144.74317932128906,146.28049662871655,143.68687090403097,144.9600967160211,8455500
PEP,2025-03-03,147.11988830566406,147.27077922942723,141.94206301872813,142.74373491182791,8321700
PEP,2025-03-04,145.42222595214844,151.04331169266268,145.2053085766466,148.39310030787402,10274200
PEP,2025-03-05,145.1298370361328,146.50680815145736,144.04522151755393,144.23384592348773,5578700
PEP,2025-03-06,145.818359375,146.1578891477717,143.8566333979995,145.40337694259867,8421000
PEP,2025-03-07,146.94583129882812,149.9429723528808,145.35686946689412,145.81357349491867,8997700
PEP,2025-03-10,148.6680145263672,152.31216664064078,147.83071162267925,148.3159733138442,11156900
PEP,2025-03-11,144.93824768066406,148.47773728755465,144.44347641347446,148.2303443947787,7981600
PEP,2025-03-12,140.98008728027344,142.27409421229737,139.40063486708712,140.38065322166844,8330200
PEP,2025-03-13,141.14181518554688,143.17797135251175,140.8754033146063,141.17035827755066,5351100
PEP,2025-03-14,141.37969970703125,141.9220475522092,139.94297734888355,139.99055401364015,5277500
PEP,2025-03-17,143.9962615966797,144.31025017300976,141.8935094135664,141.98864822804325,5449500
PEP,2025-03-18,141.7602996826172,143.9582051400231,141.53194040090702,142.72128443788944,8158600
PEP,2025-03-19,140.92300415039062,141.6556441803458,139.66704981332458,140.9705808180117,6080100
PEP,2025-03-20,140.00958251953125,140.88495255875847,139.52433535030892,140.39969087117547,4536400
PEP,2025-03-21,138.39207458496094,140.5328939342179,137.72604480219752,139.86686415145448,11574800
PEP,2025-03-24,139.3435516357422,139.60045402608384,137.8021663304134,138.43014349864387,5968900
PEP,2025-03-25,138.47769165039062,139.20082208072253,137.80215240120688,139.05809209235534,4763300
PEP,2025-03-26,141.42727661132812,142.08379683834616,138.6775137967109,138.9153826025372,5882200
PEP,2025-03-27,142.40731811523438,143.11141512172384,141.85546065366623,142.33119834277372,5397500
PEP,2025-03-28,142.02671813964844,144.03433154745602,139.97152806449404,143.1399424674336,8550900
PEP,2025-03-31,142.66419982910156,145.185603408121,142.4834172105379,142.91157816492762,9985700
PEP,2025-04-01,142.40731811523438,143.4729658929593,141.4558427370194,143.18753489418447,6072800
PEP,2025-04-02,141.8839874267578,143.197027943477,140.88495000928236,142.94012555577967,5866200
PEP,2025-04-03,144.02479553222656,146.57475660279678,143.53954840968592,144.32927456325078,8216200
PEP,2025-04-04,139.49578857421875,147.40254566895968,139.33403952207718,145.5662053843286,12911400
PEP,2025-04-07,136.2417449951172,139.01054149004145,133.84402327138358,134.46249090227488,14423200
PEP,2025-04-08,133.4919891357422,138.3445045144159,132.39778381626596,136.9648682161173,9488900
PEP,2025-04-09,138.52528381347656,138.86781549818267,131.61757844332408,133.44440925563643,14067000
PEP,2025-04-10,137.14564514160156,140.0000709579399,135.98484414815513,138.3635323284371,10980300
PEP,2025-04-11,137.4215545654297,138.23982380862648,135.22364920198552,138.10661786291348,8563300
PEP,2025-04-14,139.62899780273438,140.03812520567715,136.53670313248642,137.1646803037741,5393800
PEP,2025-04-15,135.90870666503906,138.8963380492253,135.70890501422645,138.76313210923072,5459600
PEP,2025-04-16,133.29217529296875,137.39303163610623,132.9877107373788,137.11711017890406,7878600
PEP,2025-04-17,135.90870666503906,136.60329397634388,133.27313095812028,133.53001879487937,6131400
PEP,2025-04-21,134.85260009765625,135.89922881178913,133.7488997026348,135.58524019754927,7412800
PEP,2025-04-22,136.49864196777344,137.27884410159004,135.06190508836573,135.3758936543616,7144700
PEP,2025-04-23,135.35687255859375,137.02195435336463,134.01530340361847,136.31787191475544,7760000
PEP,2025-04-24,128.74412536621094,134.96678219272448,128.00197576574402,134.58618334738154,15577300
PEP,2025-04-25,126.90778350830078,129.02956941814244,125.40445075243247,128.89636345336228,11544700
PEP,2025-04-28,127.26932525634766,128.83926814272922,126.64136262015528,127.40253121170485,8498600
PEP,2025-04-29,127.79264068603516,127.9353706869877,125.13803108129834,126.0514392066089,7010700
PEP,2025-04-30,129.0010223388672,129.57189880529572,126.64136767056873,129.04859900732643,7923500
PEP,2025-05-01,127.06951904296875,128.26837259835486,126.77456404652644,127.94487450666715,6807000
PEP,2025-05-02,127.25981140136719,127.87826449055329,126.68892045876481,127.6403956841956,7169700
PEP,2025-05-05,125.58524322509766,127.53575617966978,125.3093072289191,127.53575617966978,8972200
PEP,2025-05-06,124.3958740234375,125.49957423167734,123.84401666013784,125.49957423167734,6889900
PEP,2025-05-07,125.51860809326172,126.23221450151368,123.94867980245122,124.59567597712042,6313200
PEP,2025-05-08,125.0523910522461,126.52718066315893,124.89064199430041,125.49007607602208,6392400
PEP,2025-05-09,124.11043548583984,125.26171242246323,123.8630426259939,124.78597479151068,4770500
PEP,2025-05-12,125.29025268554688,125.90872030281541,123.74886744199269,124.49101696802693,8392700
PEP,2025-05-13,123.98674011230469,125.25220396362369,123.45391628403573,124.80500942524928,8650200
PEP,2025-05-14,122.21700286865234,123.853541592818,121.66515269588307,123.75840277111988,10463000
PEP,2025-05-15,125.1189956665039,125.16657233278679,122.5595249151032,122.92109015682082,9165100
PEP,2025-05-16,125.57569122314453,125.84210311426497,124.31022748114283,125.68035407453894,8896400
PEP,2025-05-19,125.39492797851562,125.84212254731665,124.74793171969966,125.71844062628503,9406200
PEP,2025-05-20,125.4044418334961,125.75648303287146,124.97628087132276,125.35686516695233,7624200
PEP,2025-05-21,123.8344955444336,125.49957719918281,123.74886625802428,125.40443838707019,9243700
PEP,2025-05-22,123.80596160888672,124.35781902606514,122.56905533138986,123.71082278973516,7140200
PEP,2025-05-23,123.06380462646484,123.4634224869102,121.5509624722731,123.27313034170194,8122500
PEP,2025-05-27,124.99530029296875,125.08094410034495,122.86400500176273,123.76790359532673,13974800
PEP,2025-05-28,124.32926940917969,125.77551585704114,124.13897726249375,124.91917941941416,9431500
PEP,2025-05-29,125.51860809326172,125.66133808592784,123.92964623309051,124.51004669253648,6656900
PEP,2025-05-30,125.07142639160156,126.27980409846953,124.9191868578435,125.7374562038418,12992100
PEP,2025-06-02,124.5576171875,124.67178956129037,122.80690637037306,124.54809314411158,6723700
PEP,2025-06-03,125.4520263671875,125.79455806207852,123.51100859001804,124.29122531885469,7339500
PEP,2025-06-04,125.34735107421875,126.29882629698791,124.73840751238087,125.82308868560334,6519700
PEP,2025-06-05,124.74793243408203,125.03337793981372,123.89161043524852,124.83356173029308,9560800
PEP,2025-06-06,125.0778579711914,125.69348323852658,124.41413399844515,125.28948053286888,7628200
PEP,2025-06-09,125.01053619384766,125.67424551371377,124.26022865227804,124.88548249064193,8453100
PEP,2025-06-10,126.8093032836914,127.0882522790694,124.52956858429083,125.24137655481704,11852900
PEP,2025-06-11,124.95279693603516,126.94396873736201,124.84698566140914,126.9151124513425,9168400
PEP,2025-06-12,127.26141357421875,127.29026986273544,124.77005614784693,124.94319387894711,11444900
PEP,2025-06-13,125.86663055419922,127.992455277388,125.61652316723803,126.74196237557273,9581000
PEP,2025-06-16,126.40530395507812,127.05939936999317,125.27023617118023,126.30910654574876,11183700
PEP,2025-06-17,124.36603546142578,126.67464122530664,124.21214015263173,126.16482723811993,10235200
PEP,2025-06-18,124.15442657470703,124.74118087272127,123.69269661906036,124.69309684529745,8785800
PEP,2025-06-20,124.15442657470703,125.45300354609519,123.99088804187548,124.59689943512171,23001000
PEP,2025-06-23,124.17365264892578,124.56804147662623,122.9520233477005,124.36603278903259,12840400
PEP,2025-06-24,126.05901336669922,126.21292334999468,124.13518260849753,124.22175146997728,9226800
PEP,2025-06-25,123.1444091796875,125.61652403620843,122.76925543548232,125.29909020432888,10922600
PEP,2025-06-26,123.3367919921875,124.2409948036374,122.74040181076684,122.8462130903549,11538100
PEP,2025-06-27,126.04939270019531,126.33797026750108,123.23098750849319,123.40412524227779,26536500
PEP,2025-06-30,127.01129913330078,127.3191190973106,125.61652478083265,126.2032937442706,11402400
PEP,2025-07-01,130.10867309570312,131.19564220604838,127.42493555949973,127.5403607118676,12846700
PEP,2025-07-02,131.28219604492188,131.78239611070808,129.74314037139442,130.09904433557128,9388700
PEP,2025-07-03,130.22410583496094,131.61888016822908,130.08943827197638,131.49382647486357,4941400
PEP,2025-07-07,129.32952880859375,130.55116553503788,128.58884980525906,130.3683992518299,7773700
PEP,2025-07-08,129.89706420898438,130.50307567805538,128.20409819277972,128.3291519061222,7718300
PEP,2025-07-09,129.35838317871094,130.22411587406353,127.89628229006752,129.7623858988096,7762600
PEP,2025-07-10,130.89744567871094,131.47458609573434,128.54075595112192,129.31027650715313,8869700
PEP,2025-07-11,130.10867309570312,130.23372679587789,128.71389868648876,129.70467038475124,7963600
PEP,2025-07-14,130.40687561035156,130.70506703086517,128.761993846092,129.61809795045784,8480300
PEP,2025-07-15,128.71389770507812,130.34915095436673,128.65618512933423,130.27219596082014,8933500
PEP,2025-07-16,130.1952667236328,130.34916204615718,128.6561960770653,128.84857623846986,10941600
PEP,2025-07-17,139.90097045898438,140.4011705493234,136.2456892037314,136.30340177614295,26161000
PEP,2025-07-18,137.78477478027344,140.77633242639664,137.49619720882245,140.68974888059583,13752800
PEP,2025-07-21,136.30340576171875,138.12142523415918,135.1106400899007,137.6500960939074,9025600
PEP,2025-07-22,140.47811889648438,140.82440902842578,135.8513081597566,135.8513081597566,8281500
PEP,2025-07-23,140.11260986328125,141.430429350739,139.56431100409173,140.3049900203483,6166000
PEP,2025-07-24,139.00640869140625,140.89176959834916,138.49659463202366,140.26653037160935,9749400
PEP,2025-07-25,137.9867706298828,139.30460479880682,137.2653340305516,139.29497625044334,7021600
PEP,2025-07-28,136.17837524414062,137.6501046861898,136.07256395913282,137.26532970540472,10639100
PEP,2025-07-29,138.41001892089844,138.50621634072272,135.75513745913494,136.178382622097,6282900
PEP,2025-07-30,137.4192352294922,138.90057849377038,136.87093640382582,138.29458176994325,9738400
PEP,2025-07-31,132.6673583984375,136.17835810253462,132.39802328462318,135.6108169120246,11689700
PEP,2025-08-01,133.97557067871094,134.48538464724663,133.02326918471186,133.80243295852765,7630500
PEP,2025-08-04,134.24490356445312,134.97596862234363,133.4657544813127,133.98518231085185,8384700
PEP,2025-08-05,134.13909912109375,135.0048317846371,133.95633284731247,134.28339523718304,5535100
PEP,2025-08-06,135.43768310546875,136.18797589810617,134.05252266439555,134.57195049096634,6747400
PEP,2025-08-07,138.43885803222656,138.81400443872397,135.1298668171397,135.86093189068814,7674600
PEP,2025-08-08,139.6797332763672,139.8336285760701,138.32342912144608,138.4388542656391,5315100
PEP,2025-08-11,139.35267639160156,140.05488518685837,138.2753358629479,139.78555005469494,5773400
PEP,2025-08-12,141.2764892578125,141.41115680683765,139.20837732399866,140.00676874952708,7668700
PEP,2025-08-13,143.6620635986328,143.8448151861564,141.25727522020014,141.29574537608315,6147000
PEP,2025-08-14,142.95986938476562,143.8063596770418,142.41158521102489,143.36387211217064,6892500
PEP,2025-08-15,144.6720733642578,145.34542590070274,142.83482606622786,143.7005440735649,9162200
PEP,2025-08-18,143.8544464111328,144.8163617804113,143.24843503163495,144.8163617804113,9901000
PEP,2025-08-19,146.36505126953125,146.51896125667844,144.15264290669919,144.2873104760369,8596900
PEP,2025-08-20,144.989501953125,148.72173834588367,143.02720102478978,147.37506267718928,10023500
PEP,2025-08-21,143.30615234375,144.59513013622737,142.94063447214972,144.59513013622737,8153600
PEP,2025-08-22,143.94100952148438,145.42235267282362,143.41195315398352,143.95062339083418,5218000
PEP,2025-08-25,142.5558624267578,143.15225996846453,141.9594795627156,142.77709886379535,6624300
PEP,2025-08-26,141.4015655517578,142.6039598166537,140.25688386315062,141.88252325771617,11208100
PEP,2025-08-27,142.01719665527344,142.1614781019151,140.73784734361251,141.40157135349406,8092900
PEP,2025-08-28,141.38232421875,142.40195221478012,140.6608876542761,142.32501189758096,9265100
PEP,2025-08-29,142.98870849609375,143.5370072816296,141.27650037616928,141.49775147085734,7760700
PEP,2025-09-02,144.556640625,151.79024831692632,144.48931418148717,151.4439581966303,17348600
PEP,2025-09-03,142.97909545898438,144.7297884219423,141.50736616393937,144.23920220515177,11259200
PEP,2025-09-04,141.29576110839844,143.7775047525857,140.87251595824267,143.34464573180463,6342200
PEP,2025-09-05,142.19229125976562,143.63957110091587,141.11411972657558,141.81347503573917,7186300
PEP,2025-09-08,137.646484375,141.54149263185175,136.32548166599068,141.54149263185175,11127600
PEP,2025-09-09,138.9966278076172,139.5114289251736,137.05397760665116,137.13167057199436,5866400
PEP,2025-09-10,138.5692596435547,139.00635302894017,137.36481103335657,138.1515820912998,6015100
PEP,2025-09-11,140.09422302246094,140.5993162532504,138.41383465345896,138.79265087123966,6144400
PEP,2025-09-12,139.41429138183594,140.113646644374,138.8023518218039,139.93881523936196,5713700
PEP,2025-09-15,136.607177734375,139.41430701471683,136.50033136780505,139.2880299938851,7279600
PEP,2025-09-16,136.01466369628906,137.25795874031834,135.8981094175507,136.6557418718421,9283500
PEP,2025-09-17,137.1802520751953,137.9670231056395,136.13121909418768,136.15064974788584,6092900
PEP,2025-09-18,136.69459533691406,137.56879693582414,136.36434831612988,136.6071796233971,6106600
PEP,2025-09-19,137.69505310058594,138.00588427445956,136.43234221515124,137.40366740163708,12365500
PEP,2025-09-22,136.98597717285156,137.46193180578175,135.9272363747718,137.0345463919252,5797600
PEP,2025-09-23,137.83103942871094,138.1515785220447,135.9466809977052,136.9956991670295,6356500
PEP,2025-09-24,138.09329223632812,138.25841573021683,136.966551526122,137.74361459596227,5949100
PEP,2025-09-25,135.90782165527344,139.30745989153974,135.84954451405116,138.89950508173737,7101700
PEP,2025-09-26,136.4129180908203,136.94714993320756,135.83983976046258,135.92725547433136,6224700
PEP,2025-09-29,136.15065002441406,136.63631261913105,135.13075561125913,136.41291197551016,11930200
PEP,2025-09-30,136.4129180908203,136.98599642117804,135.8204091058539,136.15065612796715,7583400
PEP,2025-10-01,139.03549194335938,139.25889259488667,136.4517632909247,136.77230239333173,5880800
PEP,2025-10-02,138.22927856445312,139.14232656918597,137.31623055972028,137.821323783428,4497300
PEP,2025-10-03,137.9087371826172,139.24917059874247,137.79218291034377,138.18070703208534,5425700
PEP,2025-10-06,135.69410705566406,137.7824648141429,134.8976282185712,137.7047570312873,6750700
PEP,2025-10-07,136.7528533935547,137.77274770598638,135.6844046834434,136.34489863283096,6110300
PEP,2025-10-08,134.8587646484375,136.93739963582289,134.7130718213111,136.7528455073002,8256700
PEP,2025-10-09,140.5604705810547,140.58960915018739,134.6159505168056,136.43233864647,13706600
PEP,2025-10-10,145.7764892578125,146.49527524867617,140.8421554137335,141.4540950386748,17545200
PEP,2025-10-13,144.62060546875,145.6793463579344,143.1150484753821,144.38748208988306,7272000
PEP,2025-10-14,147.19461059570312,147.27231838830414,144.2417885830944,144.42634273786607,8371100
PEP,2025-10-15,146.8255157470703,148.02024155209412,144.8925733297994,146.99063924685038,6101100
PEP,2025-10-16,148.29220581054688,149.95317830410517,147.9230975183683,148.01052804421,8532900
PEP,2025-10-17,149.30238342285156,149.49664547311247,147.38887184423052,149.3606605558054,6710100
PEP,2025-10-20,149.23439025878906,149.9920226637187,148.34077293044243,149.9920226637187,4810600
PEP,2025-10-21,148.78758239746094,150.73995547437852,148.4573353968242,150.26400080552258,5614300
PEP,2025-10-22,148.6418914794922,150.73023469318915,148.33107512816687,148.7584457585834,6486000
PEP,2025-10-23,147.1654815673828,149.0012856755212,146.69924960279525,148.77788502058814,6091800
PEP,2025-10-24,147.20431518554688,148.04936324137975,146.93234535559506,147.6802549773405,3580200
PEP,2025-10-27,148.2533721923828,148.48648075820282,146.63126086315015,146.67981526686495,4744600
PEP,2025-10-28,145.81532287597656,148.81672877336308,145.6210608154204,147.06834058586733,5626500
PEP,2025-10-29,141.96888732910156,144.3972002015017,139.5502823725426,143.80469126778624,7767600
PEP,2025-10-30,143.31903076171875,143.84353982837897,142.05630508559761,142.1437207931667,5752700
PEP,2025-10-31,141.90089416503906,142.78480364949218,141.13355378242076,142.00774052932732,6313600
PEP,2025-11-03,139.48228454589844,141.7260430631219,139.14231484639734,141.67747384587258,8331500
PEP,2025-11-04,138.80235290527344,140.77414170160714,137.9864433663585,140.55074107526625,8302900
PEP,2025-11-05,138.7635040283203,139.17145879074042,137.52020908916057,138.80235051087448,7136400
PEP,2025-11-06,137.52020263671875,139.10346721423093,137.24823280786617,138.32640420840465,6449400
PEP,2025-11-07,138.85092163085938,139.91938518128546,137.58819602251356,138.83149097869392,7592300
PEP,2025-11-10,138.5303955078125,138.9189344811959,137.20939264080172,138.40413331005348,6617500
PEP,2025-11-11,140.9198455810547,141.5803395268635,138.5886564765212,139.17145745796574,7683600
PEP,2025-11-12,140.2496337890625,141.32780526745785,139.92909472021574,140.4147572812723,5790100
PEP,2025-11-13,140.861572265625,142.19228292979443,139.53084678021054,139.96795493876533,6663300
PEP,2025-11-14,141.66778564453125,142.62938810215525,139.8028282271017,141.70663213098982,5770500
PEP,2025-11-17,143.5909881591797,143.86295799550933,141.0558291109863,141.93001575329666,7320200
PEP,2025-11-18,144.50405883789062,145.53366121186465,143.2219024181327,144.0475347933932,10821500
PEP,2025-11-19,142.8916473388672,144.53318925890883,142.48369254319792,144.04752667055314,8123200
PEP,2025-11-20,141.9105987548828,142.86249317420103,140.74499681307103,142.39626129022295,6878900
PEP,2025-11-21,142.13401794433594,144.66917730293923,141.79404819667508,142.08544872020633,7911800
PEP,2025-11-24,141.3278045654297,142.14371410685294,140.6090186429882,141.64834363268417,9391400
PEP,2025-11-25,141.92030334472656,142.9013363074799,141.3957943401961,141.74545712905373,8954000
PEP,2025-11-26,143.7366943359375,144.21264900432072,142.03687529045635,142.12430581979936,5180600
PEP,2025-11-28,144.4748992919922,144.55260707777907,143.00818891978756,143.00818891978756,2969300
PEP,2025-12-01,145.22280883789062,145.52393206556903,144.25148374810706,144.36805283732747,7623300
PEP,2025-12-02,144.3486328125,145.22281952916478,142.3282746984625,145.17426512809675,6830300
PEP,2025-12-03,143.81439208984375,146.37868976376203,143.6686992531844,144.42633164630266,5109200
PEP,2025-12-04,142.6973876953125,143.99895989714884,141.93975523028857,143.51329730053115,6803000
PEP,2025-12-05,142.2393341064453,143.00437688469944,141.73910346713302,142.8278204925271,5971300
PEP,2025-12-08,142.837646484375,143.74980716968977,141.4350580000007,142.2295243946199,6327400
PEP,2025-12-09,141.86660766601562,144.7306164904577,141.15060920145766,143.54382595007357,10035200
PEP,2025-12-10,146.82958984375,146.9080576879716,144.18136370766769,144.93660361286598,18526400
PEP,2025-12-11,146.1822509765625,147.99678444888423,145.28971099298545,147.27096806671315,7854000
PEP,2025-12-12,147.76138305664062,147.78100376082665,145.88801737771018,146.87864592902784,8143100
PEP,2025-12-15,148.32044982910156,148.7912419310057,147.39847136180646,148.04581985580657,8409600
PEP,2025-12-16,147.4867401123047,149.42878556846435,147.11403656276983,149.07568775518178,7520300
PEP,2025-12-17,147.2023162841797,148.34007763730688,146.61381490395203,147.4965669742935,8067100
PEP,2025-12-18,146.5059356689453,147.48676140676505,146.38824136959514,146.92769851863858,6643200
PEP,2025-12-19,145.3191375732422,147.0159618234947,145.06411331590337,146.2901454263022,17543500
PEP,2025-12-22,144.2304229736328,146.12340940129013,143.60269512081956,144.70121512168961,8818700
PEP,2025-12-23,140.92503356933594,144.36774145675622,140.80733927103537,144.36774145675622,7254800
PEP,2025-12-24,140.98388671875,141.22909313542405,140.2090260609813,141.03291602911526,2618700
PEP,2025-12-26,141.0231170654297,141.18005276833773,140.34634494207452,140.80733421548422,4975500
PEP,2025-12-29,141.47430419921875,142.26877062074524,140.84657635056217,140.98389134976165,7201900
PEP,2025-12-30,141.3958282470703,142.4845453091431,141.16042470498024,141.20946898035876,4713800
PEP,2025-12-31,140.76809692382812,141.26831260130686,140.41499910260453,141.07215047089625,4380300
PEP,2026-01-02,139.50282287597656,140.66020488282095,139.37532572319176,140.47384562158416,7182100
PEP,2026-01-05,137.2371368408203,139.0908969055758,136.72710326140756,138.94377902988614,9031400
PEP,2026-01-06,136.29554748535156,137.37444678851287,135.91302605643037,137.00172822887228,9576500
PEP,2026-01-07,134.38291931152344,137.1488548775561,134.33389000111978,136.55055062175404,8539800
PEP,2026-01-08,136.69766235351562,136.80555377074552,133.40208766001547,133.95136258077488,8762800
PEP,2026-01-09,137.22731018066406,138.09042651209717,136.040504646404,136.76632096180535,6767600
PEP,2026-01-12,138.64952087402344,138.7966387418205,135.90320593418326,137.2273266092064,12223400
PEP,2026-01-13,140.72886657714844,140.89560514941113,138.33564948591967,138.3945115992586,9030200
PEP,2026-01-14,143.12208557128906,143.4948041296626,140.39539129928158,140.39539129928158,8329500
PEP,2026-01-15,143.75961303710938,144.20098155668705,142.73954604862564,143.2593824108721,5797800
PEP,2026-01-16,143.51441955566406,144.72083094206164,142.71993818947772,144.3383095285106,10313500
PEP,2026-01-20,144.82872009277344,144.82872009277344,141.55276599054977,143.416328752214,9982800
PEP,2026-01-21,143.92636108398438,145.1719988822121,142.16087192300952,144.2304146405,7679600
PEP,2026-01-22,141.6312255859375,144.30889053192016,141.4056398646927,143.8675069924156,8167400
PEP,2026-01-23,141.80776977539062,142.06277904846658,140.31691064413522,141.1015741324913,5870100
PEP,2026-01-26,143.0730438232422,143.12208810277133,141.3762195082666,142.02356807914035,6589600
PEP,2026-01-27,145.92724609375,145.96648750273351,142.54340043022336,142.95534542727583,7114900
PEP,2026-01-28,145.65260314941406,147.16306800434919,144.92678680985708,145.56433243636567,5954100
PEP,2026-01-29,145.83895874023438,147.9673484653735,145.5937523437961,145.98607659161308,9062300
PEP,2026-01-30,150.6842498779297,150.9392591599045,145.74088020512906,146.1528251834938,12641300
PEP,2026-02-02,152.22413635253906,153.61690696555638,150.25268220374494,151.1059957214569,14660500
PEP,2026-02-03,159.7274627685547,160.30614630900297,152.51838826903216,153.59730246835244,19096400
PEP,2026-02-04,162.99359130859375,164.71985394598056,161.0221372369901,161.72833286751907,13322900
PEP,2026-02-05,164.31771850585938,164.78851062319046,162.0814372407723,163.3172721610957,11038800
PEP,2026-02-06,167.22096252441406,167.4759717934818,164.0528850495155,164.23924430876966,10960400
PEP,2026-02-09,163.27804565429688,166.67169399107277,161.7773836208663,166.24994614922502,10316200
PEP,2026-02-10,163.76846313476562,164.2000288236788,160.60040041473408,162.57185462140163,10352500
PEP,2026-02-11,165.9066619873047,167.0051969537507,162.8366877081781,164.43542343004376,6733400
PEP,2026-02-12,163.99403381347656,168.19196609424642,163.88614240113952,166.504944901091,9516300
PEP,2026-02-13,162.75820922851562,164.66101336625644,161.83623073157221,163.99404414808419,9286100
PEP,2026-02-17,158.81529235839844,164.32752789250236,157.7265752546158,162.93475722242036,8749800
PEP,2026-02-18,161.23793029785156,161.37524529215588,157.55003118924134,158.6877775851006,7239800
PEP,2026-02-19,161.43408203125,161.88526839271577,160.00208503527128,161.23791990434742,6155800
PEP,2026-02-20,161.7773895263672,161.8068130993743,159.89420602285222,161.49294169901574,4811800
PEP,2026-02-23,165.0925750732422,165.5731700473019,161.0908047590637,161.3360111633672,6801600
PEP,2026-02-24,166.28916931152344,166.53437571693905,164.55311873685295,165.00429014173938,6319800
PEP,2026-02-25,165.92626953125,166.2499437841202,162.81705408946286,165.37700957469863,6832700
PEP,2026-02-26,164.36676025390625,166.79920361662965,163.9548152867991,166.37745578109542,7219300
PEP,2026-02-27,166.4853515625,167.01499082946015,164.60216810655808,165.151428077098,10585200
PEP,2026-03-02,164.072509765625,166.28917029586762,163.93519477642786,165.80857531678333,7264000
PEP,2026-03-03,161.74795532226562,164.01366009216864,160.53172617513263,163.3466908933502,6718100
PEP,2026-03-04,160.77694702148438,162.7484012915483,160.2374898929955,161.8754670167981,6855400
PEP,2026-03-05,157.61868286132812,160.2669091886043,157.0890435823577,159.05069493089002,7133700
PEP,2026-03-06,157.77008056640625,157.8690454521469,154.46485874160118,156.60237343425848,5937900
PEP,2026-03-09,159.8482208251953,160.73884438858138,156.45393969592834,157.51279148351304,6416000
PEP,2026-03-10,159.1060333251953,161.164379159011,157.9284206274906,159.0268644354422,5341300
PEP,2026-03-11,158.4825897216797,159.2346866337025,156.24612518311943,158.64092750314995,4359700
PEP,2026-03-12,157.20602416992188,159.85811400842982,157.03779594284532,157.2159146186011,6165600
PEP,2026-03-13,158.2154083251953,159.82842725223205,157.58207231275696,158.11644343890868,4676800
PEP,2026-03-16,156.07789611816406,159.89770825115698,155.8997623399821,159.67999757778006,4498700
PEP,2026-03-17,154.87059020996094,157.4534166315169,154.66276999446788,157.17633307747357,5460200
PEP,2026-03-18,151.94140625,154.49454630131868,151.69400913378604,153.63360916886901,5124400
PEP,2026-03-19,151.14974975585938,153.0695387216604,151.07058086552914,152.14922868392497,5555500
PEP,2026-03-20,148.47784423828125,151.81276757922947,147.78513534399218,150.86275602426062,14480700
PEP,2026-03-23,149.30911254882812,150.71432635824482,148.37889697500765,150.71432635824482,6783000
PEP,2026-03-24,149.02212524414062,150.99141175088454,148.63618634180528,148.88358346124903,5803700
PEP,2026-03-25,150.15025329589844,150.25910863084914,147.47836746519755,149.72473750467762,4978500
PEP,2026-03-26,149.25962829589844,151.55546565671304,149.1012905193122,150.34816653510552,5677100
PEP,2026-03-27,151.4466094970703,152.93099216964973,148.90337503667672,149.56639748510494,6663600
PEP,2026-03-30,155.18727111816406,156.74091716415285,151.77317881662105,152.2185057080722,10386800
PEP,2026-03-31,153.67318725585938,156.02841265246556,152.5648529985961,156.02841265246556,8033800
PEP,2026-04-01,153.0398406982422,153.53463490043492,151.66431342014323,151.95130251337062,5412600
PEP,2026-04-02,155.37527465820312,155.42475709991024,152.61432957003197,153.04975089718067,5410000
PEP,2026-04-06,155.0981903076172,155.2268416354104,153.78203588456086,154.78152986217688,3562500
PEP,2026-04-07,151.61485290527344,154.91016915229565,150.981516901952,154.55391670668226,5151100
PEP,2026-04-08,153.18829345703125,153.20808945379952,150.17004569652377,150.29869702563565,6878500
PEP,2026-04-09,155.8502960205078,156.36487116103436,151.65443540593134,152.0997472044309,4339400
PEP,2026-04-10,155.4247589111328,156.14715424872722,154.70236357353843,155.5237237957003,4412700
PEP,2026-04-13,154.25704956054688,155.39507021699782,153.33672446713567,155.35549332369638,5827800
PEP,2026-04-14,154.0987091064453,154.99923818757756,152.68358982182022,152.9013004809933,5655800
PEP,2026-04-15,153.23777770996094,154.13829172462246,151.7434894846829,153.4060059346762,7684800
PEP,2026-04-16,156.73101806640625,158.12632625621046,152.65390352692413,153.92057549066976,10422100
PEP,2026-04-17,156.02841186523438,158.36384125262853,154.84090872416925,156.6122654371025,7799900
PEP,2026-04-20,155.35549926757812,157.18622887625668,154.21746346766494,157.08727908925664,5731000
PEP,2026-04-21,153.30703735351562,155.40495998752897,152.12942470897835,155.10809553925995,6357300
PEP,2026-04-22,152.1887969970703,155.58309314143284,151.95130543939385,153.46537451926534,5921300
PEP,2026-04-23,154.07891845703125,154.9794475694137,152.9606937778421,153.54454733864864,6077600
PEP,2026-04-24,153.82162475585938,154.6528753956811,153.04974700460767,154.30651341246164,5364900
PEP,2026-04-27,152.49559020996094,155.01902874412784,152.39662532238026,153.91069448284912,4077000
PEP,2026-04-28,154.6627655029297,156.46382365182805,153.70287863996214,155.167465254504,5174300
PEP,2026-04-29,153.67318725585938,154.86070550283773,151.8820345365601,153.97006681760396,4047600
PEP,2026-04-30,156.83987426757812,157.34455892627577,153.66328879245978,154.35599766711957,7065100
PEP,2026-05-01,155.7711181640625,158.33414857005926,154.8013106321277,157.8888367971902,4447300
PEP,2026-05-04,152.98046875,155.09818734440097,152.07004922436153,154.27682715172347,5330800
PEP,2026-05-05,153.42578125,154.68256276529297,150.9518102119781,152.4460983828927,6200100
PEP,2026-05-06,154.33621215820312,155.29609900588133,153.25754933569698,154.17787439160693,5296600
PEP,2026-05-07,154.6627655029297,155.71174189839752,153.26745732484733,153.39609354982522,4464000
PEP,2026-05-08,153.01016235351562,155.66226726961344,152.77267078784104,155.11799059840666,4934400
PEP,2026-05-11,147.8544158935547,153.08933221931036,147.5080538915062,152.78256221174138,8373300
PEP,2026-05-12,150.26901245117188,151.1299495722938,146.81534331829465,148.97263889533352,6250700
PEP,2026-05-13,147.7158660888672,151.6445332819063,147.4090960979618,149.12107981812719,5524900
PEP,2026-05-14,147.1221160888672,148.42838011781524,146.6075258562584,147.94347633132602,5022200
PEP,2026-05-15,147.5674285888672,148.54712661528052,146.64711855489978,148.00284993393979,6230600
PEP,2026-05-18,147.508056640625,148.55701801505754,145.94450502781962,148.42838178040574,8799400
PEP,2026-05-19,148.80441284179688,150.98151954753922,147.41899502898053,148.7351495011169,10093900
PEP,2026-05-20,147.73565673828125,149.08149766781804,146.84503315105442,148.0127554031146,7425800
PEP,2026-05-21,147.3002471923828,148.1117018714615,144.85596250675079,147.73565342754227,6123100
PEP,2026-05-22,149.00233459472656,149.26951259429597,146.9934562243911,147.85440841165513,7774400
PEP,2026-05-26,144.16323852539062,148.68566500169052,143.98511985188668,148.1512938812572,9059200
PEP,2026-05-27,146.20179748535156,147.3596141158802,144.1830286680805,144.74710131111593,7404500
PEP,2026-05-28,144.7668914794922,147.06274399128966,144.10386901270286,146.2314932956065,7625200
PEP,2026-05-29,142.6887664794922,145.24190659014323,142.05543045126325,143.628872522968,12776400
PEP,2026-06-01,140.0465545654297,142.60958489688966,139.848639905457,141.10540630123998,8077300
PEP,2026-06-02,140.5215606689453,141.4022937902679,139.3439479910139,140.0663433354889,7864700
PEP,2026-06-03,141.05592346191406,142.18405363047722,140.2939512681804,140.31373216417722,6225100
PEP,2026-06-04,140.6699981689453,144.1830403373057,139.7397976699296,143.35178962758678,8089800
PEP,2026-06-05,141.9199981689453,144.33999633789062,141.2100067138672,141.55999755859375,13228700
PEP,2026-06-08,140.67999267578125,141.86000061035156,139.25999450683594,140.9199981689453,8800500
PEP,2026-06-09,142.77999877929688,144.3000030517578,140.85000610351562,141.52999877929688,10390200
PEP,2026-06-10,144.32000732421875,145.4499969482422,143.0,143.9499969482422,11249200
PEP,2026-06-11,143.72999572753906,145.39999389648438,143.57000732421875,144.86000061035156,8653900
PEP,2026-06-12,144.27000427246094,144.36000061035156,142.41000366210938,143.8000030517578,6781700
PEP,2026-06-15,146.25,146.77000427246094,142.80999755859375,143.02000427246094,8976400
PEP,2026-06-16,146.1199951171875,147.63999938964844,145.02999877929688,146.8699951171875,9345200
PEP,2026-06-17,141.58999633789062,145.8699951171875,140.85000610351562,145.50999450683594,10126600
PEP,2026-06-18,142.02000427246094,142.72999572753906,141.0399932861328,141.0500030517578,19130300
PEP,2026-06-22,140.7100067138672,142.49000549316406,140.47999572753906,141.27999877929688,10345000
PEP,2026-06-23,142.0500030517578,143.67999267578125,140.8699951171875,143.67999267578125,7589000
PEP,2026-06-24,142.27000427246094,143.74000549316406,141.6699981689453,142.02000427246094,8324100
PEP,2026-06-25,139.52000427246094,143.10000610351562,139.3699951171875,141.99000549316406,7333300
PEP,2026-06-26,141.38999938964844,142.13999938964844,140.1999969482422,140.52000427246094,9735700
PEP,2026-06-29,138.67999267578125,142.3699951171875,137.52999877929688,141.97000122070312,10042400
PEP,2026-06-30,135.39999389648438,139.13999938964844,134.94000244140625,138.80999755859375,14148300
PEP,2026-07-01,141.16000366210938,141.33999633789062,136.61000061035156,137.2100067138672,9391700
PEP,2026-07-02,144.22000122070312,144.74000549316406,142.16000366210938,143.24000549316406,13040200
PEP,2026-07-06,143.2899932861328,144.6999969482422,141.3800048828125,144.24000549316406,9006600
PEP,2026-07-07,144.97999572753906,149.0399932861328,144.5399932861328,146.99000549316406,9256700
PEP,2026-07-08,142.50999450683594,146.0,142.44000244140625,146.0,8997900
PEP,2026-07-09,137.86000061035156,138.74000549316406,134.69000244140625,137.08999633789062,18763700
PEP,2026-07-10,137.3800048828125,137.9600067138672,135.30999755859375,135.86000061035156,9074900
PEP,2026-07-13,138.49000549316406,140.25,137.75,138.02000427246094,6716300
PEP,2026-07-14,135.4499969482422,138.7899932861328,135.41000366210938,138.25,8518600
PEP,2026-07-15,135.39999389648438,136.99000549316406,134.64999389648438,135.08999633789062,8078300
PEP,2026-07-16,139.42999267578125,139.6199951171875,136.5,137.0399932861328,7805600
PEP,2026-07-17,137.1199951171875,141.9600067138672,136.17999267578125,140.88999938964844,8579300
PEP,2026-07-20,135.4600067138672,137.58999633789062,133.9499969482422,137.57000732421875,8758700
PEP,2026-07-21,135.0,135.3800048828125,134.27000427246094,134.89999389648438,7989500
PEP,2026-07-22,135.64999389648438,136.36000061035156,134.72000122070312,136.36000061035156,6198700
PEP,2026-07-23,134.9499969482422,135.33999633789062,133.72999572753906,134.6999969482422,7755700
PEP,2026-07-24,136.63999938964844,137.1300048828125,134.57000732421875,135.52999877929688,7968300
PEP,2026-07-27,139.7899932861328,140.30999755859375,137.00999450683594,137.07000732421875,7237900
PEP,2026-07-28,142.86000061035156,145.42999267578125,141.7899932861328,143.2100067138672,10648800
PEP,2026-07-29,143.5,145.22999572753906,142.5800018310547,143.27999877929688,8390800
PEP,2026-07-30,140.1999969482422,142.52000427246094,139.4199981689453,141.10000610351562,8253100
PEP,2026-07-31,139.55999755859375,140.16000366210938,138.3800048828125,139.52999877929688,9699400
PEP,2026-08-03,139.6300048828125,141.5500030517578,138.7100067138672,141.0800018310547,6645300
PEP,2026-08-04,139.10000610351562,139.2100067138672,137.1300048828125,137.77000427246094,8525200
PEP,2026-08-05,138.77999877929688,140.27000427246094,137.9199981689453,140.22999572753906,6257600
PEP,2026-08-06,138.44000244140625,140.52000427246094,137.13999938964844,140.08999633789062,8510300
PEP,2026-08-07,139.02000427246094,139.49000549316406,137.14999389648438,137.5399932861328,4734000
PEP,2026-08-10,137.72999572753906,138.52000427246094,137.17999267578125,138.52000427246094,5883800
PEP,2026-08-11,138.41000366210938,138.50999450683594,136.89999389648438,137.00999450683594,5823900
PEP,2026-08-12,138.6999969482422,138.75,136.72999572753906,137.52000427246094,5472700
PEP,2026-08-13,140.6199951171875,140.8300018310547,139.3300018310547,139.41000366210938,6246700
PEP,2026-08-14,140.7899932861328,141.27000427246094,140.1199951171875,140.6199951171875,3867000
PEP,2026-08-17,138.24000549316406,139.88999938964844,137.66000366210938,139.7100067138672,6856200
PEP,2026-08-18,140.1300048828125,140.8000030517578,139.0500030517578,140.36000061035156,6224700
PEP,2026-08-19,142.5800018310547,143.6300048828125,140.6300048828125,140.8699951171875,6954200
PEP,2026-08-20,142.0800018310547,143.3699951171875,141.11000061035156,141.74000549316406,5350000
PEP,2026-08-21,143.47999572753906,143.55999755859375,141.63999938964844,142.6199951171875,6621472
