symbol,date,close,high,low,open,volume
PG,2018-01-02,71.74513244628906,72.75819014519628,71.66598844574322,72.75027393365164,7558900
PG,2018-01-03,71.65806579589844,72.09336077894048,71.64223337423167,71.80844361023459,5863600
PG,2018-01-04,72.16458129882812,72.63153500083752,71.71345397726883,71.88757435371251,6322500
PG,2018-01-05,72.21209716796875,72.25958840609944,71.6818256422013,72.23583976788355,5949700
PG,2018-01-08,72.59199523925781,72.6315642254536,71.96674728967508,71.96674728967508,4860700
PG,2018-01-09,72.06172180175781,72.5365918915371,72.03006299066575,72.39413026077324,6630100
PG,2018-01-10,71.60266876220703,71.95090960051228,71.23860153956973,71.95090960051228,6564700
PG,2018-01-11,71.34939575195312,71.64222911407929,71.16735914340774,71.54725874292454,5469700
PG,2018-01-12,70.92202758789062,71.49978427548055,70.71624833833086,71.27026846586857,8111000
PG,2018-01-16,71.40477752685547,71.84007236440006,70.94573406474869,71.34145993795157,9465300
PG,2018-01-17,72.1804428100586,72.59991757487931,71.57102723419696,71.67391385294461,8345500
PG,2018-01-18,71.91728210449219,72.29210146870128,71.5105625726552,71.96512931376658,7699800
PG,2018-01-19,72.62701416015625,72.7785383728357,71.96509964452032,71.99699979899664,9364000
PG,2018-01-22,73.28095245361328,73.30487604849762,72.38776637715935,72.47549028129019,8658000
PG,2018-01-23,71.01612091064453,71.94120137883121,70.65724860968325,71.6301823685988,18756300
PG,2018-01-24,70.42596435546875,71.10383210773999,69.93949756315648,71.02407866559038,15141900
PG,2018-01-25,70.44985961914062,71.01607962586634,70.18669405262682,70.72100782785881,11264400
PG,2018-01-26,69.96340942382812,70.31429892570004,69.56466665198997,70.31429892570004,11503100
PG,2018-01-29,69.26959228515625,69.97137734764743,69.13402120791335,69.93150672251626,11685800
PG,2018-01-30,69.34140014648438,69.73217263835335,69.08620488869998,69.23772916449957,9662900
PG,2018-01-31,68.85491943359375,69.70823506050333,68.64757751118613,69.2297387242798,11798100
PG,2018-02-01,68.4641342163086,68.98250104798645,68.23286267342672,68.7033823184159,8606300
PG,2018-02-02,67.18815612792969,68.27273693911522,67.15625597650285,68.23286022874872,12846300
PG,2018-02-05,64.64418029785156,67.28386175114139,63.8785948577883,66.98081333147127,17462200
PG,2018-02-06,65.69688415527344,65.75270792311873,63.894570459505566,64.22153650421822,19955500
PG,2018-02-07,65.26625061035156,66.50235633065446,65.25030356763237,65.63309952058056,11851800
PG,2018-02-08,63.97429656982422,65.5692677888801,63.91847282053056,65.41774357608344,14596100
PG,2018-02-09,63.735050201416016,64.62025973901895,62.67439285141142,64.58038910804835,18838800
PG,2018-02-12,64.85951232910156,65.13065454197246,64.26139806435735,64.28532166145385,10769000
PG,2018-02-13,64.99507904052734,65.25825075945886,64.52456543789148,64.71596028605416,9278700
PG,2018-02-14,64.34114074707031,64.80368387181363,64.01416871892444,64.64418309552327,9412000
PG,2018-02-15,65.7208023071289,65.7208023071289,64.19760163360318,64.5724209023486,8910700
PG,2018-02-16,65.872314453125,66.39068135020335,65.49749521855554,65.56129553174453,10371700
PG,2018-02-20,64.86748504638672,65.5692763685729,64.65216658074614,65.54535277064986,7087700
PG,2018-02-21,63.990257263183594,65.24230969401104,63.9503866247965,64.84356680413818,9134500
PG,2018-02-22,64.46873474121094,64.81963036176417,63.93442083488303,64.17366895513885,10277700
PG,2018-02-23,64.63619995117188,64.69202369084884,64.18163347542186,64.60429980216627,10321800
PG,2018-02-26,65.09874725341797,65.146600526702,64.63621023010892,64.9551996022304,9422200
PG,2018-02-27,64.22947692871094,65.39380492034368,64.20555333942815,65.30608103675284,8919600
PG,2018-02-28,62.61856460571289,64.42886026627558,62.60261757133586,64.34113636637171,16862000
PG,2018-03-01,62.76211929321289,63.22466243835274,62.124134412916014,62.522877244726345,13504200
PG,2018-03-02,63.40009689331055,63.52769749307179,62.538811097916586,62.58666436499279,9317700
PG,2018-03-05,64.03014373779297,64.10989111104647,63.121010297167125,63.224681273963206,8177000
PG,2018-03-06,63.81480026245117,64.13379574544899,63.296439447454105,64.1258252695153,9085300
PG,2018-03-07,63.12897491455078,63.511764667470025,62.92162691585837,63.4240407481899,9089500
PG,2018-03-08,63.774940490722656,63.790887529638596,63.01732532903861,63.1369494160765,7951700
PG,2018-03-09,64.03014373779297,64.39698652222668,63.71912472307016,63.94241980191376,7662200
PG,2018-03-12,63.68721389770508,64.29330478479366,63.607466537798736,63.98228582212544,7182000
PG,2018-03-13,63.57554626464844,63.95036543039994,63.28845099234225,63.79884123547956,9620200
PG,2018-03-14,63.001380920410156,63.67126610085569,62.889733390335905,63.5516480931576,8898100
PG,2018-03-15,62.73822021484375,63.11303959671781,62.634549228418315,63.07316286421988,6996900
PG,2018-03-16,62.97744369506836,63.31238621283358,62.873766665046205,62.94554353847175,17715400
PG,2018-03-19,62.730228424072266,63.45593725117088,62.41920340179221,62.9774470454319,8368200
PG,2018-03-20,62.45109939575195,63.08111379029229,62.1719806347107,62.79401846912625,8465500
PG,2018-03-21,61.43830490112305,62.39528539840211,61.31070425650791,62.243767238338656,9822800
PG,2018-03-22,60.9359016418457,61.821105409271745,60.90400147514846,61.270844265664714,10481600
PG,2018-03-23,60.53713607788086,61.54994013387827,60.45738264875323,61.238921230144214,11728300
PG,2018-03-26,60.9359016418457,61.30274443236195,60.62487653763128,61.06349622429999,12937000
PG,2018-03-27,62.03642272949219,62.55478972987347,60.848170560126334,61.031588891681366,11288200
PG,2018-03-28,62.87377166748047,63.11301981882396,62.1640098586502,62.1640098586502,12857800
PG,2018-03-29,63.22467041015625,64.18962745468576,63.144923050605634,63.34429449164893,10036400
PG,2018-04-02,61.72539520263672,63.29644302563864,61.45424689724394,63.208719110746834,12017200
PG,2018-04-03,62.57071304321289,62.841861283319915,61.54993255315936,61.85297485979036,11933100
PG,2018-04-04,63.04124450683594,63.41605766006165,61.87691007701612,62.06033445781406,9030800
PG,2018-04-05,62.84188461303711,63.25657455944843,62.61061299672417,63.073150145016136,7864700
PG,2018-04-06,62.546817779541016,63.28847989093219,62.124151236852335,62.49897057375268,8300800
PG,2018-04-09,62.33148193359375,62.88174290012479,61.86096223164277,62.841872267834766,9031200
PG,2018-04-10,62.498958587646484,62.873771768330414,62.15603948181516,62.77010081422634,6779000
PG,2018-04-11,62.41920852661133,62.75415717402874,62.2357902067798,62.35541428911933,7143500
PG,2018-04-12,62.03642272949219,62.76213166255881,62.03642272949219,62.71428446029819,8282300
PG,2018-04-13,62.498958587646484,62.554782345138406,61.98059164845961,62.25173387503946,6198500
PG,2018-04-16,62.69034957885742,62.88972099818102,62.23578298617294,62.65047286125956,5962200
PG,2018-04-17,62.546817779541016,62.95353728174505,62.28364597903637,62.945560719335525,6492400
PG,2018-04-18,62.36336898803711,62.7461647378088,62.21982134241423,62.66641739786987,7349400
PG,2018-04-19,60.324649810791016,60.944399510328644,59.721000855483695,60.67879249624109,16955600
PG,2018-04-20,59.399051666259766,60.300496721554985,59.350755580701886,59.59221758658961,14085000
PG,2018-04-23,58.755149841308594,59.543920308180084,58.56198394476924,59.23001728293307,13653400
PG,2018-04-24,58.35272979736328,59.020769419140535,58.07102819198566,58.80345236596748,16551700
PG,2018-04-25,58.191768646240234,58.55395560610631,57.910060854527245,58.28030432809825,14208800
PG,2018-04-26,58.5539665222168,58.76323327658853,58.24811983554779,58.4090904831343,11204300
PG,2018-04-27,58.602256774902344,58.81957390490696,58.11933868914499,58.37689541092469,8144800
PG,2018-04-30,58.22395324707031,58.69077659797025,58.07908338710305,58.68273236617315,13076500
PG,2018-05-01,57.918121337890625,58.21592378709208,57.67666536937606,57.990562426890556,8103800
PG,2018-05-02,57.09715270996094,57.95835843130907,56.92813171500127,57.902018099655855,10830900
PG,2018-05-03,57.4351921081543,57.72494412662045,56.93617337843253,56.99251370754343,9386500
PG,2018-05-04,58.2963981628418,58.449324545962895,57.41909172893043,57.45128708014727,8107400
PG,2018-05-07,57.934207916259766,58.932239184737355,57.86176684497876,58.48956080645071,6633600
PG,2018-05-08,57.49958801269531,58.046896748136405,57.23398094829687,57.99055641392788,8084100
PG,2018-05-09,58.24811553955078,58.39299156794818,57.74104636984183,57.76519135113538,7528400
PG,2018-05-10,58.87590789794922,59.02882815522539,58.50567053409938,58.706886893189676,7618500
PG,2018-05-11,59.052978515625,59.64052683784271,58.79542182493316,59.26223910512496,7586200
PG,2018-05-14,58.98051452636719,59.3829470830598,58.827588189821284,59.3829470830598,8646900
PG,2018-05-15,58.71491622924805,59.08515963979632,58.43321462612166,59.00466820407358,11502800
PG,2018-05-16,59.18174743652344,59.503694800480886,58.72297443859051,58.739075184137754,8325000
PG,2018-05-17,59.52784729003906,59.560042644561086,59.077124608002656,59.173704530932746,8053600
PG,2018-05-18,59.11733627319336,59.6163548216328,58.84368509996189,59.54391991364791,7042700
PG,2018-05-21,59.60832595825195,59.761252340017585,59.09321262461913,59.358819664327235,6428400
PG,2018-05-22,59.58417892456055,60.31660931655313,59.42320831609201,59.93027125933949,7744200
PG,2018-05-23,59.70491027832031,59.801496328311636,59.334672964306264,59.57612887833188,6592500
PG,2018-05-24,59.37492370605469,59.84174715780119,59.230047674155294,59.624436180270244,6508900
PG,2018-05-25,59.80954360961914,60.059056049658906,59.35882096795059,59.479552001436225,7546500
PG,2018-05-29,59.60028076171875,60.12343831914376,59.374913308844725,59.60832499384498,8905600
PG,2018-05-30,60.2763557434082,60.380986011221644,59.600271907134946,59.8256331858927,8128600
PG,2018-05-31,58.89199447631836,60.11539321156313,58.59419823546894,60.09929246627471,15526000
PG,2018-06-01,59.11733627319336,59.35074787775537,58.6424688347153,59.02075639588018,7209300
PG,2018-06-04,59.70491027832031,60.059052987653374,59.11735588698457,59.189796959636844,8743800
PG,2018-06-05,59.535888671875,59.86588025977279,59.23808629300157,59.78539495594175,6910100
PG,2018-06-06,59.84172439575195,59.89806471224726,59.33466154729418,59.616363129770725,7002900
PG,2018-06-07,60.97659683227539,61.483659760521235,59.64051748710155,59.704908184837976,13476100
PG,2018-06-08,62.11951446533203,62.14365944585945,60.960506274928456,61.04904196395295,13625300
PG,2018-06-11,62.40121078491211,62.52999219085624,61.87804706937604,61.950488145378465,9049400
PG,2018-06-12,62.167789459228516,62.69095309370049,62.06315918858791,62.63461277248871,8786000
PG,2018-06-13,61.548038482666016,62.29656331146324,61.33072145524833,62.29656331146324,8022400
PG,2018-06-14,61.16172790527344,61.62050099674565,60.92831617232983,61.62050099674565,8895200
PG,2018-06-15,62.28046798706055,62.38510439478293,61.1053655126595,61.298537585085015,14943500
PG,2018-06-18,61.040977478027344,62.05510941017097,60.678790572579025,61.861943469974165,7384900
PG,2018-06-19,61.43534851074219,61.71705003989254,60.82364937556371,60.83974397410111,8514000
PG,2018-06-20,61.04902648925781,61.45145910440207,60.79952023287137,61.45145910440207,6603500
PG,2018-06-21,61.52389907836914,62.01486735139845,60.791468784277,60.791468784277,8691200
PG,2018-06-22,62.32072448730469,62.48169510154437,61.789510407170155,61.80561115297531,11446400
PG,2018-06-25,62.61049270629883,62.73122376853617,62.11952422300073,62.200009550946646,11300500
PG,2018-06-26,62.77949142456055,63.02899769470633,62.26437814002006,62.610470453755205,9558500
PG,2018-06-27,62.52998352050781,63.3509433773442,62.42534710752813,62.86802545328547,7873300
PG,2018-06-28,62.81977081298828,63.03708185173943,62.50587367888217,62.66684436383576,5714400
PG,2018-06-29,62.82780075073242,63.21413890359324,62.208056999997666,62.723170443387666,7679900
PG,2018-07-02,62.884132385253906,63.02900840493871,62.31267868000711,62.37706938667497,6092800
PG,2018-07-03,62.69900131225586,63.391185886591984,62.602415276080734,63.2141145572547,5897200
PG,2018-07-05,63.75337600708008,63.78557135410341,62.87607582807398,62.89217043126836,7956100
PG,2018-07-06,63.8338623046875,64.08337471286987,63.50387073863743,63.89020262770262,7244000
PG,2018-07-09,62.666847229003906,63.44756798206371,62.60245649582328,63.14976544658202,9095900
PG,2018-07-10,64.24436950683594,64.34095558579769,62.77146404101335,62.83585476032118,12773500
PG,2018-07-11,63.713138580322266,64.26044107629717,63.60850216380431,64.09142010419289,7851600
PG,2018-07-12,63.495811462402344,64.00287429843156,63.238254858931874,63.85799832518981,8556800
PG,2018-07-13,63.8338623046875,63.962643694799006,63.50387073863743,63.64874673219555,6021300
PG,2018-07-16,64.01093292236328,64.09141821995605,63.44752969857933,63.753376285685675,6931200
PG,2018-07-17,64.41337585449219,64.79166356838695,64.02704390799562,64.11557959170015,8983400
PG,2018-07-18,64.16384887695312,64.5582310696214,63.84995196882052,64.16384887695312,9105100
PG,2018-07-19,63.94215774536133,64.31575526559415,63.259931606752296,63.690380788838674,8010600
PG,2018-07-20,63.90152359008789,64.21014590019558,63.609141950464114,63.609141950464114,8234700
PG,2018-07-23,63.76346969604492,64.1127030508064,63.5441803217434,63.74722282575901,5881600
PG,2018-07-24,64.15332794189453,64.16957481727285,62.97568352803142,62.97568352803142,8297100
PG,2018-07-25,64.54315185546875,64.64873172635423,63.93402434637051,63.93402434637051,6208400
PG,2018-07-26,65.04667663574219,65.59895235038158,64.54313532287594,64.61622763098987,9771100
PG,2018-07-27,65.44466400146484,65.64770651360911,64.53503131636691,64.7055862830042,7492900
PG,2018-07-30,65.13603210449219,65.37968558521929,64.84365040616582,65.03045223423867,7090700
PG,2018-07-31,65.68830871582031,65.76953067457752,64.51066467022652,65.29034714264499,9878200
PG,2018-08-01,65.50150299072266,65.63957038515434,65.0629305057357,65.31470118927163,7556700
PG,2018-08-02,66.59794616699219,66.77662457495633,65.45278338669436,65.62334455528989,9261700
PG,2018-08-03,66.86595153808594,67.49131965511113,66.53295889395481,66.71163726920909,7102800
PG,2018-08-06,67.02027893066406,67.35327167078765,66.71977993689715,66.76038472710984,5669200
PG,2018-08-07,67.11773681640625,67.15022436409028,66.37866524478449,66.93094116268074,6418000
PG,2018-08-08,66.88217163085938,67.2476517031587,66.67912921170293,66.67912921170293,4891300
PG,2018-08-09,66.11062622070312,66.9552835979362,66.02941047596927,66.9552835979362,5167400
PG,2018-08-10,66.13500213623047,66.40301971844795,65.78576879477397,66.02942226885627,5566000
PG,2018-08-13,66.2081069946289,66.66292648592766,65.90760800891994,66.35429786748094,5068100
PG,2018-08-14,66.03753662109375,66.37052927469479,65.9725677343612,66.10251170419126,6226900
PG,2018-08-15,66.84159851074219,66.89845016716767,65.63146065825343,66.02942844959765,8753500
PG,2018-08-16,67.97052001953125,68.2222907764643,66.84972127681489,66.97154803533184,12368000
PG,2018-08-17,67.97052001953125,68.38472232357603,67.89742148587455,68.00300756822686,8409300
PG,2018-08-20,67.92990112304688,68.1816718506572,67.66188352479777,68.13294363147213,6795800
PG,2018-08-21,68.14105987548828,68.22227563101411,67.48319800408962,67.87304230552456,8534500
PG,2018-08-22,67.72684478759766,68.10044218326311,67.45882724406667,68.0679546449838,5132600
PG,2018-08-23,67.60502624511719,67.89740792863077,67.28015701939486,67.4182306228733,4323200
PG,2018-08-24,67.70248413085938,67.85679839645373,67.43446657367909,67.58878083927344,5356000
PG,2018-08-27,67.76744842529297,68.07607071099866,67.42633240846031,67.81617662925606,3941500
PG,2018-08-28,67.7999496459961,68.10857199399958,67.66999948071152,67.99486869755803,5405200
PG,2018-08-29,67.80805206298828,68.02734136988387,67.64562058825075,67.82429892828019,4520400
PG,2018-08-30,67.74311065673828,68.01112207908163,67.56443224426532,67.72686378485925,4549700
PG,2018-08-31,67.36949157714844,67.84055161222415,66.91467841024205,67.69436078052357,6674900
PG,2018-09-04,67.16645812988281,67.37762406992188,66.65479324832155,66.98778593055107,5800700
PG,2018-09-05,67.6456527709961,67.79184364635631,66.68729174282723,66.68729174282723,7651900
PG,2018-09-06,67.12586975097656,67.66189887269782,66.995919541852,67.33703574262046,7541100
PG,2018-09-07,66.52483367919922,66.76035747684976,65.98879861771137,66.67914173320847,11110900
PG,2018-09-10,66.90655517578125,67.49131850432828,66.87406763571033,67.06899287613581,6783000
PG,2018-09-11,66.60604095458984,66.93902732009269,66.29741249308208,66.70349735602323,5210300
PG,2018-09-12,67.49945068359375,67.5563023369923,66.35428798409565,66.51672570549546,5925200
PG,2018-09-13,67.77558135986328,67.80806890215132,67.1258491031979,67.62939051774967,5328400
PG,2018-09-14,67.90553283691406,67.9542610531021,67.3857445430243,67.79182953489851,5004100
PG,2018-09-17,68.4253158569336,68.44155652895611,67.68623825443152,67.81618841607069,7098800
PG,2018-09-18,68.22227478027344,68.45780480581674,67.88116489349964,68.45780480581674,6022800
PG,2018-09-19,68.22227478027344,68.45780480581674,68.035472968165,68.15729969811703,6157600
PG,2018-09-20,69.32684326171875,69.55424990823924,68.40909323929924,68.4578214645918,10053000
PG,2018-09-21,69.70042419433594,70.07402162419801,69.45677073312093,69.69230075993146,17402500
PG,2018-09-24,68.44157409667969,69.61110106616978,68.40909274429727,69.54612596867226,6389400
PG,2018-09-25,67.50756072998047,68.55526058884836,67.47507319214377,68.44967454178799,5657200
PG,2018-09-26,67.62126159667969,68.21414210100167,67.43445980988807,67.61313816341986,6581000
PG,2018-09-27,67.29642486572266,67.92179320817115,67.25581387621156,67.44261575304877,6277600
PG,2018-09-28,67.596923828125,67.64565205393971,67.23956698183996,67.43448608146522,5125800
PG,2018-10-01,67.9542465209961,67.9948574900449,67.54816161596368,67.66186489366365,4899900
PG,2018-10-02,68.51466369628906,68.57963878531397,67.71061710779377,67.79995630611164,7390900
PG,2018-10-03,67.43447875976562,68.6446104082502,67.28828790182773,68.57964151300675,7958700
PG,2018-10-04,66.53295135498047,67.00401134611691,65.86697233854636,67.00401134611691,7029900
PG,2018-10-05,66.7197494506836,66.96339666972989,66.58168207358764,66.58168207358764,5454600
PG,2018-10-08,66.92279815673828,67.19893293675449,66.39488650488832,66.58168830035436,7192300
PG,2018-10-09,66.76036834716797,67.18270019705176,66.6466650482835,66.91468262266763,6268100
PG,2018-10-10,66.14310455322266,67.15019327977433,66.14310455322266,66.44360338655609,9295800
PG,2018-10-11,64.05583953857422,66.57356488297623,63.89340184761531,66.30554734016728,12560300
PG,2018-10-12,64.21014404296875,64.4700381377433,63.7472074930152,64.46192090091822,9878700
PG,2018-10-15,65.07917022705078,65.41216285196931,64.09644541621707,64.16954392749663,9691500
PG,2018-10-16,65.79387664794922,65.85884552213501,64.89236768225624,64.90049111516588,9462600
PG,2018-10-17,66.4842300415039,66.74412416763727,65.2822158354091,65.59084437019324,10375300
PG,2018-10-18,65.74436950683594,66.64564951761504,65.54772807293033,66.12946340944336,9869500
PG,2018-10-19,71.52893829345703,71.90583686136182,69.52973121480713,69.52973121480713,30276400
PG,2018-10-22,70.95539855957031,71.47977976708219,69.83289796745133,71.06191759464176,14124100
PG,2018-10-23,71.41425323486328,71.52896125970273,70.47200338700907,70.47200338700907,16269500
PG,2018-10-24,73.29873657226562,74.3147244740852,71.46340217679078,71.51256096605245,26703500
PG,2018-10-25,72.92182922363281,73.19221503450535,71.53713181442215,72.19261143148584,14647000
PG,2018-10-26,71.9878158569336,73.06115824671237,71.60272183128521,72.66787525324372,14335900
PG,2018-10-29,72.29912567138672,73.26595468795004,71.64365229221379,72.34009549244873,12878900
PG,2018-10-30,73.07752227783203,73.27416370350944,72.27455989204542,72.79894119459733,13844000
PG,2018-10-31,72.6596450805664,73.18402632034545,71.50436355938236,72.73338326219903,13362400
PG,2018-11-01,73.40525817871094,73.60190586160147,72.24998273454155,72.76616883711276,9732400
PG,2018-11-02,73.58551788330078,73.70022590992004,72.90546494009195,73.6428718966104,11336000
PG,2018-11-05,74.72441101074219,74.9210587049982,73.59371489880458,73.65106891351621,12270100
PG,2018-11-06,74.97840881347656,74.99479299491826,74.09351298878221,74.44583227540393,8857800
PG,2018-11-07,74.79813385009766,75.06851966324761,74.24917326057522,75.0439340202292,9019800
PG,2018-11-08,74.85552215576172,74.9948096077857,74.29017087845051,74.51958697616526,6614400
PG,2018-11-09,75.71582794189453,75.92885357294425,74.69983358147108,74.84731623049262,10713500
PG,2018-11-12,75.95342254638672,76.56793245776888,75.17504582574989,75.5519444879301,12522100
PG,2018-11-13,76.5843276977539,76.66626110752549,75.04395208912709,75.35530779782492,13438700
PG,2018-11-14,76.60071563720703,76.9366507602051,76.19104231713258,76.54336162244137,11623000
PG,2018-11-15,76.87928771972656,76.93664172775881,75.96981255584518,76.46961444774821,12506000
PG,2018-11-16,76.87108612060547,77.68223738145163,76.74818289899423,76.87108612060547,13013500
PG,2018-11-19,76.43684387207031,77.17425705079374,76.12549441932859,76.78916315462048,9458300
PG,2018-11-20,75.4618148803711,76.84651252959645,75.26517346161418,76.39586943336394,12074000
PG,2018-11-21,74.89644622802734,75.6830179043062,74.75715261000191,75.10128279740567,8911800
PG,2018-11-23,75.00296783447266,75.37167120236714,74.25735963351333,74.7653566358521,4399600
PG,2018-11-26,75.33071899414062,75.70761763292472,74.68343451086436,74.68343451086436,8171400
PG,2018-11-27,75.96980285644531,76.08451085786453,75.2569692038111,75.32251841922701,9023400
PG,2018-11-28,76.20741271972656,76.37947471879771,75.55193307945032,75.89605707759263,8093700
PG,2018-11-29,76.05172729492188,76.44501628998955,75.92063513064365,76.08450189877055,6126900
PG,2018-11-30,77.43643951416016,77.5511475241431,75.99438792293755,76.3467071682045,16291800
PG,2018-12-03,76.4614028930664,77.56751924081992,75.59289774241971,77.56751924081992,13934700
PG,2018-12-04,76.45321655273438,77.7232060723357,76.3385085478679,76.60069916629378,11123600
PG,2018-12-06,76.64990234375,76.71544534263077,74.62611457058348,75.95345250194703,14199200
PG,2018-12-07,75.74857330322266,76.83830553165603,75.49457791581226,76.68262771298926,7996800
PG,2018-12-10,76.22381591796875,76.52697642119008,74.86370376401295,76.40407317658043,9307600
PG,2018-12-11,76.94483184814453,77.44462745583255,76.52696338808524,76.78915401474413,8743800
PG,2018-12-12,77.04315185546875,77.46921554417233,76.28115934597756,77.19063447830955,9644000
PG,2018-12-13,79.05876159667969,79.30456810794819,77.674069919817,77.73142393896376,18541300
PG,2018-12-14,79.18163299560547,79.3946648029223,78.67363599388587,79.02595518436047,12657300
PG,2018-12-17,76.01077270507812,79.06693792672738,75.70761849819878,78.65726467322102,12427600
PG,2018-12-18,75.78136444091797,76.4532283954014,75.26517833906115,76.30574575899682,12250600
PG,2018-12-19,75.18321990966797,76.48597755509307,74.79812613992858,75.83050425119131,10825600
PG,2018-12-20,74.54413604736328,75.56831901747859,73.84768662679147,74.97838862651349,14439200
PG,2018-12-21,74.53597259521484,76.33853289029393,74.0361705927292,74.24100727403908,24030000
PG,2018-12-24,71.57811737060547,74.2819635715187,71.18482826368202,74.10989528959587,7396300
PG,2018-12-26,73.81493377685547,73.81493377685547,71.07012385820069,71.62727980819689,8630900
PG,2018-12-27,75.39625549316406,75.42084113692262,72.26635239077706,73.42163385386007,11360100
PG,2018-12-28,74.70802307128906,76.42864967722475,74.42944197732928,75.83871912636259,9611800
PG,2018-12-31,75.3143310546875,75.52736290143532,74.68343698112241,75.07671981237606,7239500
PG,2019-01-02,74.78995513916016,74.88008376343157,73.6838385016964,74.58511849329211,9843900
PG,2019-01-03,74.26557159423828,75.7895566937921,74.05253973862372,74.51137806234108,9820200
PG,2019-01-04,75.78136444091797,75.78136444091797,74.04435366895119,74.4294413157291,10565700
PG,2019-01-07,75.47821044921875,75.7895599043692,74.88827990167606,75.3061484147052,9012500
PG,2019-01-08,75.75675201416016,76.27293789096493,75.23237092470639,75.95339335992641,9551300
PG,2019-01-09,74.5195541381836,76.16644218694219,74.40484613987374,75.94522140480666,15015600
PG,2019-01-10,74.6998062133789,75.00296661727491,74.24097425169124,74.47039023253507,11102300
PG,2019-01-11,75.19145202636719,75.36352035292904,74.65068639656675,75.10951859774529,7166600
PG,2019-01-14,74.68342590332031,75.30613092007687,74.43761948190885,74.97019589422236,7952000
PG,2019-01-15,75.3880844116211,75.87969113440883,74.67525060035177,74.68344581688184,7834500
PG,2019-01-16,74.86369323730469,75.50278251806908,74.55233756125797,75.16684744678031,7964500
PG,2019-01-17,74.85296630859375,75.6127257129158,74.61347569842602,74.91077395238867,8044500
PG,2019-01-18,75.4970932006836,75.84393898432037,75.18328124890162,75.45580563628447,9100300
PG,2019-01-22,74.68779754638672,75.7696289241103,73.56467229752676,75.47233069349677,13518500
PG,2019-01-23,78.3214111328125,79.61796526471662,77.32216145520103,77.77636871800556,22869000
PG,2019-01-24,77.87548065185547,78.09019111348269,76.95881227160594,77.86722061854385,12146400
PG,2019-01-25,77.29739379882812,78.3627112175665,76.85144653280562,77.97457158044178,10618000
PG,2019-01-28,77.23133087158203,77.60295676632873,76.77712984541525,77.06616800762309,9765600
PG,2019-01-29,77.24784088134766,77.72682194525275,76.88447506727364,77.45429758469724,9769800
PG,2019-01-30,78.05716705322266,78.17278863238256,77.27263390550135,77.30566774232416,7750200
PG,2019-01-31,79.66751861572266,79.94829672534671,77.693792913877,77.98283105630146,16044400
PG,2019-02-01,80.49335479736328,80.60897006771575,79.27112812434628,79.56842633398394,12720800
PG,2019-02-04,80.95581817626953,81.1127273192979,79.87398684417255,80.27864030189006,11887500
PG,2019-02-05,80.46856689453125,80.94754165895405,80.27862395477705,80.92276786258581,9772300
PG,2019-02-06,80.86498260498047,81.1953146825644,80.20432475037292,80.31167999784955,8693900
PG,2019-02-07,80.2208251953125,80.60070481624462,79.56016114987276,80.53463715158878,8732500
PG,2019-02-08,80.69154357910156,80.69980361204688,79.85745666727826,80.1134672841106,7483200
PG,2019-02-11,81.15400695800781,81.2531084545355,80.4603153839918,80.50986298197601,8494100
PG,2019-02-12,81.97157287597656,82.03763423392456,80.91451554210414,81.24484123352025,11238800
PG,2019-02-13,81.95506286621094,82.3349424983942,81.76512620039904,81.99635673298368,11587200
PG,2019-02-14,81.31090545654297,81.60820360670323,80.79889057558734,81.50910212313033,7930100
PG,2019-02-15,81.32743835449219,81.92202844808256,81.13749538947678,81.71557171681162,12069100
PG,2019-02-19,82.5744400024414,82.58270003660186,81.31918573413145,81.39350713989559,10098200
PG,2019-02-20,81.98809051513672,82.7643697878812,81.70731240405152,82.40100394948011,8947400
PG,2019-02-21,82.40100860595703,82.46707627131961,81.41827256050648,81.83944605149377,7444800
PG,2019-02-22,82.7891616821289,82.91303699962073,82.08720995042243,82.32670055075718,7925400
PG,2019-02-25,82.22757720947266,82.95430255165734,82.02938053443296,82.87998116122697,7436100
PG,2019-02-26,82.44230651855469,82.73134469300399,82.27713734704105,82.45056025171063,7115300
PG,2019-02-27,81.68254852294922,82.27713864812183,81.6082208194528,82.03764807105964,6013600
PG,2019-02-28,81.38524627685547,81.92202873962263,80.99710661259532,81.68254447498838,10575400
PG,2019-03-01,81.29441833496094,81.57519651293067,80.7906633210171,81.4348074239458,7733200
PG,2019-03-04,81.64952087402344,81.65777460793521,80.83194757642089,81.40177024434504,6895300
PG,2019-03-05,81.8311767578125,82.31841785902405,81.68253397840678,81.68253397840678,6274600
PG,2019-03-06,81.6990737915039,81.83946288385445,81.26138644443415,81.64126614756188,4622300
PG,2019-03-07,81.38524627685547,82.25236077094358,81.1374956782249,81.73209207449071,8408600
PG,2019-03-08,81.26963806152344,81.90552207902083,80.72458921747426,81.60822385509582,5144500
PG,2019-03-11,82.23583221435547,82.31841363219343,81.35219781231699,81.58342830248655,7544400
PG,2019-03-12,82.6240005493164,83.01213397822163,82.3597361399764,82.40102371297799,7597500
PG,2019-03-13,83.55718994140625,83.89577579115372,82.54967982656567,82.57445363257632,9883300
PG,2019-03-14,83.67280578613281,84.05268551543413,83.17731076098157,83.35899374033461,8590200
PG,2019-03-15,84.59770965576172,84.96932924055376,84.011373312804,84.03614711171556,30802700
PG,2019-03-18,83.82969665527344,84.47384067737866,83.5736860127385,84.28389770392111,8442800
PG,2019-03-19,84.15177154541016,84.3499682588635,83.64801657743963,84.16003157946736,7334100
PG,2019-03-20,84.00310516357422,84.49033996325157,83.44980270614306,84.0113651959331,7513800
PG,2019-03-21,84.63899230957031,84.98584437588524,83.6397425745728,83.6397425745728,8221000
PG,2019-03-22,83.95354461669922,85.18402462485001,81.76510262060556,84.63072225279214,11035900
PG,2019-03-25,84.2013168334961,84.5151288128822,83.6232404765849,83.95357252363118,6955500
PG,2019-03-26,85.07669830322266,85.4565842835021,84.56468957430388,84.59772341174384,6909400
PG,2019-03-27,84.97759246826172,85.07668766763328,84.26738080348801,84.86197720195526,6037100
PG,2019-03-28,85.51435852050781,85.62171372483272,85.15099275116539,85.3161555732895,6793700
PG,2019-03-29,85.92729949951172,86.00988093712132,85.15102012474988,85.77039035766161,7535400
PG,2019-04-01,85.58870697021484,86.07594816053346,85.17579348375084,86.07594816053346,6626500
PG,2019-04-02,85.67957305908203,85.90254363359108,85.27491949023734,85.56395775369784,6088800
PG,2019-04-03,85.62999725341797,85.79516012086363,84.85371791519239,85.53915578615499,5226500
PG,2019-04-04,85.41526794433594,85.61346461628274,84.88673928543872,85.45656180541421,4786100
PG,2019-04-05,85.59696960449219,85.63000344048004,85.20056987319802,85.56393576850435,4281800
PG,2019-04-08,86.68706512451172,86.82745420873613,85.47309837143645,85.82820424954309,8468600
PG,2019-04-09,86.4310531616211,86.51363459799047,86.00161961160477,86.34021169144685,5820300
PG,2019-04-10,86.42280578613281,86.71184400604082,86.08421365669726,86.43106582114751,5394300
PG,2019-04-11,86.50537109375,86.75312169347856,86.19155912791203,86.36498202749824,5078400
PG,2019-04-12,86.7613754272461,86.7613754272461,86.02638996208613,86.505371094601,6707900
PG,2019-04-15,87.31468200683594,87.3559695720194,86.53840269489876,86.69531182405014,5639200
PG,2019-04-16,87.88451385498047,87.95058153164578,87.24862979361797,87.52115423444208,8136100
PG,2019-04-17,88.03089904785156,88.57979575628721,87.61507051541481,88.38019349228887,6778100
PG,2019-04-18,88.19721984863281,88.74611012229143,88.014254309067,88.17226481093299,7248900
PG,2019-04-22,88.16395568847656,89.15362315156081,87.93940475711865,88.26375046237872,9057200
PG,2019-04-23,85.7937240600586,86.58379553293626,84.93711217104777,86.50063111658676,15979800
PG,2019-04-24,86.2344970703125,87.03288685031313,85.48600466873754,85.92678176493224,10094800
PG,2019-04-25,85.89350891113281,86.13469013224527,85.31966371796737,85.74381044096086,6085300
PG,2019-04-26,88.0391845703125,88.05581491359192,86.4174564364752,86.45071712303405,7747400
PG,2019-04-29,87.14100646972656,87.94771465481614,87.09110908756875,87.79801616330427,4787600
PG,2019-04-30,88.55484008789062,88.67127156020342,87.04122460278485,87.20755346464904,8251300
PG,2019-05-01,87.2657470703125,88.47996522010692,87.16594597147981,88.28036936747931,6733800
PG,2019-05-02,87.78968811035156,87.95602327421535,87.36554771883377,87.49029116043445,6270300
PG,2019-05-03,88.22216033935547,88.49660862318898,87.80633191356104,88.14730792329259,4793400
PG,2019-05-06,87.88947296142578,88.00590438208806,87.3572132255306,87.42374727877663,4890400
PG,2019-05-07,87.07444763183594,87.80630953553873,86.57545491706189,87.34889584572448,6021700
PG,2019-05-08,87.38217163085938,87.96432879893814,86.62536731235696,87.31563757021115,5392600
PG,2019-05-09,86.69190979003906,87.35723781974012,86.30934839372438,87.04952249562167,6901700
PG,2019-05-10,88.16395568847656,88.28038715472177,86.42578935089195,86.47569308288206,5815800
PG,2019-05-13,88.24710845947266,88.64630019243445,87.19921905663111,87.44040030343803,7575500
PG,2019-05-14,87.82295989990234,88.57145231523589,87.7980112102309,87.96434003806588,7004000
PG,2019-05-15,88.73779296875,88.98729258879021,87.73980717866698,87.83128994967913,5535600
PG,2019-05-16,89.91043090820312,90.38447510291088,88.64630882562322,88.77105863371239,9284200
PG,2019-05-17,89.36153411865234,89.81894796575271,89.20352361741305,89.2118356182412,6370200
PG,2019-05-20,89.26171875,89.92704032993142,89.10370194018653,89.35320149830913,6565300
PG,2019-05-21,88.46334075927734,89.43637774371481,88.39680668896413,89.3781620184503,5226400
PG,2019-05-22,88.7544174194336,89.02886569461711,88.10572611084567,88.23046955862178,4889700
PG,2019-05-23,88.78768920898438,89.01223377204516,88.0641454479425,88.72115513658179,6175600
PG,2019-05-24,88.7294692993164,89.3532119223521,88.60471950570165,89.11203068004039,4372100
PG,2019-05-28,86.87487030029297,89.19519358000248,86.84160326622454,88.73777979285907,7615500
PG,2019-05-29,86.65032196044922,87.16594510335504,86.24280556971938,86.45903810918443,7137300
PG,2019-05-30,87.59841918945312,87.63168622548666,86.80002935976329,86.80002935976329,4729200
PG,2019-05-31,85.5858154296875,87.24081089964453,85.16998697577598,87.23249255395547,10282300
PG,2019-06-03,86.32598114013672,86.45904293297454,85.16166031387506,85.78540293383259,8532900
PG,2019-06-04,87.05781555175781,87.40710981061835,86.36753903184069,86.50060713714174,6906400
PG,2019-06-05,88.76276397705078,88.77939432702745,87.2325116325552,87.52359034494728,6481700
PG,2019-06-06,89.30331420898438,89.55281381300796,88.4300782849788,88.86253707424272,6681600
PG,2019-06-07,90.45930480957031,90.9666159509588,89.60269934477792,89.60269934477792,8063400
PG,2019-06-10,90.417724609375,90.6672178321377,89.36983530766649,90.08506063398717,4767000
PG,2019-06-11,90.96660614013672,91.14957162648322,90.542465798192,90.6006815124807,8074400
PG,2019-06-12,91.21611785888672,92.03114431274734,91.13295344809387,91.14958379223731,7687800
PG,2019-06-13,92.23906707763672,92.27232776901221,91.3658248206274,91.4656259298691,8611400
PG,2019-06-14,92.4802474975586,92.93766134420329,92.02283999595268,92.28896995808084,6438100
PG,2019-06-17,92.30558776855469,92.48855328236365,91.68184515968115,92.44697424879485,6020000
PG,2019-06-18,91.14959716796875,92.7796439698531,91.00821701437033,92.688161201045,7731200
PG,2019-06-19,91.83154296875,92.08936089316008,90.86682437349293,91.06642023026373,7028000
PG,2019-06-20,92.92931365966797,93.16217650988321,91.89806117512751,92.13092402534276,7044200
PG,2019-06-21,92.4802474975586,93.53645534525135,92.33054899729657,92.82954822819582,13799400
PG,2019-06-24,93.42001342773438,93.56139356631432,92.64657232045131,92.99586666695642,5518100
PG,2019-06-25,92.9126968383789,93.66950121170443,92.57171451163387,93.23704247623809,6805600
PG,2019-06-26,91.25770568847656,92.67983808986511,91.19948996485381,92.63825271083257,7170300
PG,2019-06-27,91.29928588867188,91.70679595923647,90.89177581810728,91.41571733740462,5613300
PG,2019-06-28,91.1911849975586,93.11231050397197,90.6672370630539,93.02914607874487,12152000
PG,2019-07-01,91.88975524902344,92.06440241028507,91.15789957158836,91.41571114130252,6775900
PG,2019-07-02,92.7131118774414,92.72974222324301,91.72343815872723,91.98956810682199,6578200
PG,2019-07-03,94.87541198730469,95.03342246920981,93.01249613345945,93.1122972365348,6223300
PG,2019-07-05,94.10198211669922,94.35147538660311,93.33685927026526,93.95228361674138,8694800
PG,2019-07-08,94.85047149658203,95.00016999161585,94.22672882478084,94.25998951697629,5317800
PG,2019-07-09,93.9023666381836,94.73402338774135,93.41168585652505,94.72570504363529,7537700
PG,2019-07-10,94.6009750366211,95.22471772917025,94.30989638243925,94.35979376743077,5600700
PG,2019-07-11,95.12490844726562,95.14154513752699,94.34315532101394,94.52612084365951,4625300
PG,2019-07-12,95.63220977783203,95.81517528161946,94.86708707566422,94.86708707566422,7058600
PG,2019-07-15,96.03972625732422,96.37238388813691,95.46588105760841,95.69874393719233,6240700
PG,2019-07-16,96.38069152832031,96.90463294919489,96.01476056102176,96.23931141642292,7644300
PG,2019-07-17,96.42229461669922,96.71337323733452,96.24764744431803,96.24764744431803,7861700
PG,2019-07-18,96.62820434570312,96.90442356327547,96.08412535281221,96.20131081144982,5828700
PG,2019-07-19,96.26826477050781,97.055080419276,96.26826477050781,96.67841382893904,6547000
PG,2019-07-22,96.51101684570312,96.63656813006743,95.90834513624087,96.29338397592433,4018800
PG,2019-07-23,95.29731750488281,97.13881541930657,95.2889452891177,96.85421755845847,8194600
PG,2019-07-24,94.25101470947266,95.32242843425475,93.98316127827712,95.29731817291291,9635900
PG,2019-07-25,94.393310546875,94.5690951487114,93.22982160519896,93.31353099126565,7809400
PG,2019-07-26,96.03392028808594,96.15947159530472,94.48538604700543,94.76161169514592,5559600
PG,2019-07-29,97.09696197509766,97.27274019164805,95.9418452437109,96.03392045992248,7768700
PG,2019-07-30,100.78832244873047,101.91832890481221,99.44068308552505,100.29446389634941,18788800
PG,2019-07-31,98.80450439453125,101.0142962385922,97.99257209081796,100.16051563862098,12641800
PG,2019-08-01,97.7079849243164,99.75036451355069,97.7079849243164,99.23976801971007,11308600
PG,2019-08-02,97.46526336669922,98.00097023511843,96.83748128157079,97.52385610586602,12266100
PG,2019-08-05,94.65279388427734,97.34807250927851,94.4435332007975,97.1722879153617,12974800
PG,2019-08-06,95.6572494506836,96.25992128398144,94.73650365475841,95.12991478961283,9490600
PG,2019-08-07,96.69515991210938,97.29783161567526,94.31796195485319,95.21359729595018,9507600
PG,2019-08-08,98.30229949951172,98.34414780401268,96.54450467111336,96.69517261680096,7416600
PG,2019-08-09,97.7498550415039,98.8045307347387,96.97140499894745,98.45297429903697,6939500
PG,2019-08-12,97.12205505371094,98.49480445201489,96.75375425402456,97.74983702437902,4996200
PG,2019-08-13,98.14324951171875,98.82962422087583,97.38153764419656,97.52383974641323,6722000
PG,2019-08-14,96.92118835449219,98.72083168469801,96.81237508750482,97.48200550809845,10148300
PG,2019-08-15,98.26045989990234,98.84638734193683,97.46527174483697,97.76660768249188,7758000
PG,2019-08-16,99.75875091552734,100.06008680347448,98.43622189466262,98.82126077678859,8302400
PG,2019-08-19,100.64601135253906,100.8217895512696,99.70015541095216,100.42001263592235,5867100
PG,2019-08-20,99.52437591552734,100.66275447106098,99.43230070984971,100.48697627462063,6744300
PG,2019-08-21,99.7754898071289,100.1521628633258,99.34023040202555,99.83408254216454,4037400
PG,2019-08-22,99.95963287353516,100.26934095658348,99.35696113686201,99.6750414346221,4558400
PG,2019-08-23,98.20186614990234,100.53721644974392,97.45689853003279,99.72528386971909,7336800
PG,2019-08-26,99.87592315673828,100.11029406384992,98.11813496727281,98.561766525181,5661500
PG,2019-08-27,100.90550994873047,101.32403133983075,100.26098343020345,100.43676164813002,6996300
PG,2019-08-28,101.61698913574219,101.64209939596938,100.13541992104544,100.83016692260088,4600300
PG,2019-08-29,101.43282318115234,102.11919786215779,100.71296602959441,101.9434196813534,5011500
PG,2019-08-30,100.63764953613281,102.11921234800623,100.03497775295408,102.08572987270416,6007100
PG,2019-09-03,101.58351135253906,101.73417930699131,100.13542454662978,100.26935445553379,4959300
PG,2019-09-04,103.13202667236328,103.19061940385676,101.66720199889747,101.9936481295224,5586900
PG,2019-09-05,102.75535583496094,103.3161728686911,102.26986957316686,103.15713272421029,7491900
PG,2019-09-06,102.84744262695312,103.27432982162546,102.57121699313274,102.95625588294483,5306900
PG,2019-09-09,102.2614974975586,102.7720940173581,101.93505137980199,102.71350128817431,7662400
PG,2019-09-10,100.34469604492188,101.43285432048765,100.09358701788148,101.30729661390232,9582200
PG,2019-09-11,101.5081558227539,101.56674855076952,99.90940773768298,100.32792904811693,7565500
PG,2019-09-12,102.76371765136719,103.13201844057421,101.80112376596783,102.66327662604039,6194300
PG,2019-09-13,102.21965026855469,102.60468911953004,101.70068152882519,101.96853492020493,6777400
PG,2019-09-16,100.23588562011719,102.08574963224049,99.62484150330803,101.96019192208733,9626700
PG,2019-09-17,101.41609954833984,102.11084015609731,99.9763850406665,100.13541881572634,6377100
PG,2019-09-18,101.6253433227539,102.08571291288395,101.08963019304981,101.50815148560154,5684200
PG,2019-09-19,102.03550720214844,102.31173282797138,101.48305595050257,101.60861363370655,4525800
PG,2019-09-20,102.32010650634766,102.62144241470209,101.90995733680451,102.22803129067661,15362000
PG,2019-09-23,103.1404037475586,103.60077340637926,102.09410036006287,102.2866166071298,6060400
PG,2019-09-24,103.46685028076172,104.40434041847263,103.25758960247947,103.54218105960135,7633200
PG,2019-09-25,102.97297668457031,103.65098552551592,102.9143839586741,103.42498044982467,5812600
PG,2019-09-26,104.05277252197266,104.63033400926501,103.39988025953545,103.49195546435391,6984800
PG,2019-09-27,104.27041625976562,104.52989747156035,103.55893119166014,104.1364927390788,5589800
PG,2019-09-30,104.11135864257812,104.9316632190187,103.9020979878475,104.27039878373449,5206900
PG,2019-10-01,103.667724609375,104.32898902892326,103.12364564279699,104.09461812298277,5415700
PG,2019-10-02,101.34912872314453,103.50032814460322,100.62089929615904,103.1236551087988,6755100
PG,2019-10-03,101.90158081054688,102.57121755325988,101.14824107152705,101.84298807451918,5171000
PG,2019-10-04,103.79329681396484,103.84351733337802,102.11083916620296,102.27825154112877,4377900
PG,2019-10-07,102.82231140136719,103.70120869849228,102.68838790422268,103.39987284725672,4749700
PG,2019-10-08,101.22357177734375,102.89765714113932,101.18171708879733,102.67165842692361,5545300
PG,2019-10-09,102.10248565673828,102.44566989101882,101.64210955280475,101.96018352434889,3775600
PG,2019-10-10,102.06898498535156,102.27824565236361,101.11475685466698,101.5583884469519,3943400
PG,2019-10-11,101.35749053955078,102.16942292475315,101.13149183591757,102.15268488179566,6292200
PG,2019-10-14,100.4869613647461,101.8011179217305,100.09355034179247,101.8011179217305,7360200
PG,2019-10-15,98.10140228271484,100.91386627699151,97.68288093102045,100.60416456386024,11113900
PG,2019-10-16,98.37761688232422,98.57850532050783,97.52383623044761,98.49480233677535,7973100
PG,2019-10-17,98.2479019165039,99.09871725691944,98.18051562941072,98.82072713179512,5956900
PG,2019-10-18,98.95551300048828,99.19138107367215,97.86040388707983,98.18051606662047,9016700
PG,2019-10-21,100.31175994873047,100.34545630558644,98.85442304259378,98.913390060361,6731600
PG,2019-10-22,102.92314910888672,104.64162445580642,102.43456165765113,104.45629773796382,14410500
PG,2019-10-23,103.61392211914062,104.22886936281566,102.63674708577706,102.7631068127703,8249300
PG,2019-10-24,105.12178802490234,105.94732614798808,103.90031937575436,104.25412785542733,6725600
PG,2019-10-25,103.82451629638672,105.14706768706095,103.75712358716093,105.14706768706095,6093300
PG,2019-10-28,104.01827239990234,104.55740123889169,103.27696542609998,104.01827239990234,5459500
PG,2019-10-29,104.11933898925781,104.92803212307297,103.69814424704647,103.78238191010439,5659800
PG,2019-10-30,105.24815368652344,105.44189968625341,104.03511066346786,104.44787974834338,4734500
PG,2019-10-31,104.88592529296875,105.67776710436449,103.91717601933078,105.12179334006204,6399500
PG,2019-11-01,104.34679412841797,105.41662601119387,103.82451030245402,105.15548731167296,6010200
PG,2019-11-04,100.30332946777344,104.38891774454164,99.94110168250567,104.38891774454164,10351400
PG,2019-11-05,100.16011047363281,100.74135484462035,99.6041303318202,100.10114346710012,9239600
PG,2019-11-06,101.35630798339844,101.38157864098864,99.9579447057238,100.32859172858343,6756300
PG,2019-11-07,100.76663208007812,101.37314710807983,100.08429222982845,101.37314710807983,8909700
PG,2019-11-08,100.83401489257812,101.58374099114269,100.3791302439231,100.96037459583629,4249900
PG,2019-11-11,100.52235412597656,101.08675362458571,100.32017599134304,100.64871385339184,3850400
PG,2019-11-12,100.4718017578125,100.74979185995583,99.86528666257578,100.65712849257473,4759600
PG,2019-11-13,101.63430786132812,101.97126499114182,100.9772449929989,101.00251565302347,7262800
PG,2019-11-14,101.50794219970703,102.07234166366727,101.17941078474973,101.60903126081786,5188300
PG,2019-11-15,101.5416259765625,101.92069866166248,101.06146424287249,101.92069866166248,7108600
PG,2019-11-18,102.67887115478516,103.24327066260007,101.22995996755901,101.29735268020275,7493700
PG,2019-11-19,102.2829360961914,103.42858638129368,102.03864235909674,102.71255655983529,5989000
PG,2019-11-20,103.01580810546875,103.09162007214573,101.870157922703,102.28292695965018,6480000
PG,2019-11-21,101.37315368652344,103.226414522045,101.32261237097393,102.58619667508867,7094200
PG,2019-11-22,101.33104705810547,101.60061147649452,100.57289512297294,101.28050573807087,4414900
PG,2019-11-25,101.51636505126953,101.86174141994307,101.10358955015438,101.45739804067053,5134300
PG,2019-11-26,102.99053955078125,103.06635151900468,101.43212029927862,101.70168467560923,8235200
PG,2019-11-27,102.5693588256836,103.14218400701952,101.89544457931571,103.12533261605292,3751400
PG,2019-11-29,102.82205963134766,103.30222138608578,102.52722459368772,102.76309262381567,2927300
PG,2019-12-02,103.37806701660156,103.42860834296597,101.89545931631822,102.72100406617017,6146200
PG,2019-12-03,103.57178497314453,103.58021066756217,102.60304220353513,103.03265621500788,6396200
PG,2019-12-04,104.90277099609375,104.94489304490989,103.35277728887883,103.40331860592036,6857300
PG,2019-12-05,104.97859191894531,104.98701118737283,104.16989869225398,104.68375042399828,7029200
PG,2019-12-06,104.6163558959961,105.67776205722345,104.36363647079608,105.07124700520293,7150900
PG,2019-12-09,105.18920135498047,105.41664374008491,104.6079504208245,104.71745876521949,7452800
PG,2019-12-10,104.68373107910156,105.18916987593889,104.5573778068135,105.11335148564478,4740100
PG,2019-12-11,105.01227569580078,105.52612736599957,104.5152625604402,104.6837378857262,4823300
PG,2019-12-12,104.93645477294922,105.93890028694335,104.35520398894637,105.11335578831498,5897800
PG,2019-12-13,105.69464111328125,105.92208351395914,104.27942610094205,104.63322824729593,5471600
PG,2019-12-16,105.77045440673828,106.43594307702973,105.5935533313834,105.6946424145535,8281900
PG,2019-12-17,105.55982208251953,106.12422791002695,104.7174326152852,105.79569010503769,8832200
PG,2019-12-18,104.46472930908203,106.03157437744717,104.19516491167094,105.55983186178612,8607600
PG,2019-12-19,105.23131561279297,105.4671836911413,104.3720809806779,104.59110409353983,6629100
PG,2019-12-20,105.60193634033203,106.64649740314624,105.32394629418049,106.26742474160947,16250500
PG,2019-12-23,105.21444702148438,105.98944379829629,105.03754600244612,105.73672438428639,6619500
PG,2019-12-24,105.48403930664062,105.55985129474927,104.9449104125679,105.12181147841144,2022100
PG,2019-12-26,105.48403930664062,105.93050481952052,105.18920419690139,105.38295022890573,4760400
PG,2019-12-27,106.21688079833984,106.39378823542079,105.62721076447453,105.7704154259959,5192000
PG,2019-12-30,104.85224151611328,106.12425169627828,104.57425138715722,105.9389249436409,3884300
PG,2019-12-31,105.21444702148438,105.29025898953435,104.41417316173414,104.81852293876564,4798900
PG,2020-01-02,103.95928192138672,105.07123570421048,103.56335786372077,104.87748330880667,8130800
PG,2020-01-03,103.2601089477539,104.06037642132374,102.65358746478975,102.90630689166548,7970500
PG,2020-01-06,103.4032974243164,103.77395081182074,103.09161103692223,103.25166707733018,6674400
PG,2020-01-07,102.76309967041016,103.79081595237241,102.66201703737927,103.512825857693,7583400
PG,2020-01-08,103.2011489868164,103.97614585601363,102.77152850255433,102.93158457896858,5385100
PG,2020-01-09,104.3299560546875,104.35522671568305,103.2011570174006,103.2011570174006,5944000
PG,2020-01-10,104.43103790283203,104.72587297225986,103.86663842322413,104.37207088894647,3927100
PG,2020-01-13,105.19759368896484,105.21444507727901,104.2962372218037,104.45629327618049,8409200
PG,2020-01-14,105.03754425048828,105.4671582494491,104.86064323440061,105.00384790072088,7829700
PG,2020-01-15,106.10738372802734,106.24216913686134,105.30711625057216,105.34923187064126,4843700
PG,2020-01-16,106.20005798339844,106.79815383587469,105.79570814234211,106.23375433906335,6233700
PG,2020-01-17,106.48648834228516,106.98349519567246,106.04001638891577,106.43594058842012,11315200
PG,2020-01-21,106.21688079833984,106.66335259760513,105.16389400435081,106.48645158744553,8553100
PG,2020-01-22,106.4022216796875,106.71390812592982,105.99787829599593,106.4190730697126,7396700
PG,2020-01-23,105.91581726074219,107.23775683383398,104.78031194287846,105.33111955957456,11096500
PG,2020-01-24,106.0429458618164,107.44114806202487,105.72940757337234,106.1107389725784,9508600
PG,2020-01-27,106.5090103149414,107.10218384292754,105.71245746441154,105.71245746441154,9338400
PG,2020-01-28,106.79710388183594,107.60213235560242,106.5344137145034,106.71236574383566,6200200
PG,2020-01-29,105.97514343261719,106.83101360168644,105.94972263459343,106.69543385719092,5271000
PG,2020-01-30,106.72930908203125,106.82252297187556,105.43279684251281,105.74633505972596,5894400
PG,2020-01-31,105.60227966308594,107.57670346242928,105.46669347225946,106.76320571278677,6612900
PG,2020-02-03,106.01750946044922,106.7293176233827,105.49212262701788,105.63618458246427,6052300
PG,2020-02-04,106.48357391357422,107.91566592562204,106.22935303019712,106.52593975073331,6512200
PG,2020-02-05,107.45806884765625,107.66991742213084,106.26324624947439,106.69541915163207,6125400
PG,2020-02-06,107.73773193359375,108.54275409057657,107.28013814595592,107.53435907190139,9102700
PG,2020-02-07,106.83949279785156,107.84788778754842,106.81407199900887,107.7801011456701,5915100
PG,2020-02-10,106.91575622558594,107.47503966594543,106.56832786287406,107.16150139194633,5216100
PG,2020-02-11,105.21247100830078,107.00046689094272,105.10230562041087,107.00046689094272,6105700
PG,2020-02-12,104.6108169555664,105.05146558340988,104.10238170160511,104.80572047655583,6031700
PG,2020-02-13,105.89039611816406,106.16156204878897,104.67014619779913,104.84810469877381,7159000
PG,2020-02-14,106.89032745361328,106.89880320771256,105.74634632424184,106.17004351772061,5889100
PG,2020-02-18,105.81411743164062,106.92420177897196,105.78022088739554,106.62761509820841,6767600
PG,2020-02-19,106.29715728759766,107.16997249899799,105.62771492518715,105.7971912218276,4734000
PG,2020-02-20,107.26317596435547,107.41570720253223,106.0344503054022,106.32256773978305,6094600
PG,2020-02-21,107.36485290527344,108.52579186374484,106.75473445313831,106.88183842330898,8723900
PG,2020-02-24,104.48373413085938,107.27165607159377,104.34814792098084,106.14462641123347,7533900
PG,2020-02-25,102.89910125732422,105.0430080342122,102.43303175578069,104.2464552370673,8903200
PG,2020-02-26,101.82290649414062,103.712592242537,101.56020985376774,102.8906187023847,6894200
PG,2020-02-27,96.17924499511719,101.61951439387661,96.11992765768915,100.94160288971405,13298900
PG,2020-02-28,95.95045471191406,95.95045471191406,90.39154398119696,92.75577473766556,22784300
PG,2020-03-02,101.31446838378906,101.50937193271892,95.374238529859,95.91657040717777,12399800
PG,2020-03-03,100.13658905029297,103.24652477131748,99.26377390192259,101.4585286360292,12510900
PG,2020-03-04,105.50060272216797,105.66160972688319,101.34836887221,101.58563826961797,9459300
PG,2020-03-05,103.06856536865234,104.14475973953506,101.92458436791595,102.7889301658806,9363500
PG,2020-03-06,103.09400177001953,103.89902383245183,99.61121040519951,100.0179560808116,9817400
PG,2020-03-09,98.34858703613281,101.71274366891886,97.55204073656931,97.67914471807538,13116500
PG,2020-03-10,102.15340423583984,102.38219789426589,96.97582359353582,100.80604368922141,11419100
PG,2020-03-11,94.56072235107422,100.36537820298739,93.78959693648444,99.65356366287631,16456000
PG,2020-03-12,86.29862976074219,94.55225464436195,85.58682167383408,87.28161022183079,20988000
PG,2020-03-13,96.66227722167969,97.13681600836392,89.32384521070011,90.24750198693994,17378700
PG,2020-03-16,91.94230651855469,98.25539318194252,85.58684754261773,86.22239344021143,17367400
PG,2020-03-17,100.1959228515625,101.43311803317708,93.86588496647228,94.44211347922084,19451400
PG,2020-03-18,99.5264663696289,102.95841616103928,94.98443202013097,95.77250904441229,23139200
PG,2020-03-19,93.91673278808594,99.99254972392235,93.0354417435199,98.81467190116267,16428100
PG,2020-03-20,86.79861450195312,92.95916936060745,86.08679979611239,92.5270028423503,19922900
PG,2020-03-23,82.79042053222656,87.91715863378077,79.94317516673377,84.90043699431322,17776800
PG,2020-03-24,87.51041412353516,88.12901486095582,81.4091772192037,85.78173529055584,14625500
PG,2020-03-25,85.51904296875,88.7221928289725,83.55308818090883,85.17161461981105,13789100
PG,2020-03-26,90.99320220947266,91.78127920694192,86.88334093959553,88.02732200944297,15796000
PG,2020-03-27,93.35743713378906,96.84870430087422,90.23902556210209,90.23902556210209,16073100
PG,2020-03-30,97.45035552978516,98.11979787836772,93.38285984336905,96.5182229873041,14571600
PG,2020-03-31,93.21337890625,96.84870145940646,92.32361224882982,96.17925914417614,21691000
PG,2020-04-01,92.64563751220703,95.0607104210302,90.67120687626648,91.47622902417199,11095800
PG,2020-04-02,96.94192504882812,97.44188466424768,91.09490213067512,91.25590914280993,9168800
PG,2020-04-03,97.51813507080078,98.212998120206,95.76402917382023,96.38262337634528,7768700
PG,2020-04-06,99.8315200805664,100.83992136303044,97.09444012117176,99.1451327686938,16848400
PG,2020-04-07,95.5606689453125,101.73817523986966,95.33187528926516,98.89940513538842,14438400
PG,2020-04-08,97.53509521484375,99.39936679431848,94.78953913901371,96.93344596006932,12564500
PG,2020-04-09,97.1622543334961,100.55183225884913,96.7724471827865,97.67068972927768,12747300
PG,2020-04-13,98.25537109375,98.9332891514942,95.89114657548272,96.27247144227275,7926700
PG,2020-04-14,102.50082397460938,102.93299692093957,98.5095971993764,100.63655891472813,10474200
PG,2020-04-15,102.72116088867188,104.58542617657206,101.3399037353094,102.41609835572721,14192900
PG,2020-04-16,102.95841217041016,103.80580650926126,101.60258252126953,103.67869606541245,12020200
PG,2020-04-17,105.66162109375,105.91583556184662,102.14493266500482,103.76345278007273,15899800
PG,2020-04-20,102.19576263427734,104.42441402840296,102.1449210394659,102.93299808457418,10832000
PG,2020-04-21,101.41616821289062,101.9415551002526,100.3569251485285,101.26363695301822,9465400
PG,2020-04-22,101.17889404296875,101.92459879777466,100.653507180313,101.67885364258598,10259400
PG,2020-04-23,101.85365295410156,102.08397241834125,100.70204261645937,101.21386871005346,17277000
PG,2020-04-24,101.32476806640625,102.16075572313372,101.18828413752105,101.59774243239889,12751100
PG,2020-04-27,100.19021606445312,101.67452028619157,99.72104482875423,101.67452028619157,10635700
PG,2020-04-28,99.7125015258789,100.58261169873575,99.0983076410909,99.89164032423848,9958000
PG,2020-04-29,99.87458801269531,100.70204334899887,98.16849668282305,100.2499236796763,8707900
PG,2020-04-30,100.5484848022461,100.89823010557862,98.66325485246973,98.88504201722841,10026400
PG,2020-05-01,99.65279388427734,100.97501726246885,99.22627105366355,100.31816845871936,7366400
PG,2020-05-04,98.75709533691406,99.97695091750519,98.10025302808286,99.88311537221188,5636000
PG,2020-05-05,98.96182250976562,100.02812951656959,98.27938342212248,98.78268371360913,5425200
PG,2020-05-06,96.4794692993164,99.07272906020513,96.30033047971774,98.56090293160577,7892200
PG,2020-05-07,95.68612670898438,97.36662764058946,95.38756204027268,97.29838242824917,8762800
PG,2020-05-08,98.91064453125,99.20921572745327,96.72684966119094,96.83774325723479,9279900
PG,2020-05-11,98.36466979980469,98.96180552606813,98.03198259143491,98.74001188441483,6947500
PG,2020-05-12,97.71637725830078,98.86798753050428,97.36662543414882,98.27085169839103,6734400
PG,2020-05-13,97.178955078125,98.39881057015454,97.01688083656663,97.48605202074933,9312600
PG,2020-05-14,97.0851058959961,97.63105449322194,94.9013115070927,96.85478647550607,9310000
PG,2020-05-15,97.76756286621094,97.92111134416655,95.58376807592843,97.18749156151442,10694800
PG,2020-05-18,99.13245391845703,99.79782861645435,97.85288518900892,98.97890541059434,10020800
PG,2020-05-19,95.91645812988281,98.64620169656203,95.83114835549368,98.17702397030996,8047600
PG,2020-05-20,96.63298797607422,97.05097842618179,95.65198440244924,96.39413629029846,6593800
PG,2020-05-21,95.21695709228516,96.56476426307599,95.054876337352,96.22355121217508,6552700
PG,2020-05-22,96.05292510986328,96.90597063749655,95.33636999059735,95.78848307892764,5571900
PG,2020-05-26,95.56671142578125,97.3751707037609,95.26814672400268,97.3751707037609,10432400
PG,2020-05-27,97.15338134765625,97.22162657061368,95.38757688002477,95.96764825871747,8279700
PG,2020-05-28,99.00446319580078,99.79779580757663,98.01493375461489,98.55235010134525,6586700
PG,2020-05-29,98.88504791259766,99.56748702019668,97.77609249802633,99.06418671399253,7868000
PG,2020-06-01,100.01960754394531,100.23286896727994,98.32204843650379,98.95330042727211,5105600
PG,2020-06-02,100.71055603027344,100.77880123657168,99.65278136553484,99.86604275405107,6327900
PG,2020-06-03,101.11148834228516,101.67450153113617,100.61672035963811,100.74467849421525,6171000
PG,2020-06-04,98.9959487915039,101.36741462139256,98.58648402206694,100.6593851806066,6895800
PG,2020-06-05,100.94090270996094,101.36742557461059,98.9959594884741,99.166566031045,7337800
PG,2020-06-08,101.5550765991211,101.61478952803802,99.66984018284164,100.18167272581081,6926700
PG,2020-06-09,100.94942474365234,102.16075458065657,100.78735048667757,101.85365760882138,5563200
PG,2020-06-10,101.70862579345703,102.27163248327155,100.75321241567882,101.51242244947518,6678200
PG,2020-06-11,99.17509460449219,101.99867378032529,98.95330090086046,101.35035722798297,8937500
PG,2020-06-12,98.629150390625,100.70205179051302,98.32205340484734,99.45659928806889,7998500
PG,2020-06-15,99.54188537597656,100.04517911674107,97.04246170276313,97.71636845514173,8786000
PG,2020-06-16,100.77027893066406,101.48684065126243,99.74662676777695,101.11149848770035,8165200
PG,2020-06-17,100.59967041015625,101.60626450391847,100.18167987789698,100.99207061508436,6320800
PG,2020-06-18,101.75131225585938,102.33138371875438,100.12199799763394,100.198769003438,6274400
PG,2020-06-19,101.4441909790039,103.91802475936372,101.36741999154209,102.7834724399106,17506200
PG,2020-06-22,100.44613647460938,101.5806888774425,100.09638459520957,101.32477255065129,5695600
PG,2020-06-23,100.42908477783203,101.67453086335978,100.36083955193992,101.230943403284,5340400
PG,2020-06-24,99.31157684326172,100.62526797594104,99.19215096831105,99.9940159928844,6547800
PG,2020-06-25,100.56553649902344,100.68496235195772,98.97887130064412,99.79779422428814,5489300
PG,2020-06-26,98.29645538330078,101.0603215308309,98.1343746234265,100.30963717623169,23201700
PG,2020-06-29,100.3693618774414,100.70204918539031,99.25186756601751,99.3883580042644,6866900
PG,2020-06-30,101.9986801147461,102.35695776793979,100.48879200015978,100.633808215754,7818000
PG,2020-07-01,102.3484115600586,102.698156863611,101.42712077161309,102.06690495666336,6501200
PG,2020-07-02,103.11615753173828,104.55780678667439,102.81759285095261,103.21852535438848,6150900
PG,2020-07-06,103.75592803955078,104.4213090363287,103.1161438762121,103.87535389604966,6023300
PG,2020-07-07,104.25923919677734,105.13787516495397,103.12468693322693,103.47443876968964,6866300
PG,2020-07-08,104.83078002929688,105.12934470692245,104.07156991695389,104.19952806685681,6494100
PG,2020-07-09,104.48103332519531,105.76060179100497,103.90948779755179,104.77106572016572,5341000
PG,2020-07-10,105.6838150024414,106.2041733200891,104.47249185666729,104.55779511190666,6752600
PG,2020-07-13,105.82030487060547,107.13398931259026,105.21463679262682,105.7776499890956,7681500
PG,2020-07-14,106.70745849609375,107.19370067909969,105.3511192747214,105.76910974751769,6272100
PG,2020-07-15,106.20419311523438,108.25150416367856,105.99946396285668,107.46670365604538,8145000
PG,2020-07-16,106.42597198486328,107.07428196168463,105.70088451896848,106.69894631937267,3959300
PG,2020-07-17,107.16812896728516,107.54347115798367,106.48569631209593,106.70748350821577,4868600
PG,2020-07-20,106.8354263305664,107.34725237555038,106.45155842388372,107.03162967705792,4242100
PG,2020-07-21,106.69042205810547,108.02970350434046,106.56246390551549,107.04869967877985,5162300
PG,2020-07-22,107.6031723022461,107.82496598227726,105.95679402108162,107.05722363464744,5929200
PG,2020-07-23,108.29937744140625,109.17497191057154,107.81865287369365,108.26503950447737,6664800
PG,2020-07-24,108.12767028808594,109.68142402467191,107.57827648456524,109.01185073596173,6014200
PG,2020-07-27,108.43672180175781,108.71141874577405,107.76714841004895,107.9130797289,6464600
PG,2020-07-28,109.77586364746094,110.27376043204042,108.41096511026161,108.47964098049957,7644400
PG,2020-07-29,110.1449966430664,110.94334223405977,109.3294919071453,109.50117504651018,6702000
PG,2020-07-30,112.8146743774414,113.3383162978924,111.2952522314476,112.1622734185925,10400700
PG,2020-07-31,112.5571517944336,112.63442032195054,110.96906677244975,112.1622819808167,8487000
PG,2020-08-03,112.70308685302734,113.24390107083832,111.9991822015319,111.9991822015319,7769400
PG,2020-08-04,114.84918212890625,114.9693616356447,112.19664030966067,112.2567366123218,7773700
PG,2020-08-05,114.5487060546875,115.5873972490862,114.27400263557315,114.67746509578487,5680000
PG,2020-08-06,113.9220962524414,114.48864932760371,113.41561328577318,114.04227576518305,3974100
PG,2020-08-07,114.64312744140625,114.72038286183522,113.69885086312124,114.07656149443524,4934900
PG,2020-08-10,115.11530303955078,115.40716567703943,114.33412971693393,114.77192367316692,5812700
PG,2020-08-11,114.36844635009766,115.66468200577673,113.990735645094,115.26121948893935,5329900
PG,2020-08-12,116.28279113769531,116.72058518597882,114.7719478051036,114.83204411882542,5920400
PG,2020-08-13,116.55744171142578,116.63469714670516,115.82777211534692,115.95654427272765,4989500
PG,2020-08-14,115.97371673583984,116.43726244698688,115.50157835503524,116.4115106351777,5845200
PG,2020-08-17,116.31710052490234,116.48878366241792,115.59602348818666,115.83638250042522,5603800
PG,2020-08-18,117.18408203125,118.051103289693,116.24839801240155,116.58318463834645,8670700
PG,2020-08-19,116.54885864257812,117.02099700830777,116.31707924511421,116.35141062690302,6827700
PG,2020-08-20,117.47599029541016,117.58757713595973,116.05099529794705,116.09391935904354,4352200
PG,2020-08-21,117.9824447631836,118.5490108591171,116.66904987625402,117.26136778576789,5706600
PG,2020-08-24,118.90095520019531,119.13273461812139,117.77641569254965,118.02536735217684,7420500
PG,2020-08-25,119.37308502197266,119.45034045619741,118.29146964708119,119.32158139915614,4718300
PG,2020-08-26,118.79793548583984,119.5962809089172,118.6777560037034,118.95245944777595,4746200
PG,2020-08-27,118.64344787597656,119.91391880736485,118.61768296178646,119.18424910229422,6156100
PG,2020-08-28,119.12415313720703,119.24433263002345,117.56180663201133,118.73786284591014,4166300
PG,2020-08-31,118.7464370727539,119.08980329432295,118.30864317546613,118.62625758534658,5596800
PG,2020-09-01,118.61768341064453,118.65202789730549,117.66484003243548,118.3429930102758,5671800
PG,2020-09-02,120.61783599853516,121.41618166015911,118.12839751104103,118.5576119467183,8384800
PG,2020-09-03,118.68634033203125,121.63933698127944,117.6819803842198,120.8152528131898,7277900
PG,2020-09-04,118.42882537841797,119.4846889776061,116.84930666666989,118.30005321844055,7437700
PG,2020-09-08,116.69482421875,119.01257957852417,115.92223036643513,118.90957230431628,6847500
PG,2020-09-09,118.5919189453125,119.80230654862113,116.97808190615002,117.10684097093504,6002900
PG,2020-09-10,117.34719848632812,119.08122809565909,117.18409494059046,118.56616564581196,5242500
PG,2020-09-11,118.58332061767578,119.02970713596339,117.74206429744864,118.19703038583742,4398000
PG,2020-09-14,119.00399780273438,119.81950260515276,118.74646652339568,118.8408942225337,4767400
PG,2020-09-15,119.00399780273438,119.98260618535343,118.79797015954642,119.1413364662747,4046500
PG,2020-09-16,118.20563507080078,120.32595510994072,118.11980005581083,119.81090572425173,6049900
PG,2020-09-17,118.05113220214844,118.36016709398326,116.90942032671929,117.65624919091015,4648500
PG,2020-09-18,117.92235565185547,118.4030736660938,116.96949919556755,117.52748575383835,10192800
PG,2020-09-21,117.35578918457031,118.00819025797777,115.63033917557921,117.6047277353786,7092600
PG,2020-09-22,118.42882537841797,119.34733724639635,116.95232701436822,117.16693418241519,4722800
PG,2020-09-23,117.01241302490234,118.8236980907327,116.82355766459152,118.8236980907327,6373700
PG,2020-09-24,117.53605651855469,117.73349145276862,116.49736512246258,117.3214493426666,5708200
PG,2020-09-25,118.13697052001953,118.45459809180967,116.65189232269792,116.65189232269792,4969900
PG,2020-09-28,118.47174072265625,120.12851493262666,118.27430578834084,118.9438791295692,5810800
PG,2020-09-29,117.82792663574219,118.82370713892011,117.31287723996914,118.79795532406062,4492100
PG,2020-09-30,119.31299591064453,120.0512450310899,118.30004335069344,118.60049860033018,8727800
PG,2020-10-01,119.52759552001953,120.17141692983996,118.64341516508587,119.81945808214557,5713400
PG,2020-10-02,118.56617736816406,119.42460613705857,117.5618172803875,118.40307380630074,6077900
PG,2020-10-05,119.6563949584961,119.87958174042609,118.72071067066302,119.0812492100505,6333900
PG,2020-10-06,119.84524536132812,120.84102591356478,119.15849970121373,119.68214179346025,6042900
PG,2020-10-07,120.78092193603516,121.37323986651684,119.63921013208613,120.24870030509018,4640900
PG,2020-10-08,121.5964126586914,121.83677163206484,120.48904546697675,120.66072857673183,4569800
PG,2020-10-09,122.68665313720703,123.30472297456002,121.63936886272475,121.75954838117754,6551700
PG,2020-10-12,124.03434753417969,124.75542438199179,123.03856725944087,123.03856725944087,5791500
PG,2020-10-13,123.79402923583984,124.33483049999467,123.15020760346798,123.45924251094986,4509400
PG,2020-10-14,123.6480484008789,124.55799370953314,122.8239642892799,123.76822787959463,3860700
PG,2020-10-15,123.46778106689453,123.94849896359361,122.66085612661524,122.80678740964315,4997100
PG,2020-10-16,123.94849395751953,125.2189645044235,123.54503150367506,123.9742457653326,6806100
PG,2020-10-19,121.81958770751953,124.80691512498706,121.15001454668334,124.01716250191306,6427600
PG,2020-10-20,122.30891418457031,125.06447600006237,121.81102398027093,124.99580013409879,7582100
PG,2020-10-21,122.96991729736328,123.90560148252796,122.30034392645801,122.3175161689021,5649700
PG,2020-10-22,122.09895324707031,123.22110959392202,121.7795752513843,122.13348842954674,4502900
PG,2020-10-23,122.90174102783203,123.33333864271127,122.3665510288883,122.3665510288883,4278100
PG,2020-10-26,121.96946716308594,122.61686347162534,120.85593813646365,122.14210354443412,5315500
PG,2020-10-27,122.88446044921875,123.73038799701915,122.27158610547878,122.52192007159002,6806700
PG,2020-10-28,118.82745361328125,121.65873279699522,118.52533002673862,121.23576241009822,8192200
PG,2020-10-29,118.74976348876953,120.06181063763442,117.22190438039944,118.55985950145516,5476900
PG,2020-10-30,118.34405517578125,119.11229829894668,116.2551114130677,118.41309919401694,6422000
PG,2020-11-02,119.55253601074219,120.84732881952279,118.6375511999474,119.56116322112784,6682800
PG,2020-11-03,121.90039825439453,123.14340115467343,120.26033303232732,120.26033303232732,6244200
PG,2020-11-04,121.39977264404297,123.43691384697141,121.08039463422428,121.24440382996258,5820600
PG,2020-11-05,122.90174102783203,123.8944102735287,122.38381862145137,122.95353063420731,5673100
PG,2020-11-06,123.63545989990234,124.36055396661101,122.90175179312853,123.15207263630664,4702300
PG,2020-11-09,119.11229705810547,126.82062300912557,118.77565149463685,126.15595909154987,12664700
PG,2020-11-10,121.07176971435547,121.38252055351501,118.38723176729575,119.20727785071341,7854000
PG,2020-11-11,122.63417053222656,123.43693589096416,121.40842153611779,122.4442665002275,5554300
PG,2020-11-12,122.70320892333984,123.04849495259221,121.77096957264658,122.82405574074936,5631700
PG,2020-11-13,124.54178619384766,124.71442257711726,122.4701232519889,122.75497921147404,6466800
PG,2020-11-16,122.94488525390625,124.97339922989437,121.93494845670581,124.97339922989437,7976600
PG,2020-11-17,122.47013092041016,123.84260803461152,122.35791133716803,122.47875813015472,6396800
PG,2020-11-18,120.58838653564453,122.66006325738724,120.5538645173742,122.56511124299925,6097100
PG,2020-11-19,120.44161987304688,120.95090185739716,119.50936751773915,120.73510306694573,5284100
PG,2020-11-20,120.24308776855469,121.1494453158898,119.66474859505641,120.44161896630776,4726900
PG,2020-11-23,119.7769775390625,120.80418207450751,119.00010702168011,120.26037798086594,4770600
PG,2020-11-24,119.38851928710938,120.70920681509486,119.18136088040592,119.83738445382143,7101800
PG,2020-11-25,119.7078628540039,120.32073703065419,119.15541864280617,119.25901098768064,8411300
PG,2020-11-27,119.6474609375,119.88915448674575,118.7152087455619,119.63019334932228,4252200
PG,2020-11-30,119.87188720703125,120.15674314179901,118.03329078634567,119.12091176075026,11640400
PG,2020-12-01,120.30348205566406,120.45022362403401,119.25902348923374,120.12221848292309,7169700
PG,2020-12-02,119.43168640136719,120.79553637511452,118.6807108047475,120.30350879711317,6963000
PG,2020-12-03,118.55120849609375,119.42304395190018,116.9974547260882,119.19860480265342,8742500
PG,2020-12-04,118.66342163085938,119.00006716514821,117.28230431662726,118.43899566510376,6617200
PG,2020-12-07,118.84471893310547,118.89652171341966,117.8779444416073,117.92110683954517,6918000
PG,2020-12-08,119.1640625,119.79419110976602,117.76567775950028,118.27497277745186,6493500
PG,2020-12-09,117.74846649169922,119.15546578407921,117.61035209143057,118.97420215862651,6773400
PG,2020-12-10,116.97157287597656,118.18868122815422,116.56587009191733,117.8434084282929,6800500
PG,2020-12-11,117.83475494384766,118.08508889152634,115.8407764280537,116.06521557718791,6548000
PG,2020-12-14,117.26507568359375,119.06051014703965,117.1960184855668,118.27501250852472,6485300
PG,2020-12-15,117.95561218261719,118.72385534059099,117.60171218070386,117.7311861849023,5397000
PG,2020-12-16,118.49080657958984,119.35400176347287,118.00741938402547,118.00741938402547,5382500
PG,2020-12-17,119.33672332763672,120.08769885455317,119.0777621617411,119.12955176065782,7405300
PG,2020-12-18,120.01863098144531,120.90773397851136,118.64615404708273,119.34533991284061,19988800
PG,2020-12-21,118.70658874511719,119.4920862422068,117.58443252901739,119.08639668022586,6732400
PG,2020-12-22,117.86929321289062,119.18135344922496,117.72255162685437,118.5080491554823,5023100
PG,2020-12-23,117.6880111694336,118.73248298608065,117.50674758299874,118.5943686155418,6004200
PG,2020-12-24,118.87923431396484,119.2331474782508,117.56717402887571,117.56717402887571,2588200
PG,2020-12-28,119.7078628540039,120.32073703065419,119.07773426263202,119.25037060901089,3714700
PG,2020-12-29,119.48345947265625,120.79551966113556,119.29355550440353,120.17401815981964,5139300
PG,2020-12-30,118.9223861694336,119.91505521210665,118.73248220402134,119.63883964415962,3261400
PG,2020-12-31,120.10496520996094,120.23443920592175,118.59437379096265,119.38851169925003,4076400
PG,2021-01-04,118.9655532836914,120.72646546684697,117.69665545133788,120.55382908360612,8330900
PG,2021-01-05,119.72513580322266,119.91503974413901,117.62757841670512,119.11227477042772,6856400
PG,2021-01-06,120.98543548583984,121.7450382619796,119.6388531581288,119.78559475319345,10578000
PG,2021-01-07,119.85464477539062,120.95953344850446,119.15544568123609,120.63151509603532,7355400
PG,2021-01-08,119.8028335571289,120.03589990541141,118.25772023411837,119.52661799398496,7448500
PG,2021-01-11,118.9914321899414,120.36390903466707,118.7756334468848,119.76830239642122,7239900
PG,2021-01-12,118.30091857910156,119.33675030553762,117.60173249304009,118.9914774538306,6333500
PG,2021-01-13,118.482177734375,119.18137696530235,118.34407650170526,118.34407650170526,6078800
PG,2021-01-14,117.22187042236328,118.81877308959255,116.77300538498726,118.6288691572915,6172800
PG,2021-01-15,116.34143829345703,117.56717379461026,116.23785909292116,116.74714105730571,7757600
PG,2021-01-19,115.3228988647461,117.70531318239573,115.28836367635563,117.13560111578978,9184900
PG,2021-01-20,113.88133239746094,115.49551632102589,113.30299321441512,114.3992547677205,12506600
PG,2021-01-21,113.76931762695312,114.62036095079397,113.3351167171095,113.4566924418353,8761600
PG,2021-01-22,112.89224243164062,114.1687942330439,112.88356318326595,113.77801604400962,7202800
PG,2021-01-25,114.83744049072266,115.49742098321107,112.80537053217147,112.84879326539941,9640000
PG,2021-01-26,115.57557678222656,115.90557366192903,114.13402680861462,114.84612254886561,5996700
PG,2021-01-27,111.48543548583984,115.58429334196875,110.89491532821405,114.96772218849661,10826700
PG,2021-01-28,113.20487213134766,114.32510475119443,110.66914017529108,111.0164956347328,8242000
PG,2021-01-29,111.33779907226562,113.14406313067686,111.21622335197334,113.05723090233076,8344100
PG,2021-02-01,111.99776458740234,112.59696386061243,111.32909159040985,112.023815577476,6534200
PG,2021-02-02,111.84143829345703,113.51746030271798,111.75460608231194,112.54485473304764,6825600
PG,2021-02-03,111.98040771484375,112.19750816146065,110.93832822123458,111.98040771484375,7309400
PG,2021-02-04,112.04987335205078,112.42329298364665,111.65909522652672,112.35381925565768,6613700
PG,2021-02-05,112.51883697509766,112.97908890744095,112.04989254354273,112.12804553188155,5063700
PG,2021-02-08,112.17145538330078,112.97907592226159,111.25095162441173,112.8314359602425,7011200
PG,2021-02-09,111.73725891113281,112.84013291618166,111.3551599959499,112.42330375905485,5917800
PG,2021-02-10,111.34646606445312,112.1627657754661,111.1206797693131,111.80671790138457,8594100
PG,2021-02-11,111.44198608398438,112.31038773982395,111.33778212552609,111.62434301128638,6139200
PG,2021-02-12,110.82542419433594,111.26831090387468,109.92228565691805,111.15541444583558,8407300
PG,2021-02-16,111.0859375,111.30303791254318,110.27832370032425,111.12936023266016,8246000
PG,2021-02-17,111.55488586425781,112.44933853637015,110.38253829363076,110.45201201825944,8845200
PG,2021-02-18,112.48408508300781,112.76198002181607,110.7993834560727,110.9904329138134,6936400
PG,2021-02-19,110.39124298095703,112.40593496092532,110.30439749767946,112.32778197643172,8277900
PG,2021-02-22,109.92229461669922,110.49543632395535,109.74861029224317,110.10465818834342,6975500
PG,2021-02-23,110.73860168457031,112.83144671087007,110.45203410757964,110.96438802207904,10145300
PG,2021-02-24,110.86016082763672,111.36383538839605,110.20885957246212,110.59095180357352,7263000
PG,2021-02-25,109.92229461669922,112.01514600508274,109.6704573152726,110.71253676049075,7790800
PG,2021-02-26,107.27366638183594,110.22623363666533,105.78870019456429,109.88755748651808,17718800
PG,2021-03-01,107.93367004394531,108.97574964577379,107.68183270467098,107.82078018511773,7740200
PG,2021-03-02,107.59495544433594,108.4286201533623,107.18680564790697,107.5689044573942,10206500
PG,2021-03-03,106.95236206054688,107.85549404472718,106.6310510298619,107.48208102948013,7537000
PG,2021-03-04,106.07527160644531,108.35047987653563,105.54554602629925,106.9002505917197,10228100
PG,2021-03-05,109.40126037597656,109.70519967728005,106.42264197244275,106.60500555322483,10490900
PG,2021-03-08,110.55622863769531,111.93698428953664,108.82811094831925,109.21020985214544,9224700
PG,2021-03-09,109.57494354248047,111.95436270956655,109.47073293739355,110.85149529692926,8859700
PG,2021-03-10,110.58229064941406,111.5201662565932,108.95838339710733,109.5488969321408,9070900
PG,2021-03-11,110.20886993408203,111.02516307872277,110.04387148047036,110.3999127549097,6941500
PG,2021-03-12,111.27699279785156,111.86751284153884,110.85147782190839,110.85147782190839,6521900
PG,2021-03-15,111.64170837402344,112.05853743479149,110.45200241376023,111.49408169105884,7172600
PG,2021-03-16,111.97172546386719,112.87485746723478,111.59830581530723,111.59830581530723,6485200
PG,2021-03-17,111.52014923095703,112.7532781047025,111.45936799989492,112.11934854829481,6192900
PG,2021-03-18,111.76329803466797,112.05855143749166,110.32175463342541,111.33778967493932,6871300
PG,2021-03-19,111.16410064697266,112.6664451798777,111.06858255205613,112.1106686029083,20262100
PG,2021-03-22,113.04856872558594,113.66513999078907,111.16413793023801,111.16413793023801,8077600
PG,2021-03-23,115.15007019042969,115.74925623003544,112.88354123382899,113.24826835605965,9503800
PG,2021-03-24,115.11531829833984,115.61899283534312,113.43061701095996,113.70851189375792,8318000
PG,2021-03-25,115.91423797607422,116.03581366597265,114.67243009002293,115.57556189344602,7517300
PG,2021-03-26,117.6250228881836,117.76397035840762,115.04586844422573,115.68849055594173,10821200
PG,2021-03-29,119.46604919433594,119.49210018984692,117.23425007331583,117.23425007331583,11176000
PG,2021-03-30,117.6250228881836,118.97104834811354,117.35582044634963,118.63237217116756,8090600
PG,2021-03-31,117.60763549804688,118.75393209877934,117.46000879960556,117.82473592235908,9202600
PG,2021-04-01,116.60901641845703,117.6510961407667,115.78403719041033,117.27768965100046,9117800
PG,2021-04-05,118.49342346191406,119.18814755500965,116.99977129952455,117.19951325491799,8279100
PG,2021-04-06,118.5368423461914,118.98841497962765,117.79001628929124,118.10264145847641,6180600
PG,2021-04-07,118.74528503417969,119.25763899423161,118.31976331693075,119.07526875805009,10244500
PG,2021-04-08,119.19683074951172,119.51814843802907,118.6150031118727,118.88420555980534,6190300
PG,2021-04-09,118.42393493652344,119.20550441267386,117.72053168351884,118.5455106438235,5855400
PG,2021-04-12,118.90154266357422,119.00574661286207,117.85078417290427,118.5368155903102,6440900
PG,2021-04-13,117.32974243164062,118.44129543592808,117.09527028598025,118.11999107944473,9161200
PG,2021-04-14,117.7552719116211,117.92025709850768,116.86949849681046,117.68579818783616,7584000
PG,2021-04-15,119.1794662475586,119.63102563712081,117.98974678656195,118.076592265733,7945300
PG,2021-04-16,119.18814849853516,119.75260437509124,118.8668440688734,119.500773680365,7708500
PG,2021-04-19,118.63235473632812,119.04050458840224,117.57290362040273,118.91892888251367,9149400
PG,2021-04-20,119.62230682373047,120.35176090476105,115.9576514275819,117.09525527435096,10040500
PG,2021-04-21,118.84078979492188,120.33444192791464,118.62368934827478,119.74392182263952,8465900
PG,2021-04-22,117.66090393066406,118.67468450805139,117.1627417485186,118.3076239538284,7338300
PG,2021-04-23,117.05790710449219,118.05421843956941,116.45487410303065,117.92311677133924,6708300
PG,2021-04-26,114.71571350097656,116.90060833378494,114.637060487525,116.66464929343026,9910600
PG,2021-04-27,114.6457748413086,115.26629073091547,113.8679529528235,114.69822350980539,8296800
PG,2021-04-28,114.83802032470703,115.23131190292531,114.38357198608901,115.10895837552286,6262800
PG,2021-04-29,115.80814361572266,116.22765296253607,114.75939691976464,114.75939691976464,6786800
PG,2021-04-30,116.60345458984375,116.82194405204977,115.58966028467859,116.01790443139623,9188600
PG,2021-05-03,117.98429107666016,118.57857591954439,117.13655102948864,117.13655102948864,8070300
PG,2021-05-04,117.58226013183594,118.70967300436898,117.29386583336418,117.9668036438461,9624000
PG,2021-05-05,116.63839721679688,117.95806850574796,116.5597308910102,117.43368856633735,8295900
PG,2021-05-06,118.10665893554688,118.30766549964169,117.04042933124533,117.11908233429922,9771100
PG,2021-05-07,118.11536407470703,118.88445102857351,117.77452114479524,118.05419397730473,6299100
PG,2021-05-10,120.31778717041016,120.97325562089324,118.58735419508595,118.7621431147735,8852700
PG,2021-05-11,119.72345733642578,121.29657035997651,119.26899564701559,121.0343937464079,10973700
PG,2021-05-12,118.45623779296875,119.73222208575295,118.41255057012707,119.28650839557052,8853700
PG,2021-05-13,120.36145782470703,121.06936144163019,118.32513474429581,118.76211360269642,8753600
PG,2021-05-14,120.61492156982422,121.56754578891443,120.3177790927504,120.3177790927504,5989500
PG,2021-05-17,120.37019348144531,121.54130696553194,120.26532282203382,120.57994813580483,7690700
PG,2021-05-18,119.1379165649414,120.45758785237817,118.98933202503478,119.26027010592537,9239100
PG,2021-05-19,119.38264465332031,119.58365121983373,118.49993871219013,118.9106999582424,9806800
PG,2021-05-20,120.60619354248047,121.22670953631471,119.48752846632091,119.54869858653578,8768200
PG,2021-05-21,120.60619354248047,121.42771612493442,120.41392173230871,120.78098246021672,10161000
PG,2021-05-24,120.57120513916016,121.30532637606332,120.37018527494438,120.60615757806883,6981300
PG,2021-05-25,120.98194885253906,121.02564940133851,119.51370642873111,120.6498540198407,8142400
PG,2021-05-26,120.71104431152344,121.35777786954529,120.49255486651386,121.29659442388464,8122900
PG,2021-05-27,117.96681213378906,120.85087534589228,117.68715259117769,120.71103890681819,33095700
PG,2021-05-28,117.85321044921875,118.97187532636691,117.66967345014632,118.11538711141188,10477100
PG,2021-06-01,116.13152313232422,118.85826735124519,115.78193199173278,118.67473033549237,9993900
PG,2021-06-02,116.63839721679688,116.78696842133819,115.81687486830361,116.23637081851062,8254100
PG,2021-06-03,118.7271728515625,118.77960818604754,116.41117667268394,116.43739433992646,11249800
PG,2021-06-04,118.81458282470703,119.40013306173176,118.33390327624188,118.59609333318109,6894400
PG,2021-06-07,119.22530364990234,119.59236427075717,118.57857017380438,119.17286832342819,8418000
PG,2021-06-08,117.84445190429688,119.51371429534923,117.7657989126019,119.45253085589576,6911500
PG,2021-06-09,117.80076599121094,119.24280436249498,117.75707876964229,118.46498245393731,6200700
PG,2021-06-10,118.6747055053711,119.16413299979696,117.65217663721783,118.00176770466489,6515500
PG,2021-06-11,117.86196899414062,118.74466171778141,117.02296349931716,118.63979103175595,10641400
PG,2021-06-14,117.90564727783203,118.01051794404005,117.07539005409792,117.9668173879409,6302000
PG,2021-06-15,117.67840576171875,118.54362873544167,117.59101798799753,118.15908519156481,5543400
PG,2021-06-16,116.04412078857422,118.49120540473422,115.93050200213881,118.14161426783232,8936400
PG,2021-06-17,117.10161590576172,117.25018713845364,115.93050226391881,116.07908683214907,7875600
PG,2021-06-18,115.38865661621094,116.54228740673886,115.31000360836735,116.53353929328593,13997600
PG,2021-06-21,116.29756927490234,116.46361005280606,115.71200582154503,115.96546104801985,8014800
PG,2021-06-22,116.34124755859375,117.12781750885922,116.13150624028549,116.2713293406455,6550900
PG,2021-06-23,116.1751708984375,116.55097957999091,115.64206959423328,116.19265378341377,5796000
PG,2021-06-24,116.2538833618164,116.50732528467742,115.9742104333112,116.19269990787868,6056700
PG,2021-06-25,117.91438293457031,118.45623249473758,116.19268502861061,116.46360980869424,24504900
PG,2021-06-28,118.26399230957031,118.99811376292162,117.77456467179654,117.89691824735509,6065400
PG,2021-06-29,117.45992279052734,118.70968937692943,116.95303900264315,118.43001648033623,5792300
PG,2021-06-30,117.92308807373047,118.23771333116372,117.36375576446405,117.61721092670608,5776600
PG,2021-07-01,118.19404602050781,118.98060262874921,117.91437315102155,118.36008678428682,5922300
PG,2021-07-02,118.7708511352539,119.41758466148796,118.35135515540476,118.50867448255866,5572000
PG,2021-07-06,118.84076690673828,119.12043977790184,118.29891738827949,118.43875382386126,6534400
PG,2021-07-07,119.73219299316406,120.24782478435809,118.88445304162515,118.88445304162515,5532700
PG,2021-07-08,119.7147216796875,120.08178231240409,118.76211098986091,119.72346979140637,7585200
PG,2021-07-09,119.75846099853516,120.30031067906073,119.59240684855719,119.94199804207408,5948700
PG,2021-07-12,119.85457611083984,120.14298379461476,119.23406018474145,119.64482143112951,6807300
PG,2021-07-13,119.70598602294922,120.23036597185053,119.19908896182089,119.19908896182089,5603800
PG,2021-07-14,120.58867645263672,120.80716587173113,119.18160406024728,119.74093643970754,5903600
PG,2021-07-15,121.61994171142578,121.70732946931093,120.34395775938479,120.61488247923748,7357100
PG,2021-07-16,122.79979705810547,123.03576938149355,121.57626155819835,121.74231566222934,9346300
PG,2021-07-19,122.73863983154297,123.9883931279208,121.31408430065959,122.63376915927019,9544100
PG,2021-07-20,122.08317565917969,124.08453329196061,122.03947509904974,122.73864405451307,8136300
PG,2021-07-21,121.6549072265625,122.52886491258023,121.47138358039892,122.3103754910758,6954700
PG,2021-07-22,121.18880462646484,121.65491432961448,120.23020266484825,120.74027434725504,6013800
PG,2021-07-23,122.93894958496094,123.10604810192882,120.55563519285292,120.90741165637652,7906000
PG,2021-07-26,123.3698501586914,123.84476300336742,122.43763073247061,122.78940709049087,5925800
PG,2021-07-27,123.87113189697266,124.54830198244409,123.12359044436928,123.2555032092257,7075400
PG,2021-07-28,122.03309631347656,123.71285755651843,121.98913432590562,123.71285755651843,8520000
PG,2021-07-29,122.66632080078125,123.28193632159311,122.00672986718028,122.912567009106,5430500
PG,2021-07-30,125.08480072021484,127.11633832100615,124.4867781448346,124.8825299572962,14394300
PG,2021-08-02,124.7769775390625,125.26066665753062,123.8271653063454,124.68023703148741,7009500
PG,2021-08-03,126.59744262695312,126.82610933125319,124.46037513908966,124.75938637765856,8455700
PG,2021-08-04,125.26068115234375,126.72057864671862,125.19033661088302,125.79714886199191,6628000
PG,2021-08-05,125.32225799560547,126.24568784366558,124.4164209938216,126.06979963913265,5363300
PG,2021-08-06,124.3636474609375,125.86750694027597,124.19654898114236,125.78835926650214,6030100
PG,2021-08-09,125.0407943725586,125.40137382288056,124.6186601050194,124.83852365969284,4743800
PG,2021-08-10,125.11996459960938,125.33102503910825,124.5834969502041,124.80336052095367,5253500
PG,2021-08-11,125.42778778076172,125.97305865807425,125.29587498269163,125.53333143862757,4205000
PG,2021-08-12,125.71800994873047,125.89389815345656,125.19034533455218,125.89389815345656,4956100
PG,2021-08-13,126.32482147216797,126.63263586042092,125.48934252900635,125.71799582752593,4888800
PG,2021-08-16,127.20427703857422,127.24825244009119,126.0961693851521,126.35120524289702,6040800
PG,2021-08-17,127.41535949707031,128.04856774722478,126.54469479825556,126.99321171736108,7577000
PG,2021-08-18,126.02581024169922,127.41534971623862,125.92026659516911,127.25704095614763,7162000
PG,2021-08-19,127.5121078491211,127.7671437397062,125.90270456610283,125.90270456610283,5787200
PG,2021-08-20,127.60001373291016,128.3827274775363,127.32738506289758,127.74072963337049,5273800
PG,2021-08-23,126.9492416381836,127.81989286207747,126.84369799028092,126.896463104528,4522200
PG,2021-08-24,125.9202651977539,126.77333697594337,125.74437701470012,126.65021390586489,4560400
PG,2021-08-25,125.47174072265625,125.8762955966577,125.10237153478052,125.8235304868765,3861500
PG,2021-08-26,125.25188446044922,125.50693373181635,124.41640552821485,125.3750075302584,4749400
PG,2021-08-27,125.15513610839844,125.55969098066677,124.56590335268706,125.3046417252738,4741200
PG,2021-08-30,125.70043182373047,125.75321036879826,124.92652094841779,125.41022363262034,3845800
PG,2021-08-31,125.22550964355469,126.22808710808164,124.92649837259607,125.7971496274114,9642400
PG,2021-09-01,126.5007095336914,126.80852392164398,125.0847875040445,125.17273830614761,6214200
PG,2021-09-02,126.59744262695312,127.28341590103825,126.27204883318154,126.6150354702241,5392500
PG,2021-09-03,126.68538665771484,126.96680503798238,126.21927698148514,126.4303374118341,5466400
PG,2021-09-07,126.21048736572266,127.08115199236667,126.01700633757955,126.92285665265408,6520600
PG,2021-09-08,127.16911315917969,127.46812443816931,125.77077044736944,125.83233869743697,6897800
PG,2021-09-09,126.63265228271484,127.4153662138323,126.33362756813857,127.14273747886253,6354700
PG,2021-09-10,126.75578308105469,127.04600468028053,126.04342707359619,126.69421482391093,5750000
PG,2021-09-13,128.11892700195312,129.48208418087285,127.38899156530493,127.38899156530493,9952500
PG,2021-09-14,127.8990249633789,128.71692439286542,127.47689068138318,128.51465367307262,5831800
PG,2021-09-15,127.6264419555664,128.1980954734645,127.29225834665033,127.82872616713935,6237100
PG,2021-09-16,126.73816680908203,127.6879791166152,125.60367660307233,127.38016472660975,6142100
PG,2021-09-17,126.9404296875,128.64657316647322,126.84368917829819,126.96681224279071,18737400
PG,2021-09-20,125.66524505615234,127.38898167216402,124.85614857742354,126.83492107783708,10238700
PG,2021-09-21,125.85871887207031,127.10754250131998,125.65644811886885,125.74438550663035,6651300
PG,2021-09-22,126.28968048095703,126.94927140250921,125.63887927403734,126.48316155816526,6332500
PG,2021-09-23,126.80854797363281,127.24827522873555,126.19293250037116,126.69421459309463,5171200
PG,2021-09-24,126.24568939208984,127.03719303190083,125.84113443923336,126.46555300530511,5009400
PG,2021-09-27,124.58350372314453,125.91147493168009,124.46038065360752,125.89388208762962,5749700
PG,2021-09-28,123.64247131347656,124.32844456339383,122.7366344983446,124.0470261780107,7015300
PG,2021-09-29,124.90011596679688,125.48054566424501,123.28190969379433,123.3610707874814,5460000
PG,2021-09-30,122.94772338867188,125.53332137892522,122.71026695176468,125.44537057431998,6934900
PG,2021-10-01,122.75425720214844,123.32589724300074,121.64614939489505,123.06205821668033,5587200
PG,2021-10-04,122.0594711303711,123.47539326111107,121.0129316593105,122.58714914184795,5816000
PG,2021-10-05,122.53438568115234,123.5809385857708,121.9979179493483,122.0682759131237,6902700
PG,2021-10-06,124.17018127441406,124.23173611046403,121.90997679954518,122.23538408521678,5332900
PG,2021-10-07,125.16397094726562,125.78837612772463,124.66267544068435,124.66267544068435,5334600
PG,2021-10-08,124.6450424194336,125.42775613579649,124.03821686259148,125.13753463385433,6131800
PG,2021-10-11,125.16397094726562,125.559722788592,124.68026828812862,125.20793293676023,5995600
PG,2021-10-12,124.97923278808594,125.79711872586992,124.61865335728828,125.41017016289818,6734800
PG,2021-10-13,125.26948547363281,125.55090390037364,124.02945156292688,125.23429978315956,5689800
PG,2021-10-14,126.68538665771484,126.91403993039515,125.59485856308692,125.61245140541827,6777800
PG,2021-10-15,127.01078796386719,127.4065397136402,126.35998695309299,127.09873876133123,6923700
PG,2021-10-18,125.18153381347656,126.37759231264172,124.97047334971201,126.24567952278889,9119000
PG,2021-10-19,123.70409393310547,123.844809897359,122.0683077520438,122.314553979781,9555300
PG,2021-10-20,124.18778228759766,124.84737319679171,122.99172356881597,123.25554919696448,7352700
PG,2021-10-21,123.29400634765625,124.9133866276326,123.16126229038626,124.64791201569228,6545500
PG,2021-10-22,124.62134552001953,124.7806221595705,123.2851419787068,123.34707839322192,5265000
PG,2021-10-25,124.63904571533203,124.70098212899744,123.04621182868743,124.24968482053032,5382100
PG,2021-10-26,126.40888977050781,126.7008970120689,124.9841898685918,125.32044513246842,6234900
PG,2021-10-27,125.50628662109375,127.14335549373767,125.38240025504176,126.66551193970895,9643500
PG,2021-10-28,126.25840759277344,126.43539963128767,125.40006101844395,125.55933764999062,4538500
PG,2021-10-29,126.53275299072266,126.96634842335591,125.6743928246634,125.79827916292977,6239500
PG,2021-11-01,126.22303009033203,127.24952460641342,126.09029955057933,126.8601636863413,5038900
PG,2021-11-02,127.47960662841797,127.93976171117406,125.90447440552911,126.29383535996894,9954300
PG,2021-11-03,128.35565185546875,128.40874406905726,127.0017463985716,127.54153974105068,7620100
PG,2021-11-04,128.59457397460938,128.65651038654096,125.95754380730732,126.39999690217851,6402500
PG,2021-11-05,129.231689453125,129.52371010575723,128.1344144581879,128.7007538595544,6062700
PG,2021-11-08,128.2671661376953,129.28481648943693,127.44420975575161,128.7538673056936,5854400
PG,2021-11-09,128.65652465820312,129.04588558529645,127.93975272541694,128.3379578544539,4873100
PG,2021-11-10,129.9219207763672,130.35551612601924,128.83347654569167,128.96622056295715,7334900
PG,2021-11-11,129.55026245117188,130.05466546708897,129.3821416151299,129.95732524485567,4096300
PG,2021-11-12,129.69189453125,130.15204969216177,129.17864714073335,129.85118472266632,5687400
PG,2021-11-15,130.43519592285156,130.7449185590568,129.61223946494604,130.10778488079453,5510200
PG,2021-11-16,130.24935913085938,131.48822253720243,130.09006897713044,130.4263376885372,7603900
PG,2021-11-17,130.16973876953125,130.77146864919797,129.56799538726426,130.05469661499484,4900200
PG,2021-11-18,130.1874237060547,131.03693978114245,129.64763026834058,130.1166295745807,5509300
PG,2021-11-19,129.9219207763672,131.169628122051,129.89536117083762,130.9218554929368,6274300
PG,2021-11-22,130.78916931152344,131.79796207274921,129.93080901878042,130.05469537533094,6625400
PG,2021-11-23,132.24041748046875,132.29350970521867,130.6741293373444,130.81571760507777,7912800
PG,2021-11-24,131.55018615722656,131.7448666417239,130.682968179884,131.64752639947523,5665200
PG,2021-11-26,130.49716186523438,132.48820147848662,130.3555735854454,131.47940861454288,6299800
PG,2021-11-29,131.86875915527344,132.43509872683035,129.8954081068326,130.7803145313028,7113300
PG,2021-11-30,127.93976593017578,131.44398763049236,127.53270305458356,130.7980097543784,11696400
PG,2021-12-01,129.55026245117188,130.85107564710881,128.17866864142624,128.17866864142624,8313500
PG,2021-12-02,130.31129455566406,131.37319289882598,130.02813156605967,130.09006798460504,9468800
PG,2021-12-03,132.6297607421875,132.73594517749797,130.66526767335264,130.98383448188258,11200800
PG,2021-12-06,134.6384735107422,134.85085586059483,132.90406491270204,132.90406491270204,11935100
PG,2021-12-07,134.28451538085938,135.01898914460503,133.85976418707045,134.46149391972168,7913400
PG,2021-12-08,134.8862762451172,135.08981443925236,132.98373288369785,134.21375224118387,8329300
PG,2021-12-09,135.673828125,136.44369221553112,134.1517883464668,134.7800642011815,8334300
PG,2021-12-10,137.56753540039062,137.8684002931528,135.77116324043263,136.14283575807787,7172300
PG,2021-12-13,139.52317810058594,140.10721951344152,137.08084151400664,137.4259544393124,8944000
PG,2021-12-14,140.03640747070312,140.3726761507056,138.6294098400568,139.72668489674328,8677500
PG,2021-12-15,140.57623291015625,141.2664588301285,139.4966460091534,139.4966460091534,9152600
PG,2021-12-16,142.56724548339844,142.75308173574552,140.1868455270827,140.46116430225408,10852900
PG,2021-12-17,139.3373565673828,143.1070526696618,139.20461251641441,142.16905412092095,24349400
PG,2021-12-20,139.69131469726562,140.2222638997388,138.54979146532716,138.5763375751909,9202600
PG,2021-12-21,139.60279846191406,139.94791134280354,138.74443836026128,139.5054582389659,6946000
PG,2021-12-22,140.98326110839844,141.21333185757564,139.16920071276442,139.61165380913386,6626300
PG,2021-12-23,141.6735076904297,142.3991238538209,141.08946627672037,141.14255849567596,5640900
PG,2021-12-27,143.32826232910156,143.34596423432706,142.1247893231182,142.1778815361973,4548600
PG,2021-12-28,144.09812927246094,144.57598620481386,143.30171905533632,143.31942096091174,5929400
PG,2021-12-29,145.29278564453125,145.99185576741328,144.31053898915002,144.42558114330285,5346100
PG,2021-12-30,144.0362091064453,145.64673162796285,143.8946208510638,145.47859726252216,5911500
PG,2021-12-31,144.75294494628906,144.88567546344913,143.76185441123823,144.115811458729,5327000
PG,2022-01-03,144.15126037597656,144.18666419667875,141.4788525248195,143.08053109525903,9317300
PG,2022-01-04,144.6556396484375,145.46975185624558,143.51410291494423,143.6114431518886,9253800
PG,2022-01-05,145.3105010986328,146.29274784557452,144.59371549740385,144.62911931856655,9330200
PG,2022-01-06,144.08929443359375,146.18651804353343,143.89461396740708,145.4254980855125,7556000
PG,2022-01-07,144.0096435546875,144.70871352953375,143.31056007724388,144.3547564414643,6098500
PG,2022-01-10,142.04515075683594,144.34589883605176,141.73542817761583,143.80610549968927,8055000
PG,2022-01-11,140.39923095703125,141.779682567179,138.85064499646327,141.779682567179,11957900
PG,2022-01-12,140.70896911621094,141.01869177334837,139.66478599118906,140.04528928171712,7127500
PG,2022-01-13,140.07180786132812,141.09830237752732,139.620510523519,140.97441603954454,6551000
PG,2022-01-14,141.4168701171875,142.01861340753783,139.42583099182232,139.87714183523462,10708000
PG,2022-01-18,138.69137573242188,140.28420994652365,138.0807881584662,140.28420994652365,10988400
PG,2022-01-19,143.35484313964844,145.2927904017672,138.9037648310143,139.47010441195582,14088300
PG,2022-01-20,144.1288604736328,146.20182657740682,142.45624960051782,142.45624960051782,10799100
PG,2022-01-21,144.68045043945312,147.1092982507077,144.21782439726564,145.01853480340165,10900400
PG,2022-01-24,143.5060577392578,146.01496001147876,141.21067097713902,145.4010757689292,14838100
PG,2022-01-25,141.94021606445312,143.50606899739338,140.47224251532563,142.74983197177983,9369600
PG,2022-01-26,140.70358276367188,141.9669465611155,139.12885114629995,139.98294057004293,10707100
PG,2022-01-27,141.575439453125,143.55053930081857,141.08611046824552,141.2195576570752,9083000
PG,2022-01-28,142.7943115234375,143.19466669111281,139.96512233472873,141.11280895879847,9494200
PG,2022-01-31,142.7498016357422,142.92773572880756,141.34409922217392,141.77115733613212,8950100
PG,2022-02-01,142.11817932128906,143.5060846997103,140.3299051352032,143.05233700449185,6284100
PG,2022-02-02,144.6626434326172,144.87615893322914,141.87792779111595,142.47401452282824,7558800
PG,2022-02-03,146.0327911376953,146.78012274622307,143.790782736606,144.11106965104733,10474500
PG,2022-02-04,143.71067810058594,146.3441491291678,143.60392034790783,145.13417815530627,8959900
PG,2022-02-07,142.6342010498047,144.36017727983236,142.0558980788599,144.0132009274678,6430500
PG,2022-02-08,142.31390380859375,143.4793880466426,142.0380902775818,143.34592725895848,5048700
PG,2022-02-09,141.9936065673828,142.91887218051872,141.70000914649737,142.66976168561658,8077400
PG,2022-02-10,139.83169555664062,141.90466183826032,139.36905586737404,141.5398879760404,7033000
PG,2022-02-11,139.0487518310547,141.08613645919831,138.41708358689152,140.57900989721765,9341400
PG,2022-02-14,139.44912719726562,139.7338191244722,136.44198980851993,138.91531116743312,9472200
PG,2022-02-15,139.52029418945312,141.74450487165583,138.88861238248552,140.36549153358922,6659200
PG,2022-02-16,140.5789794921875,141.2640400490531,139.03093784938986,139.5291587723823,9315700
PG,2022-02-17,142.18931579589844,142.68753670726585,139.991795038223,140.90816855209556,7925500
PG,2022-02-18,142.260498046875,143.2925349762492,141.29965105801327,141.90462979733388,8063200
PG,2022-02-22,140.50782775878906,143.13240716925486,139.37793853024402,142.44734649233467,8179500
PG,2022-02-23,138.7551727294922,141.103938794811,138.4348858307894,140.83703078330774,6273000
PG,2022-02-24,135.01846313476562,138.7729313732348,133.9508448586542,138.47044201717875,13145100
PG,2022-02-25,140.7836456298828,141.40642191200058,135.4544318950723,135.52560826667215,8888800
PG,2022-02-28,138.69287109375,139.84946328301714,136.85123183645464,139.0487393479074,8669200
PG,2022-03-01,136.3975067138672,138.25694376343367,135.53451180081368,137.2871910716126,8311900
PG,2022-03-02,136.82452392578125,137.9722241190619,135.765811156112,136.0860980035969,6111300
PG,2022-03-03,137.3316650390625,138.66619144968743,136.80675457567114,136.80675457567114,7451200
PG,2022-03-04,138.02561950683594,138.21245918000955,135.72134046555576,136.22845344901862,8639100
PG,2022-03-07,135.97935485839844,137.47403164833256,134.46689415555878,137.4473422034682,8374500
PG,2022-03-08,130.5967254638672,136.0771828786228,130.4098994017177,135.39212230790278,9517200
PG,2022-03-09,132.35833740234375,133.8707980005589,131.50423449924887,132.41171628837998,7044100
PG,2022-03-10,128.95083618164062,131.92237829120234,128.06115193981947,131.49533365626934,9221000
PG,2022-03-11,127.42057800292969,130.03625184192597,127.251535825164,129.36008313086322,7086100
PG,2022-03-14,129.04867553710938,129.9294540676357,127.53621535115887,128.51485967124384,7964600
PG,2022-03-15,133.69288635253906,133.93309138012276,130.68574856175582,130.792506351793,9868400
PG,2022-03-16,133.23912048339844,135.04517858874607,131.70886234849718,134.01315508247995,6908900
PG,2022-03-17,133.6572723388672,133.8708014640416,132.11812225781333,133.44375678919826,6003800
PG,2022-03-18,133.58609008789062,134.22666385973204,131.88680341932988,134.22666385973204,15570300
PG,2022-03-21,134.09320068359375,134.71597689443715,132.77647189845294,133.84409019925639,6937500
PG,2022-03-22,135.125244140625,136.65550209030712,133.91527305426015,136.5042438259456,7292100
PG,2022-03-23,134.18218994140625,136.1305871157644,134.0665266405727,135.4099450193504,5531900
PG,2022-03-24,134.4134979248047,134.8405425630463,133.59499004504812,134.24445574546831,4203100
PG,2022-03-25,135.970458984375,136.94021165452227,134.79606914215563,134.9028404940428,5047700
PG,2022-03-28,136.90460205078125,136.9223859595108,135.79249685755747,136.69107296650125,4234000
PG,2022-03-29,138.3103485107422,139.20892490467946,137.02920074973767,138.23026659404903,5643400
PG,2022-03-30,137.35833740234375,137.39391879564758,135.17861391778024,135.67683487705156,5779300
PG,2022-03-31,135.9437255859375,137.31383305002774,135.587843820556,137.1003175663001,7538600
PG,2022-04-01,137.98114013671875,138.31033257172552,135.2853976900597,136.58434279124958,5742600
PG,2022-04-04,137.08255004882812,137.32276859603198,134.57363396259814,136.84233150162427,5992000
PG,2022-04-05,137.56300354003906,140.0096357459733,136.60214271737493,136.66442714431489,7653000
PG,2022-04-06,139.52920532226562,139.93845254175633,136.95801796326865,137.38506267180443,8884700
PG,2022-04-07,141.33523559570312,141.80676714580736,139.65373296454746,140.4544433315725,6889700
PG,2022-04-08,142.43846130371094,142.82101903497392,141.3886267745499,142.0825794397983,6045400
PG,2022-04-11,141.89576721191406,143.42602543757798,141.1306380990821,142.30501442604142,6158400
PG,2022-04-12,141.46871948242188,142.91001752251324,141.19291947505158,141.73562753247637,7221500
PG,2022-04-13,141.86907958984375,142.7142770499324,141.20181629364114,141.53099517560568,5247700
PG,2022-04-14,141.0772247314453,142.61637453762177,140.97045340017374,142.33166908823492,7806500
PG,2022-04-18,139.73382568359375,141.44201805353273,139.26229405116038,140.99717586629322,6034500
PG,2022-04-19,141.82455444335938,142.37615427544117,139.05763617757347,139.47578881657188,7897000
PG,2022-04-20,145.5968475341797,146.33528721982734,142.34950488421129,142.79434708697445,10196100
PG,2022-04-21,145.48318481445312,147.53198571980846,145.32213612424425,146.5657481852146,9365700
PG,2022-04-22,144.26644897460938,146.29736652837764,143.96226252914053,146.04685843779538,9394600
PG,2022-04-25,145.42955017089844,146.09160150830598,142.9691917860227,144.66907030036018,6986800
PG,2022-04-26,142.96022033691406,146.40472715200275,142.9244393165888,145.54583249585482,7769500
PG,2022-04-27,142.57550048828125,144.44536916769988,142.3518315940446,143.33598018935223,6754900
PG,2022-04-28,146.19891357421875,146.46731893039654,142.49495788362307,143.63118583716957,9306800
PG,2022-04-29,143.6401824951172,145.78739865659585,143.32704054788732,145.35795815463362,10637000
PG,2022-05-02,141.69871520996094,144.9374362691713,139.73937360946312,144.57957151682706,10351600
PG,2022-05-03,139.7572784423828,142.24447546414177,138.68365682440592,141.55557144466198,10344000
PG,2022-05-04,140.7861785888672,140.95616916807657,138.80893914622428,139.41732576383313,7771000
PG,2022-05-05,138.19161987304688,140.7235401866645,137.01064135142872,139.8378199471192,8217100
PG,2022-05-06,139.56939697265625,139.78412403644492,137.66373353007322,138.4689497805308,7304800
PG,2022-05-09,139.22047424316406,140.2493457489627,136.6617014152794,137.74426492585877,8540800
PG,2022-05-10,138.48683166503906,140.12408966953754,137.72636558753962,139.16679386570493,7447400
PG,2022-05-11,136.5364532470703,139.47993016666072,136.3038424896814,137.8068910481955,7692200
PG,2022-05-12,135.9817657470703,137.43113602521467,134.09399945749078,137.35061848791062,9600800
PG,2022-05-13,137.44004821777344,137.53846307047,134.57708930068955,136.50959168909554,5675500
PG,2022-05-16,138.78208923339844,139.4799351823268,136.01754461636153,137.3058797995117,5971000
PG,2022-05-17,138.388427734375,140.24041294617754,136.94801299408522,138.7910427120138,6509100
PG,2022-05-18,129.7637481689453,138.45999643832354,129.3164103511858,138.37947890752685,9670700
PG,2022-05-19,126.77555847167969,128.3144019439647,125.79142328002628,128.30546010054152,9694100
PG,2022-05-20,126.8560562133789,127.44654542718841,124.520952187557,127.17813999803252,7786900
PG,2022-05-23,129.77267456054688,130.2915879509804,127.11548742680236,127.79543584271677,7134500
PG,2022-05-24,132.0810089111328,132.35835625885898,129.56697178926524,129.62959200407226,7207400
PG,2022-05-25,129.91583251953125,131.64254964395636,128.38593144126878,131.6157104716767,8217800
PG,2022-05-26,131.0520477294922,131.85726377409983,129.76371297945045,131.0520477294922,5702600
PG,2022-05-27,133.05618286132812,133.05618286132812,131.18631376079472,131.49050024906285,6028800
PG,2022-05-31,132.3046417236328,133.29773225796134,130.76579848752613,131.77677270595626,12416700
PG,2022-06-01,130.30055236816406,132.5193440086699,129.46851062234916,132.41198730641406,7036000
PG,2022-06-02,131.70518493652344,131.7499077897077,127.60756955266481,130.59578241392921,6479800
PG,2022-06-03,130.52423095703125,131.70520937619713,129.83532687918446,130.9447296076433,4720700
PG,2022-06-06,130.01425170898438,132.08989179400487,129.3611287572697,131.84832558375885,4751100
PG,2022-06-07,131.463623046875,131.67833643453392,128.32330323571276,128.53803027503673,4918600
PG,2022-06-08,129.82640075683594,131.0073656673281,129.71904403360995,130.8910671010562,4369600
PG,2022-06-09,127.48236846923828,131.41893680069876,127.34815889895901,130.0948203476323,4625700
PG,2022-06-10,126.99922180175781,128.0728299868063,124.76253239471147,126.05086767743717,6630800
PG,2022-06-13,123.59941864013672,125.6929697493572,123.13419719512342,124.80723606269989,8549500
PG,2022-06-14,119.74337768554688,123.08946930664459,118.58029668824913,123.02683546254676,9980200
PG,2022-06-15,118.553466796875,120.69174107829625,115.86049797476444,120.28019791961295,12178100
PG,2022-06-16,119.27818298339844,120.84386561731341,116.84466374026562,117.2293677775121,9683300
PG,2022-06-17,118.41925811767578,120.11913622746928,117.58720274484773,118.59819050002262,17113300
PG,2022-06-21,122.00691986083984,122.57056991584784,119.37657113969277,120.44123739841113,9017000
PG,2022-06-22,123.91258239746094,124.97724864709221,121.38064857020079,121.38959041245228,8374500
PG,2022-06-23,127.31230163574219,127.47333664164414,124.27039733597198,124.40460682588568,6418300
PG,2022-06-24,129.1464080810547,129.9426686941994,128.04594743631736,129.01219857108802,19440600
PG,2022-06-27,128.16229248046875,129.5132478565875,127.67917361502482,128.9406559615547,5618500
PG,2022-06-28,126.07768249511719,128.91380247700394,125.77349607093993,128.42172817220774,6077300
PG,2022-06-29,127.2228775024414,127.81336672085023,126.28346531891235,126.68608029161574,5174600
PG,2022-06-30,128.64540100097656,129.22694834320404,126.35503360502388,126.7665903957028,7410100
PG,2022-07-01,130.72103881835938,130.84629284321963,128.29646218868584,129.04799998951216,5937200
PG,2022-07-05,129.45956420898438,130.71211831370297,127.5270615228474,129.35220749919912,5760900
PG,2022-07-06,130.6673583984375,131.95569329179025,129.70110722842293,130.1842259875979,5485200
PG,2022-07-07,130.62261962890625,130.79261015378552,129.37007942189757,129.9873940335676,6623400
PG,2022-07-08,129.74588012695312,131.34734370086326,129.3432787727673,130.61371669016197,4294200
PG,2022-07-11,130.6584014892578,131.1415338948571,129.44164228669612,129.86214085570626,5482900
PG,2022-07-12,129.50430297851562,131.44574754040798,129.16432185604884,130.49739351633465,5204400
PG,2022-07-13,130.35423278808594,131.48153278632745,129.02117487503267,129.20010726552084,5075600
PG,2022-07-14,129.9695281982422,130.2021389395775,128.35910938835778,128.6185593055523,4867000
PG,2022-07-15,129.79061889648438,130.35425534145693,128.9227823182175,130.03217152218605,6264600
PG,2022-07-18,128.2159423828125,129.80846366406152,128.0906883601861,129.67426780112774,6047500
PG,2022-07-19,128.8690643310547,129.73690073440466,128.5111995602915,129.34325494723151,5943600
PG,2022-07-20,126.6413345336914,129.0301167592496,125.82717645728403,128.83328703414745,8635300
PG,2022-07-21,126.76110076904297,127.29238288150187,125.12221375601742,126.60802018106116,8310200
PG,2022-07-22,128.78720092773438,128.92226800581716,126.67105843581903,126.7520986826687,5292700
PG,2022-07-25,129.66067504882812,130.04787651060246,128.3459625766154,128.58909706441162,5262100
PG,2022-07-26,129.91281127929688,130.11091882916872,127.60757477928982,128.49004512125958,5375700
PG,2022-07-27,131.14646911621094,131.65975151290795,129.24644761771918,129.56162246554646,5500000
PG,2022-07-28,133.3256378173828,133.82090668734276,130.64219976781789,131.59671045885347,7115700
PG,2022-07-29,125.0862045288086,128.31893798457446,124.47386841663211,127.35541374963084,18694700
PG,2022-08-01,128.67913818359375,129.61564909318176,124.50990725241611,124.57293397770559,12590000
PG,2022-08-02,127.82368469238281,129.41754501567476,127.66160418846853,128.86824929636475,7495000
PG,2022-08-03,130.4620819091797,130.8132700000277,126.88716054681605,127.56252331693072,6811000
PG,2022-08-04,130.25497436523438,131.88486156244824,129.6786652908484,130.43508211496737,6124700
PG,2022-08-05,130.31797790527344,130.4260315322668,128.56203776518987,129.44450777964167,4580300
PG,2022-08-08,130.81329345703125,131.8938713349222,130.32702448078973,130.59717238533577,4486800
PG,2022-08-09,130.50709533691406,131.41659266276096,130.11089405291003,131.0834180924634,3977300
PG,2022-08-10,131.7407989501953,131.92089298436773,130.9213552933727,131.37159724895074,4641300
PG,2022-08-11,130.80426025390625,132.63224110674707,130.50709897739588,132.20001276831886,5954300
PG,2022-08-12,132.0739288330078,132.12795565091736,130.53410956142852,131.38956623900472,5038700
PG,2022-08-15,133.77587890625,133.9649865609719,132.14600533194852,132.25405899733636,6008000
PG,2022-08-16,135.00953674316406,135.61287301281712,133.5957842466741,133.5957842466741,7093000
PG,2022-08-17,134.38819885253906,134.8474406153083,134.06402415520446,134.26213167803624,4834600
PG,2022-08-18,134.865478515625,135.06358607426654,133.73987363256813,134.05503475564765,3829000
PG,2022-08-19,134.82943725585938,135.63988093042843,133.9199535527008,134.36119556686484,6502500
PG,2022-08-22,134.46923828125,135.18962801990583,134.0279963030041,134.154063476747,6380700
PG,2022-08-23,131.87586975097656,133.6678377310987,131.31757410724668,133.65882409794534,5268200
PG,2022-08-24,131.30856323242188,132.60524845067286,130.67821353736215,132.01993943702402,5903200
PG,2022-08-25,131.2004852294922,131.27252558140344,130.1109075400281,130.77725674969605,5097600
PG,2022-08-26,128.1298370361328,131.94789338939265,127.88671629710967,131.47063806277177,6086600
PG,2022-08-29,127.5895767211914,128.49006069693243,126.98625410628033,127.23838852026421,5272100
PG,2022-08-30,126.22980499267578,128.23789364043867,125.98668427412366,128.23789364043867,5203700
PG,2022-08-31,124.21272277832031,126.86014703349315,124.1406824340643,126.42790496795709,8406900
PG,2022-09-01,125.7435531616211,125.8516068171865,123.1501555057163,124.11367973548079,7446500
PG,2022-09-02,123.51036071777344,127.10328226888439,122.96106505277633,126.44593294529516,7077800
PG,2022-09-06,122.13261413574219,124.2127293781032,121.8264392213135,122.35773507089453,8217200
PG,2022-09-07,123.97859954833984,124.05063989917585,122.48380692444148,122.49280681568649,6609400
PG,2022-09-08,124.14068603515625,124.70799517494721,122.51981259310426,123.37526937798718,7380500
PG,2022-09-09,126.03170776367188,127.0492450260275,123.63641776573242,124.22172668885476,6434300
PG,2022-09-12,127.05828094482422,127.6886169126698,125.26631307739063,125.53646098940834,5818700
PG,2022-09-13,124.42884826660156,127.35542069605091,124.14070058773108,126.77011170627814,6350200
PG,2022-09-14,124.72599792480469,125.76156247034412,123.96959488060834,124.8610787300271,6137800
PG,2022-09-15,123.76248168945312,125.06818030389468,123.04209198277444,124.96912654747273,5320700
PG,2022-09-16,124.51888275146484,125.22125892591485,123.46531848978985,123.76247975440955,9321500
PG,2022-09-19,124.25773620605469,124.68096459487845,123.57335988014944,124.44683006642066,6056000
PG,2022-09-20,123.8165283203125,124.23975682543083,122.94305789402941,123.73548807217317,5589800
PG,2022-09-21,122.22264099121094,124.44683668817285,122.20464121136352,124.33878304792853,6413900
PG,2022-09-22,122.65489959716797,123.42931618417953,121.78142924645871,122.23167112866794,5061600
PG,2022-09-23,122.08760070800781,122.9160441921896,120.61980765152967,122.1776408478556,6523600
PG,2022-09-26,122.20466613769531,123.2042037347028,121.55631668340435,122.08759884335888,7396400
PG,2022-09-27,118.84585571289062,123.3122616935981,118.60273496427995,122.42979136017883,7722200
PG,2022-09-28,118.84585571289062,119.78236661962774,118.13447951091139,119.78236661962774,10455100
PG,2022-09-29,115.89225006103516,118.74678175644908,115.49603503247205,118.74678175644908,7128500
PG,2022-09-30,113.68608856201172,116.19843251301934,113.65006838280217,116.16241920395652,9431900
PG,2022-10-03,115.72114562988281,116.25244141092075,114.07326581847336,114.5865412095966,8477700
PG,2022-10-04,117.15293884277344,117.84630142229965,115.89225337580604,116.25245511220729,7211600
PG,2022-10-05,116.3425064086914,117.1439364562121,115.34296882220669,116.3425064086914,5071100
PG,2022-10-06,113.89319610595703,116.2164391306482,113.776128812947,116.06335853071572,5530800
PG,2022-10-07,111.90312957763672,113.983252027619,111.44388774192424,113.91121166784757,6095400
PG,2022-10-10,111.44387817382812,111.88511331678859,110.02111210615578,111.09269003777747,6923300
PG,2022-10-11,111.86710357666016,113.1908089690159,111.29979439550449,111.38084150858933,5516200
PG,2022-10-12,112.04718780517578,113.28985284612345,112.02918115392094,112.41638255213638,6823500
PG,2022-10-13,113.74009704589844,114.13631208313461,110.68745776938128,111.21874673932484,6910500
PG,2022-10-14,112.63251495361328,114.37944884772193,112.35336030490333,114.136321245448,5516800
PG,2022-10-17,114.66759490966797,115.51405181452967,113.33488283621088,113.46995676977433,6664600
PG,2022-10-18,115.5950927734375,117.12592611660588,114.95575701555123,116.45956320557622,7114200
PG,2022-10-19,116.66666412353516,119.76433020086107,116.62163719119098,118.53967183866921,9993700
PG,2022-10-20,115.16397857666016,117.68509523056362,114.88284972559106,116.64218136373334,8168000
PG,2022-10-21,116.60592651367188,116.94146565530194,114.70149142061649,114.75590167733412,6394600
PG,2022-10-24,117.32232666015625,118.29268882726493,116.39732481453213,117.43116098855037,6946000
PG,2022-10-25,118.67359924316406,118.9637918914651,116.50616971209534,117.53094233917955,6776000
PG,2022-10-26,119.50790405273438,120.2243425582885,118.25641298690374,118.48313158069597,6612800
PG,2022-10-27,119.59858703613281,120.72310231122422,119.25397037425452,119.70740752396652,6676700
PG,2022-10-28,122.6275634765625,122.89055097679915,120.54174948691926,120.76846809801513,6996400
PG,2022-10-31,122.12877655029297,123.03565097080852,121.75695471680828,122.60941888614177,8346300
PG,2022-11-01,122.3192367553711,123.58885551783281,121.37607952799381,122.1559921500222,6428300
PG,2022-11-02,120.55987548828125,123.82461476937522,120.44197739743645,122.1741106865686,7318100
PG,2022-11-03,119.73466491699219,120.287859034654,118.76431618865338,119.46259974083216,5204000
PG,2022-11-04,121.92019653320312,122.42804398308412,120.17899934598032,120.90450163344111,5555400
PG,2022-11-07,123.78836822509766,124.41411383896589,122.48246674186076,122.745468093855,6746800
PG,2022-11-08,124.06948852539062,124.71337545917534,123.15355033291372,124.07856612588412,5266200
PG,2022-11-09,123.77021789550781,125.12146577305451,123.6432560292676,124.12389836844882,5690700
PG,2022-11-10,128.0325469970703,128.44065162970264,125.33006461407848,126.47273544495624,8068700
PG,2022-11-11,127.84207916259766,128.4406195590533,126.15529230573465,128.05065639003965,7175200
PG,2022-11-14,127.85116577148438,130.19090369026253,127.19821501099712,127.42493364067167,8516200
PG,2022-11-15,127.40680694580078,129.8644291583553,126.69036832217718,128.85779788251224,7732400
PG,2022-11-16,128.54037475585938,129.60141607991346,127.8511413968536,128.32271993125687,6193700
PG,2022-11-17,127.75142669677734,128.4950705471488,126.83548828777221,127.96908159299045,5186300
PG,2022-11-18,129.2930908203125,129.46538533384899,128.11415132390513,128.7036141532062,5671400
PG,2022-11-21,130.93453979492188,131.6691058981407,129.5288816054284,129.7374588579681,6377200
PG,2022-11-22,132.05902099609375,132.21318795471768,131.3516602034416,131.88671267827803,5372900
PG,2022-11-23,132.811767578125,132.9750121835641,132.01372742891104,132.3129838362371,4296000
PG,2022-11-25,133.05662536621094,133.4919212438362,132.76641888925647,133.1200993844157,2411100
PG,2022-11-28,132.9477996826172,133.61887791829824,132.53063134768075,132.7573499598013,6628200
PG,2022-11-29,131.93212890625,132.45811789846772,131.07060069950765,132.17698895248117,5634200
PG,2022-11-30,135.26937866210938,135.26937866210938,131.61467621171633,132.08624090106733,12396800
PG,2022-12-01,135.3510284423828,136.35765976019022,134.73436038207944,135.60495221283804,6927400
PG,2022-12-02,136.5843505859375,136.7294538074501,134.28995951726282,134.64363997107182,4938300
PG,2022-12-05,135.20591735839844,135.73190623467136,134.46228745594837,134.86131445434899,5402500
PG,2022-12-06,135.3782196044922,136.10372194714193,134.47134513563154,135.77724658483987,6866700
PG,2022-12-07,136.24880981445312,136.4211043203447,135.13334438035784,135.13334438035784,6175500
PG,2022-12-08,137.22824096679688,137.2826512167943,135.13334947725977,135.54145402785082,5187100
PG,2022-12-09,136.86546325683594,137.7995426485189,136.2306540349839,136.66594981028197,5868200
PG,2022-12-12,138.27114868164062,138.3527640611753,136.9743110207641,137.13755561763938,6142400
PG,2022-12-13,138.0625457763672,139.8672167427004,136.7475669962427,139.12358702656297,7680600
PG,2022-12-14,138.606689453125,140.05769412746963,137.99908522411243,138.56134296246307,7385600
PG,2022-12-15,137.0377655029297,137.84488301443633,135.79535223543587,137.59095933696025,7117200
PG,2022-12-16,136.43016052246094,137.0014957118865,135.1424007844467,136.35760892397812,19966400
PG,2022-12-19,136.39393615722656,137.28268324051845,135.34197212367422,136.23070536915768,5881800
PG,2022-12-20,136.44833374023438,136.84734686834986,135.36915094725813,135.41449743662295,5646100
PG,2022-12-21,137.6998291015625,138.41626774914016,136.68413402812408,136.7113391577478,5024700
PG,2022-12-22,138.01722717285156,138.21674066236463,136.82922383662765,137.05594245309194,5904900
PG,2022-12-23,138.40716552734375,138.67923061299302,137.54563762095856,138.126036679368,3401800
PG,2022-12-27,139.61329650878906,139.9488494113975,138.44343474379173,138.47970362736368,4215100
PG,2022-12-28,137.80865478515625,140.2481355606724,137.75423069152637,139.9125964245582,4197500
PG,2022-12-29,138.37997436523438,138.96945108325414,137.97188361448622,138.57948785898796,3809100
PG,2022-12-30,137.44589233398438,138.46158731136143,136.43019735660732,138.2348686940679,4532000
PG,2023-01-03,137.45497131347656,137.58193318692204,135.23311777147083,136.89269972724105,6447300
PG,2023-01-04,138.05348205566406,139.10545965039609,137.1466076818202,137.83584106213658,7313400
PG,2023-01-05,136.33949279785156,138.28020344358438,136.14905692466658,138.035357320918,5373800
PG,2023-01-06,139.5861053466797,140.07582526960246,137.61818956825022,137.70888254295596,7882200
PG,2023-01-09,137.88119506835938,140.38417758407505,137.8449261764217,139.15082769108952,5727000
PG,2023-01-10,137.74514770507812,138.47971373179215,136.8836198198926,137.93559741168775,4716400
PG,2023-01-11,136.62973022460938,138.35278642529332,135.4417267155495,138.13514537802018,8691300
PG,2023-01-12,135.85888671875,137.6000843556629,135.59589916350018,137.57287922366493,7801600
PG,2023-01-13,136.8292236328125,136.98339063124183,135.50518082599854,135.67748918830372,5535800
PG,2023-01-17,136.43016052246094,137.96278017562938,136.3938778043183,136.74755819829542,9611800
PG,2023-01-18,132.77549743652344,135.96768567893338,132.43994446542766,135.72283952979038,10461200
PG,2023-01-19,129.967529296875,133.4352797132996,129.80327425078892,130.7797117377926,12683700
PG,2023-01-20,130.4694061279297,130.63366112769222,127.895966401233,129.87624450705104,8603300
PG,2023-01-23,128.71731567382812,131.13560772294161,128.38879166671848,130.82533891751552,7473100
PG,2023-01-24,129.41998291015625,129.93101711351267,127.58571823604909,128.3887799411164,6822500
PG,2023-01-25,129.32870483398438,129.3560806683031,126.60013064158649,128.11499178885632,6902600
PG,2023-01-26,128.80859375,129.3470178899276,128.43445253874194,129.33788332464474,5398600
PG,2023-01-27,128.27928161621094,129.0002019117688,127.11118548823956,128.7355641620329,6870800
PG,2023-01-30,128.68081665039062,129.69376460150588,128.01464793873615,128.63519952910596,6369300
PG,2023-01-31,129.93101501464844,130.01314252643883,128.45265017923393,128.88155686254484,9373400
PG,2023-02-01,130.67019653320312,131.50063410109425,128.99108012149046,129.65724873354117,7207900
PG,2023-02-02,129.73939514160156,130.23218815624455,128.8633403316765,129.73939514160156,6444300
PG,2023-02-03,130.14093017578125,130.84360931348905,128.82683399474246,130.29606459650938,5993100
PG,2023-02-06,129.0366973876953,130.16828310542616,128.68079756170033,129.59336264626575,6108100
PG,2023-02-07,127.77734375,128.48000871130242,126.64575823852122,127.73171271916118,6278300
PG,2023-02-08,126.45413970947266,127.33931495563625,126.30812596643325,126.90128765115502,7123800
PG,2023-02-09,125.06704711914062,127.14769438956947,125.02141608016915,126.73704288810237,6547400
PG,2023-02-10,126.17121887207031,126.20772926610074,123.95369283464258,124.9757610733284,8108900
PG,2023-02-13,127.8230209350586,128.16978626044497,126.60930748460477,126.79181774922506,5081600
PG,2023-02-14,127.10206604003906,127.97813466305922,126.4997697320026,127.8868725831852,5253500
PG,2023-02-15,126.8100357055664,127.13855965524287,125.99785343062133,126.94691488266638,5530300
PG,2023-02-16,125.14917755126953,126.11649433160179,124.61076748291681,125.37731882680595,7595700
PG,2023-02-17,127.76823425292969,127.79561009187609,124.6472632912955,124.6472632912955,8034700
PG,2023-02-21,127.67698669433594,128.5712965949181,126.72791119096686,126.72791119096686,6899500
PG,2023-02-22,128.2154083251953,129.20098039466603,127.6496223671183,127.74087053071543,6126300
PG,2023-02-23,127.80474853515625,128.7994411794461,126.93781445137483,127.96900357382191,5835400
PG,2023-02-24,127.08381652832031,127.23895093134038,126.00699634572017,126.78266836082054,5260700
PG,2023-02-27,126.97429656982422,128.1880097197131,126.41763134956898,127.40320324401944,5820900
PG,2023-02-28,125.5324478149414,126.4723887156852,125.27693071132006,126.34463016387453,6709900
PG,2023-03-01,125.62372589111328,126.23514289012576,124.57426758041221,125.97962575396053,7101800
PG,2023-03-02,127.6952133178711,128.1514958162692,125.73320414461391,125.93396955788002,5924600
PG,2023-03-03,128.6260528564453,128.89070454311147,127.73174292399588,128.84507350148223,5259400
PG,2023-03-06,128.07852172851562,128.79944205529293,127.70436668282566,128.42528700960298,4943100
PG,2023-03-07,125.5324478149414,128.3248946792589,125.33168238714781,128.15150508937919,5606800
PG,2023-03-08,125.55071258544922,125.65109530699789,124.65640265460392,125.20393337925582,5518800
PG,2023-03-09,124.62901306152344,126.44500856281564,124.20010638265886,126.07085355791041,4467200
PG,2023-03-10,125.19481658935547,125.9248715026391,124.42826519649532,124.97579593797859,5928000
PG,2023-03-13,126.061767578125,128.9637324175315,125.05794019743445,125.05794019743445,8337100
PG,2023-03-14,127.62223052978516,127.85949243496758,125.3864349699688,126.1986173247769,9219700
PG,2023-03-15,129.42906188964844,129.72107537273385,126.67311240899515,126.67311240899515,8823500
PG,2023-03-16,130.3964385986328,130.60632469207602,129.22835627695986,129.5295044586686,7063400
PG,2023-03-17,130.43292236328125,130.85270843388247,129.15533679995283,130.0405260562012,16018800
PG,2023-03-20,132.44056701660156,132.6869495485103,130.70668510800286,130.95308156454888,8379200
PG,2023-03-21,131.48240661621094,132.5318511135883,130.3508206612794,132.2398374661279,7753200
PG,2023-03-22,131.40025329589844,133.00636285333306,131.25423953850301,131.445870411026,5729100
PG,2023-03-23,131.2177734375,132.43148709691656,130.6702425493718,131.62843900939993,5788400
PG,2023-03-24,133.8915557861328,133.92805226416425,131.68314986230598,131.68314986230598,6144800
PG,2023-03-27,133.18887329101562,134.5303450992768,133.11586641220651,134.04668671122488,5917200
PG,2023-03-28,133.56304931640625,133.98283545438045,133.05201500905716,133.73643894025122,4213800
PG,2023-03-29,133.9736785888672,134.4117059330178,133.47176500461222,134.22007506198113,4987700
PG,2023-03-30,134.55772399902344,134.63985151781247,133.50827968212718,134.07406559996983,4117700
PG,2023-03-31,135.68931579589844,135.68931579589844,134.66724727312868,134.82238167928915,7685900
PG,2023-04-03,136.43760681152344,136.94865497816622,134.22920088021246,135.4520348056705,5721700
PG,2023-04-04,137.09463500976562,138.4452412252453,136.95775583066006,136.95775583066006,6714300
PG,2023-04-05,138.03457641601562,139.02928284534468,137.93419370937275,138.09846264962326,6094800
PG,2023-04-06,138.91067504882812,139.58597830576488,138.18062010815265,138.59127166083266,5399700
PG,2023-04-10,137.76084899902344,138.40876249454286,136.4376183166203,138.39050729160655,4891800
PG,2023-04-11,137.48704528808594,138.1988448691768,137.35928674595775,138.03457592950528,6311800
PG,2023-04-12,137.8612060546875,139.08403985553588,136.82086855065663,137.1676477186669,6137900
PG,2023-04-13,138.50001525878906,138.5912634180466,136.7205160199191,137.70607411787864,5489500
PG,2023-04-14,137.79734802246094,138.33575815957545,137.3501860524315,138.11675141885914,4478800
PG,2023-04-17,137.84298706054688,138.2262628036632,137.19505959086678,137.9524904372541,4296400
PG,2023-04-18,137.98898315429688,138.3357484442912,136.97603527570243,137.77908314299805,4158400
PG,2023-04-19,138.01637268066406,138.61865515969828,137.53271421473627,137.9524864296801,3837600
PG,2023-04-20,138.52235412597656,138.99067124112307,138.08157024038044,138.08157024038044,5370900
PG,2023-04-21,143.31573486328125,145.18901687262294,141.87403086602495,142.27807565536605,14876900
PG,2023-04-24,143.5728759765625,144.39932117666095,142.53521659338642,142.53521659338642,8109800
PG,2023-04-25,143.60955810546875,145.032892424759,143.05858546193176,143.7197470294496,8341800
PG,2023-04-26,141.94747924804688,143.25143291754497,141.72708738391972,142.60864082861164,4843700
PG,2023-04-27,143.68304443359375,143.81160286886313,142.34235159851139,142.60866022202418,4805600
PG,2023-04-28,143.60040283203125,144.50948962073267,143.0310606081517,143.50856937313563,5754700
PG,2023-05-01,143.7748565673828,144.53701531297983,143.0677782723675,143.2789783821661,3844600
PG,2023-05-02,143.64630126953125,144.10544052669164,142.94841464290195,143.79322919465892,5262900
PG,2023-05-03,143.46266174316406,144.693165716048,142.7280360608592,143.83915933197048,5775000
PG,2023-05-04,142.80148315429688,143.80241735891096,142.41580786932448,143.34327811320796,4892600
PG,2023-05-05,143.2790069580078,143.53612384169028,142.04851701298188,142.70048696381264,3989200
PG,2023-05-08,142.608642578125,143.00349557623642,142.21377556819675,142.65455930185854,4950700
PG,2023-05-09,141.14859008789062,143.23307213069754,141.02920940275615,143.11370545738058,4472100
PG,2023-05-10,141.44244384765625,141.70875247360922,139.98238431690007,140.90984060756898,4754900
PG,2023-05-11,141.77304077148438,142.23218009829296,140.85476211786718,142.15871612458517,3495300
PG,2023-05-12,143.21473693847656,143.29737864982297,141.7730328076093,142.05769693234882,5252900
PG,2023-05-15,143.26065063476562,143.94018189658706,142.00261333737868,143.81162344292576,5414900
PG,2023-05-16,143.0126953125,144.0962571916595,142.26887797484957,143.13206198669127,5591500
PG,2023-05-17,142.40663146972656,143.76567972649684,141.32305555351803,143.49019337411718,4286900
PG,2023-05-18,140.06500244140625,141.09346975982677,139.2110102598927,140.7812584684229,6997600
PG,2023-05-19,140.6527099609375,140.7904601369536,139.431397928378,140.00991784164756,4754100
PG,2023-05-22,136.9704132080078,140.12929323125672,136.66737964640137,140.03745978404865,7876200
PG,2023-05-23,135.4920196533203,136.71333195765826,135.05124981798238,136.6306762289283,6116000
PG,2023-05-24,134.37167358398438,136.08884962680622,134.1512817341774,135.5286992688856,5755400
PG,2023-05-25,133.50851440429688,134.2615095216824,132.55351090195887,133.6003478616721,6510300
PG,2023-05-26,133.51771545410156,134.07786601351447,132.90247041537276,133.45344323217327,4716400
PG,2023-05-30,131.47911071777344,132.2688307991385,130.71695188266102,132.1035473925314,5561000
PG,2023-05-31,130.8546905517578,132.21373885312659,130.3037178289178,131.46075774451816,19854800
PG,2023-06-01,132.1953887939453,132.34230271582007,130.80877918891656,131.54340484556624,6091100
PG,2023-06-02,134.54615783691406,134.69307173493158,132.59022032121914,132.70040924768642,6124400
PG,2023-06-05,134.01356506347656,135.76748034209484,133.8207204153897,134.1145762578425,4753700
PG,2023-06-06,132.68206787109375,134.35332748469807,131.81888382383755,134.13294960833866,4635900
PG,2023-06-07,132.96673583984375,133.26057768748257,131.74542369613374,132.24128794419488,6194400
PG,2023-06-08,134.47271728515625,134.66554794003363,133.0769299224467,133.46260524402058,4863700
PG,2023-06-09,134.58290100097656,134.7849234013532,132.90244958610825,133.77481139946997,5569500
PG,2023-06-12,133.52688598632812,134.99612324458042,132.7371658807333,134.98694550342668,5354000
PG,2023-06-13,133.2054901123047,133.77481835470203,132.48923393257277,132.70043408510415,5321200
PG,2023-06-14,134.45431518554688,134.88590713375257,132.99425596254414,133.4350256500549,5693300
PG,2023-06-15,136.31845092773438,136.79595970749133,134.56453549602287,135.14305547896265,5863000
PG,2023-06-16,137.31936645507812,137.82442245351749,136.73166875102646,136.75003824510205,11244900
PG,2023-06-20,136.05213928222656,137.99888512342554,136.00622255710414,137.5121986631258,5340700
PG,2023-06-21,137.2275390625,137.37446698296003,135.78583511514418,136.14396316387942,4649700
PG,2023-06-22,137.69586181640625,138.7518905256752,137.26426978935328,138.06318163295043,6666800
PG,2023-06-23,136.32763671875,138.22846598956153,135.86849745378453,137.97134912212633,13843300
PG,2023-06-26,136.4653778076172,136.79595865076925,134.72983188402358,135.99706078474298,4353100
PG,2023-06-27,137.76016235351562,137.89789854164556,136.26336372067829,136.30928045399483,5445400
PG,2023-06-28,137.7325897216797,138.01725379921024,135.86848558964036,137.12652258201112,6733300
PG,2023-06-29,137.17247009277344,137.46631197649484,135.07879587840978,136.34601089542758,7343000
PG,2023-06-30,139.339599609375,139.6426332283608,137.54894513247524,137.5856841230417,7058300
PG,2023-07-03,140.0374755859375,140.065022820845,138.17337129416524,139.10082756362732,3996100
PG,2023-07-05,139.79872131347656,140.00074370070698,139.0640957246221,139.23857087830453,8279800
PG,2023-07-06,139.56915283203125,139.75280572778965,138.43966020007244,138.84370497783158,7958300
PG,2023-07-07,136.63987731933594,139.50490246252187,136.59396058064203,139.3120717765574,9169500
PG,2023-07-10,136.6949462890625,138.03563914486966,136.58475734621928,136.7684102548976,5529200
PG,2023-07-11,135.9786834716797,136.86941474751814,134.95021602403864,136.5755588985818,5150300
PG,2023-07-12,136.685791015625,137.19083309455237,135.57466761597843,135.9327957509053,6764600
PG,2023-07-13,136.77757263183594,137.30099807518187,136.08886379279164,136.82348935680233,5561400
PG,2023-07-14,137.7877197265625,138.32032304620847,136.5755851345777,137.07146347196084,6128900
PG,2023-07-17,136.81434631347656,137.88873069343794,136.79597681646794,137.42039959655324,4625300
PG,2023-07-18,137.07144165039062,138.182550837669,136.254174309898,136.49292168615005,5351200
PG,2023-07-19,138.00808715820312,138.49478771599723,136.69495546180946,137.32856994931342,6203600
PG,2023-07-20,139.12713623046875,139.30271072554245,136.89090203554383,138.19383624625547,6445400
PG,2023-07-21,141.317138671875,142.00095129139902,139.25647934696133,139.67230543852128,9938400
PG,2023-07-24,141.7699432373047,142.25969618837706,140.73499573316718,141.23398425120428,5549500
PG,2023-07-25,142.10260009765625,142.17652693011618,140.8735929457004,141.82537800095693,5883800
PG,2023-07-26,142.25045776367188,143.0821099770603,141.2801874479841,141.49271828472078,7013800
PG,2023-07-27,140.55941772460938,142.8603428501491,140.3838432559804,142.4537523122929,7191600
PG,2023-07-28,144.53289794921875,145.52163940039415,142.86034385229726,142.91578545328443,9397300
PG,2023-07-31,144.43124389648438,145.70644296283336,143.28539915995643,144.52364186065674,7955200
PG,2023-08-01,144.3850555419922,145.23519305701106,144.0339065748811,144.04315624250174,5718800
PG,2023-08-02,144.69920349121094,145.75263607004982,144.1262882238021,144.1262882238021,5636000
PG,2023-08-03,145.07809448242188,145.72493666964792,144.3480898925744,144.85631397532916,5792700
PG,2023-08-04,143.4887237548828,145.75267879139906,143.36859086678828,145.47545664200632,4785900
PG,2023-08-07,145.00416564941406,145.2166964865533,143.68276049228942,143.84908529524134,4107400
PG,2023-08-08,145.1612548828125,145.66025749186275,144.64378114016927,145.33682935265975,4625500
PG,2023-08-09,144.97645568847656,146.08533009136997,144.86557247821813,145.3645610244841,4293200
PG,2023-08-10,144.2556915283203,146.3533216277105,143.9692338253404,145.23519751919488,4307800
PG,2023-08-11,145.09658813476562,145.50317870464124,143.9599788325852,144.5513794523762,3862300
PG,2023-08-14,143.95997619628906,145.56785321132458,143.6920037438345,145.19823311826258,4297600
PG,2023-08-15,143.03590393066406,144.12630711489717,142.73097512585596,143.9599682121726,6921100
PG,2023-08-16,141.5758819580078,143.90451358453979,141.2616894146593,143.0081701846086,6356800
PG,2023-08-17,140.55941772460938,141.89930810610684,140.26371038794963,141.57589406924987,6419500
PG,2023-08-18,140.95675659179688,141.2801847241579,139.69079306246124,140.10661916113847,5448200
PG,2023-08-21,140.24525451660156,141.1785544618087,139.77397266002583,140.5409477853381,4504700
PG,2023-08-22,140.30068969726562,140.59638295245898,139.46902333557236,139.921819935831,4195600
PG,2023-08-23,141.6128387451172,141.82536956323176,140.89206979664112,140.89206979664112,4522500
PG,2023-08-24,140.95675659179688,142.93425355226574,140.9013149919868,140.96600625849968,4088900
PG,2023-08-25,141.88082885742188,142.37983148405888,140.88285180435287,141.75146041720163,3541500
PG,2023-08-28,142.10260009765625,142.64779462443394,141.42803713909908,142.0379229318173,3614700
PG,2023-08-29,142.18576049804688,142.34284972727806,140.48548567567263,142.25968732946768,4034600
PG,2023-08-30,142.34286499023438,143.10984008585132,142.03793616556644,142.39832069482233,3712200
PG,2023-08-31,142.6200714111328,143.37781085594722,142.14880372479058,142.4167761503339,5451400
PG,2023-09-01,142.77719116210938,143.4887247270137,141.89933276650513,143.13757572873027,4126300
PG,2023-09-05,140.86436462402344,143.09136297857341,140.82739415584126,142.12109264027424,5097000
PG,2023-09-06,140.58714294433594,140.8736006231663,140.03269872072065,140.7257469501886,3877400
PG,2023-09-07,141.92703247070312,142.48147669081328,140.7996728965541,140.9105702006375,4824800
PG,2023-09-08,141.317138671875,141.80690569538504,140.78119381614974,141.76993522941,3384700
PG,2023-09-11,142.9989776611328,143.32240586777507,141.455791678224,141.6868077972242,4288500
PG,2023-09-12,140.4855194091797,143.36859602637085,140.0604576515706,143.22075642813124,4537800
PG,2023-09-13,141.4650115966797,141.92704378356552,140.1436063102358,140.439299577789,4040600
PG,2023-09-14,143.0174560546875,143.15606007941287,141.72375739013233,142.167318469462,4606800
PG,2023-09-15,141.816162109375,143.52568685944135,141.5943815812264,142.3336359082849,10262400
PG,2023-09-18,142.35211181640625,142.74945270735375,141.85310918579478,142.7217319056645,3536500
PG,2023-09-19,141.936279296875,142.3613409703631,140.21751916905768,142.07488329907721,4704200
PG,2023-09-20,141.816162109375,143.02668419613286,141.71451446315317,142.0933842445349,5446400
PG,2023-09-21,140.58714294433594,142.03793067273799,140.52246577497215,141.79766492912358,5096400
PG,2023-09-22,140.06968688964844,141.69603519761833,139.88487682512297,140.86438285720166,6327000
PG,2023-09-25,139.2195281982422,139.7924435414121,138.62812762139203,139.70003147311286,5527000
PG,2023-09-26,137.9812774658203,138.9422980600994,137.49151045227387,138.59114914098726,6366500
PG,2023-09-27,136.15162658691406,138.3324188349918,135.49554884920315,138.07368196658445,5403700
PG,2023-09-28,135.22755432128906,136.74301907528908,134.61766855319001,136.5951795164386,6237100
PG,2023-09-29,134.78399658203125,135.62489833693417,133.82297607649923,135.41235343178298,6683300
PG,2023-10-02,134.1649169921875,134.54378679292049,132.9728659801455,133.78604719145451,5153800
PG,2023-10-03,134.44210815429688,135.36617237230678,133.9985471775794,134.14640083648524,4670600
PG,2023-10-04,134.88565063476562,135.19982907462517,133.9246159833005,134.53450173133407,4727800
PG,2023-10-05,132.88046264648438,134.9965639042093,132.77881499916373,134.61769411873203,5205700
PG,2023-10-06,133.14842224121094,133.58273359230097,130.70889304152135,132.695639756106,7406700
PG,2023-10-09,132.47384643554688,133.03752617073982,130.84749849307096,132.47384643554688,5062200
PG,2023-10-10,133.78604125976562,134.19263184739305,132.80653526235602,133.04678692772515,5988900
PG,2023-10-11,132.1411590576172,134.5067607679476,131.7345686198857,134.11865555923075,5469100
PG,2023-10-12,132.43692016601562,133.0005859291953,130.90296983640994,131.94715304864405,5965600
PG,2023-10-13,133.70286560058594,134.01704407803874,132.31676915289188,132.31676915289188,7078900
PG,2023-10-16,134.97808837890625,135.89290307493843,134.4144085530234,134.78402865847636,6509800
PG,2023-10-17,135.15365600585938,135.67114392136654,134.21112045641956,135.0150519839135,6160100
PG,2023-10-18,138.6373748779297,139.81094056379462,137.4730588597358,138.66509568073644,10508500
PG,2023-10-19,137.857177734375,139.7448667901463,136.86218151264208,139.12183774017666,8146000
PG,2023-10-20,137.67120361328125,139.3729162070171,137.55031250673974,138.60110027505405,7284200
PG,2023-10-23,137.7642059326172,139.01957229452853,137.21557022326004,137.4945421024736,5981800
PG,2023-10-24,139.39151000976562,139.5496049355746,137.6898115308327,137.73629501467315,6322000
PG,2023-10-25,140.04246520996094,140.59110092227465,138.66620771551734,139.1497580294867,6172900
PG,2023-10-26,139.29855346679688,140.7677922188466,139.24276192505198,140.46092455014949,7582100
PG,2023-10-27,136.84359741210938,139.43800287914559,136.02528380170213,138.53600197379137,8131800
PG,2023-10-30,138.79638671875,139.06606472782212,137.1969631399524,137.5317265445635,5412800
PG,2023-10-31,139.5123748779297,139.7262471062962,138.21981927234046,138.98234123561357,6762100
PG,2023-11-01,139.12185668945312,140.11683885761215,138.74990365612425,140.11683885761215,5896900
PG,2023-11-02,140.8235626220703,141.01883298886614,138.47092503763866,139.05675032712412,5859200
PG,2023-11-03,139.54962158203125,141.613979453576,139.1311566647688,141.14903104692823,6587700
PG,2023-11-06,140.35862731933594,140.64689306130487,139.57751740127185,139.8192854647395,6480800
PG,2023-11-07,140.03314208984375,140.64687732354815,139.59608950121466,140.34000970669595,6003800
PG,2023-11-08,139.49378967285156,140.6003689432357,139.02884135346977,140.3772028309543,4832600
PG,2023-11-09,139.80995178222656,139.80995178222656,138.66616881109888,139.242714319917,6581500
PG,2023-11-10,140.79563903808594,140.82353479925962,139.41008808038,140.26559119759537,5387200
PG,2023-11-13,141.7720489501953,142.18119155576093,140.83284425633025,140.83284425633025,6297500
PG,2023-11-14,141.4558868408203,142.73914887611372,141.04673000701092,141.85574981535152,7982600
PG,2023-11-15,140.804931640625,141.70693241478983,139.8378454873333,141.40006485551874,7672600
PG,2023-11-16,142.1161346435547,142.1719261832605,140.70268748490955,141.33502470947434,7590500
PG,2023-11-17,140.47950744628906,142.12541446138792,140.31211865461057,142.01383139300108,8495600
PG,2023-11-20,139.73558044433594,140.44229682503607,139.16834289236033,139.67978891284613,6856500
PG,2023-11-21,139.12185668945312,139.493809722782,138.39653834209273,139.34503702290968,7310400
PG,2023-11-22,140.43299865722656,140.86074317825558,139.57749542607147,139.57749542607147,4372700
PG,2023-11-24,140.7677459716797,141.1025093012677,140.4422764996291,140.58175530816766,2132500
PG,2023-11-27,140.63758850097656,141.00954152248855,140.17264012953746,140.89795845385459,6021300
PG,2023-11-28,141.61398315429688,142.06034385249475,140.55390132700137,140.55390132700137,6110400
PG,2023-11-29,140.5352783203125,141.76273445941345,140.40509336330032,141.6139475973721,5342700
PG,2023-11-30,142.75775146484375,142.86004067378408,139.55890440972533,140.3214123580185,9771300
PG,2023-12-01,141.9580535888672,142.7298696610881,141.55819057330956,142.58108276278296,5685400
PG,2023-12-04,141.4000701904297,141.8371227135392,141.02811723799826,141.13040642828125,6578300
PG,2023-12-05,136.47161865234375,141.91151938793337,135.93227692661432,141.47446685482672,11895800
PG,2023-12-06,136.3693389892578,136.84359536505718,135.43014847434227,136.7041023531351,7610000
PG,2023-12-07,136.22987365722656,136.787817381974,135.7835271908876,136.2949732403897,6119600
PG,2023-12-08,134.97450256347656,135.98810076696793,134.38867728136626,135.69052700727562,6385300
PG,2023-12-11,135.5975341796875,135.64401766017846,134.50954262990547,134.64903563866818,8471200
PG,2023-12-12,135.70912170410156,135.9787854940345,134.9094100037906,135.6347282681311,6069200
PG,2023-12-13,138.1640167236328,138.22910209703014,135.25343628451228,135.6346972357192,9055500
PG,2023-12-14,134.51885986328125,138.13615745430454,134.25848992272668,138.05247015679004,10565200
PG,2023-12-15,133.86793518066406,134.13759898047212,132.51027975540575,133.1426027006647,14550000
PG,2023-12-18,135.92300415039062,137.15047465224393,134.044608771387,134.0632106790479,8421800
PG,2023-12-19,135.92300415039062,136.081084892763,135.19768583169483,135.45805578255494,5233600
PG,2023-12-20,133.82144165039062,135.83002199003317,133.75634206860593,135.36507362562136,7663800
PG,2023-12-21,134.1468505859375,134.63969454659423,133.09607729445267,134.3886327328135,6104700
PG,2023-12-22,135.0954132080078,135.42088278108787,134.1748102186013,134.3700948002693,4413800
PG,2023-12-26,135.70912170410156,135.92299396433094,134.8071208029684,134.9187038623755,3634900
PG,2023-12-27,135.8207244873047,136.0531986875607,135.16979956440775,135.4394633935011,4569400
PG,2023-12-28,135.5138397216797,135.7742096579476,134.87220873977043,135.7649157991871,5023000
PG,2023-12-29,136.26707458496094,136.6576437381341,135.51386042645467,135.76493654232326,5300900
PG,2024-01-02,138.31285095214844,138.93588008659205,136.05319441823625,136.0996920946482,7238400
PG,2024-01-03,137.47592163085938,138.74058168198178,136.8621864172785,137.94086997040293,7697500
PG,2024-01-04,138.22911071777344,138.80565620331657,137.41081143648094,137.67118132449602,7067400
PG,2024-01-05,137.08538818359375,138.43373574148077,136.27638248668143,138.29425689342673,5294200
PG,2024-01-08,138.26634216308594,138.4802144304732,137.2992416522001,137.54102387447034,8255300
PG,2024-01-09,138.8335723876953,138.92655353903956,137.6712015776662,138.15475180758543,9786800
PG,2024-01-10,139.42868041992188,139.48447193844217,138.79634343547195,138.8800449023466,8591100
PG,2024-01-11,139.95875549316406,140.2284334980211,138.82428031688602,139.53101093174027,6659400
PG,2024-01-12,140.04246520996094,140.6933901389009,139.3822322319009,140.3679205798813,5684700
PG,2024-01-16,139.28921508789062,140.8793446268819,138.4430199071789,139.6239784545679,8120100
PG,2024-01-17,139.42868041992188,140.04241550183363,138.56386931557455,138.70336230096953,6541400
PG,2024-01-18,138.62489318847656,138.86818811819316,137.48325325593584,138.7091090166043,6526200
PG,2024-01-19,138.0915069580078,139.0740534743877,137.84819775846248,138.727823341138,7848100
PG,2024-01-22,138.36288452148438,138.6904095714143,136.88436693734033,137.53005020344165,11084100
PG,2024-01-23,144.08975219726562,146.35431218009722,143.0697670915348,143.27563747894732,19101600
PG,2024-01-24,142.3492431640625,144.3237172608298,142.32117122305655,144.0429835720617,11592700
PG,2024-01-25,145.6244354248047,145.6618741984149,142.2930985089186,142.61125669106312,10352500
PG,2024-01-26,146.1110382080078,146.12975759464345,145.36241980837397,145.8022325827073,8356600
PG,2024-01-29,146.12977600097656,147.22462465837972,145.4185820063245,146.61636588512675,8987400
PG,2024-01-30,147.3743133544922,147.77668730287252,145.81158032466664,146.2981700838187,7794700
PG,2024-01-31,147.04681396484375,148.31946101536687,146.6350731133938,147.84222372593655,8870000
PG,2024-02-01,148.95578002929688,149.0680820772157,146.5602124280964,146.70058641831767,7601100
PG,2024-02-02,147.93576049804688,149.34878123441126,147.4117319913313,148.7592420250033,7937700
PG,2024-02-05,148.04811096191406,148.78736264462262,147.4398521700399,148.0106721827809,6931900
PG,2024-02-06,148.7499237060547,148.8528589206138,147.7299241149835,148.14166497322006,6185400
PG,2024-02-07,148.89962768554688,149.56403026594668,148.54404501034762,148.8809225775474,7209300
PG,2024-02-08,148.45045471191406,148.88091491178074,147.6363399158946,148.60018124045095,6121600
PG,2024-02-09,147.30882263183594,148.1697287979339,146.87837668814115,148.09486552974604,5978000
PG,2024-02-12,147.0187530517578,147.48663782192077,145.502810965617,147.2526954368393,5482000
PG,2024-02-13,146.23269653320312,148.75927120254582,145.49343066867561,147.61763132669245,6046800
PG,2024-02-14,145.63381958007812,146.12977629909193,144.9600643620386,146.12977629909193,5727300
PG,2024-02-15,146.92514038085938,147.3088092409297,146.120378169381,146.2607521389884,6249200
PG,2024-02-16,147.39303588867188,148.27266142618416,146.60699300444276,146.95322311991575,6617600
PG,2024-02-20,148.32884216308594,149.52662617345052,147.9732594054135,148.50664068127801,6622100
PG,2024-02-21,150.09739685058594,150.09739685058594,148.96512394204774,148.96512394204774,7121000
PG,2024-02-22,150.2471466064453,150.74310329245108,148.44111834961473,149.21780873757132,6619500
PG,2024-02-23,150.68695068359375,151.35135326378727,149.8728358459089,150.28457668110394,5486500
PG,2024-02-26,149.92898559570312,150.81796373628347,149.78862588671478,150.68695658165805,4531900
PG,2024-02-27,149.06809997558594,149.53598477508325,148.7499417388184,149.17103520262378,3868200
PG,2024-02-28,149.76991271972656,149.8354091604051,148.45047428559968,148.85286259926036,3802900
PG,2024-02-29,148.73118591308594,149.8260343622517,148.01999205370115,149.65758845076837,8348100
PG,2024-03-01,148.64697265625,148.81540429192614,147.48661347744175,147.8983542918159,4819800
PG,2024-03-04,149.3113555908203,149.49850660556697,147.54275208585597,147.60826279430623,3841600
PG,2024-03-05,149.08680725097656,149.71377111791128,148.58148371250337,149.21781441304188,4481600
PG,2024-03-06,149.3207244873047,149.71374590731898,148.70311327926478,149.4236454099373,5405700
PG,2024-03-07,150.30328369140625,150.57466482654152,149.22715454110607,149.6763198766817,4783900
PG,2024-03-08,150.05062866210938,150.89281540872142,148.12293170835468,149.58274396316762,5080200
PG,2024-03-11,151.173583984375,152.17485004633866,150.49047616425318,150.97706608281908,5170900
PG,2024-03-12,151.52914428710938,152.0812591293755,150.87410851011714,151.42622335238326,4229100
PG,2024-03-13,151.87539672851562,152.27777077039292,150.96769914717638,151.95026000394367,5410500
PG,2024-03-14,151.1267547607422,152.17481189639807,150.78052465957893,151.8192292417763,5848100
PG,2024-03-15,151.01449584960938,151.1267836273898,150.00386301345466,150.3781651251963,10956900
PG,2024-03-18,150.8553924560547,152.2683991209544,150.65887459786074,151.10803991539376,6086300
PG,2024-03-19,151.43557739257812,151.75373559042316,150.81796610590774,151.40750545033939,6148100
PG,2024-03-20,151.58529663085938,151.9689512492003,151.0986925243262,151.60400173897753,4870300
PG,2024-03-21,151.46363830566406,152.02510566697254,150.77116379721136,151.67886127339213,5211500
PG,2024-03-22,151.2764892578125,151.97831632927847,151.0986907817811,151.78179846663633,6393200
PG,2024-03-25,149.9009246826172,151.2765070467449,149.47046441220095,150.81797483246567,7145600
PG,2024-03-26,150.23777770996094,150.7898782205609,149.85410883498494,150.05997924210828,5842700
PG,2024-03-27,152.16543579101562,152.2870903606846,150.97700486518013,150.99572424790736,6599700
PG,2024-03-28,151.82858276367188,152.6614169454337,151.3139067460196,152.36197816706814,7191500
PG,2024-04-01,150.26585388183594,151.66015544595277,149.53595488282392,151.38877432041534,5971900
PG,2024-04-02,150.2565155029297,150.3875226618111,149.38624244280302,149.38624244280302,6771200
PG,2024-04-03,146.1204071044922,150.5466072834635,145.68059428096893,150.31266489983238,9601800
PG,2024-04-04,145.46534729003906,146.99065594888532,145.42792279746402,146.80350492859498,6801700
PG,2024-04-05,146.0736083984375,146.97193902234494,144.75417012344636,145.31562319371156,5121200
PG,2024-04-08,146.01744079589844,146.63505198407898,145.63378622024712,145.9519443673558,5476800
PG,2024-04-09,146.59764099121094,146.68185681225143,145.69929606398753,146.23269148799386,4608100
PG,2024-04-10,147.14041137695312,147.45856960180805,145.65252691844142,145.65252691844142,7784900
PG,2024-04-11,145.83026123046875,147.47722407646867,145.76476481475052,147.43043276312474,8209800
PG,2024-04-12,145.35305786132812,145.95194968659163,144.80095736027576,145.25012265954655,6770500
PG,2024-04-15,145.46534729003906,146.74736105037863,145.35305953360637,146.3730447310903,5754000
PG,2024-04-16,145.9332275390625,146.85964433756223,145.6712132628881,145.8396591711186,6103300
PG,2024-04-17,146.8783721923828,147.02808444546767,145.7367323752015,146.2607609577684,6621900
PG,2024-04-18,148.13755798339844,148.4577848876398,146.88496105176955,147.24283973041798,7819300
PG,2024-04-19,148.93814086914062,148.97580702385707,144.58697426844404,145.9620116646969,12034200
PG,2024-04-22,151.19845581054688,151.90481464074688,148.099901398602,149.21123239341455,8926300
PG,2024-04-23,152.1025848388672,152.66767758972676,151.08542650986328,152.27210404158168,7707300
PG,2024-04-24,153.13858032226562,153.38344617819368,150.1436117968425,151.820035387278,7217600
PG,2024-04-25,153.0915069580078,154.75851782423877,152.64885427391874,153.48706617914772,7094600
PG,2024-04-26,151.90481567382812,153.81670680847324,151.15137774654985,153.04441425083354,5659800
PG,2024-04-29,152.2532958984375,152.37572165769663,151.07603117270588,151.79180295242406,4621000
PG,2024-04-30,153.70370483398438,153.84498524670312,152.19681436135207,152.4228400282466,8106100
PG,2024-05-01,153.89202880859375,154.68316157275822,152.78069788057488,153.7790160012444,7543000
PG,2024-05-02,154.30641174316406,154.91859791621303,153.17624067794915,154.02386538413415,5647500
PG,2024-05-03,154.8903350830078,155.12578797240312,152.72416562639017,154.02385580363764,5581500
PG,2024-05-06,154.8715362548828,155.38010830881785,153.76019084679103,155.19174882109775,5472400
PG,2024-05-07,156.1147003173828,156.37840644049905,155.01278236631018,155.38008835000105,6433000
PG,2024-05-08,155.46487426757812,156.68921806000503,155.3330068249833,156.32191204809556,4579400
PG,2024-05-09,156.37840270996094,156.65153614082644,155.4460183579378,155.4460183579378,4671100
PG,2024-05-10,157.14132690429688,157.62164581701168,156.05823455787143,156.4255406372203,4879400
PG,2024-05-13,156.21832275390625,157.8947466520881,155.73800389686807,157.1413086891046,5725500
PG,2024-05-14,156.1147003173828,156.40667401238838,154.41002346048654,155.89808765287432,6009800
PG,2024-05-15,156.82107543945312,156.981181718693,155.5119576306966,155.69090416952568,5102700
PG,2024-05-16,158.092529296875,158.54459493694665,156.8964242872173,157.2166368501469,6793600
PG,2024-05-17,157.88531494140625,158.22436773281282,157.16954321328407,157.91356814311462,4700800
PG,2024-05-20,157.57452392578125,158.11136352926354,157.08477778467747,157.80056392265385,3804600
PG,2024-05-21,158.5540313720703,158.7329635527704,157.55569873524956,157.99835145631008,5147100
PG,2024-05-22,158.04542541503906,158.62934409376336,157.8759062002765,158.23378488841078,4536700
PG,2024-05-23,155.86044311523438,158.32798548256764,155.70033683049752,157.55569289287556,4729800
PG,2024-05-24,155.70974731445312,156.63271885872422,155.54021371682344,156.19949347649617,3820100
PG,2024-05-28,153.61891174316406,155.17289534816877,152.81836602488497,154.9186165283068,6466200
PG,2024-05-29,152.24386596679688,153.27045171188155,152.027253284839,153.18567773119625,4360400
PG,2024-05-30,153.11973571777344,153.23274851408442,152.0837371819063,152.2438434336485,4748200
PG,2024-05-31,154.9656982421875,155.1823252906506,152.54524952973603,152.98790219968166,10341400
PG,2024-06-03,155.06930541992188,156.56679708737832,154.10866774151728,154.39119978169074,5828400
PG,2024-06-04,157.29196166992188,157.39556152835058,154.83383263893694,155.2011386150195,6277000
PG,2024-06-05,156.38784790039062,157.29197915545382,155.38010240447477,157.29197915545382,5243300
PG,2024-06-06,158.6670379638672,158.77063783857625,155.4742964789889,156.1806553417576,6302000
PG,2024-06-07,157.33909606933594,159.1379602742753,157.13189629856234,158.60112058520477,4558200
PG,2024-06-10,157.61221313476562,157.96067890794825,156.4161081047523,157.07537350168207,4110600
PG,2024-06-11,157.73463439941406,157.75347465904832,156.35959723516874,157.25431556054602,3947700
PG,2024-06-12,155.5684814453125,157.88534502317185,154.6643500765691,157.7534919331089,5474500
PG,2024-06-13,156.7268829345703,157.28254836901237,154.89976600147762,154.89976600147762,4902200
PG,2024-06-14,157.0847930908203,157.2166461757835,155.63440915622525,156.33135510297836,3695000
PG,2024-06-17,157.75347900390625,158.89307762319362,155.77566844415085,156.19949525760404,6759400
PG,2024-06-18,158.75180053710938,158.83656015320344,157.22606996378374,157.3108295798778,5112600
PG,2024-06-20,157.91358947753906,158.95900119470423,157.15072418653634,158.57285489131255,8483600
PG,2024-06-21,158.46922302246094,159.0531560175549,157.4520647161642,157.7346110852864,14682000
PG,2024-06-24,158.648193359375,159.55233900216,157.73463477220434,158.9401527153127,7565200
PG,2024-06-25,157.14132690429688,159.08145718859666,156.24659407045118,158.81775099680308,7968200
PG,2024-06-26,157.70639038085938,158.04544321948677,156.02055350354232,156.38785954781298,5164000
PG,2024-06-27,156.92466735839844,158.31855907921485,155.86984280937557,157.7440533435706,5007000
PG,2024-06-28,155.32359313964844,157.50860331251303,155.00338059149286,156.34075156106056,9253100
PG,2024-07-01,153.25161743164062,156.538545791156,152.7618712711922,155.95461270223024,7638600
PG,2024-07-02,154.36294555664062,154.49479863148525,152.30038982248004,153.1197614753782,5449200
PG,2024-07-03,154.2970428466797,154.6549359616766,153.49649699605254,153.71312407666062,2980500
PG,2024-07-05,155.59674072265625,155.9922999717431,153.98623614981634,154.46655501565579,6509200
PG,2024-07-08,156.83050537109375,156.97177139310114,155.9828661263265,156.2936657456504,5144500
PG,2024-07-09,156.02053833007812,157.0565226350311,155.53079219504374,156.93409687945265,4393100
PG,2024-07-10,157.09420776367188,157.2072205785711,155.90751572360082,156.2465685392058,5037100
PG,2024-07-11,155.90750122070312,156.93408688720234,155.1917295080787,156.62328730423351,5831500
PG,2024-07-12,156.91525268554688,157.88531761638592,156.35958721465974,156.54794668620886,4684600
PG,2024-07-15,155.0033721923828,156.92466174811508,154.89035938642976,156.7833957406738,5752500
PG,2024-07-16,157.23548889160156,157.34851608826926,155.03165256384855,155.31419899915477,6378300
PG,2024-07-17,159.58058166503906,160.26810020337217,157.5933583419638,157.9889175436448,7982300
PG,2024-07-18,158.63877868652344,160.9744678794837,158.48808535254992,158.97783150251018,5926300
PG,2024-07-19,159.1381072998047,160.16136886297159,158.35170032689695,159.14757685706647,6597100
PG,2024-07-22,159.41287231445312,159.83923371743694,158.89175750754418,159.1096729877644,6383000
PG,2024-07-23,157.8684844970703,159.57394459909017,157.58425319451692,159.2802292815584,4863400
PG,2024-07-24,159.1759796142578,159.4412717570279,156.88308926183768,157.58422675763723,5907000
PG,2024-07-25,158.13377380371094,161.15622522941615,158.10535067397336,159.47920274554093,7338300
PG,2024-07-26,160.22769165039062,160.426668002307,158.25693953155894,158.46538544029468,5581600
PG,2024-07-29,161.0045928955078,161.58255384512694,159.28019405953162,159.98133151791214,6797800
PG,2024-07-30,153.20689392089844,153.85118523483354,149.73912766614475,153.29216330650573,15746300
PG,2024-07-31,152.31626892089844,154.3059747266237,150.84769237471113,152.36364562243276,9660900
PG,2024-08-01,156.98733520507812,157.574765827646,152.24047015065204,152.42997695810968,12532700
PG,2024-08-02,161.14674377441406,161.40256638050434,156.47567888209835,158.64540734080515,11899000
PG,2024-08-05,159.2328643798828,161.90475448062523,157.91587290353317,161.90475448062523,10338800
PG,2024-08-06,159.2612762451172,161.38362820781376,159.03389120230895,159.0812534480007,7454900
PG,2024-08-07,161.08990478515625,162.70061140582268,159.18546840340625,159.7160672103919,8385500
PG,2024-08-08,161.89524841308594,162.5490092830414,160.12347260294035,160.52141085914388,6386900
PG,2024-08-09,161.5825653076172,162.26474924596548,160.7393121695669,161.1846270864703,5377300
PG,2024-08-12,158.04847717285156,160.73930567803407,157.47051620557374,160.50243666615526,7208100
PG,2024-08-13,158.50326538085938,158.98648742923032,157.71687296525712,158.5506420758244,3770000
PG,2024-08-14,159.93399047851562,160.56879781758818,157.11051536182316,157.75479225855113,5476600
PG,2024-08-15,159.10020446777344,160.76775740341623,157.99165902985106,160.55932593663314,9491400
PG,2024-08-16,159.07177734375,159.50762275342854,158.03903176392524,159.0054615281068,5640800
PG,2024-08-19,159.57394409179688,160.3508815358793,159.3370750355288,159.34654459313717,3885300
PG,2024-08-20,161.45941162109375,161.60152725839603,159.28021361931525,159.9055513381222,4513600
PG,2024-08-21,161.22254943847656,162.8616791734839,160.69196509354973,161.25097256714486,4082000
PG,2024-08-22,161.2130584716797,162.24581844566617,160.25611278065793,161.90472645901727,4097300
PG,2024-08-23,160.28453063964844,161.17516048980931,159.41285435960575,161.11831423679274,4771300
PG,2024-08-26,161.40257263183594,161.99000323558028,159.8392282644434,159.8392282644434,6472400
PG,2024-08-27,160.3603515625,162.1131883669463,160.1992823386474,161.8573657373734,4456400
PG,2024-08-28,160.18031311035156,162.20791146146973,159.72552861349155,160.52140509733118,5644800
PG,2024-08-29,161.09938049316406,161.63944887796364,160.06663488336184,160.83408830821193,4413200
PG,2024-08-30,162.53004455566406,162.85219741867377,160.77722243727072,161.2225373628384,7301600
PG,2024-09-03,165.35354614257812,165.80833065861538,162.0089564007372,162.04684908651566,10101400
PG,2024-09-04,166.6610565185547,166.7558099207636,164.51029597033826,164.51029597033826,7517500
PG,2024-09-05,166.25364685058594,167.27692286226335,165.49566301334275,166.7463385133949,6061900
PG,2024-09-06,166.36734008789062,167.741177666601,166.13047104130817,166.52840930468597,5785700
PG,2024-09-09,166.8126678466797,167.55169817211384,165.48620686701335,166.31997614394345,6450200
PG,2024-09-10,168.4517822265625,168.59391232673886,166.67053685453237,166.67053685453237,6396300
PG,2024-09-11,164.78504943847656,167.70327770057628,164.5102877175973,167.32429302543133,6828200
PG,2024-09-12,164.3586883544922,165.43881058363286,163.382789079801,164.76609615812464,4838900
PG,2024-09-13,164.9366455078125,165.37247642902582,163.7238772248927,164.26393109810718,3918000
PG,2024-09-16,167.93069458007812,167.99701039929735,165.1640656843097,165.53358084093156,6892300
PG,2024-09-17,166.6421356201172,167.6748813133256,166.14944389798418,167.3527428423444,4757100
PG,2024-09-18,164.78504943847656,166.6610481579197,163.5059653168584,165.85570210890205,5102900
PG,2024-09-19,162.53004455566406,164.0649656754808,161.43098326235256,163.7996735228879,8692000
PG,2024-09-20,165.0692901611328,165.37247500057475,162.49215396785442,162.50162352437698,28647500
PG,2024-09-23,164.64292907714844,165.98834342986245,163.52489974006383,164.87031409277782,10265000
PG,2024-09-24,164.1407470703125,165.33456162294885,163.5533021206634,163.79965513279691,5422400
PG,2024-09-25,163.21226501464844,165.50515596484053,163.0227726428875,164.92720929103913,8916500
PG,2024-09-26,164.11236572265625,165.43882667435446,162.35952889752497,162.4921749926948,4957200
PG,2024-09-27,164.43447875976562,165.2872014601579,163.51542579337018,163.92283357366,4599500
PG,2024-09-30,164.10289001464844,164.86087393570605,163.63863588672302,164.6050512901642,6296600
PG,2024-10-01,163.95127868652344,164.86086221861427,163.15540213178133,164.1407854963247,7130600
PG,2024-10-02,162.89010620117188,163.3922674294504,162.09422966473113,162.9753755892178,6212700
PG,2024-10-03,161.1846466064453,162.36899185709774,160.85303861066632,162.36899185709774,4794300
PG,2024-10-04,160.00978088378906,161.15621895816415,159.42233582494669,159.98135775515755,6002800
PG,2024-10-07,158.34222412109375,160.6730220256378,158.10535506181384,160.27508374092835,6325300
PG,2024-10-08,159.32760620117188,159.73501404027922,157.53687670595,158.08641465386728,7473000
PG,2024-10-09,160.37928771972656,160.89091846597512,159.17598899297494,159.53603454680731,8758800
PG,2024-10-10,160.0760955810547,160.87197209186107,159.52655766911533,159.93397993888888,6932300
PG,2024-10-11,162.1036834716797,162.40688276505819,160.0950387537304,160.55930725021443,7036500
PG,2024-10-14,163.4490966796875,163.76176552732574,161.7720743932705,162.03736654447786,5909000
PG,2024-10-15,164.45346069335938,165.72307540663704,163.74285350135975,163.80916932146272,7172200
PG,2024-10-16,163.32595825195312,163.52492016548058,161.91421345511816,162.8522201337677,6117000
PG,2024-10-17,163.231201171875,164.55766209000626,162.73850949199496,163.13644776743433,7045600
PG,2024-10-18,163.2378692626953,164.12421042756347,160.55028460961736,162.30388738746097,8372500
PG,2024-10-21,161.57955932617188,163.4284725737092,160.54074173198765,162.9519491405229,5522500
PG,2024-10-22,161.7320556640625,162.7136928055055,160.6551225582351,160.6551225582351,7511400
PG,2024-10-23,161.61769104003906,162.17998520693592,160.8075953781874,161.58910079713525,4837800
PG,2024-10-24,161.65579223632812,161.97983919784832,160.99818762294828,161.46518578635977,5861200
PG,2024-10-25,160.32154846191406,161.4461368080214,160.14999246027142,160.98867837421005,4877900
PG,2024-10-28,161.35084533691406,161.6939428074101,160.47404392172237,161.33178032679157,5753800
PG,2024-10-29,159.32083129882812,160.93148271242555,158.99679887803126,160.93148271242555,5681000
PG,2024-10-30,158.35829162597656,159.46382962647556,158.16768513611126,159.2446183479046,5518100
PG,2024-10-31,157.42428588867188,159.19695377110617,157.3385151546046,157.9770548565645,6056500
PG,2024-11-01,157.34805297851562,158.53936163358512,157.24321723517582,157.54818468885577,5454800
PG,2024-11-04,157.3289794921875,158.463107597488,156.85245605583208,157.9389289090288,5130200
PG,2024-11-05,157.97703552246094,158.5107539568029,156.61418555126698,156.61418555126698,4397400
PG,2024-11-06,153.48822021484375,158.24391537442423,152.3064367153351,157.8341121502053,11473700
PG,2024-11-07,155.7373809814453,156.25201985449607,153.89799309657076,154.35546603077154,9056700
PG,2024-11-08,159.83551025390625,159.87362573324478,156.23297940686385,156.3187646844747,7506200
PG,2024-11-11,158.23434448242188,160.60743603133042,157.9960828043429,159.15880095675539,6364400
PG,2024-11-12,158.05328369140625,159.21600199397292,157.7959715163354,158.33920065049227,6507500
PG,2024-11-13,158.758544921875,158.96821639081452,157.90079403739315,158.26295649144154,5412300
PG,2024-11-14,159.23507690429688,160.1499937794559,158.6918331940187,158.88245420682324,7444300
PG,2024-11-15,161.57955932617188,162.5612109774894,159.04446571380012,160.05469306538046,9939400
PG,2024-11-18,162.73275756835938,163.3998874874041,160.90290927226175,161.16976123987962,6681000
PG,2024-11-19,162.74227905273438,163.13303176143734,161.6939362161997,162.6755733335375,5683700
PG,2024-11-20,162.86618041992188,163.0377364200006,161.5509710745696,162.02749451362868,7081100
PG,2024-11-21,164.6388702392578,165.36318072836642,162.22766247815716,163.60005249317825,6240400
PG,2024-11-22,168.00311279296875,169.0705207082366,165.7158059624399,165.97311816479345,10609800
PG,2024-11-25,169.0609588623047,170.42382324829595,168.59396072933697,169.14672957784805,19357000
PG,2024-11-26,170.89085388183594,171.0338196561029,168.87992414616212,168.87992414616212,6276700
PG,2024-11-27,170.93846130371094,171.95821373819646,170.33803721296982,171.54841062646705,5522900
PG,2024-11-29,170.84317016601562,171.19580738326013,169.90918834088765,170.3094662659425,3823700
PG,2024-12-02,171.26251220703125,171.70092014685824,169.65186073977154,170.70974330131048,5728200
PG,2024-12-03,167.18345642089844,171.18624979733036,166.97378497592132,170.37616879840886,8127300
PG,2024-12-04,166.88803100585938,166.92614648043474,165.31550955308012,165.99216465876214,6823500
PG,2024-12-05,167.76483154296875,168.17464923998398,166.25901581347588,166.64976850212426,5022200
PG,2024-12-06,165.6586151123047,168.44151024759068,165.59189485060222,167.1358261375306,5741200
PG,2024-12-09,162.77085876464844,165.6014089621415,162.42776133033593,165.48704799815076,7164300
PG,2024-12-10,164.19090270996094,164.81037731743672,161.95123689707427,162.4182350676426,6219900
PG,2024-12-11,162.61837768554688,165.24878157864254,162.39916645436733,164.8866191465545,5237500
PG,2024-12-12,162.8280792236328,163.75253593987063,162.03704850033947,163.38083366415822,4072800
PG,2024-12-13,163.02821350097656,163.72393372208364,162.1323470161397,162.75183627637549,3884500
PG,2024-12-16,163.10443115234375,164.6674273454767,163.06631567841674,163.3998733378841,5943600
PG,2024-12-17,162.33248901367188,163.8764204217387,162.037046785446,162.65652148705882,6069200
PG,2024-12-18,161.1411590576172,162.55166428800075,161.08397857484144,161.78922391886297,7517100
PG,2024-12-19,161.24600219726562,162.11327833877894,159.49239944733233,161.0744461987172,8585200
PG,2024-12-20,160.16908264160156,161.89409545104436,159.63537862788928,160.94104841445994,21999300
PG,2024-12-23,160.21670532226562,160.75993446063583,158.54887334739203,160.16905007165823,6983900
PG,2024-12-24,161.00775146484375,161.23647342205837,159.55911605233527,159.74972253079483,2460800
PG,2024-12-26,162.1704559326172,162.30388191029087,160.1785915007954,160.40731343832692,3629400
PG,2024-12-27,161.5700225830078,162.7422660732836,161.31269587556287,161.46518685348136,4367900
PG,2024-12-30,159.24456787109375,161.04582553269887,158.88242001784496,160.75038338570445,4354500
PG,2024-12-31,159.77828979492188,160.18810747989187,158.76806251627684,159.5019126222575,3957600
PG,2025-01-02,158.18673706054688,160.7885658422248,158.12003133253478,160.19766681316102,5401700
PG,2025-01-03,157.37664794921875,158.68231762083764,156.5379619773128,158.4440558826682,5256600
PG,2025-01-06,153.05934143066406,155.82317168645338,152.90685043304123,155.16556698375416,8731700
PG,2025-01-07,153.7264862060547,154.97497546712748,153.19278220520005,153.87897721839695,8447400
PG,2025-01-08,154.4888916015625,154.77479400677367,153.03073116562535,153.43100907526102,4974800
PG,2025-01-10,151.1151123046875,153.6406952844653,150.07629468644697,152.63045336714933,8501500
PG,2025-01-13,151.38194274902344,152.5732511902157,150.97213962557618,151.8680059001271,6772200
PG,2025-01-14,152.23971557617188,152.55422279522622,150.8768509602697,151.39150442502827,5982200
PG,2025-01-15,152.1539306640625,153.5835010036898,151.85848845398084,153.04979707033692,8059200
PG,2025-01-16,152.96401977539062,153.04026526864618,151.66787547472794,152.1253338919204,5774400
PG,2025-01-17,153.564453125,154.15533755512408,152.1062925173868,152.23971850297423,7262700
PG,2025-01-21,154.12673950195312,154.72716367784517,153.40242912294096,153.40242912294096,13914700
PG,2025-01-22,157.0049285888672,160.24528175822692,156.71901165219674,159.25411952575413,14356700
PG,2025-01-23,158.34872436523438,158.66323156297918,155.651614644194,156.185318540122,7614300
PG,2025-01-24,157.36781311035156,159.0841775908773,156.48566526597054,159.0841775908773,6199800
PG,2025-01-27,162.6798858642578,162.948364990009,159.27593632510838,159.86084041285528,9170800
PG,2025-01-28,159.35264587402344,162.61275788678628,159.2759354626506,161.9607413366397,6716300
PG,2025-01-29,159.39100646972656,160.40739389715955,159.05541485311127,159.8608522902073,4850300
PG,2025-01-30,160.52244567871094,160.70463106735124,159.10332508878335,160.58955814078072,4136500
PG,2025-01-31,159.16091918945312,159.76499006312702,158.41301076984254,159.1705025067747,5464700
PG,2025-02-03,161.81690979003906,162.41141184232623,158.43214140522323,158.66227264781978,8668600
PG,2025-02-04,161.21286010742188,162.32512468102402,159.43896629607144,162.32512468102402,6410900
PG,2025-02-05,162.056640625,162.18129688947073,159.75538649195505,161.1744927196322,7536800
PG,2025-02-06,161.93199157714844,162.93878106987202,161.11695618387895,162.40182277214845,4957900
PG,2025-02-07,161.05941772460938,162.16209883438245,160.963526049405,162.1333342580242,4535600
PG,2025-02-10,160.6375274658203,161.54843991121908,159.55401292083164,160.79094830300772,7062900
PG,2025-02-11,162.4593505859375,162.59360479027546,159.6499028617683,160.7909465505117,5438100
PG,2025-02-12,162.6031951904297,163.08262434904128,161.0594327144597,161.42380355692987,6037400
PG,2025-02-13,163.9839324951172,164.32912203032524,162.18127440780677,162.65112019020563,6328300
PG,2025-02-14,156.1884307861328,163.00591401027376,155.62270789012945,162.8045473259078,13179500
PG,2025-02-18,158.62391662597656,158.9403416108838,155.5268085097261,156.62950429913303,7075300
PG,2025-02-19,159.6403350830078,160.0046913140469,158.4417621220504,159.2663809044298,7910700
PG,2025-02-20,160.33070373535156,160.8772453614774,156.1021350957282,156.43772672411657,6162600
PG,2025-02-21,163.2264404296875,163.53328210127665,159.09376359595313,160.5512322739693,9813700
PG,2025-02-24,163.52366638183594,165.86328266486194,162.80452275210325,163.2168393746109,8564100
PG,2025-02-25,165.546875,166.79339368124596,163.77299597335656,164.23324384776473,7314900
PG,2025-02-26,164.25242614746094,165.54687604572626,163.62915948739285,165.1921031643598,5519000
PG,2025-02-27,164.8948516845703,165.96876822481073,163.6099851623519,163.82093514432992,5467000
PG,2025-02-28,166.68792724609375,167.46460014623554,164.7798085484656,166.43862934944852,10240100
PG,2025-03-03,168.3659210205078,169.03711888690304,166.37149405249326,166.43862115464086,7615300
PG,2025-03-04,166.05506896972656,172.58490610970335,165.79618776992027,169.47820003288243,12117600
PG,2025-03-05,167.42625427246094,168.63441050604445,165.90167303295902,166.2468626184139,6989100
PG,2025-03-06,167.47418212890625,168.605627818538,165.72905312569256,167.69471542534006,6702500
PG,2025-03-07,168.71112060546875,171.53016644278338,166.88929562689984,166.92764352253604,9566700
PG,2025-03-10,169.0083770751953,172.58492945757678,168.59607498423392,169.48780627734658,11047000
PG,2025-03-11,165.99754333496094,168.7494765904781,165.23046840383657,168.59605575184665,11032300
PG,2025-03-12,161.44296264648438,164.76061870672632,160.8676564616383,162.71824590453323,10158800
PG,2025-03-13,161.65390014648438,162.3250979591185,160.39779824762303,160.8005169352035,6609000
PG,2025-03-14,161.05941772460938,161.65390514403325,159.76495326442756,160.8868156354446,6790500
PG,2025-03-17,162.77578735351562,164.05107070787992,161.21285820051196,161.44297483942344,9931700
PG,2025-03-18,160.8101348876953,163.25521189284325,160.68547862447778,163.0730411025473,6099900
PG,2025-03-19,161.63473510742188,161.807322561934,160.23479568642455,160.9635226571677,7569200
PG,2025-03-20,160.65670776367188,162.24841602014828,159.19923908117443,161.94157434761567,8789200
PG,2025-03-21,159.8320770263672,161.22241850171096,157.3678044090142,160.26356029374767,16027300
PG,2025-03-24,158.8348846435547,160.00469303652372,158.5568221512669,159.58279300876208,6102100
PG,2025-03-25,156.15008544921875,158.56639791509505,155.52681875388805,158.49928543988477,8366700
PG,2025-03-26,159.7266387939453,159.9567700839789,156.2843405466719,156.62953016621304,7756000
PG,2025-03-27,161.76898193359375,162.07580896572813,159.76495706980666,160.96352988333243,6211700
PG,2025-03-28,161.11697387695312,162.72786357804017,160.72383842615605,162.4114385540585,5479100
PG,2025-03-31,163.40863037109375,164.09900952028244,161.18408671449868,161.18408671449868,11520100
PG,2025-04-01,163.54287719726562,164.01272305409958,162.10458967787454,163.55247514457926,7021100
PG,2025-04-02,162.5264892578125,163.8497184540494,161.3854454878421,163.073045536612,6274500
PG,2025-04-03,165.29757690429688,167.60842885097355,163.70586866153081,167.06187261311374,9393300
PG,2025-04-04,157.01303100585938,166.45779017373235,156.74455187904812,164.70307790356338,13454200
PG,2025-04-07,153.6378631591797,157.92396098218373,152.64065695283966,156.9267547758437,15708000
PG,2025-04-08,151.8735809326172,156.56239790923217,150.26270584836521,155.63230409355646,11541100
PG,2025-04-09,155.6418914794922,157.90478309732836,150.24351438818601,150.88594771493024,10670200
PG,2025-04-10,156.8308563232422,158.27874167500485,154.13646692510954,156.1980063535055,10581600
PG,2025-04-11,160.0430450439453,161.10737836000544,155.9295346747061,156.6486784117463,8602800
PG,2025-04-14,162.1717071533203,163.1113841801618,158.95952603171744,160.1676822090851,9877300
PG,2025-04-15,161.53884887695312,163.15932164365276,161.3566634703752,162.18128214208562,8765000
PG,2025-04-16,159.54443359375,162.69907099556946,158.96911275542232,162.32511683996148,5897500
PG,2025-04-17,163.6099853515625,164.58801021712011,160.46493151063655,160.6375189700824,7227100
PG,2025-04-21,159.9214324951172,163.97373734240534,158.50312359023386,163.91584958664956,8062400
PG,2025-04-22,161.9765167236328,162.83521934948777,158.75395639177935,160.02754575446662,7907400
PG,2025-04-23,159.90211486816406,160.75117445594904,157.37425165098708,160.54855260987668,9309200
PG,2025-04-24,153.920166015625,155.29988807653487,151.07390497698984,154.8560573844486,20077700
PG,2025-04-25,155.35777282714844,156.11034312862733,152.22205833024734,154.2578612540472,12892800
PG,2025-04-28,156.1585693359375,156.84359402351663,154.74990358950222,155.3770405257046,8127000
PG,2025-04-29,156.55413818359375,156.6795714578289,153.60174513017623,155.61824695787442,8266200
PG,2025-04-30,156.85325622558594,157.4225054264841,154.325378140441,156.7374659973476,12475500
PG,2025-05-01,154.35433959960938,155.67617390687255,153.45704988129256,155.0104352269768,6792800
PG,2025-05-02,154.87533569335938,156.11996650518572,154.2771279151578,155.27090689884503,5750200
PG,2025-05-05,153.24478149414062,155.2516405411262,152.46326731264787,155.2323397142869,7576200
PG,2025-05-06,153.64999389648438,154.0938245324532,152.10625180518446,152.48253691563414,7703800
PG,2025-05-07,153.6885986328125,154.42188283614811,152.96497220407912,153.428103718465,6430000
PG,2025-05-08,153.0710906982422,154.37362403996582,152.45359679097098,152.8105958076703,7230800
PG,2025-05-09,152.11590576171875,153.53421453987482,151.87469698614413,152.46324698743484,6453200
PG,2025-05-12,155.24197387695312,155.38670798663398,151.18002603180958,151.89399463958932,7378400
PG,2025-05-13,153.14828491210938,155.06831223175277,151.8264654187392,154.39293054617005,7780800
PG,2025-05-14,152.46327209472656,153.56318370358915,152.02909917163672,152.55974678751446,5988900
PG,2025-05-15,156.69888305664062,157.18130064029714,153.11933810813412,153.97804081815406,8727300
PG,2025-05-16,157.5382843017578,157.68300368738093,156.15857708476327,156.93043343770822,7100800
PG,2025-05-19,158.9759063720703,159.34253375159759,157.66372985880344,157.72161761755945,8119900
PG,2025-05-20,159.8153076171875,160.16264889041685,158.81188545131232,158.82152850365688,5576600
PG,2025-05-21,159.6126708984375,160.51961828988152,158.8311567868958,159.0241355935812,6424200
PG,2025-05-22,159.22674560546875,160.35560097833135,158.25226739185646,158.6574963932264,6245600
PG,2025-05-23,160.02755737304688,160.3748986133421,157.7312450220831,159.0337783537442,5349800
PG,2025-05-27,161.86074829101562,162.07301321336868,159.45831805871828,159.45831805871828,11423800
PG,2025-05-28,161.47482299804688,162.9027750013373,161.18536948762147,161.75461873405396,5385900
PG,2025-05-29,162.6326141357422,163.047500914997,160.58716828348201,160.87662177934547,4842500
PG,2025-05-30,163.9158477783203,164.9771723628566,162.6712168766518,162.81593626444473,12587500
PG,2025-06-02,161.88003540039062,163.09572235267868,160.38453801861195,163.07643625025668,7574400
PG,2025-06-03,160.9827423095703,161.52304760996782,160.06613718687962,160.915196785913,6223000
PG,2025-06-04,160.11441040039062,162.1405703599265,160.08546652001593,160.82839380147482,4939000
PG,2025-06-05,157.07518005371094,159.62234449902658,156.79536958960279,159.61268672440514,10351800
PG,2025-06-06,158.25225830078125,159.42935830856607,157.53827502192667,157.54791807299478,5697700
PG,2025-06-09,156.84359741210938,158.25226318897876,156.37083761750816,157.6444123419591,6544200
PG,2025-06-10,157.11376953125,157.76020738601147,156.226122862523,156.96905013175774,7680000
PG,2025-06-11,156.40940856933594,157.04620322762634,156.0041796201187,156.91112691122058,5960100
PG,2025-06-12,157.44178771972656,157.56722099635968,155.99453504060176,156.27434546967328,6509900
PG,2025-06-13,154.64378356933594,157.29708035031024,154.2867992590051,157.03657072595755,7104500
PG,2025-06-16,155.2227020263672,156.25506810357953,154.3832853353469,155.2227020263672,6332000
PG,2025-06-17,152.9456787109375,154.73061498225755,152.7430568429046,154.43151842838438,6809700
PG,2025-06-18,152.46327209472656,153.07110829816526,152.11593081181115,152.97463360537736,7211200
PG,2025-06-20,153.48597717285156,153.7368290114357,152.29923406255,152.47289732259685,16173400
PG,2025-06-23,155.36740112304688,155.52177827848718,153.40878697032252,153.4763324966586,6588200
PG,2025-06-24,154.72097778320312,156.05245510923004,154.03593829340483,155.512135014775,7470100
PG,2025-06-25,153.37985229492188,154.7016718024103,153.12900044394513,154.19996810045683,5933700
PG,2025-06-26,153.05181884765625,153.94910855428188,151.64315291933934,153.93946550187917,7410400
PG,2025-06-27,154.23855590820312,154.49906553484155,152.72375757511017,153.10004271482484,19257000
PG,2025-06-30,153.717529296875,154.27712067784077,152.56937321640254,153.65962682643726,11238200
PG,2025-07-01,155.55072021484375,156.81465187453895,153.77542711606904,154.25784467914147,10664900
PG,2025-07-02,155.5314178466797,155.67615194749453,154.2385423238073,155.47353009523997,8848700
PG,2025-07-03,155.1744384765625,156.3225946571794,154.17100167912588,156.1006719733483,6999600
PG,2025-07-07,154.8560333251953,155.51211412557956,153.6885763781154,155.23231842476045,7225700
PG,2025-07-08,152.3378143310547,154.16135209290832,151.903641477702,153.91050026529052,12034800
PG,2025-07-09,151.98085021972656,152.63693111234554,150.46605183530522,152.5404564222519,18770900
PG,2025-07-10,152.91673278808594,153.9973434772332,151.51771000105205,152.2123925075657,7200500
PG,2025-07-11,151.52737426757812,152.49220948771907,150.93882419440345,152.49220948771907,8053800
PG,2025-07-14,148.35305786132812,150.32132995104223,147.4847120537712,150.1090650252453,11491700
PG,2025-07-15,147.31101989746094,148.63285403052757,146.55844967733398,148.160079519026,9142600
PG,2025-07-16,148.32412719726562,148.3530710786151,146.91547589753014,147.36894966829635,8479000
PG,2025-07-17,150.14764404296875,150.2730773258427,148.4688402738744,148.6232027117774,8320000
PG,2025-07-18,150.6693115234375,151.12588636258516,149.24130337936217,149.38701244594296,7337300
PG,2025-07-21,150.60130310058594,151.4853109598331,150.46530303169374,150.64016873335274,6328400
PG,2025-07-22,153.79733276367188,153.84589257212104,150.47501771271098,150.49445052982847,8187000
PG,2025-07-23,153.75845336914062,154.34131924733188,153.17558749094937,153.7001697459005,4804800
PG,2025-07-24,154.27333068847656,154.47733821768315,153.53504666557512,154.33161431885077,7027400
PG,2025-07-25,153.7779083251953,153.913908406635,152.53447477406192,152.84532575039668,5799900
PG,2025-07-28,152.62188720703125,153.5738876959294,151.76702115493734,153.1270366762591,7885000
PG,2025-07-29,152.13616943359375,154.11788683997233,150.4167283452607,154.11788683997233,11466100
PG,2025-07-30,148.51272583007812,152.51502623377806,147.70643442219668,152.51502623377806,8162900
PG,2025-07-31,146.17156982421875,147.65786158725882,145.62756954792903,147.46357789185475,11845400
PG,2025-08-01,146.346435546875,149.10531766386632,146.22015928464705,147.4441600304472,8594200
PG,2025-08-04,146.45327758789062,147.13329274978167,145.73442643933652,145.9578519458145,7679400
PG,2025-08-05,146.21041870117188,147.73557607686698,146.02585882786025,146.40471721690304,6670100
PG,2025-08-06,148.49330139160156,149.09558532088482,145.91900896202327,146.55043470576243,7376200
PG,2025-08-07,149.1053009033203,149.61043554124578,148.33786030399077,148.74586050672855,6719000
PG,2025-08-08,149.12472534179688,149.39672548871127,148.21159046166792,148.40587416333585,5811000
PG,2025-08-11,150.55274963378906,150.95104089970837,148.93045757578616,149.15388311546616,7331700
PG,2025-08-12,150.6595916748047,151.0967337089651,149.90187486282096,150.6304498607204,6938000
PG,2025-08-13,150.970458984375,152.5247434352289,150.52359312573043,150.7761752808803,5812400
PG,2025-08-14,149.34815979003906,150.2807274504224,148.89158495653416,150.2224438245104,6343700
PG,2025-08-15,149.950439453125,151.15502203856826,149.8047303924604,150.0572977052441,7121700
PG,2025-08-18,151.27159118652344,152.43730815516315,149.76586664153675,150.00872496095732,8274500
PG,2025-08-19,153.8750457763672,154.16647876311623,151.2230367250355,151.2813203578058,7868100
PG,2025-08-20,154.9533233642578,156.429906159423,153.88475560718643,154.04989749265482,7840400
PG,2025-08-21,154.19561767578125,154.5161924728786,152.68989295834731,153.4184680000511,6417500
PG,2025-08-22,154.1373291015625,156.0899048144747,153.78761249984277,154.82705330766692,5797300
PG,2025-08-25,151.68931579589844,154.16647387030105,151.43674845427702,153.86533189528018,4692500
PG,2025-08-26,151.51446533203125,152.2236075484004,150.902457559839,151.4658906984943,6338000
PG,2025-08-27,152.4761962890625,152.64133819189217,151.33960614229167,151.68932276678322,4551200
PG,2025-08-28,151.20359802246094,152.52474799780023,150.60131407674197,152.5150390003488,5857400
PG,2025-08-29,152.5538787841797,153.05902825017412,151.20358709120853,151.63102011451954,5318200
PG,2025-09-02,153.47674560546875,154.32188779570916,152.49558852927274,152.86473791024906,6432800
PG,2025-09-03,153.651611328125,154.10818618886495,152.02931941092217,153.14646183526233,6592500
PG,2025-09-04,154.64248657226562,155.18648690901549,153.30190372606242,153.99162796773294,6934900
PG,2025-09-05,155.44874572753906,155.97331313654698,153.8847376734361,154.0207377293192,6436200
PG,2025-09-08,154.46762084960938,155.69163643018345,153.72933679586913,155.05048682349204,7178400
PG,2025-09-09,154.90475463867188,155.30303101109794,153.68073924064984,154.07903043597113,4984900
PG,2025-09-10,152.8550262451172,154.3996015392422,151.43672719262526,154.06931779513275,6205500
PG,2025-09-11,154.09848022460938,154.79791343683286,152.8938975095807,153.21447230042455,5819500
PG,2025-09-12,153.38931274414062,154.58418638032518,153.2727454910088,153.41845455742356,5957000
PG,2025-09-15,152.34988403320312,153.9916086583258,151.73787631965206,153.3698919481564,5995000
PG,2025-09-16,153.5350341796875,153.86531794021303,152.40816800776975,152.65102632984363,6559600
PG,2025-09-17,155.74989318847656,157.05161017292053,153.90416113825933,153.90416113825933,6764200
PG,2025-09-18,152.82591247558594,154.47734632204768,152.67047957116898,153.63218916859148,7651500
PG,2025-09-19,151.5824432373047,153.11730960602793,151.51445061527477,153.10760060942238,17224800
PG,2025-09-22,148.6973114013672,151.62132047619116,148.67787858377295,151.62132047619116,8712900
PG,2025-09-23,148.14358520507812,148.91101102603324,146.65729337213102,148.82358558242376,8853400
PG,2025-09-24,148.0658721923828,149.24131308990073,147.45386442713078,147.70644658949988,6483300
PG,2025-09-25,147.80357360839844,149.48416392334155,147.44414802356945,148.85272337203298,7511400
PG,2025-09-26,148.14358520507812,148.31843609229708,147.20129367400753,147.8812940513532,5721100
PG,2025-09-29,149.1441650390625,149.32873975217544,147.4538656284933,148.06587339873155,8139700
PG,2025-09-30,149.26072692871094,149.9698839401892,148.47386829409467,149.0761670451376,7762600
PG,2025-10-01,148.80413818359375,149.4938623134623,147.08471200284347,149.30928762422022,7566000
PG,2025-10-02,147.70643615722656,148.4350111318697,147.2984359501739,148.35729468916026,6892100
PG,2025-10-03,147.920166015625,149.04701747934675,147.65787485067642,147.65787485067642,5212600
PG,2025-10-06,146.11328125,147.96872234750342,146.1035574306768,147.17213995355712,6737000
PG,2025-10-07,148.18243408203125,148.79444182509968,145.7635745697061,146.45328393525963,6844400
PG,2025-10-08,146.3852996826172,148.42530090469947,146.32701605097157,148.42530090469947,5254700
PG,2025-10-09,146.2784423828125,146.56015154525875,145.30700898791235,146.43387528349186,6134500
PG,2025-10-10,145.4138641357422,147.1818651686376,145.18071478972323,146.62815585332586,7374000
PG,2025-10-13,143.27670288085938,145.16127103330547,142.77155341399862,144.74356182892342,7511100
PG,2025-10-14,144.89898681640625,144.98641225122373,142.8784038819969,143.35441150971715,8585300
PG,2025-10-15,143.20870971679688,145.14186751455213,143.06300063629408,144.28700138120954,10003100
PG,2025-10-16,145.32643127441406,146.10356607569742,143.6944155813474,143.78184102305738,8809700
PG,2025-10-17,147.0749969482422,147.68700467580112,146.1327054533545,146.26872034649733,8612900
PG,2025-10-20,147.6190185546875,148.0367277806686,146.9778689854687,147.25957813521214,5601300
PG,2025-10-21,147.28871154785156,147.92986108049612,146.56013657609068,147.61901013378392,6013400
PG,2025-10-22,147.85214233398438,149.07615775412103,146.48241785092458,146.97785831065437,6394400
PG,2025-10-23,147.8618621826172,148.92072087247794,146.27842123452967,147.99786224532505,8205400
PG,2025-10-24,149.1697540283203,153.9728344665201,148.23065008567193,152.99460803426382,11968500
PG,2025-10-27,148.4361114501953,148.45566523531306,146.86116600811286,148.3089372141624,7775300
PG,2025-10-28,148.0741424560547,149.83495316428636,147.34047257150416,147.8295858278712,5819300
PG,2025-10-29,145.53074645996094,147.68284156577917,145.23727555313337,147.37959376845916,7405500
PG,2025-10-30,146.32313537597656,147.516573011961,146.08835562041213,146.21552985382868,6760700
PG,2025-10-31,147.09591674804688,147.81003285336692,145.29598353714172,145.47207207220424,7930300
PG,2025-11-03,144.79708862304688,146.94918390672686,144.5525320015707,146.83180150491484,8946400
PG,2025-11-04,143.96559143066406,146.2448609544514,143.06562484674595,145.36446307986137,9295400
PG,2025-11-05,142.61563110351562,144.21014503293102,142.478679994192,143.67211748681987,11199900
PG,2025-11-06,142.94822692871094,143.4862395011485,141.31459065109382,142.70367033158473,10024500
PG,2025-11-07,143.77972412109375,144.71882811134077,142.8210663483271,143.75037852076275,8500100
PG,2025-11-10,142.3319549560547,143.42756385344666,140.9526520163762,143.1927990477494,10208100
PG,2025-11-11,145.30575561523438,145.41336112572125,142.4982503778291,142.78194441754522,7332500
PG,2025-11-12,144.78729248046875,145.90247004402823,144.29817925212598,145.29597441737957,7851100
PG,2025-11-13,144.73838806152344,145.75573697338695,144.42534844153425,144.9535841420777,7566800
PG,2025-11-14,144.45469665527344,146.12747043595405,144.39600545710059,145.85356822678017,9150800
PG,2025-11-17,142.64498901367188,144.75794681497158,141.85261304581445,144.53295890947066,9902300
PG,2025-11-18,143.78952026367188,144.18080489755508,142.34173427988958,143.14388718386778,10735200
PG,2025-11-19,143.78952026367188,144.3275329036233,142.68411952945138,143.7601746624582,6367000
PG,2025-11-20,144.96337890625,145.4231465283615,142.94823482289357,143.44712493502374,9021300
PG,2025-11-21,147.63394165039062,148.2013148118135,145.07099299581822,145.1492529070371,12018000
PG,2025-11-24,143.77972412109375,147.1350487156044,143.34930208083685,146.8318008944829,13846900
PG,2025-11-25,145.25685119628906,145.4133560843928,144.01449942311194,144.112328038909,10477700
PG,2025-11-26,145.02207946777344,145.72640374599067,144.39601510119724,144.6992629297112,9238500
PG,2025-11-28,144.9340362548828,145.4720637945254,143.9753635745919,144.58187413134868,4707200
PG,2025-12-01,144.22972106933594,145.64814654365367,144.14168426455913,144.87535415747024,8240700
PG,2025-12-02,142.6841278076172,143.00694436624823,139.40706283414838,142.12653149910372,16376800
PG,2025-12-03,143.51560974121094,145.0611944043203,142.68411128406947,142.74280248310512,9125300
PG,2025-12-04,142.1950225830078,144.21016703908398,141.35374708977125,143.47649707149003,10479300
PG,2025-12-05,140.3265838623047,142.45912532454915,140.1309415539968,141.9993576904224,12791700
PG,2025-12-08,135.32785034179688,139.79835260870635,135.13220802723131,139.79835260870635,17507500
PG,2025-12-09,136.5897674560547,137.81255054958365,135.97348000041964,136.15934541888427,10375700
PG,2025-12-10,136.775634765625,138.2038370797448,136.50171761645993,136.60932312724032,13650400
PG,2025-12-11,137.69515991210938,138.75164634743118,137.30387527379114,137.92993965103162,11798000
PG,2025-12-12,139.72987365722656,139.99399899918353,137.77342060150548,137.92994042833573,10268800
PG,2025-12-15,141.97000122070312,142.15586662365797,140.0820165200331,140.15049953230076,13877700
PG,2025-12-16,142.04827880859375,143.34930693815744,141.50045942189865,142.91889980986795,10251700
PG,2025-12-17,144.59165954589844,145.21772392169242,143.26127088151722,143.49605061989703,9833300
PG,2025-12-18,142.3515167236328,144.2884009089423,142.18522001885609,143.42755685922654,12239900
PG,2025-12-19,141.31459045410156,142.86996682728406,140.8059085533541,142.34171621935977,19345600
PG,2025-12-22,139.5831298828125,141.25588869764735,139.31900457068835,140.58092500796434,11731400
PG,2025-12-23,140.0624542236328,140.60048174982583,138.98641409779762,139.38749051973704,9541600
PG,2025-12-24,141.34396362304688,141.58852026753695,139.72010392126,139.78857201990965,3259200
PG,2025-12-26,141.5885009765625,142.46889880615424,141.16785584354352,141.16785584354352,4711500
PG,2025-12-29,141.4221954345703,141.91130862634532,140.81568492671528,141.6471833233528,7662100
PG,2025-12-30,140.9135284423828,141.31460488443864,140.44398390804153,141.14829324627766,6006400
PG,2025-12-31,140.1896514892578,141.00158135746835,140.11139157016547,140.8646302306951,5293200
PG,2026-01-02,138.70272827148438,140.21898232528127,138.164715640037,139.9939944106823,8946100
PG,2026-01-05,137.31365966796875,138.27233245936685,136.56043595172406,138.02777581541787,12297300
PG,2026-01-06,136.86366271972656,138.34077924808673,136.47236319375153,137.3332072243459,10421800
PG,2026-01-07,135.0343780517578,136.75606622638384,134.62352471732706,136.75606622638384,14369100
PG,2026-01-08,138.44837951660156,138.69293611363173,134.81916797554175,134.88763606090416,9297100
PG,2026-01-09,138.78099060058594,139.23098136417676,137.76364159491175,138.6146938845888,9528500
PG,2026-01-12,140.33636474609375,140.7472180394953,138.6244685603122,139.18204984187494,12812000
PG,2026-01-13,141.09938049316406,141.19719417666795,139.85702879291816,140.86460078496438,15549200
PG,2026-01-14,143.1634521484375,143.70146477431476,141.22655295969358,141.52980078200304,13475000
PG,2026-01-15,141.48089599609375,143.16344668131725,141.20699378469,142.5080218255822,10102800
PG,2026-01-16,141.38307189941406,141.57871421001954,140.5320196386769,140.6298333307039,11729300
PG,2026-01-20,143.79928588867188,143.79928588867188,140.98198898047917,141.31459731242754,12901400
PG,2026-01-21,142.8797607421875,144.16123507378632,141.81349743552684,143.85798724588759,14126800
PG,2026-01-22,146.6654815673828,147.62415421643684,144.2883985058945,144.85577162679866,18501900
PG,2026-01-23,147.92355346679688,149.401311303758,147.57875232435734,148.6033244770038,14562600
PG,2026-01-26,147.2733612060547,148.642749624448,146.31774320553586,147.8940093166009,12655700
PG,2026-01-27,146.14039611816406,147.42112259537095,145.73647203113578,145.87441052844025,9546000
PG,2026-01-28,145.1552276611328,146.50492341901068,144.61338009647605,145.80544473872092,7465800
PG,2026-01-29,147.67726135253906,147.90386171227883,144.9286383741246,145.1059620999764,11035600
PG,2026-01-30,149.51954650878906,149.71657788628465,146.9383858562462,148.19940471125457,12651400
PG,2026-02-02,150.91848754882812,151.45047376679855,149.0072516350481,150.15990096775937,10554900
PG,2026-02-03,153.01690673828125,154.20895631917858,149.94316018786608,150.3273766276017,12424700
PG,2026-02-04,154.54391479492188,156.02167267984566,153.45037335877703,153.81489719251235,12178500
PG,2026-02-05,156.25811767578125,157.2826898506833,153.80503420142952,156.4847030065954,13077700
PG,2026-02-06,156.80979919433594,157.61764731475964,155.66699625777377,155.89359660327557,10441700
PG,2026-02-09,154.99710083007812,156.9181830781391,153.7065280129841,156.40588946781264,11439900
PG,2026-02-10,156.7211456298828,157.77527173233983,154.39613937463824,155.1941261981174,9910100
PG,2026-02-11,157.62750244140625,158.75059779500006,155.84434372524265,156.2876680693531,10217300
PG,2026-02-12,158.81956481933594,160.72093932530024,157.2826840647245,157.64720788113706,13512900
PG,2026-02-13,157.6964874267578,160.15941739819442,157.34182490956968,159.34172284377368,13998900
PG,2026-02-17,157.18417358398438,159.765319051939,156.52411024036732,157.57823631576093,13319100
PG,2026-02-18,154.53407287597656,156.62263260223827,153.46023905691038,156.62263260223827,14434300
PG,2026-02-19,156.20884704589844,157.58809666349603,154.5045039445223,154.5045039445223,10724600
PG,2026-02-20,158.39593505859375,158.6717819848204,155.8147895206744,156.77040745529172,11508100
PG,2026-02-23,162.72085571289062,162.90804079611343,157.92307293410906,157.94278058300924,14772400
PG,2026-02-24,162.8292236328125,164.39564347302232,161.50909678757395,162.4548534700461,9709500
PG,2026-02-25,160.9672393798828,162.5533667721119,159.69637421761428,162.10018107467624,7878500
PG,2026-02-26,161.3218994140625,162.06077834267654,160.44509702007508,161.7849314119297,7028600
PG,2026-02-27,164.72073364257812,164.76999524257963,161.26278579090197,161.6075869258529,14878500
PG,2026-03-02,161.08546447753906,164.08039570453482,161.02635656414978,162.8390693932343,9095500
PG,2026-03-03,157.35165405273438,159.78502980166675,156.2679589705066,159.78502980166675,10161000
PG,2026-03-04,155.95272827148438,157.24330116695603,154.97740259437612,157.0758237333674,8752700
PG,2026-03-05,151.70663452148438,154.77051989797488,151.48989548912576,154.6128887776175,10060300
PG,2026-03-06,151.3519744873047,152.14010003689327,149.63776984863387,151.3815284437877,8187900
PG,2026-03-09,152.9183807373047,153.91339892648327,150.63277475529094,150.8790677258081,12494900
PG,2026-03-10,153.69667053222656,154.8197659541039,151.32241755707258,153.1843919415674,7756800
PG,2026-03-11,151.04656982421875,153.07602162573,149.18458041692423,152.92823681446026,8855100
PG,2026-03-12,148.26837158203125,150.78056294424613,148.10089416222095,149.9530221525258,8489300
PG,2026-03-13,148.41615295410156,150.28798873789205,147.95312092033714,149.1254779831649,7298900
PG,2026-03-16,149.86434936523438,150.3766429785721,148.41614542375342,149.60821007483085,6944000
PG,2026-03-17,149.2338409423828,151.18449220282605,148.95799400237624,150.74115280475118,6147700
PG,2026-03-18,144.53457641601562,147.4014152272885,144.2882834404146,147.09601434274808,10059300
PG,2026-03-19,142.69229125976562,145.1946362491204,142.6430296593396,144.0518332623683,10340300
PG,2026-03-20,142.14060974121094,143.65778298375244,142.111055784898,142.84008844985587,60620900
PG,2026-03-23,141.85491943359375,143.9828794949957,141.35247210077165,143.9828794949957,10315600
PG,2026-03-24,141.03721618652344,143.07651425140372,140.12099848068462,141.20469360962718,8567600
PG,2026-03-25,141.78594970703125,141.96328848053437,140.12100665387263,141.60862596605958,8418100
PG,2026-03-26,140.30819702148438,142.4263258800331,140.13087327383215,141.559369693648,6443200
PG,2026-03-27,140.59390258789062,141.94358341607483,139.90427016258346,140.60374889616895,11558300
PG,2026-03-30,142.57408142089844,143.4114835656516,140.45596780656587,140.91898477889455,11616300
PG,2026-03-31,142.29823303222656,142.77111133974066,140.1702580996175,142.67260316829584,10407500
PG,2026-04-01,141.95343017578125,142.82038634804553,141.08648903604873,141.7859527393269,8061700
PG,2026-04-02,140.997802734375,142.07165156982936,140.4658165030053,141.95342071533437,5941700
PG,2026-04-06,140.6529998779297,141.53964859701762,139.8155977290451,140.8894315190035,6823100
PG,2026-04-07,139.2047882080078,140.6529920592033,138.65309436612947,140.40669909175548,7207500
PG,2026-04-08,142.75140380859375,142.95829652409785,139.766334122587,141.02735296533763,10849700
PG,2026-04-09,144.48532104492188,144.76116798688773,140.87958811882837,142.24897652091994,6794800
PG,2026-04-10,143.007568359375,144.71191167727235,142.6134905474848,144.71191167727235,9790300
PG,2026-04-13,141.4509735107422,142.93857756606974,140.51506327639626,142.84991570895394,7121400
PG,2026-04-14,142.2391357421875,142.57409060866175,140.65300824796367,141.1160402826616,6621600
PG,2026-04-15,141.2539520263672,142.25881654232523,140.15054927473156,142.21941628058443,7698200
PG,2026-04-16,140.9879608154297,142.15045652101287,140.54463643673324,141.07662268466274,6947100
PG,2026-04-17,144.75131225585938,145.40152937248862,141.03722470313383,141.2835176988996,10886000
PG,2026-04-20,142.34750366210938,144.4853250376877,141.4608398676902,143.89421584140823,8084700
PG,2026-04-21,140.20968627929688,142.4755698536542,140.20968627929688,142.4755698536542,11197200
PG,2026-04-22,140.7318115234375,141.175135870657,140.1111484178121,140.38699534641668,7236300
PG,2026-04-23,143.54940795898438,144.06168653710807,141.27364818248435,141.27364818248435,11288800
PG,2026-04-24,147.08203125,151.29061979953673,146.5261830755894,150.88365411979794,13786200
PG,2026-04-27,147.30039978027344,148.59077024600995,146.3276654919543,146.3276654919543,9166400
PG,2026-04-28,148.064697265625,150.06973396702963,147.33017497116106,148.91832555270014,7965700
PG,2026-04-29,145.37478637695312,147.64781156823693,144.80900261897824,147.2011489489405,9002400
PG,2026-04-30,146.00010681152344,146.62544356094526,144.86855445040024,146.00010681152344,9491700
PG,2026-05-01,146.16883850097656,148.17387509806076,145.37477839724775,146.77431917479143,6814800
PG,2026-05-04,142.3572998046875,144.97773760551402,142.20841731714523,144.97773760551402,9642800
PG,2026-05-05,143.82632446289062,144.8189147356386,141.12647770935808,142.31759815323613,7664300
PG,2026-05-06,146.80410766601562,147.8463305694715,144.85863904890977,145.31522213128636,9399500
PG,2026-05-07,144.9777374267578,146.89344458988742,144.93804047870418,146.89344458988742,9545800
PG,2026-05-08,145.33506774902344,146.42692312109028,145.12663227072707,145.46410933273836,5741000
PG,2026-05-11,142.29774475097656,144.86854997018716,140.91804485205006,144.70973188862237,7489500
PG,2026-05-12,142.8436737060547,144.77922176188346,141.80145086192348,143.280415861365,9051200
PG,2026-05-13,141.18605041503906,143.59803758588825,140.61034622073603,142.0892960817053,6685900
PG,2026-05-14,141.65257263183594,143.2109315738657,141.57316358796368,142.11907615278005,9636200
PG,2026-05-15,140.52101135253906,142.33743821269604,140.1537426546991,142.33743821269604,6989400
PG,2026-05-18,141.33493041992188,143.35980794213955,140.58056725394388,141.0470859006894,7731200
PG,2026-05-19,140.2530059814453,142.64515212961857,139.80634339609261,141.41433476165247,8355800
PG,2026-05-20,141.3845672607422,142.15878649680377,139.57804561278098,140.40189739386727,8375600
PG,2026-05-21,142.3374481201172,142.65508429757702,139.0519765313656,140.82872171436264,6297300
PG,2026-05-22,143.3697509765625,143.5682660152007,142.46649013317318,142.80396721343075,4616700
PG,2026-05-26,141.9007110595703,144.53106920558864,141.47388936950904,143.43921385494397,8157200
PG,2026-05-27,146.39715576171875,147.43936350970256,142.39701787414097,142.39701787414097,10048900
PG,2026-05-28,144.828857421875,145.612997111615,143.93551704523207,145.612997111615,10196700
PG,2026-05-29,142.4962615966797,144.56085124616453,142.13892848146642,144.44174525633545,12355800
PG,2026-06-01,139.24057006835938,140.76916765583465,137.8310936193964,140.47138752814354,11093800
PG,2026-06-02,139.77658081054688,140.07434579993173,137.99983559667405,139.08175544671062,9599500
PG,2026-06-03,139.1512451171875,141.3944938803485,138.96265052530114,139.88575229098456,9351000
PG,2026-06-04,139.7368621826172,142.07937591254404,138.85345741537546,141.64263375422658,8194000
PG,2026-06-05,145.4541778564453,147.13165790934903,140.7493094643581,141.16619557848443,10963200
PG,2026-06-08,144.0248565673828,145.4641094530425,143.94544752700992,144.70973114236304,7200700
PG,2026-06-09,147.5684051513672,148.37240090955876,143.45908171837834,143.59804376120496,8259300
PG,2026-06-10,147.94558715820312,149.31535147231375,147.28055347507657,148.7992154215363,7345900
PG,2026-06-11,147.2408447265625,148.51135912703037,146.67507611881535,147.598177848302,6684700
PG,2026-06-12,148.50143432617188,149.08705896400699,147.20114346579274,148.2731427996088,6832000
PG,2026-06-15,149.3451385498047,150.37742576552802,147.65772297578928,147.65772297578928,9158900
PG,2026-06-16,151.360107421875,151.88617909397178,149.43447972594635,150.38735797717848,8518900
PG,2026-06-17,149.44439697265625,151.80676679379997,148.6602572796902,151.25091863487825,7055800
PG,2026-06-18,149.26573181152344,151.16156774393545,149.06720163806705,149.75209135760457,17076100
PG,2026-06-22,146.58572387695312,149.77194530936566,146.47655348709506,148.99772611003655,10533000
PG,2026-06-23,149.74217224121094,150.24838783829253,148.2632072518497,148.55106691849042,7259600
PG,2026-06-24,150.91342163085938,152.21372763836797,149.8017253482469,150.8638042327417,8618500
PG,2026-06-25,147.399658203125,151.16156874163084,146.72470407524094,150.44691766622896,11197200
PG,2026-06-26,147.9158172607422,149.76203590587528,147.3202569962244,149.22602863866396,16724600
PG,2026-06-29,147.3500213623047,147.94558157778496,145.95046545793386,147.62794542400204,10387700
PG,2026-06-30,145.55343627929688,146.4368410119005,143.1017371059213,146.4368410119005,9353800
PG,2026-07-01,146.33758544921875,146.40707404244185,144.47152592322945,145.44426020826734,9571700
PG,2026-07-02,150.28810119628906,150.54616922223693,146.64529660699972,147.4790688253476,9256000
PG,2026-07-06,148.2036590576172,150.09951021404746,145.8710808804345,149.56350295674108,8323100
PG,2026-07-07,151.6181640625,152.35268631631146,149.49402148604588,151.5288345729856,8061400
PG,2026-07-08,147.30039978027344,149.95062930520396,147.25078238006273,149.84144376243256,14272300
PG,2026-07-09,145.7618865966797,146.56588228869282,144.5211487643815,145.68247755792555,7748000
PG,2026-07-10,145.95046997070312,147.4889879534934,145.62292850235943,146.01003811067335,12473000
PG,2026-07-13,147.27061462402344,148.93817416597793,146.01995632685183,146.98277010767168,7816100
PG,2026-07-14,144.99758911132812,147.64780332666248,144.5112144243791,147.2706141757336,7668100
PG,2026-07-15,146.9530029296875,147.48899504939956,143.5881222814616,144.20352344589517,6180000
PG,2026-07-16,150.37742614746094,150.3972821936961,147.08201917579933,148.38232515400534,6485400
PG,2026-07-17,148.86868286132812,153.17653609779785,148.20364920502914,151.72734765498078,8917400
PG,2026-07-20,148.02499389648438,148.98780768360248,147.33016858111816,148.45180044864716,5788300
PG,2026-07-21,147.00262451171875,147.3103250709858,145.7916631750561,146.76439739532225,7027600
PG,2026-07-22,148.02499389648438,149.3451407916641,147.71729333176688,148.3922474549245,5371200
PG,2026-07-23,145.88099670410156,146.51625388635964,144.51121725190643,145.05714494268898,6499200
PG,2026-07-24,147.41000366210938,147.99000549316406,145.39999389648438,146.4499969482422,6620700
PG,2026-07-27,148.6300048828125,150.25,147.85000610351562,147.85000610351562,7301800
PG,2026-07-28,148.8800048828125,153.67999267578125,148.52000427246094,151.5,12848800
PG,2026-07-29,146.10000610351562,146.3800048828125,140.1999969482422,141.3800048828125,14616800
PG,2026-07-30,143.9600067138672,144.4499969482422,142.25,143.75999450683594,9571100
PG,2026-07-31,144.49000549316406,144.6999969482422,141.4600067138672,143.50999450683594,9152600
PG,2026-08-03,144.97000122070312,147.14999389648438,144.25999450683594,145.85000610351562,8843600
PG,2026-08-04,148.00999450683594,148.25,143.7899932861328,144.0399932861328,7362300
PG,2026-08-05,146.8000030517578,147.85000610351562,144.66000366210938,147.85000610351562,9753300
PG,2026-08-06,146.97000122070312,148.5,145.4499969482422,147.82000732421875,8766700
PG,2026-08-07,145.7899932861328,146.0,143.8800048828125,144.89999389648438,7562397
