symbol,date,close,high,low,open,volume
PYPL,2018-01-02,73.20599365234375,73.86033041148724,72.79951791484419,73.59760635137616,7296500
PYPL,2018-01-03,76.09101867675781,76.19015855639293,73.41420410716972,73.6620575882015,9945400
PYPL,2018-01-04,76.0711898803711,77.25989263434572,75.6052241493676,76.66603669199546,8650000
PYPL,2018-01-05,78.02426147460938,78.252289972161,76.34877732954828,76.44791719478891,11822100
PYPL,2018-01-08,78.37126922607422,78.500150305808,77.10523329410863,78.02426832145146,7963600
PYPL,2018-01-09,78.51007080078125,79.69976448006764,77.84581772535653,79.41225353539771,9620400
PYPL,2018-01-10,78.68852233886719,78.80253281712108,77.03285541154858,77.82598954070316,6248600
PYPL,2018-01-11,79.06525421142578,79.18422659593459,78.23247021152623,78.76782703209744,6267500
PYPL,2018-01-12,79.84847259521484,80.07649354553344,78.97603112793567,79.3131082071501,6891100
PYPL,2018-01-16,79.72950744628906,81.09766352792651,79.25363298963195,80.25495562563,9596600
PYPL,2018-01-17,81.76190948486328,81.9007068324435,79.27345835800952,79.70968291548347,7146900
PYPL,2018-01-18,82.22787475585938,82.72358172677458,80.90929239789176,81.72225152763718,7395100
PYPL,2018-01-19,83.12013244628906,83.46713334027741,82.41424779135674,82.51537696461997,8783500
PYPL,2018-01-22,83.2589340209961,83.48695495858641,82.50545741719927,83.27875896883077,7560500
PYPL,2018-01-23,83.4869613647461,83.82404601489698,82.73348470313314,83.39773774681319,9736400
PYPL,2018-01-24,82.99124908447266,84.55768471879469,81.99983527498587,83.79429184971309,8735700
PYPL,2018-01-25,83.6158447265625,84.53785995646236,82.99125669232883,83.27876763110274,7268300
PYPL,2018-01-26,84.71631622314453,84.7559736875103,83.3184265327189,83.73481856272757,7840300
PYPL,2018-01-29,83.58610534667969,84.617176733267,82.90203488391646,84.46846313218353,8198900
PYPL,2018-01-30,83.06065368652344,83.4473044947537,81.29593818970073,82.28735207006294,7864500
PYPL,2018-01-31,84.58743286132812,85.57884675213782,83.43739668121049,83.45722163091608,15221400
PYPL,2018-02-01,77.72684478759766,80.25494548333158,76.04143675988789,79.26353166605071,44271600
PYPL,2018-02-02,75.91255950927734,78.93637482980546,75.6250485801216,77.4294215158779,21979800
PYPL,2018-02-05,74.0635757446289,78.30187159577387,74.03878888484338,75.29788118473905,18810600
PYPL,2018-02-06,75.03020477294922,75.85803447750227,71.62965476989885,72.00638933150216,19739600
PYPL,2018-02-07,74.94097900390625,76.9138982671145,74.29656596899405,74.70304176695576,11988000
PYPL,2018-02-08,71.69905853271484,75.25823864429162,71.64948480829662,74.98063637699326,13665400
PYPL,2018-02-09,74.10818481445312,74.62371668505192,71.01497089919823,72.51200792103083,14339400
PYPL,2018-02-12,74.6336441040039,75.62505809595696,74.20931752369252,74.84184013464743,10419600
PYPL,2018-02-13,74.32630157470703,74.95088961107284,73.90990955046315,74.16767171944014,7743600
PYPL,2018-02-14,76.6065444946289,76.69577567392315,73.49350562564385,73.54307934346147,8955800
PYPL,2018-02-15,77.62274932861328,77.62771123899145,75.92247812420861,77.34020030090478,9311000
PYPL,2018-02-16,77.69711303710938,78.07384761051597,76.86432139604207,77.52856691910951,9740300
PYPL,2018-02-20,76.39834594726562,77.86564171742384,76.00178647349752,77.03285018195915,6875400
PYPL,2018-02-21,75.85308074951172,77.82202884508233,75.80846137478487,76.5371512073726,8260400
PYPL,2018-02-22,77.0328598022461,77.69711288792621,76.11084453920337,76.14059331094958,6632300
PYPL,2018-02-23,79.00577545166016,79.0156841445782,76.72651134443944,77.58805328394416,7520700
PYPL,2018-02-26,78.66868591308594,79.36268013255382,78.30186763680214,79.31310641548924,7130700
PYPL,2018-02-27,78.77774810791016,79.24272298491066,77.93504780010831,78.43075475339032,8862000
PYPL,2018-02-28,78.72817993164062,81.46447679757566,78.70834741824083,79.21397061550852,10799500
PYPL,2018-03-01,77.96478271484375,79.74933062819008,77.21130608877672,78.91653908066606,8443300
PYPL,2018-03-02,78.19281005859375,78.4307472555341,76.26946484328424,76.8543953615724,9426200
PYPL,2018-03-05,78.3910903930664,78.73808371705978,76.42808770265263,77.39967657372125,6653000
PYPL,2018-03-06,78.54972839355469,79.26354006395948,78.17298626218465,78.64886827300913,7477800
PYPL,2018-03-07,78.83722686767578,78.87192998346316,77.34019738415218,77.97470164983221,5546700
PYPL,2018-03-08,79.18423461914062,79.79890642499826,78.84714994415482,79.16440210443598,6878600
PYPL,2018-03-09,80.01701354980469,80.15581088824523,79.42216673307556,79.57088032822976,7667600
PYPL,2018-03-12,79.90796661376953,80.47307228928014,79.66011311461772,80.05668022603832,6607600
PYPL,2018-03-13,79.51139068603516,80.29460856417744,78.58937546886894,79.9971889365066,6414700
PYPL,2018-03-14,82.59469604492188,82.7830671210908,79.94762254033517,80.0467624253073,14281100
PYPL,2018-03-15,81.86104583740234,83.26885176723991,80.86963193235259,83.03091454791657,9082000
PYPL,2018-03-16,81.45457458496094,82.51538721961445,80.57220920177622,82.08907891425528,8356200
PYPL,2018-03-19,79.61053466796875,80.7407458445807,78.43074977362103,80.19546520503663,9028900
PYPL,2018-03-20,80.16573333740234,80.49290175923633,79.36665392841749,79.49157154266331,7388100
PYPL,2018-03-21,80.34418487548828,81.64293468848253,79.81873670882307,80.24504499640034,6757200
PYPL,2018-03-22,77.88546752929688,79.43207823691527,77.7863276597554,79.12473480828334,9608400
PYPL,2018-03-23,75.78368377685547,78.2919598276449,75.6944525892894,77.82599406695822,9569100
PYPL,2018-03-26,78.27212524414062,78.49023751477222,76.368612350445,77.31046010418255,8682600
PYPL,2018-03-27,75.65478515625,79.21396465493231,75.00045597715811,78.90662123146322,7980300
PYPL,2018-03-28,74.41552734375,76.09101930991078,74.09827518794498,75.05003165536004,14370300
PYPL,2018-03-29,75.21857452392578,76.53714924848607,73.90990849226193,74.66337760232847,11064300
PYPL,2018-04-02,74.35604095458984,75.6448820233578,73.3745433318778,74.58406947496114,11417700
PYPL,2018-04-03,73.91981506347656,74.76252289652503,72.72020519920713,74.6336342536935,8886000
PYPL,2018-04-04,74.13792419433594,74.41551885350789,71.897326844911,72.37320880626805,8230800
PYPL,2018-04-05,76.28929901123047,77.15183185472404,74.83192688544125,74.9409754591405,10015700
PYPL,2018-04-06,73.22582244873047,75.74401435941333,73.06719261315034,74.8715653914964,8179100
PYPL,2018-04-09,74.5444107055664,76.21989498893308,73.95947259375437,73.95947259375437,7328400
PYPL,2018-04-10,76.13066864013672,76.64620050177611,75.14917106984771,75.85307397895495,5882500
PYPL,2018-04-11,75.8431625366211,76.73543654982947,75.42677051841976,75.54573534425573,4581000
PYPL,2018-04-12,76.794921875,77.32037004606909,75.95222154985781,76.14059261642522,5034800
PYPL,2018-04-13,76.6065444946289,77.95486792928467,76.17032754616076,77.33027992977442,5909900
PYPL,2018-04-16,77.13201141357422,77.82599818071309,76.52724827482957,77.21131878418404,5101400
PYPL,2018-04-17,79.34284973144531,79.73941678685266,77.82598774110814,77.87556145949185,7135700
PYPL,2018-04-18,79.65019226074219,80.1954729529675,78.6389533706648,79.41225503317482,5943700
PYPL,2018-04-19,78.99586486816406,79.69976787417194,78.5100741442211,79.51139680077256,7122700
PYPL,2018-04-20,78.05401611328125,79.18422730259543,77.62770785317942,78.53980678422464,6265300
PYPL,2018-04-23,77.53848266601562,78.76783382304535,77.32037039088867,78.18290323419399,4038500
PYPL,2018-04-24,74.6336441040039,78.71827247385035,74.43536433116869,78.22256547787383,9186600
PYPL,2018-04-25,73.3646240234375,74.92609779297601,73.0671968464362,74.74268865336136,10940300
PYPL,2018-04-26,75.377197265625,76.95354929271217,74.8418328543815,75.66470820299027,13625300
PYPL,2018-04-27,73.4935073852539,75.73410484706058,73.00276236099172,75.55565004808682,9794300
PYPL,2018-04-30,73.96939086914062,74.3748757611514,73.0572919065229,73.36462779169268,9444400
PYPL,2018-05-01,74.16767120361328,74.3461260076035,72.96806129607985,73.51334196490767,5660200
PYPL,2018-05-02,71.11412048339844,75.05994346465813,70.59858103333518,74.35604052204924,17710700
PYPL,2018-05-03,72.81934356689453,73.1365956933327,69.61708109751676,70.6878098607033,17310700
PYPL,2018-05-04,73.3547134399414,73.80085423994495,71.6098303958504,72.56158684641493,7470800
PYPL,2018-05-07,74.02887725830078,74.47501807068126,73.46377161372934,73.58274400980841,7583700
PYPL,2018-05-08,75.06986236572266,75.28797463582599,73.80085377299912,73.97930857909385,6267200
PYPL,2018-05-09,76.34878540039062,76.38844286345645,74.8120908531127,75.4267701848014,6230500
PYPL,2018-05-10,78.51007080078125,78.57450756218303,76.58672537417655,76.7255227179637,11541400
PYPL,2018-05-11,78.51998138427734,78.70835245418958,77.40960260724891,78.56955510706102,9871300
PYPL,2018-05-14,78.1333236694336,78.96611524274513,77.76650538313905,78.46049205765911,5821200
PYPL,2018-05-15,77.1220932006836,77.52856899287804,76.26947658616265,77.18157561810516,6173500
PYPL,2018-05-16,77.1518325805664,77.86565182825763,76.61646814479799,76.83458042202454,5350200
PYPL,2018-05-17,78.51007080078125,80.4631574347849,76.92380247654879,76.9634599410434,8329500
PYPL,2018-05-18,80.0963363647461,81.2364639547071,79.13961794067029,79.21397852751528,14626900
PYPL,2018-05-21,80.55237579345703,81.61318831673537,79.67993432324738,80.90928538669904,7882100
PYPL,2018-05-22,79.92779541015625,80.90929310323612,79.59071073377349,80.69118082390989,5188300
PYPL,2018-05-23,80.38383483886719,80.42349229957931,78.72321365452567,78.97602902107951,5059800
PYPL,2018-05-24,80.84980773925781,82.34683730389852,78.97603604628303,80.21530343919693,11696800
PYPL,2018-05-25,80.26486206054688,82.00975250383124,79.79889635433851,81.94035383889938,9471300
PYPL,2018-05-29,80.03684997558594,80.64160551470268,79.51139423850414,80.01701746118918,6924200
PYPL,2018-05-30,80.89936828613281,81.35541774743078,80.20538161978534,80.46414220676897,5516200
PYPL,2018-05-31,81.3653335571289,82.11881019351816,80.84980168837036,81.10756384080597,8250100
PYPL,2018-06-01,82.53520965576172,82.74340567335294,81.1472286412656,81.84122293045768,7092100
PYPL,2018-06-04,83.8438720703125,84.07190059229514,82.05932404923699,82.51538109320227,7423700
PYPL,2018-06-05,84.31975555419922,84.46846158867741,83.28868418645285,83.7744748814865,9033600
PYPL,2018-06-06,84.47837829589844,84.87494537235898,83.7744753280277,84.31975600364693,7867200
PYPL,2018-06-07,82.5550308227539,84.5676073616754,81.60327440143243,84.47837617886118,7838600
PYPL,2018-06-08,83.6158447265625,83.7645583243956,82.43606732856557,82.51538225592826,7430900
PYPL,2018-06-11,83.16970825195312,83.8636949295802,83.07056837856176,83.7248975940548,4870400
PYPL,2018-06-12,84.29000854492188,85.45987727855453,83.15484292931791,83.20937099772871,9216900
PYPL,2018-06-13,84.53785705566406,85.26159250621102,83.95292650518282,84.76588557303538,7510300
PYPL,2018-06-14,84.87494659423828,85.55406271137797,84.47837951206866,84.76589045754443,6643400
PYPL,2018-06-15,84.5775146484375,84.9542567591201,83.37790477596866,84.59734716157213,8710800
PYPL,2018-06-18,85.11287689208984,85.45987022429436,83.71498730695527,84.11154679296766,5579400
PYPL,2018-06-19,83.79429626464844,84.2305207842502,82.71365878603726,83.91326865105461,6245100
PYPL,2018-06-20,85.2120132446289,86.22325955830661,84.09171837152228,84.13137583126327,9174900
PYPL,2018-06-21,85.23184967041016,86.79828536462061,84.71631023398999,85.7572977993053,8101300
PYPL,2018-06-22,84.38915252685547,85.81678337633423,83.88352932814024,85.57884616206904,7503400
PYPL,2018-06-25,81.48431396484375,83.74473653271183,80.51272497772932,83.35808570209691,10780100
PYPL,2018-06-26,81.61318969726562,82.4955474388485,81.06790904173123,81.97009929654494,6742200
PYPL,2018-06-27,79.97735595703125,82.25761090866091,79.7622238647414,81.8412188940151,8974100
PYPL,2018-06-28,81.77182006835938,82.11881341323326,79.47174017162564,79.69976112801947,7374500
PYPL,2018-06-29,82.5550308227539,82.94168919643192,81.90070159229624,82.03949893099599,6817000
PYPL,2018-07-02,83.16970825195312,83.23910691971584,81.3574008082534,82.03949705473902,4929400
PYPL,2018-07-03,82.5550308227539,84.17104029515286,82.43606599751851,83.63567588993061,3644100
PYPL,2018-07-05,83.86369323730469,83.91326695494378,82.5847760377544,82.92185311326071,5287700
PYPL,2018-07-06,85.20211029052734,85.26159270220114,83.21928255326685,83.68524828174507,5095500
PYPL,2018-07-09,85.48961639404297,86.15386183319428,84.61518565958616,85.85643466384053,5683500
PYPL,2018-07-10,85.43013000488281,85.97541065027205,85.03356295040768,85.97541065027205,3723200
PYPL,2018-07-11,85.50944519042969,86.1142082484817,84.33957653628339,84.73614359197302,4153200
PYPL,2018-07-12,88.36471557617188,88.4242055518599,86.05472700589921,86.45128650308568,6912300
PYPL,2018-07-13,87.23451232910156,88.33498243115727,86.08447606731825,88.23584254781377,6106400
PYPL,2018-07-16,87.01639556884766,87.58249962829585,86.72889219111525,87.50219383083768,4452300
PYPL,2018-07-17,87.8194351196289,87.95823244477988,85.84651623633579,86.50085296680774,5086100
PYPL,2018-07-18,87.46253967285156,88.1664426680241,86.9271752334482,87.93841413195135,4797100
PYPL,2018-07-19,86.62974548339844,87.82935541722584,86.41164077497449,87.24442483592392,5612900
PYPL,2018-07-20,86.71897888183594,87.24442706187284,86.39181046502077,86.57026527747557,7541500
PYPL,2018-07-23,88.47377014160156,88.83067973386424,85.08313657899353,86.39180256266089,11759700
PYPL,2018-07-24,90.6251449584961,91.55706884741403,89.63670370207473,89.822094585039,13369400
PYPL,2018-07-25,90.58548736572266,91.55706871547558,90.22857777000883,90.3475425926551,11976800
PYPL,2018-07-26,88.3746337890625,89.90141209146795,86.50086213699393,87.7500457596689,14505600
PYPL,2018-07-27,84.72623443603516,89.50484932604506,84.02233144604168,88.73154766278147,14903400
PYPL,2018-07-30,81.6825942993164,84.76589227246689,81.14722986150794,84.76589227246689,13501500
PYPL,2018-07-31,81.43473052978516,82.6045991393674,80.60194655205908,81.80155636600479,13462200
PYPL,2018-08-01,82.74340057373047,83.2589400212296,81.3058534896758,81.53387444369892,11160400
PYPL,2018-08-02,84.7956314086914,84.85511382347624,82.13864179924137,82.23778167851209,8327200
PYPL,2018-08-03,84.45855712890625,85.4598797760579,83.42748570948007,85.25168375346533,6216400
PYPL,2018-08-06,85.0335693359375,85.3607377477395,84.1710440588624,84.45855500585012,5702500
PYPL,2018-08-07,85.55902099609375,86.24309143086188,85.21202008647045,85.55902099609375,4951200
PYPL,2018-08-08,85.99523162841797,86.34718685853358,85.1227901999676,85.48961603209922,3888900
PYPL,2018-08-09,86.42154693603516,87.33364589908066,85.73747649569488,86.16378477075341,5507000
PYPL,2018-08-10,86.26292419433594,87.27416302825245,85.27151030999566,85.80687471520594,5796500
PYPL,2018-08-13,86.26292419433594,87.7401287641144,86.21335047456387,86.66939995369387,6040100
PYPL,2018-08-14,86.97674560546875,87.07588548363768,85.73747821863759,86.61983599295036,6107400
PYPL,2018-08-15,84.45855712890625,86.50086745290893,83.88353522047638,86.03490168448776,8742900
PYPL,2018-08-16,84.58743286132812,85.1624547333308,84.14129963601884,85.11288101323522,5967200
PYPL,2018-08-17,84.71631622314453,85.03356837418275,83.49688134042088,84.36932286480398,6245000
PYPL,2018-08-20,85.01374053955078,85.26159401051157,84.17104025106163,85.0038242828238,4103000
PYPL,2018-08-21,85.47970581054688,86.62974197633223,85.08313874638765,85.08313874638765,5389600
PYPL,2018-08-22,86.20343017578125,86.41163373795126,84.89476421237052,85.26159005537563,4265900
PYPL,2018-08-23,86.62974548339844,87.41792529723236,85.92584250886605,85.97541623035073,4310000
PYPL,2018-08-24,89.3263931274414,89.35613433496857,87.19485167596824,87.19485167596824,7403900
PYPL,2018-08-27,89.19751739501953,90.53592476130683,89.00914631752164,89.90142041634265,5466700
PYPL,2018-08-28,89.83201599121094,90.06995321437368,88.9100007420814,89.32639277358817,4643800
PYPL,2018-08-29,91.82476043701172,92.14201259038886,90.00055488217711,90.00055488217711,7841800
PYPL,2018-08-30,91.29930114746094,92.21140767129928,90.92256659371289,91.49758846302913,7146600
PYPL,2018-08-31,91.53724670410156,91.9437224676675,91.0117985501836,91.05144844974653,4874400
PYPL,2018-09-04,92.2708969116211,92.63772279964982,90.83334969584668,91.15060186034323,6466700
PYPL,2018-09-05,88.28541564941406,92.20149774305297,87.93841471432427,92.18167279207925,10202200
PYPL,2018-09-06,88.23583221435547,88.7860672009443,87.3039007795127,88.41428700902989,6840300
PYPL,2018-09-07,88.05738067626953,88.90999721970287,86.63965852278271,87.37330267740408,5679500
PYPL,2018-09-10,89.02897644042969,89.21733994897707,87.79961768669693,88.66215055302565,5466000
PYPL,2018-09-11,90.64497375488281,90.92256843842267,88.27054077742281,89.05871301759231,7321900
PYPL,2018-09-12,91.60664367675781,91.6661260888878,89.43544486736229,90.74411088143508,7213500
PYPL,2018-09-13,91.39844512939453,92.89547459488834,91.26955648817942,91.80492087412807,8308300
PYPL,2018-09-14,90.00055694580078,91.8842449588697,89.90141706382624,91.45793665887983,9342800
PYPL,2018-09-17,87.9185791015625,90.51608606963859,87.75004056511567,89.88158182099038,9293800
PYPL,2018-09-18,88.94965362548828,89.31647191649557,87.94832349891253,87.94832349891253,5820700
PYPL,2018-09-19,88.54317474365234,89.96089695130983,87.48038041354106,89.32639264784376,5495100
PYPL,2018-09-20,89.82209777832031,90.00055258277867,88.41924620291753,89.06862109684195,6561700
PYPL,2018-09-21,89.84192657470703,91.21007497635283,89.64363926468683,90.26823483639113,25379400
PYPL,2018-09-24,88.85051727294922,89.48502156977936,87.5021937512132,89.17767811445786,8303100
PYPL,2018-09-25,89.26690673828125,89.60398382709995,88.50847572455152,88.8505147236625,5953400
PYPL,2018-09-26,89.07853698730469,90.14926580965042,88.92982339021982,89.56432767815335,5936200
PYPL,2018-09-27,88.22591400146484,89.92123073133173,88.09703292745877,89.83200711791689,6996600
PYPL,2018-09-28,87.0857925415039,88.28044809530992,86.84785532558872,88.02764027614302,7920600
PYPL,2018-10-01,86.79829406738281,88.0375615008755,86.64958046258606,87.37330840796842,9260600
PYPL,2018-10-02,85.93575286865234,86.59999833319114,85.09305260845818,86.52068340981377,6488200
PYPL,2018-10-03,86.40171813964844,87.1948446776384,85.62841655045608,86.64957160099918,6625000
PYPL,2018-10-04,83.6158447265625,85.75730238202843,82.82271814459895,85.64824624787667,9077900
PYPL,2018-10-05,82.46581268310547,84.11155590727377,81.61319608079229,83.48696784162544,10735800
PYPL,2018-10-08,79.8583984375,82.17830350036496,77.9747103786926,81.91062505614528,16872200
PYPL,2018-10-09,79.34284973144531,81.13730639140141,78.75791918673227,79.95752904552107,9332400
PYPL,2018-10-10,74.80217742919922,79.2238901798965,74.67329634227022,78.92646297758284,16920300
PYPL,2018-10-11,75.24830627441406,77.11712333928108,74.0189553237328,76.1504888673206,21006500
PYPL,2018-10-12,78.3514404296875,78.91654605823092,77.12208929395739,78.44067161518798,14131400
PYPL,2018-10-15,76.56689453125,78.46049104083572,76.55697827491753,78.20272132340284,8481100
PYPL,2018-10-16,79.91787719726562,80.21530440068518,77.78633574312676,78.17298656923938,10060000
PYPL,2018-10-17,79.40233612060547,80.69117722428088,78.81740554658627,80.49289746858673,10022600
PYPL,2018-10-18,76.81475067138672,79.7493348454974,76.69577828290971,79.48164886239606,19748500
PYPL,2018-10-19,84.05207061767578,85.43013535628707,82.20804012815934,83.03091549406045,34211900
PYPL,2018-10-22,84.69649505615234,85.48962925111977,82.85345535151991,84.13138940050175,11254800
PYPL,2018-10-23,86.818115234375,87.04614376031016,82.27743774062304,82.48563375270933,14753800
PYPL,2018-10-24,82.37657928466797,86.93708938452714,82.29727191933155,86.29266882138288,14754600
PYPL,2018-10-25,85.22193145751953,85.76721208662086,82.84253676563033,83.51669846893415,9267600
PYPL,2018-10-26,82.6541748046875,84.92451341257068,81.47438991120518,82.50546121547661,13969400
PYPL,2018-10-29,80.45323181152344,84.50811064446665,78.31177436144556,84.01240374182497,12918800
PYPL,2018-10-30,80.20538330078125,81.25627957867202,78.73808745046745,79.64027769951521,13100800
PYPL,2018-10-31,83.46713256835938,84.61716867518531,81.59336103925536,81.66275970463376,11191800
PYPL,2018-11-01,84.3098373413086,84.41889347332108,82.85245772613062,83.45722079860431,5952600
PYPL,2018-11-02,82.79296875,85.36469034416427,81.94035227489005,84.72622263897779,7014400
PYPL,2018-11-05,83.32833862304688,83.52661837107304,81.54379063526122,82.6145194279326,4622300
PYPL,2018-11-06,83.96284484863281,84.57751662016027,83.00117216414766,83.37790671972539,4662500
PYPL,2018-11-07,87.47245788574219,87.73022007189702,84.9939229611805,85.12280405425791,8672000
PYPL,2018-11-08,88.2754898071289,88.29531475595006,86.92716637066943,86.94699131949058,7539000
PYPL,2018-11-09,86.01507568359375,87.69056010130754,84.81546572202907,87.69056010130754,9105900
PYPL,2018-11-12,83.06065368652344,85.90601424616251,82.58477925972666,85.4301322554781,6278200
PYPL,2018-11-13,83.06065368652344,84.49720991821313,82.44598192158696,83.39773833906816,4731300
PYPL,2018-11-14,83.32833862304688,84.40897610839829,82.35674970438856,84.25035382275487,6678100
PYPL,2018-11-15,85.99523162841797,86.34222494860352,82.88219287494695,83.07056391899928,10001200
PYPL,2018-11-16,84.32966613769531,85.97541688576705,84.10164517045857,85.26159764871849,7581000
PYPL,2018-11-19,79.4419937133789,84.45855323056625,79.21397275034957,84.04215364071261,11455300
PYPL,2018-11-20,77.09234619140625,78.40101222343206,74.8220074760191,76.3388695172436,14202100
PYPL,2018-11-21,78.44066619873047,79.20405153184744,76.96841603268089,78.41091742969257,8522900
PYPL,2018-11-23,77.28070831298828,79.0255988459613,77.23114215771048,77.41950564998628,3066900
PYPL,2018-11-26,80.16573333740234,80.28470573549332,78.18290541921557,78.2919615598269,9292900
PYPL,2018-11-27,81.26619720458984,81.29593841085959,79.51635230610125,80.30452452780034,5335200
PYPL,2018-11-28,85.24176788330078,85.26159283259318,81.2463636329451,81.56361576883646,9342000
PYPL,2018-11-29,83.53653717041016,84.93938874386494,83.07057142808883,84.63700720239393,6516600
PYPL,2018-11-30,85.07322692871094,85.12280065077539,82.9416930299241,83.66542096318169,11273300
PYPL,2018-12-03,87.22460174560547,88.07721077499671,86.44138382555175,86.5405237067472,10822500
PYPL,2018-12-04,83.46713256835938,87.71038254038089,83.29858646910849,86.49094020428933,8249900
PYPL,2018-12-06,85.08313751220703,85.12279497443646,80.5920339181774,81.11748205591421,10197700
PYPL,2018-12-07,82.059326171875,85.25168017888278,81.26619958057152,84.23052505969822,8419500
PYPL,2018-12-10,84.2007827758789,84.76588839596315,82.04941642958343,82.53520712238517,9348200
PYPL,2018-12-11,84.77580261230469,86.15386729414536,83.83395489224256,85.27150955005709,8159100
PYPL,2018-12-12,85.75729370117188,87.70046384153198,85.75729370117188,86.0943707625107,10306800
PYPL,2018-12-13,86.80819702148438,87.94832449769518,85.66807710916122,86.97674312985086,8877300
PYPL,2018-12-14,85.1822738647461,87.1849340231691,84.68656695320001,85.63832331570202,6869100
PYPL,2018-12-17,83.3779067993164,85.55902189991546,82.63533724965396,84.95425882072149,8368100
PYPL,2018-12-18,84.77580261230469,85.62841915034983,83.89344486821642,83.97275222970222,9573000
PYPL,2018-12-19,83.30850982666016,87.04614451119431,82.2179560360869,84.89477057330197,11258400
PYPL,2018-12-20,81.73217010498047,84.14130635456927,80.12607675062516,83.06066119407727,12532900
PYPL,2018-12-21,77.46908569335938,83.05074352654582,77.022952440001,82.09898703919663,17704900
PYPL,2018-12-24,76.39834594726562,78.63894328071363,76.04143636976463,76.81474549694153,6800500
PYPL,2018-12-26,82.08907318115234,82.08907318115234,76.98329013091917,77.03285628712494,10994700
PYPL,2018-12-27,83.58610534667969,83.63567906833683,79.55105098653571,80.63169609478017,7849100
PYPL,2018-12-28,82.54512023925781,84.49820675693955,81.633013737981,84.27017824064848,6850400
PYPL,2018-12-31,83.36798858642578,83.75464695398657,81.84121788488346,83.51670217950492,7247700
PYPL,2019-01-02,85.01374053955078,85.45987376172513,81.53387568937275,81.67267302799978,10146200
PYPL,2019-01-03,81.38516235351562,84.02232692361311,81.20671511518702,83.63567611279245,9650700
PYPL,2019-01-04,85.52926635742188,86.16377815680009,82.65417234955343,82.99124941545747,9234800
PYPL,2019-01-07,86.18360900878906,86.79828833822903,85.28141874608949,85.67798581140921,11094100
PYPL,2019-01-08,87.93840789794922,88.13173330148258,86.93708532779566,87.35347734096175,8307600
PYPL,2019-01-09,88.78112030029297,89.53955135029275,87.74013265007585,88.04746854738902,9578300
PYPL,2019-01-10,89.9212417602539,90.01047294850024,87.1631304654739,88.33498096148473,7478100
PYPL,2019-01-11,89.87167358398438,90.36142776539238,89.32639290107493,89.33630915818817,7398200
PYPL,2019-01-14,89.653564453125,90.03029903386532,88.78112289377928,89.18759868301382,6084700
PYPL,2019-01-15,90.81351470947266,91.12085817200928,89.41562499778861,89.86175824188419,10377900
PYPL,2019-01-16,89.77252960205078,91.5570700425994,89.4354449505961,90.93248202299054,8475000
PYPL,2019-01-17,89.62381744384766,90.08978318379981,89.03887931373077,89.47510384711369,10254500
PYPL,2019-01-18,90.33763885498047,90.65489100591742,89.00914027275904,90.56565982015096,11958400
PYPL,2019-01-22,89.16776275634766,90.18891779635896,88.32505494533657,89.55441354695607,7890300
PYPL,2019-01-23,89.72296142578125,90.38720694918041,88.80094616050775,89.96089865311014,5595700
PYPL,2019-01-24,91.40835571289062,92.19157357720975,89.77252887985277,89.8914937032664,9749100
PYPL,2019-01-25,93.47049713134766,93.76792431369591,91.89415273100923,92.25106232427216,11664300
PYPL,2019-01-28,91.50750732421875,92.61788606745296,89.91133031693167,92.4989212386138,7361100
PYPL,2019-01-29,90.33763885498047,92.0527806958969,89.79235817498513,91.53724878708232,6399900
PYPL,2019-01-30,91.62647247314453,92.5385714622412,90.11952664611037,91.22990539322356,11622800
PYPL,2019-01-31,87.99789428710938,89.31646894172158,85.87626928111025,88.25565643872203,23729900
PYPL,2019-02-01,89.23716735839844,89.72295805206245,87.492276774525,87.60133290876007,10514600
PYPL,2019-02-04,90.87300109863281,91.32905058192488,88.9397394681931,89.10827801473604,7084500
PYPL,2019-02-05,91.4777603149414,91.55707524495368,90.57557756868798,91.12085825766228,5591300
PYPL,2019-02-06,91.45793151855469,91.49758898189322,89.41562132189065,90.0203844009997,5939400
PYPL,2019-02-07,90.0699462890625,90.92256280071815,89.23716229008016,90.327716006604,7283800
PYPL,2019-02-08,91.0811996459961,91.12085711050297,89.22725289071164,89.24707784102111,7642100
PYPL,2019-02-11,91.89415740966797,92.94505373006513,91.35879299251626,91.45793287038408,6455900
PYPL,2019-02-12,93.56964111328125,93.69852976110646,92.39977240929734,92.63771719118029,7497000
PYPL,2019-02-13,93.20281982421875,95.21538876551094,93.03824475910714,93.77783411895399,8577900
PYPL,2019-02-14,93.60929870605469,94.17440432700258,92.30063265944443,92.84591333048529,6579200
PYPL,2019-02-15,94.09510040283203,94.61063232202426,93.63904333553481,94.18432402650666,6080200
PYPL,2019-02-19,94.20413970947266,94.48174193822246,93.25238333113535,93.6390341234634,8092400
PYPL,2019-02-20,93.91664123535156,94.89813886968687,93.17308081700013,94.18431965784748,8154100
PYPL,2019-02-21,94.14466094970703,94.68994160817653,93.52007292955003,93.90672373686927,6410000
PYPL,2019-02-22,95.1559066772461,95.17573162655776,94.25371642386999,94.42225496662566,4898000
PYPL,2019-02-25,95.86972045898438,96.46853832326327,95.17573375921188,95.24513242918913,7470700
PYPL,2019-02-26,95.76065826416016,95.98868677330181,94.70976202419911,95.51280480651747,5906400
PYPL,2019-02-27,97.01976776123047,97.19822257112403,95.10633857443919,95.28479338433276,5565400
PYPL,2019-02-28,97.22796630859375,97.67906147365746,96.24646861058525,96.82149052008042,6151800
PYPL,2019-03-01,97.95169067382812,98.59610362040425,97.49563365001408,98.07065549405148,5434000
PYPL,2019-03-04,95.74083709716797,97.65426616830032,94.52139470929086,97.18830043930572,7855800
PYPL,2019-03-05,95.70117950439453,96.30594256921667,95.32444495741005,95.82015189159951,6321900
PYPL,2019-03-06,95.63178253173828,96.44474161566745,95.08650943279459,95.69126494445165,3226500
PYPL,2019-03-07,95.38392639160156,95.91929078270643,94.48174371384358,95.3442689296063,6170100
PYPL,2019-03-08,94.86840057373047,94.94770793889977,93.6985318437439,94.22398001194424,4577700
PYPL,2019-03-11,96.61328125,96.73225364065549,95.13013144537798,95.18565038157298,5387500
PYPL,2019-03-12,96.66285705566406,97.23787894373855,96.06801021732987,97.15856401492388,5624500
PYPL,2019-03-13,98.45730590820312,99.72631441161188,97.29735353217049,97.35683594205298,9356600
PYPL,2019-03-14,98.17971801757812,98.81422231306078,98.08057813963794,98.60602630022002,5414700
PYPL,2019-03-15,99.86512756347656,100.39057573124262,98.47714656167373,98.54654523356949,10960900
PYPL,2019-03-18,99.40906524658203,100.95567602457749,98.51679881621982,100.3409967032304,6454000
PYPL,2019-03-19,100.66816711425781,100.81191879993446,99.73623563891721,99.73623563891721,6965100
PYPL,2019-03-20,101.43154907226562,102.16520077087533,99.97416949537094,100.57893255195836,6462900
PYPL,2019-03-21,103.25575256347656,103.66222830313838,101.20848057107206,101.27292489087553,7216700
PYPL,2019-03-22,100.40048217773438,103.10704544887805,100.38065722787407,102.97816436506655,7195000
PYPL,2019-03-25,100.67808532714844,101.3026733658426,99.64701395573343,100.07332223849264,5117700
PYPL,2019-03-26,102.26435089111328,102.39819389282239,100.87636984242027,101.46130044474684,4498000
PYPL,2019-03-27,102.1850357055664,103.27558953972711,100.86645333438962,102.31391679629574,5450200
PYPL,2019-03-28,102.96824645996094,103.11696005514004,101.78846151913106,102.56176313739722,4459900
PYPL,2019-03-29,102.94841003417969,103.80102654599105,102.57167549607898,103.62257175133549,5625500
PYPL,2019-04-01,104.64373779296875,104.85193379957184,102.95832966292984,104.08854087813955,6157200
PYPL,2019-04-02,104.32649230957031,104.85194048792727,103.76138666591817,104.85194048792727,4177400
PYPL,2019-04-03,103.79113006591797,105.06013872661194,103.59284273525437,105.000656309357,5441900
PYPL,2019-04-04,103.56309509277344,104.06871829969346,101.76863835410595,103.80103231089964,7996800
PYPL,2019-04-05,104.82219696044922,104.89159563220812,103.72172690549523,103.93983161396041,8573800
PYPL,2019-04-08,105.65497589111328,106.08128415804222,103.77128802412754,104.75279320205614,9261800
PYPL,2019-04-09,106.01188659667969,106.58690846298619,104.92133284036962,105.14935379721994,7217100
PYPL,2019-04-10,106.5869140625,106.84467623909943,105.47652773445924,106.2300044414829,6561800
PYPL,2019-04-11,105.5459213256836,106.8149298886974,105.00064822707893,106.58690893084619,7681000
PYPL,2019-04-12,107.54857635498047,107.60805876475051,105.49635001515377,106.11102175314365,6997700
PYPL,2019-04-15,107.21150207519531,108.06411866241348,106.38862669573555,107.64772662601987,4480100
PYPL,2019-04-16,107.27098083496094,107.86583522540859,106.65630905853378,107.86583522540859,3766100
PYPL,2019-04-17,107.87574005126953,107.92531376999231,106.32913684487893,106.87937184159674,5353700
PYPL,2019-04-18,106.43819427490234,107.51883176849182,104.17777184906694,107.42960815036612,10220700
PYPL,2019-04-22,105.89291381835938,106.25973967597513,105.1096959475934,105.8730888689231,6408500
PYPL,2019-04-23,105.98214721679688,106.58691029973252,105.52609773134976,106.1804269708564,8564200
PYPL,2019-04-24,106.29940032958984,107.45935278556492,105.50626617835391,106.1903441946977,9553100
PYPL,2019-04-25,109.27364349365234,109.96763021223073,107.58823529099521,107.58823529099521,10959400
PYPL,2019-04-26,109.6107177734375,109.6206340302727,106.9537282331866,108.77793373258714,7683200
PYPL,2019-04-29,111.47457885742188,112.02976820863124,109.4917511015169,109.74951326378546,6989300
PYPL,2019-04-30,111.80174255371094,112.24788334855529,110.24522302799244,111.47458171415713,6489400
PYPL,2019-05-01,109.98745727539062,112.71384542079447,109.96762476219247,112.2379634345771,5442200
PYPL,2019-05-02,108.75809478759766,110.20556564443108,107.97488451335,109.65036875280754,5272400
PYPL,2019-05-03,110.99869537353516,111.157325222538,109.30337857272671,109.62063070684489,4660500
PYPL,2019-05-06,109.89822387695312,110.16590985251563,107.64771776316293,108.50033428018342,4722600
PYPL,2019-05-07,108.01453399658203,109.22406008213218,106.7157842967965,109.22406008213218,6178700
PYPL,2019-05-08,108.13351440429688,108.93655724756002,107.22141542628344,107.64772370833786,4118000
PYPL,2019-05-09,108.78784942626953,109.18738910272803,106.32715791354458,107.17183994544702,4657300
PYPL,2019-05-10,109.4620132446289,109.72969167175573,106.53733767684967,108.28222827332331,3750900
PYPL,2019-05-13,105.91275024414062,107.69729075094365,105.60540678736793,106.67613562978248,5657900
PYPL,2019-05-14,108.15333557128906,109.45209288591751,106.42827755340527,106.63647355867678,4559700
PYPL,2019-05-15,110.54264831542969,110.96895658906712,107.38003559788947,107.65763027581382,5315300
PYPL,2019-05-16,112.89230346679688,113.67552135512206,110.20557270663438,110.24522260639586,6031800
PYPL,2019-05-17,111.83148956298828,113.26903667466085,111.27827438098412,112.09916798456835,4512400
PYPL,2019-05-20,111.18707275390625,112.33710896905464,110.27497376191133,111.00861794556917,3631600
PYPL,2019-05-21,111.46466064453125,112.14873862875682,110.7270454646804,111.70259785317548,4001400
PYPL,2019-05-22,111.50431823730469,112.9815227733715,111.2465485153703,111.31594718313485,3091700
PYPL,2019-05-23,108.95639038085938,110.75084714013526,108.12359876202177,110.51290991927645,7183600
PYPL,2019-05-24,108.90681457519531,110.2848792806194,108.52016376224253,109.88831221085334,4832500
PYPL,2019-05-28,110.83015441894531,112.16856159424572,109.55122965378219,109.62062832023814,6568300
PYPL,2019-05-29,109.13484191894531,110.01719966859643,108.37144899421672,109.79908740438826,8166200
PYPL,2019-05-30,110.45342254638672,110.61204483187551,109.14474898069464,109.69002963306635,3871800
PYPL,2019-05-31,108.80767822265625,109.84866586902045,107.80634804094181,109.38270011424578,4913500
PYPL,2019-06-03,104.6139907836914,110.13616587160915,103.06738752924531,110.13616587160915,11261200
PYPL,2019-06-04,107.79643249511719,107.89557236849531,104.87175706519388,105.91274464538289,7280400
PYPL,2019-06-05,109.81890869140625,109.92796481987327,108.52015897006484,109.09518081763866,6220200
PYPL,2019-06-06,110.82023620605469,111.0780059185775,109.32319921163578,110.15599075829131,4744000
PYPL,2019-06-07,113.04100799560547,114.15139427133755,111.11767019949454,111.33578246471761,5916400
PYPL,2019-06-10,114.62728118896484,116.34242305028252,113.86388822789095,114.1117417101301,6483600
PYPL,2019-06-11,113.61603546142578,116.44156366397522,112.32223997343104,115.96568921085534,5038900
PYPL,2019-06-12,113.51689147949219,113.90354229514101,112.49573637334849,113.60611509977063,3914400
PYPL,2019-06-13,114.7264175415039,114.82555741857364,113.60611499534137,113.83414352010075,4089400
PYPL,2019-06-14,115.17255401611328,115.72775095834864,114.28027996956362,114.91479184124515,4242000
PYPL,2019-06-17,116.15406036376953,116.32755326422377,115.37084244672134,115.57903846559925,4621600
PYPL,2019-06-18,114.98418426513672,117.62729401239122,114.84537936420475,117.58168377029979,6793300
PYPL,2019-06-19,116.13422393798828,116.33250369294042,114.23071106045171,115.00401269420796,5166000
PYPL,2019-06-20,117.77005767822266,118.92009386499298,116.82820993817245,117.82954009157126,5437500
PYPL,2019-06-21,115.21220397949219,116.27301650913064,114.97426677053345,115.08332290044943,10651500
PYPL,2019-06-24,115.49971771240234,115.77037630524225,114.666933678876,115.50963396915033,3369800
PYPL,2019-06-25,113.45740509033203,115.95576470112503,112.41641750690056,115.57903015555974,5393700
PYPL,2019-06-26,113.1698989868164,115.38074776345364,113.1351958694083,114.70658600419776,4637300
PYPL,2019-06-27,112.69401550292969,113.88371671392808,112.10908493620181,113.52680710701733,5139300
PYPL,2019-06-28,113.47723388671875,113.63586374110585,112.35693890468903,113.25912161888037,6679800
PYPL,2019-07-01,114.04234313964844,115.74757630920094,113.3681813647995,115.71783510152773,5566900
PYPL,2019-07-02,115.17255401611328,115.2022952236836,113.59620950378219,114.19105634685265,4153900
PYPL,2019-07-03,116.66958618164062,116.70924364467054,115.06349296642388,115.87645204881781,3288900
PYPL,2019-07-05,116.15406036376953,116.39199759050314,113.70526673180994,115.53938100049564,3801700
PYPL,2019-07-08,115.94585418701172,116.21849452606938,114.15139742357601,115.34109109451576,4983600
PYPL,2019-07-09,117.3536605834961,117.60151404691692,115.25186049068795,115.37083287612941,4739000
PYPL,2019-07-10,118.61276245117188,119.1679518337327,117.76014586287458,118.08731427640708,5879700
PYPL,2019-07-11,119.61408996582031,119.71322984421808,118.2161927195819,119.13820796006803,4999700
PYPL,2019-07-12,119.0886459350586,119.96108748467468,118.28559549522964,119.88177255364918,4540300
PYPL,2019-07-15,119.8619384765625,120.00073581334505,118.771384731605,119.7330498324876,3721000
PYPL,2019-07-16,118.68215942382812,120.43696629753659,118.50370461572028,120.06022416714895,4006600
PYPL,2019-07-17,117.78987884521484,118.95974750812283,117.7799701525668,118.62267042478896,4627500
PYPL,2019-07-18,118.84078979492188,119.76280504681324,117.61143108314141,117.96834070089858,4436900
PYPL,2019-07-19,117.61141967773438,120.31798275594173,117.5816784731201,119.70330345966022,4916200
PYPL,2019-07-22,117.67091369628906,118.18644557639695,117.10580809752827,117.96833331654409,5676600
PYPL,2019-07-23,119.18778228759766,119.23734844510477,117.67587455170414,118.39464812860463,5016000
PYPL,2019-07-24,120.25850677490234,120.28824798110638,117.90885315424448,118.96966570421826,8969800
PYPL,2019-07-25,114.1315689086914,116.54070494640355,112.25779727534726,115.74757081462408,19417200
PYPL,2019-07-26,114.49839782714844,115.35101445055314,113.35827024339672,114.71651011181778,7995500
PYPL,2019-07-29,110.49307250976562,113.29877557018574,110.2650515560126,112.52547396374062,13820200
PYPL,2019-07-30,111.07801818847656,111.32587167223417,107.83609038514973,109.83875076968852,8456000
PYPL,2019-07-31,109.45209503173828,111.33578293659939,108.49042234766306,111.23663549643219,10096200
PYPL,2019-08-01,109.8486557006836,111.48448247370702,108.72339888255806,109.50165480809098,9436100
PYPL,2019-08-02,106.1705093383789,108.70853402800569,104.92133328899101,108.53007922610918,10466900
PYPL,2019-08-05,102.7104721069336,104.48510378467037,101.53069478312354,102.869101951684,11745400
PYPL,2019-08-06,104.12820434570312,105.08987707253235,103.58293121998037,104.09846313788582,7740500
PYPL,2019-08-07,105.71446228027344,106.2399180051456,102.41305971539953,103.16652883943205,7622000
PYPL,2019-08-08,105.87309265136719,107.21149992081638,105.16918968097373,106.42828202206898,7815000
PYPL,2019-08-09,103.92000579833984,105.60540642067177,103.55317992844715,105.48644159229738,7777300
PYPL,2019-08-12,101.8380355834961,103.4837787010887,101.33241238373088,103.11696040414473,7896800
PYPL,2019-08-13,105.12952423095703,105.7838534304532,101.79837313201112,102.50227604893476,9788400
PYPL,2019-08-14,102.38330078125,104.22733107207232,101.56043306790075,103.27557472259743,9538800
PYPL,2019-08-15,104.04888916015625,104.8816807964366,102.24451610608486,103.00790906966584,6975800
PYPL,2019-08-16,105.24849700927734,105.69463021224892,104.64373396105263,105.16918208665078,5840900
PYPL,2019-08-19,106.74553680419922,107.50892977162917,105.91275272760807,107.07270521881206,5718300
PYPL,2019-08-20,106.44811248779297,107.64772239148343,106.10111157389358,106.98347689804856,4358600
PYPL,2019-08-21,108.8770751953125,109.07535495157828,107.46728752109868,107.60806660188067,5415900
PYPL,2019-08-22,107.8360824584961,109.34303576474879,106.72570377377042,109.13483976136273,3863600
PYPL,2019-08-23,105.12952423095703,109.19431945172815,104.60407610733004,107.99470961607908,7456400
PYPL,2019-08-26,106.7356185913086,106.90415713026978,105.37737889546796,106.19033794891959,3666900
PYPL,2019-08-27,106.52742767333984,107.7865276465542,106.03172069009696,107.45935922228071,4937400
PYPL,2019-08-28,106.54725646972656,106.70587876560612,104.44545621113414,105.79377976360657,3256100
PYPL,2019-08-29,108.27230834960938,108.8175890062559,107.8460000809278,108.02445488093142,3930900
PYPL,2019-08-30,108.11369323730469,110.0172061877355,107.60807000975997,109.18441454449196,3957900
PYPL,2019-09-03,105.83343505859375,107.92531901708774,105.54592411657599,106.99338751978107,4037700
PYPL,2019-09-04,107.79643249511719,108.29709377220358,106.36879411403226,106.82484358268161,3691200
PYPL,2019-09-05,110.50299072265625,110.67152926778574,108.56973667231746,109.05552735811506,5348700
PYPL,2019-09-06,109.1051025390625,110.71118821350265,108.67879426021614,110.70127952051834,4675800
PYPL,2019-09-09,104.52477264404297,109.8189194857616,103.00791051667164,109.67021344495117,10959000
PYPL,2019-09-10,102.16520690917969,104.04888729551611,100.44014125204497,103.87043248836038,13428000
PYPL,2019-09-11,103.12686920166016,103.58292624591915,102.22468649767649,103.25575784786332,7006300
PYPL,2019-09-12,106.18042755126953,106.98843230306002,104.58425056153558,104.80236283052598,11585400
PYPL,2019-09-13,106.08129119873047,106.36880214796369,104.34631680996618,105.74421409100825,8390200
PYPL,2019-09-16,105.60540771484375,107.08261990562342,105.07995954604999,105.21875689011294,5215600
PYPL,2019-09-17,106.57699584960938,106.96860101787634,105.54592447046754,105.89291782789799,4097400
PYPL,2019-09-18,104.69331359863281,106.87442886845352,102.83937431775678,106.8545963532989,6624300
PYPL,2019-09-19,105.20884704589844,106.10111351543088,104.69330757597209,104.73296504011164,5017100
PYPL,2019-09-20,103.74154663085938,104.554505700757,103.01781874237935,103.81094529912305,10427300
PYPL,2019-09-23,104.20751190185547,104.41570790573226,103.45403524695311,103.83077735634805,3312800
PYPL,2019-09-24,102.7997055053711,105.18900897339056,101.84794910797895,104.50493855382314,6367900
PYPL,2019-09-25,103.24584197998047,103.56606673034486,100.66816737674843,102.45270784180704,5457300
PYPL,2019-09-26,103.65232849121094,103.96958064345226,102.33374616062845,103.53335609766246,4719800
PYPL,2019-09-27,101.32250213623047,104.26700276260232,100.23194830969338,103.96958311748573,7189400
PYPL,2019-09-30,102.7005615234375,103.17644352008725,100.60868516842757,101.79837881422033,7390700
PYPL,2019-10-01,101.64966583251953,103.74254063337226,101.35224620121578,103.10704547396006,5694500
PYPL,2019-10-02,98.87371063232422,100.95567828969456,98.50688476982239,100.9358457761065,7879000
PYPL,2019-10-03,100.16254425048828,100.44013892989308,97.76332444833228,98.68533967000549,4846100
PYPL,2019-10-04,101.90743255615234,102.09580361180613,99.97417097224586,100.96558484177096,5458000
PYPL,2019-10-07,100.74748229980469,101.72600732587436,100.6483348596207,101.23327298837779,3711300
PYPL,2019-10-08,98.47714233398438,100.28151528969873,98.39782740839773,99.9840881006926,7027600
PYPL,2019-10-09,99.03233337402344,99.82546751563929,98.53167208000968,98.58620014679437,4988600
PYPL,2019-10-10,99.6767578125,100.1328073143841,98.54654653307246,98.54654653307246,4281600
PYPL,2019-10-11,100.70782470703125,103.0673870409547,100.59876857407924,100.90610445936886,4762900
PYPL,2019-10-14,100.8763656616211,101.47121249672531,100.49665092580142,100.71773580485309,2953500
PYPL,2019-10-15,102.7005615234375,102.76996775726502,101.02507718806626,101.13413332138417,4579600
PYPL,2019-10-16,102.2048568725586,102.34366177944344,101.02507945708454,102.11563325086965,4327000
PYPL,2019-10-17,102.74021911621094,103.44412207331175,101.95700123225399,102.99798884654952,3996300
PYPL,2019-10-18,100.35090637207031,103.42428764927244,99.88494067433535,103.02772061520736,7260700
PYPL,2019-10-21,100.56902313232422,101.84794790353887,99.60238857969536,101.48112205688606,6694400
PYPL,2019-10-22,96.52406311035156,101.07464952589572,96.28116396876324,100.48971892404262,11298100
PYPL,2019-10-23,95.81024169921875,96.76199816543625,93.95629492500738,96.58354335527747,16470200
PYPL,2019-10-24,104.00923919677734,106.0614657326724,102.3040060241712,105.1642297708916,23689200
PYPL,2019-10-25,106.2696533203125,106.56707293787109,103.52343271180828,103.56309017359358,12070900
PYPL,2019-10-28,105.6847152709961,107.52874564362884,105.53600168019265,107.06277992225888,7004200
PYPL,2019-10-29,104.09845733642578,106.10111004469218,103.79607580065495,105.92265524384567,5420900
PYPL,2019-10-30,105.5855712890625,105.68471115777714,103.06737929149728,104.38596148067482,4204900
PYPL,2019-10-31,103.20618438720703,105.58557923485454,102.37340035066865,105.5558380283907,7200500
PYPL,2019-11-01,104.0786361694336,104.39588831981409,103.03764853268211,103.80103391944873,5489800
PYPL,2019-11-04,101.92726135253906,104.85193691635858,101.72402725017015,104.81227945241426,5818400
PYPL,2019-11-05,100.12287902832031,102.363476367423,99.42393803751344,102.16519663003854,9236200
PYPL,2019-11-06,99.76598358154297,100.46988658201734,99.30993406985061,100.33108923341047,7332200
PYPL,2019-11-07,99.60735321044922,100.84662055393767,99.42889841043137,100.07331894182289,9088400
PYPL,2019-11-08,100.54918670654297,100.83669761885686,98.74481387648345,99.16616777091816,5451300
PYPL,2019-11-11,101.78846740722656,102.15529328803622,99.79573083377196,100.17246540798246,5391000
PYPL,2019-11-12,101.15396118164062,102.20485751779135,100.05349112386892,102.08589268812172,6715200
PYPL,2019-11-13,101.2431869506836,102.71047523994547,100.7573887092325,101.12421456349173,5246600
PYPL,2019-11-14,102.83936309814453,102.9583279205401,100.49962578179012,100.99533271213829,4978400
PYPL,2019-11-15,103.3053207397461,103.58292297301121,102.21972892140575,103.45403433088055,5639600
PYPL,2019-11-18,102.76996612548828,103.30532296287325,102.09580438653997,102.95832961868388,4830400
PYPL,2019-11-19,104.04888916015625,105.2584153676777,103.11498346865572,103.18636388001963,7954100
PYPL,2019-11-20,103.1962661743164,104.47519097523325,102.23460107336737,104.31656868913691,5953500
PYPL,2019-11-21,101.66949462890625,103.57300742964769,101.27292757111324,102.11562784149369,7525100
PYPL,2019-11-22,100.89618682861328,102.34365774373991,99.855206797185,102.0363142987479,6448800
PYPL,2019-11-25,103.55318450927734,103.67215690680251,101.18370576342382,101.50095792626941,8336100
PYPL,2019-11-26,105.28814697265625,105.86316881622804,103.60274646716638,103.90017364525863,13126400
PYPL,2019-11-27,106.8248519897461,107.31064270225163,105.88301177270031,105.97223539659623,7553400
PYPL,2019-11-29,107.0826187133789,107.45935327679985,105.98214866635514,107.04296124924704,4439500
PYPL,2019-12-02,105.29806518554688,107.55848757661032,103.75146198405872,107.03303944091947,7182600
PYPL,2019-12-03,104.68338775634766,105.21875215818017,103.61266651657026,104.09845719894346,8947500
PYPL,2019-12-04,104.09845733642578,105.37738214851124,103.75641833781265,105.37738214851124,7848700
PYPL,2019-12-05,103.69197082519531,104.59416105835514,103.21609641350297,104.54458734035546,5635800
PYPL,2019-12-06,103.44412231445312,104.43950725187624,103.26567507444244,103.89026310614311,7018000
PYPL,2019-12-09,102.88893127441406,104.1975972936905,102.71047647342692,103.70189035360264,5641300
PYPL,2019-12-10,102.73030853271484,103.23592416337043,102.3733989323182,102.87901456297378,5316500
PYPL,2019-12-11,104.60408020019531,104.96098980075348,102.70055980925585,102.8294484540554,5779700
PYPL,2019-12-12,104.76271057128906,105.3079912708544,103.23593217639434,104.3066610606927,6379500
PYPL,2019-12-13,106.7257080078125,106.97851582969199,104.61399155675781,104.92133500966236,6998800
PYPL,2019-12-16,108.62921905517578,108.88500704454302,107.41969290549558,107.46926662529073,8465400
PYPL,2019-12-17,107.52874755859375,108.65895876660774,106.74552969270904,108.62921756069488,8165900
PYPL,2019-12-18,106.90415954589844,108.53007768954127,106.83476087747054,107.92531462300353,6477900
PYPL,2019-12-19,107.94514465332031,108.00463463183556,106.53733870529582,106.87442337058908,6590000
PYPL,2019-12-20,107.81625366210938,108.67878641440565,107.2015743665076,108.34170178007977,9823200
PYPL,2019-12-23,107.67745971679688,108.51024372680685,107.44943120135845,108.11368423473779,4659000
PYPL,2019-12-24,107.75677490234375,108.32188050019016,107.44943146219046,107.70720118377105,1680000
PYPL,2019-12-26,108.80767822265625,108.80767822265625,107.63780948909633,108.19299886641697,4049900
PYPL,2019-12-27,108.46067810058594,109.23397970333002,107.96497116919741,109.22109083902512,3379600
PYPL,2019-12-30,107.04296112060547,108.6589630716257,106.80502389998809,108.57964814345729,3769200
PYPL,2019-12-31,107.24124145507812,107.51883614127573,106.27956874654508,106.61665341113353,4080500
PYPL,2020-01-02,109.79908752441406,110.25513700285346,108.33675356000414,108.53007896460223,7418800
PYPL,2020-01-03,107.826171875,109.47191492409564,107.826171875,108.54989974590468,7098300
PYPL,2020-01-06,109.22406768798828,109.27364140860708,106.5175119732883,106.64639305745428,6764500
PYPL,2020-01-07,108.72835540771484,110.60212698416271,108.5895580734511,110.54264457344608,6898700
PYPL,2020-01-08,110.85990142822266,111.67286051950758,108.87707363836792,109.45209551275885,8293600
PYPL,2020-01-09,111.60346221923828,112.58495986058018,110.6318732708793,112.0198542411545,5944700
PYPL,2020-01-10,111.96037292480469,112.73367456276605,111.30603611490639,112.66427589176665,6965100
PYPL,2020-01-13,114.29019927978516,114.88504613874593,112.88239328200407,113.00136567935151,9652500
PYPL,2020-01-14,113.65568542480469,114.59752557552687,113.14015354063716,114.52317256084949,7182000
PYPL,2020-01-15,113.86388397216797,114.95443774048263,113.62594675600006,114.15139490848608,5955200
PYPL,2020-01-16,114.40916442871094,115.00401124998504,113.86388376360851,114.9246963234451,4770900
PYPL,2020-01-17,115.04366302490234,115.69799222678414,114.47855743805053,115.45013876651777,9730400
PYPL,2020-01-21,115.15271759033203,115.39065479107136,114.12164630194532,114.31992604191355,8746200
PYPL,2020-01-22,114.50830841064453,116.44156254007424,114.47856720309761,115.72775086728419,5305300
PYPL,2020-01-23,116.8777847290039,116.92735844984027,114.8057332969141,116.39199403313631,8533900
PYPL,2020-01-24,115.97560119628906,118.57310076995574,115.50963545368504,117.43297327369037,7124000
PYPL,2020-01-27,114.25053405761719,114.98418577895364,111.34569107028008,112.65435709670467,7002300
PYPL,2020-01-28,115.51953887939453,116.2036168587398,113.7300365713074,114.83546846393669,6433000
PYPL,2020-01-29,115.6583480834961,116.52087332724676,114.17122724791196,116.46139091426745,9236800
PYPL,2020-01-30,116.1144027709961,116.19371013722805,111.4547527389339,111.82157861782294,13653300
PYPL,2020-01-31,112.91212463378906,116.31267449793405,112.17848049057663,115.74756889666857,9467200
PYPL,2020-02-03,115.50963592529297,116.23336383851077,113.07075863223669,113.3186121079199,8234700
PYPL,2020-02-04,119.04898834228516,119.30675052201029,116.29285878514445,117.02650298662573,7396800
PYPL,2020-02-05,118.69207000732422,121.14086348223753,117.87018554721757,120.15935830261726,7595300
PYPL,2020-02-06,118.86061096191406,119.5645139178941,118.44421894241393,119.05889071485096,4020300
PYPL,2020-02-07,117.8592758178711,118.64249366738893,117.3933176618275,118.5730950004133,4166300
PYPL,2020-02-10,119.02914428710938,119.11837546673829,117.48254110315735,117.54202351365169,4868000
PYPL,2020-02-11,117.81961822509766,119.96107577034161,117.38340127483076,119.72313856438808,4677400
PYPL,2020-02-12,117.54202270507812,118.88043744309299,116.85795229743675,117.82953362696864,6482300
PYPL,2020-02-13,119.47528839111328,120.0602189476616,116.78855769310027,117.02649490560403,6066300
PYPL,2020-02-14,121.93399047851562,121.94390673516311,119.76279923374776,119.85202285191231,5769900
PYPL,2020-02-18,121.22017669677734,121.9339959295554,120.63524611451574,121.5275201554883,5085700
PYPL,2020-02-19,122.8460922241211,123.38144904010159,121.24991534078025,121.57707615857115,4878600
PYPL,2020-02-20,121.3788070678711,123.24266252275915,119.3662380115442,122.79652928233057,7212900
PYPL,2020-02-21,118.46404266357422,120.80378003062557,117.51228624434975,120.67489894894197,5894500
PYPL,2020-02-24,115.44023895263672,115.78723231091948,112.54530456552125,113.30869751763126,10139300
PYPL,2020-02-25,108.71845245361328,115.41545065892853,108.39128404962825,114.67684457669951,13636100
PYPL,2020-02-26,108.17317199707031,111.6629456215735,107.6675487866155,108.86715870640997,10301800
PYPL,2020-02-27,106.91407012939453,111.08792925714626,105.38729939697983,105.38729939697983,15461900
PYPL,2020-02-28,107.06278991699219,107.79644168307509,102.82945569543224,103.36482013397053,17213100
PYPL,2020-03-02,111.89097595214844,112.07934701795797,105.61532400437915,106.53733925530207,13367000
PYPL,2020-03-03,108.81759643554688,113.57637882072676,107.33047552194914,111.85132067884206,11912300
PYPL,2020-03-04,114.31002807617188,114.3992516983639,109.67021062498769,111.07801657697354,8245200
PYPL,2020-03-05,111.21681213378906,113.9134591648433,110.28488064291031,111.06809853530385,7671500
PYPL,2020-03-06,109.9378890991211,110.61205086798446,106.65631144091967,107.02312975081652,8524300
PYPL,2020-03-09,100.75738525390625,106.07136401070683,98.85387250743993,101.83803026648242,12458900
PYPL,2020-03-10,108.79776000976562,108.79776000976562,102.28417094491921,104.39588740720257,11748500
PYPL,2020-03-11,103.00790405273438,106.82484599307362,101.10439121092865,105.73429223353207,10756400
PYPL,2020-03-12,96.12748718261719,103.88034328338283,93.68860998898317,95.73092012491277,20114400
PYPL,2020-03-13,109.20423889160156,109.65037210590556,98.92327437451756,99.65691851773056,19170600
PYPL,2020-03-16,91.92389678955078,102.2692982773282,90.44669221618393,93.19290535436694,16204900
PYPL,2020-03-17,97.0296859741211,100.21212384479415,89.74278739316749,93.68861824083956,17969400
PYPL,2020-03-18,90.67471313476562,94.2834590758437,85.41030781887342,91.06632585563743,16073300
PYPL,2020-03-19,92.88556671142578,97.21804042696422,86.29266304756462,90.77385035447642,12181600
PYPL,2020-03-20,85.93575286865234,95.4037581670064,85.46978714866957,94.81882006195757,14874400
PYPL,2020-03-23,84.5279541015625,87.39313976472283,81.36534123274957,85.54910924300806,12969700
PYPL,2020-03-24,96.45465850830078,97.15856146430421,88.63240350164281,88.63240350164281,13936500
PYPL,2020-03-25,94.88822174072266,99.55778021738288,94.45199721218863,96.59345482802367,11814400
PYPL,2020-03-26,99.76598358154297,100.06341079363668,94.81387571656646,95.48307559794502,9451200
PYPL,2020-03-27,92.67737579345703,96.2712512233552,92.2609762019899,96.16714943451645,11312000
PYPL,2020-03-30,96.19688415527344,97.41632651254558,93.5597272612021,94.68002218287965,8948600
PYPL,2020-03-31,94.91796875,98.57727948811056,94.05544346079581,95.55247306817544,9881400
PYPL,2020-04-01,90.59539794921875,93.85715053352784,89.60398406574076,91.92389648630083,9628400
PYPL,2020-04-02,92.7170181274414,93.86706180182458,90.13934368016288,90.3177984722607,7077200
PYPL,2020-04-03,91.59672546386719,92.15191480225671,89.10827456977852,91.99329251866861,7699500
PYPL,2020-04-06,100.79704284667969,101.61991814553257,95.4334979294881,96.96027614392648,11999000
PYPL,2020-04-07,99.41898345947266,105.31790063028117,99.04224890510402,104.35126603855522,10291500
PYPL,2020-04-08,104.15794372558594,104.59912261620559,99.88495216269304,100.73756873663699,9385900
PYPL,2020-04-09,104.93124389648438,107.76668826508416,103.88034757941166,104.72304788445419,10894900
PYPL,2020-04-13,105.0700454711914,105.3773813510338,101.46129201872911,103.94974295506576,7716200
PYPL,2020-04-14,108.84237670898438,110.02711599588636,107.00330062903812,108.06411318064121,8417900
PYPL,2020-04-15,107.02313232421875,108.15334361627066,105.50627019877476,106.53734160911633,7821000
PYPL,2020-04-16,107.3800277709961,108.58459948819487,105.65496985257109,108.55981263006812,9575600
PYPL,2020-04-17,110.88964080810547,111.15732679110327,109.10906384208127,109.35295383461535,11069800
PYPL,2020-04-20,111.20689392089844,113.31861034169361,109.08031446079278,109.94780161216305,10730700
PYPL,2020-04-21,106.61665344238281,111.88105891629746,106.4877723562927,110.16591707726477,11736600
PYPL,2020-04-22,114.20096588134766,115.00400869402571,108.96630186825539,109.34303641511562,12874300
PYPL,2020-04-23,114.25053405761719,117.36853496357794,114.0125968429639,114.94452831586348,7563200
PYPL,2020-04-24,119.14812469482422,119.43563563805208,114.40916738786336,114.47856605940885,10677500
PYPL,2020-04-27,119.4951171875,121.33617505459108,119.02419709371557,120.2089364118792,6678200
PYPL,2020-04-28,115.1427993774414,120.95248491365068,114.90783478837825,120.6154078486555,9192300
PYPL,2020-04-29,122.51892852783203,122.96506174617265,117.62629590966617,118.27567835166874,9891500
PYPL,2020-04-30,121.94390869140625,122.39004191716118,119.58434635192171,120.30807425715862,7569800
PYPL,2020-05-01,119.57443237304688,121.64648381571612,118.40456365588092,118.82095568303629,5613800
PYPL,2020-05-04,122.5982437133789,123.11377560153078,119.27700117288592,120.21884889477484,7674400
PYPL,2020-05-05,124.3530502319336,126.8415013279195,123.77802833401225,123.86725952142875,9241900
PYPL,2020-05-06,127.20830535888672,128.47731384360313,125.03711422739639,125.95912938643055,14031200
PYPL,2020-05-07,145.03392028808594,145.93611049007802,138.08411489342853,138.71861912968987,35487900
PYPL,2020-05-08,143.71536254882812,145.14298582718507,140.88982694271024,142.02003815960234,13159500
PYPL,2020-05-11,142.72393798828125,144.02268765206216,140.95920749827096,141.7325241835295,10273400
PYPL,2020-05-12,139.819091796875,144.39941886900414,139.7001269776845,142.76359209403648,9757600
PYPL,2020-05-13,142.4959259033203,143.85417333131028,138.41130518118734,138.99623579376916,11142600
PYPL,2020-05-14,143.17007446289062,143.4575778166508,140.21565036488215,140.8501697371587,9272900
PYPL,2020-05-15,144.26063537597656,144.63737750991933,140.41395961799267,141.67304441593902,8361200
PYPL,2020-05-18,144.984375,147.89911917511347,144.7365215236016,146.8531847660446,8576400
PYPL,2020-05-19,144.14166259765625,148.43448648925298,143.9731240543369,145.48998607198635,7779100
PYPL,2020-05-20,149.64401245117188,149.78280978831808,146.63010580489,146.72925324332664,7811300
PYPL,2020-05-21,146.94735717773438,149.44572423255133,146.76889482421743,149.28709439115278,5612700
PYPL,2020-05-22,149.564697265625,149.7034946025296,146.09474871523523,146.98701514851112,5724100
PYPL,2020-05-26,145.7378387451172,153.22301648173095,145.03392824189592,152.7967006516117,10267500
PYPL,2020-05-27,144.706787109375,145.14299654098085,138.81778581326807,144.23089752035278,9554800
PYPL,2020-05-28,147.51248168945312,150.64040676186116,143.2692310002231,143.4873432893891,10026700
PYPL,2020-05-29,153.67904663085938,153.99630630600026,147.65124895314796,149.20777586973182,9861900
PYPL,2020-06-01,153.2031707763672,154.63080904525913,151.73588261234994,153.56998903542805,5658300
PYPL,2020-06-02,156.13778686523438,156.24684300375145,153.2825098769881,154.66057464855325,6344400
PYPL,2020-06-03,155.43385314941406,156.9120484512722,153.78810262350024,156.13776359818047,6732800
PYPL,2020-06-04,153.2725830078125,158.1106721746692,152.3158571720027,155.35454295837346,7554500
PYPL,2020-06-05,154.6605682373047,154.99764533228395,148.7120848435622,151.66649402667716,8446100
PYPL,2020-06-08,154.74978637695312,154.8687663275016,151.795377298471,152.95532970383707,5494400
PYPL,2020-06-09,155.51316833496094,156.85158300799642,154.25903049063763,154.4523483140289,7265600
PYPL,2020-06-10,158.5369873046875,159.50856861078137,156.24682380500764,156.24682380500764,5881800
PYPL,2020-06-11,151.72596740722656,158.13050746941886,151.60204067723487,156.9804637844299,9041700
PYPL,2020-06-12,153.9269256591797,155.86019497932628,150.5858654619099,155.71147380897384,7038100
PYPL,2020-06-15,156.197265625,156.5640839333456,150.9130276328656,151.31951096943962,5115000
PYPL,2020-06-16,159.83575439453125,161.43193142084772,156.9408275453179,158.81459926075235,6537300
PYPL,2020-06-17,162.42333984375,163.54364238330209,160.27197351209128,161.44183464405413,5582600
PYPL,2020-06-18,166.60711669921875,167.38041836710113,162.89922309410295,163.30570644274727,8583700
PYPL,2020-06-19,162.94879150390625,169.65074411629013,162.60179058290925,169.13521977302847,11332700
PYPL,2020-06-22,168.79812622070312,169.43263051554916,164.12857519413598,164.15831640109943,7793800
PYPL,2020-06-23,171.306396484375,173.89398729839252,168.93691793267124,170.5231861808121,7693900
PYPL,2020-06-24,166.5575408935547,171.99048501549572,162.87938854260054,169.13026126222186,8931800
PYPL,2020-06-25,171.01889038085938,171.2964850506759,166.74589907642508,167.54894188037818,6650700
PYPL,2020-06-26,169.40289306640625,172.21852011953354,167.1523943414473,172.21852011953354,8158700
PYPL,2020-06-29,166.904541015625,170.00765632683016,164.13848768187265,170.00765632683016,5423700
PYPL,2020-06-30,172.73402404785156,173.19008105711399,167.95541734546507,169.23433450538332,6831900
PYPL,2020-07-01,175.90655517578125,176.7046512052287,171.07837448395924,173.12564653993635,6869600
PYPL,2020-07-02,175.6884765625,178.25623511826362,175.20267827041906,178.14717897627713,5943600
PYPL,2020-07-06,174.66729736328125,179.6838645115288,172.96207933649214,178.74200918423494,8348300
PYPL,2020-07-07,175.7578582763672,178.40493162365362,174.79618556511852,176.16434161365285,5529400
PYPL,2020-07-08,180.0110321044922,181.07183712884668,176.9673841190947,177.35403494147076,7233500
PYPL,2020-07-09,181.65676879882812,182.41025306176664,177.61179817936258,181.82530735033387,6340000
PYPL,2020-07-10,176.86822509765625,180.95286045367382,175.60914039795608,180.07050273074447,7583200
PYPL,2020-07-13,170.03738403320312,179.1088298408732,169.27400626040603,178.87088507078232,10234800
PYPL,2020-07-14,170.82061767578125,171.11804487077958,162.91904769735083,167.30109531181463,10624500
PYPL,2020-07-15,170.58265686035156,171.8714978323497,167.55884172967978,171.50467956540356,6659700
PYPL,2020-07-16,168.3519744873047,169.86883638684577,165.07039723891484,168.4411980983897,6630600
PYPL,2020-07-17,172.42669677734375,173.06120104285898,168.0842992281075,170.02747705062131,7354000
PYPL,2020-07-20,177.28463745117188,178.09758896710022,171.1973416995309,173.15042825520635,6025000
PYPL,2020-07-21,174.07244873046875,177.91913937857132,172.82327270299092,177.71093581010413,5698400
PYPL,2020-07-22,176.8880615234375,177.9488816295879,174.22115578284274,174.6474716149605,4669000
PYPL,2020-07-23,172.36721801757812,179.1980590550065,170.46370518070862,176.62037691237208,6999600
PYPL,2020-07-24,171.078369140625,172.1094480017448,167.62825322670022,169.61108089894256,6256100
PYPL,2020-07-27,176.4518280029297,176.92771753002432,170.90982836236074,172.42669030151075,6868800
PYPL,2020-07-28,174.75653076171875,178.03810831972177,174.49875346834241,176.48158124988143,6125700
PYPL,2020-07-29,183.0150146484375,183.84779870586314,176.7393627549837,176.91780999824243,15436600
PYPL,2020-07-30,190.85708618164062,196.9542907988493,187.50710076142315,190.16309947087376,16803600
PYPL,2020-07-31,194.38653564453125,194.66413033346404,190.0441378097203,191.39246135358357,10863400
PYPL,2020-08-03,195.37794494628906,197.6879260257172,193.54382317631158,196.54780608942346,7958700
PYPL,2020-08-04,195.6356964111328,197.3905031576003,193.84222307233287,194.66411507601893,5771600
PYPL,2020-08-05,201.16778564453125,202.47644404519357,196.38916368058827,197.29135390448573,7565800
PYPL,2020-08-06,202.337646484375,202.40705271433856,197.17238886205178,200.26559519446454,5821400
PYPL,2020-08-07,196.92454528808594,202.19985773559668,195.0111086190294,201.96092965123032,6525300
PYPL,2020-08-10,191.66014099121094,198.1340725000873,190.04413150527984,196.993937446858,8792200
PYPL,2020-08-11,187.40696716308594,191.8732915962174,184.9185237352714,190.35146763833853,9155300
PYPL,2020-08-12,189.6773223876953,190.8570922697443,187.77379430919217,188.3686487246964,7936600
PYPL,2020-08-13,191.41229248046875,193.45460273186086,189.8359328531554,190.4506197694306,10082400
PYPL,2020-08-14,189.8161163330078,193.79068228459207,188.87426100404025,193.51408602961547,4848000
PYPL,2020-08-17,194.60462951660156,195.7249320745171,191.59073788984676,192.25498339345907,6279300
PYPL,2020-08-18,192.89939880371094,197.04350140847941,192.33428565154722,196.03225505226652,5362500
PYPL,2020-08-19,190.78768920898438,195.14990422350292,190.27214975636028,193.38518872990244,6865300
PYPL,2020-08-20,196.4783935546875,196.99393300302043,189.86566485512068,190.4109455093406,6773000
PYPL,2020-08-21,195.10032653808594,197.3905052583182,194.53522850524158,196.23053773154962,6092500
PYPL,2020-08-24,197.1724090576172,199.3723507795091,194.88224527864142,198.28278782856881,5404100
PYPL,2020-08-25,199.93844604492188,200.22596455703518,194.5550756502759,196.78575699943826,5108200
PYPL,2020-08-26,201.73289489746094,203.58684916596394,198.53063225590193,200.79105472379953,6072200
PYPL,2020-08-27,202.58551025390625,205.222674826791,200.56303257850107,205.03430376761705,6051900
PYPL,2020-08-28,202.72430419921875,203.6522721817437,200.6819940444667,203.6522721817437,4580300
PYPL,2020-08-31,202.38722229003906,203.48967400473254,200.56104270220976,201.9509977765518,5628700
PYPL,2020-09-01,207.1361083984375,208.0779637490038,203.3836181113507,203.82478945071088,6234600
PYPL,2020-09-02,209.0098876953125,210.62588208116662,202.8432919670212,209.80498845943734,7219500
PYPL,2020-09-03,203.2299346923828,204.81618780799158,193.27613096431043,203.9239213759476,16006900
PYPL,2020-09-04,190.1928253173828,200.1069636070017,181.2800246767911,199.25930901901614,17034100
PYPL,2020-09-08,184.35340881347656,190.10361236963868,183.11414145774228,183.11414145774228,9282400
PYPL,2020-09-09,192.92913818359375,194.06925804179718,185.69181416848522,189.3600423294164,8542000
PYPL,2020-09-10,188.45787048339844,196.51807058204545,186.22718913900027,194.4063540684602,6580700
PYPL,2020-09-11,182.42015075683594,190.45060909669797,179.37650293668065,189.8180865681371,8110400
PYPL,2020-09-14,185.35475158691406,186.98066979698456,182.79690187940517,184.40298757546452,7053100
PYPL,2020-09-15,184.42282104492188,188.81477743515657,182.59860794084082,188.418217919534,7763400
PYPL,2020-09-16,179.356689453125,187.71430123708237,179.11874467487564,185.4885819075464,8170100
PYPL,2020-09-17,174.28062438964844,177.20530718750055,172.2977967993888,175.1134234746657,11840100
PYPL,2020-09-18,174.55824279785156,176.7195177167299,170.15636290945653,175.1828232327686,13557200
PYPL,2020-09-21,181.636962890625,181.87489256530353,172.58534836456582,173.33881754734267,13765600
PYPL,2020-09-22,186.16769409179688,186.44528876337574,180.62073231487557,185.1861889208591,8939300
PYPL,2020-09-23,180.05067443847656,186.85177422588418,179.54505880824075,186.77245930055352,6782400
PYPL,2020-09-24,180.6256866455078,183.31240963149807,178.0579284772664,178.62302648934772,7374500
PYPL,2020-09-25,185.64224243164062,186.30648789229804,178.58338069782477,180.83387923343616,7606500
PYPL,2020-09-28,190.3712921142578,190.81742532214372,186.47502780909795,189.36004574934822,7590600
PYPL,2020-09-29,192.8300018310547,194.0990104015203,189.46910934512573,190.9859713883819,6732600
PYPL,2020-09-30,195.33828735351562,197.01377933226422,191.65122472037217,192.393786742013,7939600
PYPL,2020-10-01,195.24903869628906,199.5418623206725,194.53620284623895,197.54911087534236,7268900
PYPL,2020-10-02,190.2622528076172,194.52533577408687,187.62508809722246,191.07520437176657,6546400
PYPL,2020-10-05,195.15982055664062,195.21930296662762,190.51008722417768,191.88815185738363,5024100
PYPL,2020-10-06,190.01438903808594,195.67535385608807,189.24108741716014,194.4460103191165,5921800
PYPL,2020-10-07,192.9390411376953,194.02960237397448,191.6700326779018,192.24505449996045,4228700
PYPL,2020-10-08,191.40235900878906,195.1796434268687,191.01570820523227,195.06067860355125,5582600
PYPL,2020-10-09,195.5762176513672,195.65553257600848,190.9463167108285,192.69119966961196,7082400
PYPL,2020-10-12,199.77980041503906,202.32774128295563,194.94369282948892,198.15388229843848,10603200
PYPL,2020-10-13,205.95632934570312,207.22533792941397,198.39183643629303,200.70183264214458,8145300
PYPL,2020-10-14,201.85186767578125,207.15394100446903,198.7784786628025,206.41632582602116,8588100
PYPL,2020-10-15,201.39581298828125,201.7328900734848,196.4268532060139,198.27286534824634,7626700
PYPL,2020-10-16,202.69456481933594,205.68863897387834,200.48371610185254,202.6846561265312,9662200
PYPL,2020-10-19,198.34225463867188,205.45069020769287,197.39050580353413,203.75538097670218,6566700
PYPL,2020-10-20,200.22593688964844,203.70579386749282,198.59009504963905,199.41297031562428,4867700
PYPL,2020-10-21,211.24057006835938,213.97686702695668,204.25109894410642,206.51152145942066,17247200
PYPL,2020-10-22,202.1790313720703,210.5168259844798,200.40440712968038,210.08060144370668,12398300
PYPL,2020-10-23,201.2966766357422,204.46921329733195,199.48240246579587,204.46921329733195,6644700
PYPL,2020-10-26,195.52664184570312,202.13937044837368,193.37527559400945,198.937107930005,7716000
PYPL,2020-10-27,198.70907592773438,199.59144880013798,196.02235279502582,197.08315777602223,4754400
PYPL,2020-10-28,190.65879821777344,196.68659634052864,189.85575540647207,195.26888177297684,8050000
PYPL,2020-10-29,193.3653564453125,195.8934648641659,190.65880078944073,192.41360759233078,7627100
PYPL,2020-10-30,184.53187561035156,193.65288054202557,181.349430308184,191.63038769734646,12029700
PYPL,2020-11-02,186.1478729248047,191.050422040332,183.46114966231107,187.38714032980843,14386000
PYPL,2020-11-03,178.26611328125,187.12935508978762,173.309044272249,176.41217431277133,31656000
PYPL,2020-11-04,192.62179565429688,193.3257061637295,182.52920964000455,185.15645036496565,16107000
PYPL,2020-11-05,202.80361938476562,203.16052898405866,197.65817896486405,200.56302947839973,15188500
PYPL,2020-11-06,200.9893341064453,203.16053295055372,196.84523129886574,202.84328837153,8075100
PYPL,2020-11-09,183.13397216796875,194.38652569834704,182.85637749323965,194.05935730432165,18986400
PYPL,2020-11-10,181.78564453125,185.1068869869878,177.06652004112098,183.39173013080895,13144300
PYPL,2020-11-11,190.68853759765625,191.4420218106453,184.79953686746788,185.8881164226092,9151700
PYPL,2020-11-12,187.4763641357422,193.2265523343731,186.81210354716768,192.2847122072025,7096100
PYPL,2020-11-13,187.00047302246094,190.08377065946152,185.24568142364046,189.4661187500472,6017200
PYPL,2020-11-16,190.29197692871094,190.72820144347418,181.96409150595122,183.5999334363133,10127800
PYPL,2020-11-17,190.6488800048828,192.958876013465,188.9932207460843,190.48034147135203,6448800
PYPL,2020-11-18,188.48760986328125,191.2933130756941,187.91258797363497,190.9364034589404,8095400
PYPL,2020-11-19,189.2609100341797,191.09503182524696,187.94234284168033,189.18161023354315,9391500
PYPL,2020-11-20,191.01571655273438,193.05802679040113,189.32040723527444,190.81743679594868,11514100
PYPL,2020-11-23,199.0957489013672,200.42423991166132,192.2549838376674,192.8597469285887,12020000
PYPL,2020-11-24,204.23126220703125,205.3009925949279,197.1525676074908,202.24843441861347,14781600
PYPL,2020-11-25,212.61863708496094,214.2148141098718,204.45928958740166,204.518772002478,13817500
PYPL,2020-11-27,209.57498168945312,212.00394269541175,206.8287609772299,211.36943841065798,5363200
PYPL,2020-11-30,212.2815399169922,213.97686434612572,205.31190139413044,210.68536292919768,12976100
PYPL,2020-12-01,214.6807403564453,218.67615193937604,212.4996329939524,215.28550338733316,10137400
PYPL,2020-12-02,210.73492431640625,213.89753690005378,208.69261421766544,213.748830874524,7537400
PYPL,2020-12-03,212.69793701171875,215.06741568956838,211.28022235897853,211.49833463290412,7645200
PYPL,2020-12-04,215.90020751953125,216.67647418914012,211.1810677113341,213.03502197645818,6214600
PYPL,2020-12-07,216.05882263183594,217.43690246699296,214.45273696463923,215.5234657853622,5363400
PYPL,2020-12-08,215.07733154296875,216.84204705551844,213.7190993556562,214.4676065551131,5419600
PYPL,2020-12-09,208.9900665283203,217.06017558598205,207.45337185936233,215.13683007637576,7807500
PYPL,2020-12-10,213.49107360839844,214.37343140740538,204.87568407358873,206.57100856244142,6556800
PYPL,2020-12-11,212.22206115722656,213.15399266186677,208.61331509587623,211.55781564659014,4283400
PYPL,2020-12-14,218.89425659179688,221.24391769573973,213.15397707470365,214.09581720366484,9759400
PYPL,2020-12-15,219.6973114013672,220.40120675110714,215.2557665383896,220.02446465375223,6508100
PYPL,2020-12-16,228.22348022460938,229.16532041837505,222.68148007000875,222.86985113431706,10110000
PYPL,2020-12-17,233.4878692626953,236.05564261915413,230.4045715986737,232.49645541738644,8914100
PYPL,2020-12-18,234.4197998046875,235.1336189808125,230.285605900832,234.62800336763007,11534700
PYPL,2020-12-21,235.6789093017578,237.69247670569948,230.20729886905954,230.6226924511069,8156000
PYPL,2020-12-22,241.39938354492188,241.58773948451102,236.0457392399751,238.10292012158348,6331700
PYPL,2020-12-23,237.38414001464844,242.1528383201822,236.28367001123488,241.50842535426824,6421300
PYPL,2020-12-24,236.59100341796875,240.04111942188464,236.04572276832434,238.2962364707976,3053800
PYPL,2020-12-28,233.70599365234375,241.40928386610716,233.23011921766616,241.40928386610716,7079500
PYPL,2020-12-29,229.04635620117188,234.2215380619046,227.7079413611364,233.97368458247402,8316100
PYPL,2020-12-30,229.52223205566406,231.8322283134786,228.0450349909611,230.19640139029957,6017600
PYPL,2020-12-31,232.1891326904297,232.67493094813187,227.71786144095884,230.0080251328287,5002700
PYPL,2021-01-04,229.9287109375,235.95352912094685,225.58136641186604,235.75822953738555,8148700
PYPL,2021-01-05,232.89303588867188,233.61676377816983,227.82691040663605,228.49115588436365,5047800
PYPL,2021-01-06,224.88241577148438,230.49382205167578,223.76409496707404,226.97429969647143,9211700
PYPL,2021-01-07,233.02191162109375,233.5771161010394,227.25189070786544,227.489835484985,7107900
PYPL,2021-01-08,240.3782196044922,240.82435283162505,234.04208698825153,235.39139379578225,6767700
PYPL,2021-01-11,235.46080017089844,238.77211895105674,232.08007515672594,235.99615701822367,5073100
PYPL,2021-01-12,235.59959411621094,236.7496378490346,231.82230964939595,235.57976160281046,4136600
PYPL,2021-01-13,242.79725646972656,245.3154562307987,234.50903571486384,234.5387920492226,7354900
PYPL,2021-01-14,239.9816436767578,247.70476634767255,239.4661042184303,244.75034206490474,6976700
PYPL,2021-01-15,237.7311248779297,242.46315343827516,233.0159637868135,240.1700096507278,8373300
PYPL,2021-01-19,245.12709045410156,246.6043026332722,238.93075348610103,241.2110085158804,7436800
PYPL,2021-01-20,242.16275024414062,247.5064704822698,242.04378541875994,246.71335147603142,5803200
PYPL,2021-01-21,246.50514221191406,248.22028395857532,241.48859048719177,244.55205569221033,10336600
PYPL,2021-01-22,249.83628845214844,252.2057669319606,244.08608513682182,244.53221834064573,7800500
PYPL,2021-01-25,245.62278747558594,252.20577499898306,240.14026995830042,251.62084444353167,8499400
PYPL,2021-01-26,238.93075561523438,246.62412221726083,237.96908289900907,244.7800917140405,7883000
PYPL,2021-01-27,227.96571350097656,233.3788248976475,223.06812643785253,232.68483819650706,11787000
PYPL,2021-01-28,235.74830627441406,239.4809790289222,230.21622998614617,232.98226813028012,8295500
PYPL,2021-01-29,232.29818725585938,238.8018599849034,230.66236038065017,236.60091992836067,9805800
PYPL,2021-02-01,239.77345275878906,242.04378388615524,233.37882113511122,236.32332156684163,7788200
PYPL,2021-02-02,246.96121215820312,248.04184969436443,238.4647876494288,241.5183443214855,7082800
PYPL,2021-02-03,249.73715209960938,252.13142510841644,245.26588091496245,251.7794774142868,13545700
PYPL,2021-02-04,268.1080627441406,272.5793492654865,258.61033057474936,263.0617694538741,23840900
PYPL,2021-02-05,267.1265563964844,267.6817457449929,262.4371578845832,266.3036659386786,7978600
PYPL,2021-02-08,279.7472839355469,280.2717336787468,272.26605403468386,274.50269573689076,10065500
PYPL,2021-02-09,281.75982666015625,284.42673232184177,274.13585177683217,277.97261851349253,8697000
PYPL,2021-02-10,280.7485656738281,283.623659776373,276.0106071328837,282.6520935707586,9364500
PYPL,2021-02-11,282.58270263671875,299.5061451668553,279.1821602218941,284.86294250393297,21371100
PYPL,2021-02-12,295.80816650390625,296.76983921664015,286.8358826290837,290.12738410519887,11882200
PYPL,2021-02-16,302.1730651855469,306.4857219033652,295.61980326715644,303.7692271165367,13597700
PYPL,2021-02-17,294.648193359375,298.9112605956678,288.06519120700966,295.0744940318947,9879800
PYPL,2021-02-18,288.31304931640625,290.4545067889331,282.5826786720187,288.63030899875434,9715500
PYPL,2021-02-19,284.45648193359375,291.41619643445944,283.0089958941016,289.6118159231256,9413800
PYPL,2021-02-22,271.49871826171875,282.55297783466614,270.9435288660668,279.0037291799231,13132500
PYPL,2021-02-23,262.72467041015625,264.95535157401605,250.39147968819398,257.46026528389103,20440300
PYPL,2021-02-24,263.7854919433594,266.3591802876523,256.87533615639546,263.8201950589875,10840000
PYPL,2021-02-25,251.75965881347656,263.71610853172643,249.26129144424078,260.5039370419138,13403300
PYPL,2021-02-26,257.618896484375,259.6116177607873,250.94072512721343,255.23950928153138,11915200
PYPL,2021-03-01,271.28057861328125,272.1827688540882,263.4384913713898,266.5862182660903,10558500
PYPL,2021-03-02,266.87872314453125,275.11737063388,266.6011284492489,273.59058468205075,8484900
PYPL,2021-03-03,252.87002563476562,265.3618467627034,251.07556890528448,262.74449955727505,10841800
PYPL,2021-03-04,237.01731872558594,252.61225450458585,230.2757014533378,249.59834789921612,18878800
PYPL,2021-03-05,236.9974822998047,241.655142599929,221.1745107022869,241.03252877616123,16830200
PYPL,2021-03-08,224.1487579345703,239.2579107389408,223.7125334119161,236.94791460963106,13340300
PYPL,2021-03-09,239.6842041015625,242.341201054651,234.0133157362609,238.91090251790996,12071200
PYPL,2021-03-10,239.9915771484375,247.81383244620272,239.19844297937138,247.1694043154345,9508000
PYPL,2021-03-11,251.65057373046875,252.7312111721249,244.41324976183978,244.99818028958674,9234200
PYPL,2021-03-12,248.20046997070312,249.38818185809734,242.20537803776722,247.34785343201574,7609700
PYPL,2021-03-15,247.83364868164062,249.83630904548087,244.67103584113661,249.25930541512355,7052100
PYPL,2021-03-16,247.1693878173828,252.5924228593842,245.4245048641256,251.24409940030245,7370400
PYPL,2021-03-17,249.31085205078125,252.2761683323581,240.81442775479843,243.7291870109336,6340100
PYPL,2021-03-18,236.36300659179688,245.14693491065995,235.75824346914757,244.34389202093047,9318900
PYPL,2021-03-19,239.20834350585938,241.0622826496325,235.0939818904753,237.57251662932728,10555100
PYPL,2021-03-22,242.28668212890625,244.8296612198892,238.7820454660334,239.9519066145396,5790200
PYPL,2021-03-23,241.67697143554688,244.72060425213795,240.17001806680153,243.44168697314282,5093200
PYPL,2021-03-24,232.25852966308594,242.86665495986077,231.75289891174097,242.39078054192578,6097300
PYPL,2021-03-25,232.2288055419922,233.31935179364615,225.56650268967195,230.63262850179512,8846600
PYPL,2021-03-26,238.96047973632812,239.2380744048973,230.30544103693776,231.6131161508591,8217600
PYPL,2021-03-29,233.64651489257812,241.1118604418527,231.60420465371774,239.5057747448413,7510900
PYPL,2021-03-30,234.509033203125,236.31341373132116,230.63261641812534,234.84612542041762,6242000
PYPL,2021-03-31,240.75494384765625,243.12442242420062,235.2327763827938,236.06556041429948,7633400
PYPL,2021-04-01,245.4145965576172,250.4797390185681,243.92747566878808,245.91030352056023,6990100
PYPL,2021-04-05,248.86471557617188,249.59835216318663,243.5903864905592,248.35908481725605,5744400
PYPL,2021-04-06,251.01609802246094,252.81055483437052,247.35777816147234,249.4893120824948,5580400
PYPL,2021-04-07,253.4053955078125,256.9943089370076,248.91429181099673,250.90206636706992,7243200
PYPL,2021-04-08,262.2289733886719,262.7246803326958,255.95333678977096,257.92624074521,9059100
PYPL,2021-04-09,264.4794616699219,264.6480153367346,259.13575675540073,260.72202496529565,6689700
PYPL,2021-04-12,266.7200927734375,268.0089188014576,260.3353845385683,263.11136174164983,6681200
PYPL,2021-04-13,273.06512451171875,274.4927629549388,268.67316817520543,268.937873993451,7284400
PYPL,2021-04-14,264.9156799316406,275.47423112574626,263.91437254131364,273.4715860895434,8507200
PYPL,2021-04-15,271.64739990234375,273.74919246216,267.84037427890394,269.0300527674819,7542800
PYPL,2021-04-16,267.5528869628906,271.79613760326384,266.2838782738693,270.8146474410949,6061600
PYPL,2021-04-19,265.60968017578125,266.1946106989791,261.6341010753729,264.836378606319,5258200
PYPL,2021-04-20,262.1595764160156,270.23959383792413,259.98837750404863,267.30501709719204,6208400
PYPL,2021-04-21,262.6156311035156,263.71608596212224,257.0438598125112,259.1654999891561,4669100
PYPL,2021-04-22,260.0180969238281,265.85753896406993,257.1727440439267,262.85355623910317,5983200
PYPL,2021-04-23,263.7458190917969,265.4907171084654,258.72926754942375,258.72926754942375,6297500
PYPL,2021-04-26,269.3869934082031,269.4167346157859,263.6368047348156,264.37044135889244,5327800
PYPL,2021-04-27,266.5118713378906,271.46894045619575,265.72864594564476,269.7141186247645,4296200
PYPL,2021-04-28,268.76239013671875,272.88667558549815,264.8760645973745,266.4504121990855,5530300
PYPL,2021-04-29,265.5502014160156,271.51850180307986,261.267286392965,270.9137538871674,5663700
PYPL,2021-04-30,260.0379638671875,263.86480705098177,259.353885846366,262.72468710146313,6594500
PYPL,2021-05-03,256.86541748046875,263.51779611631247,253.98039947088648,262.7841595299106,7522000
PYPL,2021-05-04,248.01210021972656,254.595072659815,244.53222781398333,253.534267673083,9217300
PYPL,2021-05-05,245.27578735351562,252.73122395147047,244.13070553470632,252.73122395147047,9507300
PYPL,2021-05-06,249.8561248779297,254.1082852419188,243.00545148439858,253.80194779934567,17998700
PYPL,2021-05-07,251.1846160888672,256.41929518543117,249.47938304002798,253.72263314915583,10170000
PYPL,2021-05-10,241.53817749023438,250.24279047309716,241.35971511869354,249.85117774002282,8909200
PYPL,2021-05-11,246.4654998779297,248.40370072651476,231.60420017423132,232.98226488054138,9258200
PYPL,2021-05-12,237.85009765625,244.38351122215195,236.76946020280982,238.52326849983476,8649800
PYPL,2021-05-13,238.7324676513672,243.57055714593324,235.75822598244096,239.84284636687818,7274000
PYPL,2021-05-14,244.17532348632812,244.99819884105912,240.1898504887125,241.9238263855776,6729700
PYPL,2021-05-17,242.26190185546875,244.12576483332973,238.53419102752238,243.0451121823371,5185100
PYPL,2021-05-18,241.1217803955078,245.3104950310603,240.57153781657203,241.40928376923765,4726800
PYPL,2021-05-19,242.52957153320312,243.23346688518507,233.09130757903176,233.83486795600612,7210500
PYPL,2021-05-20,249.38023376464844,250.7582984143081,243.24339472591433,244.86931283866224,8112900
PYPL,2021-05-21,248.53753662109375,253.01873138934872,248.25994195762237,251.6218175572174,6842200
PYPL,2021-05-24,254.96192932128906,255.3882300425511,250.26260679984543,251.94802255418347,6370100
PYPL,2021-05-25,256.4291687011719,258.1344016166864,255.0709366605183,256.2804626849594,6048100
PYPL,2021-05-26,259.1258239746094,260.06767920103863,256.93480791510643,257.54947963949246,5405300
PYPL,2021-05-27,257.2421569824219,258.4021245179089,254.07954432991514,257.62879265721745,7051200
PYPL,2021-05-28,257.78741455078125,260.89054469601456,257.63870852660295,258.8284172311276,4281800
PYPL,2021-06-01,257.04388427734375,261.1582763799337,254.31749591110125,258.8383411088628,5869600
PYPL,2021-06-02,259.9189758300781,262.5065513908378,257.35118739827334,258.2434840452721,6801800
PYPL,2021-06-03,255.57659912109375,258.7392118994727,253.9506657937228,256.1813470806675,4947100
PYPL,2021-06-04,260.7815246582031,261.1979015593704,256.9249100064095,257.28579822593593,4086100
PYPL,2021-06-07,258.36248779296875,260.682392862517,257.95600443277755,260.22635090582463,3979800
PYPL,2021-06-08,260.8905334472656,262.2785067056667,258.3277372651869,259.3280764443153,4427000
PYPL,2021-06-09,261.33673095703125,265.8962428789989,260.9996538347841,262.72470447674107,4653000
PYPL,2021-06-10,267.15631103515625,267.3347582799599,259.44311192460793,260.81126797920615,6055700
PYPL,2021-06-11,269.1192932128906,269.5654112780171,266.0954629122505,266.4424637999369,4494600
PYPL,2021-06-14,272.5694274902344,272.6090925194221,268.2766184388965,269.56544445975067,5174200
PYPL,2021-06-15,269.5555419921875,272.3711538604858,268.35590937940634,272.3711538604858,5371100
PYPL,2021-06-16,266.5118713378906,272.7974313492357,263.0319991350648,269.11929453500693,6874600
PYPL,2021-06-17,275.72210693359375,276.9732950035839,266.15496878977075,266.19463381757356,8071100
PYPL,2021-06-18,280.9468688964844,283.92111052315806,272.50000331317887,272.9362278388684,14713400
PYPL,2021-06-21,280.6692810058594,281.86392144234117,274.34901739640503,280.8467298132537,7287800
PYPL,2021-06-22,284.2879333496094,284.991828740926,277.8140018492021,279.2813053004242,6049400
PYPL,2021-06-23,285.6461486816406,286.072449368437,282.33483011056677,283.48487378734586,4966700
PYPL,2021-06-24,290.6924743652344,293.4684515647888,287.15314957552016,287.6884913218653,7160300
PYPL,2021-06-25,287.11346435546875,290.355376835899,285.32890122648985,290.0877059815498,6616900
PYPL,2021-06-28,291.128662109375,291.73344027228893,287.29189546795027,288.3527155163813,5058600
PYPL,2021-06-29,290.246337890625,292.6455425429034,289.0268879232856,290.454526334373,4333200
PYPL,2021-06-30,288.9773254394531,290.18685156990256,287.0242389072245,289.026884030685,4236000
PYPL,2021-07-01,286.51861572265625,289.393709967725,283.30644438387407,287.83718289087517,5647400
PYPL,2021-07-02,287.7479553222656,289.9191541434775,286.4393119927336,288.4419571416263,4169400
PYPL,2021-07-06,290.12738037109375,291.9971734458787,287.03414356548234,287.54473625043494,5043500
PYPL,2021-07-07,294.57879638671875,296.7390728434145,289.4036149797168,292.3679326520354,6713900
PYPL,2021-07-08,292.51666259765625,293.3246673562817,286.97466246091926,289.59200971094435,5912000
PYPL,2021-07-09,297.6323547363281,298.2470265057757,292.467096853287,293.86499406552304,5543300
PYPL,2021-07-12,300.3686828613281,300.89413103974215,295.99654375163294,299.7738284457239,5456000
PYPL,2021-07-13,298.60394287109375,305.1770216028407,296.1848906325961,299.5953567309518,7235000
PYPL,2021-07-14,298.167724609375,302.19286254442244,296.7599035863914,300.4083296614494,4848200
PYPL,2021-07-15,293.9641418457031,298.59402776322514,291.6144957701685,298.27676805748143,4943500
PYPL,2021-07-16,292.10028076171875,296.18490116874773,291.91190970120084,294.6779629401553,4268900
PYPL,2021-07-19,292.31842041015625,292.5355342644599,286.3302714511376,289.8398854401796,5681500
PYPL,2021-07-20,295.5107421875,297.453904918869,289.0665519737244,292.9776869878788,5424100
PYPL,2021-07-21,299.178955078125,299.2384374903622,293.6568027717715,293.9442910124009,5497100
PYPL,2021-07-22,301.0824890136719,301.9549380845381,299.27810845852133,299.427812925252,3601500
PYPL,2021-07-23,305.88092041015625,306.8178137795856,301.5881116611579,303.13471487947766,4231100
PYPL,2021-07-26,304.165771484375,307.49693791103914,302.6092746603703,307.0012309625603,3805900
PYPL,2021-07-27,297.9000549316406,303.70972577263547,292.3580549474851,302.8769417402514,6938400
PYPL,2021-07-28,299.3871765136719,299.8332946095293,294.23181219861397,298.157802719913,9185000
PYPL,2021-07-29,280.7386779785156,286.51860750960645,279.1821509462836,282.9197703321791,18237000
PYPL,2021-07-30,273.1642761230469,278.0916045148693,271.8556024875268,277.838789124422,11693300
PYPL,2021-08-02,268.66326904296875,274.5076739118275,268.10807962575905,274.5076739118275,10082800
PYPL,2021-08-03,271.1517028808594,272.18278181309415,267.25545349750513,269.7240644379347,8323000
PYPL,2021-08-04,273.1345520019531,273.72244766484033,268.34603578202126,271.717835702499,6616900
PYPL,2021-08-05,278.2601623535156,278.5476506105695,273.4517987193033,274.72080734544625,7354200
PYPL,2021-08-06,277.13983154296875,279.9455193798872,274.49274329455847,277.59587343491523,6086300
PYPL,2021-08-09,275.76177978515625,278.68646299367583,275.0777017500185,277.8140138905696,3823000
PYPL,2021-08-10,272.01422119140625,278.0816692911372,270.1602820782163,276.5449898806189,6264100
PYPL,2021-08-11,274.0367126464844,275.84602481388737,270.7848763487585,275.0598343376417,5785900
PYPL,2021-08-12,272.2323303222656,274.428308408726,270.71546831478855,271.8952532378874,4509100
PYPL,2021-08-13,272.5495910644531,274.43327136932936,272.25214874965144,273.7987822244096,4097200
PYPL,2021-08-16,275.8906555175781,276.792845786243,271.2111807564174,271.37973442980456,5283700
PYPL,2021-08-17,268.7723083496094,273.17915029820387,266.7696329527005,272.88666989178137,7966100
PYPL,2021-08-18,266.53167724609375,270.4279261439859,266.17478280760633,268.6830584632459,4830900
PYPL,2021-08-19,268.2567443847656,269.6744891747811,264.3139016961628,264.8958671891513,5119900
PYPL,2021-08-20,270.6163330078125,271.5829676233366,267.2257143711315,267.2257143711315,4179500
PYPL,2021-08-23,274.6018371582031,275.9005869668323,270.6758162695263,273.3823871503571,5507500
PYPL,2021-08-24,277.110107421875,277.1794834002934,274.1348673042435,276.53507041977304,3542600
PYPL,2021-08-25,275.30572509765625,277.427335086003,274.39361100786135,277.41347804373925,4392600
PYPL,2021-08-26,271.2706604003906,276.287212201571,271.1715129615014,275.5040170221121,3626400
PYPL,2021-08-27,275.9402160644531,276.4954356807229,271.32025393894696,271.6771484184586,3917000
PYPL,2021-08-30,285.9931640625,287.9125459389878,276.6837731777083,277.209221325519,14631000
PYPL,2021-08-31,286.1815185546875,290.13725003741973,281.8986035663698,288.4320170470089,8911800
PYPL,2021-09-01,284.2879333496094,288.402294947674,283.90126740931163,287.6091759368004,5568300
PYPL,2021-09-02,283.07843017578125,286.4194904200706,282.80083547388176,286.4194904200706,4645500
PYPL,2021-09-03,286.64752197265625,287.886789417801,281.9581230682294,282.5827187014708,5285700
PYPL,2021-09-07,290.7420349121094,291.15841178539915,285.5668534123752,287.91649939258764,6787500
PYPL,2021-09-08,282.7809753417969,294.15249309038853,280.89726487555293,294.00375681264916,11039300
PYPL,2021-09-09,284.41680908203125,286.8854198776691,282.63224600526996,284.98192223578314,4170000
PYPL,2021-09-10,281.8787841796875,286.51859358963435,281.6705654937761,286.12203411328437,3816600
PYPL,2021-09-13,278.0816650390625,284.72415003026117,275.41475932438675,284.2581843039466,4836500
PYPL,2021-09-14,279.816650390625,280.73868831492945,277.30837442545317,279.42405435762174,4216700
PYPL,2021-09-15,280.0050048828125,283.2965061083782,277.10016957932356,281.7697203160653,4056800
PYPL,2021-09-16,280.5404052734375,281.2542245241781,277.982570607356,278.6269836206025,3606700
PYPL,2021-09-17,273.9673156738281,280.0744289770559,273.55093877562587,279.7571692652009,8117200
PYPL,2021-09-20,267.5925598144531,270.6560254832119,263.39886764848285,269.21846306248955,7728300
PYPL,2021-09-21,267.1761169433594,269.9610193491815,265.50062506506356,269.4167219948072,4326100
PYPL,2021-09-22,270.00164794921875,271.1219504558381,264.2117946171671,268.13778504499015,5574100
PYPL,2021-09-23,276.70361328125,277.5463211100225,271.42928430560653,272.09354490161775,5409600
PYPL,2021-09-24,275.72210693359375,275.94021920318215,272.3314883174619,273.65005550027956,3985800
PYPL,2021-09-27,271.0426330566406,274.4035101026802,269.84896091871315,272.4206825044946,4614900
PYPL,2021-09-28,259.93878173828125,269.10935921526357,259.4331510280454,267.5776116107213,8352400
PYPL,2021-09-29,256.7762145996094,262.18932632772203,254.68434567515052,261.24750122286986,6829100
PYPL,2021-09-30,257.9757995605469,261.20781852015506,256.50852636851926,257.42061020320386,5321700
PYPL,2021-10-01,262.377685546875,263.5376531354168,257.8766579184914,259.21011083927186,4560400
PYPL,2021-10-04,252.82044982910156,260.31555152070706,249.42981615154866,259.58984188054,7267200
PYPL,2021-10-05,257.91632080078125,260.5138203856165,251.41264801788725,253.0286575205805,6326600
PYPL,2021-10-06,261.7927551269531,262.11993866095287,253.83170262549754,254.08947992433954,4615300
PYPL,2021-10-07,261.2772216796875,266.3859621403137,260.8112559471621,263.6665327545048,5276400
PYPL,2021-10-08,257.82708740234375,263.1906400445505,257.56931011557685,262.6800473812315,4095900
PYPL,2021-10-11,252.860107421875,258.42193976846164,252.50319782800622,255.7153690450504,5031700
PYPL,2021-10-12,253.65325927734375,255.75505196172264,251.6010251870947,253.8019653152853,4289300
PYPL,2021-10-13,254.15884399414062,258.99694849785436,252.06201335073703,256.50852026964225,6024100
PYPL,2021-10-14,264.1622314453125,265.1139802661939,257.9658949060206,259.2547208039735,7850600
PYPL,2021-10-15,266.0459289550781,267.4051596048821,263.1609108446261,266.39389805253825,5007900
PYPL,2021-10-18,268.0089111328125,268.11798239667627,262.43716975470056,264.1027681311121,4367100
PYPL,2021-10-19,269.3671875,270.92368443722785,267.51817987389825,268.68310944089376,3985900
PYPL,2021-10-20,256.14166259765625,271.1616063266846,250.92684642559863,270.65597559160585,31271700
PYPL,2021-10-21,241.1217803955078,256.73653413576307,240.8937443073414,256.38953322091885,42508900
PYPL,2021-10-22,238.3358917236328,244.54215232084118,237.69147874997762,241.6373017735328,24170900
PYPL,2021-10-25,244.76025390625,253.3260688873539,243.70935765523706,252.7659176467466,23046700
PYPL,2021-10-26,240.91357421875,247.73450659307434,238.94065514025988,247.3081907557914,14404300
PYPL,2021-10-27,232.9227752685547,242.58906042761265,231.91152889306085,241.75627641380598,19043900
PYPL,2021-10-28,234.7965545654297,235.89702459397782,230.7813252651717,234.96509311224466,14288300
PYPL,2021-10-29,230.59295654296875,236.84877586333738,229.72052259341956,233.40856840262086,13010800
PYPL,2021-11-01,229.29420471191406,231.54471849215355,228.21356719567976,230.70201062924025,14054900
PYPL,2021-11-02,227.48983764648438,230.7624898114332,225.84408695993125,230.5433791124348,12676700
PYPL,2021-11-03,228.4019317626953,228.91745608208427,223.37545619033992,226.36953030763382,14178000
PYPL,2021-11-04,226.26048278808594,229.928711213929,223.06812880124167,229.6213753235803,14158900
PYPL,2021-11-05,223.8414306640625,228.4415905864414,222.6715695153866,228.0251985609241,16665600
PYPL,2021-11-08,227.45016479492188,228.98685929570087,224.30738468995798,226.0027090382003,23213900
PYPL,2021-11-09,203.65625,210.57631507427536,198.95694247238885,210.57631507427536,63995100
PYPL,2021-11-10,202.8829345703125,206.41236554130958,201.03890415956093,202.3475777345734,23585900
PYPL,2021-11-11,200.29534912109375,206.52142720642516,199.82938337760578,206.1347763903155,17712100
PYPL,2021-11-12,206.51150512695312,208.216738135612,199.75401897899744,201.50486222808058,20954600
PYPL,2021-11-15,210.715087890625,212.3697638591282,208.90081390175507,210.39784333279465,17433100
PYPL,2021-11-16,213.81822204589844,214.1156492248283,209.95171410313435,213.04492045734563,16697500
PYPL,2021-11-17,204.4989471435547,212.1328310641861,201.60402040267158,209.33208985299095,23095600
PYPL,2021-11-18,198.7784881591797,205.71838550139543,197.48964705578447,205.21276985531895,19980100
PYPL,2021-11-19,191.94764709472656,200.76131612079513,191.4122902412924,200.45398023014076,24607500
PYPL,2021-11-22,187.8531036376953,192.23515130938327,182.69279241513496,191.95755662449992,29956600
PYPL,2021-11-23,186.43539428710938,189.1518587986677,183.60985850935478,187.53090245411863,20004500
PYPL,2021-11-24,187.08973693847656,188.0117446692613,183.15382226727965,185.39441239352263,13359100
PYPL,2021-11-26,186.1776123046875,191.3428854542596,185.225863418542,186.76255801121687,11080400
PYPL,2021-11-29,185.63232421875,188.2694734134572,180.863611162686,187.29789213119665,16308200
PYPL,2021-11-30,183.30250549316406,187.20371655909963,178.95019931169153,184.86894118612847,21144300
PYPL,2021-12-01,177.7803497314453,188.7156439564527,177.61179605418045,186.15779425146485,19491300
PYPL,2021-12-02,185.54310607910156,187.17894809733707,178.18681672688896,178.55859694088218,20422700
PYPL,2021-12-03,182.3507537841797,186.1875359149542,177.75059383227895,186.11812967970138,20737500
PYPL,2021-12-06,183.27276611328125,184.47238353583828,177.6613600549606,181.8352190469459,13303400
PYPL,2021-12-07,189.37989807128906,191.17237317211786,186.81212442867601,187.05006922406577,17772700
PYPL,2021-12-08,195.65553283691406,195.99260992125778,188.45785847581226,190.3018888748001,14433200
PYPL,2021-12-09,190.10360717773438,194.73350807697776,189.79627130234996,194.3765984831628,11550700
PYPL,2021-12-10,186.8914337158203,192.48300765249837,185.19612437417285,191.2834052737755,11908100
PYPL,2021-12-13,184.7797393798828,188.56693285445712,183.70901048384292,185.8901181782457,11812200
PYPL,2021-12-14,185.19610595703125,187.51899085371448,181.2106181356841,182.1623820660709,11414200
PYPL,2021-12-15,189.02297973632812,189.45920427723007,182.09299105851005,183.5305382026455,11278500
PYPL,2021-12-16,187.12937927246094,193.56366112364321,186.63467074071878,192.49887747997602,12326100
PYPL,2021-12-17,184.6012725830078,186.22719083932557,180.42742836760195,185.3993686710674,18899800
PYPL,2021-12-20,181.11146545410156,182.82265874076086,180.11014296358508,180.9627594354317,10906800
PYPL,2021-12-21,187.5160369873047,187.66474303114416,181.5080707717648,181.60720309173226,12515500
PYPL,2021-12-22,190.03419494628906,190.1234336877564,186.42446591866246,187.53584299624157,9541600
PYPL,2021-12-23,190.3613739013672,191.2992505859164,188.6164909162879,190.8174309429838,7762000
PYPL,2021-12-27,190.3613739013672,192.25497804530585,189.4393662530954,190.7381160171472,8351800
PYPL,2021-12-28,188.46778869628906,192.33429686041396,187.48628348796095,190.53984011942842,7969400
PYPL,2021-12-29,188.33888244628906,189.62772342313562,186.21725750081214,188.39836485436635,7038700
PYPL,2021-12-30,190.23248291015625,192.28470158948923,187.2879827429522,187.9819693705582,9634800
PYPL,2021-12-31,186.96083068847656,190.57948528741935,186.7823683242226,189.80618367379446,7360400
PYPL,2022-01-03,193.26622009277344,194.31711636286332,188.3190594903934,189.7665303807459,12788200
PYPL,2022-01-04,189.4988555908203,194.41627527797095,186.5741875596736,194.317127835108,14198000
PYPL,2022-01-05,185.5530242919922,192.58214502811822,185.5431004714759,188.2348006365456,13227600
PYPL,2022-01-06,190.61915588378906,193.32571161055972,183.48097878833892,183.9271120203466,14206300
PYPL,2022-01-07,185.98924255371094,191.46679797209399,184.70040153533412,188.3884622327079,12627300
PYPL,2022-01-10,181.37916564941406,184.15512752869915,175.87681561021552,184.15512752869915,14701600
PYPL,2022-01-11,189.8756103515625,191.194192764922,181.05201682193854,181.4188502827138,12867700
PYPL,2022-01-12,185.59266662597656,189.80617541881315,183.689153880781,188.0712012099981,13588800
PYPL,2022-01-13,179.45582580566406,189.2014263238525,178.80150412435194,186.16770218979636,12779900
PYPL,2022-01-14,176.8880615234375,180.43732500648042,173.89398738920127,177.6117894154337,14374400
PYPL,2022-01-18,172.9620819091797,178.1372487368993,172.50602484245513,175.44061674887013,12721300
PYPL,2022-01-19,172.0598907470703,175.75786047384705,171.11805053819486,172.85302491740921,13715700
PYPL,2022-01-20,171.7921905517578,178.33552800654425,171.55424578198884,173.50733227482334,13992500
PYPL,2022-01-21,162.1358184814453,171.4749504975491,161.89788883319184,170.32490677174,20051000
PYPL,2022-01-24,160.777587890625,161.05320082959082,150.77422542316492,154.76962216888427,23632200
PYPL,2022-01-25,156.8416748046875,159.5284131102131,153.93683936031422,158.4279430841693,13268100
PYPL,2022-01-26,155.63214111328125,163.91045276806443,154.15494416637765,160.69826646507136,15966500
PYPL,2022-01-27,156.75245666503906,161.1543369231031,155.19592953770135,158.0631120491837,12657000
PYPL,2022-01-28,162.11599731445312,162.2349621358049,155.4437711985102,157.01020689999967,9861700
PYPL,2022-01-31,170.4636993408203,170.68181159746825,161.81856938135044,163.0280954853892,14260000
PYPL,2022-02-01,174.2905731201172,174.68713264373838,169.06581743725033,171.286590101747,23286900
PYPL,2022-02-02,131.43174743652344,138.6987979807918,127.90230125990271,138.6888892878323,136264000
PYPL,2022-02-03,123.23274993896484,130.32135322358178,122.78660914873329,128.83423238391873,52101200
PYPL,2022-02-04,124.99746704101562,125.61213882163696,120.35764965996873,123.32197512000519,33103500
PYPL,2022-02-07,120.36756134033203,128.308780976735,119.4653710898176,125.49316922237958,30384500
PYPL,2022-02-08,119.2274398803711,122.27108030566208,117.53212298848796,119.98090901194942,30862700
PYPL,2022-02-09,121.88442993164062,122.90756679922336,118.78129951640676,121.16069444082314,29475600
PYPL,2022-02-10,117.99807739257812,124.2043304372984,117.4627205503186,120.49644462126513,30012600
PYPL,2022-02-11,114.30010986328125,119.85202621112857,113.74492049766287,118.62267508845022,24624900
PYPL,2022-02-14,113.1401596069336,115.62860310747014,112.02977329026055,112.64445264547227,22787000
PYPL,2022-02-15,114.46864318847656,115.40057463585953,113.03109611928525,114.4240313801795,19007600
PYPL,2022-02-16,109.59089660644531,113.80440580420006,109.43226674715771,113.71517461737878,28938700
PYPL,2022-02-17,104.29674530029297,110.45343263240356,104.08854927689084,109.04561906424105,33972200
PYPL,2022-02-18,102.76004791259766,105.82450397295014,102.14536859752978,105.08986896653099,28157400
PYPL,2022-02-22,102.28417205810547,104.17777627128856,100.83670864615178,101.27293319031708,28422200
PYPL,2022-02-23,99.85520935058594,104.64374030926649,99.73128261292166,104.11828458790423,25263600
PYPL,2022-02-24,104.1182861328125,104.35623091865774,93.68861506434241,93.92655228629975,35400600
PYPL,2022-02-25,109.98745727539062,110.14607956153804,103.63249073125598,105.23858392536614,33806900
PYPL,2022-02-28,110.96895599365234,112.56017860063551,107.99471435089981,109.36286278356643,25719300
PYPL,2022-03-01,105.59548950195312,111.7819097038146,104.65463269122557,111.76208475525914,19597700
PYPL,2022-03-02,105.69463348388672,106.30931280743818,102.79970679339453,104.70321961202878,17023500
PYPL,2022-03-03,100.46987915039062,106.82484576335958,99.99400472290634,106.73562214466413,20330800
PYPL,2022-03-04,99.05216979980469,101.51087212092322,97.7732449169786,99.3793306495464,20151600
PYPL,2022-03-07,92.8062515258789,99.46855383841432,92.6971953967717,98.71507719109754,26529900
PYPL,2022-03-08,94.0851821899414,97.75341065548746,91.45793379840214,92.24115170011461,25130900
PYPL,2022-03-09,99.35950469970703,99.86512791896902,96.45466159906539,97.27753697153554,20811300
PYPL,2022-03-10,97.70384216308594,98.46722753244767,95.57230078074278,98.19954910949654,14703200
PYPL,2022-03-11,95.74083709716797,98.96293217378702,94.69984950839756,98.89353350546149,15141700
PYPL,2022-03-14,96.03826904296875,99.7758961889603,93.81749641872302,95.22034802157648,20988900
PYPL,2022-03-15,99.59744262695312,99.70649876450302,95.22531112330776,97.82777269287153,18032900
PYPL,2022-03-16,106.99339294433594,107.01322545934977,101.0151679647804,101.50095868818373,24840500
PYPL,2022-03-17,111.19698333740234,111.21680828670029,105.55583599424675,105.64505961191887,21950800
PYPL,2022-03-18,117.7502212524414,118.35498431435242,109.28355351346234,110.57238699781837,31997800
PYPL,2022-03-21,113.66560363769531,116.49113170237975,111.53406226823593,116.21353702428974,19888900
PYPL,2022-03-22,116.85796356201172,118.32525195405944,113.66560947233243,113.66560947233243,16746100
PYPL,2022-03-23,113.66560363769531,116.35233436333475,113.11040671762758,114.53804513510507,14430600
PYPL,2022-03-24,115.05358123779297,115.19237857279153,112.34701807754625,114.82555272235966,13546700
PYPL,2022-03-25,112.78324127197266,115.19237722101572,111.127574400112,115.04366363129456,12371500
PYPL,2022-03-28,115.17255401611328,116.09456927023328,111.39526937692233,113.02118761112929,13868000
PYPL,2022-03-29,120.13953399658203,120.50635985431329,115.96568247932817,117.6312580963412,15918400
PYPL,2022-03-30,117.47262573242188,121.75553328971397,117.01657626612312,121.27469696422656,16513300
PYPL,2022-03-31,114.65702056884766,117.86919952957268,114.59753059061475,117.09094354096979,13928300
PYPL,2022-04-01,115.66825866699219,117.22477819778929,114.05225672224354,115.00401316490726,11037800
PYPL,2022-04-04,120.8136978149414,121.26974729884324,115.8764532911558,116.0549080947598,15266400
PYPL,2022-04-05,116.63984680175781,121.8626129859864,116.19668618038801,121.77537110428713,12778700
PYPL,2022-04-06,111.52415466308594,114.52813776299229,109.9081526251915,114.27037557841977,16288900
PYPL,2022-04-07,112.06942749023438,113.35826101415702,109.15466822130524,110.56247413551259,12471300
PYPL,2022-04-08,110.25513458251953,112.26770351028043,109.30337818355373,111.29612216220362,10521800
PYPL,2022-04-11,108.86715698242188,110.43854709245448,107.50892479223883,108.80767456938837,10706600
PYPL,2022-04-12,107.32054901123047,111.77199506941982,106.82484208739106,110.68144134975061,12493600
PYPL,2022-04-13,104.26699829101562,105.04029992459839,101.41172897535132,101.70914860771279,26481900
PYPL,2022-04-14,101.43154907226562,104.79244143519574,101.18369560854579,104.17776968605848,16125800
PYPL,2022-04-18,99.71641540527344,102.11563531282412,98.2838225716442,101.17379510005719,15342400
PYPL,2022-04-19,102.76996612548828,103.95965975239115,99.05216408655733,99.14138770482562,12768100
PYPL,2022-04-20,94.0851821899414,101.07464576303126,93.61921643895784,101.07464576303126,26487000
PYPL,2022-04-21,88.63240051269531,96.77190738790718,88.04746240262872,95.30957345857193,27204100
PYPL,2022-04-22,85.29132843017578,89.47509589731365,85.2417622782602,88.52829389824741,21053000
PYPL,2022-04-25,87.02631378173828,87.17502738438596,83.69516236353785,84.59239076219848,15683400
PYPL,2022-04-26,82.98133850097656,86.11916433016604,82.8524574199325,86.02497880160448,17205300
PYPL,2022-04-27,81.90070343017578,85.86140471008297,81.4149127338254,82.852459872855,24669800
PYPL,2022-04-28,91.29930114746094,92.3799462166165,83.64559229983286,84.329662737852,42836600
PYPL,2022-04-29,87.1750259399414,93.69853132281686,86.99657113249872,90.2186663596283,24872400
PYPL,2022-05-02,90.74411010742188,91.69586651282145,86.07455169785794,86.79828714944578,21340500
PYPL,2022-05-03,89.93115997314453,91.45793838887472,89.26691443107342,90.69455296295376,15227600
PYPL,2022-05-04,91.92389678955078,92.05277787182852,86.37198053653624,89.47510327905975,15850600
PYPL,2022-05-05,84.69649505615234,89.95099207906294,83.44731134643955,89.95099207906294,22066500
PYPL,2022-05-06,80.97868347167969,84.63700299415682,80.20538187984589,84.58742927616238,21369300
PYPL,2022-05-09,78.8471450805664,81.43473592607674,78.17298333606779,79.20405468435318,25513700
PYPL,2022-05-10,78.07384490966797,81.56361852228154,75.4763377591975,81.00842915670134,21126300
PYPL,2022-05-11,74.52458190917969,79.69976373722743,74.37586830968299,77.08243161608179,16770200
PYPL,2022-05-12,73.65213775634766,75.9026439267767,71.21425139830905,73.11677335563648,29361000
PYPL,2022-05-13,78.15315246582031,78.51006204256866,75.71427540063127,75.71427540063127,17111400
PYPL,2022-05-16,76.98329162597656,78.38118130588572,75.53384648639097,77.91521555795337,15432300
PYPL,2022-05-17,79.06525421142578,80.58707809556556,76.64620200695826,79.20405154474237,12677400
PYPL,2022-05-18,76.51732635498047,79.25164914295243,76.11084301867169,77.92513230065337,15955300
PYPL,2022-05-19,80.58212280273438,81.6032779376568,76.1703338516944,76.1703338516944,19779300
PYPL,2022-05-20,79.84847259521484,83.05073510330156,76.89405598638804,82.99125269259018,16887400
PYPL,2022-05-23,80.48297119140625,81.3554125972834,78.59928349128202,79.74932711001212,12309200
PYPL,2022-05-24,77.97470092773438,79.31310811438718,76.53714630482867,79.2040519856189,13309600
PYPL,2022-05-25,79.43209075927734,80.08642005251498,76.58672991515775,77.29063293292495,14075400
PYPL,2022-05-26,79.72950744628906,80.60195655664062,79.06625278944175,79.67994128749335,21681900
PYPL,2022-05-27,84.47837829589844,84.68657430916545,80.04675691151917,80.46315650194106,16874100
PYPL,2022-05-31,84.47837829589844,85.84851607011147,82.42615180639457,83.9777169947483,15500000
PYPL,2022-06-01,81.77182006835938,86.02497895306537,81.14722448369879,84.73614544869277,11019100
PYPL,2022-06-02,87.56167602539062,87.84918696628978,81.51405270120634,81.51405270120634,17299800
PYPL,2022-06-03,85.78704071044922,87.34356017924995,84.96416538541834,85.93575430329261,11808300
PYPL,2022-06-06,86.06463623046875,88.22591878459653,85.65816047417442,87.2047637016445,12472000
PYPL,2022-06-07,87.82935333251953,88.05738185649346,83.7942990821891,84.36932095665578,10423800
PYPL,2022-06-08,86.75863647460938,88.55309329523094,86.14395710549873,87.56167934989074,9129600
PYPL,2022-06-09,83.3878173828125,87.37329762914464,83.3481599221665,86.06463168337572,11771500
PYPL,2022-06-10,78.61912536621094,80.76057545891383,77.57813774472028,79.73942035121816,19125000
PYPL,2022-06-13,73.08702850341797,77.45915954527793,72.8292587906268,75.37719202230237,19674400
PYPL,2022-06-14,71.83784484863281,74.43535179301648,70.8414766775516,73.6620502197729,19289300
PYPL,2022-06-15,75.17892456054688,76.43801699778504,71.76845801978693,72.83918694266112,17165600
PYPL,2022-06-16,70.61841583251953,73.42907334756813,70.10287636576814,72.70038352175318,14404300
PYPL,2022-06-17,72.2740707397461,73.02754737906797,69.86493479629165,70.71755130723518,17231100
PYPL,2022-06-21,71.74862670898438,74.35604254454688,71.65939552470927,73.87025185114442,14934800
PYPL,2022-06-22,72.34347534179688,73.93469045617964,70.7661323979697,71.25292153670777,13575700
PYPL,2022-06-23,73.17625427246094,73.36462532549741,70.94557309702351,72.64088988268946,16986800
PYPL,2022-06-24,77.01303100585938,77.98461994273976,73.75127841160854,74.14784547898599,29843800
PYPL,2022-06-27,75.2879638671875,77.77640697572322,74.67328460880532,77.32035755068615,11657200
PYPL,2022-06-28,71.2033462524414,76.25955564791342,70.9971319789638,75.03020452536485,14995000
PYPL,2022-06-29,70.8563461303711,71.53050782296017,69.17093811695484,70.60055816059375,11344500
PYPL,2022-06-30,69.24034118652344,70.281328777629,66.99975128190897,70.2119301091478,14264700
PYPL,2022-07-01,70.78695678710938,71.08437643060145,69.06189865041348,69.24034589817587,9727300
PYPL,2022-07-05,73.76119232177734,73.84546159178242,68.16961878491577,69.57742464362552,12823700
PYPL,2022-07-06,72.61116027832031,74.75261817954683,72.00639712457887,74.18751249403795,9436600
PYPL,2022-07-07,74.39570617675781,74.50476231997656,72.14519220003098,72.55167556364421,10739800
PYPL,2022-07-08,72.79952239990234,74.11810469173643,71.21326168531021,72.49218651379354,11734500
PYPL,2022-07-11,69.86494445800781,72.65081532444131,69.468377352792,72.0361434970508,10854700
PYPL,2022-07-12,70.81669616699219,71.88742500925503,69.855023460361,69.855023460361,12294900
PYPL,2022-07-13,70.74729919433594,71.45120218238615,67.92177098487012,68.62567397292034,12037000
PYPL,2022-07-14,68.95284271240234,70.24167629905727,68.12005106764995,69.91450788276569,9822500
PYPL,2022-07-15,73.27540588378906,73.36462950522383,69.646827334351,69.92442201955411,14155300
PYPL,2022-07-18,73.4935073852539,75.90264338945592,72.97797550148945,74.47302325912766,14053100
PYPL,2022-07-19,77.072509765625,77.23113961061253,73.6818762498335,74.812087421764,11531800
PYPL,2022-07-20,79.5510482788086,79.62044694843365,76.19015580260351,76.21989700903029,13929300
PYPL,2022-07-21,82.03949737548828,83.40764578696822,79.0355145730489,79.10491324108294,17900400
PYPL,2022-07-22,80.35409545898438,83.78438646766169,79.66010122659394,81.94035610405375,12379700
PYPL,2022-07-25,80.94894409179688,81.57353210761893,78.36135328299646,80.15580996932556,11219000
PYPL,2022-07-26,76.37852478027344,79.53122116168265,76.05135639071977,79.34285010759645,13245400
PYPL,2022-07-27,85.67798614501953,86.2728329633715,80.66143430627146,82.38649234865846,30554900
PYPL,2022-07-28,85.12279510498047,85.75729937384939,82.63434418445195,84.80554297054601,12476500
PYPL,2022-07-29,85.78704071044922,86.86768575881614,84.09172390536469,85.77712445388966,12115700
PYPL,2022-08-01,87.80457305908203,88.44403168616732,84.53785856266637,86.30258162989578,11710200
PYPL,2022-08-02,88.86042022705078,89.89149153378067,86.16378092162729,86.362060665123,19673900
PYPL,2022-08-03,97.0792465209961,101.07167068896104,96.4348259782082,100.2716004645002,53766800
PYPL,2022-08-04,96.14732360839844,97.56504579176249,93.65887259482494,97.05942258351561,20145900
PYPL,2022-08-05,94.50157928466797,96.15723879865352,93.59939650550662,94.4222643517626,12281500
PYPL,2022-08-08,95.43350219726562,98.09049169795878,94.5015707297136,95.52272581579075,19557500
PYPL,2022-08-09,93.66878509521484,94.95761857865664,92.80625231148947,94.63045018856555,12357200
PYPL,2022-08-10,98.06074523925781,98.14996885300377,95.53263695536798,97.2477786399517,17077200
PYPL,2022-08-11,98.25902557373047,101.07463722821117,97.70383624780746,100.25176949554309,16441200
PYPL,2022-08-12,100.23194122314453,100.90610296052127,99.15130373034712,99.68467882793442,12320900
PYPL,2022-08-15,100.638427734375,101.34233070009734,99.60735636427967,99.85520984082505,10125600
PYPL,2022-08-16,101.20352935791016,102.14536950599786,99.30001654861789,101.6893200348479,14123800
PYPL,2022-08-17,98.56636810302734,100.1328038800483,98.16980103032881,99.19096370079107,10651100
PYPL,2022-08-18,99.00259399414062,99.7659793793241,96.32577945359944,97.90410568381687,11268500
PYPL,2022-08-19,95.73091888427734,97.58486550578374,95.0765896768493,97.04950111940401,11274700
PYPL,2022-08-22,92.7765121459961,94.476783309272,92.33037136435516,93.24247787700686,12384400
PYPL,2022-08-23,92.3997802734375,94.47183943299956,91.58682110919932,92.23124171150862,11397500
PYPL,2022-08-24,92.95496368408203,94.94770005493523,92.22131199705305,92.3204594320859,8957700
PYPL,2022-08-25,95.8895492553711,95.92920671723327,93.14332864154343,93.33169969441688,8169100
PYPL,2022-08-26,91.90406036376953,96.61823803546908,91.83466169720687,96.06304113908045,12286500
PYPL,2022-08-29,91.86441802978516,93.16316785262663,90.16909355980921,90.24345414260492,11062900
PYPL,2022-08-30,91.01179504394531,93.70843437971364,89.97080746916038,92.47908331565438,8773000
PYPL,2022-08-31,92.6377182006836,95.55246995357871,92.42952218718307,94.61558411088245,14585800
PYPL,2022-09-01,91.86441802978516,92.06269778946441,89.02302081597612,91.45991642804078,10452100
PYPL,2022-09-02,90.34754180908203,93.26230096083644,89.83200993301514,92.90539136821805,8673500
PYPL,2022-09-06,90.82838439941406,91.41530428560418,89.03987283592161,90.37729681319433,9198900
PYPL,2022-09-07,94.15457916259766,94.73455538562649,90.9721414556793,91.09110628262609,9529700
PYPL,2022-09-08,95.34426879882812,95.5494921933312,92.56831453795449,92.79633548925517,10113300
PYPL,2022-09-09,95.40376281738281,96.43482661599731,94.83865719757644,95.37401404675067,12020100
PYPL,2022-09-12,96.81156921386719,98.4474036678306,96.01843506531287,96.44474334648045,11236300
PYPL,2022-09-13,94.1942367553711,96.52405790755601,92.99462684405695,93.38127765993971,15105400
PYPL,2022-09-14,96.82148742675781,97.00489658221247,94.70977092822386,95.92921338258066,15117200
PYPL,2022-09-15,95.57229614257812,98.13014567725638,94.20414019599389,94.28345511890346,15043100
PYPL,2022-09-16,93.19290161132812,94.13474174035574,91.06136032765325,94.08517558634172,17490500
PYPL,2022-09-19,94.21406555175781,94.32807603702213,91.83467058187452,92.20149646284469,10977500
PYPL,2022-09-20,90.84325408935547,92.70711708594848,89.61885730217242,91.33896104565993,15905800
PYPL,2022-09-21,90.3971176147461,94.81882259885815,90.34754389533703,92.27088923731704,14457900
PYPL,2022-09-22,86.90734100341797,90.71436652528875,86.35214410856297,90.07490792543403,12996900
PYPL,2022-09-23,86.2232666015625,86.87759583102097,84.94434178502132,86.17369288186501,12175900
PYPL,2022-09-26,83.53653717041016,88.31515185661745,83.40764852277111,86.31745345709008,16936400
PYPL,2022-09-27,85.01374053955078,86.94204024107022,83.85378811078732,84.61717347323598,11627600
PYPL,2022-09-28,90.33763885498047,90.8630870208553,84.82537233210502,85.09305832551652,14925900
PYPL,2022-09-29,87.93840789794922,89.78243831498489,86.95691027723268,88.90008056922872,10772500
PYPL,2022-09-30,85.33099365234375,88.75136856502964,85.24177003244706,87.19484905221171,10641900
PYPL,2022-10-03,86.43145751953125,87.30389896206223,84.71135392897116,86.77845084531702,10416300
PYPL,2022-10-04,91.99330139160156,92.20149741357854,88.7315485861858,88.78112230927525,11239500
PYPL,2022-10-05,93.02436065673828,93.79766222703745,90.20874147136315,90.23848267577662,9803500
PYPL,2022-10-06,93.60929870605469,94.74942620484788,92.41960505055002,92.41960505055002,8652300
PYPL,2022-10-07,89.39579010009766,92.02303846411057,88.91495375051525,91.38853416930061,9229600
PYPL,2022-10-10,83.79429626464844,87.0957062395163,83.51174724727912,86.62974051428489,20930500
PYPL,2022-10-11,82.37657928466797,84.09172870067768,79.13465908247247,83.36799320830902,16098600
PYPL,2022-10-12,83.09039306640625,84.43871651917405,81.6131885350237,82.82271465270253,11069300
PYPL,2022-10-13,83.31842803955078,84.05703414443117,78.66869426203215,78.6706760007031,15397900
PYPL,2022-10-14,79.7790756225586,84.78571114614104,79.60062082274672,83.53653511134547,11757000
PYPL,2022-10-17,83.93309783935547,84.10163637383918,81.92052142611499,81.99488200113112,19583300
PYPL,2022-10-18,84.55769348144531,86.9965707978554,83.88848606513743,86.66742065286303,9921600
PYPL,2022-10-19,83.74473571777344,85.02366059270342,82.5917193225137,83.63567958057017,8590100
PYPL,2022-10-20,84.05207061767578,86.84785755921878,83.2787689731472,83.95293073881867,10581900
PYPL,2022-10-21,83.21927642822266,84.39905370161601,81.64292455990054,82.90598779294983,14423800
PYPL,2022-10-24,82.6046142578125,83.87362296882499,80.16573672310629,83.8240568071099,13299000
PYPL,2022-10-25,88.47377014160156,88.90999465745315,85.22193391333042,85.43012991483575,18001400
PYPL,2022-10-26,87.7896957397461,90.555733608343,87.16510019970602,87.3435549877336,12101100
PYPL,2022-10-27,86.5999984741211,88.93973577034922,86.35214501107903,87.78969963505548,10785800
PYPL,2022-10-28,85.50944519042969,86.66840671885733,83.46713506487617,85.35081534259885,16005700
PYPL,2022-10-31,82.86237335205078,85.50944657863013,81.76190334749306,84.77580243022085,17709500
PYPL,2022-11-01,82.39641571044922,85.4003988314649,82.34188763950488,84.27018750997163,10269700
PYPL,2022-11-02,78.76782989501953,83.49687834767693,78.70834748254684,82.39640833360635,13037400
PYPL,2022-11-03,75.89273071289062,78.04409688033391,74.6435471856483,77.4789913072293,26962900
PYPL,2022-11-04,74.53450012207031,74.6633812109426,70.55694637622413,74.35604531076895,41464900
PYPL,2022-11-07,76.99320983886719,77.50874175706426,75.46643147098133,75.87290725119455,18061500
PYPL,2022-11-08,80.43340301513672,82.51537815351506,77.37985410236416,77.47899397469469,19481300
PYPL,2022-11-09,78.00444030761719,79.5609597153813,77.41950221574068,79.33293120677824,14327600
PYPL,2022-11-10,86.05473327636719,86.15387315788773,82.3964134063205,83.3878273493022,20122100
PYPL,2022-11-11,90.24839782714844,91.21007043214406,85.71763702236807,85.7771194304669,19916700
PYPL,2022-11-14,88.74146270751953,90.5854932165152,88.15652455747416,89.38588327272994,10944100
PYPL,2022-11-15,89.08845520019531,91.82475972941748,88.51343331291531,91.69587107929974,14515700
PYPL,2022-11-16,86.29267120361328,88.93974463747793,84.74606786048125,88.85052101255332,17049800
PYPL,2022-11-17,84.90469360351562,86.59009436304507,82.79298452520331,83.8884927497309,11250100
PYPL,2022-11-18,84.19087219238281,86.53060975767062,83.705081466845,86.11421770720965,9371700
PYPL,2022-11-21,79.93770599365234,84.06694610266902,79.8782235756618,83.53654355984719,13839700
PYPL,2022-11-22,79.22389221191406,79.47174569890332,75.3970337676888,79.45191318416681,17402600
PYPL,2022-11-23,80.05667114257812,80.29460835687804,78.05897277119013,78.83722873700165,8851700
PYPL,2022-11-25,79.39242553710938,80.05667102314484,78.73412526677028,79.90795742797138,4634500
PYPL,2022-11-28,79.24371337890625,82.20803882386377,78.95620244006066,79.24371337890625,11282600
PYPL,2022-11-29,76.97337341308594,80.05667120001809,76.59663885985012,78.54972542318714,15491100
PYPL,2022-11-30,77.73676300048828,78.43074966449942,74.67329029475378,77.03285251627898,25747300
PYPL,2022-12-01,77.85572814941406,80.05270462171005,77.4690773544199,78.43074999567266,15189000
PYPL,2022-12-02,74.01896667480469,76.39835402452388,73.88016176764609,76.16041680232955,24238400
PYPL,2022-12-05,72.98788452148438,74.84182343179442,72.19970482522875,73.37453528694405,18317200
PYPL,2022-12-06,71.60982513427734,73.20599446108771,70.73737611244763,72.74994500144369,14692600
PYPL,2022-12-07,73.78102111816406,74.69312009695645,70.40030362968156,71.06454913180941,24695600
PYPL,2022-12-08,73.5827407836914,75.20865897271256,73.15643250462563,74.44526603481236,13151100
PYPL,2022-12-09,72.93831634521484,73.94955513999044,72.71028783253206,73.31505088368274,11781600
PYPL,2022-12-12,73.16634368896484,73.42906774883765,72.17492985883733,72.50705258426358,13652800
PYPL,2022-12-13,73.06719970703125,77.14191134648323,72.4723528936276,76.37852598932795,20069600
PYPL,2022-12-14,72.00638580322266,73.69674824690769,70.97531448295433,73.06719832901712,18298800
PYPL,2022-12-15,69.17094421386719,71.0447234365731,68.84378337665648,70.67789757195774,17639900
PYPL,2022-12-16,68.66532135009766,70.25158190448074,67.86227103515454,68.80411867586324,25735200
PYPL,2022-12-19,68.35797882080078,69.00239930674906,67.1682852805017,68.46703494444836,15330000
PYPL,2022-12-20,68.16961669921875,69.52784879806948,67.54502114881612,67.79783651498374,9470900
PYPL,2022-12-21,68.61575317382812,69.58734209650396,67.48554196485296,68.21918611224844,13861600
PYPL,2022-12-22,67.98124694824219,68.22711867063721,65.81501012057483,67.9515057431583,16488200
PYPL,2022-12-23,68.43729400634766,68.65540625448999,67.12862808138073,67.46571270956991,9990400
PYPL,2022-12-27,67.74331665039062,68.64549940676199,67.09889607361787,68.36790471249387,10323800
PYPL,2022-12-28,66.97001647949219,68.87352948031827,66.71422846898214,67.53512213798393,8897600
PYPL,2022-12-29,69.95416259765625,70.13261740280896,67.63425769455887,67.80279624278981,13143000
PYPL,2022-12-30,70.6084976196289,70.64815508242567,68.46704001192944,68.88343958935164,10175700
PYPL,2023-01-03,73.93965148925781,74.61381325303978,72.7499502546431,73.05729371129304,27974200
PYPL,2023-01-04,77.02294921875,77.8061671166426,74.7823516604679,75.45651342296482,19144700
PYPL,2023-01-05,75.6151351928711,76.65612281849218,75.00046341276797,76.63629786850633,11113800
PYPL,2023-01-06,75.82333374023438,76.398348018341,73.31505037372025,76.11083709734402,14167900
PYPL,2023-01-09,76.41818237304688,78.08871231170703,75.87290172285847,76.33886744867628,12966100
PYPL,2023-01-10,77.25096893310547,77.35010880989213,75.84316301662663,76.23973008766106,10436000
PYPL,2023-01-11,77.86564636230469,78.51006689144985,77.1518271647216,77.99452744257869,10640400
PYPL,2023-01-12,79.09500122070312,79.61054069418506,76.43801161613106,78.33161583144339,9381900
PYPL,2023-01-13,78.79757690429688,79.12374686021352,77.36002226926747,77.8507748528635,8624700
PYPL,2023-01-17,79.49156951904297,79.97240588207364,78.20272837947635,79.4519120540222,11261800
PYPL,2023-01-18,76.64620208740234,80.05666814136062,76.45882946917197,79.11482801231132,13601900
PYPL,2023-01-19,76.09101867675781,76.75526419058988,75.30780076903082,75.60621884114833,10023400
PYPL,2023-01-20,78.41091918945312,78.42083544602164,75.24831409397669,76.35076583110387,12193200
PYPL,2023-01-23,78.8174057006836,79.03551797070628,76.00179383210522,77.16174628934823,17407300
PYPL,2023-01-24,78.89671325683594,79.6997560269879,77.43933373775486,78.69842595539356,9491300
PYPL,2023-01-25,78.42083740234375,78.86697819240591,76.63629693375833,77.8854729926018,9463400
PYPL,2023-01-26,80.11615753173828,80.20538871895953,77.88151270441821,79.39242959618663,10566000
PYPL,2023-01-27,81.12739562988281,81.82634419627598,79.63035862674484,79.86829582836627,10889100
PYPL,2023-01-30,78.95620727539062,80.66144049910424,78.85211304522815,80.17564977594014,10301000
PYPL,2023-01-31,80.79031372070312,81.76190263627001,78.92645837797001,79.01568199513162,15730300
PYPL,2023-02-01,82.19813537597656,82.8822058676099,78.8967250609222,80.64160819135185,13221600
PYPL,2023-02-02,86.21334838867188,87.8640533738269,83.92318479169934,85.97541118007554,16906600
PYPL,2023-02-03,84.78571319580078,87.08579313570873,84.46846105111995,84.6568321121106,14786900
PYPL,2023-02-06,81.62310791015625,83.08048754816149,81.42978250290379,82.6145218066074,14175900
PYPL,2023-02-07,82.515380859375,82.95159782471134,80.12904237710606,81.3554208670191,13520800
PYPL,2023-02-08,79.03551483154297,81.90070030728518,78.93637495743975,81.64293058350675,13569300
PYPL,2023-02-09,77.74666595458984,81.09764933491043,77.42445950519908,81.02825067363149,25473900
PYPL,2023-02-10,80.10625457763672,82.13864874823632,77.9251392297172,78.68853224885004,37521000
PYPL,2023-02-13,78.76782989501953,80.01701350415948,77.76650732025362,79.95753109168679,15898500
PYPL,2023-02-14,76.59664154052734,78.69149812379867,75.6448850854482,78.32169964261531,18802000
PYPL,2023-02-15,77.24105834960938,78.11349983342117,75.39702794373808,75.87290236622177,14494600
PYPL,2023-02-16,76.0711898803711,78.04410137174881,75.88281882386647,76.20998721762052,11461800
PYPL,2023-02-17,74.01896667480469,75.67462610088214,72.95814652226913,75.54573745078227,15855700
PYPL,2023-02-21,74.59397888183594,74.92114728050112,73.04935737419699,73.07711684206357,14537400
PYPL,2023-02-22,74.83192443847656,75.62505101949064,74.24203195824037,74.71295204757494,9526700
PYPL,2023-02-23,74.5444107055664,75.62504818449987,72.99383646032659,75.2383973834239,9292000
PYPL,2023-02-24,72.91848754882812,73.39436193400547,72.35338198900065,72.86891383359063,12317700
PYPL,2023-02-27,73.1365966796875,73.92477644215275,72.82926080539897,73.68187732492919,8579300
PYPL,2023-02-28,72.96805572509766,73.70169983487266,72.50209001892732,72.89865706017146,8607400
PYPL,2023-03-01,73.18616485595703,73.58273188029503,72.62105930453862,72.99779381752194,7699600
PYPL,2023-03-02,73.46376037597656,73.73144633523454,71.97663968996939,72.00043567832276,7729100
PYPL,2023-03-03,75.63496398925781,75.66470519471872,73.45384896751335,73.52325519877205,10040000
PYPL,2023-03-06,76.12075805664062,77.0923470070686,75.70436603383769,76.27938791135857,9608600
PYPL,2023-03-07,74.2668228149414,76.71560892403276,74.14785041763766,75.88282483457105,9680400
PYPL,2023-03-08,75.18882751464844,75.54573712836064,73.71162290249327,74.51467331528968,9467900
PYPL,2023-03-09,75.2780532836914,78.58441753725353,75.07481163086163,76.29920833016072,17398200
PYPL,2023-03-10,72.79952239990234,75.28797338697709,72.47235400017429,75.28797338697709,13123800
PYPL,2023-03-13,71.98656463623047,73.33488815942884,70.47564777946685,71.99846263184352,14049000
PYPL,2023-03-14,72.61116027832031,74.02888262110768,72.05101650377091,73.43899007246736,12491500
PYPL,2023-03-15,73.27540588378906,73.30514709093399,71.15377315283412,71.49085781621496,10548700
PYPL,2023-03-16,73.71162414550781,73.86529209435815,71.89733483919066,72.80447949234924,11641700
PYPL,2023-03-17,72.3633041381836,74.42049268091928,71.85569915274579,73.31506064942135,27210400
PYPL,2023-03-20,72.58141326904297,73.50342853108954,71.40162826602422,72.37321725037285,16888500
PYPL,2023-03-21,76.06127166748047,76.18023648841306,73.4340234561663,73.5034221230061,12327600
PYPL,2023-03-22,73.70169830322266,76.4528731125637,73.60255843594372,76.20006531641934,11641300
PYPL,2023-03-23,71.9369888305664,73.87025043807583,71.09428854395917,72.32363963929076,18567600
PYPL,2023-03-24,73.24565124511719,73.26548375755029,70.91583025078752,71.30248104047304,9176200
PYPL,2023-03-27,72.67064666748047,74.5245859413314,72.55167426866853,74.17263821949787,11908900
PYPL,2023-03-28,72.0757827758789,72.95814048388038,71.24299878518023,72.47234982263949,9252400
PYPL,2023-03-29,73.54308319091797,73.66205558157196,72.37321448976084,72.58141050048951,8746700
PYPL,2023-03-30,73.75128173828125,74.53449965161094,73.26549102987252,74.28664616880616,8429800
PYPL,2023-03-31,75.2879638671875,75.37718747552906,73.48359111426399,73.87024187818426,8378600
PYPL,2023-04-03,74.6435546875,75.26814273195015,74.06357845396317,74.97567744189008,8911700
PYPL,2023-04-04,74.61380767822266,75.04011593176065,74.0883595535127,74.81208742056657,8949100
PYPL,2023-04-05,72.97797393798828,74.46509470961328,72.48722136035258,74.46509470961328,10812700
PYPL,2023-04-06,74.3163833618164,74.35604082458937,71.65939386712891,72.64089148812496,10524500
PYPL,2023-04-10,73.88015747070312,74.21228776980658,72.82926120023538,73.82067505958608,7591800
PYPL,2023-04-11,72.94823455810547,75.78367883873061,72.58140870225971,75.37719552031604,14190900
PYPL,2023-04-12,72.8689193725586,75.05002685883527,72.72020577942892,73.30514389536894,10422300
PYPL,2023-04-13,74.87158203125,74.91123949895866,72.92841149685694,73.07712510979228,8724100
PYPL,2023-04-14,75.8729019165039,76.07614357426444,74.50475350511321,74.55431966005571,8902700
PYPL,2023-04-17,76.6660385131836,77.28071028877889,75.89273688331352,76.17528591089477,9717600
PYPL,2023-04-18,75.76384735107422,77.27080069353725,75.55565134268545,77.04277217165183,7558900
PYPL,2023-04-19,74.67329406738281,75.28797340362405,73.46376790852396,74.6534691176469,8888300
PYPL,2023-04-20,72.94823455810547,74.32629923584923,72.83917842701315,73.76119363104702,8847600
PYPL,2023-04-21,73.54308319091797,73.60256560430109,72.29389956265818,72.76978156138641,8591100
PYPL,2023-04-24,73.65213775634766,74.23013222759398,72.74994749851375,73.77111014446822,7458400
PYPL,2023-04-25,71.16368103027344,73.65213177484951,71.14385608247386,73.26548099971815,10255800
PYPL,2023-04-26,71.4412841796875,72.14023280397275,70.42012905910002,70.59858386606885,9068800
PYPL,2023-04-27,73.6323013305664,73.7314487640091,72.33355164244875,72.3732091030484,11420100
PYPL,2023-04-28,75.34745788574219,75.39703160727483,73.28531511774666,73.60256726944691,10718900
PYPL,2023-05-01,74.46510314941406,75.84316794886406,74.3263058001089,75.37720217738749,6857900
PYPL,2023-05-02,71.6594009399414,74.41553058164862,71.31240756128912,74.17759334541397,12767000
PYPL,2023-05-03,70.81669616699219,72.36329945211325,70.73738123855318,71.78828513065022,11865700
PYPL,2023-05-04,71.19342041015625,72.42277893107389,71.1388923502455,71.15376295168599,10230500
PYPL,2023-05-05,74.32630157470703,74.43535770923107,72.31373256030717,72.33355751027162,11954200
PYPL,2023-05-08,74.87158203125,75.72419867726482,74.27178079639182,75.059953111894,22864000
PYPL,2023-05-09,65.3391342163086,69.08172333602276,65.2846061472944,68.9330097329033,68702600
PYPL,2023-05-10,62.8358154296875,66.01824942941249,62.24096480737429,65.92902580710668,46309100
PYPL,2023-05-11,63.628944396972656,63.822269804894106,62.10216608348807,62.90521270389217,27903300
PYPL,2023-05-12,61.16032028198242,63.62894248246613,60.78358573436234,63.549627557528986,28711100
PYPL,2023-05-15,61.71551513671875,62.19040248452136,61.05126964054014,61.21980818782944,20633500
PYPL,2023-05-16,60.27796173095703,61.44287225619051,60.22839179451079,61.2693755876568,17517500
PYPL,2023-05-17,60.93229675292969,61.1900664821387,59.88140045029806,60.624960867568596,19938700
PYPL,2023-05-18,60.74393081665039,61.12562350855531,59.94088418676667,60.93229809835173,19820500
PYPL,2023-05-19,60.39693069458008,61.41808954478526,60.18675295257406,61.36851960804375,19398000
PYPL,2023-05-22,62.48881530761719,62.60778769557215,60.129253009000706,60.42667641500052,20220600
PYPL,2023-05-23,61.4676628112793,62.75650014609475,61.3090367359473,62.488817934857515,16815500
PYPL,2023-05-24,61.269378662109375,61.680816340951914,60.704273037989424,61.1206688453085,14790300
PYPL,2023-05-25,58.8602409362793,61.20989455246867,58.80571287037973,61.20989455246867,24461300
PYPL,2023-05-26,59.702945709228516,60.08662013168105,58.44384961418406,58.9891264976899,20632500
PYPL,2023-05-30,61.51723098754883,61.65602832674323,59.0386962678092,60.51590462482931,21356700
PYPL,2023-05-31,61.45774841308594,62.672228909786746,60.64478554776108,61.30903481751513,27790800
PYPL,2023-06-01,62.508644104003906,63.06383723587354,61.29912174741992,61.874139828692215,16686200
PYPL,2023-06-02,63.41083526611328,63.8420979134551,63.01625369440435,63.192726769069914,16438700
PYPL,2023-06-05,63.95611572265625,64.42208148712174,62.95974364878723,63.519891166324626,13498300
PYPL,2023-06-06,64.46173095703125,64.61540647117397,63.678520601790716,63.87680036394739,13039200
PYPL,2023-06-07,63.49014663696289,64.75915521021211,63.0043521651725,64.68975654023403,15511900
PYPL,2023-06-08,63.68842697143555,64.13952211235458,63.43561914932654,63.64876950767354,13568500
PYPL,2023-06-09,62.94486999511719,63.50997183200234,61.89396990262155,63.45048941861648,17151700
PYPL,2023-06-12,63.18280792236328,63.70825986548612,62.57804483318698,63.053923055339496,15945400
PYPL,2023-06-13,63.01426696777344,63.6884249202962,62.58795870092124,63.004350711180344,19963400
PYPL,2023-06-14,63.053924560546875,64.54104545850264,62.483864575219044,63.58928899147752,24028100
PYPL,2023-06-15,65.28460693359375,65.64151655982391,62.09225659419475,62.57804731060708,21527700
PYPL,2023-06-16,65.859619140625,66.57343828797488,64.66000934839585,65.38373718776273,29703700
PYPL,2023-06-20,68.29850006103516,68.60583593651954,66.20661621589558,66.55360955335979,31379200
PYPL,2023-06-21,67.60452270507812,68.42739057195395,66.64284992019553,68.3530375479222,23910600
PYPL,2023-06-22,67.98124694824219,68.05559996095194,66.48420992662463,66.94025938698158,16872500
PYPL,2023-06-23,66.36524200439453,67.5747680471892,65.28459703223534,66.83616204528275,27683800
PYPL,2023-06-26,65.86953735351562,66.99974851576921,65.83979614880694,66.29584560341038,12224400
PYPL,2023-06-27,65.66133880615234,66.52386396474976,65.21519806118995,66.2958430282488,16371200
PYPL,2023-06-28,65.46305084228516,65.90919158270162,65.05657512471839,65.48288335371001,15390600
PYPL,2023-06-29,65.29452514648438,66.76181359702987,65.05658790983425,65.73074971691656,14894200
PYPL,2023-06-30,66.15705108642578,66.39994264447056,65.18546216258396,65.52253924880428,16907100
PYPL,2023-07-03,67.5152816772461,68.04072980756321,66.26609810826467,66.54370033995075,8617900
PYPL,2023-07-05,68.25884246826172,68.30841618661339,66.42472834756175,67.45579966539935,13980600
PYPL,2023-07-06,65.57211303710938,67.26742985439293,65.06648984335855,67.12863251711036,17447500
PYPL,2023-07-07,66.21653747558594,67.07907032007223,65.41349461050811,65.62169062871762,12341800
PYPL,2023-07-10,68.68515014648438,68.76446506961955,66.11739191205406,66.22644804039307,14872000
PYPL,2023-07-11,70.0136489868164,70.12270511570281,68.81403913295333,69.04206008325224,14799000
PYPL,2023-07-12,69.98390197753906,71.25291809432271,69.67656609597795,71.10420449992978,14458500
PYPL,2023-07-13,71.76844787597656,72.11048686387468,70.39038323189966,70.75720907878367,14536300
PYPL,2023-07-14,71.48094177246094,72.35339085871688,71.30248696517113,72.03613870841141,12202200
PYPL,2023-07-17,72.85900115966797,73.1465120816288,71.34213919102667,71.89732852232353,13168800
PYPL,2023-07-18,73.73145294189453,73.77111040474131,72.63098293053136,72.8490951942448,11903000
PYPL,2023-07-19,73.5827407836914,74.39569987820198,73.26548863861137,73.83059425840668,12167200
PYPL,2023-07-20,72.3930435180664,74.03879431066993,72.17493880207816,72.19476375302683,14221100
PYPL,2023-07-21,72.3633041381836,72.98789978522815,71.21326785689611,72.10554194989663,25515000
PYPL,2023-07-24,73.05728912353516,73.33488379168018,72.38808174834541,72.41286860740567,8845400
PYPL,2023-07-25,72.33355712890625,73.66205568615486,72.31373217904631,73.04737634606815,8536000
PYPL,2023-07-26,72.79952239990234,73.1266907996304,71.78828355806478,72.26415799049856,11332500
PYPL,2023-07-27,71.41153717041016,74.41056552757762,71.19342491695983,73.69179201153432,11836600
PYPL,2023-07-28,73.34480285644531,73.5529988655259,72.33355645361087,72.41287138008568,10182300
PYPL,2023-07-31,75.16900634765625,75.88282561100621,74.09827745263131,74.2569073173261,15661100
PYPL,2023-08-01,74.8814926147461,75.62505305918837,73.91981989637866,75.53582943652154,14608700
PYPL,2023-08-02,72.57150268554688,74.3461346754932,71.8775159023896,73.74137152278959,24567800
PYPL,2023-08-03,63.628944396972656,66.35533262164775,63.549629469649034,66.12730409656429,51260800
PYPL,2023-08-04,62.21122360229492,64.41216371924361,62.12100532871975,64.2436251678454,25279500
PYPL,2023-08-07,63.86687469482422,64.1940430616683,61.66593864728859,62.47889765454883,23738000
PYPL,2023-08-08,62.64744186401367,63.440575995446416,61.95345517192576,63.22246373110803,17683700
PYPL,2023-08-09,61.487491607666016,62.845727615486474,61.39826420382707,62.558216671789424,13788700
PYPL,2023-08-10,62.250877380371094,62.508643320757685,61.54201631687828,62.0625063259119,13119100
PYPL,2023-08-11,61.01161575317383,61.96337224316221,60.942217078817016,61.73534748714067,12419300
PYPL,2023-08-14,62.72675704956055,62.8952955949241,61.15040881882639,61.61637455568019,22668000
PYPL,2023-08-15,58.95938491821289,62.231049980495214,58.88998624885719,62.22113372376221,32003500
PYPL,2023-08-16,59.167579650878906,59.6682447106761,58.7511838617766,58.92963865968563,16592700
PYPL,2023-08-17,58.09685134887695,58.686743812557744,57.6507181323203,58.50333088485651,20616700
PYPL,2023-08-18,58.90980911254883,59.2865474342429,56.798100336450545,56.89724020860723,19035900
PYPL,2023-08-21,58.99903869628906,59.255817555271044,58.24556580692708,58.94946875837407,14133700
PYPL,2023-08-22,60.4564208984375,60.78854365677636,59.09818487550889,59.4055207728608,17340200
PYPL,2023-08-23,61.22972106933594,61.83448415610773,60.40684949532639,60.7538428490755,13105400
PYPL,2023-08-24,60.18873596191406,61.388345853328296,60.100499430401534,61.16032111394786,12846900
PYPL,2023-08-25,60.664615631103516,61.0710951818517,59.564149370744225,60.46633587518259,11150100
PYPL,2023-08-28,61.1404914855957,61.42800241527079,60.50598721454983,61.06118034268685,10459300
PYPL,2023-08-29,61.9633674621582,62.20130845726817,61.00169478892349,61.10083844602923,11627600
PYPL,2023-08-30,62.875465393066406,62.92503911178476,61.58662812720792,61.84439784954587,12041000
PYPL,2023-08-31,61.97328186035156,62.86555589227753,61.913799446185784,62.18148165576358,13840200
PYPL,2023-09-01,63.0241813659668,63.10349629335715,62.1943699279338,62.587960611151516,11715200
PYPL,2023-09-05,63.192726135253906,63.62894690690949,62.493777492933084,62.8358165121066,12739100
PYPL,2023-09-06,62.26079559326172,63.29186701372507,62.1418269776526,62.57804775618212,13621300
PYPL,2023-09-07,61.12066650390625,61.55688724453296,60.59521458189578,61.467659845092975,12712700
PYPL,2023-09-08,60.4564208984375,61.27929627432137,59.79217538175977,61.05127152462854,15367400
PYPL,2023-09-11,61.39826202392578,61.725426638423535,60.74392901298644,61.19997849110759,12280100
PYPL,2023-09-12,62.27070999145508,63.14315152246529,61.2297223446381,61.34869473863912,12224300
PYPL,2023-09-13,62.300445556640625,62.77632374371404,61.63124197425437,62.270704351805925,9426600
PYPL,2023-09-14,63.88671112060547,64.04533340389588,62.76641240754604,63.341430475790894,14564700
PYPL,2023-09-15,63.6586799621582,65.16563319220587,63.361256574940825,64.10482071589962,21843500
PYPL,2023-09-18,62.39958953857422,62.969653287774285,62.211222258971155,62.80606908651842,14050000
PYPL,2023-09-19,61.656028747558594,61.884053489497695,60.92436632198643,61.56680134576121,11441800
PYPL,2023-09-20,60.33745193481445,62.08233877454283,60.3077107273584,62.02285635963072,11138900
PYPL,2023-09-21,58.11668014526367,59.78721388187586,58.1107311476845,59.43526241098216,15361000
PYPL,2023-09-22,57.38303756713867,58.68178735515579,57.33842197504636,58.513248807558774,12756700
PYPL,2023-09-25,58.35462188720703,58.394279350281025,57.01819639355291,57.045955861315946,11493800
PYPL,2023-09-26,58.42402267456055,58.71648796595986,57.73003217338296,57.79943084530632,11111900
PYPL,2023-09-27,56.84767150878906,59.058523987066906,56.04462491185881,58.5429883203647,19171000
PYPL,2023-09-28,57.680458068847656,57.95805273649714,56.53041815465791,56.917068950867886,11387600
PYPL,2023-09-29,57.95805740356445,58.82059024511992,57.57140657621945,58.34470823090945,10550300
PYPL,2023-10-02,58.05720138549805,59.12792646851007,57.506966349108524,58.116683801144035,12961500
PYPL,2023-10-03,56.80801773071289,58.14642881240265,56.62956291982093,57.39295210376011,12014000
PYPL,2023-10-04,58.06711196899414,58.15138124304319,56.81793211585375,57.611062481493995,11019600
PYPL,2023-10-05,56.98646926879883,58.15633794770621,56.768357005358666,57.88865574674159,13037200
PYPL,2023-10-06,57.273983001708984,57.747879494058175,55.38038255290984,56.342055272071505,18348600
PYPL,2023-10-09,57.462345123291016,57.59122998113145,55.83444529615884,56.505630618668306,10376600
PYPL,2023-10-10,57.22441101074219,57.99771263566231,56.917071342967944,57.46234822674352,17455200
PYPL,2023-10-11,57.5713996887207,58.384358710994675,57.08560903933295,57.611057148817856,10866200
PYPL,2023-10-12,55.87112808227539,57.60610235142968,55.75711760533377,57.59123174851936,13497100
PYPL,2023-10-13,55.271324157714844,56.39162290810697,55.053211892520665,56.01488457239262,12048500
PYPL,2023-10-16,56.510589599609375,56.589904523152335,55.33080847648569,55.62823187588437,14267700
PYPL,2023-10-17,56.66921615600586,57.095524418885574,56.00497068432207,56.02479563343595,10325200
PYPL,2023-10-18,55.32089614868164,56.60676088426247,55.2267143977157,56.04462785866021,10514500
PYPL,2023-10-19,54.33939743041992,55.91574568878731,54.2303412958876,55.18209773589782,16298500
PYPL,2023-10-20,52.93158721923828,54.00231604057054,52.88201728090487,53.52643782507083,20982500
PYPL,2023-10-23,52.99107360839844,53.66027723320904,52.1979432463287,52.46562167069783,13629400
PYPL,2023-10-24,53.774288177490234,54.14111023819887,53.129867670728025,53.41737859109539,9733900
PYPL,2023-10-25,51.04790496826172,52.32682606489952,50.79013522832814,52.09880131461613,22784100
PYPL,2023-10-26,51.3056640625,51.80137096165459,50.62158990316633,51.05781061292271,17045600
PYPL,2023-10-27,49.95734405517578,51.22635259222838,49.81854671917863,51.0677265250968,18382700
PYPL,2023-10-30,50.61167907714844,51.00328802332739,50.1407589852065,50.512539199458736,13168900
PYPL,2023-10-31,51.3552360534668,51.44446345016707,50.363822215438695,50.651333136133324,12942500
PYPL,2023-11-01,51.2164421081543,51.75081565445549,50.656294614126054,51.46429558405167,25259700
PYPL,2023-11-02,54.587249755859375,54.95407183360078,52.098798791805876,54.57733349914149,35348000
PYPL,2023-11-03,55.618316650390625,55.786858975071596,54.90251571450555,54.9441549155543,18742100
PYPL,2023-11-06,54.151023864746094,56.23299523570197,53.71976125696223,56.16359656819781,17246800
PYPL,2023-11-07,54.16093826293945,54.56741777949327,53.585916429698464,53.972567215939456,13038500
PYPL,2023-11-08,54.607078552246094,55.350638965330425,53.09021273783226,53.86351813916177,20518500
PYPL,2023-11-09,53.813941955566406,55.54891617332856,53.68506087953208,55.32089144425591,12568700
PYPL,2023-11-10,54.299739837646484,54.35426790478315,53.40647494423942,53.873431557456506,9682100
PYPL,2023-11-13,53.922996520996094,54.250164893630256,53.51651701017228,53.972566455107575,11861100
PYPL,2023-11-14,56.193336486816406,56.694001532582284,54.94415293646204,55.01355538432052,16775400
PYPL,2023-11-15,57.74985885620117,58.052240393969406,56.50067902396782,56.51257323734402,15222100
PYPL,2023-11-16,56.33213806152344,57.769688987358094,56.06445585200024,57.462349313769856,12748600
PYPL,2023-11-17,56.054542541503906,56.46598021567278,55.867166132213555,56.38071629100932,12138000
PYPL,2023-11-20,56.50067901611328,56.74357435919136,55.77694355136465,56.05454201111202,11406700
PYPL,2023-11-21,54.9243278503418,56.143766410862426,54.800401121240796,56.06445148890484,13729000
PYPL,2023-11-22,55.856258392333984,56.25183080760042,55.142439185421146,55.310981512361714,11451600
PYPL,2023-11-24,55.28123474121094,55.64806058956817,55.07303873989059,55.51917572982255,6846600
PYPL,2023-11-27,55.90583038330078,56.480852272641314,55.23166861466759,55.51917955933786,15183800
PYPL,2023-11-28,57.96797180175781,58.19599654436808,55.64806313014153,55.98514400659668,23957900
PYPL,2023-11-29,57.47226333618164,59.68311581560507,57.41277714239695,58.72144315010997,19258300
PYPL,2023-11-30,57.115352630615234,57.60511055925994,56.560159511880954,57.551573364085506,19039400
PYPL,2023-12-01,59.137840270996094,59.296466342707696,56.9567289485037,57.135183751922234,18435700
PYPL,2023-12-04,59.33612060546875,59.86157254599045,58.731361301230116,58.91972858137554,14107900
PYPL,2023-12-05,57.42268753051758,58.954423872807475,56.827840742060395,58.80075593854382,21506500
PYPL,2023-12-06,59.01886749267578,59.9408827102942,57.254151983745146,57.33346691005135,25245600
PYPL,2023-12-07,57.977882385253906,58.64213164157376,57.62097278865741,58.58264544815976,17422400
PYPL,2023-12-08,58.43393325805664,59.22706739483746,56.907158743224414,57.759771510959254,15467500
PYPL,2023-12-11,58.5330810546875,59.2865539995707,58.45376612262394,58.592563471791046,12082700
PYPL,2023-12-12,58.38436508178711,58.880072041261535,57.63584651403641,58.880072041261535,13845500
PYPL,2023-12-13,61.19997787475586,61.35860394302411,58.03736898405735,58.22573625826846,19128100
PYPL,2023-12-14,61.33877182006836,63.579365383208405,60.684438851899706,62.399584302069904,27947300
PYPL,2023-12-15,60.734012603759766,61.83448261529054,60.29779185821027,61.83448261529054,24011000
PYPL,2023-12-18,60.94221496582031,61.19998092135916,60.332493740032525,60.89264124418933,13800100
PYPL,2023-12-19,62.46898651123047,62.73666871093465,61.19006548856887,61.25946415716509,19929000
PYPL,2023-12-20,61.20989227294922,63.415786558759194,61.140489824616715,62.409502114177485,17421000
PYPL,2023-12-21,61.52714538574219,61.91379618523085,61.061179662284715,61.67090084897787,12195100
PYPL,2023-12-22,61.30903244018555,62.191390158766794,61.05126650406101,61.63619704303375,13175400
PYPL,2023-12-26,62.02285385131836,62.1467805866321,61.328863377172674,61.418090777876316,9940600
PYPL,2023-12-27,62.14182662963867,62.29549458152087,61.576720981229975,62.13191037225939,11112300
PYPL,2023-12-28,62.538387298583984,62.9547792990875,61.91379551588503,62.0823340545811,11233400
PYPL,2023-12-29,60.88272476196289,62.61769901042684,60.6249588233892,62.45907294470217,16807400
PYPL,2024-01-02,60.93229675292969,61.62628723210429,59.91114165676685,60.69435953729167,15248400
PYPL,2024-01-03,58.1265983581543,60.22839477958396,57.84899989279814,60.1788248406809,21245800
PYPL,2024-01-04,57.948143005371094,58.55786043381484,56.94681285204245,57.521834727331196,16680400
PYPL,2024-01-05,59.60380172729492,59.85165519862825,57.14509574550155,57.244239403201185,17420200
PYPL,2024-01-08,61.20989227294922,61.38834328513216,59.54431671572994,59.88139757330869,14264400
PYPL,2024-01-09,60.52581787109375,61.4874905648319,59.603802641043416,59.762428713850795,14877300
PYPL,2024-01-10,60.43659210205078,60.9025578581155,59.77234658607631,60.42667962683289,10137900
PYPL,2024-01-11,60.8232421875,60.96699765904379,59.564149843249595,60.1292554723837,11900700
PYPL,2024-01-12,60.47624588012695,61.376450609182704,60.21847993879151,61.269376217248066,9282600
PYPL,2024-01-16,57.948143005371094,59.72277478772844,57.59619152595562,59.53440372695405,20907100
PYPL,2024-01-17,59.37577819824219,59.46500560101939,55.98613532590196,56.92698464131313,29527400
PYPL,2024-01-18,61.556888580322266,61.93362691746008,59.60380200683372,59.97062786912701,25339500
PYPL,2024-01-19,65.2548599243164,65.6415107243783,61.725425223289704,62.459073143314036,38264600
PYPL,2024-01-22,63.192726135253906,67.62434387081558,62.67719043314602,67.43796210452953,44006900
PYPL,2024-01-23,64.22379302978516,65.16564079948577,63.6289461859094,63.97098520120716,19883700
PYPL,2024-01-24,62.47890090942383,65.4333137110279,62.41941471727772,65.42339745469839,21694100
PYPL,2024-01-25,60.18873596191406,63.7776569433205,58.39427925315467,62.91512414164305,43452600
PYPL,2024-01-26,61.249549865722656,61.73137708426078,59.49474679932186,59.80208647149733,18430700
PYPL,2024-01-29,63.212547302246094,63.2422922903573,60.37710678328809,60.67453019079347,15913900
PYPL,2024-01-30,63.133235931396484,63.94619500722744,61.53705898579499,62.359934318275286,18786100
PYPL,2024-01-31,60.8232421875,62.85564373930731,60.66461611233857,62.45907666043175,15623100
PYPL,2024-02-01,61.487491607666016,61.527149072026425,60.1213210814183,60.98186839193066,13449400
PYPL,2024-02-02,61.88405227661133,62.18147946473579,60.47624638911575,61.259464258215075,14618900
PYPL,2024-02-05,61.01161575317383,61.54499467636535,60.77367473970468,61.467665265216915,10223300
PYPL,2024-02-06,63.1629753112793,63.18280404206089,61.09092021889973,61.497399745063014,17564300
PYPL,2024-02-07,62.69701385498047,64.34276070302175,62.31035927469327,63.98585111010664,33211300
PYPL,2024-02-08,55.64806365966797,58.086940963257085,55.29115404803172,57.48217787486722,68272700
PYPL,2024-02-09,58.40419387817383,58.711533554885506,55.67780559806872,55.72242119108131,31421400
PYPL,2024-02-12,59.57406234741211,60.09455616594723,57.918399141534415,58.10677020596699,21768200
PYPL,2024-02-13,57.759769439697266,58.22573516105492,57.363206167471446,57.38303489837429,19540200
PYPL,2024-02-14,58.36453628540039,58.508291757323185,57.135185145144156,58.09189972715561,16520600
PYPL,2024-02-15,59.18741226196289,59.727731037426054,57.56149402504476,58.354624411109214,13321000
PYPL,2024-02-16,58.63221740722656,59.236980490990376,57.94814317811911,58.35462272560799,12195800
PYPL,2024-02-20,58.1265983581543,58.52316165132266,57.69037381914201,57.730031283042024,12598700
PYPL,2024-02-21,56.98646926879883,57.94814194093723,56.6543465272468,57.5813198649237,13377900
PYPL,2024-02-22,57.8489990234375,58.13650995947596,56.87741386415181,57.273980933304436,17293000
PYPL,2024-02-23,58.652042388916016,58.91972457848036,57.73002721884227,58.34470273824355,13357000
PYPL,2024-02-26,58.820587158203125,59.658329312837736,58.20590783124978,58.424020094487666,11065600
PYPL,2024-02-27,59.643463134765625,59.722778066170655,58.92964387989672,59.058528752457846,11467600
PYPL,2024-02-28,59.732688903808594,60.377109467000714,58.929642264099876,59.187412002154325,9851600
PYPL,2024-02-29,59.8219108581543,61.33480933608814,59.499700605913155,60.07967679078103,17117300
PYPL,2024-03-01,60.02019500732422,61.11074872265417,59.69302662355903,60.01027875099842,17590400
PYPL,2024-03-04,59.465003967285156,60.07967951289396,58.35462148252064,59.89131223751457,17125200
PYPL,2024-03-05,57.76968765258789,60.307708564951106,57.373120584987944,58.999038754648815,18056700
PYPL,2024-03-06,57.620975494384766,58.41410586742928,57.41277948057507,58.24556731775779,17187400
PYPL,2024-03-07,57.997711181640625,58.54794618002195,57.45243431153532,57.95805371932001,19447900
PYPL,2024-03-08,58.503334045410156,59.04861472967075,57.74193038998327,58.2158268814611,18283500
PYPL,2024-03-11,59.56414794921875,59.702945287828506,58.43889107330823,58.49341913946832,11172700
PYPL,2024-03-12,59.51457214355469,59.95575100379164,58.78687701064221,59.28654741212442,13485100
PYPL,2024-03-13,61.91379928588867,62.75649959456947,59.29646717494078,59.46500572389937,19983400
PYPL,2024-03-14,62.45907211303711,63.648765699159064,61.675854269350005,61.97327766588049,19342000
PYPL,2024-03-15,62.310359954833984,63.281948871460955,61.89396794651709,62.06250648837571,20040000
PYPL,2024-03-18,63.67851257324219,64.20396068420847,62.55821012302858,62.57803885313306,14219900
PYPL,2024-03-19,62.46898651123047,63.50006162938064,62.26079050544181,63.22246317305197,9089300
PYPL,2024-03-20,64.4914779663086,64.79881385841841,62.57309068612533,63.034098306234,12641400
PYPL,2024-03-21,65.57211303710938,66.41481331743569,64.49147554485404,64.739329013414,14022100
PYPL,2024-03-22,64.21387481689453,66.67258461095564,64.19404986705393,65.86954177437556,10208100
PYPL,2024-03-25,65.43331146240234,65.81500789715474,64.2436179159135,64.2436179159135,10224300
PYPL,2024-03-26,66.0975570678711,67.38639804975061,65.92901853506925,66.16695573219464,14826400
PYPL,2024-03-27,65.99842071533203,67.62433884943292,65.5721124506661,67.1385481732886,10591200
PYPL,2024-03-28,66.4148178100586,67.13855331532119,65.85962842337261,66.2958529779905,10775800
PYPL,2024-04-01,64.47164154052734,66.78262849866618,64.44190033521,66.42472803783184,9840500
PYPL,2024-04-02,64.10482025146484,64.28326747500404,63.00434654104062,63.40091357575307,10329300
PYPL,2024-04-03,64.77897644042969,64.8929944776158,63.85696883389925,63.92636749989253,7176100
PYPL,2024-04-04,63.98585510253906,65.79022812868928,63.787567780832056,65.42340225644725,9933400
PYPL,2024-04-05,64.59062194824219,64.90787411751089,63.509976782868954,64.14448112140634,8062300
PYPL,2024-04-08,65.77039337158203,66.1273029745949,64.76907079568981,64.9673505467469,8421400
PYPL,2024-04-09,66.42473602294922,66.68250577316581,65.8150185489855,66.3751622988693,8446300
PYPL,2024-04-10,65.3143539428711,65.62169743735404,64.49148604187175,64.56088472180878,8566300
PYPL,2024-04-11,65.23503875732422,65.80807134193526,64.12465244740083,65.27965056825144,8785500
PYPL,2024-04-12,64.03541564941406,65.40357157571002,63.60911496384329,64.81863348278517,9934000
PYPL,2024-04-15,62.96469497680664,64.90786909051226,62.706929027468405,64.50138576180247,11008700
PYPL,2024-04-16,62.88538360595703,63.658685233140844,62.37976040207233,62.449162854048396,9912700
PYPL,2024-04-17,62.71684265136719,63.42074940588408,62.04268466799105,63.232378341432195,8000900
PYPL,2024-04-18,61.56679916381836,63.48022821526001,61.418089354055624,63.30177341798974,9240000
PYPL,2024-04-19,61.775001525878906,61.92371134184588,61.195021519581616,61.467661855103586,13177900
PYPL,2024-04-22,62.64744186401367,63.08862073910262,61.94353891521374,62.498732050827904,9958200
PYPL,2024-04-23,63.876792907714844,64.14447131176951,62.65735435946293,62.83580915012844,9913000
PYPL,2024-04-24,64.28327178955078,64.53112525739554,63.47031271757547,63.55954389922112,8189100
PYPL,2024-04-25,63.54962921142578,63.84705640573691,62.40950550036069,62.925041180037724,11711200
PYPL,2024-04-26,65.3936538696289,65.73073849757851,63.20263026156123,63.57936478561119,14200900
PYPL,2024-04-29,66.4148178100586,66.97001476063268,65.43332012605642,65.43332012605642,19142400
PYPL,2024-04-30,67.33683776855469,70.05529934177122,66.6428509868557,69.398980725444,43903400
PYPL,2024-05-01,65.57211303710938,67.21786369901349,64.92769250607599,66.42472957406662,17966500
PYPL,2024-05-02,66.40489959716797,66.8609490371242,65.26477221533389,66.12729737973255,14480600
PYPL,2024-05-03,65.13589477539062,67.30709378919975,64.16431332098655,67.05924029680651,15435200
PYPL,2024-05-06,65.04666900634766,65.53245971754916,64.39233217731504,65.43331983663491,11257600
PYPL,2024-05-07,65.35400390625,66.19670422695764,65.20529030521031,65.51263376439579,9232200
PYPL,2024-05-08,63.262123107910156,65.13589101517763,63.22246564375002,64.89795379410467,11183800
PYPL,2024-05-09,63.89661407470703,63.916446585766856,62.865546634255175,63.32159605810344,8368700
PYPL,2024-05-10,62.38967514038086,64.38241913692866,62.34010520327063,64.0354182313257,8745800
PYPL,2024-05-13,63.40092086791992,63.8767990951427,62.64744417169254,62.89034330481456,7311600
PYPL,2024-05-14,64.0255126953125,64.30310738237124,63.71816923702211,63.83714163028496,7556500
PYPL,2024-05-15,63.351348876953125,64.96735078937776,62.93495307790173,64.5509587722702,10972600
PYPL,2024-05-16,63.54962921142578,63.87679761239047,62.87546745968996,63.04400978859585,8113600
PYPL,2024-05-17,63.92637634277344,64.15439732091302,63.29682635167889,63.52980924057478,8204800
PYPL,2024-05-20,64.21387481689453,64.47660645852486,63.22246470127774,63.97395586077326,6429000
PYPL,2024-05-21,63.54962921142578,64.13456734320093,63.15306592225075,63.8371401488898,6576000
PYPL,2024-05-22,61.656028747558594,63.361261856600066,61.313993525621875,63.24229324818485,14532200
PYPL,2024-05-23,61.05126953125,62.14678143250099,60.69435992357759,62.00302596374716,10533400
PYPL,2024-05-24,61.110748291015625,61.527144069053534,60.74392623036921,61.418087941902094,8176800
PYPL,2024-05-28,61.636199951171875,62.33019043309633,61.21980793118352,61.76508481628707,11159600
PYPL,2024-05-29,60.52581787109375,61.0611822850476,60.32753433459856,60.70427267574503,8142800
PYPL,2024-05-30,61.97328186035156,62.796157221121504,61.596547297488534,62.231051594883034,11867500
PYPL,2024-05-31,62.449161529541016,63.014267134642715,61.239635394157986,62.19139180465097,14269000
PYPL,2024-06-03,62.915122985839844,62.97460917925908,62.042681507353606,62.49873097773647,9039800
PYPL,2024-06-04,62.7862434387207,63.579370012005164,62.48881624630921,62.59787237926758,9046100
PYPL,2024-06-05,62.98452377319336,63.262122236546816,62.310362019532505,63.21254851605749,8846100
PYPL,2024-06-06,66.4445571899414,67.23769134671772,63.61902904774363,63.73304709385595,22068800
PYPL,2024-06-07,66.72216033935547,67.71258339742474,65.63159896810866,65.92902617188288,13195000
PYPL,2024-06-10,66.51395416259766,66.91052123085747,65.23503690238852,66.3949893368411,11972300
PYPL,2024-06-11,64.21387481689453,66.57344473397711,63.85201086217346,66.55361222024875,15108700
PYPL,2024-06-12,62.88538360595703,65.2945196712,62.35993545230073,64.89795260077842,14137500
PYPL,2024-06-13,61.01161575317383,63.07871294353914,60.99178702022272,62.578047836870034,11985400
PYPL,2024-06-14,60.1143798828125,61.11075190662199,59.79217339236641,60.76375855601365,10366000
PYPL,2024-06-17,59.61371994018555,60.11933937424151,58.97029025011344,59.8516571625846,13558500
PYPL,2024-06-18,58.612388610839844,59.59389003425047,58.523161208711606,59.40551897312203,13500300
PYPL,2024-06-20,59.28654861450195,59.4848321447064,58.28522227078799,58.74127174289757,12928500
PYPL,2024-06-21,60.08959197998047,60.23830178318243,59.15766057269651,59.40551402664333,18848700
PYPL,2024-06-24,58.97921371459961,60.04002626956776,58.949468726311714,59.48483313216774,10464700
PYPL,2024-06-25,58.820587158203125,59.05852437087736,58.46367755724797,59.05852437087736,9248800
PYPL,2024-06-26,57.759769439697266,59.2369777454379,57.53174470723008,59.227065270958335,12599400
PYPL,2024-06-27,57.86882781982422,57.98780020986941,56.71878785632775,57.97788395306038,11648900
PYPL,2024-06-28,57.53174591064453,58.255477584990366,57.40286482999573,57.81925684183424,28102000
PYPL,2024-07-01,57.31364059448242,57.86387562760887,56.54033515817433,57.85891749901976,12237500
PYPL,2024-07-02,58.463680267333984,58.76110368793575,57.81925970441017,58.275309201462484,13231600
PYPL,2024-07-03,59.12792205810547,59.49474412768889,58.38931979068995,58.52315899785426,6908300
PYPL,2024-07-05,59.246891021728516,59.643458081264946,58.32487960490227,58.87015647530705,12243800
PYPL,2024-07-08,58.58264923095703,59.51457696295691,58.12659973116628,59.20724106533202,10320400
PYPL,2024-07-09,58.4934196472168,59.187410128233566,57.91839777433483,58.39427977076177,8473600
PYPL,2024-07-10,58.394283294677734,58.80076286378331,57.70029277178077,58.58265058408722,7697100
PYPL,2024-07-11,59.47492218017578,60.40684989494123,58.91972902856049,59.03869763892664,13082000
PYPL,2024-07-12,59.75251770019531,60.00037118138978,59.266723212998805,59.87148631222434,8166200
PYPL,2024-07-15,59.95079803466797,60.4960749077392,59.30637750525593,59.732685772661966,9443000
PYPL,2024-07-16,61.279293060302734,61.487489066675195,60.15899432105355,60.27796292727441,9198800
PYPL,2024-07-17,60.71418762207031,61.309034436771704,60.134207628501066,60.58530275883894,8322100
PYPL,2024-07-18,59.484832763671875,60.80341503859964,59.42534656940843,60.03010964095011,9102000
PYPL,2024-07-19,58.820587158203125,59.31629409687555,58.245565294010085,59.2964653654954,9352900
PYPL,2024-07-22,60.24822235107422,60.2680510826423,59.00895499264817,59.38569332855396,7489500
PYPL,2024-07-23,59.197322845458984,60.42667774103121,59.177494113698025,60.19865299869602,7572000
PYPL,2024-07-24,57.5713996887207,59.147747799118974,57.48217229447387,59.03869167482357,11801700
PYPL,2024-07-25,56.728702545166016,58.146424674162795,56.70887381403988,57.66063021643186,12515700
PYPL,2024-07-26,57.78951644897461,57.809345180571235,56.48085041914847,57.10543844569468,11323400
PYPL,2024-07-29,58.43393325805664,58.592559329024034,57.57140423354293,57.99771250838227,12346800
PYPL,2024-07-30,63.45048904418945,64.50138534853977,61.89396953737969,62.23600854010556,44232800
PYPL,2024-07-31,65.21520233154297,66.41481219136713,63.6190254159692,64.44190073296933,25825900
PYPL,2024-08-01,64.74923706054688,66.72215609661129,64.46172613221758,65.21520278701549,19086400
PYPL,2024-08-02,61.44783020019531,63.49014410037364,60.367188948354624,63.45048663855805,23117100
PYPL,2024-08-05,59.940879821777344,60.53077226643562,58.14642319292765,60.17882080728585,17445400
PYPL,2024-08-06,62.21122360229492,63.03409897284564,59.782258737131265,60.07968215732715,14358900
PYPL,2024-08-07,62.20130920410156,64.45181919118164,62.10216554580543,62.80111415450368,13464400
PYPL,2024-08-08,63.728084564208984,64.1196972922217,62.558215854468834,63.004352867834804,9761200
PYPL,2024-08-09,64.16431427001953,64.93761596750198,63.91646077396037,64.24362920409169,8605300
PYPL,2024-08-12,62.915122985839844,64.57078232559911,62.74162631579677,64.39232752728516,7519500
PYPL,2024-08-13,64.55095672607422,65.0764048591806,63.172892072267395,63.45048674153964,8638600
PYPL,2024-08-14,65.57211303710938,65.81996650566933,64.10482473901152,64.50138423759738,8944800
PYPL,2024-08-15,67.3566665649414,67.53512137950767,66.47430874955492,66.58336488978365,12968300
PYPL,2024-08-16,67.3764877319336,67.96142586611705,66.79155716163794,66.79155716163794,9526800
PYPL,2024-08-19,68.8338623046875,68.86360350927275,67.58467876489664,67.63425248179686,9578100
PYPL,2024-08-20,71.27274322509766,71.93698870933675,68.83386598806653,69.39897159708731,23546000
PYPL,2024-08-21,70.846435546875,72.14518532004205,70.26150498347197,71.4462442773785,10455500
PYPL,2024-08-22,70.90591430664062,72.62106357306368,70.31106751711313,71.12402656104108,11811100
PYPL,2024-08-23,71.0843734741211,71.45119933944817,70.23175691657323,71.38180066913091,8222200
PYPL,2024-08-26,71.42145538330078,72.40295298682925,71.05462953209495,71.4511965888793,9063000
PYPL,2024-08-27,70.9753189086914,71.72879560584965,70.68781552808623,71.13394876657227,9396900
PYPL,2024-08-28,69.82527923583984,70.9753153929578,69.42375782831401,70.65806325679895,9277700
PYPL,2024-08-29,72.53184509277344,73.2952304733263,70.63824089905881,70.78695449793967,13181600
PYPL,2024-08-30,71.80810546875,73.05728903782452,71.14386000448405,72.87883424224245,9635000
PYPL,2024-09-03,71.38179779052734,72.32165619174742,70.78695098838378,71.13889867226843,8571300
PYPL,2024-09-04,71.98656463623047,72.61115267675659,70.97531821188775,70.99019637931997,8369000
PYPL,2024-09-05,71.41153717041016,73.76119067727876,70.4052527351721,73.02754655885362,11473800
PYPL,2024-09-06,68.29850006103516,71.43137148245484,67.96142298003777,71.32231535298216,12315800
PYPL,2024-09-09,68.75455474853516,70.04339588713589,67.66400093488963,69.78760788530448,11869300
PYPL,2024-09-10,68.25884246826172,69.14120019493177,66.5734419387293,68.74463313978077,12317500
PYPL,2024-09-11,68.75455474853516,69.10154811234672,67.17821022555344,68.56619124468776,12344900
PYPL,2024-09-12,69.7558822631836,69.77570721297465,68.44721622422892,68.54635610095973,8369100
PYPL,2024-09-13,69.49811553955078,70.01365502307719,69.26017831232448,69.43863312371623,7572600
PYPL,2024-09-16,70.45977783203125,70.62831636118803,69.46836404091563,69.85501481433977,6495000
PYPL,2024-09-17,71.15377044677734,71.55033750936613,70.50935747944409,71.3124002973679,6187200
PYPL,2024-09-18,72.4921875,73.23574792919516,70.74729690826676,70.83652052910402,13498200
PYPL,2024-09-19,76.90397644042969,77.57318385300964,74.16767194003963,74.35604300275739,21662400
PYPL,2024-09-20,76.1009292602539,76.90397205848264,74.81406996792242,76.64620233953872,27274600
PYPL,2024-09-23,77.00312042236328,78.12342303753522,76.68586825786508,76.86432307313834,12839800
PYPL,2024-09-24,77.66736602783203,78.15316431443235,77.00312048969069,77.21131651371014,14724800
PYPL,2024-09-25,76.69578552246094,78.57947358310525,76.67595300723224,77.55831840158915,13822400
PYPL,2024-09-26,79.39242553710938,79.7394188832557,77.79624858094866,78.26716866242492,13316700
PYPL,2024-09-27,77.21131134033203,79.93769954878302,77.0626053073449,79.70967858894424,11575300
PYPL,2024-09-30,77.36003112792969,77.92018244329971,76.57681318134037,77.20140882542044,6846900
PYPL,2024-10-01,76.8048324584961,78.33161070090303,75.73410368113734,77.53847659236601,10608700
PYPL,2024-10-02,76.77509307861328,77.10225390956795,75.52590947532582,76.8048342847103,8073300
PYPL,2024-10-03,76.64620208740234,76.73543326684944,75.38710982988395,75.8729004970019,9121300
PYPL,2024-10-04,78.67860412597656,78.84714266596801,77.31541007555835,77.488910525712,10070400
PYPL,2024-10-07,79.57087707519531,79.79889802307378,77.93999706936147,78.60920443825283,9206600
PYPL,2024-10-08,80.46315002441406,80.70108722558058,78.89175244860124,79.30319009546689,8618500
PYPL,2024-10-09,80.94894409179688,81.29593743392024,80.15580996932556,80.1855511752379,6926000
PYPL,2024-10-10,78.30187225341797,79.3874641078203,77.85573146519438,79.25362867885217,11326100
PYPL,2024-10-11,79.81873321533203,80.03287443712294,78.48032599650418,78.85706054610468,7744800
PYPL,2024-10-14,79.97735595703125,80.28469940355447,79.13465567104208,79.65018756100056,5865400
PYPL,2024-10-15,78.86697387695312,80.36400332706502,77.9746999095401,79.46182066726604,7291600
PYPL,2024-10-16,80.1260757446289,80.15581695313254,78.76783589981966,79.12474552963978,5434800
PYPL,2024-10-17,79.13465118408203,80.20537993007856,78.54475874817041,80.05666634359784,8654000
PYPL,2024-10-18,80.24504089355469,80.27478209937165,78.2622131576241,78.81740250324066,8844300
PYPL,2024-10-21,79.8683090209961,80.6614432425936,79.35277707167967,79.62541743309684,7450300
PYPL,2024-10-22,80.21529388427734,80.72090947436006,79.35276115855102,79.36267741440176,7571300
PYPL,2024-10-23,80.13599395751953,81.53388373851855,79.40234216504929,80.54246975680154,7632100
PYPL,2024-10-24,80.69116973876953,81.7718147295511,80.22520403583812,80.53750180777877,7398800
PYPL,2024-10-25,80.9985122680664,82.08907360464765,80.70109263763423,81.30585571923373,7201000
PYPL,2024-10-28,82.87228393554688,82.98134006921734,81.17696708106214,81.32568067823892,15243500
PYPL,2024-10-29,79.59070587158203,80.5523785550147,76.15049846337968,77.36994087607695,35206400
PYPL,2024-10-30,77.54839324951172,79.02559778131054,77.3203647338656,78.35143605473667,14910500
PYPL,2024-10-31,78.61912536621094,79.13465726656362,77.62771146531993,77.81607496304552,13919300
PYPL,2024-11-01,76.58672332763672,77.63662876575978,75.80350544354516,77.19644075468662,16473600
PYPL,2024-11-04,77.45916748046875,77.76651094162762,76.33887246470074,76.59664220389877,10257000
PYPL,2024-11-05,78.56954956054688,78.72817941114589,77.07053075349164,77.07053075349164,6573900
PYPL,2024-11-06,80.71100616455078,80.98860083578668,79.30815464165953,80.64656184305406,11546500
PYPL,2024-11-07,80.65151977539062,82.0295845002188,80.43340750575373,80.9935587833314,7994300
PYPL,2024-11-08,82.29727172851562,82.35675414335202,80.65152098842114,80.76057712487983,8144200
PYPL,2024-11-11,86.19351959228516,86.71896770459686,82.6640812635215,83.34815921707524,15459400
PYPL,2024-11-12,85.65815734863281,87.1651030583754,84.93938382690801,86.13403175638844,10036900
PYPL,2024-11-13,86.56034851074219,87.14528666741377,85.34091360271744,86.05473284833587,9256600
PYPL,2024-11-14,85.05339813232422,86.72194637013348,84.74110033799315,86.31249043861527,8468300
PYPL,2024-11-15,85.09305572509766,85.45987402235019,84.37031112886137,84.61717373129108,8083200
PYPL,2024-11-18,83.94300842285156,86.09437465070816,83.84882289737475,85.31611871577115,10148100
PYPL,2024-11-19,83.36798858642578,83.51174783316105,81.79164416589457,82.27743484365803,12442700
PYPL,2024-11-20,84.01241302490234,84.86502959676817,83.51670606748678,83.7843920602684,6076300
PYPL,2024-11-21,84.09172821044922,84.75597372008326,83.48696511544273,84.42881287574382,7250100
PYPL,2024-11-22,86.02497863769531,86.05472740762198,83.8438711374376,83.95292726883925,6786000
PYPL,2024-11-25,87.01639556884766,87.9780682719494,86.22326897903218,87.23450783931047,12998300
PYPL,2024-11-26,86.19351959228516,87.42287060636228,86.15386213197465,86.64956904002527,5610400
PYPL,2024-11-27,85.82669830322266,86.90734335323174,85.52927111708391,86.79828722257336,5477900
PYPL,2024-11-29,86.02497863769531,86.33232208250341,85.08313848164939,85.64824408805447,4469700
PYPL,2024-12-02,85.78704071044922,86.71897216597276,85.10296272170216,85.80687322356836,7273500
PYPL,2024-12-03,84.40897369384766,85.65815724956425,83.88847991530847,85.65815724956425,8189800
PYPL,2024-12-04,88.56300354003906,89.36604636080192,84.5081168456617,84.94434137244035,15536000
PYPL,2024-12-05,88.28044891357422,89.49492942834354,87.512101628267,88.820767673762,9025600
PYPL,2024-12-06,89.1082763671875,89.26690621786277,87.78473975165197,88.721625561026,6955500
PYPL,2024-12-09,89.22725677490234,92.85583551441475,88.95957833268848,91.4579381942749,10714200
PYPL,2024-12-10,87.99789428710938,89.22724532706043,87.61619784198851,89.16776291728632,6697500
PYPL,2024-12-11,89.97081756591797,90.24841226664302,87.0857992893362,87.85910853778381,6657200
PYPL,2024-12-12,88.63240051269531,90.3871997151201,88.56795619141245,89.65355557730459,4711100
PYPL,2024-12-13,90.23848724365234,90.4020714400943,89.04879362356779,89.64364043361007,8358100
PYPL,2024-12-16,90.51608276367188,90.67470503809685,88.75135984994273,90.01045960891123,7402500
PYPL,2024-12-17,90.0798568725586,91.21006797936587,89.4552689126557,90.1195143315204,8395600
PYPL,2024-12-18,84.71631622314453,90.30789011262293,84.4446743162653,89.91628494332886,12583700
PYPL,2024-12-19,86.03489685058594,87.66081503805069,85.42022507476864,85.53918990162991,9522400
PYPL,2024-12-20,86.38188934326172,87.47245067123275,83.77447354067576,84.18095686544454,22052700
PYPL,2024-12-23,86.15386962890625,86.4909467250466,85.23185439714476,85.72756134833077,5633100
PYPL,2024-12-24,87.49227905273438,87.57159398222295,85.84652830334248,86.1538717641387,3276300
PYPL,2024-12-26,87.38322448730469,87.96816264794342,86.51078293890293,86.84786004945994,4800600
PYPL,2024-12-27,86.11421203613281,86.9023842720047,85.46285540267212,86.60991898657618,5125000
PYPL,2024-12-30,84.69649505615234,85.32901764784737,83.93310963370402,84.95426480409999,5855000
PYPL,2024-12-31,84.61717224121094,85.16245289494046,84.31975261872101,84.9988686988216,4533200
PYPL,2025-01-02,85.44004821777344,86.19352488214103,84.09172474001569,85.09800922000501,6224500
PYPL,2025-01-03,86.84785461425781,86.94699448975315,85.56892979787125,85.98532937717194,6132500
PYPL,2025-01-06,88.76128387451172,89.31647322942175,86.96682716390062,87.26424679093627,7869200
PYPL,2025-01-07,87.21468353271484,89.19751136771524,86.84785766024011,88.76128682357103,6080800
PYPL,2025-01-08,87.18494415283203,87.47245510259995,86.04481661103183,87.30390898453733,7400000
PYPL,2025-01-10,82.6442642211914,86.34223387322585,81.53387791793733,86.04481423827615,11341200
PYPL,2025-01-13,83.26884460449219,83.39773324194992,81.08773722655572,81.48430426724067,7402400
PYPL,2025-01-14,86.43145751953125,86.6495697711358,84.02232162352254,84.55768599640083,8958400
PYPL,2025-01-15,88.8703384399414,89.41561909239043,87.7103860307908,87.9582394975608,10024100
PYPL,2025-01-16,88.1565170288086,89.59704424598796,88.08711836241346,89.18758833231298,5816400
PYPL,2025-01-17,91.02171325683594,92.44439743303124,89.23221075629009,89.98073313705818,16499700
PYPL,2025-01-21,88.99922180175781,91.41827411990579,88.62248724560679,91.41827411990579,12629300
PYPL,2025-01-22,89.07853698730469,89.59407644868053,88.37463402924992,89.22725058438955,7345700
PYPL,2025-01-23,88.9595718383789,89.00913799463575,87.48235969361345,88.98931304491056,7540600
PYPL,2025-01-24,88.34489440917969,89.25104817809883,88.07720841684205,88.8207688517321,6004700
PYPL,2025-01-27,89.46519470214844,89.51476842629643,86.63966639514435,86.79333435055946,6923800
PYPL,2025-01-28,87.43280029296875,89.05871859602121,86.13404285093068,88.98931992078927,8666000
PYPL,2025-01-29,87.99789428710938,88.64726914010102,87.41295619007725,87.41295619007725,5234500
PYPL,2025-01-30,88.80094146728516,90.14431061093815,88.07720600238788,88.74145905456867,7708500
PYPL,2025-01-31,87.8194351196289,89.62380791047848,87.77977766045908,88.80093265144991,8331400
PYPL,2025-02-03,88.74146270751953,88.93974246732827,85.26159770649377,85.75730466990362,11215000
PYPL,2025-02-04,77.0576400756836,81.9800137803648,76.71560108678011,81.5537055217715,58801900
PYPL,2025-02-05,78.51998138427734,78.81740859320317,77.0031192593095,77.5384836970431,23631900
PYPL,2025-02-06,77.8953857421875,79.05533812912446,77.43933627973077,78.9958557186828,14440500
PYPL,2025-02-07,76.64620208740234,78.80748457631283,76.56689472820061,78.3216939091949,13597300
PYPL,2025-02-10,77.56822204589844,78.24238380591018,76.94363400684303,77.4889146818113,11815600
PYPL,2025-02-11,75.55564880371094,77.18156691696576,75.38711026409136,77.14687136534404,15769400
PYPL,2025-02-12,75.6151351928711,76.19015707300251,74.65347005885688,74.77243488654764,11782500
PYPL,2025-02-13,75.93238067626953,76.26451096146037,75.07977175171938,75.71427599001404,9958600
PYPL,2025-02-14,77.30054473876953,77.65745435594003,75.97204614954865,76.2397321443705,10504600
PYPL,2025-02-18,77.94496154785156,78.08375888519132,76.83556615452063,77.52856197194468,11281200
PYPL,2025-02-19,77.68719482421875,78.32169912339855,76.86928137158651,77.82599216692134,9082300
PYPL,2025-02-20,76.96346282958984,77.49882727452808,76.19016115264179,77.4492611149655,9319300
PYPL,2025-02-21,74.30646514892578,76.81474854704,74.1081854041686,76.77509108531108,15171700
PYPL,2025-02-24,74.60389709472656,75.22848513810138,73.33488849390211,74.59894274815181,12873300
PYPL,2025-02-25,73.43402099609375,76.90198761118354,72.07578134614488,76.47270676040641,20647200
PYPL,2025-02-26,71.4313735961914,73.84050964457128,71.15377135411799,73.69179604871817,15277600
PYPL,2025-02-27,70.12271118164062,71.9270842467286,69.97399757812316,71.53051715864471,11661200
PYPL,2025-02-28,70.43995666503906,70.5093553315865,69.08369871379952,69.89467602510388,13601300
PYPL,2025-03-03,69.151123046875,70.95549613421643,68.9032695592518,70.48953036726269,15753700
PYPL,2025-03-04,66.90061950683594,68.48688038122421,65.77040059720277,68.40756544653267,20180000
PYPL,2025-03-05,68.90325927734375,69.09163032027243,67.11871140719586,67.39631362557546,14464300
PYPL,2025-03-06,67.4954605102539,69.26017605204359,67.07807005203114,68.2291046825275,11226900
PYPL,2025-03-07,69.87486267089844,70.37056967531662,67.24265212377144,67.38641139083033,16388300
PYPL,2025-03-10,67.57478332519531,69.36924028337617,66.4148231716722,68.42739242477003,15035200
PYPL,2025-03-11,67.39632415771484,68.35798934280596,66.58831936192306,67.8226324619875,12133100
PYPL,2025-03-12,68.03082275390625,68.78429185211425,67.32195790080569,68.27867622239542,11545800
PYPL,2025-03-13,66.33550262451172,68.31833027340862,66.1272990651568,67.74330843989559,9778300
PYPL,2025-03-14,68.35797882080078,68.54634986417152,66.9402567772694,67.22776768835054,9828700
PYPL,2025-03-17,69.0519790649414,69.61708468061609,67.39631968124914,68.08039012303152,7971200
PYPL,2025-03-18,68.28858184814453,68.86360368454692,67.70365131944666,68.47695289618017,7520800
PYPL,2025-03-19,69.39897918701172,69.87486122954786,68.22911037816084,68.50670508468673,6876400
PYPL,2025-03-20,69.0718002319336,70.20201140138676,68.65540823558503,68.83881737504842,7453600
PYPL,2025-03-21,69.58734130859375,69.80545356818735,67.96142318202551,68.03082184972462,14603800
PYPL,2025-03-24,70.36064147949219,71.04471944996848,69.8996301103794,70.93566332238858,9911000
PYPL,2025-03-25,70.2515869140625,71.09428718455636,69.94226173466508,70.39038424972561,6690600
PYPL,2025-03-26,69.36922454833984,71.0050588252718,68.94787065929069,70.32098088527242,7449600
PYPL,2025-03-27,68.26876068115234,69.35436009473285,68.11013082899096,68.4670404324664,7883100
PYPL,2025-03-28,64.59062194824219,67.65408749862851,64.39233461501902,67.47563268067184,16536300
PYPL,2025-03-31,64.68975830078125,64.8682131089941,62.85564406096964,63.72808558785025,11562000
PYPL,2025-04-01,65.53245544433594,65.79022516901492,64.04533463592942,64.06516714915189,8000600
PYPL,2025-04-02,66.57344055175781,66.98983254724202,64.54103916388108,64.68975275195038,8123000
PYPL,2025-04-03,61.18014907836914,63.39100155710531,60.4266762003828,62.55821375409737,18479900
PYPL,2025-04-04,57.86882781982422,59.673200800793786,56.82784398956391,59.48483352280469,22125000
PYPL,2025-04-07,58.02745056152344,60.95212213162563,55.3704611807469,56.252822670869385,20263200
PYPL,2025-04-08,56.91707229614258,60.73401432843674,55.9752283273335,59.24689346672048,16533600
PYPL,2025-04-09,63.40092086791992,63.61902935834872,56.024798891106876,56.1834249668478,22502000
PYPL,2025-04-10,60.04002380371094,61.913795365307,58.43393065210544,61.76508177580675,14398100
PYPL,2025-04-11,62.05259704589844,62.27070931726152,59.92700461525455,60.01028302098723,12919400
PYPL,2025-04-14,61.73534393310547,63.35134964711983,61.16032205645912,63.153066110967856,8997500
PYPL,2025-04-15,61.4676628112793,62.2508807128315,61.115711324822186,61.82457242626228,9140800
PYPL,2025-04-16,59.722774505615234,60.93229688187984,59.207238828050045,60.84802760874404,9833600
PYPL,2025-04-17,60.47624588012695,60.94221160778601,59.61569861341321,59.83182535387269,9023700
PYPL,2025-04-21,59.76738739013672,60.43659102274113,58.94451581176334,59.72277557953693,7354100
PYPL,2025-04-22,60.892642974853516,61.37843747425882,59.43526704052576,60.208568711064736,9390100
PYPL,2025-04-23,61.92371368408203,64.01559769919291,61.63620273428278,62.17652529731544,9838900
PYPL,2025-04-24,64.21387481689453,64.27336479419185,62.22113454685287,62.35993566934423,10877000
PYPL,2025-04-25,64.77897644042969,64.85829136267552,63.93132184607516,63.93132184607516,8693400
PYPL,2025-04-28,64.37250518798828,65.25486295879031,63.57937103801691,64.74428540255839,14251500
PYPL,2025-04-29,65.75057220458984,66.8510422832071,63.80740178966889,65.80014592714987,19706800
PYPL,2025-04-30,65.27469635009766,65.42340996793487,62.9944486108526,64.59558015743723,10293800
PYPL,2025-05-01,64.848388671875,65.55229165320489,64.29319172865931,65.05658468912289,10073000
PYPL,2025-05-02,66.66267395019531,67.17821345598179,65.41349778040397,65.56716573720374,10081500
PYPL,2025-05-05,67.95149993896484,68.76445891866302,66.33549823504524,66.38506438465551,12000300
PYPL,2025-05-06,67.4657211303711,68.338162667948,67.21786764725273,67.36657368601333,7659400
PYPL,2025-05-07,68.1002197265625,68.34807318887914,67.13854708255197,67.74826448196242,8103700
PYPL,2025-05-08,69.87486267089844,70.33685742374966,68.70499383791598,68.70499383791598,11791500
PYPL,2025-05-09,69.65674591064453,70.70764227215764,69.40889242433384,70.26150902235366,7470500
PYPL,2025-05-12,71.68914031982422,73.51334592144731,71.2330908103905,72.34347715763447,12513000
PYPL,2025-05-13,71.6693115234375,72.02622113147669,71.27274445185087,71.78828391407981,8076200
PYPL,2025-05-14,72.05596160888672,72.7102908410776,71.61973707816767,72.03613665925754,7724000
PYPL,2025-05-15,70.95549011230469,72.04604385251511,70.82660903267835,71.71887546128572,8116500
PYPL,2025-05-16,71.56025695800781,71.5999144224244,70.46970316015923,70.8563539833611,8717900
PYPL,2025-05-19,71.69905853271484,71.91717081793367,70.49944852789974,70.54902225231797,7434900
PYPL,2025-05-20,71.98656463623047,72.1551031856583,71.12403181121908,71.2727454105504,8403200
PYPL,2025-05-21,71.03480529785156,72.57546329897772,70.8910460509254,71.58007838801575,8094300
PYPL,2025-05-22,70.83651733398438,71.36692738021866,70.66797879296857,70.86130419328376,6451000
PYPL,2025-05-23,69.25025939941406,69.53777033806894,68.81404242687545,68.86360858354077,7683600
PYPL,2025-05-27,70.86626434326172,71.3768418638195,70.05825964627402,70.1425289146888,8770900
PYPL,2025-05-28,70.82660675048828,71.41649919218248,70.48952211356847,70.9654040821943,6292100
PYPL,2025-05-29,70.32098388671875,71.82693872430428,69.64682217379767,71.54042623651986,7058300
PYPL,2025-05-30,69.67656707763672,70.46970121631485,68.92309040228128,70.35072882634681,14937200
PYPL,2025-06-02,70.32098388671875,70.35072509165997,68.45712859282509,68.68019519377154,7518200
PYPL,2025-06-03,70.7175521850586,70.81669205791088,69.26017260607877,70.39038379714731,7316400
PYPL,2025-06-04,72.17493438720703,72.44261281002564,70.71755475525933,70.87617704481058,7712300
PYPL,2025-06-05,71.84776306152344,72.91849183696965,71.46111226437132,72.1699695378544,6323600
PYPL,2025-06-06,72.79952239990234,72.98789345984656,72.01630451747205,72.63593820003832,7240200
PYPL,2025-06-09,72.91848754882812,73.33487952683005,72.32363322152597,73.06719356676669,6166500
PYPL,2025-06-10,74.11810302734375,74.62371865496459,72.69046463432595,72.94823435837363,9510700
PYPL,2025-06-11,73.96939086914062,74.56423768980925,73.29522912201281,74.45518155689976,7706100
PYPL,2025-06-12,74.16767120361328,74.6604055441522,73.36462836760118,73.38445331742777,8644600
PYPL,2025-06-13,70.22184753417969,73.5777781005806,69.92541121137843,72.67064104887089,16744400
PYPL,2025-06-16,71.63956451416016,71.86263111014499,70.45977965181808,71.01496896873805,7195500
PYPL,2025-06-17,70.06322479248047,71.4809470994109,69.8599831093872,71.30249227882216,7374300
PYPL,2025-06-18,67.98124694824219,70.66401407956529,66.94025938698158,69.9045922251328,20427700
PYPL,2025-06-20,69.44854736328125,69.94425431786887,67.96142649951838,68.23902118386539,18497900
PYPL,2025-06-23,71.39171600341797,71.52754073440245,69.55760182826009,70.39038586130522,11447900
PYPL,2025-06-24,72.94823455810547,73.30514415733714,71.92707947959337,72.49713943075885,9500900
PYPL,2025-06-25,72.44261932373047,73.61248812442501,71.79324437608732,73.50343198135184,7851900
PYPL,2025-06-26,72.54175567626953,72.74995169457313,70.99515236093538,72.61611625959169,10235600
PYPL,2025-06-27,73.0077133178711,73.11676944350798,72.22945740006662,72.64088748037545,10449500
PYPL,2025-06-30,73.68187713623047,73.89998939376856,73.02754792750362,73.30514259568395,7738000
PYPL,2025-07-01,74.6435546875,75.04507611349567,73.16635006967402,73.31505610605174,8633800
PYPL,2025-07-02,75.65478515625,76.20502012143247,74.35603549013288,74.36595174608661,9361500
PYPL,2025-07-03,75.93238067626953,76.69577355176875,75.81837020510848,76.05135305740747,5263400
PYPL,2025-07-07,75.52590942382812,76.17032995641172,74.9707200733623,75.55565062990485,5918600
PYPL,2025-07-08,74.38578033447266,75.85803051433871,73.8702484579551,75.78367750076464,8758400
PYPL,2025-07-09,74.18750762939453,75.13926411290126,73.73641246720318,74.84183690260434,6755700
PYPL,2025-07-10,75.0500259399414,75.56556538129378,73.49350648720193,73.81572052901903,6380200
PYPL,2025-07-11,70.74729919433594,74.55432508416607,70.18219355244277,74.52458387625929,21877700
PYPL,2025-07-14,73.25556945800781,73.67196146357765,70.92574840144806,70.94557335052342,12993900
PYPL,2025-07-15,72.33355712890625,73.27540487084012,72.31373217904631,73.1365999662695,7333600
PYPL,2025-07-16,72.34347534179688,72.94823844136126,71.11412419227214,72.6309862878101,9671100
PYPL,2025-07-17,73.22582244873047,73.54307455600383,71.7287855219623,71.84775789864739,8522700
PYPL,2025-07-18,73.53316497802734,73.71161977731744,72.65477071525623,73.4637663096305,9011600
PYPL,2025-07-21,74.1775894165039,75.57548667860388,73.60256752582924,73.71162366247059,8200400
PYPL,2025-07-22,75.34745788574219,75.49617148645216,74.12306108998784,74.12306108998784,9094400
PYPL,2025-07-23,76.00179290771484,76.56689852595137,75.25823248562006,76.26451698507732,9283200
PYPL,2025-07-24,77.1518325805664,78.08376410548418,76.68586681810751,77.07251764995891,10504300
PYPL,2025-07-25,77.31045532226562,78.13828497904026,76.83457334633272,76.92379696213348,6888100
PYPL,2025-07-28,77.54839324951172,78.81740177861842,77.26088232277857,77.83590417624488,15978400
PYPL,2025-07-29,70.83651733398438,72.65080651471915,69.70630613769754,71.11411956869495,42890700
PYPL,2025-07-30,69.11145782470703,71.5850380765728,68.95778988984912,71.5701674740954,20790400
PYPL,2025-07-31,68.16961669921875,69.45349578677737,67.87218952627586,68.87847395316096,16657600
PYPL,2025-08-01,66.53378295898438,67.76313399440845,65.99841858132697,67.41614066552512,15181100
PYPL,2025-08-04,67.42606353759766,67.98125291828623,66.69737369349991,67.24264681699388,11756800
PYPL,2025-08-05,67.24760437011719,68.08038838718844,66.83121236158156,67.87219238292063,10714700
PYPL,2025-08-06,68.8239517211914,69.01232278427366,67.62335093011689,67.71357298442324,11913000
PYPL,2025-08-07,67.63426208496094,69.56751629637044,67.09889763475023,69.398977737199,10129300
PYPL,2025-08-08,67.06915283203125,68.02090928233193,66.84112430357426,67.85237073219166,9683400
PYPL,2025-08-11,66.50404357910156,67.89202449660887,66.32558878165223,67.22777146150511,10118600
PYPL,2025-08-12,67.38640594482422,68.14979134182228,66.65276175546546,66.66267044875323,9747500
PYPL,2025-08-13,70.0235595703125,70.12270700935028,67.5648573854834,67.64417231115857,12344700
PYPL,2025-08-14,68.78429412841797,69.22051866783907,67.64417418674746,68.84378410626765,10695400
PYPL,2025-08-15,68.63558197021484,69.5575971238054,68.56618330548812,68.97265903777688,8128000
PYPL,2025-08-18,68.9330062866211,69.3841014201055,68.63558665913962,68.71489402146874,8410200
PYPL,2025-08-19,68.45712280273438,69.76082674701036,68.33815042914485,69.1907668634864,9052800
PYPL,2025-08-20,67.4954605102539,68.51661562282517,67.09889343522651,68.34807707420207,9992300
PYPL,2025-08-21,66.97001647949219,67.28726864629654,66.35038275027368,67.09889757216985,7039500
PYPL,2025-08-22,69.29983520507812,69.54768868752555,67.2376924157824,67.32692360268526,9394100
PYPL,2025-08-25,68.88343811035156,69.21059893459703,68.447213592841,69.05197665070338,6460300
PYPL,2025-08-26,69.57742309570312,69.64682176145085,68.5860092627999,68.80412151626058,9471500
PYPL,2025-08-27,69.0519790649414,69.47828734089865,68.10121350593299,68.13988009997308,8648200
PYPL,2025-08-28,69.45845794677734,69.95416491485629,68.93300977083575,69.39897553105205,5882000
PYPL,2025-08-29,69.58734130859375,70.09295693159257,69.29983038130105,69.41879520370665,5636300
PYPL,2025-09-02,68.65541076660156,68.77834663156332,67.56485701810455,68.32824237288618,12882500
PYPL,2025-09-03,69.04206085205078,69.28991431793662,68.20927683734034,68.31833296744111,11808200
PYPL,2025-09-04,67.8721923828125,69.29983077080384,65.66134369662387,69.10154345920085,14063500
PYPL,2025-09-05,67.67391967773438,69.33949544909362,67.58468848725511,68.28859149795198,7794300
PYPL,2025-09-08,67.8127212524414,68.00108477494054,67.21787434645019,67.8722036738739,7954900
PYPL,2025-09-09,67.0988998413086,67.91185901898027,66.95018622848933,67.61443179334172,8776500
PYPL,2025-09-10,65.076416015625,67.4458949309825,64.67489454560042,66.90062175540038,14352500
PYPL,2025-09-11,66.69241333007812,66.77172826169871,65.14580998291754,65.18546744872785,11154400
PYPL,2025-09-12,66.315673828125,67.16829037003647,66.285932621947,66.63292596716967,7505600
PYPL,2025-09-15,66.53378295898438,67.60451171429919,66.22941969880047,66.72215400775845,9597900
PYPL,2025-09-16,66.27601623535156,66.56352716765468,65.53741773708697,66.26114563229171,9353900
PYPL,2025-09-17,68.03082275390625,68.67523572086802,66.42472955509692,66.56352689233984,18607800
PYPL,2025-09-18,67.93167114257812,69.69639408348536,67.74330766154047,69.47828183439081,14330500
PYPL,2025-09-19,67.63426208496094,68.25885016159594,67.34179677983022,68.16962653517164,19774200
PYPL,2025-09-22,67.0988998413086,67.52520816398328,66.47431174413391,67.17821477666402,13298200
PYPL,2025-09-23,66.73207092285156,68.39764667061192,66.54370741475452,67.22282355381346,10449000
PYPL,2025-09-24,67.27734375,67.99116292462398,66.86095175276512,67.06914775138256,9180600
PYPL,2025-09-25,66.16695404052734,66.91051438093507,65.63158968776735,66.68249344565338,10773700
PYPL,2025-09-26,66.72216033935547,67.04932118684151,65.75057136239595,66.42473313558125,8431600
PYPL,2025-09-29,69.08171844482422,70.64815416751635,67.30708671806097,67.37648538608467,28497000
PYPL,2025-09-30,66.48421478271484,69.23043556565507,66.2760187680333,69.22547365518709,21464800
PYPL,2025-10-01,66.08765411376953,67.21786535310402,65.65142957792541,66.3255913315537,17050100
PYPL,2025-10-02,68.3381576538086,68.35798260289272,66.37515488343087,66.49412726959807,13461600
PYPL,2025-10-03,68.65541076660156,68.9330054410676,67.16828995577265,67.51528329885521,12219800
PYPL,2025-10-06,70.67789459228516,71.25291644320629,68.8556784692496,69.61708207056597,16769900
PYPL,2025-10-07,73.96939086914062,75.02524908145162,72.43269631551631,73.43402646137257,31977500
PYPL,2025-10-08,75.47633361816406,75.84315946537515,72.64585131441622,74.58902155122209,17904800
PYPL,2025-10-09,75.099609375,76.67595398071968,74.38876270362647,76.52724793405817,15774400
PYPL,2025-10-10,69.24034118652344,76.23972826595435,69.16103382532177,75.45651039944507,22326500
PYPL,2025-10-13,68.26876068115234,70.32098711919232,67.57675572623432,70.11279111114627,20036800
PYPL,2025-10-14,68.5562744140625,69.11146379151741,66.19670443210322,66.83121630276479,12968500
PYPL,2025-10-15,67.39632415771484,69.2750502790318,67.25751924489025,68.78925955775448,11247300
PYPL,2025-10-16,65.4828872680664,68.01098802600053,64.85829170692443,67.54502231019218,19258500
PYPL,2025-10-17,66.83121490478516,67.12863453767685,64.88803699656457,64.97231383463276,11151500
PYPL,2025-10-20,68.6058349609375,68.87352093452299,67.06914804147998,67.09393490035085,10016100
PYPL,2025-10-21,69.44854736328125,69.75588325468146,68.23902118386539,68.42738468316495,9032000
PYPL,2025-10-22,67.48554229736328,68.77438336287564,67.3269200102824,68.57609604916503,8173400
PYPL,2025-10-23,69.06189727783203,69.45845679460665,67.46572026198403,67.4855452122676,8199000
PYPL,2025-10-24,69.17094421386719,70.63824010844085,69.14120300720147,69.54768633533371,8638200
PYPL,2025-10-27,69.6468276977539,71.25292096695087,69.52785530466556,70.24663644589508,18821300
PYPL,2025-10-28,72.3930435180664,78.53485265418614,72.20468001044527,75.55565644849837,83722300
PYPL,2025-10-29,69.08171844482422,72.1055337599016,68.71985450183546,72.07578499027358,38505400
PYPL,2025-10-30,67.34674835205078,70.16236027357895,67.31700714446798,69.23539067243799,19550800
PYPL,2025-10-31,68.67523193359375,68.98257536101463,67.03940518288724,67.68381811431118,18370100
PYPL,2025-11-03,67.75321960449219,69.74596358223828,67.12367724899387,68.92805017277709,14619000
PYPL,2025-11-04,65.51263427734375,66.71125335505454,65.38374562561914,66.65276180905768,19711800
PYPL,2025-11-05,67.47563171386719,67.62434532068167,65.3341814929587,65.45314632729969,13606100
PYPL,2025-11-06,65.69107818603516,67.48553468022082,65.64150447223102,67.21785629178406,11480200
PYPL,2025-11-07,65.65142822265625,65.94389350138344,64.22378981764705,64.93760902015165,13449300
PYPL,2025-11-10,65.68116760253906,66.8510362488077,65.17752615934378,66.48421040108462,11129900
PYPL,2025-11-11,66.82129669189453,67.36656978484557,65.66134427340609,65.68116922279677,10032500
PYPL,2025-11-12,66.62300872802734,67.40622658934458,66.32558910674565,66.95017711893598,10134000
PYPL,2025-11-13,64.76907348632812,66.70232761305276,64.59061867740832,65.938942219494,14185800
PYPL,2025-11-14,62.27070999145508,64.09491176475349,62.21122379445457,63.559547337580874,21979900
PYPL,2025-11-17,61.358604431152344,62.627612987393675,60.76375761590017,62.27070716740866,20632700
PYPL,2025-11-18,60.1788215637207,61.11074922296054,59.95079683162831,60.86289575999789,18446600
PYPL,2025-11-19,59.73165512084961,60.37756160428687,58.787633870471,60.22850801150291,25061900
PYPL,2025-11-20,57.73927307128906,60.332845726732884,57.63493442075458,60.19372752602024,21059300
PYPL,2025-11-21,60.188758850097656,60.57630349816608,57.67468443726332,57.87342635159467,20849400
PYPL,2025-11-24,60.1788215637207,60.4471225710098,59.473287600544225,60.22850609306611,21013500
PYPL,2025-11-25,60.83467102050781,61.58491617923441,60.337818114533555,60.47693632169645,11065200
PYPL,2025-11-26,61.44083023071289,61.7687511671361,60.784980776493015,61.013536441823,8335300
PYPL,2025-11-28,62.295413970947266,62.65811824847603,61.73894116029937,61.83831022200457,7875900
PYPL,2025-12-01,62.18611145019531,62.81214338161219,61.440832092205554,61.65944479288216,10923300
PYPL,2025-12-02,62.504093170166016,63.43320562006281,61.75881385791771,62.523963949355085,10834100
PYPL,2025-12-03,60.85454177856445,63.527608880567854,60.02976418679697,62.454404851379316,24402800
PYPL,2025-12-04,61.34145736694336,61.70912744428549,60.00492187933499,60.11919971197892,15994300
PYPL,2025-12-05,61.88799285888672,62.54383850185556,61.09302901751336,61.28183174524997,11152900
PYPL,2025-12-08,60.735294342041016,62.11654472719955,60.60611532391315,62.03208064826519,12544000
PYPL,2025-12-09,60.39743423461914,61.11290358719628,60.109262448219226,60.3676242751573,13214700
PYPL,2025-12-10,60.77504348754883,61.08905638457012,59.78133773805281,60.10926245491606,19985100
PYPL,2025-12-11,61.30170822143555,61.40108107387657,59.473289434074694,59.69687550905195,14023800
PYPL,2025-12-12,61.27190017700195,61.75881769247193,60.61605449312999,60.69555277756869,15964000
PYPL,2025-12-15,60.35769271850586,62.42459883732657,60.24341488216737,61.57001123207583,18187500
PYPL,2025-12-16,60.94397735595703,61.75483936258323,60.56636809786097,61.30170825286797,17316800
PYPL,2025-12-17,59.80121612548828,62.01717963344369,59.75153159297906,61.00359924937087,16357800
PYPL,2025-12-18,59.06586837768555,59.94033049852014,58.544175133680206,59.21492575636513,23734500
PYPL,2025-12-19,59.43354415893555,59.73662472556213,58.429899196789144,58.54914282918243,31927500
PYPL,2025-12-22,59.48322677612305,60.16391278854311,59.383853926753496,59.582595834806,13976100
PYPL,2025-12-23,59.03606033325195,59.691905997480745,58.569017402880014,59.453418732681214,12153600
PYPL,2025-12-24,59.6620979309082,59.76643658640587,58.93669314219578,58.95855403324955,5491700
PYPL,2025-12-26,59.59253692626953,59.731655129161936,59.16027354669379,59.62234688669312,7537800
PYPL,2025-12-29,59.11555862426758,59.76146510799367,58.75285434602631,59.473289521521075,12910100
PYPL,2025-12-30,58.72800827026367,59.22486114493828,58.708137491080905,59.08574294653925,11277900
PYPL,2025-12-31,58.012542724609375,58.668388367735645,57.97279358485951,58.65844918745488,13027300
PYPL,2026-01-02,57.774051666259766,58.42989730926642,57.2871379718159,58.30071450044624,14693100
PYPL,2026-01-05,58.91681671142578,59.72668555892823,57.53556628126322,57.64487073308203,17115900
PYPL,2026-01-06,59.43354415893555,59.55775738162884,58.60876654072243,58.896942127135695,11110800
PYPL,2026-01-07,58.1417236328125,59.75649552844848,57.888331387714835,59.488198303131746,18044300
PYPL,2026-01-08,57.903236389160156,58.62864115535245,57.406383498013106,57.65480994358663,13105200
PYPL,2026-01-09,57.29707717895508,58.489524915876686,56.91946790761442,58.4299012022902,15061500
PYPL,2026-01-12,56.929405212402344,57.416318923241306,56.402738569795616,57.24739075967706,19898900
PYPL,2026-01-13,56.20399856567383,56.93933869764109,55.920792578646896,56.849905028543816,15900500
PYPL,2026-01-14,57.29707717895508,57.426259996382356,55.91582670170657,56.04500951913385,16039900
PYPL,2026-01-15,56.382869720458984,57.49780549394329,56.24374772191195,57.37657553738808,16405300
PYPL,2026-01-16,56.53192138671875,56.61141966888607,55.88601490219954,56.43255232469633,15116900
PYPL,2026-01-20,54.733314514160156,55.72403699352196,54.66872121438886,55.230167389020636,19744400
PYPL,2026-01-21,55.538211822509766,55.975444763288216,54.748217598362935,55.170541769235,15117000
PYPL,2026-01-22,56.790283203125,57.18776321523525,56.19405749892991,56.23380663734687,14540700
PYPL,2026-01-23,56.26362228393555,56.626326574957595,56.0549449721794,56.47230338637856,8758900
PYPL,2026-01-26,56.24374771118164,56.76047519076861,56.139409055306416,56.21393774969925,9971400
PYPL,2026-01-27,55.160606384277344,56.27355959129547,54.857529607686175,56.14437677802454,14240700
PYPL,2026-01-28,53.7396125793457,55.140737634288875,53.30734918288408,54.66375550475825,19222700
PYPL,2026-01-29,52.77571487426758,53.82904058085513,52.19936369914955,53.77935604971761,19463500
PYPL,2026-01-30,52.35835647583008,52.616722102856905,51.732324560229856,52.1099300294433,18607800
PYPL,2026-02-02,52.0006217956543,53.10363195322233,51.992668935445906,52.16954994738298,27452900
PYPL,2026-02-03,41.437530517578125,43.42494201683188,41.169229510296475,42.615069404846544,141690600
PYPL,2026-02-04,40.77174758911133,41.57665064836559,39.70848269084835,41.33815958946874,58018000
PYPL,2026-02-05,39.648860931396484,40.75187112944493,38.63528061176662,40.344451923673894,42842800
PYPL,2026-02-06,40.165584564208984,40.35439108260146,39.132133465935155,39.996656406370036,34921700
PYPL,2026-02-09,40.890995025634766,41.01023865977401,39.55942910723834,39.95690915126476,26034300
PYPL,2026-02-10,41.22885513305664,42.08343893321411,40.49351117630861,40.49351117630861,22787700
PYPL,2026-02-11,40.2053337097168,41.35803222735771,39.75816536436329,41.23878859882564,21538900
PYPL,2026-02-12,38.834022521972656,40.03143597933261,38.21792222779819,40.03143597933261,28004800
PYPL,2026-02-13,40.036407470703125,40.11590196330561,38.84296659623338,38.99301714199548,25092400
PYPL,2026-02-17,40.55313491821289,41.33815961649498,40.11590194173059,40.2450847566628,20342500
PYPL,2026-02-18,41.18910598754883,41.49715235815869,40.334518396785775,40.51338574325649,17925500
PYPL,2026-02-19,41.467342376708984,41.5269660890652,40.59288021558507,40.84627625474051,24646900
PYPL,2026-02-20,41.38784408569336,42.54054255064515,41.25170537318582,41.31331539976,23174000
PYPL,2026-02-23,43.772735595703125,45.402412347202336,40.26992525610165,40.78664888747118,75619500
PYPL,2026-02-24,46.72404479980469,47.697875979503834,42.759157191106326,43.22123051628523,58557200
PYPL,2026-02-25,47.02215576171875,48.19472884934961,46.152663230931516,47.081779471334194,42794100
PYPL,2026-02-26,45.24342346191406,47.42957696076862,44.21493811961321,47.20102508366696,48091800
PYPL,2026-02-27,45.91914367675781,46.12782098303215,45.13411519236947,45.5216636349048,23641200
PYPL,2026-03-02,45.342796325683594,45.66575146604524,44.35902592423664,44.53789326995427,17355300
PYPL,2026-03-03,46.088077545166016,46.66442495651396,44.378902301268866,44.44846140624729,22406400
PYPL,2026-03-04,46.596397399902344,47.174493567014544,45.77909191010924,45.89869657144969,14612800
PYPL,2026-03-05,47.48347473144531,47.75757271995237,46.33227078404329,46.33227078404329,18317700
PYPL,2026-03-06,46.815677642822266,47.57317893099132,46.20269660001562,47.0150174855968,15900100
PYPL,2026-03-09,46.008338928222656,46.373137542904786,44.812280826014074,45.89869973021365,18908300
PYPL,2026-03-10,44.8720817565918,45.66945249860834,44.662772649718136,45.46014339173467,17575900
PYPL,2026-03-11,45.4202766418457,45.988403567412135,44.652806068218595,45.300671973874834,13794100
PYPL,2026-03-12,44.21425247192383,45.92262169483513,44.19431772717744,45.1511626620214,15293100
PYPL,2026-03-13,44.752479553222656,45.1013280838343,44.026870807386615,44.05976332660538,13962500
PYPL,2026-03-16,45.27076721191406,45.749193480269476,45.04152335116581,45.101327585251184,14460200
PYPL,2026-03-17,45.97843551635742,46.825641220377925,45.59370218312091,45.689387432994714,21819800
PYPL,2026-03-18,44.44349670410156,45.925610578780194,44.40362721427611,45.46513051843682,19662700
PYPL,2026-03-19,44.04480743408203,44.69267330710544,43.38897222604767,44.04979207062753,22744600
PYPL,2026-03-20,43.86539840698242,44.40362508735365,43.18763612323347,44.1843505081445,31695500
PYPL,2026-03-23,45.34054183959961,45.58972045119912,43.86540111302628,44.57307125961344,21262500
PYPL,2026-03-24,44.06474304199219,45.11627704605241,43.84546845781882,44.797328739833205,19616500
PYPL,2026-03-25,44.702640533447266,45.8089941558467,44.05477843714681,44.93188819757865,14861200
PYPL,2026-03-26,45.051490783691406,45.82095364709508,44.323889741787795,44.333855212646256,14613000
PYPL,2026-03-27,43.446781158447266,44.642839207424004,43.40691166964317,44.5730695030987,17434200
PYPL,2026-03-30,44.523231506347656,44.86709919940739,43.775695688157825,43.85543466713669,17778200
PYPL,2026-03-31,45.08139419555664,45.32060733692432,44.13451470597892,44.59300624341998,12695000
PYPL,2026-04-01,44.48336410522461,45.35050455631089,43.85543297753141,45.14119544780103,15319900
PYPL,2026-04-02,45.19103240966797,45.27076758694522,43.531501971147925,43.875369666200854,12747700
PYPL,2026-04-06,45.330570220947266,46.287415127471924,45.18106534301985,45.57376801619334,11006800
PYPL,2026-04-07,44.72257614135742,45.31063781676732,44.41359709638597,44.941854536238225,10416300
PYPL,2026-04-08,45.69935607910156,46.1977133048373,45.405327140956146,45.838899296125234,15619000
PYPL,2026-04-09,45.82892990112305,45.92860362730477,44.75746110819383,45.65949026985995,12716600
PYPL,2026-04-10,45.09136199951172,46.02827218482132,44.83221412129679,45.764143472068085,13130500
PYPL,2026-04-13,47.35390090942383,47.717703349426365,44.91195359698058,44.953815420548274,15179300
PYPL,2026-04-14,47.81239318847656,48.175195665098876,47.54327983181286,47.782489169626906,11045300
PYPL,2026-04-15,49.407135009765625,49.59152855189703,47.74262370237989,48.355600960258535,13074000
PYPL,2026-04-16,49.64634704589844,49.78588645752406,48.19114109083346,48.23101058048758,13420600
PYPL,2026-04-17,50.643062591552734,51.031780618846774,49.60946715147564,50.17959022004894,18758600
PYPL,2026-04-20,51.290924072265625,51.34075903373802,50.27427488914081,50.51348802723765,13091800
PYPL,2026-04-21,50.71282958984375,52.12816220870923,50.58824029020431,51.83911412102644,13548100
PYPL,2026-04-22,51.05171203613281,51.290921359413666,50.60318980227665,50.83243365465566,8569700
PYPL,2026-04-23,49.58654022216797,50.71282853202101,49.008444058860945,50.578269962005514,11581400
PYPL,2026-04-24,50.314144134521484,50.42378333052589,49.39716868096426,49.63637801573405,8259300
PYPL,2026-04-27,49.606475830078125,50.3938811136104,49.234700266209614,50.21247608264567,7992800
PYPL,2026-04-28,49.47690200805664,50.314142252765635,49.292512278185264,49.60647594413975,9761400
PYPL,2026-04-29,50.77263259887695,51.699577339444254,49.05828633424301,49.24766071053379,18531700
PYPL,2026-04-30,49.97526168823242,50.28922917194483,49.257626070791346,49.63837095854901,12519900
PYPL,2026-05-01,50.27427291870117,50.74272990294144,50.119783403542655,50.40384685518195,8765800
PYPL,2026-05-04,50.22443771362305,50.89223833483864,50.05499809165358,50.33407690532737,13649500
PYPL,2026-05-05,46.33725357055664,46.561512786988686,44.36375573643458,45.22093071845123,39099400
PYPL,2026-05-06,46.117977142333984,47.30406594551154,45.60466981911918,46.53161454339276,19820100
PYPL,2026-05-07,46.06814193725586,46.990102019889335,45.99837223168341,46.27745105397321,14081600
PYPL,2026-05-08,45.22093200683594,46.217646423222135,45.18106631982495,45.47011061093249,14073700
PYPL,2026-05-11,44.92191696166992,45.37043919469261,44.88204747380932,45.066441003541875,18994500
PYPL,2026-05-12,45.29070281982422,45.54985070363626,44.20428392729802,44.79234559943906,25493000
PYPL,2026-05-13,45.08139419555664,45.58972069515149,44.43851291793015,44.81228083732946,15923800
PYPL,2026-05-14,44.89201736450195,45.63955316243683,44.47339534053331,45.19103092324317,9719500
PYPL,2026-05-15,44.26408767700195,45.08139320529569,44.23418746079924,44.64284022494611,16481200
PYPL,2026-05-18,44.239166259765625,45.08637576744231,44.07471127605416,44.124546234820166,9478900
PYPL,2026-05-19,43.68599319458008,44.872081940557145,43.66605845067748,44.23418534432869,13711800
PYPL,2026-05-20,44.22920227050781,44.264087123028986,42.78895024159058,43.45176624165664,10991400
PYPL,2026-05-21,44.154449462890625,44.543167490821965,43.685996255925005,44.04481026482509,10925200
PYPL,2026-05-22,44.084678649902344,44.56310111860217,43.84546931663433,44.15444835561917,10691700
PYPL,2026-05-26,44.01490783691406,44.29398665276063,43.720878913384816,44.054777325510344,13161000
PYPL,2026-05-27,43.6162223815918,44.583036608634046,43.48665224147403,44.421570115870935,14170300
PYPL,2026-05-28,44.31392288208008,44.43353135187717,43.17766903415451,43.56638705558549,17132700
PYPL,2026-05-29,44.602970123291016,45.05149237099709,44.27903717760532,44.3936610084161,18833300
PYPL,2026-06-01,45.04152297973633,45.83391291563708,44.05477783952934,44.38369161887709,16231000
PYPL,2026-06-02,44.383689880371094,44.991686257170194,44.244150476285455,44.468413491849034,11441400
PYPL,2026-06-03,42.470001220703125,44.353790829614724,42.175968495381674,44.19431667759479,19227300
PYPL,2026-06-04,42.75,43.72999954223633,42.75,43.41999816894531,11255700
PYPL,2026-06-05,41.290000915527344,42.4010009765625,41.06999969482422,41.88999938964844,23894900
PYPL,2026-06-08,41.2599983215332,41.41999816894531,40.654998779296875,41.2599983215332,16778100
PYPL,2026-06-09,41.459999084472656,42.2599983215332,41.06999969482422,41.165000915527344,17585000
PYPL,2026-06-10,40.70000076293945,41.46500015258789,40.5099983215332,41.0,14669100
PYPL,2026-06-11,41.2400016784668,41.2599983215332,40.20000076293945,40.5099983215332,14757100
PYPL,2026-06-12,41.529998779296875,41.59000015258789,40.869998931884766,41.29499816894531,12304100
PYPL,2026-06-15,42.4900016784668,43.34000015258789,42.099998474121094,42.358001708984375,22555300
PYPL,2026-06-16,43.650001525878906,43.95000076293945,42.58000183105469,42.709999084472656,19507100
PYPL,2026-06-17,42.08000183105469,44.7400016784668,42.04999923706055,43.59000015258789,19133700
PYPL,2026-06-18,42.5099983215332,42.816001892089844,41.650001525878906,42.20000076293945,27215200
PYPL,2026-06-22,42.34000015258789,43.33000183105469,42.07500076293945,42.60499954223633,13179000
PYPL,2026-06-23,41.70000076293945,42.470001220703125,41.650001525878906,42.130001068115234,13930000
PYPL,2026-06-24,42.47999954223633,43.380001068115234,41.68000030517578,41.68000030517578,15478100
PYPL,2026-06-25,42.380001068115234,43.0,42.32500076293945,42.70000076293945,10371600
PYPL,2026-06-26,44.290000915527344,44.380001068115234,42.209999084472656,42.279998779296875,33246300
PYPL,2026-06-29,44.380001068115234,44.7400016784668,44.07500076293945,44.6349983215332,16684300
PYPL,2026-06-30,43.18000030517578,44.56999969482422,42.2599983215332,44.56999969482422,14229600
PYPL,2026-07-01,44.06999969482422,44.88999938964844,43.560001373291016,43.86000061035156,22969600
PYPL,2026-07-02,45.470001220703125,45.4900016784668,44.404998779296875,44.404998779296875,14785400
PYPL,2026-07-06,45.09000015258789,45.1349983215332,43.779998779296875,44.45000076293945,11504700
PYPL,2026-07-07,45.650001525878906,46.064998626708984,45.31999969482422,45.43000030517578,10213900
PYPL,2026-07-08,44.529998779296875,45.279998779296875,43.72999954223633,45.09000015258789,9601100
PYPL,2026-07-09,45.31999969482422,45.380001068115234,43.81999969482422,43.869998931884766,9104900
PYPL,2026-07-10,46.31999969482422,46.44499969482422,45.76499938964844,45.95000076293945,10639400
PYPL,2026-07-13,47.650001525878906,48.43000030517578,46.28499984741211,46.900001525878906,20294200
PYPL,2026-07-14,47.369998931884766,47.38999938964844,46.43000030517578,46.70000076293945,9416000
PYPL,2026-07-15,55.52000045776367,55.880001068115234,53.439998626708984,54.845001220703125,90995100
PYPL,2026-07-16,56.72999954223633,57.66999816894531,55.279998779296875,55.40999984741211,33840900
PYPL,2026-07-17,56.560001373291016,57.16999816894531,55.689998626708984,56.4900016784668,19847300
PYPL,2026-07-20,56.81999969482422,57.15999984741211,55.279998779296875,56.4900016784668,24700800
PYPL,2026-07-21,55.849998474121094,56.90999984741211,55.0,56.040000915527344,15952100
PYPL,2026-07-22,55.5099983215332,56.380001068115234,55.23500061035156,55.97999954223633,11187000
PYPL,2026-07-23,56.0,56.08000183105469,54.935001373291016,55.474998474121094,13945300
PYPL,2026-07-24,56.150001525878906,56.47999954223633,55.220001220703125,56.30799865722656,11763000
PYPL,2026-07-27,56.06999969482422,56.584999084472656,55.47999954223633,56.36000061035156,14864400
PYPL,2026-07-28,58.31999969482422,58.79999923706055,56.459999084472656,56.7599983215332,22908900
PYPL,2026-07-29,58.349998474121094,59.470001220703125,58.0,58.099998474121094,18759500
PYPL,2026-07-30,57.650001525878906,57.88999938964844,56.654998779296875,57.400001525878906,11974400
PYPL,2026-07-31,57.209999084472656,57.56999969482422,56.56999969482422,57.11000061035156,9773000
PYPL,2026-08-03,57.869998931884766,58.25,57.334999084472656,58.12799835205078,9303200
PYPL,2026-08-04,58.540000915527344,58.560001373291016,57.18000030517578,57.20000076293945,10322200
PYPL,2026-08-05,57.93000030517578,59.400001525878906,57.90999984741211,59.06800079345703,8523900
PYPL,2026-08-06,59.779998779296875,59.790000915527344,58.099998474121094,58.290000915527344,10754100
PYPL,2026-08-07,59.06999969482422,59.9900016784668,58.810001373291016,59.68000030517578,7962023
