symbol,date,close,high,low,open,volume
QCOM,2018-01-02,52.420413970947266,52.5249371319021,51.592301011936335,51.761139040415316,6329600
QCOM,2018-01-03,53.01536178588867,53.111837131880485,52.01036937189465,52.436485173990214,6844200
QCOM,2018-01-04,53.08772277832031,53.489719777864146,52.99124742418174,53.20832310498095,5060100
QCOM,2018-01-05,53.441497802734375,53.546014845089026,52.66162241304189,53.09578003618995,5421800
QCOM,2018-01-08,53.280677795410156,53.489717945528575,53.0153644466302,53.264600614933606,4266900
QCOM,2018-01-09,52.476688385009766,52.95104805912554,52.211375013169416,52.77416838857348,7632300
QCOM,2018-01-10,52.468650817871094,52.85456450769512,52.16312916827393,52.64553048153523,6569300
QCOM,2018-01-11,52.6053352355957,52.661614578335154,52.372176205964166,52.4204138900299,4233100
QCOM,2018-01-12,52.565128326416016,52.9832086638355,52.323933793893474,52.75004965527228,5007200
QCOM,2018-01-16,54.87259292602539,55.194191767041396,53.087725185674884,53.24852767317673,24478800
QCOM,2018-01-17,54.68766784667969,55.39518647516836,54.06055352341912,55.08966483687106,12559100
QCOM,2018-01-18,54.71181106567383,54.81632810974583,54.261570115387485,54.47061033752082,6797900
QCOM,2018-01-19,54.703758239746094,54.87259626139489,54.47059921918687,54.703758239746094,8864300
QCOM,2018-01-22,55.21027374267578,55.27459474326148,54.4384401376121,54.5188383213501,8566200
QCOM,2018-01-23,54.94496154785156,55.39520247804537,54.86456335338486,55.15400176065622,7825600
QCOM,2018-01-24,54.655513763427734,54.904749935738415,54.1731124655541,54.832387287462446,12383100
QCOM,2018-01-25,54.20526885986328,54.96906676771637,54.10075185802494,54.78414546632423,9122200
QCOM,2018-01-26,55.09772872924805,55.09772872924805,54.35001378038724,54.62337503370752,7919000
QCOM,2018-01-29,54.1248779296875,54.91279477914038,54.0605569350408,54.80023610550249,9745300
QCOM,2018-01-30,53.85957717895508,54.59925660694279,53.65054307455771,54.21333663868877,8059500
QCOM,2018-01-31,54.87259292602539,54.97710994241082,54.2374369018654,54.309799554738156,13915600
QCOM,2018-02-01,53.70680236816406,54.952989404352124,53.320882544074934,53.867598716708486,16838500
QCOM,2018-02-02,53.119873046875,53.89974805727402,52.95103507565247,53.208312860465796,10971700
QCOM,2018-02-05,49.63054656982422,53.50580026203178,48.64163437130631,53.30480177289415,35996000
QCOM,2018-02-06,51.7772216796875,51.8817387052852,50.00843403218374,50.09687387460804,24458700
QCOM,2018-02-07,52.29177474975586,53.16008981254598,51.47169736801366,51.63249986148661,15021200
QCOM,2018-02-08,50.185306549072266,52.31589198375603,50.16922936721264,51.96213264296677,13451600
QCOM,2018-02-09,51.44758224487305,51.712898694972566,49.41347514813802,50.61142767020703,23095000
QCOM,2018-02-12,52.79025650024414,52.82241086691313,51.76918053983709,52.17117759707079,13692100
QCOM,2018-02-13,52.822410583496094,52.87065440121734,52.24353997673565,52.44453850427405,7695900
QCOM,2018-02-14,53.537967681884766,53.70681185185513,52.340018111925424,52.380220273154286,10370900
QCOM,2018-02-15,52.48473358154297,53.36912585994263,51.343063437899986,53.36912585994263,15548400
QCOM,2018-02-16,52.139015197753906,52.92693210019456,51.938016676456485,52.07469419878159,11760300
QCOM,2018-02-20,51.44758224487305,51.56817951601138,49.735074005161565,50.65966535186475,27494600
QCOM,2018-02-21,50.97322082519531,51.34305732910519,50.370225325214264,50.74810041964666,14895600
QCOM,2018-02-22,49.99234390258789,51.11793665592308,49.871743583661434,50.77221901312699,11722300
QCOM,2018-02-23,50.90890121459961,50.90890121459961,49.87174819040759,50.498865612962234,6762200
QCOM,2018-02-26,53.851524353027344,54.1570398848417,51.60838020973974,51.89781855945348,27374300
QCOM,2018-02-27,53.79476547241211,54.840820650898074,53.52717485339628,54.32995908371818,14326000
QCOM,2018-02-28,52.708168029785156,54.10290823520448,52.63519045902201,54.08668687283241,9582100
QCOM,2018-03-01,52.67572784423828,53.713672245246066,52.16486632435881,52.732490235335995,10799200
QCOM,2018-03-02,52.497318267822266,52.5865171748632,51.92158380478048,52.14863331847186,10612700
QCOM,2018-03-05,51.90537643432617,53.194696160824044,51.524254899081285,52.172967009028255,15445500
QCOM,2018-03-06,50.388999938964844,51.532361427909834,49.51323520586474,51.491817308535225,23450400
QCOM,2018-03-07,50.67282485961914,50.770131383789604,49.81327513171058,49.861929940455134,12602400
QCOM,2018-03-08,50.1295280456543,50.875553045148585,49.92680429810852,50.80257237229935,8902100
QCOM,2018-03-09,51.110694885253906,51.13502383110666,50.372780789625125,50.56739688985729,7655300
QCOM,2018-03-12,50.93230056762695,51.47559856753741,50.51874251119189,51.126913576158046,15801300
QCOM,2018-03-13,48.4104118347168,49.7889333757805,47.948202125848034,48.467174213467864,38572700
QCOM,2018-03-14,48.75099563598633,48.961830021114636,46.95081124185963,48.57260087932189,29759100
QCOM,2018-03-15,48.564483642578125,48.8807320842582,48.29688999704799,48.6780084069435,10494300
QCOM,2018-03-16,49.15644836425781,49.86192916007861,49.04292357228258,49.140230094930125,25574500
QCOM,2018-03-19,47.33192825317383,48.93749957387594,46.95080980350233,48.80775653058642,14131400
QCOM,2018-03-20,47.24272155761719,47.91576561059541,46.9913461925964,47.83467738187599,10615400
QCOM,2018-03-21,46.066917419433594,47.258930224789566,46.0344808972059,46.62643350793468,12231900
QCOM,2018-03-22,45.06952667236328,46.083144997020774,45.02087187918537,45.604717024049734,13554600
QCOM,2018-03-23,43.512603759765625,45.24791769477682,43.50449617489097,45.110067098685924,14713300
QCOM,2018-03-26,45.515525817871094,45.52363340478041,43.99104273351156,44.25863950129154,12093900
QCOM,2018-03-27,44.46946334838867,46.41561177279039,44.22619556866787,45.888529005630616,12243200
QCOM,2018-03-28,44.355953216552734,45.385790147153514,44.1613370726133,44.44515215363669,12925500
QCOM,2018-03-29,44.931678771972656,45.35334442066165,44.29107116569603,44.6316485752717,8482500
QCOM,2018-04-02,43.63425064086914,44.793830461350815,43.0341871231434,44.68030259008082,16469600
QCOM,2018-04-03,44.42081832885742,44.63976030677439,43.48018043853914,44.0234815896631,7930700
QCOM,2018-04-04,44.59110641479492,44.69652051160993,43.31799873289267,43.626139623033744,7496700
QCOM,2018-04-05,44.63165283203125,45.00466371683746,44.14511407099336,44.99655612948008,5823300
QCOM,2018-04-06,43.07472610473633,44.41270361280758,43.06661851870076,44.128888608477226,8322200
QCOM,2018-04-09,43.326114654541016,44.51002046341408,43.25313398997659,43.39909531910544,7608500
QCOM,2018-04-10,44.41271209716797,44.607325132377845,43.96672054038372,44.25864318651695,12009000
QCOM,2018-04-11,44.6073112487793,44.655966039097635,43.90994448078782,43.94237791434926,6205300
QCOM,2018-04-12,44.76138687133789,45.12629009532215,44.61542558174419,44.98032880572845,7412700
QCOM,2018-04-13,45.191165924072266,46.0507155083825,44.939787427532586,45.90475419985212,12588200
QCOM,2018-04-16,44.41271209716797,45.40200482165983,44.250532505614125,45.361457603782554,7850500
QCOM,2018-04-17,44.883026123046875,45.15062289291501,44.42081633265482,44.59110659226099,7089700
QCOM,2018-04-18,44.78571319580078,45.101961628828114,44.501901292652605,44.71273255023157,4796800
QCOM,2018-04-19,42.628746032714844,43.90185081967741,42.571983635333225,43.78832602491418,19179500
QCOM,2018-04-20,41.712425231933594,42.888223249528295,41.61511872711662,42.82335327742298,11838200
QCOM,2018-04-23,40.97452163696289,42.0124692967691,40.76369030688969,41.76109074374595,10961500
QCOM,2018-04-24,40.49607467651367,41.59078422807169,40.041975686223566,41.25831757018756,11670000
QCOM,2018-04-25,40.342018127441406,40.901534451192234,39.62842980498769,40.54474183662453,9619200
QCOM,2018-04-26,40.92586135864258,41.02316786806835,39.377052421460476,40.15551068350299,13684000
QCOM,2018-04-27,41.44483184814453,41.64755553897418,40.94207796101605,41.15290923841895,9443100
QCOM,2018-04-30,41.363739013671875,42.020564861701395,41.35563142739306,41.55835511086067,9469600
QCOM,2018-05-01,41.20967483520508,41.39618027410162,40.57717786039784,41.16102003202057,6780500
QCOM,2018-05-02,40.755577087402344,41.558364414717566,40.4798726924305,41.55025682662367,8143000
QCOM,2018-05-03,40.796119689941406,40.982625128175926,39.98522486632092,40.536633593848315,8609200
QCOM,2018-05-04,42.56387710571289,42.65307295144616,40.47987424721425,40.69070866557694,9880600
QCOM,2018-05-07,42.985538482666016,43.196372894784275,42.58820170288096,42.636856511827936,9571700
QCOM,2018-05-08,42.86390686035156,43.196373660754695,42.25573565766398,43.00986819646208,9930000
QCOM,2018-05-09,43.11526870727539,43.24501482583033,42.328702970101276,42.863893335869506,7016100
QCOM,2018-05-10,44.57488250732422,44.65597073973962,43.747769544752394,44.153216893464986,12267200
QCOM,2018-05-11,44.78571319580078,45.239815334155615,44.291066941755886,44.40459170301516,9639100
QCOM,2018-05-14,46.010162353515625,46.86970867573115,45.68580326640043,46.48859030568592,15400300
QCOM,2018-05-15,45.118186950683594,45.904755910032236,44.7776126136367,45.81555698557189,12050500
QCOM,2018-05-16,45.97773361206055,46.06693253078815,45.142509903962335,45.215490556256,8675600
QCOM,2018-05-17,46.18045425415039,46.52913922616822,45.726352103929585,45.807443430746424,11450700
QCOM,2018-05-18,46.634552001953125,47.02378417311196,45.734461499436804,46.16423469288927,11999700
QCOM,2018-05-21,46.7967414855957,47.250843719406504,46.03450143311317,46.772415629731725,14286400
QCOM,2018-05-22,46.537254333496094,47.323823317495865,46.277768232379984,46.958920021139356,9432500
QCOM,2018-05-23,47.69682693481445,47.72926346584201,46.08314818266686,46.14801815140411,11322500
QCOM,2018-05-24,47.90766525268555,48.045515880969056,47.07244152294403,47.50221786128497,12487200
QCOM,2018-05-25,48.62124252319336,48.653679051624,47.688715530694466,47.7211489658075,11501500
QCOM,2018-05-29,47.71174240112305,48.83427437161513,47.27747886979019,48.75233891780647,14696300
QCOM,2018-05-30,47.84284591674805,48.05588311955208,47.244708290723324,47.859233634320475,9146000
QCOM,2018-05-31,47.621620178222656,47.990336038622594,47.32664748990271,47.52329699066193,12813200
QCOM,2018-06-01,48.02310562133789,48.12142879691097,47.53148349219771,47.80187613207042,8869700
QCOM,2018-06-04,48.10505294799805,48.236151589651186,47.4823351815552,48.03130976671578,9696700
QCOM,2018-06-05,48.32627868652344,48.834285492222946,48.14601689633029,48.22795549443532,6562700
QCOM,2018-06-06,49.03092956542969,49.03912186151286,48.432791930955815,48.55569512602883,6236700
QCOM,2018-06-07,49.68642044067383,51.33335006192392,49.342287759002126,50.80076019670351,14786100
QCOM,2018-06-08,49.37507247924805,49.67004520948011,49.0063596920962,49.366880181469696,7035300
QCOM,2018-06-11,49.10467529296875,49.50616346036616,49.01454440316672,49.301321665593434,7369500
QCOM,2018-06-12,48.989967346191406,49.473394136071626,48.79331783605457,49.252164609281905,7153500
QCOM,2018-06-13,48.52293395996094,49.35049358247398,48.44099535212312,48.891646755497085,9676300
QCOM,2018-06-14,48.71957015991211,48.91621965188314,48.30169428722541,48.58027924422909,8372900
QCOM,2018-06-15,49.047325134277344,49.121068313380306,48.27711790239345,49.05551743167186,13804900
QCOM,2018-06-18,48.50654220581055,48.64583313909747,48.277117248576154,48.59667310411998,6946600
QCOM,2018-06-19,48.09685134887695,48.129626784361314,47.40038741020332,47.75271552756629,7958300
QCOM,2018-06-20,48.17060089111328,48.50654133519465,47.77730499016227,48.4901536152836,6526400
QCOM,2018-06-21,48.137821197509766,48.5147293452436,47.84284851645278,48.5147293452436,6605400
QCOM,2018-06-22,47.93297576904297,48.42459478308586,47.87562032159255,48.16239755884465,8074100
QCOM,2018-06-25,46.744903564453125,47.63801404121648,46.38438307980705,47.5970463015855,8635900
QCOM,2018-06-26,46.25327682495117,46.82683446229973,46.138565922609,46.76947901112864,8934700
QCOM,2018-06-27,45.204490661621094,47.138197913620026,45.179910643792695,46.335218366298754,11832400
QCOM,2018-06-28,45.802635192871094,46.26147889922222,45.13894652750679,45.163526547307505,11723600
QCOM,2018-06-29,45.982879638671875,46.58921265294464,45.9501073309675,45.99107505982599,11274000
QCOM,2018-07-02,46.03205108642578,46.06482652567563,45.16352070013245,45.39294564924344,7299900
QCOM,2018-07-03,45.33559036254883,46.3188285386098,45.27003948380453,46.22050534613129,3618900
QCOM,2018-07-05,47.015296936035156,47.056264676244616,45.59779187044807,45.63875961065752,11728300
QCOM,2018-07-06,47.39219284057617,47.58064689711408,46.72850436922644,47.08083246968696,8806200
QCOM,2018-07-09,47.55607986450195,47.77730941533447,46.89239121200439,47.57246758593084,4577100
QCOM,2018-07-10,47.82646560668945,47.9084042072425,47.482332861280696,47.57246375907004,6848900
QCOM,2018-07-11,46.94974136352539,47.53149134307462,46.49089771797125,47.056259977945274,8702000
QCOM,2018-07-12,47.78549575805664,47.92478981002377,46.957936245679754,47.400392166566334,8426400
QCOM,2018-07-13,47.84284591674805,48.16239859531656,47.67077957069385,47.728135019378584,5266100
QCOM,2018-07-16,47.810081481933594,48.21157284074094,47.572467336556024,47.867436943814894,5907100
QCOM,2018-07-17,48.268917083740234,48.268917083740234,47.211932745074115,47.45774225681012,7560300
QCOM,2018-07-18,48.14601516723633,48.3426646699881,47.82646246019778,48.3426646699881,6795100
QCOM,2018-07-19,48.59666442871094,48.82608621935123,48.05588226103204,48.105042287233545,8150200
QCOM,2018-07-20,48.02310562133789,48.49014461235676,47.85103928267566,48.32627056931003,10859700
QCOM,2018-07-23,48.4082145690918,48.5147300521963,47.37581017034824,47.85104463578461,8011800
QCOM,2018-07-24,48.21975326538086,48.85066631636287,47.89200829613711,48.62943682116366,6637600
QCOM,2018-07-25,48.68679428100586,48.75234515294613,47.32664494462144,47.97394573966232,13143100
QCOM,2018-07-26,52.09537124633789,52.24285447572554,50.194436351078174,51.661104478478805,31025100
QCOM,2018-07-27,51.36612319946289,52.03800398221214,50.98102278170599,51.80038989487703,13488800
QCOM,2018-07-30,50.83354568481445,51.6037497858675,50.74341478589204,51.33336021473833,9547700
QCOM,2018-07-31,52.513240814208984,52.980286119138505,52.02981716712672,52.30020984326204,22350800
QCOM,2018-08-01,52.726287841796875,53.15236236547796,52.07079458543828,52.07079458543828,10706200
QCOM,2018-08-02,53.070404052734375,53.29163666934901,52.144521484794005,52.40671870544016,10618500
QCOM,2018-08-03,53.586612701416016,53.75867905225295,52.98847193312788,53.045827383406866,7809400
QCOM,2018-08-06,53.857025146484375,54.09463620545169,53.52927691679225,53.96354066434136,10878400
QCOM,2018-08-07,53.619388580322266,54.020876735591074,53.46370682058985,54.020876735591074,7810900
QCOM,2018-08-08,53.38997268676758,53.7095254122272,53.35719724681326,53.43093729825349,7912200
QCOM,2018-08-09,53.324424743652344,53.50468654769085,53.193322976614766,53.34080933889388,6629700
QCOM,2018-08-10,53.11137771606445,53.20970402323339,52.84098505980627,52.97208680269818,8736000
QCOM,2018-08-13,53.12777328491211,53.4473322864158,52.97209774715812,53.38178140142651,7092400
QCOM,2018-08-14,53.61119842529297,53.76688020031987,53.070413049689556,53.33261031478566,7844200
QCOM,2018-08-15,53.81603240966797,53.93074330576491,52.89014981937838,53.37357341703335,13524800
QCOM,2018-08-16,53.88159942626953,54.16018132848222,53.693142182619816,53.96353491213933,9958800
QCOM,2018-08-17,54.12739181518555,54.23391354527853,53.35719094666643,53.66854821255499,15170500
QCOM,2018-08-20,54.20933151245117,54.561653371869404,53.86519257201765,54.34862242216652,13966900
QCOM,2018-08-21,54.528900146484375,54.71735113800938,54.102825619835365,54.1519856608807,12181400
QCOM,2018-08-22,54.76649475097656,54.9631473587225,54.25029572101214,54.25849114248696,13860300
QCOM,2018-08-23,54.78289794921875,55.135226136797776,54.73373791183259,54.88122427526745,12038100
QCOM,2018-08-24,55.0205078125,55.192574171476814,54.84844145352318,54.897601484294974,16001400
QCOM,2018-08-27,55.176185607910156,55.290902769912414,55.077865542302206,55.20077187558793,12578000
QCOM,2018-08-28,57.175445556640625,57.757195552480056,55.65142197548766,56.17581651402674,24952700
QCOM,2018-08-29,56.7002067565918,57.41305845869374,56.65104672585219,57.08531033412013,11874300
QCOM,2018-08-30,55.83168411254883,56.66744221122209,55.71697319724482,56.51176043276263,12027500
QCOM,2018-08-31,56.29872131347656,56.53633855902265,55.66781130040825,55.70877591091741,11166900
QCOM,2018-09-04,57.86141586303711,57.968901212854895,56.81134095832628,56.836144784576845,13024100
QCOM,2018-09-05,58.61384201049805,58.76267131703286,57.30745213182554,57.71260243240219,15310700
QCOM,2018-09-06,58.17561340332031,58.99417128412135,58.03505416980632,58.58075732094153,11997700
QCOM,2018-09-07,58.192161560058594,58.39060485330306,57.555506675110486,57.74567361255558,24421900
QCOM,2018-09-10,59.796226501464844,60.15176294715747,58.29139914466807,58.43195845133266,14636000
QCOM,2018-09-11,59.953304290771484,60.07732976119144,59.37452086487751,59.39932469732201,9501100
QCOM,2018-09-12,59.324913024902344,59.94503406697449,57.89449771224904,59.60603153604028,12638300
QCOM,2018-09-13,61.689640045166016,62.309761069899736,60.755326638851564,60.92068972216831,24617700
QCOM,2018-09-14,62.086524963378906,62.872015518730066,61.524287857255835,61.62350320153713,13450700
QCOM,2018-09-17,60.55689239501953,62.24362259068549,60.44940700566271,61.879816183326696,11558300
QCOM,2018-09-18,61.78059768676758,63.25235072036105,60.78013642582143,61.01991733586276,11692000
QCOM,2018-09-19,61.23487091064453,62.318019725431775,60.995090067926625,62.318019725431775,12383200
QCOM,2018-09-20,61.681373596191406,62.10305768390087,61.358911149177594,61.5821582636934,12013900
QCOM,2018-09-21,60.93722152709961,61.90461508847922,60.46592981594424,61.87154121125113,23465400
QCOM,2018-09-24,60.83799743652344,61.06123819039647,60.19307269400561,60.42458349304317,15446100
QCOM,2018-09-25,60.14345932006836,60.829727986931815,60.01117013712146,60.06077779220202,20741900
QCOM,2018-09-26,59.33317947387695,60.573421482814695,59.184350180476535,60.093859725391475,11306000
QCOM,2018-09-27,59.291839599609375,60.09386382947452,59.09340263092235,59.68044979826135,12498300
QCOM,2018-09-28,59.556427001953125,60.57342834001823,58.911502093608426,59.126479165789256,20080800
QCOM,2018-10-01,60.027713775634766,60.71398255517976,59.614299760226544,59.911958355976246,9340200
QCOM,2018-10-02,60.64783477783203,61.1108627645037,59.75485899089088,59.862350672106196,9221200
QCOM,2018-10-03,60.06078338623047,61.09431835131318,60.01943946434844,60.84626743641461,7079800
QCOM,2018-10-04,59.84580612182617,60.11039081956308,59.41585835357749,59.53161376457509,8599500
QCOM,2018-10-05,58.87841796875,60.07732228943986,58.33271479824715,59.85407520880945,23411300
QCOM,2018-10-08,58.646907806396484,59.20088102894732,58.340979188413286,58.52288235001428,10104600
QCOM,2018-10-09,57.98543930053711,58.671707982682406,57.95236542701484,58.50634492326741,10329200
QCOM,2018-10-10,55.17423629760742,57.51415478926493,55.08328471116805,56.86095989947173,22296800
QCOM,2018-10-11,53.15677261352539,55.38920567918209,52.59452932398413,54.86003626646055,25852600
QCOM,2018-10-12,53.15677261352539,54.28125919260792,52.3134076792135,54.198577654657115,15760900
QCOM,2018-10-15,53.057552337646484,53.90918418585655,52.925263135187194,53.10716630824122,12314700
QCOM,2018-10-16,54.669864654541016,54.89310541861349,53.42962276743597,53.56191195513169,15931400
QCOM,2018-10-17,54.65333938598633,55.07502350826198,53.98361060393535,54.88485025838922,14779100
QCOM,2018-10-18,53.86784744262695,54.83523472423529,53.636336603424674,54.30606528943087,12218600
QCOM,2018-10-19,54.041473388671875,54.744275859459364,53.743814832635415,54.115884873582786,10673000
QCOM,2018-10-22,54.669864654541016,55.06673852582462,53.925718260638696,54.31432839457638,12890400
QCOM,2018-10-23,54.88482666015625,55.331314425618125,52.561442579104046,52.635857206681024,13441000
QCOM,2018-10-24,51.775978088378906,54.893120605527066,51.67675959310788,54.46317274131961,23384300
QCOM,2018-10-25,52.25554275512695,52.77644540312148,51.552736894223386,52.759908460666175,20385700
QCOM,2018-10-26,51.66020965576172,52.619329946366896,50.58533395744358,50.849918647672716,17049300
QCOM,2018-10-29,51.40390396118164,52.660683112751,50.65976052747677,52.50358690159197,14778300
QCOM,2018-10-30,52.23899459838867,52.68548248653524,51.40389653121468,51.56099587376547,18865300
QCOM,2018-10-31,51.99921417236328,52.52011671311182,51.32121544178204,52.01575111141388,12917500
QCOM,2018-11-01,52.67721176147461,53.173307305847985,51.990946153288164,52.2555308641671,11003900
QCOM,2018-11-02,52.3630256652832,52.883925103085,51.54446444943921,52.86738816241049,13707900
QCOM,2018-11-05,52.47877883911133,52.75163046325968,51.809046964040085,52.15631639507292,13373800
QCOM,2018-11-06,52.611061096191406,53.19810500455428,51.60233003093289,52.379547135285634,8774100
QCOM,2018-11-07,52.263797760009766,52.710285642435224,51.494847458309884,52.503578639915865,18493500
QCOM,2018-11-08,47.99736022949219,49.73370075772467,47.62528703386393,47.95601946422198,32155200
QCOM,2018-11-09,46.89768600463867,48.15446496551586,46.45946501204623,47.774121681626426,21745200
QCOM,2018-11-12,45.05385971069336,46.7157826251291,45.004248894554024,46.608294100543155,24447800
QCOM,2018-11-13,44.781002044677734,45.88068474193924,44.690050464711945,45.26056377391614,20883800
QCOM,2018-11-14,44.59910202026367,45.38458926580255,44.3758580775885,45.343248495847575,14071900
QCOM,2018-11-15,45.79800796508789,45.92203344175655,44.260107194071296,44.5081581474086,18856300
QCOM,2018-11-16,46.203155517578125,47.16227599585117,45.46727900676074,45.574764389755046,57303300
QCOM,2018-11-19,45.392860412597656,46.815002488933494,45.36805342674448,46.17834452307849,20321400
QCOM,2018-11-20,45.409393310546875,45.83107736672741,44.706590755710764,44.814079281378156,20658300
QCOM,2018-11-21,45.69878005981445,46.71577803500508,45.624365419966445,45.649169248549704,13015500
QCOM,2018-11-23,45.68224334716797,46.09565731411067,45.26882938022527,45.28536631739477,4671900
QCOM,2018-11-26,46.079124450683594,46.61656391686211,45.62436967766253,46.12873526657806,10373700
QCOM,2018-11-27,45.94682693481445,46.49253323196372,45.76492378439864,45.963363871588456,9719000
QCOM,2018-11-28,46.83980941772461,46.89768712781377,45.2192240729322,46.2114183451871,17483500
QCOM,2018-11-29,48.04698181152344,48.82419909677499,47.76586012892625,47.86507861863734,26949000
QCOM,2018-11-30,48.17099380493164,48.34463006731363,47.1457289382196,48.13792308485253,18197800
QCOM,2018-12-03,48.89860534667969,50.031358775610755,48.28675441885932,50.031358775610755,17114500
QCOM,2018-12-04,47.73278045654297,49.17972946851787,47.3110995608565,48.774585511460074,15836500
QCOM,2018-12-06,47.73278045654297,47.81635960485673,46.545936782778746,46.81339388339094,18203300
QCOM,2018-12-07,46.79667282104492,47.74112915559826,46.57936197022869,47.31487046875042,17054700
QCOM,2018-12-10,47.8414306640625,48.68559144766757,47.33994626404402,48.28440584065666,20484900
QCOM,2018-12-11,47.93336486816406,49.02826941000271,47.49874953275879,48.85275131051138,13116300
QCOM,2018-12-12,48.24263000488281,48.96142228436535,48.08382513158183,48.84440699254437,13246500
QCOM,2018-12-13,48.551876068115234,48.79426010105272,48.10890077148791,48.593665649022235,8949900
QCOM,2018-12-14,48.159034729003906,49.31244536068387,47.941727050622966,48.10888852002206,13551000
QCOM,2018-12-17,47.64082717895508,48.76080464718689,47.36501033330569,48.13395165799011,16648200
QCOM,2018-12-18,48.29277038574219,48.92798342542821,47.975167054239485,48.21754787284096,12384200
QCOM,2018-12-19,47.381744384765625,48.89455130808321,46.85518997397594,48.09217994925481,17376400
QCOM,2018-12-20,47.11428451538086,48.426496928235274,46.85518723932258,47.82472003840623,21742300
QCOM,2018-12-21,45.843868255615234,47.874873122536854,45.71013968442594,47.022352285577355,38202300
QCOM,2018-12-24,44.84090042114258,45.87729593186588,44.774034549049325,44.88268999703073,8275000
QCOM,2018-12-26,46.771610260009766,46.80504319892501,44.72388898238869,45.34238559895861,18451600
QCOM,2018-12-27,46.880271911621094,47.13101260993483,45.77701028836789,46.42058009998909,15804800
QCOM,2018-12-28,47.482025146484375,48.08380184268151,47.0056171340062,47.08083961957323,12749600
QCOM,2018-12-31,47.56562423706055,47.983526401571126,47.039066617041875,47.74114238095327,8877000
QCOM,2019-01-02,47.975162506103516,48.47664375234348,46.73816948047693,46.97219682528358,9896600
QCOM,2019-01-03,46.554283142089844,47.507099185906036,46.403838167977895,46.76323414076319,14422200
QCOM,2019-01-04,47.30652618408203,47.49876399539895,46.14475861703294,47.22294702221084,14177300
QCOM,2019-01-07,47.17279052734375,47.774570605126875,46.76324823200593,47.1310009526844,12352000
QCOM,2019-01-08,46.76324462890625,47.54054277337204,46.47907107944198,47.398454404469945,12110000
QCOM,2019-01-09,47.314876556396484,47.732778658907186,46.92204755976761,47.02234317163498,10971000
QCOM,2019-01-10,47.47368240356445,47.63248725709228,46.888618770669936,46.96384128330409,10958200
QCOM,2019-01-11,48.05873107910156,48.618718241272575,47.08084190754706,47.19785396004015,12024300
QCOM,2019-01-14,47.89158248901367,48.18411588708476,47.11428428791131,47.657558321228926,9449400
QCOM,2019-01-15,46.57937240600586,47.97516721946002,46.43728720800327,47.9083013462774,17423400
QCOM,2019-01-16,46.19489669799805,46.87189922114818,46.10295772948311,46.596082315603354,13856000
QCOM,2019-01-17,45.77700424194336,46.13640036444747,45.44268122945657,45.944165748186755,18365000
QCOM,2019-01-18,46.19489669799805,46.72145421600371,45.96087255147992,46.29519230531441,28020000
QCOM,2019-01-22,45.37582015991211,45.960883858480905,45.08328671645738,45.94416738842572,17867500
QCOM,2019-01-23,43.26958465576172,44.774031607270636,42.809892974514554,44.2307575913985,33788600
QCOM,2019-01-24,42.46721649169922,43.44510596606579,42.13289350533065,43.42003285800725,32782700
QCOM,2019-01-25,42.87675476074219,43.486891443264966,42.02423409536598,42.5675080999216,19516200
QCOM,2019-01-28,42.32512664794922,42.86840068499055,41.990806861442394,42.05766954340769,24457600
QCOM,2019-01-29,41.288726806640625,42.4922836500342,41.238577409205114,42.19975346917669,26266600
QCOM,2019-01-30,41.932289123535156,42.51735261664968,41.12991797269557,41.522746910192666,18124100
QCOM,2019-01-31,41.38903045654297,42.86004466211699,41.03799098295456,42.79318197421568,24736300
QCOM,2019-02-01,41.464263916015625,42.024251429795235,41.28874572707049,41.43919079997812,15533200
QCOM,2019-02-04,41.53110122680664,41.62304018051524,41.347226507728806,41.54781769005724,10880000
QCOM,2019-02-05,42.40034484863281,42.69287821897818,41.556184046031305,41.5645406848001,15454200
QCOM,2019-02-06,42.70960235595703,43.16093748438576,42.56751714238169,42.575873783275256,11052900
QCOM,2019-02-07,42.24990463256836,42.726312804880656,42.01588046044027,42.48393199303666,10623300
QCOM,2019-02-08,42.032596588134766,42.35855973620164,41.71499007971618,41.990807013212894,12461200
QCOM,2019-02-11,42.48393249511719,42.87675833321177,42.10781993665194,42.24990513188312,9971800
QCOM,2019-02-12,43.177650451660156,43.61226907470198,42.642736204328806,42.87676039045117,16637600
QCOM,2019-02-13,43.11913299560547,43.8713579495857,43.09405989325265,43.46181254389878,11004000
QCOM,2019-02-14,43.10243225097656,43.26959376708584,42.70124652531875,43.04392619858943,17895000
QCOM,2019-02-15,43.44510269165039,43.762709185928806,43.127496197371975,43.52868502611316,12239500
QCOM,2019-02-19,43.47017288208008,43.86300185685616,43.25286520373278,43.46181624336434,8258400
QCOM,2019-02-20,43.83793640136719,44.23076225634507,43.57883591921294,43.67077490282704,12863700
QCOM,2019-02-21,43.75434494018555,43.954939334300974,43.378235632271185,43.879716835050154,7826200
QCOM,2019-02-22,44.397911071777344,44.422987361816105,43.99672550289153,44.03851506850348,13394500
QCOM,2019-02-25,44.28927230834961,45.108360159139394,44.21404979203521,44.949555297842096,15341700
QCOM,2019-02-26,44.32270050048828,44.481505356205126,43.695847282676326,44.364493265681354,11366700
QCOM,2019-02-27,44.33104705810547,44.40626954925823,43.687477564540636,44.25582456695271,10426200
QCOM,2019-02-28,44.62358474731445,44.93283140178392,44.05523764873602,44.29762162661151,19000200
QCOM,2019-03-01,45.30059814453125,45.46775965860847,44.891052594459076,45.13343663045402,12659000
QCOM,2019-03-04,44.94955825805664,45.71849994083684,44.51493960054447,45.6182043085927,14021700
QCOM,2019-03-05,45.08327102661133,45.32565497554623,44.88267983244003,45.04984128647581,10092800
QCOM,2019-03-06,46.334651947021484,46.892696903968236,45.42994274750802,45.5652262756947,20521300
QCOM,2019-03-07,45.6836051940918,46.54603901350775,45.328487093669196,46.360026152749604,13667300
QCOM,2019-03-08,45.26083755493164,45.34539177597675,44.838076125947296,45.19319740350929,10117100
QCOM,2019-03-11,45.95417022705078,46.292380691216145,45.36230675288244,45.42149310029927,10738800
QCOM,2019-03-12,46.368473052978516,46.7658698231536,46.11481684399144,46.21627868250353,9575300
QCOM,2019-03-13,46.83351135253906,47.29854828694236,46.50375794860606,46.52912260262743,9198900
QCOM,2019-03-14,46.841976165771484,47.23936978822142,46.7151464237765,46.95189183505853,7306100
QCOM,2019-03-15,47.85659408569336,48.48228244088491,46.43611537834147,46.503758757460055,27985600
QCOM,2019-03-18,48.05107116699219,48.35545672199002,47.721314504603164,47.87350889480914,13089300
QCOM,2019-03-19,48.1694450378418,48.769765577487405,48.00879360792664,48.338547052931574,9363700
QCOM,2019-03-20,48.33008575439453,48.77821183069826,47.983421516507676,48.22016688128494,8804800
QCOM,2019-03-21,48.845863342285156,49.27707864643975,48.36391549776534,48.38928015524083,19542700
QCOM,2019-03-22,48.04261779785156,49.11643242163084,47.98343144441142,48.76976811201819,10243500
QCOM,2019-03-25,47.890419006347656,48.14407524432848,47.40847118655988,47.83968969399993,6929600
QCOM,2019-03-26,49.04032897949219,49.37008239966737,47.91578195641893,48.32163579323417,16051800
QCOM,2019-03-27,48.118709564208984,48.76130556844717,47.61985090911611,48.4907384903033,11934400
QCOM,2019-03-28,47.8143196105957,48.52455897948441,47.636760574727006,48.22017021775869,11064300
QCOM,2019-03-29,48.220176696777344,48.66830608971406,48.14407949612125,48.19481203836343,8529100
QCOM,2019-04-01,48.879676818847656,49.167154715095094,48.28781018240721,48.7359362580171,12066500
QCOM,2019-04-02,49.116432189941406,49.48846115629796,48.75285703457313,49.02342414199868,7614500
QCOM,2019-04-03,48.76976776123047,49.28553731642558,48.34700625374783,49.20944011606213,11563400
QCOM,2019-04-04,48.92195510864258,49.556097278439196,48.7782145396068,48.828947074339524,9905100
QCOM,2019-04-05,49.0318717956543,49.20097378637513,48.778212358745606,49.02341476087002,12332600
QCOM,2019-04-08,48.837406158447266,49.454640775407164,48.62602541235295,48.86277404126025,8942400
QCOM,2019-04-09,48.56684494018555,48.75286105139715,48.22018060364595,48.67676384457555,11713400
QCOM,2019-04-10,47.6283073425293,48.92195637013988,47.43383423374613,48.79512664274459,15976500
QCOM,2019-04-11,47.26473617553711,48.11025916096415,47.17172813107386,47.721316136352904,13903800
QCOM,2019-04-12,48.152530670166016,48.338543518245686,47.40846960160545,47.586028639714485,13483500
QCOM,2019-04-15,48.34700012207031,48.761304540626526,48.22017039574515,48.31317843166175,10712500
QCOM,2019-04-16,59.56709289550781,60.05749778474267,48.440013546432,48.58375090853681,86755900
QCOM,2019-04-17,66.86396789550781,69.77256295551373,64.67405972519988,66.64413008459302,156019300
QCOM,2019-04-18,67.54884338378906,67.81095349387525,65.96771278394965,66.55958285459637,41621200
QCOM,2019-04-22,69.30750274658203,69.75562878421499,67.08377372468941,67.4980845281243,33292500
QCOM,2019-04-23,73.32374572753906,74.37219230025454,70.40668789948764,70.93937144635345,56973700
QCOM,2019-04-24,73.41675567626953,74.93869304072074,72.12310665869626,73.59431471291411,40290400
QCOM,2019-04-25,71.92862701416016,72.98553055348356,71.46358687652695,72.85870083859929,20732200
QCOM,2019-04-26,73.25611114501953,73.35757622585113,71.20149002668586,71.45514950335064,18860600
QCOM,2019-04-29,73.77190399169922,74.38913880615564,72.57971310586453,73.053210515184,17930000
QCOM,2019-04-30,72.82487487792969,73.94942172598073,72.7572379580106,73.54357440315864,17582400
QCOM,2019-05-01,73.02781677246094,74.59203288107734,72.84180069831115,73.70423123657261,28211500
QCOM,2019-05-02,73.67887115478516,76.38454208084268,72.84180521997803,73.98325994032017,40342000
QCOM,2019-05-03,75.49674224853516,75.94486836369187,73.61122329987865,74.2030932139649,21068400
QCOM,2019-05-06,74.61737823486328,74.99786086932811,72.83332482275682,72.9939761999348,15682100
QCOM,2019-05-07,72.03853607177734,74.53283206696489,71.68341806324,73.72958158004279,21579500
QCOM,2019-05-08,71.48049926757812,72.47821644331059,71.1169242005529,71.74260927491244,15500700
QCOM,2019-05-09,70.8379135131836,71.73416579862054,69.55272143499423,70.49125244933336,14516000
QCOM,2019-05-10,72.57967376708984,72.99398458203837,70.47432380969043,70.49968846145728,15955600
QCOM,2019-05-13,70.93091583251953,71.74261704548233,70.16994392948322,70.38132465528065,16689000
QCOM,2019-05-14,72.82487487792969,73.08699132686363,71.02391367489956,71.25220198763363,14353700
QCOM,2019-05-15,72.93479919433594,73.5604842657672,71.77643062555427,72.33447877500191,11784800
QCOM,2019-05-16,70.01776885986328,71.70036454586882,69.44281286908758,70.84638437188663,22498800
QCOM,2019-05-17,68.91012573242188,70.27987533921741,67.64184120973925,68.05614568091688,19523400
QCOM,2019-05-20,64.78394317626953,66.22978603125287,64.3189031713807,65.90848331848407,32679300
QCOM,2019-05-21,65.73942565917969,66.8301513091679,65.29129941672254,66.72023562071814,17282200
QCOM,2019-05-22,58.60319519042969,60.657816272714854,57.47019750308338,58.45100079726678,66150700
QCOM,2019-05-23,57.71538543701172,57.72383602002134,55.71995120619842,56.66693256941373,31820700
QCOM,2019-05-24,55.982086181640625,58.467926271127006,55.779162434793655,58.281910148671614,21420000
QCOM,2019-05-28,55.27183532714844,57.250355853687395,55.16191321956655,56.345646591830814,22667300
QCOM,2019-05-29,55.60159683227539,55.9313503013088,54.75607379355819,55.263386326622744,16312600
QCOM,2019-05-30,56.30337905883789,56.70923297746273,55.74533717791157,55.77915887536607,11554600
QCOM,2019-05-31,56.49785232543945,57.36028303444279,55.40712677084489,55.61850754225866,15060300
QCOM,2019-06-03,56.36256408691406,57.60547742993535,56.04126123086525,56.72613276999531,13620700
QCOM,2019-06-04,57.87602996826172,57.918308686319634,56.396365147808304,57.165793950840886,15866700
QCOM,2019-06-05,57.18489074707031,58.302654210297156,56.16952627791213,58.05521058896571,11779200
QCOM,2019-06-06,57.671268463134766,57.995508214597756,56.54497669074141,57.09959149369258,10781700
QCOM,2019-06-07,58.6098518371582,58.68664135298557,57.42383268756611,57.756600275736965,10495600
QCOM,2019-06-10,60.1883544921875,60.97334421725079,58.87434655599466,58.87434655599466,15229200
QCOM,2019-06-11,60.785621643066406,61.62181079311966,59.95796682887446,61.07573047423256,11839500
QCOM,2019-06-12,59.37775802612305,60.043299544033516,59.044990522063394,59.32656502851115,9396200
QCOM,2019-06-13,59.667869567871094,60.1456882599729,59.198578702562926,59.70200040442,6790500
QCOM,2019-06-14,58.63545608520508,58.97675805680081,57.93578997284095,58.319750622265126,12119500
QCOM,2019-06-17,58.968204498291016,59.71053555633531,58.78902248630616,58.95113582488777,9411100
QCOM,2019-06-18,61.39997482299805,61.7668732144319,59.446028181156564,59.46309685599093,14508000
QCOM,2019-06-19,61.263465881347656,61.963131914653616,60.41021430366757,61.749819020233595,11999300
QCOM,2019-06-20,62.06550979614258,62.8590339196847,61.63035623565876,62.44947686160674,9871800
QCOM,2019-06-21,62.04844284057617,62.432403366603914,61.69860664192691,61.69860664192691,15244500
QCOM,2019-06-24,62.42388916015625,62.671326391493075,61.60476190892993,62.2617692756729,8893000
QCOM,2019-06-25,61.90338897705078,63.26005551924667,61.87778596794128,62.48360016416512,8953400
QCOM,2019-06-26,63.95118713378906,64.5825978302571,62.8419642663614,62.93582243719337,13808000
QCOM,2019-06-27,64.36074829101562,64.76177745898273,64.13890112175469,64.28395228597523,11151900
QCOM,2019-06-28,64.90682983398438,65.2225351765222,63.831731311901265,64.55700016611543,29217500
QCOM,2019-07-01,66.14405059814453,68.90859002743356,65.76862438079539,68.83179401061284,17693000
QCOM,2019-07-02,65.70887756347656,66.10990667410084,65.37611011206282,65.93925252607448,7075600
QCOM,2019-07-03,65.38465881347656,65.89661491122551,64.88977790066728,65.76009154921454,5290400
QCOM,2019-07-05,65.4102554321289,65.46144843298264,63.22592742202402,63.31125126004409,9220800
QCOM,2019-07-08,65.38465881347656,65.7259607087118,64.78738537915906,64.83005055723554,7924900
QCOM,2019-07-09,65.31639862060547,65.56383580309054,64.71058438549827,65.22254044388698,7506500
QCOM,2019-07-10,63.44777297973633,65.6235665972399,63.208863635497316,65.55530492465978,15075700
QCOM,2019-07-11,62.893165588378906,64.65939588537395,62.54333586790147,63.58429720161414,14298400
QCOM,2019-07-12,63.90853500366211,63.97679668211546,62.850505026802885,63.3539202583645,8028100
QCOM,2019-07-15,64.36074829101562,64.76177745898273,63.814667958827954,64.1218389594074,8898200
QCOM,2019-07-16,64.56553649902344,65.27373677408583,63.609899028859274,64.08771776394136,9909600
QCOM,2019-07-17,64.64234161376953,67.74817684852121,64.59967643079281,67.0399764737824,20602300
QCOM,2019-07-18,63.4563102722168,64.2924930160049,63.18327007896881,63.96825982083282,12580800
QCOM,2019-07-19,63.993839263916016,64.59964682777296,63.49895201125881,63.49895201125881,14477400
QCOM,2019-07-22,64.80442810058594,65.37611137023873,64.04503502917684,64.04503502917684,9645800
QCOM,2019-07-23,63.24299240112305,64.49726641731115,62.55185438101314,64.283953579826,14420400
QCOM,2019-07-24,64.73619079589844,65.20547519434383,62.867568010106524,63.14914255504899,14012700
QCOM,2019-07-25,64.29247283935547,64.96654202891294,64.07916005189259,64.71056408004162,7299500
QCOM,2019-07-26,64.18156433105469,64.71911031074691,63.86585900405337,64.08770616653513,8262500
QCOM,2019-07-29,63.96827697753906,65.12016539831696,63.71229887968022,64.13039687350256,8237500
QCOM,2019-07-30,63.831729888916016,64.05357705736975,63.44776939448432,63.635485728576626,7397900
QCOM,2019-07-31,62.42388916015625,64.23277835631583,62.08258722377745,63.84881774651029,14052800
QCOM,2019-08-01,60.751487731933594,62.89315023926741,58.23439909300211,58.77194504879753,29729800
QCOM,2019-08-02,60.70884704589844,61.03308028048554,59.73614083234464,60.10303924691616,12649400
QCOM,2019-08-05,58.703704833984375,60.4443321366076,58.498919790317466,59.70200751013975,13071800
QCOM,2019-08-06,58.16615295410156,59.66787741068461,57.492083490690945,59.31804117241902,13189900
QCOM,2019-08-07,59.215660095214844,59.38630780482294,57.27024756259403,57.389702261278266,8934900
QCOM,2019-08-08,60.802696228027344,60.879485728874364,59.17298293894213,59.352164950710026,8367900
QCOM,2019-08-09,61.007476806640625,61.596222372243666,59.889719524505466,60.16275971975191,8702200
QCOM,2019-08-12,59.55695343017578,60.990416117331286,59.4972260894523,60.58085255966175,7364300
QCOM,2019-08-13,61.58767318725586,61.83511682169738,59.1388398476092,59.633727116492246,10134800
QCOM,2019-08-14,60.478450775146484,61.34023642477646,60.196882789049745,60.273672282587704,10336900
QCOM,2019-08-15,60.717376708984375,61.59622466674049,60.23101712986172,60.95628607500056,9107000
QCOM,2019-08-16,62.52625274658203,62.63717957922986,61.20371716867325,61.30610315599045,10090600
QCOM,2019-08-19,63.88292694091797,64.44606941176745,63.26005062988775,63.63548328364792,9688400
QCOM,2019-08-20,64.90682983398438,65.2225351765222,63.4221743100161,63.626952810958684,9387300
QCOM,2019-08-21,65.44438171386719,65.86247959929683,64.83857398310444,65.273734032731,11004100
QCOM,2019-08-22,65.82836151123047,66.51095887777744,65.3590705325226,65.62358295224568,7198800
QCOM,2019-08-23,62.73105239868164,67.49219770922952,62.475080834224144,64.94951168273703,16479400
QCOM,2019-08-26,62.2105712890625,64.0706533485125,61.87779720810307,63.9085399867853,11153800
QCOM,2019-08-27,63.11502456665039,63.464854352374175,62.45801716134031,62.86758081099534,7303100
QCOM,2019-08-28,63.439231872558594,63.89145401300276,62.21055444620613,62.96141323507656,5678500
QCOM,2019-08-29,65.23106384277344,65.72595119373132,64.18156831586376,64.18156831586376,7348400
QCOM,2019-08-30,66.35736083984375,66.59627670844384,65.70036010312093,65.85394562089651,8465300
QCOM,2019-09-03,64.09624481201172,65.69182069654495,63.737874291663466,65.50410435488428,7580700
QCOM,2019-09-04,65.77713775634766,65.80274076285731,64.53139167429346,64.83856265450306,4923700
QCOM,2019-09-05,67.3983383178711,68.6355569750303,66.45976291195934,66.45976291195934,13480300
QCOM,2019-09-06,67.2703628540039,67.47514795499383,66.92906737194211,67.37275540449888,5128000
QCOM,2019-09-09,66.73279571533203,67.7908256999764,66.52801718825712,67.44099598746476,6885100
QCOM,2019-09-10,67.15943145751953,67.30448266458325,65.99047444283396,66.5792201194717,9373900
QCOM,2019-09-11,68.71607971191406,68.72468180925294,67.18523445948115,67.22823182322004,6575700
QCOM,2019-09-12,68.01085662841797,68.84508288566528,67.5808436349072,68.84508288566528,5847100
QCOM,2019-09-13,67.43463134765625,68.40645821475442,67.40022952561606,68.09684837786929,5343700
QCOM,2019-09-16,67.11641693115234,67.50342593219862,66.14459010001801,66.72080583454519,3756500
QCOM,2019-09-17,67.67542266845703,67.76142392392,66.66059210645341,66.74659336191638,4400800
QCOM,2019-09-18,67.85604858398438,68.00225142033487,66.77241405269815,67.67544392234954,5147500
QCOM,2019-09-19,67.27983093261719,68.80207393129722,67.2626267397072,68.14845239173631,5180900
QCOM,2019-09-20,65.74037170410156,67.68402521251829,65.50816107267356,67.25401232918215,9122000
QCOM,2019-09-23,66.42841339111328,67.00463585845542,65.41358234189306,65.93819878200138,5815700
QCOM,2019-09-24,64.69976043701172,67.34004005861989,64.18373957530817,67.1508332841923,10177800
QCOM,2019-09-25,66.44561004638672,66.64341235031947,64.39874398400931,64.52774919523542,5571600
QCOM,2019-09-26,66.52299499511719,66.81540718206244,65.31036201673638,66.35959455325703,3760300
QCOM,2019-09-27,65.90377807617188,67.25401838905063,65.54256879637727,66.23059209629922,5013200
QCOM,2019-09-30,65.602783203125,66.17899905691628,65.3791746025949,66.12739959582386,4775800
QCOM,2019-10-01,64.9061508178711,67.13361458103249,64.47613790036722,66.27358874602474,7043700
QCOM,2019-10-02,63.633304595947266,65.11254996346196,63.44409787757085,64.72554099331083,5997500
QCOM,2019-10-03,65.1297607421875,65.21576201520202,62.91949456218381,63.58171158201986,5419400
QCOM,2019-10-04,66.64341735839844,66.70361891996426,65.22437305122915,65.63718844587913,4893600
QCOM,2019-10-07,65.65438079833984,66.6950180182994,65.594179241617,66.23060319723281,4215500
QCOM,2019-10-08,62.65288543701172,65.20716340716982,62.61848361367056,64.94915301284958,8489600
QCOM,2019-10-09,63.94290542602539,64.32992090335749,63.263484378752324,63.56449860383561,5137500
QCOM,2019-10-10,64.47615051269531,65.33617651593472,63.78812708551271,63.942932028554914,5580600
QCOM,2019-10-11,65.96397399902344,66.92720522449828,65.3705606789458,65.52536558015646,7280800
QCOM,2019-10-14,65.61997985839844,66.54020732385776,65.60277566569246,65.9209876159829,4545300
QCOM,2019-10-15,66.92720794677734,67.06481522521777,65.60276741843099,66.11878158963025,5222500
QCOM,2019-10-16,67.27983093261719,67.3572301162809,66.46280236779678,66.64340702448919,6218000
QCOM,2019-10-17,67.91624450683594,68.76766828722951,67.42603001976367,67.68403384578886,5916700
QCOM,2019-10-18,66.80680847167969,68.13124907164956,66.79820637594293,67.61523487254512,6107000
QCOM,2019-10-21,67.92484283447266,68.0194396390668,67.09061673083801,67.40882208809666,5119800
QCOM,2019-10-22,67.48622131347656,68.00223544859041,67.28841250492046,67.88183236911304,4944500
QCOM,2019-10-23,66.42841339111328,67.1938360867182,66.1102079369835,66.40261365823555,5785700
QCOM,2019-10-24,67.93343353271484,67.95923325590184,66.72939614600645,67.13360930653846,5271200
QCOM,2019-10-25,68.94829559326172,68.99990162460809,67.864667357171,67.94206656197225,6712300
QCOM,2019-10-28,71.4251480102539,71.49394509012852,69.26648133357014,69.27508342910811,9949800
QCOM,2019-10-29,70.229736328125,71.25316295231701,70.0405295312973,71.16716165234403,4993600
QCOM,2019-10-30,70.04049682617188,70.73711556059186,69.53307823875475,70.60811039013153,3971000
QCOM,2019-10-31,69.18047332763672,70.06629879899408,68.66445262921721,70.04049907636825,5693700
QCOM,2019-11-01,71.88096618652344,71.94116773697205,69.87710426784194,70.16950992388463,8620300
QCOM,2019-11-04,73.17957305908203,73.85039851951241,72.50875416012607,72.70656292951088,8389200
QCOM,2019-11-05,73.49781799316406,73.73862421291055,72.87000271475036,73.27420940562345,7280000
QCOM,2019-11-06,72.78399658203125,73.62682493245464,72.43138934095565,73.39461424260806,9755300
QCOM,2019-11-07,77.38514709472656,79.55240986008057,75.95750069799836,77.25614187454974,30254000
QCOM,2019-11-08,80.86821746826172,80.93702110067242,77.05830326306982,77.38511723628288,16371300
QCOM,2019-11-11,78.98475646972656,79.56957420323391,78.16773468623444,78.87295549180432,11297700
QCOM,2019-11-12,78.23656463623047,79.3373968434083,77.54854122600557,79.27719528712443,9332100
QCOM,2019-11-13,77.80653381347656,79.03637094840167,77.07551320857165,78.00433606958649,9353200
QCOM,2019-11-14,77.81513977050781,77.90114104097498,76.91211002691162,77.66893039308964,8793600
QCOM,2019-11-15,78.09893798828125,80.79082284477035,77.90113573582492,79.63838490226817,25490200
QCOM,2019-11-18,77.81513977050781,79.10517851194446,76.78310484047269,78.09894330690184,10360500
QCOM,2019-11-19,75.64786529541016,78.59775392376233,74.54703336905294,78.47735084190924,18091300
QCOM,2019-11-20,73.63542175292969,75.99189094036907,73.36880925548937,75.52747615543248,13045100
QCOM,2019-11-21,73.19679260253906,74.22022535163406,72.71518027895355,72.92158462313651,10180400
QCOM,2019-11-22,73.00758361816406,73.8074078086837,72.69797383077093,73.35159522209815,6166700
QCOM,2019-11-25,73.35162353515625,74.2116495962159,73.17101884971109,73.7558368336908,8964100
QCOM,2019-11-26,72.78399658203125,73.57522547314541,72.36258568755832,73.31721505364422,11584500
QCOM,2019-11-27,72.93017578125,73.36878412668031,72.6463657496364,73.23978553183305,5215000
QCOM,2019-11-29,71.85515594482422,73.1881919558305,71.74334839501128,72.68077989936721,3882400
QCOM,2019-12-02,70.90913391113281,72.49158500321887,70.7887308082159,72.22497906982815,7668800
QCOM,2019-12-03,69.30089569091797,69.99751464155653,68.63867200570068,69.98891254446244,11126100
QCOM,2019-12-04,71.13827514648438,71.45028564722492,69.72555909803324,70.13290650801969,8477400
QCOM,2019-12-05,71.58028411865234,72.31697961556597,70.87826380202284,71.63229027672531,6358300
QCOM,2019-12-06,72.64633178710938,73.01901068178954,72.29965266911668,72.32565244580415,6860400
QCOM,2019-12-09,73.59969329833984,73.92904143105211,72.66366167750617,72.80233596756483,8382900
QCOM,2019-12-10,72.90633392333984,73.95503333393376,72.53365507392603,73.70369116922645,8082200
QCOM,2019-12-11,75.39373779296875,75.48907469810237,73.46101314312088,73.53034366402018,9571500
QCOM,2019-12-12,77.17913818359375,77.33514343850852,74.85639695061462,75.26373776011383,12164600
QCOM,2019-12-13,76.12174987792969,77.74246372986958,75.88773875114207,77.05778116037676,12269100
QCOM,2019-12-16,76.64178466796875,78.40117321011721,76.57244753026009,77.37847357215139,8719100
QCOM,2019-12-17,76.54646301269531,77.1704841517361,75.99177902518231,77.1358155759722,7485900
QCOM,2019-12-18,76.25178527832031,76.83246900832678,75.91376833880676,76.73713208401476,5860600
QCOM,2019-12-19,76.69377899169922,76.8757840065236,75.93975916062004,76.58111110986115,7471400
QCOM,2019-12-20,77.00579071044922,77.87248504959294,76.42510709018765,76.97979093825138,17538000
QCOM,2019-12-23,76.65912628173828,77.4218216776414,76.48579002577175,77.14447970068235,7274700
QCOM,2019-12-24,76.93647003173828,76.97113860620141,76.25178717624355,76.80647114294464,2435200
QCOM,2019-12-26,76.61576843261719,77.10111506758857,76.26908943091536,77.06644650618318,5070000
QCOM,2019-12-27,76.96247100830078,77.09246988795029,76.34711212030781,77.04913913218512,5808900
QCOM,2019-12-30,76.64178466796875,76.94512638000239,75.67108457710773,76.88445803759566,6543100
QCOM,2019-12-31,76.46846008300781,76.93646930294052,76.16511171241761,76.26044863819949,5173400
QCOM,2020-01-02,76.86713409423828,77.83782766158394,76.33844994244295,77.1791446301291,8413900
QCOM,2020-01-03,75.41975402832031,75.95710700979535,74.91707623339366,75.62776547348417,8340300
QCOM,2020-01-06,74.97775268554688,75.01242126348636,74.13705785449105,74.4577372411649,8381400
QCOM,2020-01-07,77.10981750488281,77.56049577508465,75.32442879380898,75.43709670827073,8377400
QCOM,2020-01-08,76.88446807861328,77.5431577481628,76.19977863211582,77.04914214908922,7619900
QCOM,2020-01-09,77.92448425292969,78.62650448903996,76.98845286321433,77.70781068747812,9155500
QCOM,2020-01-10,78.22782897949219,80.07388544884259,77.8898187331654,78.44450255341206,9668300
QCOM,2020-01-13,78.84320068359375,80.36858487363807,78.47919057612371,78.91253783140357,10367800
QCOM,2020-01-14,78.48786163330078,79.39789361720834,78.2538569984316,78.98187729567357,7800100
QCOM,2020-01-15,77.71649932861328,79.0252099609639,77.35248920168812,78.6525310370106,7259100
QCOM,2020-01-16,79.55387878417969,79.93522643140969,77.84648977934974,78.1931688575267,9295500
QCOM,2020-01-17,83.12467956542969,83.35001539322975,80.55925781371583,80.60259518725306,23694400
QCOM,2020-01-21,81.93730926513672,82.96000916995831,80.96660892098829,82.62199880087242,10868500
QCOM,2020-01-22,80.57659149169922,82.67399066680372,80.35124906249695,82.56132275837983,8342300
QCOM,2020-01-23,79.73590087890625,80.5592580799965,79.26788501504748,80.47258994499039,11282000
QCOM,2020-01-24,77.69915008544922,80.81924843444231,76.98846098033216,80.32523291762135,9471700
QCOM,2020-01-27,75.44576263427734,76.45979366290697,74.92574061844763,75.66243627008818,9240200
QCOM,2020-01-28,77.26580047607422,77.60381073418532,75.74041661103892,76.3991061501785,9187000
QCOM,2020-01-29,76.46846008300781,77.15314293201672,75.70576467675278,76.84113898951306,8158500
QCOM,2020-01-30,76.07842254638672,76.14775967548336,74.70038182044198,75.67107517838467,8379400
QCOM,2020-01-31,73.93769836425781,75.54975050376295,73.70369378184418,75.4457514059585,9503600
QCOM,2020-02-03,74.95173645019531,75.03840456983924,73.80770007877592,74.1457103740348,7792700
QCOM,2020-02-04,77.07514190673828,77.09247288724781,75.72310060695004,76.48578938410033,9236400
QCOM,2020-02-05,78.79119873046875,78.99053475891115,77.3698136930525,78.86052926381376,14220900
QCOM,2020-02-06,78.53116607666016,78.67850251136102,74.70037910032364,76.32109310673783,21059000
QCOM,2020-02-07,75.76641845703125,78.02849123853414,75.73174988956397,77.67314999361255,10725100
QCOM,2020-02-10,76.78912353515625,76.82379210509811,74.96906659350715,75.21173997074655,7481300
QCOM,2020-02-11,78.00248718261719,79.27652886457638,77.04912477285575,77.45647215278586,9452800
QCOM,2020-02-12,79.49319458007812,80.11721547381453,79.12051580256066,79.43252624942886,9824200
QCOM,2020-02-13,78.02849578857422,79.1985319063217,77.81182218853381,78.89519018873584,8428300
QCOM,2020-02-14,77.65583038330078,78.69586781105873,76.9538099135213,78.47919417348683,6256500
QCOM,2020-02-18,76.29511260986328,77.13580729794107,75.86176537785238,76.12177636200052,7248100
QCOM,2020-02-19,78.48786163330078,78.53986780621456,76.83247836941673,77.0664830042859,7820900
QCOM,2020-02-20,77.54312896728516,79.63185849255322,76.85843977491668,78.70449598893552,9754900
QCOM,2020-02-21,75.42841339111328,77.16180220989048,74.8217299494827,76.75445477950127,12257600
QCOM,2020-02-24,72.21297454833984,73.52168489676683,71.68429045435124,72.71565886923939,12158500
QCOM,2020-02-25,69.5262222290039,73.14900489807164,69.02353791604568,72.75032628817989,14725000
QCOM,2020-02-26,69.04088592529297,71.09494762510523,68.54686372043727,70.20225336254583,13125000
QCOM,2020-02-27,65.8167724609375,67.76683479009493,65.28808836715545,66.84813426306943,17898300
QCOM,2020-02-28,67.86215209960938,69.17085545719085,63.56334345449295,63.92736000952189,20843300
QCOM,2020-03-02,69.8209228515625,69.95092837891359,66.84815976881379,68.48621222131248,15043400
QCOM,2020-03-03,68.0875015258789,71.63228462182639,67.4548183950574,70.04623247905023,16356200
QCOM,2020-03-04,71.4595947265625,71.55569006570843,68.18363543283175,69.11837555137801,9894900
QCOM,2020-03-05,69.16202545166016,71.08392485940782,68.75143763884735,69.4153670098841,9396200
QCOM,2020-03-06,67.67691040039062,68.2097999834608,66.24422561917144,66.68101992234686,11536500
QCOM,2020-03-09,63.457496643066406,66.48011341251568,62.74989177264732,63.247837174970805,13898500
QCOM,2020-03-10,68.91743469238281,69.04847437350206,64.78536251378046,65.34445893259787,13615600
QCOM,2020-03-11,65.18719482421875,67.9564695578748,64.4009636174362,66.64608643488829,13376500
QCOM,2020-03-12,58.54793167114258,63.36140891283751,58.53046282377543,60.731904164567034,19386200
QCOM,2020-03-13,66.22675323486328,66.97804000491712,58.757574297633845,62.182040196280056,15971400
QCOM,2020-03-16,56.32901382446289,62.17331889010261,56.3115383145166,59.64864756415592,16134700
QCOM,2020-03-17,60.155338287353516,60.98524516052993,54.337235756657755,57.57825343700148,16864500
QCOM,2020-03-18,53.45490646362305,57.2724892286612,50.66815892257336,55.52531466725673,18381200
QCOM,2020-03-19,56.783267974853516,59.010921922925185,51.57667989572287,53.39374273803036,17127400
QCOM,2020-03-20,53.21030044555664,59.386577113348515,53.10547070931087,56.80948582644899,16591500
QCOM,2020-03-23,54.625511169433594,56.660974843378504,51.637838822972284,53.769394473679,14920300
QCOM,2020-03-24,57.185115814208984,59.07207061568162,54.32848034972594,57.65685451457714,18966800
QCOM,2020-03-25,55.105995178222656,58.495518065539805,54.564367604159806,57.56951586742259,15969800
QCOM,2020-03-26,60.26016616821289,60.854206895817605,55.25449876273967,55.90969044767334,15820300
QCOM,2020-03-27,58.17226791381836,60.3824529074212,57.59570284175664,58.09364813056336,9739100
QCOM,2020-03-30,60.303829193115234,60.71441696415743,57.70926958882997,58.69642912302582,9880800
QCOM,2020-03-31,59.09828186035156,61.465706636745594,58.233430840772265,60.53970466961934,13213900
QCOM,2020-04-01,57.56949996948242,60.01554447099875,56.78326876133483,56.78326876133483,14167900
QCOM,2020-04-02,59.421504974365234,59.63117107712557,57.05408021656157,57.54329445804901,15432900
QCOM,2020-04-03,56.984195709228516,60.00681191092435,56.390155107077405,59.12448542869555,8600700
QCOM,2020-04-06,61.98112106323242,62.34803341494333,59.098282098055,59.84083122552706,12153100
QCOM,2020-04-07,63.5361213684082,65.43180761435403,61.902507784162914,64.34855928309273,11285600
QCOM,2020-04-08,64.06026458740234,64.97752877521896,63.265295626341384,64.38348815908158,10695600
QCOM,2020-04-09,62.53150177001953,65.3793970907769,61.15122956035375,65.18721311072093,15459400
QCOM,2020-04-13,64.03404998779297,64.2175028024268,62.409174583947795,62.64504058420488,7896500
QCOM,2020-04-14,67.74681091308594,67.85163729857517,65.49295031572113,65.51915691209344,11314100
QCOM,2020-04-15,66.38399505615234,66.68974972951565,64.67176222036579,66.2704309388894,9951700
QCOM,2020-04-16,67.13530731201172,67.86912547215115,65.85113053048362,67.14404506741761,8819700
QCOM,2020-04-17,66.541259765625,68.3583261366416,65.9384880034258,67.54588825589549,9926000
QCOM,2020-04-20,64.91639709472656,66.59369305656438,64.73294420271958,65.5366444910231,7217700
QCOM,2020-04-21,62.75861358642578,64.6193619187183,62.67999379686864,64.04279013548587,9273800
QCOM,2020-04-22,65.2396240234375,65.81618927324097,63.55359705824932,64.46213037956389,7365300
QCOM,2020-04-23,64.4795913696289,66.5412616042979,64.43591592577353,65.5191642417161,7673800
QCOM,2020-04-24,66.42770385742188,66.48885481667895,64.34856457772675,64.57569290356463,6071300
QCOM,2020-04-27,66.37527465820312,67.9826747227154,65.94721138160648,66.90815765190865,7219500
QCOM,2020-04-28,65.77249908447266,67.94773324868615,65.65893494411608,67.36243037423147,6250500
QCOM,2020-04-29,68.98731231689453,69.22317837301475,67.11783271743194,67.41484972624657,11950200
QCOM,2020-04-30,68.7252197265625,70.64711881791409,67.51093199684591,70.12296027893922,17113500
QCOM,2020-05-01,66.07825469970703,67.78175015250092,65.23961027179669,67.13529632233214,9742100
QCOM,2020-05-04,66.11321258544922,66.34034758063896,64.72420267692729,65.65894926002454,7202400
QCOM,2020-05-05,67.81670379638672,68.84753896329417,66.88196394151801,67.04794796503117,7540800
QCOM,2020-05-06,68.89995574951172,70.00941066851888,68.59419431671742,68.84753588577192,8179700
QCOM,2020-05-07,68.86502838134766,70.03563454266056,68.36708287519944,69.62504661102058,7291800
QCOM,2020-05-08,70.3763198852539,70.83932093740094,69.32801586774949,69.62503289555912,7887200
QCOM,2020-05-11,70.30642700195312,70.99655626371768,69.48525142700588,70.1404430031991,6604600
QCOM,2020-05-12,68.5068359375,71.45083275794936,68.48936709310013,71.01403833345887,7318100
QCOM,2020-05-13,68.13993835449219,69.45905954010624,67.04795216291379,68.89122538749452,9584800
QCOM,2020-05-14,69.7735595703125,69.88712374701743,66.80335547807316,67.70315112992313,9956800
QCOM,2020-05-15,66.19181823730469,67.87784483170903,64.96879929002974,65.23087192232292,29597800
QCOM,2020-05-18,69.8346939086914,70.04435336382302,67.44979344611139,67.50220664365581,13191000
QCOM,2020-05-19,68.21855926513672,70.01815707015133,68.13993945724901,69.6687201502001,8118400
QCOM,2020-05-20,70.43745422363281,71.59932878996601,69.61628538080836,69.85215139636523,11379200
QCOM,2020-05-21,68.13993835449219,69.96573606763297,68.02637418995175,69.42411518218115,8141500
QCOM,2020-05-22,68.75144958496094,68.80386945556812,67.5196925974487,68.36707496858627,5530400
QCOM,2020-05-26,68.15741729736328,70.38507212415509,67.94775778371,70.05311067212442,10067300
QCOM,2020-05-27,69.266845703125,69.29305229655225,66.53251559465794,68.37578153688352,9125900
QCOM,2020-05-28,68.23601531982422,71.18001169988757,67.90405400625225,70.09675689042601,11161700
QCOM,2020-05-29,70.65587615966797,70.93542437401557,68.05258466323507,68.75145186662647,10558700
QCOM,2020-06-01,69.65122985839844,70.30642138222089,69.22316659740173,69.79100058437176,6474800
QCOM,2020-06-02,73.93181610107422,74.15021329621914,69.80848265529909,69.82595149833115,13255300
QCOM,2020-06-03,74.04625701904297,75.66609818847436,73.61488729491774,74.78574797468623,13029300
QCOM,2020-06-04,75.7453384399414,76.32636612863338,73.90540287324774,73.90540287324774,12109000
QCOM,2020-06-05,77.95503234863281,78.77375850759005,77.31237358699386,77.47083693119656,11882100
QCOM,2020-06-08,80.4376220703125,80.55206520948603,77.77015459689096,78.3511891108662,9748300
QCOM,2020-06-09,79.01143646240234,79.57486009595314,78.40399262888621,79.4340075458352,7327700
QCOM,2020-06-10,80.12068939208984,81.11548289642901,79.2579430705751,79.45162122743803,9079700
QCOM,2020-06-11,73.967041015625,78.40400803933605,73.87020864643982,78.0166584129728,15241700
QCOM,2020-06-12,75.04106903076172,76.713736196825,73.535670596267,75.93022484875245,10113200
QCOM,2020-06-15,76.05345916748047,76.211922484491,73.15710597778461,73.658905362228,9852600
QCOM,2020-06-16,78.80895233154297,79.61887967543238,77.25954070962293,79.14348972897756,12639800
QCOM,2020-06-17,79.17869567871094,80.1910929912575,78.6152721126448,79.8301529176239,7620300
QCOM,2020-06-18,79.1611099243164,79.66290940627403,78.3775985703219,79.09948566220024,5709500
QCOM,2020-06-19,78.18390655517578,79.45161311314355,77.0658646500245,79.11708242325301,23213800
QCOM,2020-06-22,78.46563720703125,78.7385504277489,77.12750740981328,78.10469699665677,8028000
QCOM,2020-06-23,78.65930938720703,79.7685528069593,78.44802716514876,79.35478703121215,7778700
QCOM,2020-06-24,78.47441864013672,79.08186244561557,76.96021517615647,78.50082807228115,8208800
QCOM,2020-06-25,78.31597137451172,78.75614657786433,76.8721972448384,78.087078388137,7062600
QCOM,2020-06-26,77.48843383789062,78.99383882724976,77.0658694366818,78.41280437991254,9126500
QCOM,2020-06-29,78.36000061035156,78.48324914416814,76.30878231441076,77.65571751722142,5870400
QCOM,2020-06-30,80.29674530029297,80.93059855339031,78.35117205853213,78.52723942148612,9378500
QCOM,2020-07-01,79.03784942626953,80.37598565312987,78.86178205162255,80.12068325831389,6990600
QCOM,2020-07-02,80.87779235839844,81.4324106834773,79.93581771428902,80.19111341560597,8317300
QCOM,2020-07-06,81.80215454101562,82.53284695805392,81.08026750828412,82.0574569535907,6933100
QCOM,2020-07-07,81.11548614501953,82.35678344560438,80.91300931221954,81.84617859643299,6722400
QCOM,2020-07-08,82.33916473388672,82.40078898790873,81.2915456989727,82.11027176900215,6692700
QCOM,2020-07-09,82.09266662597656,82.70890915800065,80.49923470992864,82.70890915800065,6287700
QCOM,2020-07-10,81.44121551513672,82.330364562817,80.60487862441063,81.8725853206032,5687600
QCOM,2020-07-13,80.40240478515625,82.86738191021843,80.28795493294588,82.1366961724183,7606400
QCOM,2020-07-14,81.32675170898438,81.53804059977965,78.52723771306945,79.98862231664367,6571000
QCOM,2020-07-15,81.47640991210938,81.81094055461668,80.1206698610976,81.81094055461668,6154100
QCOM,2020-07-16,80.2879409790039,80.77213630833998,79.83016179934572,80.34076656182022,6178700
QCOM,2020-07-17,81.19471740722656,81.39719423063221,80.11188349915801,80.71052201814301,5985700
QCOM,2020-07-20,82.02224731445312,82.11028101346163,80.37599632171782,81.15950766101274,5407500
QCOM,2020-07-21,81.26515197753906,82.62089254471263,80.8249767303999,82.35679142635388,7098600
QCOM,2020-07-22,81.52044677734375,82.12789071068912,80.70172062582893,81.64369529765432,4366400
QCOM,2020-07-23,78.94103240966797,81.84619191876045,78.55368273391954,81.79337303491786,9438500
QCOM,2020-07-24,78.25433349609375,79.4868251942985,77.03945256422101,78.53604530855146,9520000
QCOM,2020-07-27,81.60847473144531,81.73172324308142,78.58007409569227,79.24913552556251,8021700
QCOM,2020-07-28,80.50804138183594,81.51164030036874,79.73333544790165,81.14189474439151,5818400
QCOM,2020-07-29,81.89897918701172,82.41838930494129,80.7633266070021,81.06264917182605,11453000
QCOM,2020-07-30,94.36475372314453,94.80492888675052,88.65127526363003,90.16547890108102,42122500
QCOM,2020-07-31,92.97380065917969,94.85774986393368,92.00541662104617,93.01782086313399,16765100
QCOM,2020-08-03,96.47760009765625,99.47959827849554,94.22390515320637,94.54963722924107,18899400
QCOM,2020-08-04,97.67488098144531,97.73650524506637,95.65888433589629,96.38957011410558,10205400
QCOM,2020-08-05,98.06222534179688,99.00419995140673,96.90896852797232,97.71888924124544,7967400
QCOM,2020-08-06,97.77172088623047,98.03582871340747,96.77692727474043,97.92138557045266,6392200
QCOM,2020-08-07,95.29792022705078,97.76290376018626,93.31713204681185,96.84733863977993,11155900
QCOM,2020-08-10,93.63406372070312,95.94938272219478,93.07064003428279,95.60604662317428,10087100
QCOM,2020-08-11,95.80852508544922,98.60803931759207,92.20788885365408,93.49319949002233,17803000
QCOM,2020-08-12,101.93575286865234,102.34071316422069,96.5304030504631,97.18186033320006,18664700
QCOM,2020-08-13,99.84054565429688,102.29671744747696,99.27711519895355,102.29671744747696,9958400
QCOM,2020-08-14,100.13103485107422,100.81770696660492,99.10102667777818,99.74368531104165,6641000
QCOM,2020-08-17,98.75769805908203,100.79130512619034,97.39315239176408,99.73488744064989,10283000
QCOM,2020-08-18,98.62565612792969,99.81412784740365,98.17667553469174,99.40036879336625,6387000
QCOM,2020-08-19,97.75410461425781,99.8933562540839,97.49880220430686,98.88975738271267,7747600
QCOM,2020-08-20,97.4195556640625,97.70126745740022,96.5480041363442,96.83852131225031,7200300
QCOM,2020-08-21,99.47958374023438,99.61163762833024,96.79451264293073,97.04101636842825,8546900
QCOM,2020-08-24,102.04139709472656,102.12062539048728,99.71726633765807,100.68565695166126,10235000
QCOM,2020-08-25,102.07662963867188,103.08903397615063,100.74730532571373,102.21748893136561,6208000
QCOM,2020-08-26,102.15583801269531,102.60481849532057,101.38993092075094,102.3407107487083,7487400
QCOM,2020-08-27,102.13825225830078,104.03981237985562,101.54841909184357,102.49919915262099,8206200
QCOM,2020-08-28,104.05740356445312,104.11022915010176,102.27029351651346,102.74568348811225,6280300
QCOM,2020-08-31,104.84971618652344,106.57520191587429,103.98697668011779,104.17184943149043,9694600
QCOM,2020-09-01,107.41152954101562,107.9045235026142,105.21065404596635,106.59280358819574,9091900
QCOM,2020-09-02,109.02238464355469,109.68618386648123,107.80984229877019,109.09319151460376,9167700
QCOM,2020-09-03,103.04817199707031,107.7213165554073,102.31356604310464,107.35844322734258,13560800
QCOM,2020-09-04,102.64104461669922,104.27841440133616,99.46365603774264,102.39322736313433,11064300
QCOM,2020-09-08,97.15363311767578,100.79125271886706,97.0208786999425,99.07423030855175,10245200
QCOM,2020-09-09,100.91516876220703,102.46403343974868,99.39286172267795,100.4372393182066,9708400
QCOM,2020-09-10,99.51676940917969,102.49943589535285,98.74675997448517,101.91529616240608,6166300
QCOM,2020-09-11,100.38411712646484,101.64976093217027,99.48135337986646,100.3487136997827,6740200
QCOM,2020-09-14,100.41951751708984,102.16309740151942,99.70261671786238,101.9949328179918,5397300
QCOM,2020-09-15,103.18092346191406,104.2695500962283,101.5966556238552,101.72941678115309,8773700
QCOM,2020-09-16,101.39309692382812,104.43772426664307,101.37539858573636,104.43772426664307,6340100
QCOM,2020-09-17,101.67633056640625,102.40208406595919,98.2422785750485,99.05653728137337,7418100
QCOM,2020-09-18,97.96790313720703,102.16311174996457,97.1801953761253,101.81793674241253,15443200
QCOM,2020-09-21,99.0565185546875,99.25123402428335,95.85258610865338,96.6137428975209,8197600
QCOM,2020-09-22,100.73814392089844,101.11872231437034,97.7289201995524,99.66721559334104,6911200
QCOM,2020-09-23,97.86170196533203,100.83552288638744,97.41916917056206,100.5788530551191,6553300
QCOM,2020-09-24,99.29549407958984,100.26906471509895,96.68454697468648,96.81730814146351,6849000
QCOM,2020-09-25,101.3399887084961,102.44632046295567,98.9503148198687,100.49917927611209,11718000
QCOM,2020-09-28,104.85371398925781,105.09267871027106,101.71172866964461,102.63219762736937,9043600
QCOM,2020-09-29,103.88896942138672,105.54404407382638,103.72965738664647,104.56162098501365,5655700
QCOM,2020-09-30,104.15447998046875,105.55288471071118,103.48182849272357,103.99516796370047,5829700
QCOM,2020-10-01,105.78303527832031,106.39373269006292,104.17221619087441,106.14591540776577,5316800
QCOM,2020-10-02,102.19850158691406,105.02186233969687,102.1630981610391,103.35793508613874,5834300
QCOM,2020-10-05,106.6680908203125,106.78315365663167,103.31369852597079,103.46415803998862,5835900
QCOM,2020-10-06,105.80073547363281,108.43822700171731,105.41130447518509,106.60614160381473,7637000
QCOM,2020-10-07,108.88960266113281,109.18167588406646,106.78314929341255,107.30533467455427,7410300
QCOM,2020-10-08,108.27890014648438,110.12869038396647,107.83636743687309,109.74811198360024,4757500
QCOM,2020-10-09,110.51812744140625,111.42089124783458,108.6771896470075,109.68616374052124,11073400
QCOM,2020-10-12,112.12893676757812,113.02284795244044,110.58891812239365,113.02284795244044,7893800
QCOM,2020-10-13,112.81044006347656,113.4476815075517,110.9872074196364,112.8192926085718,7605700
QCOM,2020-10-14,114.95230102539062,117.2003612490829,114.11147807270451,114.24424598866753,13177100
QCOM,2020-10-15,113.80171203613281,114.29734650491869,112.09353552476637,112.66882939175753,7376600
QCOM,2020-10-16,114.19999694824219,115.22667613855538,113.05826167729612,114.79298919479531,6625400
QCOM,2020-10-19,113.66011047363281,116.79324992255333,113.022862229955,115.17357842862457,5765800
QCOM,2020-10-20,113.55389404296875,114.465510328757,112.85469156345322,114.33274241513098,4409800
QCOM,2020-10-21,113.77516174316406,115.43022974678965,111.84571886931475,113.32376973851966,4344000
QCOM,2020-10-22,113.62470245361328,114.69562404440279,112.27939923957892,114.62481719050345,3895100
QCOM,2020-10-23,114.06721496582031,114.261930403312,112.49179313180223,113.81053847775215,3943100
QCOM,2020-10-26,111.69525146484375,113.88136409666936,110.10213778656933,112.87239007467495,6065900
QCOM,2020-10-27,111.43859100341797,112.36790564899776,110.80134281644136,111.96962890839404,5825500
QCOM,2020-10-28,107.60625457763672,109.58879921287276,107.13717098895486,109.30557855069618,8234800
QCOM,2020-10-29,111.90766143798828,113.01399309012749,107.88061152319659,108.03107100728451,7053300
QCOM,2020-10-30,109.18167877197266,110.85445199845482,107.62396162763783,109.46489945707773,7811200
QCOM,2020-11-02,109.7215576171875,111.66869877663987,108.34085776784902,110.19064119407746,5860300
QCOM,2020-11-03,111.03145599365234,112.33250326202696,110.35881112562588,111.02261020112203,5832800
QCOM,2020-11-04,114.14690399169922,114.67794871872243,111.58021257030578,114.45668233330083,12608900
QCOM,2020-11-05,128.6973419189453,131.6977125919865,125.528806686718,129.060221914555,27910900
QCOM,2020-11-06,128.3433074951172,129.42308818434228,127.41399978334594,129.22837274825093,7278500
QCOM,2020-11-09,126.2192153930664,132.23766463358223,126.06875585018231,132.23766463358223,10666300
QCOM,2020-11-10,124.00653839111328,126.71483689281519,122.60813316045741,124.04193507193985,12019900
QCOM,2020-11-11,130.71533203125,131.06935284596406,127.4494380211534,127.89197079206018,10222700
QCOM,2020-11-12,127.36975860595703,131.4410511399916,126.62630694822361,130.6091010496855,8580700
QCOM,2020-11-13,127.67953491210938,129.44081999123566,126.76791859359889,128.81241758957924,5899200
QCOM,2020-11-16,131.9366912841797,132.0959965564087,127.93619233067918,128.5114793759836,7598500
QCOM,2020-11-17,131.64463806152344,132.62706123754327,130.2639246345286,131.89245530367018,7438600
QCOM,2020-11-18,130.1488494873047,135.70705825265566,130.02494089081688,132.08714457202555,12124500
QCOM,2020-11-19,130.57369995117188,132.14026952140793,128.74162155973187,129.71518541587497,7743700
QCOM,2020-11-20,129.24610900878906,131.96326647369764,129.16645635800063,131.2375063086636,5551900
QCOM,2020-11-23,127.29010772705078,130.10460911529583,125.573078752072,125.98906055549577,11649400
QCOM,2020-11-24,129.1575927734375,129.51162705134797,124.89158438857389,126.90953250506983,10800800
QCOM,2020-11-25,127.52023315429688,130.53830961544992,127.48482297306587,129.1753012436266,6398900
QCOM,2020-11-27,127.29898071289062,129.60014305859724,127.18391786884527,128.76819277905193,3878000
QCOM,2020-11-30,130.25506591796875,130.36126943834353,127.49366634802058,128.00700587154117,8712500
QCOM,2020-12-01,133.87498474121094,134.8751129438943,130.8038067870651,131.68887216854745,11906100
QCOM,2020-12-02,133.31500244140625,134.65722781362552,132.99500321740896,133.78611052627554,7800300
QCOM,2020-12-03,133.2528076171875,135.795020290167,133.01280477217958,134.25723885126845,6355300
QCOM,2020-12-04,140.1060791015625,140.52385622531324,133.33277830398004,133.5994465732503,12759900
QCOM,2020-12-07,140.46163940429688,141.30607760940603,139.29720199307874,140.93274746283075,7009300
QCOM,2020-12-08,141.1549835205078,141.5905286220773,138.55054262774266,139.963880514478,6088300
QCOM,2020-12-09,138.683837890625,143.17270973653328,138.26606086642647,140.97716275857374,7947200
QCOM,2020-12-10,138.4438934326172,140.31055809523653,135.75945587459066,137.2616742880668,7522200
QCOM,2020-12-11,128.2483673095703,133.57279502771001,126.1239320296522,132.65724427297414,25923100
QCOM,2020-12-14,130.03500366210938,131.33278195931038,127.40391119259196,128.79945383629365,12258500
QCOM,2020-12-15,131.8749542236328,133.26161239148252,130.75496421805562,132.7727230212006,6616400
QCOM,2020-12-16,133.1016845703125,133.72390154364743,130.40836330027412,132.568347985561,6610900
QCOM,2020-12-17,132.91505432128906,134.42615703356248,131.89284137092332,134.10615769516082,7039000
QCOM,2020-12-18,131.0394744873047,134.03501372666182,129.8839208388844,134.03501372666182,13288300
QCOM,2020-12-21,130.4883575439453,130.98613111431612,128.36392233684046,128.8972453493895,7024600
QCOM,2020-12-22,130.0794677734375,130.69280078277598,128.63947796946923,130.31947059520317,5751500
QCOM,2020-12-23,130.63058471679688,134.70166730115608,130.5505747347039,131.22613621768184,5186700
QCOM,2020-12-24,132.2572021484375,132.35498004759864,130.8438781578162,131.3772146192969,2120200
QCOM,2020-12-28,131.32388305664062,134.283871920727,131.0572148271779,133.8838627948781,4576600
QCOM,2020-12-29,131.99058532714844,132.4350279847158,130.6928067991938,132.41724648068532,3543800
QCOM,2020-12-30,133.28834533691406,134.7638981603806,132.37279458142515,132.5505689251808,3965600
QCOM,2020-12-31,135.41278076171875,135.60833660905055,133.42168640825008,133.61724225558189,4941700
QCOM,2021-01-04,131.99942016601562,137.91049988617374,130.7905360448585,136.0082865623406,9827000
QCOM,2021-01-05,135.4927520751953,135.73275485486877,131.99944007058505,132.1327674130089,8507200
QCOM,2021-01-06,134.3905487060547,136.7727544102052,132.86166515494185,134.69276640345092,7174600
QCOM,2021-01-07,138.3994598388672,139.03945843862158,135.34169176522187,135.40392025620804,8482300
QCOM,2021-01-08,139.2349395751953,140.02604664696827,137.3682757340956,139.75937844633856,6252400
QCOM,2021-01-11,138.7638702392578,140.5594221555386,137.70609467255431,138.75498626997805,5147800
QCOM,2021-01-12,137.288330078125,139.43943084841482,136.8527849673376,139.23499102981435,4385700
QCOM,2021-01-13,139.9282684326172,140.3815948783151,136.577168343905,137.94605877440216,5479900
QCOM,2021-01-14,142.9771728515625,145.04826318568567,140.88828745451534,141.6882786141065,10102400
QCOM,2021-01-15,139.6349639892578,142.9860647792287,139.44830570450736,142.9060683714785,8607400
QCOM,2021-01-19,145.57273864746094,145.8660724024347,140.84386268967174,141.2794213373562,8209000
QCOM,2021-01-20,146.31051635742188,149.27938981251367,146.16829146341075,146.417178246274,7943300
QCOM,2021-01-21,146.44384765625,147.99051290275656,145.19051617528672,147.38606386861235,6295700
QCOM,2021-01-22,144.3727264404297,146.01716941609186,143.57273521964393,145.77716662453167,5062300
QCOM,2021-01-25,146.13270568847656,148.4882593523239,143.75938408813067,146.06160681586175,5370800
QCOM,2021-01-26,144.48828125,146.35493189348637,143.03051017271554,145.9549362958329,6554200
QCOM,2021-01-27,136.594970703125,142.8704972936832,135.72386710914162,140.87940336457837,9854000
QCOM,2021-01-28,138.26608276367188,141.30606823844977,136.09720090646755,138.91496510183202,8087400
QCOM,2021-01-29,138.91497802734375,142.79051804344994,137.55498475585645,142.44385335784165,9502100
QCOM,2021-02-01,143.6260528564453,144.35493156913657,139.10163105436257,139.88384070172515,8265100
QCOM,2021-02-02,146.47052001953125,147.00385662984726,143.3772029443133,146.2305171885577,6926500
QCOM,2021-02-03,144.2660369873047,148.95934866237624,143.82159449107965,148.95934866237624,14156700
QCOM,2021-02-04,131.5283660888672,134.91501709616807,129.06614987605153,133.49279511339108,46141800
QCOM,2021-02-05,129.63502502441406,132.3550117910339,128.55058390574288,132.31057837801183,24695400
QCOM,2021-02-08,131.00389099121094,131.19944679919072,129.155008346963,130.75500424711123,12181600
QCOM,2021-02-09,129.87501525878906,131.9994503139012,129.68834340159918,131.15501209862947,11681300
QCOM,2021-02-10,129.33279418945312,131.33278585217664,128.32834959191453,131.2172264380707,11701300
QCOM,2021-02-11,129.38609313964844,130.28387563345828,127.58165774849125,129.58164891671743,11600200
QCOM,2021-02-12,131.53724670410156,134.57723289050753,128.77281279854233,129.3950433772057,9155200
QCOM,2021-02-16,130.80833435058594,133.10165953231547,129.83055531691087,132.44387967663312,10211900
QCOM,2021-02-17,128.66610717773438,130.568320585878,127.48388846864239,129.61722066346073,11937200
QCOM,2021-02-18,127.91946411132812,128.62167740604062,127.07502593862219,127.59056738555441,8404400
QCOM,2021-02-19,128.8350067138672,129.6438953984448,127.54612605003948,128.69278184471528,10012500
QCOM,2021-02-22,123.96390533447266,128.10609903502336,123.62612470166188,126.44388846193362,12763900
QCOM,2021-02-23,121.88394165039062,123.09282613798791,119.50173568080002,121.22617524315483,14425300
QCOM,2021-02-24,125.42170715332031,125.49280603361049,120.07949842046023,121.24393586240457,13146200
QCOM,2021-02-25,120.47059631347656,125.1816900481431,120.01726979603762,124.05280217533215,12701100
QCOM,2021-02-26,121.0572509765625,122.79945799055673,119.73280743658957,121.56390837638932,11772600
QCOM,2021-03-01,123.99063110351562,124.11507451876423,121.29730938803033,122.22174424940357,9421400
QCOM,2021-03-02,121.81282806396484,124.53282830812059,121.57283881328748,124.44393435825398,8693200
QCOM,2021-03-03,117.58837127685547,121.62527034660627,117.4811874377632,121.10727190745851,14862700
QCOM,2021-03-04,114.14091491699219,119.8568862891685,113.05130574480378,118.20461991543742,15831100
QCOM,2021-03-05,115.88249969482422,117.15073042607244,111.99742303316854,116.92745007983963,13292000
QCOM,2021-03-08,110.03255462646484,115.90036881238628,109.84499994865546,115.21266151310961,15256100
QCOM,2021-03-09,115.31092071533203,116.03434697059554,112.82804396440031,113.77475060106381,13130200
QCOM,2021-03-10,114.20343017578125,117.08821515206816,113.99800926587623,116.7041658826859,12492300
QCOM,2021-03-11,117.65982055664062,118.99950268413316,116.11471069080761,117.00783210913596,11920200
QCOM,2021-03-12,116.0879135131836,116.40051144832417,113.98015331876613,116.01646216721002,9365700
QCOM,2021-03-15,117.57051086425781,117.67768108071454,115.31984092300101,116.15937729311796,7807200
QCOM,2021-03-16,119.36567687988281,120.96437191424894,118.15103115728441,118.68690948088295,10434700
QCOM,2021-03-17,119.6068115234375,121.10726250264477,115.81997203110532,117.27576421648818,10781500
QCOM,2021-03-18,115.88249969482422,119.3210224779897,115.8021220408886,118.2849984007613,9579000
QCOM,2021-03-19,117.01678466796875,118.32073444773425,115.36450441464702,115.9182353927979,17599900
QCOM,2021-03-22,119.7586441040039,121.06260733176684,118.42790195268553,118.74942619871263,9036900
QCOM,2021-03-23,118.3564682006836,119.99088222529457,117.3651027637213,119.678284240649,7425700
QCOM,2021-03-24,113.58718872070312,118.8387405063499,113.52467049042076,118.77622909004359,10962300
QCOM,2021-03-25,113.676513671875,113.99803798596204,111.09539284943736,113.12278265292936,10460800
QCOM,2021-03-26,118.7762222290039,119.097746484448,113.46214570606327,113.48000513626543,11071600
QCOM,2021-03-29,117.24006652832031,119.08882100051763,115.90038423938347,118.3743210541607,9750100
QCOM,2021-03-30,116.20401763916016,117.21324911036679,115.275177445482,116.25760273887909,7097300
QCOM,2021-03-31,118.41893768310547,119.24954749297393,116.61484265529522,116.96315938125345,8361300
QCOM,2021-04-01,123.06316375732422,123.63476077837451,119.320997388793,120.12480101503786,14069600
QCOM,2021-04-05,125.33174133300781,125.48357035217215,123.45618073777298,124.17960697000706,12562800
QCOM,2021-04-06,123.3043212890625,125.24239282427857,122.92921198817706,124.90301600611507,9100000
QCOM,2021-04-07,124.52790069580078,124.99232760395522,122.71486548329312,123.54547540802989,6958500
QCOM,2021-04-08,125.34064483642578,125.36743738622977,123.97417028462164,125.03698685334709,7304900
QCOM,2021-04-09,125.54608154296875,125.64431181398204,124.03670419885839,124.94767821330818,6033200
QCOM,2021-04-12,122.75057983398438,124.93872404706697,121.50914191185562,124.01881030186104,10355500
QCOM,2021-04-13,122.62556457519531,123.93845405522683,121.24122375152157,123.59013727243992,9225200
QCOM,2021-04-14,120.34811401367188,123.10785599195974,119.59789527494439,122.42908860377082,9967800
QCOM,2021-04-15,123.10787200927734,123.24184841945043,121.08049588926824,121.46453161693354,11733200
QCOM,2021-04-16,123.43831634521484,124.152802572433,122.04503549505648,122.91136435490729,6583900
QCOM,2021-04-19,120.7947006225586,122.40232228434621,119.75867625963383,122.26834586289041,8728900
QCOM,2021-04-20,119.14237976074219,120.37489155491295,118.59757520528481,120.16947746520114,7473700
QCOM,2021-04-21,121.63419342041016,121.79494871483534,118.33857360519725,118.62437896588602,7237900
QCOM,2021-04-22,118.75836944580078,121.4288076930922,118.31180868639804,120.90185563975278,8345100
QCOM,2021-04-23,120.95540618896484,121.5627357347515,119.2674075458644,119.4460427009451,7666600
QCOM,2021-04-26,124.10814666748047,124.76012142599214,120.67855038495533,120.86611186154227,9715400
QCOM,2021-04-27,123.25965881347656,124.48324419305159,122.33974501615994,123.88485459087127,9284500
QCOM,2021-04-28,121.97360229492188,123.4919060259542,121.24123616854587,123.40258843026629,13118100
QCOM,2021-04-29,127.4305648803711,129.77055240028776,125.63539563057604,129.5115395421675,20502100
QCOM,2021-04-30,123.96528625488281,126.90365045174823,123.48299293802776,125.99267619183038,11374600
QCOM,2021-05-03,122.74166870117188,124.82264321955907,122.24152289258892,124.76905811548963,7920300
QCOM,2021-05-04,119.78543853759766,121.46451114078225,118.26713487392811,121.46451114078225,11996300
QCOM,2021-05-05,120.25879669189453,121.86641801278778,119.77651710960241,121.53596744025339,6285500
QCOM,2021-05-06,121.4645004272461,121.94677994735042,118.87445403108038,120.11589213003496,8352500
QCOM,2021-05-07,123.11681365966797,123.8670325064428,121.72353256543147,122.30406976168508,6893700
QCOM,2021-05-10,115.15908813476562,122.07183980752644,115.05191791594842,121.48238997607926,19537200
QCOM,2021-05-11,114.64997863769531,114.81967386770954,111.43474327232093,111.86344450089244,11948000
QCOM,2021-05-12,111.30079650878906,113.54252642121428,110.46126017318589,112.56009419821797,13529600
QCOM,2021-05-13,113.52465057373047,114.7482224108764,112.41718205417526,113.53358369476818,10633000
QCOM,2021-05-14,116.2397689819336,117.37403721212915,114.14986774112897,114.8822339831627,9391100
QCOM,2021-05-17,115.92716217041016,115.9539547225727,114.06053487337032,115.47166152774433,5917400
QCOM,2021-05-18,115.13228607177734,117.21326062565211,115.02510223385944,116.67738231991689,8651100
QCOM,2021-05-19,116.69524383544922,116.84707283606637,112.93519679539176,113.59611152862313,8112900
QCOM,2021-05-20,118.463623046875,119.03522020304521,117.40974632654132,117.47225773858511,9208400
QCOM,2021-05-21,117.40975189208984,118.50828746050054,116.54342299477233,118.01706793708054,8674000
QCOM,2021-05-24,118.70475769042969,119.67825665670539,117.2936243721086,117.2936243721086,8229300
QCOM,2021-05-25,119.45500946044922,119.94622904737263,118.60654669828347,119.26744793527716,7271400
QCOM,2021-05-26,118.86554718017578,120.14271811932849,118.08853577064784,119.56218091863954,6663300
QCOM,2021-05-27,119.35674285888672,120.24986425520522,118.526146501727,118.54399911752864,7379300
QCOM,2021-05-28,120.16057586669922,121.14301509258956,119.63363738551908,119.81225898260251,7042200
QCOM,2021-06-01,119.62469482421875,121.52704796320728,119.25851174177404,120.66071902569296,7059600
QCOM,2021-06-02,120.12739562988281,120.94427300965621,118.91552364943324,119.55286799071224,6026000
QCOM,2021-06-03,118.29613494873047,119.74139865516486,117.97296996786643,119.07711127852929,6644000
QCOM,2021-06-04,120.59419250488281,121.23155061613735,118.67316000979106,118.96939572086758,7416700
QCOM,2021-06-07,119.6785659790039,120.08251877304767,119.06813716117608,120.01967467081062,5563300
QCOM,2021-06-08,120.46849822998047,121.53673824686743,119.39128635574286,120.34282373961095,9657900
QCOM,2021-06-09,119.29254913330078,121.50084526641906,119.20277576380676,121.27642554017706,6717200
QCOM,2021-06-10,120.48645782470703,121.27641960562057,119.01426504049968,119.43617520098829,5522300
QCOM,2021-06-11,120.84554290771484,120.87247218198458,119.974793179675,120.10945324851816,6529900
QCOM,2021-06-14,123.26030731201172,123.26030731201172,120.99815228634748,121.36620398170263,7912600
QCOM,2021-06-15,121.7072982788086,123.32312292377385,121.39310520708212,123.10767507194782,5723600
QCOM,2021-06-16,121.14173889160156,123.02686965718749,119.98373938530624,122.5062143629067,7404700
QCOM,2021-06-17,121.5008316040039,122.64087382292387,120.36974754453576,120.56723797722094,6618300
QCOM,2021-06-18,119.39128112792969,120.80961528427626,118.70905016686704,120.7826860159114,12753600
QCOM,2021-06-21,120.25308227539062,121.27643576543713,119.08609686104077,119.4361911155963,6371400
QCOM,2021-06-22,121.25845336914062,121.46491565685793,119.65160065421216,120.48644905692441,5976400
QCOM,2021-06-23,121.6534194946289,122.29076369178941,121.01606159997866,121.08787753863571,6613800
QCOM,2021-06-24,123.80786895751953,124.33749620706098,122.39852024463048,122.6408836790014,7941700
QCOM,2021-06-25,123.56549072265625,125.19927283749631,122.95507566710667,124.28363655667944,7949200
QCOM,2021-06-28,125.4237060546875,125.82765884933914,123.86173972487464,124.08615946606933,6645500
QCOM,2021-06-29,128.02694702148438,128.32318267137848,125.00177382626507,125.34289615599005,6885400
QCOM,2021-06-30,128.30523681640625,128.93362299565453,127.32677011642322,127.78459511544655,6449700
QCOM,2021-07-01,126.39317321777344,128.3860211776478,125.989220511851,128.287275965312,6094100
QCOM,2021-07-02,127.99103546142578,128.0807951162782,126.7971211022158,127.46140829607795,5399100
QCOM,2021-07-06,126.74327850341797,128.52965064119834,125.38777467908086,128.36807502365713,7095200
QCOM,2021-07-07,125.64808654785156,127.79353805560964,124.83119565767224,127.68582099668127,5034900
QCOM,2021-07-08,124.14000701904297,124.66066241620689,121.72526232352263,123.62833717712726,7501100
QCOM,2021-07-09,126.95870971679688,127.22801610394764,123.7091167516554,123.78093270139506,7356800
QCOM,2021-07-12,127.89232635498047,128.38605253725711,126.75227020635884,126.93180326423372,6786500
QCOM,2021-07-13,126.73431396484375,128.0628887399075,126.05208285960425,127.86539826516814,5657600
QCOM,2021-07-14,129.04132080078125,131.36630548468102,127.91922235903532,128.81690111243205,11305700
QCOM,2021-07-15,126.98565673828125,129.39142949266997,126.32136945509563,129.37347208028865,6667400
QCOM,2021-07-16,125.41470336914062,127.92819289470899,125.25311407250231,127.35367904636614,5914300
QCOM,2021-07-19,124.58882904052734,124.68757425200083,122.81142893149523,124.16693262513058,9371300
QCOM,2021-07-20,125.27107238769531,126.05204851753255,123.1615218447559,124.79530374566909,6020400
QCOM,2021-07-21,127.62297821044922,127.66786488462192,125.36082406754531,125.36082406754531,6161900
QCOM,2021-07-22,127.8653793334961,128.23343095442542,127.02155901136247,127.47039844249802,3862600
QCOM,2021-07-23,130.05572509765625,130.1544703258334,127.49733472056259,128.77203713135356,6310400
QCOM,2021-07-26,128.8169403076172,129.6069022341654,127.68586966528262,129.22089313005847,6253900
QCOM,2021-07-27,126.50987243652344,128.36807421144331,124.0681985916768,127.91026293381434,7575800
QCOM,2021-07-28,127.8653793334961,128.2872894945629,125.80071521077406,126.81509670833798,9303400
QCOM,2021-07-29,135.54055786132812,136.01632663805668,131.42918637578194,131.50997419881253,19446900
QCOM,2021-07-30,134.47227478027344,135.01985934649665,133.17961523394393,133.9336620701394,8404800
QCOM,2021-08-02,133.6284942626953,136.6985547478728,133.04500840140943,134.65184775775447,10823800
QCOM,2021-08-03,132.8115997314453,134.2748208231776,131.56382652176066,133.67337756214195,6223400
QCOM,2021-08-04,133.053955078125,133.93367648167956,132.2550214805364,132.87442205459226,5556400
QCOM,2021-08-05,131.80618286132812,132.3806967585642,129.77743365803954,132.17423446514124,7169200
QCOM,2021-08-06,131.31243896484375,133.06290968800815,130.9892740853757,131.17779263901954,5733300
QCOM,2021-08-09,131.886962890625,132.6051086441952,130.8366803762436,131.7702602676412,4966600
QCOM,2021-08-10,130.9444122314453,132.40763317104154,127.82946546036784,132.2460575494258,4197100
QCOM,2021-08-11,131.67153930664062,131.77028453716213,129.62483243537113,131.11498275142506,6216000
QCOM,2021-08-12,132.0934295654297,132.85646202225678,131.41119861046636,132.64101417977244,5777700
QCOM,2021-08-13,133.4309844970703,134.0324276863915,131.8959476276892,131.95879172235328,5764000
QCOM,2021-08-16,132.97315979003906,133.8259518769535,131.707429444492,133.21552319429972,4410800
QCOM,2021-08-17,129.63381958007812,131.95880475745383,128.87977255457687,131.9139180707587,7256800
QCOM,2021-08-18,127.63197326660156,129.85822669333862,127.45244023476594,129.1221234560726,6546500
QCOM,2021-08-19,126.22262573242188,126.97667269148553,124.74146108444025,126.25852686011862,8661000
QCOM,2021-08-20,127.55116271972656,127.70376645445843,125.94432387961703,126.22260208398042,6141000
QCOM,2021-08-23,129.3914337158203,129.81334388685178,127.78459454130142,128.05388724834896,6936900
QCOM,2021-08-24,129.67868041992188,130.69304811008686,129.1221102713232,129.79536934507905,7066800
QCOM,2021-08-25,129.14906311035156,130.54944004775754,128.7899970178092,129.67870408846767,5721600
QCOM,2021-08-26,127.81151580810547,129.05030327542622,127.12927113299506,128.53863346658525,6825100
QCOM,2021-08-27,130.02877807617188,130.11853773658436,127.3985721014935,127.64992106663455,6274500
QCOM,2021-08-30,131.00726318359375,132.73080505849555,130.66614081233945,130.69307008401816,5263600
QCOM,2021-08-31,131.68048095703125,132.43452772187308,129.76842108422832,131.7792261546288,7820500
QCOM,2021-09-01,132.0773162841797,133.565392662562,131.86989245978094,132.42904092610942,6451400
QCOM,2021-09-02,130.87782287597656,132.47411775921302,130.3276881287189,132.30276228299286,6006700
QCOM,2021-09-03,130.43594360351562,131.66247307128614,130.0751915475338,130.87784595032807,5505800
QCOM,2021-09-07,129.6422882080078,130.5531612441381,129.0741123847728,130.48101084108586,6361200
QCOM,2021-09-08,128.5330352783203,129.5250725910668,127.60412098231103,129.29059404687993,5981300
QCOM,2021-09-09,127.68527221679688,129.4529091658547,127.56802607583951,128.48792663740954,6190800
QCOM,2021-09-10,128.6773223876953,131.6715028945501,128.5510625929054,129.08317022071378,6263300
QCOM,2021-09-13,129.33567810058594,130.52612552064167,128.0911075494185,129.88581296263834,4312800
QCOM,2021-09-14,127.28849029541016,130.59831407557257,126.81951935113531,130.2916850494764,6442100
QCOM,2021-09-15,124.67308044433594,127.16220807384617,124.0237404085879,126.99085254201185,11289100
QCOM,2021-09-16,124.8173599243164,125.32241284680268,123.84336369130551,123.84336369130551,6719900
QCOM,2021-09-17,120.48843383789062,124.45661010483565,120.07357241590964,124.28525459926271,14550500
QCOM,2021-09-20,119.73086547851562,120.0555354576784,117.79187300600279,118.56747274726476,9647100
QCOM,2021-09-21,118.82000732421875,120.76802744529788,118.39613219339266,120.47942575567757,6175300
QCOM,2021-09-22,119.95632934570312,120.38923182178415,119.02741514453264,119.57755000009533,5163000
QCOM,2021-09-23,120.76801300048828,121.89533741331947,120.14572772279996,120.62371217293764,5918900
QCOM,2021-09-24,120.740966796875,121.34521107324325,119.76695678441585,120.04653105663107,4554600
QCOM,2021-09-27,120.38021850585938,120.88525769243431,119.06351116390123,119.43326315038848,4319500
QCOM,2021-09-28,117.15154266357422,119.71283408286867,116.9711735171888,118.81998823052778,8851700
QCOM,2021-09-29,116.59241485595703,118.54944865189836,116.24069014168712,117.7738487997537,7037200
QCOM,2021-09-30,116.32185363769531,118.21576440450467,116.06933403695888,117.55741071410513,6976800
QCOM,2021-10-01,116.07836151123047,117.25979544995539,114.0581909428249,117.06138522621528,6863700
QCOM,2021-10-04,114.24755859375,117.05233523143622,113.56214346601719,116.26772189162165,8470300
QCOM,2021-10-05,115.0141372680664,116.13244796648289,113.35471914366785,113.75153263218306,9244300
QCOM,2021-10-06,115.49211883544922,115.68151537470102,113.69742045854505,114.130316021541,8513700
QCOM,2021-10-07,115.293701171875,117.89106061996901,115.06823632426357,116.57433985495408,8010600
QCOM,2021-10-08,114.13032531738281,115.9701126882009,113.8236895018184,115.9701126882009,6920500
QCOM,2021-10-11,112.67833709716797,114.74359634216938,112.62422084402564,113.688415413925,6288200
QCOM,2021-10-12,110.88362121582031,113.15631097706883,110.18017191660019,113.07514004527475,10531500
QCOM,2021-10-13,112.76852416992188,113.92290334637538,111.39769373740138,112.91281812665724,12373800
QCOM,2021-10-14,116.03324890136719,116.61043844249939,113.62527875875402,113.77860010611887,10637900
QCOM,2021-10-15,117.42211151123047,117.67463108616315,116.05128113210684,116.357923839912,7609700
QCOM,2021-10-18,117.34994506835938,117.48523224013674,115.65445869126917,116.62846853067819,5290000
QCOM,2021-10-19,119.49638366699219,119.76694426906101,117.53033656377416,118.16163546107884,7330700
QCOM,2021-10-20,119.18976593017578,119.95633831984345,118.37808404776364,119.49639488604285,4804100
QCOM,2021-10-21,119.99241638183594,120.18179918180896,118.50433986133865,119.0454610981167,4579200
QCOM,2021-10-22,118.70275115966797,120.5696070586266,118.53139564106387,119.85713029825004,5216200
QCOM,2021-10-25,118.98231506347656,120.10062577717959,118.41415294649315,118.88312373111488,4876300
QCOM,2021-10-26,118.99134826660156,120.65978013579637,118.20673488124504,119.85712570672926,5802200
QCOM,2021-10-27,118.32396697998047,119.37012733215055,117.70168170565026,118.99134798283742,5090400
QCOM,2021-10-28,120.56959533691406,120.69585511288142,118.92820448805497,119.03643698265805,5016700
QCOM,2021-10-29,119.98341369628906,120.5606033791569,119.45131975265681,119.82108554858603,5251100
QCOM,2021-11-01,121.57969665527344,121.63380603221867,119.44229369821977,119.44229369821977,6903000
QCOM,2021-11-02,121.95845031738281,122.40938004514494,120.9573857712996,121.34519249304228,7321900
QCOM,2021-11-03,124.88951110839844,125.22320851153576,121.7871119433652,122.42743830178752,13216000
QCOM,2021-11-04,140.78932189941406,143.9187762389366,138.25509827974423,140.97871849619895,48321500
QCOM,2021-11-05,147.0301513671875,152.00841959882857,140.6089162101481,141.6550765199284,27226600
QCOM,2021-11-08,149.57342529296875,151.25088475693556,145.45192017423688,147.19251641778547,14541400
QCOM,2021-11-09,150.37606811523438,152.88323659324521,148.24767900138866,150.16863050813444,12353900
QCOM,2021-11-10,144.11715698242188,149.81690210899853,143.42272128472388,148.88798788538895,11327100
QCOM,2021-11-11,148.2837677001953,149.3118871902545,145.551133956583,145.9208997300018,7624200
QCOM,2021-11-12,148.7527618408203,149.72677210385277,148.20262679673593,148.80687122855176,7371000
QCOM,2021-11-15,151.97232055664062,153.26198663767678,149.53730296067502,150.15958814035912,12350200
QCOM,2021-11-16,163.96710205078125,165.6986709410086,150.66467210894274,151.6116275011275,33338200
QCOM,2021-11-17,165.5272674560547,168.04346287674426,161.09914828109373,163.0471541175165,21678900
QCOM,2021-11-18,168.034423828125,170.19888054631852,164.81477966643595,167.06041417655388,15542600
QCOM,2021-11-19,166.84400939941406,168.28699012035506,164.4089914739497,166.56443515303673,11889100
QCOM,2021-11-22,163.59730529785156,170.24401906904941,163.21852596498843,163.33577210180928,16062800
QCOM,2021-11-23,163.18247985839844,163.53420455546592,159.64719184238317,162.64135858847052,10696200
QCOM,2021-11-24,162.97506713867188,163.0381901597486,159.926777048253,161.90185192878894,7886200
QCOM,2021-11-26,158.49278259277344,162.5601637042094,157.87951101904855,158.4296458266958,7835900
QCOM,2021-11-29,165.7076873779297,166.0053026964216,161.4328679322531,161.8657566858389,10440500
QCOM,2021-11-30,162.83975219726562,168.47637417884624,162.64134200261125,165.23870181533454,19309200
QCOM,2021-12-01,158.99237060546875,165.79998232881033,158.7117394755225,163.75407972556815,10637700
QCOM,2021-12-02,160.2597198486328,161.0382514977033,154.99106309916382,155.78769017699327,13101400
QCOM,2021-12-03,159.7890167236328,163.19283680191856,157.25427472487692,161.17407710627725,12111800
QCOM,2021-12-06,158.8294219970703,160.2144822763454,155.95067359333993,160.12396367646417,8577500
QCOM,2021-12-07,166.31597900390625,167.27556168694514,161.5904749343744,162.10648476203033,9910100
QCOM,2021-12-08,165.32928466796875,166.31602457935296,163.6545314645076,165.67327750069828,4799400
QCOM,2021-12-09,164.99427795410156,170.04567925359464,164.31532638933052,164.55070510563297,9398900
QCOM,2021-12-10,166.4608154296875,167.97261252337307,163.98942189668318,167.97261252337307,6854800
QCOM,2021-12-13,165.95387268066406,173.17791338571428,165.76376016668428,169.1494702399979,16346800
QCOM,2021-12-14,164.7408447265625,166.47895950649178,162.41431063633567,164.03473602888212,8542800
QCOM,2021-12-15,171.34925842285156,171.8018927728302,162.93025675058794,166.54228383620702,11082000
QCOM,2021-12-16,161.2736358642578,174.42719080404655,159.42689353664102,172.27266039071128,14873000
QCOM,2021-12-17,160.05154418945312,163.05702975278308,158.44016665345612,159.08289983662976,16232300
QCOM,2021-12-20,159.93382263183594,160.30498612113138,157.02791778467997,157.7792786643501,6306400
QCOM,2021-12-21,162.56817626953125,163.0841723137466,157.7159348442962,162.38712526828562,7702400
QCOM,2021-12-22,164.19769287109375,164.324429976424,160.80293417834574,162.04314826717098,5227200
QCOM,2021-12-23,165.42880249023438,166.30691420924157,164.19763654083386,164.33342131663755,4918900
QCOM,2021-12-27,168.67874145507812,168.75116461851823,165.6823038609369,165.8543071474439,4865900
QCOM,2021-12-28,167.31179809570312,169.0408511280454,166.10778884883638,168.91411403960188,5399400
QCOM,2021-12-29,168.56105041503906,169.63832251389766,167.0764101125153,167.18503794994444,5417200
QCOM,2021-12-30,165.41976928710938,168.85074588512757,165.03955803645331,168.2713743869889,4108400
QCOM,2021-12-31,165.54653930664062,167.61055154273265,165.3021266197176,165.94485988085293,4113300
QCOM,2022-01-03,168.57012939453125,169.17665790514323,164.9762107256022,165.5827392362142,5990200
QCOM,2022-01-04,169.4934539794922,171.03240799907925,163.86268158879153,169.28524604726616,8484200
QCOM,2022-01-05,168.83262634277344,175.2419309199778,167.23029674514603,168.83262634277344,17141200
QCOM,2022-01-06,168.3347625732422,170.6160442503069,165.66422186862277,167.04023457372782,9117700
QCOM,2022-01-07,163.31954956054688,170.51643384766433,163.05701386982068,168.9231657125789,7386200
QCOM,2022-01-10,162.65870666503906,162.9483993386952,157.29951652216326,161.38228803499925,11159300
QCOM,2022-01-11,167.83685302734375,168.0631702584018,160.43175985751122,162.21514074331344,9591000
QCOM,2022-01-12,168.7602081298828,171.51223301882575,167.6467313730048,168.92316369689007,7317500
QCOM,2022-01-13,166.4698944091797,173.43141433237403,165.92672755383882,170.82423552802896,10190900
QCOM,2022-01-14,170.815185546875,172.08255644145504,164.7679823032768,165.48315244710227,9587300
QCOM,2022-01-18,161.91636657714844,168.37998479581026,161.38226133841937,168.2622954399428,10471200
QCOM,2022-01-19,156.1317138671875,164.04376829519276,155.95066286657143,163.46439680523784,10082700
QCOM,2022-01-20,150.7272186279297,158.41295384787242,150.5371061482036,157.99652422305934,9468500
QCOM,2022-01-21,149.30596923828125,155.74243064345532,148.98008574702152,150.49188291135349,11898700
QCOM,2022-01-24,153.9591064453125,154.63805819965597,143.57566984382171,146.8165207288428,17489100
QCOM,2022-01-25,149.77670288085938,154.18537082019773,145.9293109256768,150.4284974465664,10708500
QCOM,2022-01-26,151.17987060546875,158.01465194939473,148.37353215274027,152.61019678735647,10492200
QCOM,2022-01-27,145.92935180664062,155.20835853328668,145.39524644195927,153.2710835350851,10743000
QCOM,2022-01-28,151.0078887939453,151.12557816013287,142.47121050035622,146.66259572003446,10320800
QCOM,2022-01-31,159.1100616455078,159.2820649517765,150.09359086754262,151.2342247428348,11273500
QCOM,2022-02-01,160.35025024414062,160.62181980517886,156.71106617988175,159.72561262714424,9724600
QCOM,2022-02-02,170.37159729003906,170.76991779997252,163.18376030616696,163.79935031605686,25646300
QCOM,2022-02-03,162.13363647460938,173.90213006668498,160.49508845592135,163.67259056629678,36120200
QCOM,2022-02-04,162.46859741210938,165.13008997239552,160.06057901820225,162.03407224307472,15708400
QCOM,2022-02-07,158.5035400390625,163.53683328298348,157.9151207361245,162.6496735634851,10376300
QCOM,2022-02-08,161.67198181152344,162.3056673269776,157.49869131311414,157.7974317303943,10163900
QCOM,2022-02-09,166.52418518066406,166.5694513812004,161.99784139313144,164.21574708636143,9666900
QCOM,2022-02-10,157.5801544189453,164.74988201099168,157.01887834221282,162.4052252052304,14362200
QCOM,2022-02-11,149.04345703125,158.8565676628994,148.05671733887343,158.15045909282205,13572000
QCOM,2022-02-14,149.487060546875,151.94939310391317,147.08808963104863,149.68622081349628,8381700
QCOM,2022-02-15,156.61151123046875,157.48057540532503,152.31148418801368,152.99043582629608,11100000
QCOM,2022-02-16,156.24942016601562,156.80163475638582,152.32054257902246,154.51129169448743,8340600
QCOM,2022-02-17,150.9988555908203,154.59277423621936,150.9083231753127,153.7870854661074,8878900
QCOM,2022-02-18,151.7592315673828,154.30303419056955,148.681323771255,151.6053375589067,9591700
QCOM,2022-02-22,150.17506408691406,153.85951530758783,148.10200428964544,148.51842026710008,9835500
QCOM,2022-02-23,146.3095245361328,153.13525834713812,146.03795497369052,150.86302504380603,9749000
QCOM,2022-02-24,152.06703186035156,152.4110383854825,141.0318042333563,142.02760532541734,12567000
QCOM,2022-02-25,154.73757934570312,154.8824256595283,149.91250910948156,151.7320943070068,7350200
QCOM,2022-02-28,155.69715881347656,156.60242745607607,152.26618292257464,152.3567153121559,10638900
QCOM,2022-03-01,148.18344116210938,155.5613758130881,146.4000606524668,154.76474872084145,10723300
QCOM,2022-03-02,153.8559112548828,154.98313237814318,149.4015950003069,150.2197301912519,7299400
QCOM,2022-03-03,150.3106231689453,155.2921867756251,149.5379292324428,155.14673622060113,8553900
QCOM,2022-03-04,147.50169372558594,150.96516816602468,145.34726068145196,148.9470863762291,9057300
QCOM,2022-03-07,136.44769287109375,148.31982120760617,136.3567828008548,147.5562265529444,13416100
QCOM,2022-03-08,137.0476531982422,143.93821767181228,134.4296123811221,136.95675699825284,11878400
QCOM,2022-03-09,142.8201141357422,144.065501814706,140.14751861279788,141.8201587118749,9276800
QCOM,2022-03-10,140.6383819580078,141.17471527014806,136.6567597425412,140.02930949806682,8888800
QCOM,2022-03-11,138.4839324951172,143.92003238784605,138.19304526488745,143.58367625576648,7394400
QCOM,2022-03-14,128.43902587890625,137.5294804037924,127.69361582075064,137.08405700947,16154200
QCOM,2022-03-15,131.09341430664062,131.29339148925087,126.40273774878673,129.5389409124821,13893000
QCOM,2022-03-16,136.765869140625,137.7749100266383,130.5116466102533,133.6023952294472,11727700
QCOM,2022-03-17,138.92933654785156,139.02933204371564,133.247805807677,135.62041359961088,8602900
QCOM,2022-03-18,139.98387145996094,141.8383175133308,135.45681650242153,138.64757394334043,18454200
QCOM,2022-03-21,141.43836975097656,143.36555542159064,138.91122466126555,139.98390544079584,8986400
QCOM,2022-03-22,143.2746124267578,145.3926893762231,140.69292742562237,141.3110714945159,7220500
QCOM,2022-03-23,138.96572875976562,142.91099528441023,138.70211176735324,141.91104006299443,7245600
QCOM,2022-03-24,144.04730224609375,144.13819843959308,139.62024288191844,140.26567104912695,9261000
QCOM,2022-03-25,143.6018829345703,144.0473201120274,141.06563885431254,143.6018829345703,7198700
QCOM,2022-03-28,144.03819274902344,144.08364777802848,140.03839987327245,142.2655575852458,9470800
QCOM,2022-03-29,146.419921875,146.62899839406955,142.40192975140985,146.54718765238096,10212400
QCOM,2022-03-30,138.8385009765625,145.69271110562536,137.98399607556078,144.8927467096353,14777800
QCOM,2022-03-31,138.92030334472656,141.02928113585494,137.29310456097943,138.98392930006753,13364200
QCOM,2022-04-01,133.62057495117188,138.96575193536808,129.59349701978783,138.12034645612243,19762100
QCOM,2022-04-04,139.8202362060547,140.11113732022244,133.32056875044955,134.30233920437283,12116000
QCOM,2022-04-05,132.22970581054688,138.1839400945493,132.0569850229021,138.00213384947543,15946100
QCOM,2022-04-06,126.6118392944336,129.99348921444187,124.95738391731608,129.902579128157,21054200
QCOM,2022-04-07,126.55726623535156,128.62080259899372,124.46645962702532,127.0754147552777,10201200
QCOM,2022-04-08,124.25739288330078,127.22997462560798,123.95740629729463,125.93911821154661,12992500
QCOM,2022-04-11,123.0483627319336,125.09371449684544,121.53025886426612,122.0756776790183,11210400
QCOM,2022-04-12,123.71194458007812,127.41176480260299,123.17561129901644,125.37549878095251,10591300
QCOM,2022-04-13,127.7208480834961,129.6207491850391,124.06648256763852,125.0300682413042,10440800
QCOM,2022-04-14,124.4573974609375,128.6844526291922,124.24830705132455,128.2208445118714,8002600
QCOM,2022-04-18,126.64817810058594,127.58449350387332,123.2301594283027,123.28469991844707,8785700
QCOM,2022-04-19,128.2208709716797,128.53902857516792,125.03011237876855,126.20278884535534,7213800
QCOM,2022-04-20,127.57538604736328,131.63881875538752,127.3208545289529,130.18435491746075,7731600
QCOM,2022-04-21,123.73014068603516,130.57524981945778,122.95744673040838,129.39348830476393,8576500
QCOM,2022-04-22,120.73028564453125,124.83917365718222,120.58483508971052,123.74832223788354,8315100
QCOM,2022-04-25,124.13922882080078,124.36649015472021,119.00312822259406,119.37584013924537,9673200
QCOM,2022-04-26,121.35753631591797,123.94832072946093,120.56667141682618,122.7392889278695,9262800
QCOM,2022-04-27,122.81201934814453,125.54824056880165,118.77585620154936,118.921306771194,13855900
QCOM,2022-04-28,134.71141052246094,137.44763158326464,126.47546322277188,129.87528339628253,31111100
QCOM,2022-04-29,126.98451232910156,134.08415234582714,126.8299763265024,132.5478639063808,13693100
QCOM,2022-05-02,132.0570068359375,132.41153392721657,126.5027398252788,127.81176719951837,13320900
QCOM,2022-05-03,131.13885498046875,132.43879682362228,129.7752871864787,131.54793641540888,7556800
QCOM,2022-05-04,135.4931640625,135.90223155050688,127.58447510097014,131.4297316817171,11038100
QCOM,2022-05-05,128.75717163085938,133.61147004902355,126.52091416096835,133.61147004902355,14561400
QCOM,2022-05-06,127.79358673095703,130.9934299905031,125.33916725674781,128.4026454021583,10080600
QCOM,2022-05-09,122.64839172363281,127.36633910814975,121.86661220115695,125.4391674870872,11668100
QCOM,2022-05-10,124.36647033691406,127.08452045100414,122.38475847896945,126.81180411957199,8841200
QCOM,2022-05-11,120.26669311523438,125.71186545585026,119.89398122204008,122.74838284158604,11530900
QCOM,2022-05-12,119.7848892211914,120.95755141945615,116.19415653989712,119.084920537227,10749800
QCOM,2022-05-13,122.657470703125,123.62107033367924,120.44849737163867,122.0756822895256,9280700
QCOM,2022-05-16,121.7302474975586,123.61196387088164,119.99396781604585,121.79387344942639,6378800
QCOM,2022-05-17,126.98451232910156,127.26631409095457,124.26646248462515,124.76644006416795,9094100
QCOM,2022-05-18,118.5849380493164,124.79371814099929,118.06678952230341,124.38465059421465,11992700
QCOM,2022-05-19,118.69402313232422,121.25752305322065,117.70315345005835,118.58492829014571,8419500
QCOM,2022-05-20,119.63035583496094,121.16663059663526,114.41243130764967,120.79393260041452,11370100
QCOM,2022-05-23,120.1030502319336,120.3848520312641,116.49413959272243,118.13042376569072,10023400
QCOM,2022-05-24,116.8395767211914,118.48494628954892,114.5851485423381,118.48494628954892,9157100
QCOM,2022-05-25,119.29401397705078,120.05762259106952,115.67601747162217,116.17599517397645,9766000
QCOM,2022-05-26,122.57565307617188,123.6301488512793,118.04861180356606,118.18496303701568,7932800
QCOM,2022-05-27,127.04815673828125,127.39359836543095,123.72106172825256,123.72106172825256,9180800
QCOM,2022-05-31,130.1934814453125,130.87526548561223,124.93920021774373,126.81183149575125,16007300
QCOM,2022-06-01,127.9545669555664,131.50936749957538,126.26397473575847,130.26655730212514,8514300
QCOM,2022-06-02,133.6020050048828,133.6476993148052,127.66210725755813,128.17385006321942,9589500
QCOM,2022-06-03,129.05120849609375,131.07991433038134,128.49377105615068,129.92847840370504,7458900
QCOM,2022-06-06,128.33837890625,132.47803064133745,127.86318306324362,132.45975012400473,7238700
QCOM,2022-06-07,129.66342163085938,129.901012564023,126.55640320786567,127.14125422668619,6062800
QCOM,2022-06-08,126.98591613769531,129.54463086053374,125.60602290079018,128.62166690293483,6773000
QCOM,2022-06-09,124.92980194091797,128.3383865696733,124.91152142249368,125.89846025815541,7153200
QCOM,2022-06-10,121.72224426269531,124.33580057546266,121.00945744502691,123.13868461101829,8544700
QCOM,2022-06-13,117.57344818115234,120.03165472280966,115.69095240679404,119.33713454363608,12320900
QCOM,2022-06-14,119.03557586669922,120.56167138427814,117.7196714390009,118.98989548919829,6794700
QCOM,2022-06-15,119.73921966552734,121.79533846852931,117.16222468328453,120.32407067840109,7860000
QCOM,2022-06-16,110.40901947021484,115.73665386271749,108.77326176095019,115.38026046498675,16422800
QCOM,2022-06-17,110.56436920166016,112.24582123541009,108.16099708445697,110.957316662919,17273400
QCOM,2022-06-21,113.67139434814453,115.25232444521451,113.05912948402029,113.10481683347719,9208500
QCOM,2022-06-22,111.633544921875,113.00429076636576,109.98864711969652,111.3045653614393,9081000
QCOM,2022-06-23,109.74190521240234,112.33718754802449,108.0421868375462,112.1726977734289,7908900
QCOM,2022-06-24,114.32020568847656,114.56694385267316,111.26801485711215,111.83458536220603,8128000
QCOM,2022-06-27,116.22097778320312,118.83452692538218,114.6309144667797,115.32542071369265,9947300
QCOM,2022-06-28,120.26011657714844,124.69218676965383,115.69095645169496,118.59693813618662,27081900
QCOM,2022-06-29,119.00817108154297,120.23271484704034,115.96512007445524,118.87110205075419,9973300
QCOM,2022-06-30,116.73272705078125,118.88022771648413,114.53039877627798,116.61393157438884,9277900
QCOM,2022-07-01,112.88550567626953,115.837181915941,111.57872749151946,114.9142109533476,7672800
QCOM,2022-07-05,114.98731994628906,115.29801904123214,109.98866484560742,110.66489761905268,8113100
QCOM,2022-07-06,116.11132049560547,117.18050068594061,114.28365919029085,115.19748984294816,6038400
QCOM,2022-07-07,122.81883239746094,123.1021316086836,119.0355741068806,119.39196749860379,9408100
QCOM,2022-07-08,124.29007720947266,124.63733725014833,120.27836200378225,121.10081779318047,8393200
QCOM,2022-07-11,120.84495544433594,123.00159607319074,120.00423302209728,122.07861830507801,5887200
QCOM,2022-07-12,121.49375915527344,123.68696066692716,120.58907590696879,122.21569304087339,5991300
QCOM,2022-07-13,123.95201110839844,124.99377767906428,119.27320180069945,119.30061560961553,7200200
QCOM,2022-07-14,129.67257690429688,130.08381189396644,122.31625057546076,123.31232273916807,10718700
QCOM,2022-07-15,131.92971801757812,132.9440705317841,129.79135778026227,131.37228079906947,11880500
QCOM,2022-07-18,129.48068237304688,133.8122312432098,128.6856540753994,133.39187690300912,7856600
QCOM,2022-07-19,134.6712188720703,135.67643816796135,130.8422662049251,131.71954976715267,9686500
QCOM,2022-07-20,138.6372528076172,139.20382334348915,133.98584424329286,134.72604483214465,8517400
QCOM,2022-07-21,142.42965698242188,142.48448459474594,137.6503262075223,139.7064453333756,8060400
QCOM,2022-07-22,140.45574951171875,143.16069401276476,139.22208666399678,142.24686348380894,7200100
QCOM,2022-07-25,140.04454040527344,140.76646044886053,138.6006863741508,139.63331942125808,4928900
QCOM,2022-07-26,137.0471954345703,139.54194941844864,136.9009791714986,139.46884128691278,5941800
QCOM,2022-07-27,140.1998748779297,141.46096544115724,137.57718578177375,138.47273577539704,12863000
QCOM,2022-07-28,133.83047485351562,137.06544265429906,130.67776239569557,136.87353211264707,17051000
QCOM,2022-07-29,132.5602569580078,132.78871459482883,128.54854141318827,132.13990271486773,11749400
QCOM,2022-08-01,134.7260284423828,136.5811172480579,131.6555712455484,131.87488164878096,7611400
QCOM,2022-08-02,134.3605194091797,136.52629358850567,132.3592280538257,133.13598968422443,5946400
QCOM,2022-08-03,136.3070068359375,137.38532049761065,133.95845496338427,134.93626062224695,6890200
QCOM,2022-08-04,137.99755859375,138.1346415547954,134.98192866603517,135.86833154984095,6254700
QCOM,2022-08-05,137.26651000976562,138.24430156821654,134.9453723173843,135.7678282803652,5041300
QCOM,2022-08-08,135.07330322265625,138.16205521488337,133.9218816483932,136.90096448310803,5553300
QCOM,2022-08-09,130.22998046875,133.87616920970905,129.1333866496783,133.04458010220046,6770800
QCOM,2022-08-10,134.32398986816406,134.49760600150137,131.30834553913627,133.2822233483855,6840000
QCOM,2022-08-11,135.091552734375,138.57324440541228,134.35135232480906,135.53018743190563,6243200
QCOM,2022-08-12,138.25341796875,138.41791471883428,134.49757384520586,135.2469215903554,4967500
QCOM,2022-08-15,139.0210418701172,139.54191801716507,135.61244398105669,137.36701085518425,4502900
QCOM,2022-08-16,137.10198974609375,139.3500189269517,136.0236764417431,138.39962739177957,5270800
QCOM,2022-08-17,135.73126220703125,136.73648147648987,133.74825141541635,135.4571102295472,5169600
QCOM,2022-08-18,138.33567810058594,139.73383777689818,135.02760190862426,135.31090110223786,7808200
QCOM,2022-08-19,134.88140869140625,137.42185676732961,134.2417160851652,136.42577076752949,5400300
QCOM,2022-08-22,129.4075469970703,133.2456325851264,128.94149842827457,132.77958401633066,6736800
QCOM,2022-08-23,128.59422302246094,131.23519248539006,128.44800680279624,129.84616628646776,4499300
QCOM,2022-08-24,129.13340759277344,129.49894822104602,126.66606761371759,128.1647493297622,5113100
QCOM,2022-08-25,133.64773559570312,134.33310859875803,129.7822357627794,130.07465432656244,5618800
QCOM,2022-08-26,126.45587921142578,134.6620738563997,126.15431344892461,133.5654799570896,7918600
QCOM,2022-08-29,125.26789093017578,127.14124630852352,124.3814741991129,125.93498331385958,6852300
QCOM,2022-08-30,122.82797241210938,126.38277283392914,121.48464033515928,125.92585754092428,6147400
QCOM,2022-08-31,121.5506362915039,123.29665171153768,120.65924548654762,122.94744301865374,8701100
QCOM,2022-09-01,119.39108276367188,119.58407021217569,115.86228560349088,119.44621802833198,8716300
QCOM,2022-09-02,118.0677490234375,121.91818623631411,117.22230913765632,120.9716603847227,6121400
QCOM,2022-09-06,116.40446472167969,119.02350190277116,115.98174467767144,118.3986028676849,6674200
QCOM,2022-09-07,118.17806243896484,119.26242668078105,116.12878200780634,117.13963490195636,5340100
QCOM,2022-09-08,118.40779113769531,119.28079878147096,115.69685974974155,117.13962410476721,6618800
QCOM,2022-09-09,121.34846496582031,121.86307944934534,119.74947223013068,120.0894823662755,5097300
QCOM,2022-09-12,122.2214584350586,123.3425887244337,121.5965734985237,122.2214584350586,7081300
QCOM,2022-09-13,114.80548095703125,119.37269862460302,114.40113699013365,117.97589185811194,9610900
QCOM,2022-09-14,117.19477844238281,117.53479561735196,115.32929377638104,116.03688874893109,7509300
QCOM,2022-09-15,114.8514175415039,117.70018702115006,114.16219877976229,116.43202001244418,7459600
QCOM,2022-09-16,114.8238525390625,115.54983053702765,113.07783713831454,114.06112237381744,13818500
QCOM,2022-09-19,116.38607025146484,116.87311702933505,113.4086473186256,113.60162772054991,5922700
QCOM,2022-09-20,114.658447265625,116.2941992607723,113.84976632157108,115.54983811922699,5672700
QCOM,2022-09-21,114.52058410644531,119.27158975052431,114.41030658814915,115.27412962039733,8123700
QCOM,2022-09-22,113.65676879882812,115.01683023920194,112.54483003871036,114.64005395107083,8753000
QCOM,2022-09-23,111.36857604980469,112.73782216798587,109.40200554092276,112.42537265131769,10681300
QCOM,2022-09-26,110.03607940673828,113.19729861965831,109.89823424131977,111.69020736956767,6424600
QCOM,2022-09-27,110.58744812011719,112.73781437579187,109.12630766076443,111.70857846585999,5544400
QCOM,2022-09-28,109.2917251586914,110.68853887205114,108.23492157359158,108.97009111394702,11321200
QCOM,2022-09-29,105.5331802368164,107.95004533758603,104.26502015744153,107.77544099646985,12125800
QCOM,2022-09-30,103.82391357421875,106.85647180883254,103.76877130774157,104.54069993856208,7568100
QCOM,2022-10-03,107.72030639648438,108.73115924953025,104.45800122278108,105.67102604865539,7481700
QCOM,2022-10-04,112.45293426513672,112.52644560369173,110.56906686913726,110.64258521878797,6637200
QCOM,2022-10-05,114.76870727539062,115.38440768457092,110.76204832579151,111.08368234468452,7070300
QCOM,2022-10-06,115.12710571289062,116.90069568195919,114.31842485554337,114.41951083909879,6238600
QCOM,2022-10-07,111.11125183105469,114.05191559753978,110.56906278627108,112.68266968856035,8618500
QCOM,2022-10-10,105.31261444091797,111.23070783656091,104.25581104725387,110.81717241586014,9512600
QCOM,2022-10-11,101.11298370361328,103.37362034906228,99.84482373502354,102.92333273146888,10758800
QCOM,2022-10-12,99.83562469482422,101.82057789954915,99.59669358438248,101.37947485035635,6987900
QCOM,2022-10-13,103.71365356445312,105.86401302057223,96.17819690912542,96.83984111871048,10455000
QCOM,2022-10-14,101.03946685791016,105.6710177410628,100.89243716901896,105.34019217718792,7989800
QCOM,2022-10-17,102.54655456542969,105.20235053458983,101.64597934680815,104.68772911285343,7886400
QCOM,2022-10-18,102.19737243652344,106.68188732639362,100.66271344681893,105.63427521273093,8908900
QCOM,2022-10-19,103.7044677734375,104.45801348080079,101.77465628005321,101.87574227832975,5620200
QCOM,2022-10-20,102.90496826171875,106.6818809656161,102.6660371063812,103.99852402784379,7736400
QCOM,2022-10-21,106.36023712158203,106.58997670833831,102.02275260184808,102.69359528005857,7490100
QCOM,2022-10-24,106.94837188720703,107.53650467932819,104.98180154897139,106.91161271131246,6525700
QCOM,2022-10-25,109.51226043701172,110.2198622639733,106.81052776533672,107.12297022631522,6205100
QCOM,2022-10-26,108.53817749023438,110.95503556503901,106.74621140963158,108.47385068249726,7342300
QCOM,2022-10-27,105.40452575683594,110.82638172323581,105.11045934905303,109.65011609210421,8937200
QCOM,2022-10-28,109.54903411865234,109.7695821797916,103.2266026142544,104.9174827681494,9418700
QCOM,2022-10-31,108.1246337890625,108.78627785644055,106.04778612854257,108.55653828814262,6870800
QCOM,2022-11-01,107.82140350341797,110.85396237532866,107.28840588573348,110.03608986351148,5749100
QCOM,2022-11-02,103.38282012939453,109.16306931396066,103.15308052910699,109.08955095920557,13936300
QCOM,2022-11-03,95.46139526367188,97.86906877538006,93.669429203209,95.92087445980042,24706100
QCOM,2022-11-04,98.04367065429688,98.78802468980423,95.87492834207954,97.97015230209725,11977900
QCOM,2022-11-07,101.16812896728516,101.34273331041993,97.64852355147366,98.76965394426175,7570800
QCOM,2022-11-08,103.4195785522461,105.57912937697417,101.01190503480386,102.52818778785843,9383600
QCOM,2022-11-09,101.4805679321289,104.31096125082544,101.333531235061,102.42709388344277,9581300
QCOM,2022-11-10,110.89990997314453,111.19397640716589,105.24831390229649,106.51648109552977,11673200
QCOM,2022-11-11,111.58910369873047,112.25994632487358,109.34684326247127,109.34684326247127,9433800
QCOM,2022-11-14,111.01016998291016,113.2248559306844,110.5139316392908,110.95502771511086,6971000
QCOM,2022-11-15,115.80714416503906,117.74615412313162,113.41785352750445,115.46713401571448,12470200
QCOM,2022-11-16,110.94583129882812,113.80378497241247,110.23822952846072,113.21565226023682,9561700
QCOM,2022-11-17,112.90320587158203,113.14213696850575,109.08952791035786,109.31007591692875,7273700
QCOM,2022-11-18,113.81299591064453,114.40112872303284,112.23238634818989,113.98760024938662,6436600
QCOM,2022-11-21,110.45879364013672,112.57240070266599,110.36689920504762,111.2766660312929,8204200
QCOM,2022-11-22,113.62919616699219,113.75784976920255,110.30256456860656,111.04691855440873,7010200
QCOM,2022-11-23,115.00762939453125,116.74445997152193,113.29836644398561,113.52810601248804,5481500
QCOM,2022-11-25,113.44539642333984,115.20061009668545,113.39945271617448,114.74113095846036,3153800
QCOM,2022-11-28,109.852294921875,113.44541884725186,109.2182113422393,112.25996860607579,7087500
QCOM,2022-11-29,108.78630065917969,111.53399151995603,108.73116539478174,110.40366952212109,6277600
QCOM,2022-11-30,116.98017883300781,117.08190933571937,109.19321616234951,109.82209242647623,12776700
QCOM,2022-12-01,117.27611541748047,118.56161129311374,116.23107408899966,117.19288522181128,7924800
QCOM,2022-12-02,116.21256256103516,116.36052968199266,113.86352542353414,114.40916432477326,6122200
QCOM,2022-12-05,114.030029296875,116.0368820840167,113.2254353291079,115.21379486614201,6091600
QCOM,2022-12-06,110.77464294433594,113.75255652873119,109.65561457639944,113.58608909060356,5968000
QCOM,2022-12-07,109.32268524169922,111.27405089918831,108.90652015318373,109.59088318648853,5427100
QCOM,2022-12-08,112.59654998779297,113.1514391720556,109.29495122726172,110.03480817681108,7347600
QCOM,2022-12-09,110.09954071044922,112.27286071077297,109.91457295258854,111.35729324070778,6036000
QCOM,2022-12-12,112.09712982177734,112.13412336896593,107.33431822216276,107.33431822216276,9008400
QCOM,2022-12-13,114.20572662353516,118.33041238751426,112.66128288198797,117.43334521744453,9712700
QCOM,2022-12-14,112.55956268310547,117.06342747272183,111.07060560493699,114.89010726449926,9444100
QCOM,2022-12-15,107.87071990966797,111.45900951155282,107.35282433259952,111.2093118742657,10207800
QCOM,2022-12-16,105.91935729980469,107.88922327935212,104.82807226295908,107.35282738454026,12733900
QCOM,2022-12-19,104.14369201660156,106.50197930036212,103.12639424831553,105.43843783796427,7720200
QCOM,2022-12-20,103.67204284667969,104.30091904412417,102.74722532430823,103.02467340333877,6260200
QCOM,2022-12-21,105.974853515625,106.31703859392614,104.21770558565396,104.28244254038133,5843800
QCOM,2022-12-22,102.35881805419922,104.12521610134269,99.30691697883046,104.10672285284535,12051400
QCOM,2022-12-23,102.50678253173828,102.5807696353923,100.07451470945016,101.4524909999633,5356700
QCOM,2022-12-27,101.23052978515625,102.36805849428603,100.70338405551027,101.49872772561446,6158100
QCOM,2022-12-28,98.92772674560547,101.97962018937332,98.78900271275297,100.68488136487646,5395600
QCOM,2022-12-29,101.58195495605469,102.3403121105486,99.98202456705104,100.20397880047973,6668600
QCOM,2022-12-30,101.6744384765625,101.78541206114534,99.15893374098687,99.85254686781995,5642300
QCOM,2023-01-03,99.14043426513672,103.33910660788699,99.07569732165852,102.97842834339458,8110400
QCOM,2023-01-04,103.1448974609375,103.7922739620832,100.62939266336076,101.54496709352141,7614200
QCOM,2023-01-05,101.175048828125,102.58076850304155,100.92534411999868,101.66520103677486,7546000
QCOM,2023-01-06,106.66846466064453,107.2603544496242,101.77618548765193,102.61776588247533,10259300
QCOM,2023-01-09,105.99333953857422,109.91456395899154,105.0037850463336,107.95395527668184,10291800
QCOM,2023-01-10,108.12043762207031,108.17592442463821,105.17026698502926,105.44770805366767,6384800
QCOM,2023-01-11,109.48915100097656,109.59088149763231,106.51123731152249,108.61057713618398,7374400
QCOM,2023-01-12,112.44857025146484,113.17917701290871,108.80479365180356,110.27525027065248,9527600
QCOM,2023-01-13,111.20005798339844,112.29134295252028,110.71915597169289,110.81163631365959,8040400
QCOM,2023-01-17,111.23706817626953,112.19887939939876,110.07179593689004,110.73766578796403,6179500
QCOM,2023-01-18,112.86473846435547,114.6681299255042,111.91217748457957,112.47631677361547,10960400
QCOM,2023-01-19,108.74005126953125,111.99540600226545,108.59207707196248,111.95841245287325,8716200
QCOM,2023-01-20,113.66007995605469,113.71556675200479,108.5180895054707,109.5168941673609,8895000
QCOM,2023-01-23,121.17884063720703,122.13140157054846,116.36054212038631,117.02641187536615,13419500
QCOM,2023-01-24,120.87364959716797,122.97298936319854,120.36499712809506,120.73493261087343,7952400
QCOM,2023-01-25,121.30833435058594,121.65051237917793,118.09921584670495,118.79282911218475,6880300
QCOM,2023-01-26,123.88859558105469,124.71168283788839,121.29910298386574,124.30476075826735,7413600
QCOM,2023-01-27,123.37065887451172,124.74864214159444,121.53952402704866,121.6042680308723,6581900
QCOM,2023-01-30,121.7337417602539,122.44584113176128,120.36500159062156,121.19734587403522,9854300
QCOM,2023-01-31,123.19495391845703,123.59261869743966,121.44704928683439,121.44704928683439,7125100
QCOM,2023-02-01,128.0502471923828,129.41897324731278,122.70478864505037,122.70478864505037,10500600
QCOM,2023-02-02,125.63646697998047,128.69761074361935,124.66540575205141,128.05024129553183,17673200
QCOM,2023-02-03,124.86888885498047,127.99476306130542,118.903817557695,121.29909199568311,13187300
QCOM,2023-02-06,122.93598937988281,124.73939488039264,121.94644194559496,122.32562052550902,6830500
QCOM,2023-02-07,126.35781860351562,127.0514317233711,122.38110056069186,123.13944356703777,7664200
QCOM,2023-02-08,122.23313903808594,126.03413989313293,121.85396043983341,125.13706570292403,7151700
QCOM,2023-02-09,120.71643829345703,125.06307812252216,120.1522990018986,123.82382594486805,5717500
QCOM,2023-02-10,119.292236328125,120.17081029226604,118.02523358019423,119.56967033983436,5319200
QCOM,2023-02-13,121.00313568115234,121.54877469768668,118.7373353032544,119.72689694385475,5550400
QCOM,2023-02-14,122.39036560058594,122.88977503892144,118.70959526915433,119.48643871590114,5579900
QCOM,2023-02-15,123.06551361083984,123.30596116294528,120.50376430797809,120.78121247523819,3501100
QCOM,2023-02-16,120.3742446899414,122.62154435742298,120.18002681309497,120.91988360777505,5788400
QCOM,2023-02-17,118.11771392822266,120.05057947152474,117.41485052347696,119.76388825171219,6022500
QCOM,2023-02-21,114.39994812011719,118.02523891255167,114.2612311079953,116.02762926840619,8164400
QCOM,2023-02-22,114.63114166259766,115.5744595902435,113.67858063888755,114.97332672353562,5517800
QCOM,2023-02-23,116.71198272705078,117.66455081807258,114.37219523918057,117.0911613442243,6440200
QCOM,2023-02-24,114.9918212890625,115.3340063539213,113.91903650203804,114.89934093677051,7357200
QCOM,2023-02-27,114.1409912109375,117.0819115825858,113.78956304851613,116.9894312299274,7787200
QCOM,2023-02-28,114.24272918701172,115.69469269168192,113.67858982636287,114.325966448907,6491800
QCOM,2023-03-01,115.08013153076172,116.7456679173302,114.4288076249073,115.17317678889833,5530600
QCOM,2023-03-02,115.17318725585938,115.61981447396208,112.45622571752274,113.66583547992269,5258900
QCOM,2023-03-03,115.00568389892578,115.57326915975352,113.20988286525223,115.36856534779629,7052100
QCOM,2023-03-06,113.89845275878906,116.46653620415111,113.54487080553139,115.63842125925628,7031300
QCOM,2023-03-07,110.90235137939453,113.98219452721695,110.05562309829224,113.96358831285052,8879700
QCOM,2023-03-08,112.77256774902344,113.28432730329978,111.05120567384529,111.2373032839903,7633900
QCOM,2023-03-09,109.06932067871094,113.4425118491462,108.80879110755627,112.84701365825029,8055500
QCOM,2023-03-10,107.18048858642578,110.00910892259724,106.56637700144081,109.3670844653674,6884500
QCOM,2023-03-13,106.47332000732422,108.1574627037733,105.40328172936157,105.84990893281416,7673700
QCOM,2023-03-14,108.44591522216797,108.92044820890277,105.9987828404664,108.31565042986051,8312100
QCOM,2023-03-15,107.45960998535156,108.10163435641373,105.27301439987839,107.2362999384641,8596900
QCOM,2023-03-16,112.13056945800781,112.4283185856401,107.85042308620642,108.86462861195733,11207800
QCOM,2023-03-17,112.33524322509766,114.32644131383616,110.86510419542427,112.3817622988586,12304100
QCOM,2023-03-20,113.3494644165039,113.53555493550716,111.4792241752586,112.37247144449113,5945000
QCOM,2023-03-21,115.1917953491211,116.37348508899142,113.65652367376161,114.4381123964037,6900600
QCOM,2023-03-22,113.48904418945312,117.46213456301888,113.39599892311857,115.3778907817499,7072700
QCOM,2023-03-23,115.5174560546875,118.1692850473886,113.60999625176478,115.32205887616199,7353800
QCOM,2023-03-24,116.08503723144531,116.24321487999765,113.74956363056192,115.03360522882505,6987200
QCOM,2023-03-27,115.00568389892578,117.29463115291578,114.74515435603388,116.99688208976825,4818000
QCOM,2023-03-28,112.90283203125,115.08012791755584,111.85140715941174,115.00568887382448,5272100
QCOM,2023-03-29,116.39208221435547,117.20159084151511,114.68002680382216,114.83820444740226,6410100
QCOM,2023-03-30,118.54146575927734,119.27653534606036,117.6389118729881,118.24371668225493,8156400
QCOM,2023-03-31,118.7089614868164,119.07184298753127,117.50865840795237,117.84362703921204,6222400
QCOM,2023-04-03,116.06643676757812,118.6996597449824,115.01501174747663,118.15998725017678,6367800
QCOM,2023-04-04,113.79609680175781,116.51305825721772,113.34016294123376,116.24322202310101,6962700
QCOM,2023-04-05,114.48464965820312,114.65213398625158,112.81911303452655,112.97729070576699,6920900
QCOM,2023-04-06,114.4474105834961,115.23830590352115,112.63300325526815,113.83329911923559,5260600
QCOM,2023-04-10,115.64771270751953,115.91754891571634,113.21919393264614,113.60068160706376,5243700
QCOM,2023-04-11,114.977783203125,116.54096772482713,114.60559506007243,116.54096772482713,5001400
QCOM,2023-04-12,111.9072494506836,115.84312750883673,111.7955979674644,115.75938889642234,5288300
QCOM,2023-04-13,112.70745086669922,113.20060427725902,110.83721754499282,111.7025520292521,6077100
QCOM,2023-04-14,111.8049087524414,113.44252542391659,110.50225364189127,112.46553941517843,4833100
QCOM,2023-04-17,111.07913208007812,111.50714598723535,109.95326802233654,110.84651536321668,6370200
QCOM,2023-04-18,110.13004302978516,112.40038412879788,109.24610247344381,111.97236318480547,4829900
QCOM,2023-04-19,110.29753875732422,110.4371102014486,108.35285939336109,109.09723569609214,4241900
QCOM,2023-04-20,110.39057922363281,111.56296936487578,108.976272828578,109.13445047889302,5125000
QCOM,2023-04-21,109.57176971435547,109.97187071266656,108.44590576536332,109.67412162780003,4980700
QCOM,2023-04-24,109.19026947021484,109.63689662463909,108.46450655581101,109.62758996963711,4097900
QCOM,2023-04-25,106.11974334716797,108.71573952027086,105.77546806918123,108.62269425832532,7045200
QCOM,2023-04-26,106.22209930419922,107.0967333184243,105.33815153485743,106.34305743943813,4671100
QCOM,2023-04-27,105.9988021850586,106.36168375826868,104.35187866809738,105.96158265204986,6945700
QCOM,2023-04-28,108.67853546142578,108.77158073053457,105.82200239650221,107.09673749098046,8652500
QCOM,2023-05-01,107.78528594970703,109.40430352190808,107.4782372574407,109.0600282016103,6208500
QCOM,2023-05-02,108.03650665283203,108.92044732184782,106.48262871517751,108.05511286633924,7081200
QCOM,2023-05-03,104.98456573486328,108.69712610190197,104.77055525756674,108.54825511243749,11491700
QCOM,2023-05-04,99.1691665649414,99.6716195562825,96.30332673235858,96.79647306675837,22117500
QCOM,2023-05-05,101.2161865234375,101.67211330898571,98.41547921441489,100.6858206834205,10745600
QCOM,2023-05-08,100.77886199951172,101.26270873568347,99.43899456611773,100.84399439489269,6694400
QCOM,2023-05-09,98.41547393798828,99.96005229035983,97.97816048895278,99.55995126766466,7804100
QCOM,2023-05-10,99.05750274658203,100.0065829352889,97.82928675447229,99.55995571138587,7980100
QCOM,2023-05-11,96.82437896728516,99.10402702861734,96.47080411686531,98.89932318404315,10630500
QCOM,2023-05-12,96.41497039794922,97.4570886493217,95.47519696149524,97.2058657419796,7635900
QCOM,2023-05-15,98.89002227783203,99.00168086288285,95.73574001386315,96.54524878295838,7444900
QCOM,2023-05-16,96.57315826416016,99.0761164413774,96.50802586655854,98.32243344181707,7027000
QCOM,2023-05-17,97.52223205566406,98.11773029482666,96.37776176120116,96.94534712960596,9504700
QCOM,2023-05-18,99.5227279663086,99.67160606161549,97.5222229287365,97.5222229287365,9142000
QCOM,2023-05-19,98.49922180175781,99.67161202631556,98.18285937974755,99.51342726586107,5783200
QCOM,2023-05-22,97.95954132080078,98.50852041163328,96.07069489595818,96.46148923925703,7912400
QCOM,2023-05-23,96.359130859375,98.29450333283357,96.27539226238672,96.833670872335,7452500
QCOM,2023-05-24,95.85669708251953,95.96835566631894,94.51682957142215,94.9820630222377,8193700
QCOM,2023-05-25,96.78714752197266,96.87089322030297,94.41446158571445,94.84247543579752,11677400
QCOM,2023-05-26,102.677001953125,103.54233629359926,97.53152208621042,97.64318064910631,15969900
QCOM,2023-05-30,107.93415832519531,108.57618274550147,104.77987616274162,106.53845800202468,18291800
QCOM,2023-05-31,106.25704956054688,106.80983386608808,104.56120435505753,106.3975830970769,14924000
QCOM,2023-06-01,108.52442169189453,109.20837544235964,105.22642961744907,107.3345185835782,8616500
QCOM,2023-06-02,108.32767486572266,109.9954064384998,107.45633108185406,109.84549444857969,7873400
QCOM,2023-06-05,105.61994171142578,108.60873844762055,105.53561443833632,108.1496455329668,7769300
QCOM,2023-06-06,109.02098083496094,109.42386030199168,105.1608335496476,105.4793928982792,7594500
QCOM,2023-06-07,107.9154052734375,109.77052651097976,107.26892243868558,109.27394849188002,7555400
QCOM,2023-06-08,109.0116195678711,109.28332966578598,106.90353063581783,108.30892325718668,5793400
QCOM,2023-06-09,111.59754943847656,113.2278029573233,109.97666005752774,110.07972275997982,13807000
QCOM,2023-06-12,114.43644714355469,114.59572327399701,112.21592401112785,113.40582721666104,9675100
QCOM,2023-06-13,116.58200073242188,117.49082242128397,115.00796073942892,116.4414600432232,8873200
QCOM,2023-06-14,115.6169662475586,116.58200135799997,113.8368008539481,116.50704537026563,7324600
QCOM,2023-06-15,115.81372833251953,116.82561279205181,113.4058224591973,113.91176468896344,8132600
QCOM,2023-06-16,114.9423828125,117.09732111203887,114.39896259460629,116.73191243930587,12905700
QCOM,2023-06-20,112.26274871826172,114.65191874462964,111.22275773249645,114.24903928934944,8667400
QCOM,2023-06-21,108.45883178710938,111.51321317376242,108.3745045154455,111.12907625319404,7925400
QCOM,2023-06-22,109.0584716796875,109.32081049877682,107.66245030770688,108.69307016049926,7283000
QCOM,2023-06-23,106.27580261230469,108.00911894960339,105.9010297735975,106.89417172020379,11958500
QCOM,2023-06-26,109.27396392822266,110.19215696600874,107.09092604482154,107.33452229819189,9377000
QCOM,2023-06-27,112.23465728759766,112.37519798148668,108.35577416616154,109.37702272190835,7308900
QCOM,2023-06-28,110.1265640258789,110.65124163784465,109.22711362756776,109.63935725917098,6384800
QCOM,2023-06-29,110.61376953125,110.69809680805886,109.50819368420038,110.14530531043569,5138500
QCOM,2023-06-30,111.53195190429688,112.30023286717734,110.9135757607073,112.05662949410909,6565100
QCOM,2023-07-03,112.51571655273438,112.88112516749315,110.98852599115513,111.74743562967917,2662000
QCOM,2023-07-05,109.74241638183594,111.54132426809734,109.71430967470931,111.5132104127746,6249200
QCOM,2023-07-06,107.95289611816406,108.87108198737458,106.45381204216962,107.89668269912575,7544600
QCOM,2023-07-07,108.62747955322266,110.30458222492533,107.52190376985092,108.09343065818186,6108400
QCOM,2023-07-10,109.7330551147461,110.81988832517735,109.12405023435626,109.12405023435626,6037000
QCOM,2023-07-11,109.49882507324219,110.43575347659542,107.64370368939638,110.37016877428854,5784000
QCOM,2023-07-12,111.19466400146484,111.709977486321,109.71431539787486,110.14530160875616,8371300
QCOM,2023-07-13,115.3546142578125,115.63568845740504,112.31896143520477,112.43139540395914,9823000
QCOM,2023-07-14,114.8299331665039,115.41083130106063,113.49012537650366,115.24218391671808,7892200
QCOM,2023-07-17,115.6169662475586,116.61010806635126,113.14347583789642,114.61445314325003,6125000
QCOM,2023-07-18,115.11102294921875,115.45768902801974,113.61193894988374,114.60508075915637,7481200
QCOM,2023-07-19,116.57263946533203,119.08360807118284,116.46021262286813,117.43461194914127,8866700
QCOM,2023-07-20,113.10598754882812,116.74126684469445,112.6468946750868,115.72938254697434,9148600
QCOM,2023-07-21,116.85372161865234,118.67136516426483,113.72437676635654,114.2396902916169,23704100
QCOM,2023-07-24,116.27279663085938,117.67818903287991,115.40145305567883,116.85369473037821,5859300
QCOM,2023-07-25,117.181640625,118.03424894322923,116.36651030244865,116.36651030244865,5592100
QCOM,2023-07-26,116.1978530883789,117.34090684138698,114.62381314374744,115.42957211232047,5291800
QCOM,2023-07-27,117.91244506835938,119.71134599304766,117.04110131605773,118.57766341608692,7917900
QCOM,2023-07-28,121.3134765625,121.72572731647209,119.51457587857875,120.20790799174924,11762200
QCOM,2023-07-31,123.83382415771484,124.58336973242523,120.9574614213694,121.7913271204316,11029600
QCOM,2023-08-01,123.74950408935547,124.0399496042939,122.02555927421649,123.59959211506703,7128700
QCOM,2023-08-02,121.11673736572266,123.28103966612308,120.7044865853811,121.98807390894144,13711100
QCOM,2023-08-03,111.21339416503906,111.59753822616453,107.64369937864001,109.59251209513869,29239600
QCOM,2023-08-04,113.8367919921875,114.30525615676441,110.33268204264711,110.33268204264711,12658700
QCOM,2023-08-07,111.81304168701172,114.99859995762395,110.48260495723153,114.50202900553678,7706500
QCOM,2023-08-08,110.23899841308594,110.44511665555007,108.6462158522888,109.62062224110441,8934600
QCOM,2023-08-09,109.2177505493164,110.66062123884299,109.17090126692912,109.83612676548361,5642500
QCOM,2023-08-10,108.31829833984375,110.92295827904037,107.81235612063195,110.25773993939062,6224500
QCOM,2023-08-11,107.38136291503906,108.17775061367574,106.54749722317054,106.93163414445333,5712500
QCOM,2023-08-14,106.82857513427734,107.29703934353662,105.69489260565351,106.69740572754048,8537500
QCOM,2023-08-15,104.63614654541016,106.35072694699825,104.3738077808777,106.19144371293622,6843600
QCOM,2023-08-16,103.20266723632812,104.86102740004436,103.10897582365541,104.32697848479371,6426700
QCOM,2023-08-17,103.1370620727539,104.12083243295605,102.74355392867305,103.24012475070772,6250500
QCOM,2023-08-18,103.15580749511719,103.54931567735579,101.65672359978261,101.95654037884952,6384700
QCOM,2023-08-21,103.69921875,103.9615575156666,102.1251790078051,102.91219530480492,6539800
QCOM,2023-08-22,102.56555938720703,104.78607525665706,102.25637128066187,104.43941630222477,4587000
QCOM,2023-08-23,104.15834045410156,104.49563528862785,101.98466660281949,102.44375956995913,6873900
QCOM,2023-08-24,101.6661148071289,105.47004227724769,101.33819125766992,105.08590530450924,8698100
QCOM,2023-08-25,103.3619384765625,103.54932129306806,100.96340411394927,102.02213060877858,6669900
QCOM,2023-08-28,104.63614654541016,105.11398195120582,103.64300489448152,104.280116386144,4316400
QCOM,2023-08-29,106.60372161865234,106.8004757422371,103.54933276353346,103.54933276353346,6971400
QCOM,2023-08-30,106.8773422241211,107.05662143799434,105.36764336701268,106.20741358124211,6490300
QCOM,2023-08-31,108.06623077392578,108.66067985958335,106.08475061896148,106.08475061896148,7962500
QCOM,2023-09-01,108.87769317626953,109.17019529299101,107.9530058142673,109.17019529299101,5310700
QCOM,2023-09-05,109.97225189208984,110.4534637573906,108.42480941024624,108.42480941024624,7294800
QCOM,2023-09-06,108.207763671875,110.1326323182856,107.21702002191854,109.45326606675108,7411900
QCOM,2023-09-07,100.39506530761719,104.45238029877926,100.0836879118912,104.35802547550787,17947800
QCOM,2023-09-08,100.14974212646484,101.02725570547823,99.55530023054428,100.17804785501174,9819300
QCOM,2023-09-11,104.05607604980469,105.52803131269336,102.67847560141719,104.99020095134473,18771700
QCOM,2023-09-12,104.95247650146484,106.37725091675898,103.32954759514217,103.39559669254778,9250100
QCOM,2023-09-13,106.28290557861328,107.18872493766362,105.23555036997112,105.28273138610584,8131500
QCOM,2023-09-14,107.6038818359375,108.2643727891072,106.62257584922004,107.34911589770671,7138100
QCOM,2023-09-15,106.75467681884766,108.68898311590144,106.11305393386115,107.53783554000107,12247400
QCOM,2023-09-18,106.38667297363281,107.40572221187085,106.11303898194979,106.51877114909212,5065100
QCOM,2023-09-19,104.47126007080078,105.99982699037444,103.70697661101396,105.86772879235727,5658800
QCOM,2023-09-20,103.05591583251953,105.49030924560547,102.99930437601442,105.43369059028849,7073800
QCOM,2023-09-21,101.86701965332031,103.40502413328392,101.76322718915225,101.88589493706623,7007200
QCOM,2023-09-22,101.60282897949219,103.58430915425649,101.30088921189774,102.63130883826918,6965500
QCOM,2023-09-25,104.19762420654297,104.24480521878459,100.6875699805942,100.81023053408596,6782500
QCOM,2023-09-26,103.5277099609375,104.39578599574885,103.16915149526251,103.65037053146104,6559800
QCOM,2023-09-27,103.02760314941406,104.5561699623615,101.36693094885268,104.48069042505387,7225000
QCOM,2023-09-28,104.8298110961914,105.59410175334678,103.0181724992525,103.56544057503984,4851300
QCOM,2023-09-29,104.79207611083984,105.89604999311071,104.39578148582592,105.56579727345333,4869300
QCOM,2023-10-02,104.8298110961914,105.48087164148365,103.41446709255567,104.1693201073528,5751500
QCOM,2023-10-03,103.97117614746094,105.92435064720925,103.20688546577709,104.55618041383205,7750700
QCOM,2023-10-04,103.6503677368164,104.80151545572178,102.659631158194,104.54675667802248,7189400
QCOM,2023-10-05,103.60319519042969,104.22594287623834,102.80116107560298,103.50883315422938,5089700
QCOM,2023-10-06,104.62223052978516,105.04683806790914,101.95195353575396,104.61280008584465,7930600
QCOM,2023-10-09,105.49031066894531,105.66015223956413,103.30124553586509,104.09383473287824,4714500
QCOM,2023-10-10,105.97151947021484,106.61314236351151,104.19762427054134,105.20723602335107,6253000
QCOM,2023-10-11,104.84869384765625,106.2829060393333,103.39560636991855,105.9432228783654,6378600
QCOM,2023-10-12,105.16949462890625,105.87716663338834,104.09383375799844,105.66015125001516,5371700
QCOM,2023-10-13,102.52751922607422,105.65070923978226,102.41428911846599,105.41481858137382,6035600
QCOM,2023-10-16,104.27311706542969,104.81094752201041,102.8011543430939,102.93325254654796,6254700
QCOM,2023-10-17,105.86773681640625,105.9337859204209,101.923644265272,102.669059695616,7334000
QCOM,2023-10-18,104.71658325195312,105.78280642624381,103.82019443924169,104.79206279082895,7174500
QCOM,2023-10-19,104.9996566772461,107.94357490888545,104.58448678336035,106.0470118558672,10511500
QCOM,2023-10-20,102.49921417236328,105.31103420402665,102.49921417236328,105.22610981709511,7756500
QCOM,2023-10-23,102.52751922607422,104.32972011293268,101.60282467763604,101.84815297804806,6679200
QCOM,2023-10-24,103.21631622314453,104.1032674050082,102.31993459806093,103.13139904129542,8578600
QCOM,2023-10-25,98.86650085449219,103.12197074617053,98.53625534157088,102.66905747215539,8571600
QCOM,2023-10-26,99.65910339355469,100.46113031661817,98.44190654376119,98.83820118356017,8705200
QCOM,2023-10-27,100.45167541503906,101.8009702462831,99.86666400050134,100.86684527044076,7292000
QCOM,2023-10-30,101.7443618774414,103.15970584688024,100.18748207129634,100.68756912202154,6634000
QCOM,2023-10-31,102.8388900756836,103.04647500820816,100.66870032386215,102.18783674954298,6485500
QCOM,2023-11-01,104.63167572021484,104.91474743271706,102.5652709358616,103.00874659266917,12809900
QCOM,2023-11-02,110.73651123046875,112.35944011170814,107.99074051187642,111.31208501274112,22106100
QCOM,2023-11-03,112.77462005615234,113.32188819509318,110.73652819910791,111.29322678268335,10670100
QCOM,2023-11-06,113.16146850585938,113.75591038170383,111.69894352396034,113.22751760317541,7756400
QCOM,2023-11-07,113.9068832397461,114.24656636660909,112.44435826581866,113.08598115002525,7898400
QCOM,2023-11-08,113.28413391113281,115.17125928535825,112.42549560924247,114.54851165524609,7681900
QCOM,2023-11-09,113.32188415527344,115.52038707729677,113.08599346918885,114.28432218583352,9002700
QCOM,2023-11-10,117.19992065429688,117.76605682753579,114.14277955975717,115.0202931478617,12191600
QCOM,2023-11-13,116.8602294921875,117.52072764798928,115.70908193959463,117.0017653254887,7959200
QCOM,2023-11-14,120.17214965820312,120.98361418048668,118.96439051772869,120.15327437230128,11255400
QCOM,2023-11-15,121.64411163330078,122.40839517999426,120.36086567909153,120.7005488551359,7789100
QCOM,2023-11-16,121.4365234375,123.01227150737188,121.06853453971705,121.80451233528295,11655700
QCOM,2023-11-17,122.1630630493164,122.46499562439789,121.17231934185939,122.00265911917562,6543300
QCOM,2023-11-20,122.20077514648438,122.77634885188559,121.73843873235016,122.13473325773145,7148600
QCOM,2023-11-21,119.85133361816406,120.27594116177467,118.65301213032919,119.72867305604309,14641800
QCOM,2023-11-22,120.30423736572266,122.20079310104963,119.98342952151033,120.67222622175993,6647400
QCOM,2023-11-24,120.54012298583984,120.99302900564601,120.36084378697707,120.99302900564601,3708200
QCOM,2023-11-27,120.9647216796875,121.73844991768016,119.63430216543685,120.08720817925402,8586400
QCOM,2023-11-28,119.44561004638672,120.12497640651739,118.57753400791432,120.02118392378561,8817900
QCOM,2023-11-29,121.45867919921875,124.01300750991882,121.18330489573924,122.72160048064701,10608300
QCOM,2023-11-30,122.54119873046875,122.87353733289622,121.05987442794111,122.75010390419676,11731800
QCOM,2023-12-01,123.1299057006836,123.69964963520157,122.02840848818359,122.5506713466267,8866500
QCOM,2023-12-04,123.39579772949219,123.4907598934855,121.57263719651785,122.80707288247113,7485000
QCOM,2023-12-05,124.1554183959961,124.2503805346128,122.44620132521167,122.57913962576224,6231600
QCOM,2023-12-06,123.40528106689453,125.4753225795182,123.1204091139051,125.32338893936526,6912400
QCOM,2023-12-07,126.2350082397461,126.60533752560168,123.8136177602935,124.70621001061033,7815700
QCOM,2023-12-08,126.26346588134766,127.21302942742732,124.56373901991874,124.60172967570824,7678600
QCOM,2023-12-11,129.23562622070312,129.7104080738443,127.30801305608536,127.72580891592806,11010700
QCOM,2023-12-12,129.7863311767578,130.30859399537673,128.66585321061999,129.1216396299651,7380400
QCOM,2023-12-13,131.79940795898438,131.97982733029207,129.21659425110062,129.50146618005024,7507700
QCOM,2023-12-14,134.36325073242188,135.55969566417787,132.55908567020703,132.55908567020703,11468900
QCOM,2023-12-15,135.9110565185547,136.25290002886732,134.24932004965564,134.88552598761677,25053500
QCOM,2023-12-18,134.50567626953125,135.90153590121048,134.16383279872838,135.32230153371643,7832100
QCOM,2023-12-19,136.00599670410156,136.19590653510653,134.3062841561989,134.86652322888048,5658400
QCOM,2023-12-20,133.35671997070312,135.76860524197832,133.28075314077122,134.8095511813216,7264800
QCOM,2023-12-21,135.2558135986328,135.49320444965844,133.8789495605217,134.6480935995747,8361600
QCOM,2023-12-22,136.2528839111328,137.11697576095847,135.5502016427257,136.02498343481932,4659200
QCOM,2023-12-26,138.12351989746094,138.6837589126864,136.69917457721257,136.89857480810102,4381200
QCOM,2023-12-27,138.37039184570312,138.84517358701032,137.72468114314714,138.49383973498342,4470300
QCOM,2023-12-28,138.5033416748047,139.48139098411934,138.37989377525562,138.80719448013843,4928800
QCOM,2023-12-29,137.3354034423828,138.27546223828807,136.53775891751565,138.0760619739655,4839300
QCOM,2024-01-02,133.15728759765625,135.0279288805853,131.78042339930064,135.01843846154733,8495800
QCOM,2024-01-03,130.6599578857422,131.88488856134262,130.08072350693809,131.88488856134262,8133300
QCOM,2024-01-04,129.30206298828125,130.4035601506636,128.1341039137702,128.60888567453608,6770300
QCOM,2024-01-05,129.83383178710938,131.10625807009393,128.99822564076288,129.29258804941153,6827300
QCOM,2024-01-08,132.017822265625,132.1317652577324,129.74836590794757,130.08071895384785,7729400
QCOM,2024-01-09,132.83444213867188,133.84097716603978,130.22314242121416,130.6029620389867,5856900
QCOM,2024-01-10,132.28372192382812,132.96740897381355,130.84038098617086,132.8344706301604,5652500
QCOM,2024-01-11,132.017822265625,132.8914190132257,129.16913154941784,131.98933651759813,7374900
QCOM,2024-01-12,133.12881469726562,135.46474754386443,132.14127492201806,134.95197508254702,6546600
QCOM,2024-01-16,134.0023956298828,134.10684819378503,131.02076683844294,132.93888915319772,7483000
QCOM,2024-01-17,132.29319763183594,132.58756000714786,130.422556323162,132.5780550987897,6584700
QCOM,2024-01-18,137.96205139160156,138.30389477381246,135.1513520171446,135.929986422122,12893000
QCOM,2024-01-19,144.2957000732422,145.06484431916854,139.33897661150388,139.83273928222724,16193900
QCOM,2024-01-22,145.15977478027344,146.7740444013799,144.21021123335896,145.04583179118447,10456100
QCOM,2024-01-23,145.7580108642578,145.98591134165252,143.77342644129678,145.15978116684076,6232300
QCOM,2024-01-24,146.58412170410156,148.43578223219163,146.13782567303463,146.98293665946542,8331900
QCOM,2024-01-25,146.6790771484375,150.012039866054,145.91942343949427,149.65121558342773,7740900
QCOM,2024-01-26,143.1182098388672,145.26421810216598,142.79536173087504,144.53306464980537,7744700
QCOM,2024-01-29,142.09268188476562,143.61198928390917,140.93421325298624,142.81434493030477,10770700
QCOM,2024-01-30,138.61729431152344,141.29507069638834,138.22798423596052,140.53541689640736,9132800
QCOM,2024-01-31,141.01968383789062,142.5864724582725,137.0600053977828,138.00956898982372,21184200
QCOM,2024-02-01,133.99290466308594,136.65168533311459,133.0243458462435,133.76500420936154,22810600
QCOM,2024-02-02,134.54367065429688,134.97097138234065,132.23622354015515,133.5561163827562,10442700
QCOM,2024-02-05,136.76565551757812,137.35438036197516,134.08789347736698,134.70510407299665,8032600
QCOM,2024-02-06,136.8321075439453,137.50628952188876,135.24632373225396,137.211927152151,7286300
QCOM,2024-02-07,138.5318145751953,138.58878606533753,136.38580634110266,137.8386372964839,7361900
QCOM,2024-02-08,140.706298828125,141.11461862790054,138.91162456675752,139.44339224610042,9448700
QCOM,2024-02-09,143.3841094970703,145.66305643512206,140.8677716492552,141.4849822189634,11981500
QCOM,2024-02-12,145.378173828125,146.9544381849494,142.67191212851426,142.79536001681313,11806300
QCOM,2024-02-13,142.47251892089844,143.62149727433714,140.92474007564965,142.43454275140874,8976300
QCOM,2024-02-14,146.17581176757812,146.6031124571911,143.4315737521834,143.678455053269,8715100
QCOM,2024-02-15,148.11294555664062,149.24292870604492,146.6981048814979,147.1823771644458,9372400
QCOM,2024-02-16,144.98887634277344,149.80315652405454,144.90341909149902,149.52778944021762,8429100
QCOM,2024-02-20,144.2957000732422,145.1882777422536,142.3111010130964,144.22922366226504,8745500
QCOM,2024-02-21,144.34315490722656,144.3811455644594,141.39001158715786,142.27311325294073,9760300
QCOM,2024-02-22,146.94497680664062,147.66663997420238,144.6375440610317,146.9639721368688,11407500
QCOM,2024-02-23,147.096923828125,148.99605132603628,146.54617511502758,147.84707281455505,5953300
QCOM,2024-02-26,149.10997009277344,149.53727081248203,147.932506019425,148.131920749524,6307600
QCOM,2024-02-27,150.31591796875,151.17051939710302,149.54677378539418,149.79365510067186,6021400
QCOM,2024-02-28,148.74118041992188,149.399695042943,147.89177679717582,148.8843326069295,5211000
QCOM,2024-02-29,150.5926971435547,150.98399925359294,149.05613370713988,149.71466297457306,8321400
QCOM,2024-03-01,155.65093994140625,156.5194354257276,150.85992868370334,152.11971168887098,10405700
QCOM,2024-03-04,158.96266174316406,160.17473704656672,157.2065935409784,157.58834243265815,11865100
QCOM,2024-03-05,154.08572387695312,158.03688408049666,152.9213709827064,157.21611096754876,9608800
QCOM,2024-03-06,160.2320098876953,161.52997660422005,156.8343949845891,157.30204979018276,12230500
QCOM,2024-03-07,167.70484924316406,169.48954789462545,161.70174813096094,161.86400670180907,14495100
QCOM,2024-03-08,162.78976440429688,167.4662539261328,162.76111940236788,166.84590832767248,11318000
QCOM,2024-03-11,163.31463623046875,164.1354093186246,160.4514763270578,161.29134122548268,7256300
QCOM,2024-03-12,165.1852569580078,165.96784650387426,162.79929013326674,165.0230129614597,7642200
QCOM,2024-03-13,161.52996826171875,163.6773385931153,160.90962265776346,163.41011145023114,8730500
QCOM,2024-03-14,160.76644897460938,162.19802913388958,159.10582531002765,161.8640025010627,8151000
QCOM,2024-03-15,159.57345581054688,161.07184994300016,158.28504248316924,159.4780258767331,16414600
QCOM,2024-03-18,159.30621337890625,163.639136802901,158.76222057639185,163.1142212476438,6653700
QCOM,2024-03-19,156.61488342285156,158.8672369068296,156.16632045118058,158.51410387975181,7404400
QCOM,2024-03-20,160.0220184326172,160.4992117891513,156.3571769495037,156.61486543961206,5995800
QCOM,2024-03-21,163.05697631835938,165.03254924861412,161.89262335935493,162.95199319704633,8497500
QCOM,2024-03-22,162.34120178222656,164.0590863855114,161.57768942366278,161.81628612553976,5645500
QCOM,2024-03-25,159.87889099121094,161.07187456715434,159.3539753052383,160.22247084359415,5682500
QCOM,2024-03-26,159.4493865966797,161.69218651451476,159.38257254020877,160.38468144777903,5289900
QCOM,2024-03-27,161.41543579101562,161.74946241605798,159.3539569146261,161.72083197856253,6309700
QCOM,2024-03-28,161.5776824951172,162.14076719233262,160.31788497308972,161.38680805435777,5324000
QCOM,2024-04-01,163.88729858398438,164.91803805113486,160.53740623783514,160.59466711443466,6679100
QCOM,2024-04-02,163.23829650878906,163.5818763069805,161.55858114140068,162.69430365661083,7436300
QCOM,2024-04-03,165.97738647460938,166.02510871986124,161.6062938522187,162.24573116279672,6943200
QCOM,2024-04-04,162.01669311523438,167.9243495618861,161.6826664828235,167.0176850413617,9031200
QCOM,2024-04-05,163.70594787597656,164.38356883393791,161.9689716717076,162.41752001853374,5863300
QCOM,2024-04-08,165.70065307617188,166.43553508519452,164.49813079459835,165.0421237685999,4812000
QCOM,2024-04-09,167.5616912841797,167.9625319778568,165.46202875141435,167.27537234218565,5028500
QCOM,2024-04-10,163.06651306152344,165.78652099693366,162.31255397190907,164.55535399185035,6177400
QCOM,2024-04-11,167.14175415039062,167.61894751957436,162.72293889165763,163.8395696280133,6262600
QCOM,2024-04-12,163.47689819335938,165.48111617132605,163.16196338459136,164.42174630802126,8216700
QCOM,2024-04-15,162.09304809570312,166.4259722554686,160.89052598901068,166.32098912659004,6570600
QCOM,2024-04-16,160.89051818847656,161.83536630257393,159.81205651344698,161.76855224071485,6390100
QCOM,2024-04-17,156.82484436035156,162.42709015889633,156.29992871316898,161.50133380735255,8082000
QCOM,2024-04-18,154.07620239257812,156.61487469442545,152.56826954928806,154.95423647295215,9209400
QCOM,2024-04-19,150.43997192382812,154.0284604762625,149.20880499324392,153.93301598638706,10292200
QCOM,2024-04-22,152.87367248535156,154.26708363785372,149.99143479965065,150.83128529112722,7848700
QCOM,2024-04-23,153.9903106689453,154.85879155913216,152.39647195292358,153.61810041235486,6616700
QCOM,2024-04-24,156.16632080078125,158.3613988475727,154.61066561627862,156.39536431854745,6130500
QCOM,2024-04-25,155.85134887695312,157.12068491801244,154.35295478844455,156.59576932768186,6230700
QCOM,2024-04-26,158.1037139892578,158.92448718450018,155.09738696076937,155.46959721426379,7141300
QCOM,2024-04-29,161.48220825195312,161.54902230344578,157.66466188872596,157.66466188872596,6623900
QCOM,2024-04-30,158.28504943847656,161.5204199614779,158.24686581304474,161.51086677372686,6914200
QCOM,2024-05-01,156.62440490722656,161.90216229388048,156.3189941672637,157.00615376939456,13113600
QCOM,2024-05-02,171.8850555419922,173.4025269444796,167.29444314746323,167.46624033115592,25894800
QCOM,2024-05-03,171.446044921875,174.83412098930086,169.6899766972374,173.92745643787936,10043900
QCOM,2024-05-06,173.55523681640625,174.08013788020102,172.1713643746603,173.61249769152667,6980100
QCOM,2024-05-07,171.93275451660156,175.90300659907788,171.04518189464957,174.1278467923889,8011100
QCOM,2024-05-08,172.3145294189453,172.54357291715903,168.5637819450498,168.66876506932644,6242600
QCOM,2024-05-09,172.3049774169922,173.42162272961187,171.25516072978803,172.74400172956612,5513500
QCOM,2024-05-10,173.77474975585938,175.17769951255764,172.97306834139948,173.6983970645603,4702500
QCOM,2024-05-13,175.8076171875,176.30388789009723,174.55735811624936,174.8245852831212,6384800
QCOM,2024-05-14,180.3504638671875,180.65586005209127,176.0748153390328,176.09389258867392,7713400
QCOM,2024-05-15,185.7332000732422,187.1361497159968,181.33347671362645,181.3430153382191,11349100
QCOM,2024-05-16,184.45433044433594,186.70668374700853,183.9866756962758,186.10541543704346,8173400
QCOM,2024-05-17,185.0174102783203,186.525343044731,183.11817546130985,184.1011926187191,5799700
QCOM,2024-05-20,188.7395477294922,190.8678409975061,184.46389850349794,185.151058235167,8879700
QCOM,2024-05-21,191.68858337402344,192.76703049214183,186.83074377892768,187.06934046494823,11498800
QCOM,2024-05-22,193.67369079589844,195.49657293272193,192.4997992036572,193.67369079589844,11170100
QCOM,2024-05-23,192.55706787109375,198.4647242583054,190.3238063429366,196.48915123348525,14475100
QCOM,2024-05-24,200.7648162841797,201.66194224400115,194.27498285835284,194.58993226314894,13809900
QCOM,2024-05-28,203.36073303222656,207.5123067100251,201.66192576057426,207.32143227014691,12485400
QCOM,2024-05-29,198.76060485839844,201.0511420904648,197.2717636670887,199.13281515622586,12552500
QCOM,2024-05-30,196.2594451904297,200.63885971152826,195.32031718794036,199.32599605134135,12245300
QCOM,2024-05-31,195.5407257080078,200.33221609721423,190.42341748172774,199.32600019098726,15064900
QCOM,2024-06-03,197.32313537597656,202.18169840297534,193.96909253428336,200.82091706189863,12419500
QCOM,2024-06-04,195.8473358154297,197.62977048223854,193.250356712625,197.3231227600005,6629100
QCOM,2024-06-05,203.06333923339844,203.63832387922065,196.80565449763668,198.30059702981413,11626300
QCOM,2024-06-06,200.70594787597656,203.38918536646457,200.0830453639614,203.06335291323245,7597200
QCOM,2024-06-07,198.00352478027344,201.050919973159,196.34567336219905,200.9838320954931,5714400
QCOM,2024-06-10,200.61968994140625,201.79839237414527,196.029434383335,196.72898782134646,6465100
QCOM,2024-06-11,199.82431030273438,200.71552045627803,196.2402703886385,198.51143205183334,8197500
QCOM,2024-06-12,206.4077911376953,206.62819556792405,202.0858727253408,203.6383106971132,9502800
QCOM,2024-06-13,208.72686767578125,209.25393445642635,204.12703473396195,207.33733861587382,10102800
QCOM,2024-06-14,206.35031127929688,208.95688302405787,204.74036302637174,208.56397733241022,6438200
QCOM,2024-06-17,212.9529571533203,213.38418827703435,204.50076278967748,208.03688432457028,12109100
QCOM,2024-06-18,217.61988830566406,221.01227139857997,216.57534699987974,217.36115837503513,22037500
QCOM,2024-06-20,206.48446655273438,216.47950744755332,203.96413819063267,214.85040380894742,18701200
QCOM,2024-06-21,203.66708374023438,206.48448235158142,200.67719849838093,202.92919014619875,22286500
QCOM,2024-06-24,192.4645538330078,198.39642039262557,191.88958384525742,198.2814293195687,16087700
QCOM,2024-06-25,193.7390899658203,194.6782178391121,190.86419618750728,194.66864012393881,11974900
QCOM,2024-06-26,189.10093688964844,192.76162746777064,187.53890654649544,191.95666069634686,10023800
QCOM,2024-06-27,187.0118408203125,190.28923270734506,185.7564728338155,188.66011447932937,11936600
QCOM,2024-06-28,190.87379455566406,195.43530253586462,187.45267819298115,187.82641383970227,15547500
QCOM,2024-07-01,191.68832397460938,192.3016340335763,187.90305026899492,191.15167950082147,6800600
QCOM,2024-07-02,191.8129425048828,192.1195902792898,188.87096045254427,189.98258970751397,5632900
QCOM,2024-07-03,195.3107147216797,196.31693055483478,192.0812551130693,194.22783329316857,4996200
QCOM,2024-07-05,197.16981506347656,198.1281130710755,195.4736234957357,197.26565071322332,6375200
QCOM,2024-07-08,199.22056579589844,201.6642285610336,197.55312205231363,198.59767796001563,6920400
QCOM,2024-07-09,198.482666015625,199.85303968291106,196.1252612556292,197.86935591471504,5272600
QCOM,2024-07-10,200.09262084960938,200.5142742997742,197.94602811352777,200.03512531048995,5159400
QCOM,2024-07-11,191.51585388183594,201.3671557782267,191.439188290049,201.26174241732798,8602200
QCOM,2024-07-12,193.98826599121094,197.4860626246258,191.89918327447307,193.25038702564814,7217200
QCOM,2024-07-15,199.4984588623047,200.51426696530288,194.33323353165397,194.5344825336774,7463700
QCOM,2024-07-16,200.8975830078125,202.28711212018925,198.00351908500642,201.24257085703752,5998500
QCOM,2024-07-17,183.60987854003906,191.65957483408457,182.61324056232135,191.4008303137683,16156200
QCOM,2024-07-18,183.47572326660156,185.81395787118387,179.15379035805356,185.69896680180958,9960600
QCOM,2024-07-19,178.44468688964844,185.03776755125537,178.01344106780815,183.69615612599264,9195700
QCOM,2024-07-22,186.83937072753906,187.34726752084163,181.16624806421277,183.03492632470974,7590000
QCOM,2024-07-23,185.28692626953125,188.0564069363283,184.1369569583966,186.1014708053732,5796700
QCOM,2024-07-24,173.51901245117188,181.70287030398592,173.15485456016245,181.44412576971786,13295300
QCOM,2024-07-25,168.07589721679688,172.7236486860488,166.04430999599467,172.12949394182945,12700100
QCOM,2024-07-26,172.5415496826172,173.73942212609208,170.16497484905358,171.5449116210649,6567800
QCOM,2024-07-29,171.1903533935547,175.0235453769504,170.4333044107195,173.93108624658132,6051600
QCOM,2024-07-30,159.97828674316406,171.9186728499481,159.81537782127822,171.86117730369057,15338900
QCOM,2024-07-31,173.40403747558594,173.52862090720475,166.17847626859557,168.25798138136648,19222200
QCOM,2024-08-01,157.16087341308594,169.58999975463774,154.60221948477627,164.59726069586085,24795000
QCOM,2024-08-02,152.6664581298828,157.41003049459846,150.96068879164136,153.8260051900197,16618900
QCOM,2024-08-05,151.3631591796875,156.03008016726574,145.0767269298334,146.8783317657549,12733900
QCOM,2024-08-06,152.10105895996094,156.80630562553813,149.9736362409312,151.81356663692262,9301000
QCOM,2024-08-07,149.60948181152344,157.46753725292444,149.01534171986847,156.75839145589276,9266900
QCOM,2024-08-08,158.07122802734375,158.68453806875118,151.2864774691378,154.03680225225486,9590900
QCOM,2024-08-09,157.62083435058594,158.97203789771643,155.22508960282212,157.22794332502644,4824600
QCOM,2024-08-12,156.09716796875,156.57631699126105,150.85527649268175,153.86433176915241,8548000
QCOM,2024-08-13,162.40277099609375,162.48901431082592,156.47090375283,157.44837185386447,11102100
QCOM,2024-08-14,160.17950439453125,164.11810974820563,157.85084727995167,163.52396966908827,7208200
QCOM,2024-08-15,166.11135864257812,167.35714886831488,163.49520940425705,164.58766845275665,10752100
QCOM,2024-08-16,164.99974060058594,166.14970988447675,163.51439041674956,165.1051539641937,5435700
QCOM,2024-08-19,166.99302673339844,167.05053690402548,161.70323158829407,164.41521704867662,6708100
QCOM,2024-08-20,164.9326629638672,168.1142045967088,164.0126904856858,166.60968439878204,6222400
QCOM,2024-08-21,166.9546661376953,167.57755394172887,164.90390915726675,165.7759637808865,6309500
QCOM,2024-08-22,161.95236206054688,167.3092443731575,161.3582219795142,167.03134438693908,6743500
QCOM,2024-08-23,166.2646942138672,167.3379832379606,163.51438377839474,164.59725051789388,6823600
QCOM,2024-08-26,162.4219207763672,165.1914011981975,161.50194833332654,164.79849553906212,7437600
QCOM,2024-08-27,166.6767578125,167.16549913238006,161.25280245087168,162.11526476924067,6498800
QCOM,2024-08-28,164.6835174560547,168.39212604378028,162.55609472229054,167.108010230778,6534600
QCOM,2024-08-29,162.4219207763672,169.0054228501981,161.8852616548217,166.18802460756442,12514200
QCOM,2024-08-30,167.98965454101562,168.14298574155825,163.6773132274141,165.10516799287146,11110800
QCOM,2024-09-03,156.43255615234375,164.9805717581186,155.24426147940142,164.7218272280292,11620300
QCOM,2024-09-04,158.43540954589844,161.22406022563104,155.84800787935424,156.20257345893663,6737000
QCOM,2024-09-05,157.68406677246094,159.70689822525583,155.90206258598232,157.08685630648822,5600000
QCOM,2024-09-06,152.37657165527344,157.1928232926585,151.35552865983317,156.75936358490054,10703000
QCOM,2024-09-09,154.8617401123047,156.4029316268499,152.7425925935352,155.16997253600104,7494900
QCOM,2024-09-10,155.73829650878906,156.10433631454856,151.88529543100964,154.12004311117738,7918100
QCOM,2024-09-11,160.43898010253906,160.76648170249905,153.397622213228,156.39333146729155,8275400
QCOM,2024-09-12,158.91705322265625,160.19817806958014,156.9134905468829,159.7839874360967,6039200
QCOM,2024-09-13,161.5659637451172,162.11502345432254,159.36012709294855,159.71652498964013,4049900
QCOM,2024-09-16,160.48712158203125,161.1902901352438,157.77074887543398,158.86885355090197,6510000
QCOM,2024-09-17,162.5003204345703,163.27092360357432,159.97660938666436,162.67371312916185,5828000
QCOM,2024-09-18,162.11502075195312,166.08360709663307,161.53706472011146,163.29018723814073,5877600
QCOM,2024-09-19,167.5284881591797,170.3026536892411,166.15104730376052,168.01011330270242,10900000
QCOM,2024-09-20,162.7122344970703,166.70973195241888,158.26202293519657,166.34369214498068,27546400
QCOM,2024-09-23,159.8610382080078,163.73329412095404,159.27345489315263,162.23062589228425,9810000
QCOM,2024-09-24,160.81463623046875,163.13607300387804,159.8802822544166,161.26736505177374,9666800
QCOM,2024-09-25,162.08615112304688,162.39438361225174,159.66838317949427,160.1692775097414,5095500
QCOM,2024-09-26,166.31480407714844,169.29124404376105,160.6508874820149,168.48211730103728,8475000
QCOM,2024-09-27,163.8777618408203,167.075744873776,163.58878384013576,166.642285221765,5880700
QCOM,2024-09-30,163.8007049560547,165.9005834075906,161.58522648197118,165.07218761982136,8099700
QCOM,2024-10-01,159.68763732910156,164.031890993397,158.05011472003892,163.5599077419926,8277600
QCOM,2024-10-02,162.13429260253906,163.51173343444214,159.08077631046658,160.0440265810671,4484600
QCOM,2024-10-03,162.7122344970703,163.2998177520477,159.57204389557074,159.85138000785642,6260200
QCOM,2024-10-04,162.69297790527344,166.44966308146203,160.3619138267731,166.20885049445124,6586500
QCOM,2024-10-07,160.80502319335938,162.51960771955436,159.64912565968243,161.47929552983473,4359300
QCOM,2024-10-08,160.22705078125,161.55634089369906,157.64554704186364,158.80144445797742,7843500
QCOM,2024-10-09,163.96446228027344,164.04152406570552,158.61842033743818,159.85137950828616,5486500
QCOM,2024-10-10,162.3269500732422,162.54849353416526,159.25417916230356,161.0843489139933,5048000
QCOM,2024-10-11,163.7332763671875,164.16673604799036,160.73756744710357,161.82604495283536,3801400
QCOM,2024-10-14,171.4970703125,172.29656979434466,164.61946402440137,165.04329649169566,9933600
QCOM,2024-10-15,167.69224548339844,173.22130763793777,166.40149357595237,170.70722370279077,12910400
QCOM,2024-10-16,165.17816162109375,168.25093250963224,163.96447150284507,168.2027670537739,6495700
QCOM,2024-10-17,164.8121337890625,169.16601460421387,164.73507200055982,169.16601460421387,6093200
QCOM,2024-10-18,164.6387481689453,166.23774727854868,163.19387264297373,165.78501843790153,6432700
QCOM,2024-10-21,162.79893493652344,163.91630886026635,159.9669912786722,163.40578735507987,7297700
QCOM,2024-10-22,166.815673828125,167.10465184721502,162.0475879562536,162.79892198706813,7313000
QCOM,2024-10-23,160.47750854492188,166.2955339871562,158.2620298782376,163.11680500435122,9788200
QCOM,2024-10-24,161.92237854003906,162.73150525067354,159.44681825631986,160.48713032629254,4933400
QCOM,2024-10-25,164.01263427734375,166.81568150685675,163.56953266793818,164.02226148914463,5496600
QCOM,2024-10-28,165.8909912109375,166.78680706107534,163.1457215899976,163.1938870513893,5024600
QCOM,2024-10-29,169.53207397460938,170.08113376924302,164.96626169104604,165.87171943782332,6427700
QCOM,2024-10-30,161.4600067138672,165.4286078494376,161.37331771647231,163.67548529038848,8819700
QCOM,2024-10-31,156.7882537841797,161.61413244472377,156.12360873254096,161.46000887082982,10261200
QCOM,2024-11-01,159.19638061523438,159.9766110037005,156.78825487402628,157.08686011425078,6498100
QCOM,2024-11-04,159.10968017578125,161.34442796443423,157.62628115595936,158.99409484120727,4949800
QCOM,2024-11-05,159.8128662109375,161.431119714667,158.21386713127598,158.93630488073387,5373200
QCOM,2024-11-06,166.63267517089844,171.89201359323212,162.4714268077906,163.03011374717266,17661900
QCOM,2024-11-07,166.5556182861328,175.4078911810579,165.32265903810753,173.6451413112951,23586300
QCOM,2024-11-08,164.6291046142578,167.11429203599235,162.54848053587088,165.76573286013453,10736600
QCOM,2024-11-11,162.10537719726562,164.5135028087755,159.9862295987434,163.7525415826726,7829500
QCOM,2024-11-12,157.4047393798828,161.18067889597455,155.9116984342107,160.910969980399,8483300
QCOM,2024-11-13,154.5246124267578,156.95200731492946,153.8792364850758,156.80751095011414,7921700
QCOM,2024-11-14,157.9441375732422,158.8495951192528,155.92130625989802,156.96161824692945,7012600
QCOM,2024-11-15,154.60166931152344,158.29091963269008,153.73474994226072,157.0097950017341,9737000
QCOM,2024-11-18,158.4546661376953,159.0711457098234,156.04654051250236,156.62449654176163,7814200
QCOM,2024-11-19,158.65696716308594,160.12109707141218,156.67265915142508,158.00194930049074,6176800
QCOM,2024-11-20,148.6006317138672,158.16570038352938,147.32913423014764,157.97305325818706,14483000
QCOM,2024-11-21,149.74688720703125,151.17249343183087,147.94559928246073,149.45790919845552,10685800
QCOM,2024-11-22,151.0279998779297,151.11470357073196,148.0804564714932,149.10149938242535,5709300
QCOM,2024-11-25,152.98341369628906,153.78289847963924,151.44220739756986,153.0989990243816,9189800
QCOM,2024-11-26,151.16287231445312,155.5360371905926,150.3537455375756,153.87924539144296,9489900
QCOM,2024-11-27,150.65234375,151.8564066466529,148.78365048074275,151.16286524233817,6337900
QCOM,2024-11-29,152.70407104492188,155.58419477398644,151.95273697612822,152.29950767695863,6112000
QCOM,2024-12-02,157.03871154785156,157.36621315634764,152.55960306673188,152.55960306673188,9812700
QCOM,2024-12-03,156.60525512695312,157.83821448933693,155.3915648884289,155.56494290906022,6961400
QCOM,2024-12-04,157.33731079101562,158.9363099213893,156.27774421036017,158.4354156170966,6721600
QCOM,2024-12-05,155.30389404296875,159.2351455739495,154.85847453912595,157.43412718870633,7279800
QCOM,2024-12-06,154.45179748535156,155.30389666801722,152.25379174585166,155.30389666801722,9918400
QCOM,2024-12-09,155.64280700683594,157.76334788504332,152.47649727374457,152.4861748465045,9481200
QCOM,2024-12-10,151.49851989746094,156.3690129145239,151.09182547135634,155.6718435768006,8683600
QCOM,2024-12-11,154.76165771484375,155.3716846116436,151.9923501352109,152.30219498244955,7081800
QCOM,2024-12-12,153.22207641601562,154.403390330178,151.94392767941258,153.63843364768755,5796100
QCOM,2024-12-13,153.50286865234375,154.61639519875342,151.65343293968442,153.22207131648256,8886700
QCOM,2024-12-16,152.88314819335938,153.67715225791568,149.13587452627655,153.14459035789835,9951100
QCOM,2024-12-17,152.91221618652344,154.90688941142056,151.52756983571564,151.52756983571564,7187400
QCOM,2024-12-18,148.1966552734375,156.04948076023734,147.4898083408791,153.2317558274765,10295200
QCOM,2024-12-19,145.6306915283203,150.53992492355442,145.30147674232646,149.1455860947324,8414800
QCOM,2024-12-20,148.04173278808594,149.66846630057466,144.6914457096363,144.83669795222517,17347100
QCOM,2024-12-23,153.22207641601562,153.65780356715956,149.64908718178017,150.72388870122566,8863200
QCOM,2024-12-24,154.3065643310547,154.34528939729356,152.54427093131866,153.60939493939213,2839600
QCOM,2024-12-26,153.50286865234375,154.50020523562725,152.36029461515255,152.40869724984245,3846900
QCOM,2024-12-27,152.25379943847656,152.74762161251547,150.58834082907543,152.20538202339335,7232500
QCOM,2024-12-30,149.6781463623047,151.1789975778234,148.92288196802932,150.30752843256062,5356000
QCOM,2024-12-31,148.7485809326172,150.89818412064204,148.35159359287536,149.81370495368193,4423300
QCOM,2025-01-02,148.76792907714844,152.51520297333312,147.94487747453644,150.0944803479077,5009100
QCOM,2025-01-03,152.8250732421875,153.41573019506865,149.59099113457177,150.49149292220466,5885800
QCOM,2025-01-06,154.781005859375,160.41644027654627,154.27749143166486,154.27749143166486,9599800
QCOM,2025-01-07,155.4297637939453,158.2668436431439,154.20003255277956,156.8628274634241,7666000
QCOM,2025-01-08,154.0354461669922,155.11024775922954,151.9633078907325,154.9746878635834,7731900
QCOM,2025-01-10,152.0020294189453,153.26080829202527,150.61738300100146,152.69919880173052,6236800
QCOM,2025-01-13,152.1472625732422,152.3796424884067,149.89114732237078,150.29782694882698,5714700
QCOM,2025-01-14,154.47117614746094,155.90424003811174,151.59535601813147,155.06183315525064,6476500
QCOM,2025-01-15,159.19639587402344,160.203409919384,156.9499583325706,156.95965067838625,9284000
QCOM,2025-01-16,156.31089782714844,160.5810561813633,156.1656603762916,160.10660399195189,7188900
QCOM,2025-01-17,159.34164428710938,160.3583507483136,157.92795054289036,160.13564840297576,8097500
QCOM,2025-01-21,161.96572875976562,163.33100521970167,160.1066153819474,160.73599741365948,7380500
QCOM,2025-01-22,164.84153747558594,166.63286339969565,162.8565419165076,162.98242422425346,7281700
QCOM,2025-01-23,168.8308868408203,168.850256759657,164.0088112948192,164.97710038778675,7172300
QCOM,2025-01-24,166.65223693847656,169.64424669976293,166.48762956511237,169.54742665509409,5825800
QCOM,2025-01-27,165.75172424316406,166.739383281192,161.9754025902916,166.64256323427597,15632600
QCOM,2025-01-28,166.1099853515625,167.9884684258342,164.4251571274912,164.82215917409872,8720200
QCOM,2025-01-29,166.2649383544922,167.98849187926743,164.82218218547288,166.1100085427344,5118900
QCOM,2025-01-30,166.4779510498047,168.0368972152111,165.5484017141742,166.87495315821286,6010600
QCOM,2025-01-31,167.4462432861328,171.18384016730164,166.82653879274878,167.03956359749836,7800500
QCOM,2025-02-03,164.84153747558594,167.10733036549877,162.73065960876175,163.5246637423606,7447100
QCOM,2025-02-04,167.552734375,168.27895117838057,163.15670849283387,163.15670849283387,5457900
QCOM,2025-02-05,170.2833251953125,171.38717420086365,164.51231554046578,167.5140177217481,15197800
QCOM,2025-02-06,163.95071411132812,164.1153214819316,160.15500791594386,162.51763563504105,16293500
QCOM,2025-02-07,162.63385009765625,165.86793227216225,160.79409187075092,164.44454605749937,7841700
QCOM,2025-02-10,165.926025390625,166.35207497048418,163.6408624599508,164.34770938567016,6237700
QCOM,2025-02-11,166.5360565185547,167.22353354230117,163.74737903370607,164.27024867465522,6588100
QCOM,2025-02-12,164.88995361328125,165.50965808114356,162.90497266655913,164.1734290949242,5505700
QCOM,2025-02-13,166.6909637451172,166.8943109584114,164.09595603210818,164.79312537066087,6362200
QCOM,2025-02-14,166.7684326171875,167.33973443246416,165.61616618923094,167.12670964200566,4691300
QCOM,2025-02-18,168.13372802734375,168.21119293261626,165.80983996884814,167.76577342102928,7292600
QCOM,2025-02-19,169.6636199951172,170.90302888092867,167.85292407715747,168.4726285200632,6849600
QCOM,2025-02-20,168.1918182373047,170.7965183503261,167.41718398149274,170.41888618216922,6316400
QCOM,2025-02-21,160.18405151367188,169.86694207799712,159.9710415141817,169.43121495758618,12531900
QCOM,2025-02-24,155.99139404296875,161.30729222730628,155.88488164132866,160.64886267165517,9827800
QCOM,2025-02-25,156.10755920410156,158.150649656323,154.3840059060097,156.533608742941,8244900
QCOM,2025-02-26,156.95968627929688,158.93498975953736,155.8267749057928,156.69824405657124,9161900
QCOM,2025-02-27,149.54258728027344,158.07321281781734,149.21337249634288,157.1920660947202,10807200
QCOM,2025-02-28,152.1859893798828,152.32154925692325,148.5355354964761,150.1816387140051,10149500
QCOM,2025-03-03,148.7485809326172,155.00373561329465,147.68347168647296,153.9483039400981,9601900
QCOM,2025-03-04,149.56195068359375,152.21505353542943,146.55057079434513,150.3462625419808,8956800
QCOM,2025-03-05,153.46414184570312,154.10320141055396,148.1772769597558,150.12353269459746,6786900
QCOM,2025-03-06,151.90650939941406,153.69777927209032,150.008167676188,150.0276420374631,7808100
QCOM,2025-03-07,156.94931030273438,157.53342234473402,151.1082493010832,151.1082493010832,8727600
QCOM,2025-03-10,150.87460327148438,155.04122564618166,148.56738890241417,153.18183249514107,10139900
QCOM,2025-03-11,149.04441833496094,152.09149517564776,146.8637501279981,150.7480611937981,8692900
QCOM,2025-03-12,148.7523651123047,151.73130401929225,147.895671362211,150.12501809245376,7117400
QCOM,2025-03-13,147.91513061523438,151.50738534947806,146.435391067491,148.55765086216599,5861700
QCOM,2025-03-14,152.4322052001953,152.79239916472886,149.47272633373146,149.4922006939881,5309400
QCOM,2025-03-17,153.76593017578125,154.515537174717,151.3224249682047,151.47819016232395,5781000
QCOM,2025-03-18,152.14990234375,155.4987798023599,151.78970832387645,153.76593283789563,6898400
QCOM,2025-03-19,154.06771850585938,156.258116450194,150.95248884483414,152.2861930619168,5871000
QCOM,2025-03-20,153.76593017578125,154.90493530542864,152.37381774662995,153.81460865576682,5089300
QCOM,2025-03-21,152.66586303710938,153.24996019210548,149.49221056208054,150.87459313986577,10949300
QCOM,2025-03-24,155.83950805664062,156.73513562049308,154.59341624131665,155.76162546135959,6033400
QCOM,2025-03-25,155.9076385498047,157.1926790282977,155.19698032707865,155.64480151477375,3978200
QCOM,2025-03-26,154.19427490234375,156.55016772615488,152.69507577976805,155.226193303603,5960300
QCOM,2025-03-27,153.785400390625,155.0314922007951,151.6242066579205,154.0190481755017,6102000
QCOM,2025-03-28,148.6744842529297,153.4641528257855,147.54520881541586,152.76322426833468,8918000
QCOM,2025-03-31,149.54090881347656,149.77455661912316,143.96269928812757,146.81507716594933,8613600
QCOM,2025-04-01,148.99574279785156,149.25859471769311,146.2796409535255,148.35322248472204,5708900
QCOM,2025-04-02,149.9984588623047,151.34190774070814,146.3867293527278,146.79560186907074,5377200
QCOM,2025-04-03,135.726806640625,143.49541481254764,134.8895871736547,143.1060166275055,16465000
QCOM,2025-04-04,124.08361053466797,132.26109778803757,123.32427375887177,130.78135810884552,19018600
QCOM,2025-04-07,126.28373718261719,133.56558890705955,117.60002847280926,121.2896253858988,17938300
QCOM,2025-04-08,121.35777282714844,131.70617510574783,118.51511768581386,127.65638437269038,14965900
QCOM,2025-04-09,139.7863311767578,141.02269333536088,120.90023854632408,121.84454466330449,21242600
QCOM,2025-04-10,130.83975219726562,135.37631285260574,125.86511496550186,133.3806141660253,14898800
QCOM,2025-04-11,135.561279296875,136.92418747364513,127.63690780146011,130.45035135210952,10955300
QCOM,2025-04-14,135.5028839111328,139.3190420223596,133.20539929926719,138.96857776446194,6930300
QCOM,2025-04-15,134.92849731445312,137.10915029434935,134.37358946215744,135.7657165419731,6346800
QCOM,2025-04-16,132.144287109375,133.67269048242503,128.29890972578738,130.13884351004543,10417200
QCOM,2025-04-17,133.0399169921875,134.4904377867759,132.1150852070994,133.74084557457985,7135900
QCOM,2025-04-21,132.53367614746094,132.93281888888075,129.82731901834754,131.16102321989712,8128300
QCOM,2025-04-22,135.06480407714844,135.41526832667728,132.87440623123976,133.12751352356045,8228000
QCOM,2025-04-23,136.73924255371094,140.06864549265077,136.07724792563806,138.80307932350632,9073500
QCOM,2025-04-24,143.31044006347656,143.90428186716855,138.22871573800393,138.9977822438084,8810600
QCOM,2025-04-25,144.6246795654297,145.24772552780908,142.21037831803292,142.21037831803292,5145600
QCOM,2025-04-28,143.70956420898438,145.34506899241887,141.58731920303785,144.2547275186005,5743500
QCOM,2025-04-29,142.98916625976562,144.33260007802886,141.6651919479313,142.77499285236706,6692000
QCOM,2025-04-30,144.52731323242188,144.90698157001538,140.06863527669685,141.35366085986524,10851900
QCOM,2025-05-01,131.62831115722656,135.2789741431709,131.29730642368247,135.11346434910598,22836600
QCOM,2025-05-02,136.1064453125,137.66406742129482,133.65319569025303,134.19837382654094,13185600
QCOM,2025-05-05,135.7462615966797,137.0410319159665,134.62671597923088,134.6364605879462,7165300
QCOM,2025-05-06,136.19406127929688,137.0702293092679,133.8187090393536,134.16917328042484,6957900
QCOM,2025-05-07,140.47750854492188,140.86690663794303,136.53478972109622,136.66135078589136,10196400
QCOM,2025-05-08,141.25633239746094,143.5927508766705,140.0783785491665,141.78202135617784,8489100
QCOM,2025-05-09,141.33421325683594,143.0865347061711,140.76959037471642,141.80150887971718,6217100
QCOM,2025-05-12,148.09036254882812,150.2710306808412,145.86103079190465,149.99844902116286,11414600
QCOM,2025-05-13,147.33103942871094,149.2293814679555,146.96111563041438,147.98328952144686,10160900
QCOM,2025-05-14,148.9275665283203,149.20989276752715,146.44511287591956,147.90537798267474,6971200
QCOM,2025-05-15,148.56739807128906,149.3267348688479,146.20176046767313,147.6912447985942,6941200
QCOM,2025-05-16,148.46031188964844,149.00547524837808,147.29210257028672,148.82050592568322,6668000
QCOM,2025-05-19,149.62850952148438,149.745340842506,146.13361159115422,146.56195844086562,7241100
QCOM,2025-05-20,149.74534606933594,149.81348405893948,147.90539753123815,148.98599444724218,5269500
QCOM,2025-05-21,147.3018341064453,151.9941606593486,146.83455334396706,149.51170654156633,9684500
QCOM,2025-05-22,143.46620178222656,147.56468649911827,143.3201811855507,147.37971717360375,9539100
QCOM,2025-05-23,141.52891540527344,142.6095123044748,138.01454304432,139.62082890724173,8994600
QCOM,2025-05-27,144.6928253173828,145.3937538475113,142.55109100055313,143.6414325221901,9788800
QCOM,2025-05-28,143.6901092529297,145.53004290846147,143.45646146087023,144.87779286703872,7032300
QCOM,2025-05-29,144.41049194335938,146.51327743038448,143.33963969216796,145.8902315291829,5980700
QCOM,2025-05-30,141.35366821289062,144.09897391566986,139.67922959727755,144.07949955374346,13755600
QCOM,2025-06-02,142.7458038330078,143.31044152544112,140.6527480129312,140.96427840375785,6419500
QCOM,2025-06-03,144.99461364746094,145.81235866210633,141.65546588911172,142.82369002956173,6164100
QCOM,2025-06-04,145.1016845703125,146.0751946783259,143.4759244724804,146.02651620200814,7143800
QCOM,2025-06-05,144.51406860351562,146.98205502488273,143.9656304973935,145.72847794122714,5605500
QCOM,2025-06-06,146.15940856933594,147.48153304117062,145.97332813888502,146.70784671562163,5794700
QCOM,2025-06-09,152.2020263671875,152.89736216037895,148.04954317652584,148.67633168230338,10589400
QCOM,2025-06-10,155.84524536132812,156.21739124440217,151.86905422030858,152.96593041264023,9068400
QCOM,2025-06-11,156.18801879882812,158.79311481784407,154.44476265228496,156.69728917290914,8859900
QCOM,2025-06-12,155.4241180419922,156.315337445383,154.6895995116011,155.71792844291218,5689400
QCOM,2025-06-13,151.5262908935547,153.925715320511,151.2520718129779,153.11284628029446,8446400
QCOM,2025-06-16,153.63189697265625,155.17928452974687,152.42729072052418,153.78859785171264,8686300
QCOM,2025-06-17,151.2716522216797,154.32724458077385,151.20308998458353,153.416433816002,7146900
QCOM,2025-06-18,150.45877075195312,152.87778615006036,149.9886681635593,151.80048639809556,6708700
QCOM,2025-06-20,148.1964569091797,151.91800528321264,147.5206975110454,151.046377277574,15501900
QCOM,2025-06-23,149.9788818359375,150.35104265377453,146.590296618758,148.1083044904535,6860700
QCOM,2025-06-24,152.495849609375,153.0736672764077,150.968038487862,151.53606795410056,7692700
QCOM,2025-06-25,152.71128845214844,153.29890924000765,151.39895229558925,152.87779246563522,5280100
QCOM,2025-06-26,154.92465209960938,155.14990026651918,152.69171694429866,153.26953460645848,6278200
QCOM,2025-06-27,155.26742553710938,157.77459480877476,154.31746193491773,155.37515552512554,22100300
QCOM,2025-06-30,155.97256469726562,156.56018553129329,154.54271024832016,155.12052793736225,7988200
QCOM,2025-07-01,156.1096649169922,158.31322049737278,154.7189782995212,154.9540296078695,8942300
QCOM,2025-07-02,158.9694061279297,159.42969066392476,155.52206160161265,156.38388652532845,8916400
QCOM,2025-07-03,158.86166381835938,160.57554027588597,158.74413069947644,159.6745177876561,4280800
QCOM,2025-07-07,154.8267059326172,158.15653216986124,154.31745052131402,157.78437133990954,7187400
QCOM,2025-07-08,156.15863037109375,158.48950719699394,155.3359732362409,156.17822171539515,6879100
QCOM,2025-07-09,156.0607147216797,158.14673725285502,154.98341486515292,156.109670670216,4190100
QCOM,2025-07-10,155.8060760498047,156.98130277732474,154.5329075350669,155.70814920640555,5674400
QCOM,2025-07-11,154.209716796875,155.88441060335919,153.9061032649711,155.71792153711215,5907700
QCOM,2025-07-14,151.1051483154297,153.2695362006355,150.31187067882067,153.19118576267417,7382600
QCOM,2025-07-15,151.1149444580078,153.47520085684334,150.9386522448089,153.06385734065165,6467300
QCOM,2025-07-16,150.8896942138672,151.31081098078147,148.41190472587013,151.11494236956977,7106700
QCOM,2025-07-17,149.4598388671875,150.3608465176609,148.66656120447826,149.8417879249297,7018600
QCOM,2025-07-18,151.60462951660156,152.2216149278838,149.57735117488275,149.88094978014857,7433900
QCOM,2025-07-21,155.6885528564453,156.62872823071714,151.71236150182236,151.7221497027021,7662300
QCOM,2025-07-22,154.72879028320312,155.75710432440502,152.94635138332524,155.67876882763147,6951600
QCOM,2025-07-23,156.5797576904297,156.73644360899428,153.6906397116097,155.31637753522827,7296200
QCOM,2025-07-24,155.56121826171875,155.80605775719886,153.5535314100186,155.08134241462056,5014800
QCOM,2025-07-25,155.1302947998047,155.91378415613028,154.16073998398895,155.6199737795311,4808200
QCOM,2025-07-28,157.72560119628906,158.61682051933929,155.87461526431665,156.4622210693681,9627300
QCOM,2025-07-29,158.73435974121094,160.2229882102832,157.81376075301912,158.69517704938835,9460900
QCOM,2025-07-30,155.7766876220703,159.8997915502677,154.73857048954372,159.63536069490902,14382500
QCOM,2025-07-31,143.7305908203125,153.5633546116425,142.57495542373456,149.94952079532268,24440100
QCOM,2025-08-01,145.1310577392578,146.09082435086802,142.78058968101982,143.4367726614138,12706700
QCOM,2025-08-04,144.46510314941406,147.67739641513657,144.0341981525444,145.4444612168616,8150200
QCOM,2025-08-05,143.68162536621094,145.58156742082272,142.6630846308093,145.45426103676087,7794500
QCOM,2025-08-06,142.82957458496094,143.68162625120848,141.1352893408382,143.62285221533583,8475700
QCOM,2025-08-07,142.88832092285156,145.2583803455069,141.82082432896033,145.2583803455069,6753500
QCOM,2025-08-08,144.51406860351562,144.96457987286885,142.6826738683255,143.32905375503412,5028700
QCOM,2025-08-11,144.91561889648438,147.94183183153325,144.66099117088464,145.5032397325682,6215900
QCOM,2025-08-12,150.5567169189453,150.72320600311858,145.50324046714985,145.71868550139507,9304100
QCOM,2025-08-13,153.35768127441406,153.86695167062328,150.45878966729407,150.79176783473835,7103300
QCOM,2025-08-14,154.8267059326172,155.37514403329286,151.70255145503523,151.70255145503523,6294800
QCOM,2025-08-15,154.5916748046875,155.972558303555,153.45561587550725,154.77774028214435,7583700
QCOM,2025-08-18,155.61997985839844,156.45244013397775,153.99425693950286,154.52310368298606,4774400
QCOM,2025-08-19,153.02468872070312,156.13904001251458,152.82882010790408,155.78648547576665,6396500
QCOM,2025-08-20,152.23141479492188,153.40664144386224,150.29229007697938,153.16180193600727,7151700
QCOM,2025-08-21,150.94845581054688,151.99636111703765,149.89074735985153,151.62421523269813,4997300
QCOM,2025-08-22,154.74835205078125,156.58954987102464,151.36956994280766,151.63400078682108,7711500
QCOM,2025-08-25,153.19117736816406,154.7875356985369,152.19222801866925,154.35661578527183,4653000
QCOM,2025-08-26,155.88442993164062,156.6581312138104,154.16076502281948,154.40560455244957,9173000
QCOM,2025-08-27,156.47203063964844,156.6678992493771,154.54269419899632,155.09113228376336,4549900
QCOM,2025-08-28,157.48077392578125,157.89210250437355,155.74730603157127,156.60914587842234,8156300
QCOM,2025-08-29,157.41221618652344,158.2642678572016,156.10966817853776,156.2369895078637,9949100
QCOM,2025-09-02,155.50247192382812,155.6591728002997,151.4087623967801,154.5622965526348,7520300
QCOM,2025-09-03,154.03341674804688,156.27615481578758,152.838598856896,156.1096508141966,6336400
QCOM,2025-09-04,157.30340576171875,157.4511394651099,152.14235964291439,153.8462868137564,7781200
QCOM,2025-09-05,157.4314422607422,161.026451136774,156.751837143107,157.6678312234862,7954200
QCOM,2025-09-08,157.82542419433594,157.8746587447564,155.6290161950222,157.8746587447564,7019700
QCOM,2025-09-09,156.2692108154297,159.16491137454742,155.19563925623177,157.95343499933472,6126000
QCOM,2025-09-10,156.55484008789062,156.81093186555808,154.2501042620447,156.22981092852362,8256900
QCOM,2025-09-11,159.07627868652344,159.62785294220978,155.57978393886154,156.79124545698423,8360200
QCOM,2025-09-12,159.39146423339844,159.88392997655464,157.17536838919554,158.89899849024223,5430600
QCOM,2025-09-15,158.7906494140625,160.2286409134762,157.79587406093765,158.96792986103355,5604800
QCOM,2025-09-16,161.66664123535156,162.5136828501492,159.0664229109036,159.38160817634488,7997500
QCOM,2025-09-17,162.769775390625,163.8630499642418,160.7703656342866,162.1985133132623,6057800
QCOM,2025-09-18,165.59652709960938,166.3155228396159,163.72514835439344,164.36536280493877,10421200
QCOM,2025-09-19,164.3358154296875,167.02467403078552,163.7842412035614,166.62084853676606,19444400
QCOM,2025-09-22,167.16256713867188,167.6550328643859,163.41982461747318,164.33581868230908,6196600
QCOM,2025-09-23,166.97543334960938,168.27555012288337,165.76397183186717,167.26107189625068,5468400
QCOM,2025-09-24,170.93484497070312,171.8114333027022,166.12837499990712,166.5026537356574,9213700
QCOM,2025-09-25,167.12315368652344,169.37865502148463,165.40938265926897,168.63011256362665,8093700
QCOM,2025-09-26,166.650390625,168.35431774659537,165.5965218372597,167.1231534910489,4846000
QCOM,2025-09-29,162.8091583251953,167.2807401284085,162.2772869696962,166.65038465331102,7523100
QCOM,2025-09-30,163.8531951904297,164.32595807421473,162.39550086525685,163.14404335032157,5593300
QCOM,2025-10-01,163.9812469482422,164.2570265593791,162.0113839950576,163.30164182477563,6153000
QCOM,2025-10-02,166.30567932128906,166.98526938927986,164.66083059439728,165.2222487279222,5499500
QCOM,2025-10-03,166.6306915283203,169.1619725083834,166.1973343248855,166.30567738295943,5137900
QCOM,2025-10-06,166.07913208007812,168.305086719127,165.19269980909144,167.97019861268103,8265800
QCOM,2025-10-07,162.9667510986328,169.38849281047956,162.65156584636892,167.33983375734428,7147500
QCOM,2025-10-08,165.24195861816406,166.01020397030388,161.42041966628588,163.7350146559774,7302200
QCOM,2025-10-09,163.1637420654297,165.08435532184563,160.77035090831077,164.84796637149415,6928400
QCOM,2025-10-10,151.27561950683594,162.60233130974152,151.0392455746379,162.33641063601874,15818600
QCOM,2025-10-13,159.3422088623047,159.9430176482744,153.43262015920368,153.6000567023282,10311000
QCOM,2025-10-14,159.30282592773438,161.79470141584758,156.86018499144112,156.89959066753144,8675200
QCOM,2025-10-15,160.51429748535156,161.7651647742423,157.89437592964313,161.7651647742423,7334100
QCOM,2025-10-16,161.6075439453125,162.70081838713884,159.76572705900136,162.01136942131598,5686700
QCOM,2025-10-17,160.98704528808594,161.3219183799656,159.23386847899647,160.40593932943682,4833100
QCOM,2025-10-20,164.52293395996094,165.12374271335028,159.6179798104518,160.8786907964392,8194100
QCOM,2025-10-21,166.28599548339844,166.6898210260524,163.69562069620684,164.286585638084,6176100
QCOM,2025-10-22,166.7193603515625,167.22167000960232,163.51833295470354,164.96618347189948,10083800
QCOM,2025-10-23,167.4678955078125,168.6695130953849,165.35029887319604,165.79351502592257,6546400
QCOM,2025-10-24,166.39431762695312,169.8218747836982,165.9313986541074,169.1028790503071,6256000
QCOM,2025-10-27,184.85194396972656,202.84664738989258,166.276149577516,166.40418045792072,81799300
QCOM,2025-10-28,178.30213928222656,183.10860956991618,176.7065551416475,181.1584344771404,20323100
QCOM,2025-10-29,175.9777069091797,180.72508388849448,175.51478790816395,179.25753056305504,11614600
QCOM,2025-10-30,174.5889434814453,177.16947410102927,174.52000609492757,175.98754433750136,7862900
QCOM,2025-10-31,178.17408752441406,179.4052517970506,174.16542446771712,175.82996096893942,9452800
QCOM,2025-11-03,177.996826171875,180.68568502359275,176.3913829789494,180.19321926172478,8535100
QCOM,2025-11-04,170.2355499267578,176.63760441627963,169.69383461802602,174.80563129966202,12323600
QCOM,2025-11-05,177.0118865966797,180.66597396736955,171.69326262197018,172.12661984845818,18845500
QCOM,2025-11-06,170.5901336669922,175.82011755413166,167.49744934232402,175.12082460171666,16184700
QCOM,2025-11-07,168.31494140625,171.62431180753836,165.71472287872786,170.1272117374917,10614700
QCOM,2025-11-10,168.9846954345703,172.16601979764332,166.945880127129,171.1416826774562,10129300
QCOM,2025-11-11,171.35836791992188,173.32823080218424,168.42327643343208,168.42327643343208,8419100
QCOM,2025-11-12,174.00784301757812,174.74654162863706,172.24482227854998,172.36300924708365,8785800
QCOM,2025-11-13,171.87054443359375,176.13529957457843,170.42269394579836,173.96845330955477,9526100
QCOM,2025-11-14,171.35836791992188,173.04260729695508,168.8172429983401,169.1915217552055,7949900
QCOM,2025-11-17,164.23731994628906,172.205411801824,162.68112644558352,170.1961582484634,10211100
QCOM,2025-11-18,162.57278442382812,164.27671164197506,158.9580877681833,162.40534787904943,11073200
QCOM,2025-11-19,163.60696411132812,164.98586213273916,161.63710120710596,162.20836325279373,8176500
QCOM,2025-11-20,157.1852264404297,166.33524918794177,156.45638669343407,164.61161893176737,12075400
QCOM,2025-11-21,160.8393096923828,162.77962586206846,156.70260058496606,158.3277314750315,10815000
QCOM,2025-11-24,162.57278442382812,164.424460378329,161.25297987402328,161.89317931163956,12070100
QCOM,2025-11-25,160.8393096923828,162.48414341963985,159.4308498959796,161.51891480131025,7758100
QCOM,2025-11-26,162.6515655517578,163.74483997167042,160.69154671854943,161.64693134806134,7967700
QCOM,2025-11-28,165.55712890625,165.65562806581846,161.65680866067075,162.5432409813401,5068800
QCOM,2025-12-01,165.50787353515625,166.4829610768625,163.00615427558932,163.40997977528332,6818300
QCOM,2025-12-02,168.1278076171875,168.59072663433417,165.11391956775591,166.20719415714407,9159100
QCOM,2025-12-03,172.4319610595703,172.45164886834903,167.78308328131013,168.32478357109648,7624300
QCOM,2025-12-04,172.60025024414062,173.1744161403658,171.49148015866777,172.58044673217137,7245000
QCOM,2025-12-05,173.0556182861328,175.47113305653772,172.7487318384532,172.98632865552116,8400100
QCOM,2025-12-08,173.55059814453125,173.73869373413933,171.97655890357865,172.98632648135987,6690200
QCOM,2025-12-09,174.2336883544922,174.580181845186,170.5906275759758,172.74874214692548,7719100
QCOM,2025-12-10,180.38137817382812,181.59902987409848,173.49122089987577,174.04559841851415,11100100
QCOM,2025-12-11,179.4508056640625,179.81708756567966,176.30271181275424,179.54979301565012,6319200
QCOM,2025-12-12,176.5006866455078,181.27232069339107,176.08490355054894,179.4309869267716,8865800
QCOM,2025-12-15,177.46096801757812,178.5004333957791,174.6197757420624,177.91635817287764,6954700
QCOM,2025-12-16,174.35247802734375,177.39167516213516,173.05562743182438,177.39167516213516,7136000
QCOM,2025-12-17,170.61041259765625,175.69882756373465,170.32332964971033,174.35247575802717,8501900
QCOM,2025-12-18,172.44186401367188,175.30285990760666,171.78848402541294,173.9466138063018,8967500
QCOM,2025-12-19,173.4912109375,175.41174373511072,172.45174559691495,172.68934242225407,25223500
QCOM,2025-12-22,172.47154235839844,176.53040110824074,172.15474660367866,175.7780187436078,6422100
QCOM,2025-12-23,172.9962158203125,173.51100135019027,171.7686549738817,171.8676574200456,4690400
QCOM,2025-12-24,173.0160369873047,173.7288123765979,172.6695434960232,173.28331642904914,1645300
QCOM,2025-12-26,173.0556182861328,173.73869591775667,172.60024326881893,173.24371387810496,2442800
QCOM,2025-12-29,171.68946838378906,173.43181488538488,171.0558919574779,172.2636493803919,3978400
QCOM,2025-12-30,171.90725708007812,172.6497301428006,171.60037063105733,172.31314597972315,3429300
QCOM,2025-12-31,169.33335876464844,172.03595647122344,169.29375174231558,171.86766439044143,4682600
QCOM,2026-01-02,171.24398803710938,172.92692400807817,170.47181723742187,172.05576586048286,6532200
QCOM,2026-01-05,174.5405731201172,177.05509046626668,172.26365260289913,173.6991126740859,8972200
QCOM,2026-01-06,180.6189422607422,182.59887040852922,174.84744989726462,175.43154018115806,11033900
QCOM,2026-01-07,178.3816375732422,182.2227032006947,175.33254626457884,180.55955562067209,9853000
QCOM,2026-01-08,180.04476928710938,182.4602841516691,174.43167455134326,177.0055873001225,8353500
QCOM,2026-01-09,175.99581909179688,177.63916314745194,173.04573025976023,176.33240326541676,9662200
QCOM,2026-01-12,167.5712432861328,174.1149072102845,167.54154556877614,174.1149072102845,13657600
QCOM,2026-01-13,163.63116455078125,166.66046748009944,163.31438388383168,165.30420634891513,9993300
QCOM,2026-01-14,162.88868713378906,163.08669203924325,160.72067843333895,162.0472267082226,7959900
QCOM,2026-01-15,159.7703094482422,164.82902672864478,159.41392175919734,164.77952550128919,9241600
QCOM,2026-01-16,157.82008361816406,160.07720068083407,157.61219960499022,159.77031420999842,11990800
QCOM,2026-01-20,152.52377319335938,156.13713604634484,151.7119953963165,153.39493131269805,11971400
QCOM,2026-01-21,154.80068969726562,155.94905173955712,153.0682524303386,154.76109777765228,9181900
QCOM,2026-01-22,156.21633911132812,157.82997033395156,155.23626920732775,156.87961325036346,7450300
QCOM,2026-01-23,154.2562255859375,156.39453673177326,153.29595912408269,155.46396798682906,7106700
QCOM,2026-01-26,152.96925354003906,154.6323859401253,152.7514602344583,153.24644227338678,8004200
QCOM,2026-01-27,151.5041046142578,155.16698399925636,151.1279285147023,154.76109507844134,8354600
QCOM,2026-01-28,151.16751098632812,152.4544673028726,148.8905905963884,150.47453915608202,8539000
QCOM,2026-01-29,150.6923370361328,151.69219534258553,148.22732098049855,151.55360097232818,9142900
QCOM,2026-01-30,150.0686492919922,151.53380698723026,148.3263179720977,148.45501813461735,9577200
QCOM,2026-02-02,151.08831787109375,152.0980854944587,149.30639455482492,149.45488312929615,9099100
QCOM,2026-02-03,145.70291137695312,149.20739280759585,142.8518249940369,149.20739280759585,11966400
QCOM,2026-02-04,147.395751953125,151.92978927331004,146.68297660375467,147.21756566860898,19249300
QCOM,2026-02-05,134.93211364746094,137.93170374640246,131.39793446031277,131.5860300615094,30229600
QCOM,2026-02-06,135.961669921875,137.7535025793878,133.92234623198408,135.49638557255187,15036800
QCOM,2026-02-09,137.53570556640625,138.53557897796233,135.1301000470515,135.72408455105816,11022700
QCOM,2026-02-10,138.68406677246094,139.00086253432667,135.41718223007393,136.76353400669663,9762900
QCOM,2026-02-11,139.62452697753906,140.9609845257024,137.7139035568517,138.6246686963437,9379300
QCOM,2026-02-12,137.08033752441406,140.07992770064695,135.3677037686819,139.44635124672178,12416600
QCOM,2026-02-13,139.28794860839844,140.06011941324417,135.36769915389758,135.74387524750597,13134400
QCOM,2026-02-17,141.19857788085938,142.05984177418318,138.60486178707575,139.58493163874445,10670700
QCOM,2026-02-18,141.80245971679688,143.0300055037005,139.3077460151219,142.05984493858082,9944500
QCOM,2026-02-19,139.85223388671875,140.89169922214117,138.49597278575087,140.45611259734295,8219400
QCOM,2026-02-20,141.44607543945312,142.62413513533804,138.69397644995124,138.90186045178189,10265100
QCOM,2026-02-23,139.00086975097656,142.61423285164284,138.23859312685792,140.5452114061178,8260100
QCOM,2026-02-24,143.32701110839844,144.901050510972,140.6343073615994,141.1292894458543,11085700
QCOM,2026-02-25,144.35658264160156,144.56446665831004,142.57464411297104,144.13878931556593,7358300
QCOM,2026-02-26,144.12887573242188,145.46533336567876,143.06962195598052,144.4555657117881,8642100
QCOM,2026-02-27,140.93128967285156,142.46573704672437,139.93143137135803,141.4262717221232,12439900
QCOM,2026-03-02,139.61463928222656,140.58479989473997,135.5161884106574,136.44675710467496,8963900
QCOM,2026-03-03,136.74375915527344,137.80301298949504,134.93212286486894,136.88235353841424,10372400
QCOM,2026-03-04,138.10989379882812,138.48608501146342,136.0408723406424,136.83284668561737,9309800
QCOM,2026-03-05,136.49586486816406,139.14608019963927,135.3002836908686,137.08369012662706,8981000
QCOM,2026-03-06,135.190673828125,136.67518101478723,132.9290229941276,133.6762630526933,9197000
QCOM,2026-03-09,137.60177612304688,138.07004780839145,131.97257337303,132.99878190832413,12304600
QCOM,2026-03-10,134.70248413085938,136.24678343703553,131.67367749900723,134.20432404516637,10447300
QCOM,2026-03-11,133.62644958496094,137.69143749752098,133.46704991981943,135.94787728810286,7830500
QCOM,2026-03-12,130.66737365722656,134.37368560638774,130.12936749805584,132.97884356213916,9162800
QCOM,2026-03-13,129.34228515625,132.9290284633554,128.7444870037465,130.66737753630468,7786700
QCOM,2026-03-16,128.9138641357422,131.38473386126418,128.46552310690814,130.58768990006544,10132900
QCOM,2026-03-17,131.1057586669922,133.55671280881992,130.69726377624784,133.02866437059464,10544300
QCOM,2026-03-18,129.98988342285156,132.25153428500968,129.45186206050795,130.24892117343006,9894300
QCOM,2026-03-19,130.79690551757812,132.19174761924128,128.42565874211203,128.66478104638517,9846700
QCOM,2026-03-20,129.42198181152344,132.26150032902132,129.3024282579914,130.8267968760809,78568000
QCOM,2026-03-23,127.87769317626953,133.4770073723921,126.94114983329418,132.66001757868563,11431600
QCOM,2026-03-24,128.19650268554688,128.70462045266896,126.8415067705834,127.86771523530156,8409200
QCOM,2026-03-25,129.87033081054688,131.44450318652213,129.47179364990146,129.68102755957008,6669400
QCOM,2026-03-26,130.0596160888672,131.85299526698057,127.83782657515228,128.31605595510322,11912500
QCOM,2026-03-27,126.64225006103516,129.56146069231158,126.2138321087662,129.41201875654735,8964900
QCOM,2026-03-30,126.60240173339844,128.1267779549537,125.87508467600334,126.98100065564877,11555900
QCOM,2026-03-31,128.3061065673828,128.81422436644425,125.31714614378613,127.92750004888279,12219800
QCOM,2026-04-01,126.8116226196289,129.7507639090488,126.51273114686644,127.52897431636956,10210700
QCOM,2026-04-02,126.3333969116211,126.53265789928116,123.55366280624233,124.76917459439929,8575300
QCOM,2026-04-06,125.267333984375,126.96107517424295,123.25476305387186,126.09427391985957,8038600
QCOM,2026-04-07,123.61344146728516,124.94851442918865,121.54109371821322,124.60976162341748,8840400
QCOM,2026-04-08,127.04077911376953,128.41569812648962,125.15773471754281,128.17657582759284,12535800
QCOM,2026-04-09,127.27989959716797,128.1168048773927,126.33339849196342,126.79170485037022,9352700
QCOM,2026-04-10,127.58875274658203,130.12937210529233,127.37952643253708,128.32603511186727,8427400
QCOM,2026-04-13,130.75706481933594,130.82679932598913,125.99464801304696,127.52898198976973,8615000
QCOM,2026-04-14,132.35116577148438,132.45080386806254,130.56775938279245,131.7135214802458,7608300
QCOM,2026-04-15,132.56039428710938,133.84564054577325,131.7932235421341,132.94895852369507,9691500
QCOM,2026-04-16,133.9751739501953,135.20064349774574,131.30502799970446,131.30502799970446,8163700
QCOM,2026-04-17,135.69879150390625,136.4659622202573,133.91538525448738,136.1869938147911,9667600
QCOM,2026-04-20,137.01394653320312,137.99033598960378,135.57924313453526,135.90803059694986,7953800
QCOM,2026-04-21,135.0611572265625,137.75121859352407,134.55303942254233,137.61173438050054,11874600
QCOM,2026-04-22,135.5692901611328,136.98406295037304,135.05119942618995,136.13718474148408,9432700
QCOM,2026-04-23,133.4570770263672,136.48589870448353,131.5640748795234,135.49953631278615,10164900
QCOM,2026-04-24,148.30226135253906,150.98234980288177,143.0516498718786,145.0741785730414,29449600
QCOM,2026-04-27,149.70706176757812,160.40754575885163,146.50888256747893,155.7348017760628,41744000
QCOM,2026-04-28,149.44801330566406,150.9424934387207,143.4700927734375,144.54612029355485,22921300
QCOM,2026-04-29,155.42593383789062,156.7111800631586,150.4443333943685,150.8926743937579,37571200
QCOM,2026-04-30,178.91917419433594,186.20227205161655,162.95812114949305,171.41688468804875,61132700
QCOM,2026-05-01,176.35862731933594,179.3276723634285,170.5201905315637,178.4708364115493,21111500
QCOM,2026-05-04,167.76039123535156,179.82582882496823,166.2160919668021,176.5678576871772,23117400
QCOM,2026-05-05,185.863525390625,186.5310580609455,164.18358938734664,167.0330655994258,34274900
QCOM,2026-05-06,191.8613739013672,196.77322482375178,187.52737527356075,194.4617548348847,30145000
QCOM,2026-05-07,201.8046417236328,222.83695989579832,186.94950520526325,189.96835392837485,51092200
QCOM,2026-05-08,218.2837677001953,227.21080251152287,207.86226793712547,212.21618192204332,37850000
QCOM,2026-05-11,236.65591430664062,246.98774897352695,230.34920619149906,231.15622304747632,45474000
QCOM,2026-05-12,209.5360870361328,229.15363310240912,201.2566690725506,228.994218230748,38590100
QCOM,2026-05-13,212.38555908203125,218.68230956515,206.3877076767433,215.83283340142145,26226300
QCOM,2026-05-14,199.34373474121094,208.75895699089037,198.92528210818506,207.74270619489104,24883900
QCOM,2026-05-15,200.74855041503906,206.6367908864827,198.42712266529153,200.90795008338074,25876800
QCOM,2026-05-18,202.890625,210.024280580248,192.86764720448292,206.00911178467027,21082500
QCOM,2026-05-19,194.8901824951172,200.7585074905825,190.3170767175382,196.1355826656543,19605200
QCOM,2026-05-20,201.76478576660156,202.8408133404551,193.28610686125623,196.27506727663646,19037500
QCOM,2026-05-21,212.6246795654297,213.2224625133376,196.87286096676354,202.0337918694362,28163700
QCOM,2026-05-22,237.28359985351562,242.10578551304346,213.38187506180898,213.64091281615708,30375700
QCOM,2026-05-26,247.90438842773438,257.0506001593949,234.93229574434687,239.83418908586052,30646400
QCOM,2026-05-27,232.54110717773438,247.35639752477528,223.35503456372535,244.52683686342237,25694700
QCOM,2026-05-28,242.39471435546875,248.54202285009364,230.66803753493625,235.13154739830082,21118400
QCOM,2026-05-29,250.09628295898438,258.9635412258548,246.59918957761496,249.26933542786006,28781800
QCOM,2026-06-01,228.14735412597656,237.14412376585886,225.97536831736144,232.47137988104706,21185200
QCOM,2026-06-02,239.9537353515625,244.28773397808735,225.2181673861275,231.1462690917016,18508500
QCOM,2026-06-03,249.08999633789062,254.1513045467482,232.16252664369185,234.15516695256622,19467000
QCOM,2026-06-04,242.57000732421875,246.6999969482422,235.32000732421875,239.4499969482422,14185600
QCOM,2026-06-05,215.94000244140625,238.44000244140625,215.0,237.64999389648438,24189200
QCOM,2026-06-08,217.77000427246094,221.92999267578125,214.6300048828125,221.02999877929688,17180600
QCOM,2026-06-09,205.4199981689453,219.63999938964844,192.6699981689453,216.4600067138672,29906300
QCOM,2026-06-10,191.1999969482422,204.89999389648438,190.10000610351562,199.4600067138672,18426600
QCOM,2026-06-11,202.9600067138672,203.83999633789062,190.75,190.9199981689453,18933100
QCOM,2026-06-12,211.72000122070312,215.00999450683594,200.10000610351562,201.85000610351562,14123700
QCOM,2026-06-15,220.80999755859375,226.4600067138672,216.27999877929688,219.77000427246094,13993800
QCOM,2026-06-16,214.07000732421875,231.19000244140625,213.8000030517578,225.8300018310547,19629600
QCOM,2026-06-17,212.97000122070312,221.32000732421875,212.67999267578125,219.0399932861328,11955800
QCOM,2026-06-18,226.11000061035156,229.4199981689453,214.72999572753906,220.7100067138672,47081500
QCOM,2026-06-22,221.89999389648438,233.44000244140625,215.5,222.92999267578125,18203400
QCOM,2026-06-23,204.1300048828125,209.17999267578125,198.44000244140625,207.33999633789062,23781900
QCOM,2026-06-24,197.41000366210938,202.97000122070312,191.02000427246094,202.57000732421875,25519600
QCOM,2026-06-25,204.89999389648438,219.42999267578125,199.82000732421875,219.42999267578125,34793200
QCOM,2026-06-26,189.38999938964844,208.86000061035156,186.17999267578125,201.6999969482422,37128900
QCOM,2026-06-29,188.72000122070312,194.58999633789062,183.5800018310547,193.02999877929688,21599500
QCOM,2026-06-30,184.7899932861328,193.5,183.5,188.99000549316406,22056100
QCOM,2026-07-01,181.9199981689453,190.99000549316406,181.60000610351562,183.58999633789062,23313200
QCOM,2026-07-02,176.25,185.8000030517578,172.1199951171875,182.1699981689453,18661200
QCOM,2026-07-06,186.47999572753906,188.6699981689453,177.10000610351562,178.1300048828125,15510500
QCOM,2026-07-07,182.97000122070312,185.8800048828125,179.0,179.0,16253600
QCOM,2026-07-08,186.55999755859375,187.1199951171875,180.50999450683594,180.52000427246094,10306800
QCOM,2026-07-09,191.11000061035156,196.08999633789062,187.44000244140625,192.47000122070312,12895200
QCOM,2026-07-10,189.16000366210938,190.19000244140625,185.72000122070312,187.50999450683594,7064000
QCOM,2026-07-13,183.97999572753906,188.16000366210938,181.80999755859375,185.05999755859375,13007300
QCOM,2026-07-14,178.10000610351562,189.99000549316406,177.4499969482422,189.3300018310547,13090400
QCOM,2026-07-15,177.97999572753906,180.7100067138672,174.75999450683594,180.0,9440900
QCOM,2026-07-16,170.61000061035156,173.9600067138672,168.99000549316406,173.0800018310547,15951600
QCOM,2026-07-17,171.77999877929688,172.38999938964844,164.77000427246094,166.63999938964844,16291100
QCOM,2026-07-20,170.32000732421875,176.25,169.89999389648438,175.5500030517578,9649600
QCOM,2026-07-21,173.5,175.49000549316406,170.13999938964844,175.49000549316406,13243200
QCOM,2026-07-22,175.6300048828125,178.64999389648438,170.60000610351562,170.7100067138672,7777600
QCOM,2026-07-23,171.11000061035156,173.9499969482422,168.30999755859375,171.17999267578125,10827500
QCOM,2026-07-24,166.97000122070312,171.10000610351562,165.77000427246094,169.69000244140625,9998000
QCOM,2026-07-27,170.0399932861328,171.19000244140625,165.2899932861328,169.77000427246094,12487100
QCOM,2026-07-28,162.8800048828125,167.9199981689453,162.16000366210938,164.89999389648438,16147500
QCOM,2026-07-29,155.67999267578125,164.55999755859375,155.0,162.5800018310547,19240700
QCOM,2026-07-30,151.60000610351562,154.16000366210938,146.0,146.5500030517578,24336800
QCOM,2026-07-31,147.61000061035156,153.72999572753906,146.14999389648438,152.9600067138672,13811200
QCOM,2026-08-03,151.57000732421875,151.67999267578125,142.88999938964844,146.1999969482422,13700700
QCOM,2026-08-04,162.6699981689453,163.47999572753906,155.30999755859375,156.97999572753906,16351500
QCOM,2026-08-05,157.52999877929688,162.8000030517578,157.10000610351562,161.3000030517578,9725700
QCOM,2026-08-06,160.38999938964844,162.60000610351562,155.22000122070312,155.4199981689453,7232800
QCOM,2026-08-07,167.86000061035156,167.99000549316406,162.3000030517578,163.07000732421875,9723300
QCOM,2026-08-10,162.1699981689453,168.8699951171875,162.0800018310547,168.16000366210938,9260000
QCOM,2026-08-11,162.67999267578125,164.61000061035156,161.42999267578125,163.75,6326700
QCOM,2026-08-12,163.07000732421875,166.94000244140625,161.07000732421875,166.88999938964844,7731700
QCOM,2026-08-13,164.7899932861328,166.77000427246094,162.50999450683594,163.33999633789062,7716600
QCOM,2026-08-14,165.7899932861328,166.97000122070312,163.17999267578125,165.6300048828125,5807700
QCOM,2026-08-17,162.17999267578125,166.33999633789062,161.4499969482422,166.25,8967700
QCOM,2026-08-18,160.19000244140625,161.80999755859375,156.72999572753906,157.88999938964844,11069500
QCOM,2026-08-19,161.91000366210938,166.5,160.19000244140625,163.02999877929688,8099500
QCOM,2026-08-20,160.74000549316406,165.11000061035156,159.41000366210938,163.14999389648438,8509900
QCOM,2026-08-21,160.75,163.3300018310547,159.1699981689453,162.9199981689453,8515558
