symbol,date,close,high,low,open,volume
RTX,2018-01-02,66.36859130859375,66.74144408386093,65.85590775603198,66.23394619205637,4918591
RTX,2018-01-03,67.34219360351562,67.42505121434401,66.96934063283084,67.05737135104842,7958983
RTX,2018-01-04,67.55449676513672,67.77199949787095,67.42503100227208,67.74610257847338,5820666
RTX,2018-01-05,68.1344985961914,68.54360085659046,67.55967488886223,67.89110522664056,5835444
RTX,2018-01-08,68.78181457519531,70.31985298718799,68.4607430062299,70.00914018574815,10526807
RTX,2018-01-09,69.53272247314453,69.6311119450286,68.89057924048831,69.04075627959871,6724489
RTX,2018-01-10,69.85897064208984,70.16450409245192,69.26342933823307,69.45504144579057,5216528
RTX,2018-01-11,69.90559387207031,70.56326909518796,69.78130745583422,69.78130745583422,7633874
RTX,2018-01-12,70.72895812988281,70.72895812988281,70.02984808215129,70.22663326548921,8285523
RTX,2018-01-16,69.37734985351562,71.32449035699403,69.32556229837896,71.32449035699403,8288065
RTX,2018-01-17,69.61039733886719,69.88486075930261,68.84914713281209,69.73468372741104,6219028
RTX,2018-01-18,69.70878601074219,70.25253973917324,69.57932651743899,69.67771598347107,5098465
RTX,2018-01-19,70.37682342529297,70.37682342529297,69.6466432832175,69.94182422606794,5140892
RTX,2018-01-22,70.01951599121094,70.15415488964156,69.18576056334193,69.89522958478405,6520938
RTX,2018-01-23,70.44413757324219,70.67717216840018,69.65181743848872,70.33538935110995,9101156
RTX,2018-01-24,70.26287841796875,71.66109202580462,69.40323272231575,69.92108938158682,8806238
RTX,2018-01-25,71.3348617553711,71.61450455776273,70.43378701541947,70.8584337422625,7217874
RTX,2018-01-26,71.45396423339844,71.72324825026634,70.78075105220815,71.55235369350507,5090520
RTX,2018-01-29,70.77558135986328,72.10647603080878,70.69272376209007,71.49022343212576,5530356
RTX,2018-01-30,70.68755340576172,70.9671962644521,70.07130072837028,70.42862181013894,5675590
RTX,2018-01-31,71.4695053100586,71.63003482753487,70.71342823345701,71.00860918193958,9389719
RTX,2018-02-01,71.63003540039062,71.98218329895501,70.69789692454299,70.94129031182536,6674277
RTX,2018-02-02,69.70878601074219,71.43325099980723,69.60003777627256,71.17432573515934,7443988
RTX,2018-02-05,65.89215087890625,69.46536586803691,65.1982266655842,69.12358314359996,10984757
RTX,2018-02-06,67.2230453491211,67.2230453491211,63.82590422253499,64.29715267135813,13781079
RTX,2018-02-07,68.34162902832031,69.05109780460863,66.83466707293735,67.00556160747777,12563270
RTX,2018-02-08,66.01644897460938,68.54359243353647,65.95948831607899,68.27948783934974,11691068
RTX,2018-02-09,64.74769592285156,67.34215860311797,63.2873359995406,66.88126887571536,19253277
RTX,2018-02-12,65.96466827392578,66.55502378715957,63.69645000627771,63.73269941057836,15172249
RTX,2018-02-13,65.13087463378906,65.74712669863605,64.71659328184134,65.43641411516613,8052258
RTX,2018-02-14,65.61251068115234,65.6642982273241,64.1884065247631,64.72180129962608,11043073
RTX,2018-02-15,67.69546508789062,67.71629140631123,66.54463896812092,66.6487894989797,7240596
RTX,2018-02-16,67.31010437011719,68.22139291942956,67.1330586047679,67.66420852665034,7602888
RTX,2018-02-20,65.85205078125,67.3153156341224,65.55002817840379,67.04453566037793,7364856
RTX,2018-02-21,67.31010437011719,68.32553711593401,65.86246405507684,65.99264903539536,12340333
RTX,2018-02-22,69.5596694946289,70.08561117365448,68.11202941656008,68.11202941656008,12827679
RTX,2018-02-23,69.33580017089844,70.25749923215665,68.41410110964023,70.08045336858638,7316709
RTX,2018-02-26,70.54388427734375,70.63241034106181,69.65342810779204,69.68467705704715,7548386
RTX,2018-02-27,69.73151397705078,70.94482503674763,69.71589582069036,70.63238615453677,6848431
RTX,2018-02-28,70.16375732421875,72.12171563039765,69.77841040298533,69.84090199344567,14665993
RTX,2018-03-01,67.85169982910156,70.66366378791842,67.58091975123179,70.40330002806057,10061230
RTX,2018-03-02,67.6642074584961,67.85166953441171,66.80499417745821,67.28927699374766,9265618
RTX,2018-03-05,68.58592224121094,68.94522832103372,66.6644086779897,67.34136820015775,7570791
RTX,2018-03-06,68.5338363647461,68.92959317578062,67.86209141740899,68.84106713077924,4830878
RTX,2018-03-07,68.17974853515625,68.3567943383062,67.54445428112905,67.62256402341374,4718059
RTX,2018-03-08,68.35159301757812,68.78380068239623,67.50279584876746,68.60674856496972,6279092
RTX,2018-03-09,69.81485748291016,69.87734907004298,68.48177727480054,68.638003086173,6629308
RTX,2018-03-12,68.47657775878906,70.14292334092173,68.26828298279263,70.14292334092173,5778716
RTX,2018-03-13,67.7735824584961,69.00251214536624,67.44551898132418,68.98689398302237,6134335
RTX,2018-03-14,67.47676086425781,68.210997560867,66.73211416384225,67.955835678605,5154080
RTX,2018-03-15,67.30489349365234,67.99226277450205,66.5862752764195,67.7787599404661,4779076
RTX,2018-03-16,66.82583618164062,67.61214807960665,66.53943800030031,67.28929279294219,11507220
RTX,2018-03-19,66.23741149902344,67.14348581083648,65.68022696346615,66.6540010176265,6069662
RTX,2018-03-20,66.21658325195312,67.00289523127655,66.0395374295108,66.26345036501469,4472717
RTX,2018-03-21,66.13327026367188,66.91436775519325,65.79999863373251,66.20096369615861,5542273
RTX,2018-03-22,64.60750579833984,66.1020134848114,64.52939605843872,65.64377136083638,7916239
RTX,2018-03-23,63.69101333618164,65.15948650315578,63.60248728349144,64.66999544749774,6138148
RTX,2018-03-26,65.94578552246094,66.06555419576482,64.27943409738084,64.53980407217239,18321011
RTX,2018-03-27,65.23760986328125,66.7477359802382,64.75853502270624,66.06036635834371,14319115
RTX,2018-03-28,64.80537414550781,65.62813667825301,64.56062864844651,65.57085326520821,4961017
RTX,2018-03-29,65.51879119873047,65.95099882517205,64.77413831557772,65.0397164681363,4509423
RTX,2018-04-02,64.30028533935547,65.61774112707823,63.11821642234889,65.43027898374535,10481839
RTX,2018-04-03,65.04492950439453,65.11262925000483,63.8784851090047,64.35756623494838,6045351
RTX,2018-04-04,65.49273681640625,65.55522837994366,62.83178556324037,63.07132287881401,11538047
RTX,2018-04-05,65.48755645751953,65.92497229411757,65.07096694032192,65.84686254875788,6481372
RTX,2018-04-06,63.92534255981445,65.47713362218359,63.63893808437158,64.8730820388484,7077724
RTX,2018-04-09,63.64414978027344,64.77414327218384,63.58166451190062,64.49294693866895,5649531
RTX,2018-04-10,64.02950286865234,64.73769877266793,63.70143939551068,64.59189559034685,6561299
RTX,2018-04-11,63.76394271850586,64.20656686203132,63.472336271323734,63.670214780306324,4164610
RTX,2018-04-12,64.18052673339844,64.49817395181105,63.940989279745644,64.07117432531881,5136125
RTX,2018-04-13,63.899288177490234,64.5710329740076,63.45145620883989,64.46168063804345,5512241
RTX,2018-04-16,64.47212982177734,64.58669037209023,63.967014193178414,64.51899693620523,5573259
RTX,2018-04-17,64.8470458984375,65.58649069260514,64.64916746151859,64.9459882733563,6679203
RTX,2018-04-18,64.98762512207031,65.32089661318774,64.65956178711616,65.31048030086119,6561299
RTX,2018-04-19,64.49295043945312,65.38861475420569,64.12843618637564,64.94078259682941,7665495
RTX,2018-04-20,64.09197235107422,65.02408727017807,63.789949744135164,65.02408727017807,8543894
RTX,2018-04-23,64.28987884521484,64.31591964196174,63.78997761563984,64.11283299193803,5212873
RTX,2018-04-24,63.581668853759766,66.29469631376558,62.90471560653969,65.87289862823026,12952734
RTX,2018-04-25,63.243194580078125,64.05033291397835,62.16006802763775,63.65978414367811,7501510
RTX,2018-04-26,63.95659255981445,64.69603100026323,62.91511885334019,63.26921675708226,5698154
RTX,2018-04-27,63.76911544799805,63.92012674751797,63.01405263748093,63.680589405894125,4609848
RTX,2018-04-30,62.56623077392578,63.94096979017465,62.566230773925774,63.80557662649671,7058497
RTX,2018-05-01,61.94657516479492,62.62352858108361,60.946766362423254,62.48814168557824,6588471
RTX,2018-05-02,61.707008361816406,62.38396145619758,61.54037258850702,61.94654570771925,4859321
RTX,2018-05-03,61.290443420410156,61.7278656566015,60.092756212296116,61.19671549515784,8062745
RTX,2018-05-04,62.23295211791992,62.56622367505604,60.748860895310145,61.14982587014536,10399369
RTX,2018-05-07,62.95155334472656,63.25358221963329,62.31625928295444,62.36833453302458,4596500
RTX,2018-05-08,63.42023468017578,63.44106099794134,62.84221755955354,63.008853353351604,4867902
RTX,2018-05-09,64.10760498046875,64.15967393199757,63.43065179432773,63.77433338867558,5643810
RTX,2018-05-10,64.62313842773438,64.72208081098672,64.0503293875515,64.28986679520337,3715718
RTX,2018-05-11,64.8210220336914,65.04493498402162,64.32632270394636,64.53461749083479,4318108
RTX,2018-05-14,65.08136749267578,65.42504902642916,64.7220614884674,64.77413043081596,7024016
RTX,2018-05-15,64.85747528076172,64.96162583459767,64.28987433240776,64.73249840391058,5377971
RTX,2018-05-16,64.97724151611328,65.1334610279787,64.62835169380848,65.10742654697438,5861821
RTX,2018-05-17,65.2547836303711,65.46949104788041,64.83061268437855,65.19194584153291,5290893
RTX,2018-05-18,65.55852508544922,65.67373194569365,65.02437841655711,65.24432340323084,3670749
RTX,2018-05-21,67.05621337890625,67.20283910795656,65.96697644565596,65.96697644565596,7470048
RTX,2018-05-22,66.96195220947266,67.56941165149524,66.84150782911992,67.1661845368998,6296730
RTX,2018-05-23,66.8100814819336,66.88863187998508,66.02980869256034,66.42256703135068,6370142
RTX,2018-05-24,66.7158203125,66.95147786171373,66.29688696080106,66.66345761137083,2916292
RTX,2018-05-25,66.52205657958984,66.8624458463234,66.26022405393768,66.74200148784625,2749129
RTX,2018-05-29,65.51660919189453,66.28640686498383,65.24430158161694,66.0716994912961,4411223
RTX,2018-05-30,66.08743286132812,66.3230841181716,65.59518018336998,65.6789681433856,4421551
RTX,2018-05-31,65.36475372314453,65.94078790027181,65.05578330012773,65.86747503668592,5430249
RTX,2018-06-01,65.8832015991211,66.2707161592434,65.6056563576495,65.95127693706657,4258361
RTX,2018-06-04,66.13455200195312,66.62680458776114,65.98791992510813,66.19215224584691,5114991
RTX,2018-06-05,65.95650482177734,66.4173385420659,65.53233388420608,65.99839879634904,3450196
RTX,2018-06-06,66.4120864868164,66.4120864868164,65.90412136258756,66.28116705132658,4674202
RTX,2018-06-07,66.8100814819336,66.85721299047107,66.4120919520017,66.41732949167618,3993952
RTX,2018-06-08,66.8258056640625,66.86769964017455,66.38068454857225,66.46970369284307,4388500
RTX,2018-06-11,67.1190414428711,67.34946143183753,66.7891336002859,66.79436479110856,6155945
RTX,2018-06-12,66.95149230957031,67.42803235358646,66.68965335328822,67.35471947735851,3989661
RTX,2018-06-13,66.47491455078125,67.113799017179,66.4225518630598,66.99858586771623,4458893
RTX,2018-06-14,66.47491455078125,66.89385414374183,66.13453168646583,66.68438434726154,6260819
RTX,2018-06-15,66.45922088623047,66.70010961072855,65.72084209432143,66.49063977452747,11852033
RTX,2018-06-18,66.7629623413086,66.81533139922199,66.0245833840128,66.27070970311141,6185024
RTX,2018-06-19,65.48519134521484,66.527296645153,65.31761547513847,66.527296645153,9243054
RTX,2018-06-20,65.64754486083984,65.83082704329826,65.28621168810677,65.71562019310522,6264950
RTX,2018-06-21,64.66303253173828,65.55327468913512,64.5059317214369,65.55327468913512,7310353
RTX,2018-06-22,65.39092254638672,65.53231705495504,64.99293306442964,65.20764042253761,6050912
RTX,2018-06-25,65.2547836303711,65.34380912167012,64.63685542883792,64.83061268437855,10027067
RTX,2018-06-26,65.79415893554688,66.15549204418286,65.02436120870792,65.45376963753337,8867573
RTX,2018-06-27,65.12388610839844,66.70013858120721,65.11341102490547,66.18693567247729,8265501
RTX,2018-06-28,65.24954986572266,65.46425092623271,64.66303423320005,64.95105450917569,5215893
RTX,2018-06-29,65.4747085571289,66.21308726701555,65.36473928603898,65.3856830930662,6055520
RTX,2018-07-02,65.4747085571289,65.47994609601871,64.46402226469634,64.8672492738914,6706692
RTX,2018-07-03,65.41712188720703,66.49065262450831,65.33333393653373,65.91461205076294,3918474
RTX,2018-07-05,65.43284606933594,65.94080505507178,64.74683606982782,65.94080505507178,5456944
RTX,2018-07-06,65.66848754882812,65.90413878589028,64.99295273287646,65.38046725401857,3665346
RTX,2018-07-09,66.33877563476562,66.50111396207886,65.88317954070175,65.98791128313209,5400534
RTX,2018-07-10,66.53777313232422,67.11904480185396,66.27593424265532,66.42256630634174,5083052
RTX,2018-07-11,65.39617156982422,65.88842414393929,65.05054472053777,65.88842414393929,5806047
RTX,2018-07-12,66.68963623046875,66.76294908787334,65.46947995848438,65.96173249896215,7329739
RTX,2018-07-13,67.8207778930664,67.99359133359036,66.66346556237482,66.79437867934497,7378045
RTX,2018-07-16,67.5432357788086,68.23448322398946,67.43850401073507,67.83649361736227,6454359
RTX,2018-07-17,68.44917297363281,68.60103622011052,67.64795007806133,67.64795007806133,7483713
RTX,2018-07-18,68.9623794555664,69.45986958293192,68.55915235298458,68.60628386537641,5969237
RTX,2018-07-19,68.26589965820312,68.88907174909419,68.21876814228243,68.77910244430186,4090245
RTX,2018-07-20,68.21351623535156,68.59055555115054,68.0145151511112,68.06164665271908,5109906
RTX,2018-07-23,67.74745178222656,68.1454412928593,67.48561290239665,68.01975939236486,6132904
RTX,2018-07-24,70.29774475097656,70.34487626475678,67.18713467535251,67.63225576333554,12897913
RTX,2018-07-25,70.5648193359375,70.68526371304607,69.38655691690725,69.94164728992352,8814978
RTX,2018-07-26,71.1356201171875,71.56503494648064,70.2453779131349,70.65384258073868,9750899
RTX,2018-07-27,70.4495849609375,71.48122134051329,70.35009077422544,71.48122134051329,6031844
RTX,2018-07-30,69.70075225830078,70.7166762363173,69.6483832103729,70.61193814046155,5871991
RTX,2018-07-31,71.08324432373047,71.18797606729474,70.17205212573742,70.20870855341155,8112481
RTX,2018-08-01,70.64336395263672,71.39744904567713,70.40247521815624,70.40247521815624,5982744
RTX,2018-08-02,70.23489379882812,70.52814520998383,69.84213548997467,70.1615809460392,3547919
RTX,2018-08-03,70.11445617675781,70.54910214450355,69.75835426008928,70.54910214450355,3093147
RTX,2018-08-06,70.14064025878906,70.23490328140576,69.57507482015554,70.00448326484643,3091876
RTX,2018-08-07,70.42865753173828,70.62765229996529,70.00971783624297,70.22442522375094,3491669
RTX,2018-08-08,70.5438461303711,70.6590529297264,70.22440707580776,70.43911440782938,2900720
RTX,2018-08-09,70.29774475097656,71.52313871512756,70.19825053169268,70.86854775952894,5203657
RTX,2018-08-10,69.70075225830078,70.0411351984997,69.27657503229752,69.93116591153078,3825676
RTX,2018-08-13,69.2189712524414,69.92068725552812,68.91523840823632,69.6693298051046,4015721
RTX,2018-08-14,69.34465026855469,69.64837675159819,69.11423028815956,69.48603843175569,5073359
RTX,2018-08-15,68.99378967285156,69.14565927113767,67.87313399069038,69.12470911336055,7253626
RTX,2018-08-16,70.18363189697266,70.33104084860186,69.69928090453949,69.69928090453949,6771365
RTX,2018-08-17,70.77853393554688,70.9680606100097,70.17308891563718,70.39947420417722,6773271
RTX,2018-08-20,71.14703369140625,71.29971446826532,70.7943016533704,71.05227357544493,8489074
RTX,2018-08-21,71.58930969238281,71.84727536388839,71.28395436500786,71.28395436500786,3551733
RTX,2018-08-22,70.14677429199219,71.12074171953148,70.13624325841154,71.10495155160511,5965265
RTX,2018-08-23,69.82035827636719,70.28891903003117,69.59923849933979,70.28891903003117,5603132
RTX,2018-08-24,70.20993041992188,70.26257919240113,69.81508058243493,69.81508058243493,4575684
RTX,2018-08-27,71.26287078857422,71.4418663951358,70.61531453091214,70.68375346438192,4819596
RTX,2018-08-28,70.81012725830078,71.77882916863719,70.71009520421646,71.59982712762086,3571913
RTX,2018-08-29,70.3468246459961,71.13653081534197,70.27838569978297,71.13653081534197,6034704
RTX,2018-08-30,69.80455780029297,70.28364955982708,69.60450010016247,70.18361751853993,4610801
RTX,2018-08-31,69.33599090576172,69.78875500277418,68.96219677128516,69.55710424788522,4381668
RTX,2018-09-04,69.44129943847656,69.46762702087176,68.72003856484403,69.46762702087176,4653387
RTX,2018-09-05,69.90457916259766,69.9835491273631,69.00958197362729,69.23070170443626,4185108
RTX,2018-09-06,70.29419708251953,70.85752451829755,69.89408155206561,70.15731914878026,5728345
RTX,2018-09-07,69.49922180175781,70.16257483598261,68.94116634444377,70.0888639791671,5056834
RTX,2018-09-10,70.36260223388672,70.6784820635264,69.95195590237824,69.95195590237824,6670304
RTX,2018-09-11,70.341552734375,70.54687593679051,69.5781742156274,70.35734928165441,3257450
RTX,2018-09-12,70.48896789550781,70.81011329670383,70.11517371925633,70.20993385542417,5549741
RTX,2018-09-13,71.34713745117188,71.36292762140476,70.53637539592386,70.69431539292589,4450789
RTX,2018-09-14,72.54747009277344,72.63697110925919,71.4366184264173,71.4366184264173,8720432
RTX,2018-09-17,72.52640533447266,73.07392963309492,72.35793435568318,72.5579920473848,7567136
RTX,2018-09-18,73.4845962524414,73.87945261095896,72.3684852847583,72.64224750933874,6855105
RTX,2018-09-19,73.96892547607422,74.16372403052128,73.25819572843943,73.26346124422918,6344400
RTX,2018-09-20,74.67965698242188,75.0797723332359,74.17950960268284,74.50065498642681,6158646
RTX,2018-09-21,74.80074310302734,75.89053245492791,74.64806868759165,75.64309152804249,11648482
RTX,2018-09-24,73.88468933105469,75.28509951559413,73.62672373675566,74.65859887883842,4023825
RTX,2018-09-25,73.55303192138672,74.0952907818869,73.38982643508301,73.80573204336956,5196666
RTX,2018-09-26,73.47403717041016,74.03736433899762,73.11077405460354,73.50036474706175,3763388
RTX,2018-09-27,73.5372314453125,74.05843459383907,73.01602829678593,73.71096795563605,2917881
RTX,2018-09-28,73.60565948486328,73.72148168043282,73.24766186698203,73.5214240003685,3935317
RTX,2018-10-01,74.1900405883789,74.50065494100603,73.84257400997109,74.31112829664204,5268965
RTX,2018-10-02,74.46907806396484,74.96395999328517,74.01631388144718,74.20584693328107,5877870
RTX,2018-10-03,74.2426986694336,74.80601954013981,74.12687007966488,74.74283972913472,5461711
RTX,2018-10-04,73.9110107421875,74.73230348068041,73.34242444360669,74.28480488675213,5409274
RTX,2018-10-05,73.2108383178711,74.1532191807712,72.97392831834526,73.91104366359649,4578227
RTX,2018-10-08,73.48983001708984,73.51615120997366,72.35265747138263,73.19500585053251,5042692
RTX,2018-10-09,71.53662872314453,73.67936142091168,71.43659670397365,73.32135746383052,7576670
RTX,2018-10-10,69.03065490722656,71.25235827149878,68.98853715666111,71.1891848368728,9112597
RTX,2018-10-11,68.10932922363281,69.77823614068369,67.65656504766537,68.89903536914697,12920318
RTX,2018-10-12,68.2462158203125,69.54659409810158,67.18801299577791,69.06750232540774,8156496
RTX,2018-10-15,68.6147689819336,69.24126352104693,68.00406461478377,68.35679688791856,5177121
RTX,2018-10-16,69.76241302490234,69.80979626913042,68.24092199017777,68.90426826204674,5576913
RTX,2018-10-17,68.47785949707031,69.82562102410449,68.19883181547765,69.57291454107737,5924587
RTX,2018-10-18,67.8829574584961,68.84640029666444,67.4354650919657,68.23043052937665,5420079
RTX,2018-10-19,67.74604797363281,68.36201745388192,67.17219622833515,67.64601595970737,7269198
RTX,2018-10-22,66.54570770263672,67.90926562822008,66.17717905105553,67.7460601736976,8711216
RTX,2018-10-23,68.45153045654297,68.98852369340162,65.76126684443528,66.20350633029075,11171623
RTX,2018-10-24,64.26609802246094,69.12014400378222,64.09762704925544,68.56208869187145,13442463
RTX,2018-10-25,65.49276733398438,66.0613536393274,64.46615139865868,64.9662987691276,7501351
RTX,2018-10-26,64.87681579589844,65.83499306253657,64.00814593290745,64.74519702250917,7456541
RTX,2018-10-29,63.75014877319336,66.05081492118732,62.74985414867606,65.72966958077261,7856334
RTX,2018-10-30,64.55565643310547,64.65042295073813,63.3868970395568,63.739629149166625,7725400
RTX,2018-10-31,65.39275360107422,66.04030998998024,64.982107152142,65.3243082712895,9773145
RTX,2018-11-01,67.16694641113281,67.35647307148724,65.845506157226,66.1771825996789,8884576
RTX,2018-11-02,67.08797454833984,68.24620930635825,66.45094926089573,67.83556290178396,9839247
RTX,2018-11-05,66.99322509765625,67.31963609817369,66.57205393670937,67.11431284357579,8702953
RTX,2018-11-06,67.35648345947266,67.45651551220375,66.68260582127273,67.01954783159495,5171083
RTX,2018-11-07,68.73057556152344,68.92010225899293,67.4091350488386,67.90928256841435,8579329
RTX,2018-11-08,69.14646911621094,69.47288001954408,68.63579069909007,68.91481834509372,7543778
RTX,2018-11-09,68.8148193359375,69.18860725885241,68.27781951573273,69.17281708859217,7956282
RTX,2018-11-12,67.54598999023438,68.98325210362378,67.4354333299558,68.93586885423525,6669669
RTX,2018-11-13,67.97773742675781,68.82009268467557,67.50918289918154,67.83032844784533,5454719
RTX,2018-11-14,67.85662841796875,68.80427459530179,67.69868845215395,68.46733259759328,9136432
RTX,2018-11-15,68.6905746459961,69.15123130475749,67.05975096385855,67.35626611126065,7307811
RTX,2018-11-16,68.90238952636719,69.32598270687387,68.18758325569463,68.30406977557121,8238012
RTX,2018-11-19,67.69514465332031,68.83354387012419,67.4409887973423,68.83354387012419,7928633
RTX,2018-11-20,66.7155990600586,67.36687598713094,66.00608850118653,67.36687598713094,6969831
RTX,2018-11-21,66.56202697753906,67.48334024334318,66.546146250297,66.86913353915676,4335904
RTX,2018-11-23,68.3252182006836,68.9817841516452,66.07489238796009,66.18078743012714,15454773
RTX,2018-11-26,67.76397705078125,70.1043176899219,67.62101197269435,68.72235403033099,16858972
RTX,2018-11-27,64.95767211914062,66.26021905579223,63.13093924921561,65.48186447146271,26805953
RTX,2018-11-28,64.98416137695312,65.38657160409483,63.575719162907475,65.25949367672644,13559890
RTX,2018-11-29,64.17401885986328,65.0953319424295,63.580995135343464,65.01590906486838,9781407
RTX,2018-11-30,64.51288604736328,64.76704179489053,63.5598052036596,63.941038824950475,15312716
RTX,2018-12-03,65.44479370117188,66.71027691191412,65.27006721560844,65.54539943990207,10925328
RTX,2018-12-04,63.999298095703125,65.35478926871035,63.16799924521844,65.24359209495685,12213849
RTX,2018-12-06,64.3064193725586,64.34877868625388,62.7179547375612,63.27921082973586,14831249
RTX,2018-12-07,63.24742889404297,64.69823025141363,63.0779916769151,64.15815072658079,11923220
RTX,2018-12-10,63.22626495361328,63.877535373823335,61.89724553087553,63.01975768773665,8448713
RTX,2018-12-11,62.97208786010742,64.66644695743572,62.81853139155452,64.65056623244618,6883230
RTX,2018-12-12,63.35859298706055,64.29578658307847,63.305648693284056,63.52273441966952,4905720
RTX,2018-12-13,63.14152526855469,63.74514693873109,62.94032018484548,63.62866046069405,9081135
RTX,2018-12-14,62.90325164794922,63.24742175879383,62.04018493247649,62.45848221268965,6374432
RTX,2018-12-17,61.055320739746094,62.94559518039618,60.75351642305103,62.871468029595526,8063381
RTX,2018-12-18,61.30419158935547,62.18314538439085,60.99179579048901,61.47362877485857,6003560
RTX,2018-12-19,60.255802154541016,62.15137249023867,59.86927280399254,61.192995894390556,16601078
RTX,2018-12-20,58.04255294799805,60.26640668269621,57.65602351342935,60.20286451993555,22699660
RTX,2018-12-21,56.22111511230469,58.87914715111492,56.15757936210812,58.069031031337474,19808474
RTX,2018-12-24,54.039615631103516,55.988137136158834,53.98137560179935,55.79222776832426,6793611
RTX,2018-12-26,56.1310920715332,56.34818428593363,53.203020710755496,54.50556436858553,11301604
RTX,2018-12-27,55.99873352050781,55.99873352050781,53.827827089002,54.32554412544633,10412081
RTX,2018-12-28,55.776336669921875,56.750594143881656,55.559244456598826,56.28464826627391,8925413
RTX,2018-12-31,56.379947662353516,56.379947662353516,55.72338177566266,55.914001819571496,7049281
RTX,2019-01-02,57.343624114990234,57.37009627005342,55.19389768764968,55.68102642272132,9361752
RTX,2019-01-03,54.79148864746094,57.184779490202814,54.65911503140099,56.94650441367555,8884258
RTX,2019-01-04,56.665863037109375,56.76117304515048,54.80736281363601,55.13034999538468,10083317
RTX,2019-01-07,56.63941192626953,56.87238490018813,55.88224013246017,56.68706694799135,8314601
RTX,2019-01-08,57.66131591796875,57.952535301200506,56.84060849769245,57.62954804793671,5951282
RTX,2019-01-09,57.88370132446289,58.05313851598298,57.47069977489467,58.01077921810296,6726873
RTX,2019-01-10,58.46084213256836,58.5296735818685,57.57129691084273,57.58718405408789,5368119
RTX,2019-01-11,58.217288970947266,58.23316969819633,57.51306794223246,58.01078816431735,5759807
RTX,2019-01-14,58.69382095336914,59.02739964267185,57.60836628439847,57.82016278705483,5049524
RTX,2019-01-15,58.80500411987305,58.889722710000555,58.00018393270937,58.64086265388196,4444751
RTX,2019-01-16,58.704410552978516,59.08563782682563,58.48202262736084,58.82089702104559,6177238
RTX,2019-01-17,59.71044921875,60.09697871273964,58.402612785012586,58.43967637771712,5079239
RTX,2019-01-18,60.30876541137695,60.732352009875854,59.77927092991826,60.51525978600168,7366763
RTX,2019-01-22,58.80500411987305,59.91693080101083,58.58791834933797,59.83750792514724,9039980
RTX,2019-01-23,61.97134780883789,63.18916953433948,60.54702531952971,62.10901712439151,19960859
RTX,2019-01-24,61.187705993652344,63.19446725685708,60.64762656199197,62.34728773641893,14356933
RTX,2019-01-25,61.320064544677734,61.897207417118004,60.933535252301226,61.600692411093895,7375185
RTX,2019-01-28,60.93355941772461,61.028869455078315,60.23992983688092,60.99710158231003,14161009
RTX,2019-01-29,62.39493179321289,62.596136813753276,61.15592738853258,61.19299096449685,17208552
RTX,2019-01-30,63.072696685791016,63.671022668025785,62.08255194873536,62.79736441432095,11627984
RTX,2019-01-31,62.5167121887207,63.31094082138267,62.28373289329949,63.31094082138267,9663345
RTX,2019-02-01,62.99855041503906,63.55451050496862,62.537893917669166,63.32153760887108,6572581
RTX,2019-02-04,63.08328628540039,63.14152631586054,62.41612885942835,63.00386339364647,7857128
RTX,2019-02-05,63.946346282958984,63.956937712479565,63.05151170752992,63.44333040930958,7192132
RTX,2019-02-06,64.25872802734375,64.45464375437189,63.71865510675664,63.99398728065061,5565473
RTX,2019-02-07,63.91987609863281,64.06283472537483,63.003858635924956,63.72925603757893,7384719
RTX,2019-02-08,64.85707092285156,64.87295164879927,63.655129770545656,63.69219335648829,6263679
RTX,2019-02-11,64.97885131835938,65.18535210237154,64.33816610691225,65.07415492856231,6222365
RTX,2019-02-12,65.64599609375,65.84191184868459,64.97354949450889,65.31771957518541,5624266
RTX,2019-02-13,65.87899017333984,66.12785028941946,65.77308870064049,65.84192658360982,3914660
RTX,2019-02-14,66.1159896850586,66.25447062491104,65.35964587051056,65.59400319733165,5957638
RTX,2019-02-15,68.04949951171875,68.12939440216086,66.59540346559743,66.89900792359526,10850328
RTX,2019-02-19,68.5182113647461,68.78453195890728,67.57012063933378,67.84709560698847,9680983
RTX,2019-02-20,68.40633392333984,69.05081996062637,68.0867544970618,68.55014853948113,10012607
RTX,2019-02-21,67.28248596191406,68.49156988280912,67.02149905744221,68.25721245020726,5179822
RTX,2019-02-22,68.05477142333984,68.36369636021566,67.53811219140462,68.2039067091156,5018221
RTX,2019-02-25,68.32112884521484,68.77386863058219,68.26254271302102,68.55016555952268,4245967
RTX,2019-02-26,67.74588012695312,68.41700222455246,67.5221770658833,68.06013888968683,5397833
RTX,2019-02-27,67.59141540527344,67.83110001612295,67.16530512563337,67.68729183249113,3969322
RTX,2019-02-28,66.936279296875,67.82045011389765,66.88301389411136,67.47956832491772,7017342
RTX,2019-03-01,66.98953247070312,67.83109864164066,66.70723683760984,67.63402506274852,6073158
RTX,2019-03-04,66.97354888916016,67.85771951802442,66.63266071552874,67.26649885622543,5526065
RTX,2019-03-05,67.08008575439453,67.55946145247393,66.92029600743305,66.92029600743305,5141845
RTX,2019-03-06,66.78712463378906,67.57009813810164,66.77647672103744,67.20790767469862,5592486
RTX,2019-03-07,66.29176330566406,66.62732424768056,65.47150609504278,66.5847132319135,6616437
RTX,2019-03-08,66.05741119384766,66.12132449397782,65.13595032614948,65.96686197100209,4912394
RTX,2019-03-11,67.11734771728516,67.21322411708337,64.70451428470156,64.757779668722,7398066
RTX,2019-03-12,66.40361785888672,67.59671978210189,66.32372301556205,66.95755457831204,6108434
RTX,2019-03-13,67.45291137695312,67.79379951690917,66.56341365109759,66.56341365109759,7713801
RTX,2019-03-14,67.58609008789062,67.61271955965621,66.95757902234647,67.45292981467286,6236984
RTX,2019-03-15,67.06941986083984,67.8737021005328,67.05877194814794,67.73521466359925,15396933
RTX,2019-03-18,67.59141540527344,67.64468080452713,66.8617072014352,67.17063231127821,6181051
RTX,2019-03-19,67.38367462158203,68.26784521200008,67.06409520129567,67.97490171486659,4704076
RTX,2019-03-20,66.74451446533203,67.37835262729399,66.32905860407864,67.34639597424234,4680876
RTX,2019-03-21,67.58075714111328,67.74054687247522,66.22253796734245,66.33971667319491,4127904
RTX,2019-03-22,66.65929412841797,67.28780512145597,65.75381470650669,67.11203383937361,6152926
RTX,2019-03-25,66.7924575805664,67.02149426818356,66.36102658968812,66.5581001647114,3608460
RTX,2019-03-26,67.18658447265625,67.6180152919863,66.6113390754216,67.2078867487207,5091474
RTX,2019-03-27,67.27183532714844,67.71924788820266,66.9202927352664,67.17595890078158,4336063
RTX,2019-03-28,67.78846740722656,67.85770788417686,67.21322194144325,67.49019030643711,2974767
RTX,2019-03-29,68.65133666992188,68.75786743616555,67.90031995095576,68.31577573348201,4839617
RTX,2019-04-01,70.94168853759766,71.06952161499274,69.23725396285752,69.23725396285752,8422971
RTX,2019-04-02,70.25456237792969,71.0375356897844,70.06814323567491,70.87774600865393,4616840
RTX,2019-04-03,69.94031524658203,70.69133196784631,69.56747047797377,70.63273940051371,4512760
RTX,2019-04-04,70.68067932128906,70.98428361905674,69.69530522107965,70.0415205350745,3546171
RTX,2019-04-05,71.22398376464844,71.26659479020904,70.60612712261688,70.92570658572421,3973771
RTX,2019-04-08,71.13875579833984,71.17603963545592,69.87640669251921,70.48361537056698,4318425
RTX,2019-04-09,70.44100189208984,70.79253796857985,69.8817314404642,70.65405699474753,3320692
RTX,2019-04-10,70.12673950195312,70.48360920156269,69.38105636770281,70.46230046382205,4324622
RTX,2019-04-11,70.74459838867188,70.84047479730323,70.03087188012923,70.18533440510706,2767879
RTX,2019-04-12,72.06554412841797,72.07619204105882,71.18669421812679,71.27724344733396,4553280
RTX,2019-04-15,71.66606140136719,72.04423340534285,71.41039527553629,71.90574597288604,2979216
RTX,2019-04-16,72.08685302734375,72.09750739815634,71.59150227089133,71.83118687100809,3176411
RTX,2019-04-17,72.32653045654297,72.59817814216461,71.76193926017474,72.22000613056183,4425365
RTX,2019-04-18,72.97103881835938,73.37051319904758,72.4437248872167,72.4437248872167,3970117
RTX,2019-04-22,72.92308807373047,73.22136524009419,72.27326834699672,72.62481090736675,4694224
RTX,2019-04-23,74.57958984375,75.8259510804949,73.9723810961213,74.51034288929033,9030605
RTX,2019-04-24,74.35053253173828,74.65946400538296,73.46636204027206,74.39314354682055,4344803
RTX,2019-04-25,74.42511749267578,74.70209238368501,73.51963805460888,73.89781009421456,3712381
RTX,2019-04-26,74.98440551757812,75.01103499296691,74.34523999348515,74.56894954121664,3273022
RTX,2019-04-29,75.69812774658203,75.9058557223187,75.02701205798269,75.1015797503609,5417378
RTX,2019-04-30,75.95912170410156,76.12423864870561,75.43714139629358,75.86857245244215,5232736
RTX,2019-05-01,75.41049194335938,76.91252573418315,75.3785352888554,76.1668360240543,3487537
RTX,2019-05-02,74.46238708496094,75.34656406995573,73.92442541888664,74.97904647121504,4379761
RTX,2019-05-03,75.4371109008789,75.46906754819452,74.54760675977668,75.12817942431377,4513396
RTX,2019-05-06,74.6754379272461,74.92577682977287,73.45037933436565,73.92442121966573,3776100
RTX,2019-05-07,72.14009857177734,73.86050778240089,71.73529070704888,73.6847365411418,7794522
RTX,2019-05-08,73.00830078125,73.58354629990562,72.08683993163599,72.17206196826595,3807721
RTX,2019-05-09,72.89643859863281,73.04025319856039,71.38375722188924,72.1507490499243,4066569
RTX,2019-05-10,73.06156158447266,73.15211080786274,71.1440786255227,72.02824920673622,4214823
RTX,2019-05-13,70.28654479980469,71.72998596759804,69.45030587864929,71.38909777698274,6545091
RTX,2019-05-14,71.36247253417969,71.9110822340931,70.31317843175705,70.31317843175705,4305078
RTX,2019-05-15,71.36247253417969,71.80988508225822,70.12675277002757,70.73396150981472,3861588
RTX,2019-05-16,72.43629455566406,72.87546846007976,71.46690451608583,71.78825333411135,4463819
RTX,2019-05-17,71.63292694091797,72.54875769414843,71.52581500472347,71.83645065746964,2551298
RTX,2019-05-20,71.48831939697266,71.63827739340043,71.03308234460268,71.32229168972228,3091558
RTX,2019-05-21,72.85403442382812,72.92901342602462,71.90607076962877,72.24883934288457,3480863
RTX,2019-05-22,72.5219955444336,73.0093656627632,72.27027562759679,72.49521917834123,3086791
RTX,2019-05-23,69.86552429199219,71.67040908889334,69.29781880350068,70.9741589133032,8983570
RTX,2019-05-24,70.37431335449219,70.63138971696551,69.62986711283676,69.96727902698163,4952595
RTX,2019-05-28,69.5816879272461,71.27409814453154,69.56026164341533,70.49751871911886,6419719
RTX,2019-05-29,69.34068298339844,69.51206728722146,68.71941812844673,69.19071847114657,4444592
RTX,2019-05-30,68.76759338378906,69.80125546368701,68.56943277752097,69.37815140380957,4367525
RTX,2019-05-31,67.64291381835938,68.23739579732747,67.23052278631309,68.16241679019419,5646829
RTX,2019-06-03,67.94282531738281,68.66585196439664,67.45009874014018,67.72324488153302,4307779
RTX,2019-06-04,69.287109375,69.4584936432282,68.29629975551637,68.7194038561032,3805973
RTX,2019-06-05,70.3529052734375,70.3743315555907,69.38352183351205,69.88696155035882,3770538
RTX,2019-06-06,70.51893615722656,70.78672573929639,69.88160811953884,70.4064676493075,3197068
RTX,2019-06-07,70.7760238647461,71.2151978104037,70.6099961154201,70.75460407103343,2930752
RTX,2019-06-10,68.5587387084961,72.69336181533856,68.54266899714334,72.57018017340545,21901664
RTX,2019-06-11,65.8433837890625,68.70870116188978,65.43634933654533,68.67121165911686,17434985
RTX,2019-06-12,66.44856262207031,67.166232555404,66.20219938258153,66.43785597590973,15850911
RTX,2019-06-13,66.84489440917969,66.93058654056425,65.83265854200397,66.80740491330043,7317027
RTX,2019-06-14,67.1073226928711,67.75000714062061,66.90379902541821,67.54113339653973,4873145
RTX,2019-06-17,66.5343017578125,67.4662026649617,65.93446294373456,67.33230781164227,5317589
RTX,2019-06-18,67.81430053710938,68.00711114401065,66.97881171418885,66.97881171418885,7208181
RTX,2019-06-19,67.8892822265625,68.22668778402466,67.65362555281257,68.07137318717186,5172354
RTX,2019-06-20,69.64058685302734,69.74234870044508,68.48374949718539,68.71404955000915,6906906
RTX,2019-06-21,68.95506286621094,70.08512397248792,68.86401415037783,69.52276845827998,9087332
RTX,2019-06-24,69.7209243774414,70.1547416444691,69.35673603163806,69.68879144839075,5842594
RTX,2019-06-25,69.09965515136719,70.08510810477055,68.92827089985157,69.72626989335541,4439825
RTX,2019-06-26,68.42485046386719,69.4370800554958,68.40342418001617,69.11038116927402,4643853
RTX,2019-06-27,69.07288360595703,69.19070867495002,68.42484248008934,68.66584918841306,3199452
RTX,2019-06-28,69.73163604736328,69.940509821006,68.63371446279882,69.12108443702775,8637486
RTX,2019-07-01,70.34220886230469,70.73853021168898,70.07441925329411,70.2565167068464,6233329
RTX,2019-07-02,70.67427825927734,70.85636925587481,70.28866348377653,70.50289391461031,5394655
RTX,2019-07-03,71.23124694824219,71.26873644943728,70.54035972219995,70.93668101644116,3237746
RTX,2019-07-05,70.9848861694336,71.09735467699676,70.07976855254013,71.09735467699676,5636024
RTX,2019-07-08,70.09048461914062,70.73316925239472,69.77449238068581,70.63141388210903,5088455
RTX,2019-07-09,69.83338928222656,69.90836827011964,69.05680356998823,69.67807473690353,4803229
RTX,2019-07-10,69.86552429199219,70.83491407243457,69.72627295831181,70.16009017563145,3717148
RTX,2019-07-11,70.34220886230469,70.58321561472597,69.66202818995625,69.86018886464839,3874141
RTX,2019-07-12,71.61685943603516,71.66506207692282,70.54035759652353,70.64746952630853,5088455
RTX,2019-07-15,71.35443115234375,71.6757734557208,71.16698363964483,71.37050086463782,3779754
RTX,2019-07-16,71.33302307128906,71.59544963214444,71.07594658926355,71.41871523196424,5085118
RTX,2019-07-17,69.67806243896484,71.36511534004644,69.66199273319047,71.26335352242961,4347663
RTX,2019-07-18,70.32076263427734,70.34753899045923,69.49598074150727,69.56024659346853,4638132
RTX,2019-07-19,70.90455627441406,71.16698930590032,70.12262024396006,70.5028783632115,5138985
RTX,2019-07-22,71.20446014404297,71.33299834049217,70.45465724449521,70.8509784806047,5399422
RTX,2019-07-23,72.27024841308594,73.10574344006879,70.70102019901691,73.00933816993636,12855169
RTX,2019-07-24,71.90071105957031,73.30391172905033,71.75075306172512,71.97033348816808,5684171
RTX,2019-07-25,73.03077697753906,74.07514594043077,72.2488410212443,72.25954766979767,6339633
RTX,2019-07-26,72.63980102539062,73.20215650395406,72.45771009807903,72.73620630578722,3521383
RTX,2019-07-29,72.68800354003906,73.0361286686824,72.50590612022947,72.60231140045954,3259675
RTX,2019-07-30,72.46306610107422,72.68800309648846,72.00247247684807,72.50590567779005,3584148
RTX,2019-07-31,71.5525894165039,72.85403479164712,71.23124712386064,72.43628721408574,5348733
RTX,2019-08-01,70.60997009277344,72.57552599495375,70.51356482456048,71.39726246901473,4633524
RTX,2019-08-02,70.058349609375,70.6260617630571,69.3085464947723,70.39040508890437,3443681
RTX,2019-08-05,67.3483657836914,69.05148958123623,66.80207981197856,69.00328692302406,6322790
RTX,2019-08-06,68.9818344116211,69.12108576098763,67.21444540350744,67.21444540350744,6042808
RTX,2019-08-07,69.09432983398438,69.68881192090667,67.02166115554651,68.08209357542962,6835401
RTX,2019-08-08,70.41719055175781,70.52965907526671,69.39959779021432,69.39959779021432,4253117
RTX,2019-08-09,70.28863525390625,70.70638280304934,69.37280458792426,70.37432739182341,3767360
RTX,2019-08-12,68.56410217285156,69.7477226748445,68.30167561920805,69.54420542203744,4135055
RTX,2019-08-13,69.06217956542969,70.00479322720446,68.39271206999695,68.47840422106738,3813918
RTX,2019-08-14,66.57177734375,68.1570759730492,66.28792446952836,68.0713838042863,5337769
RTX,2019-08-15,66.66606140136719,67.03241614834303,65.96566945012353,66.80613456646753,6295618
RTX,2019-08-16,67.37181854248047,67.71123756537614,66.81689485969598,67.33948794492176,4023348
RTX,2019-08-19,68.22845458984375,68.58942740990203,67.87826516902763,68.27694396354076,2896906
RTX,2019-08-20,68.25000762939453,68.56787297498249,67.56578103358115,67.87287604290687,3161474
RTX,2019-08-21,68.6001968383789,69.07969560366445,68.30926713148222,68.90729184677234,2732286
RTX,2019-08-22,68.93960571289062,69.17665757780794,68.05603985533429,68.96115944502891,2593248
RTX,2019-08-23,66.49365997314453,68.85342197171842,66.17040615745084,68.25001528451925,5532580
RTX,2019-08-26,67.60888671875,67.7058654719624,66.6121831412335,67.33412229322877,3325936
RTX,2019-08-27,67.11322784423828,67.88364982644815,66.79535595107312,67.581949767085,3459571
RTX,2019-08-28,68.35237121582031,68.40086059110673,66.70377164469328,66.99470136497659,3252047
RTX,2019-08-29,69.7746810913086,70.1841366810634,68.96654677769615,68.96654677769615,7271105
RTX,2019-08-30,70.16796112060547,70.68516565124995,70.13563053065143,70.16796112060547,3702529
RTX,2019-09-03,69.48374938964844,69.59688688394172,68.76719886292354,69.32212253167697,4028433
RTX,2019-09-04,70.60437774658203,70.97073898029181,70.18953367329036,70.41042679395044,3585102
RTX,2019-09-05,71.67112731933594,72.03209360313826,71.38558604630605,71.69806295705897,4231348
RTX,2019-09-06,72.02668762207031,72.32839412309285,71.73575798608549,72.09134228086324,3375513
RTX,2019-09-09,72.25297546386719,72.94797228535117,72.11289580039859,72.5439051253528,3675834
RTX,2019-09-10,72.14520263671875,72.58160029044076,71.56334345271097,72.2475697762351,4552326
RTX,2019-09-11,73.24429321289062,73.27122884745441,71.69805454767261,71.92433608488454,4557093
RTX,2019-09-12,74.05782318115234,74.34336442320674,73.37898509497087,73.51906476509166,4805931
RTX,2019-09-13,74.38106536865234,75.10300427721555,74.05781167552351,74.3487413056261,4807520
RTX,2019-09-16,74.39186096191406,74.89829535874381,73.98239877857618,74.89829535874381,3355968
RTX,2019-09-17,73.92313385009766,74.20867509951361,73.6106504337518,74.02010605674202,3369316
RTX,2019-09-18,74.16556549072266,74.23560205368128,73.24428718101443,73.76688678112704,2773600
RTX,2019-09-19,74.09555053710938,74.35953809909972,73.70764204846154,74.31643715591663,3479433
RTX,2019-09-20,73.03956604003906,74.59658158511954,73.03417760679288,74.13324817172429,8439656
RTX,2019-09-23,73.09346771240234,73.34129653405893,72.24761404519182,72.41462940463154,4137597
RTX,2019-09-24,72.9910888671875,73.37899734281415,72.54930911296698,73.29279545934155,4506881
RTX,2019-09-25,73.71839904785156,73.8908027741161,72.80789105208781,73.23890036774912,3357875
RTX,2019-09-26,74.09555053710938,74.50500623163099,73.54601514438383,73.68070640826043,4278541
RTX,2019-09-27,73.48133087158203,74.47804059772682,73.37358182273464,74.3648965852892,3395375
RTX,2019-09-30,73.55139923095703,73.91236552663086,73.36283016638933,73.89081832203078,4079122
RTX,2019-10-01,72.08057403564453,74.18173639760062,71.76809063221567,73.77766269326497,5539095
RTX,2019-10-02,70.2918930053711,71.6549510181698,69.94169711155519,71.5633607199625,5175532
RTX,2019-10-03,70.6905746459961,70.75522931327916,69.30057441090362,70.44813433941158,4609053
RTX,2019-10-04,71.76808166503906,71.82195945850546,70.550491865305,70.73366591279745,3009884
RTX,2019-10-07,71.48792266845703,72.17214903214906,71.18621619533275,71.54180045723027,2662052
RTX,2019-10-08,70.46429443359375,71.32630652602518,70.2218476134856,70.7552240862898,3970911
RTX,2019-10-09,71.09467315673828,71.46102796103266,70.64210992218092,70.9545934382861,3864448
RTX,2019-10-10,72.1506118774414,72.22603688018981,70.73906443251816,71.06231817654518,3710633
RTX,2019-10-11,73.35203552246094,73.91234761493575,72.73246373312034,72.77017623060772,4849469
RTX,2019-10-14,73.22811889648438,73.51366663229724,72.91025362832168,73.27121982533977,2637740
RTX,2019-10-15,73.35203552246094,74.19788882815936,73.34665362119152,73.41669018346327,3964078
RTX,2019-10-16,73.65374755859375,73.92851845845564,73.09344195552374,73.23890352368139,3339125
RTX,2019-10-17,74.44033813476562,74.74743311602693,73.90157970779511,73.97162280999099,4103751
RTX,2019-10-18,73.7022476196289,74.5858136173005,73.54600916258603,74.47267609993516,5413246
RTX,2019-10-21,74.53731536865234,74.88751127826409,74.20867319203049,74.44033663306634,5951758
RTX,2019-10-22,76.18592071533203,76.63308882615429,74.84979828464304,75.86804887586167,10544286
RTX,2019-10-23,75.37776947021484,76.20206900967264,75.00063798011672,75.8734268803838,5324262
RTX,2019-10-24,77.27958679199219,77.49509143676389,75.44241867603442,75.695635817212,7235353
RTX,2019-10-25,77.0209732055664,77.68903421248972,76.94015979546647,77.23108937811269,5074154
RTX,2019-10-28,77.0641098022461,77.92073365215516,76.67081290130427,77.1880241905261,3773081
RTX,2019-10-29,76.50379943847656,77.31732889889742,76.35833784198155,76.74623978692514,5647306
RTX,2019-10-30,77.49510955810547,77.72677955469594,76.50379449178143,76.63848574268891,4040191
RTX,2019-10-31,77.35501861572266,77.49509173679151,76.8647430976814,77.27958709118548,4852647
RTX,2019-11-01,79.02517700195312,79.08443670150857,77.76447963523978,77.79141526854372,6444348
RTX,2019-11-04,79.47235107421875,79.73095668656865,78.87432641208892,79.46157420751224,6823166
RTX,2019-11-05,79.6555404663086,80.04344239617399,79.03596200244328,79.55317328417725,6453406
RTX,2019-11-06,79.90335845947266,79.94107096058188,79.26762131096775,79.63936442027381,5015679
RTX,2019-11-07,80.12963104248047,80.463661640574,79.97878104260623,80.17812040856404,4407092
RTX,2019-11-08,80.21045684814453,80.28588185971614,79.37538022409797,79.45080523566959,2701618
RTX,2019-11-11,79.8548812866211,80.0703859911796,79.48313812054586,79.73635533197272,2341233
RTX,2019-11-12,79.94645690917969,80.29664627472039,79.73634067728167,79.95183881079872,2562421
RTX,2019-11-13,79.90335845947266,80.01110752957986,79.42924818184567,79.67168848816254,2926302
RTX,2019-11-14,80.19302368164062,80.37170134346444,79.83567492195694,79.83567492195694,2757551
RTX,2019-11-15,80.86981964111328,81.1134673943131,80.26881659871641,80.28506240784839,3160839
RTX,2019-11-18,80.73446655273438,80.82651302010723,80.37170251751878,80.73446655273438,2948866
RTX,2019-11-19,80.33380126953125,81.02684427412065,80.32297072903161,81.01060502733515,4495758
RTX,2019-11-20,79.40253448486328,80.4475177452188,79.0993252402301,80.13889322929295,4204335
RTX,2019-11-21,79.75445556640625,80.10638904072168,79.21301389795175,79.39710025812738,3731131
RTX,2019-11-22,79.97103881835938,80.42043405436887,79.68948414359028,80.26882617627072,3783568
RTX,2019-11-25,79.87357330322266,80.53413123209396,79.7003109158537,80.43666949820798,3818367
RTX,2019-11-26,80.19844055175781,80.46916468501057,79.8086001629009,79.97103858123099,5722625
RTX,2019-11-27,80.57745361328125,80.70198514419234,79.9656264998392,80.33922109257247,2401456
RTX,2019-11-29,80.31754302978516,80.46373561201531,79.8627326027851,80.42042002068374,1575494
RTX,2019-12-02,78.50372314453125,80.46374905681624,78.44416829897607,80.34463280174184,6121940
RTX,2019-12-03,77.82150268554688,78.07598098052966,77.30713082582037,77.92978838887508,5938729
RTX,2019-12-04,78.2492446899414,78.98019459405481,78.13012843507022,78.47665322303295,4829130
RTX,2019-12-05,78.6499252319336,78.81777237612678,78.18969940314467,78.77445677233612,3720644
RTX,2019-12-06,79.58662414550781,79.80320216838815,79.16429864188238,79.66784008359232,4143953
RTX,2019-12-09,79.1697006225586,79.78152769101749,79.13180029541256,79.53787991766563,2403045
RTX,2019-12-10,78.70946502685547,79.05056792854425,78.6986344878918,78.92603642235099,4246761
RTX,2019-12-11,79.73822021484375,79.79236635798009,79.04517715134962,79.36462561152852,3603693
RTX,2019-12-12,80.89688873291016,81.02142024329892,79.68947395270924,80.07931429286837,4327483
RTX,2019-12-13,80.71281433105469,81.29757164586613,80.27965833342984,80.27965833342984,3762911
RTX,2019-12-16,80.9239730834961,81.57911575424694,80.73446488235945,81.07015912303453,5162502
RTX,2019-12-17,80.46915435791016,80.88064921135631,80.10638380334947,80.78318748565894,5759172
RTX,2019-12-18,79.9764404296875,80.46374251496385,79.69489234385985,80.1876031350491,6036929
RTX,2019-12-19,80.51789093017578,80.76154528155958,79.70031636830593,80.30131949511228,4755241
RTX,2019-12-20,80.94022369384766,81.70365874784981,80.78320709186511,81.70365874784981,7252673
RTX,2019-12-23,81.118896484375,81.51415216492366,80.97811913980333,81.19469714531189,4361328
RTX,2019-12-24,80.98353576660156,81.38962199521715,80.91315037511924,81.25425991901196,1596786
RTX,2019-12-26,81.60076904296875,81.62783882741886,81.08098192099139,81.18926762275504,2231274
RTX,2019-12-27,81.36793518066406,81.79567579294297,81.24340368528838,81.75777547382538,2928050
RTX,2019-12-30,81.1513900756836,81.64951625873924,80.98895819546675,81.45459931527206,2674605
RTX,2019-12-31,81.08641815185547,81.33006596678013,80.72906277212734,81.10265740113815,3227100
RTX,2020-01-02,82.91647338867188,82.95978898418626,81.07557042525562,81.07557042525562,4451584
RTX,2020-01-03,83.03020477294922,83.73407847921503,81.49250397259247,81.71991255533827,4969756
RTX,2020-01-06,83.20886993408203,83.2955011437644,82.56997296763082,83.08433839065925,4139504
RTX,2020-01-07,82.94355010986328,83.18178260427773,82.24508530856976,82.24508530856976,4348775
RTX,2020-01-08,83.06809997558594,83.67992715664295,82.69450534156555,82.90566809679142,3772445
RTX,2020-01-09,83.19264221191406,83.48502094411279,82.90567875156646,83.27385816174893,4672455
RTX,2020-01-10,82.2234115600586,83.38751053797202,81.99058782609868,83.38751053797202,4605240
RTX,2020-01-13,82.32630920410156,82.5699635560388,81.99061494583717,82.31006995661522,4910010
RTX,2020-01-14,82.05018615722656,82.52124254194902,81.82277758957831,81.9581396759412,4987712
RTX,2020-01-15,82.27757263183594,82.87856910644737,81.8390014276948,82.10431025804996,4937023
RTX,2020-01-16,83.13847351074219,83.39295183493611,82.62951686235432,82.62951686235432,5671300
RTX,2020-01-17,83.59868621826172,84.21051321636067,83.208845887352,83.54995535640262,7365492
RTX,2020-01-21,83.63660430908203,84.19970712891235,82.72156797032666,83.30632530893746,7797382
RTX,2020-01-22,83.26842498779297,83.95605934159335,83.01936191998398,83.58787344660226,5546881
RTX,2020-01-23,83.27381896972656,83.51205143525824,82.61866984357022,83.17094198090531,6369348
RTX,2020-01-24,82.94355010986328,83.60952329140281,82.5103941527792,83.05725108711151,5879141
RTX,2020-01-27,81.77404022216797,82.27758819370081,81.2217745062245,81.75238570333065,6889427
RTX,2020-01-28,82.7648696899414,83.60410522625588,80.16053189247755,81.50330875058071,9083677
RTX,2020-01-29,82.74322509765625,83.35505880898678,82.0122816833314,83.33881299641591,6079832
RTX,2020-01-30,83.38212585449219,83.49582684685136,81.99603317157393,81.99603317157393,6958867
RTX,2020-01-31,81.32463836669922,83.15471746466123,81.01060520323956,82.94897001454119,7325131
RTX,2020-02-03,81.18927764892578,82.46708453293657,81.10264645123135,81.79028076243537,7450027
RTX,2020-02-04,82.84068298339844,83.01936065748993,81.97979280053248,82.00144731898617,6090160
RTX,2020-02-05,84.26466369628906,84.26466369628906,83.05724888242604,83.76112237103125,5727709
RTX,2020-02-06,84.57330322265625,84.8656818971199,84.021030934455,84.66534969801722,6011664
RTX,2020-02-07,84.91442108154297,85.47210213114676,84.25385644097993,84.46501920231458,7886048
RTX,2020-02-10,84.7628173828125,85.53708306744862,83.90734231636505,85.34216611037724,6419878
RTX,2020-02-11,84.05891418457031,85.78611609042774,83.85316675649526,85.6669998493278,8577104
RTX,2020-02-12,84.0210189819336,84.34588267090938,83.14388308332077,84.00477317189934,9167100
RTX,2020-02-13,83.26753997802734,84.13253350942463,83.19137860178873,83.79524176162455,5420874
RTX,2020-02-14,83.48516082763672,83.80613609614542,83.00098729704105,83.27843423539119,6175331
RTX,2020-02-18,82.2991943359375,82.82145512901975,81.79869770683429,82.79969096504072,4553280
RTX,2020-02-19,81.97279357910156,82.67457582555217,81.67358245816168,82.44609165005751,5339993
RTX,2020-02-20,81.54847717285156,82.00545222487253,80.47676320702213,81.81504870119856,5380831
RTX,2020-02-21,82.42975616455078,82.47871893630084,80.9065021755314,81.41788086571943,6796948
RTX,2020-02-24,79.74229431152344,80.60728118875407,79.17651187837627,80.18295260789384,10190257
RTX,2020-02-25,75.5152816772461,80.25368994919353,75.31943716801531,79.92183919415174,12089748
RTX,2020-02-26,75.28136444091797,77.89265561793681,75.12359401338476,76.27147576956318,13401785
RTX,2020-02-27,71.90843200683594,74.78085305679916,71.88122680301372,73.97570433247911,16203986
RTX,2020-02-28,71.04344940185547,71.2773812148523,68.45936354209425,69.16658683228567,19610008
RTX,2020-03-02,72.9366226196289,72.96926886367322,69.77043158739073,71.53849940322479,14433840
RTX,2020-03-03,72.09884643554688,75.17799452739351,71.46234349720525,72.86591458651256,14444010
RTX,2020-03-04,75.64039611816406,76.0756134107383,72.2076403329869,73.13791317386391,9077480
RTX,2020-03-05,68.78577423095703,73.70914531297346,68.11663162751499,73.4915366217724,13601522
RTX,2020-03-06,68.80754089355469,69.16115588787747,65.28229941593688,66.1853673597351,13614711
RTX,2020-03-09,62.75803756713867,64.77090623966322,61.207578253781875,62.79067721910794,13778378
RTX,2020-03-10,64.93952941894531,65.54883348683337,61.76245711249876,65.15713801461962,14774045
RTX,2020-03-11,58.48748779296875,63.55774688822908,58.09035113270158,63.00828745153155,16346679
RTX,2020-03-12,55.7619514465332,59.34159583580271,50.48496277411245,51.20307136596901,30644501
RTX,2020-03-13,57.339599609375,60.26098340174208,53.613070398356705,59.32526949405496,26649596
RTX,2020-03-16,49.467655181884766,53.934051251750134,49.277248403966475,51.877660688313355,19586014
RTX,2020-03-17,50.506717681884766,50.83857168003708,45.050208276045325,49.53836418684407,25522359
RTX,2020-03-18,43.19511795043945,46.74212344051779,37.54819994745532,46.69860169845539,36292760
RTX,2020-03-19,45.567039489746094,46.51363236027967,39.26729584113139,43.1026334013154,25171667
RTX,2020-03-20,44.89789962768555,48.330659666154375,39.86572054012355,46.16002353232947,22923550
RTX,2020-03-23,40.77423858642578,43.57049602943308,39.33258976613988,43.52697757945169,19084526
RTX,2020-03-24,47.19908905029297,47.57446482534797,43.52696340389103,43.575922880775956,20411023
RTX,2020-03-25,52.329200744628906,54.49983694895991,46.937972062016556,47.80840032256739,19096125
RTX,2020-03-26,56.926151275634766,57.11656133576126,52.76984544948366,53.313863828814284,23079589
RTX,2020-03-27,52.85145950317383,55.34307108763577,52.508726595711025,53.313875557089716,16126443
RTX,2020-03-30,53.580440521240234,54.26590295488971,51.52404662508975,52.269353922261914,12019832
RTX,2020-03-31,51.317317962646484,53.96668966788193,51.06706962557053,52.92217458290398,11616702
RTX,2020-04-01,49.7070198059082,50.04975265440393,48.05320372156212,48.67882455802189,19658472
RTX,2020-04-02,46.79107666015625,50.185755359108626,46.30145881083798,48.760423544319906,20980044
RTX,2020-04-03,43.16179656982422,46.07497917446076,41.53663688312118,44.08675368729873,18932300
RTX,2020-04-06,49.75752258300781,50.915880579235456,45.50444572461958,47.09502680455007,28777500
RTX,2020-04-07,49.930419921875,55.74814348459561,49.463621397211796,53.95873979685009,27110200
RTX,2020-04-08,54.131622314453125,55.307269721714434,50.051438327464716,50.440436495149115,26540900
RTX,2020-04-09,55.938323974609375,58.868796649849834,54.90098766806023,57.91790695911383,24734300
RTX,2020-04-13,53.44871520996094,55.67034189135227,51.94457722802552,55.5233876062303,15181800
RTX,2020-04-14,56.2495231628418,56.48292077309661,54.11433964466453,55.00472161854472,16758300
RTX,2020-04-15,53.88093566894531,56.284095158544616,52.93004282732205,56.189005544622226,16662100
RTX,2020-04-16,53.98467254638672,54.21807344505246,52.990557974025336,53.99331555851465,14108100
RTX,2020-04-17,57.11396789550781,57.48568007559417,55.4801648841334,55.972899020973266,14111000
RTX,2020-04-20,56.17171859741211,57.85738609793225,55.08251450735224,55.7567815075603,10564000
RTX,2020-04-21,54.15754699707031,55.79999583068746,53.72532396691843,54.99605743319694,9877400
RTX,2020-04-22,54.8491096496582,56.10255724433511,54.54655151433597,55.60117688742418,9439900
RTX,2020-04-23,54.71080780029297,56.085274268726245,54.676229156437785,55.22947426771681,9320000
RTX,2020-04-24,54.83182144165039,55.393712777490165,54.02788623072911,55.30726618096072,8557100
RTX,2020-04-27,56.2495231628418,56.55207806324699,55.18625455878784,55.6962780320431,8305700
RTX,2020-04-28,56.526145935058594,58.16859530852758,56.024765472437146,57.50296792999856,10477000
RTX,2020-04-29,58.69590759277344,59.46526430497497,57.105322903420465,58.22045946941196,10327900
RTX,2020-04-30,56.02476119995117,58.30689884760887,55.92967158169862,58.30689884760887,12472200
RTX,2020-05-01,52.82631301879883,54.98742873190563,52.05695635254895,54.892339112912794,13680400
RTX,2020-05-04,50.872657775878906,51.8927045601968,49.76616769021905,51.88406154910283,15623300
RTX,2020-05-05,51.00233459472656,52.27307178308177,50.889955646020034,52.09153554360165,12776400
RTX,2020-05-06,50.068721771240234,51.33945872651574,49.92176750170252,51.2616584374662,8822100
RTX,2020-05-07,49.28207778930664,51.2097957711068,48.7893437053346,50.68248304674358,26893800
RTX,2020-05-08,50.717071533203125,50.78622883190806,49.5760024853837,49.89585004549178,10177300
RTX,2020-05-11,49.584625244140625,50.07735922176253,48.6942468806484,49.89582634529129,10652600
RTX,2020-05-12,49.03139877319336,50.51824427544538,49.03139877319336,49.601933240969394,10906200
RTX,2020-05-13,46.76654815673828,48.48679791557193,45.97125906458289,48.48679791557193,13948000
RTX,2020-05-14,46.97148895263672,47.015093456621415,44.59064710552,45.93368379302479,16745200
RTX,2020-05-15,45.98600769042969,46.456944281930866,45.05285740364595,46.25636091743447,22048800
RTX,2020-05-18,50.49479293823242,51.12270518303747,48.419185719577406,48.53256010374376,19741400
RTX,2020-05-19,50.52967071533203,52.4482988955123,50.05873739916175,50.486066209902816,14442300
RTX,2020-05-20,50.40756607055664,51.51513757279486,50.311634182887296,51.20117987744421,10344800
RTX,2020-05-21,52.413414001464844,52.50934590957051,50.756419506184116,50.84362851711081,10309900
RTX,2020-05-22,52.326202392578125,52.99772238916678,51.741894729396634,52.66632217584022,6510700
RTX,2020-05-26,56.22450256347656,57.166375753626184,54.38436401098105,54.55878534176544,15937800
RTX,2020-05-27,58.12569046020508,59.294305772596275,56.83497455569329,58.430925306454974,13951600
RTX,2020-05-28,58.66638946533203,59.9832673877083,57.68091507448996,59.9832673877083,12683200
RTX,2020-05-29,56.26810836791992,58.082085034452106,55.93671147165037,57.20998163557558,13950600
RTX,2020-06-01,55.91926956176758,57.59370640781211,55.87566173253514,56.68671811946618,11314000
RTX,2020-06-02,55.291351318359375,55.989029975873486,54.55878440311641,55.552981646629696,14938400
RTX,2020-06-03,58.840816497802734,59.06756524109873,56.19834430370907,56.25066837769245,15875900
RTX,2020-06-04,58.875701904296875,59.154774723816544,57.829173840882476,58.51813631955122,10135000
RTX,2020-06-05,62.85248565673828,64.30889659617044,61.919335375672254,61.945497410547524,14203100
RTX,2020-06-08,64.67517852783203,65.34669508523473,63.22748397683199,63.22748397683199,11945500
RTX,2020-06-09,61.51818084716797,63.35831973929364,61.492018807105204,63.35831973929364,9964900
RTX,2020-06-10,59.616981506347656,61.300141124159104,59.34663161529019,61.16932429978224,9765900
RTX,2020-06-11,54.81169891357422,57.305915240592526,54.78553687541169,55.80589961228761,13709000
RTX,2020-06-12,57.0094108581543,57.61988067527358,55.256480878108945,57.53267165191682,9589500
RTX,2020-06-15,58.47453689575195,59.093729524705275,54.45413627572498,54.942515387936204,13553100
RTX,2020-06-16,59.14604187011719,61.1344362061673,57.60242205248451,60.71583037416714,11523900
RTX,2020-06-17,58.343727111816406,59.47745770133865,58.10825543420528,59.303039657911185,9294400
RTX,2020-06-18,58.32627868652344,58.805938264763405,57.21871018807146,57.410574019367445,6431100
RTX,2020-06-19,56.590782165527344,59.616981657621196,56.224500379238776,59.616981657621196,19144400
RTX,2020-06-22,56.72161102294922,57.05300794937542,55.753575629816766,56.521024295361315,7566100
RTX,2020-06-23,56.285552978515625,57.36695930737198,55.954156089213726,57.08788649174386,6935100
RTX,2020-06-24,53.826229095458984,55.82334690929725,53.25936048962007,55.805904440076425,9880500
RTX,2020-06-25,53.25063705444336,53.52970988810482,52.29132127777281,53.128539778757194,12717400
RTX,2020-06-26,51.54131317138672,53.56459293307431,51.40177675081553,53.215753545051676,17537900
RTX,2020-06-29,54.00064468383789,54.00064468383789,52.151786278860726,52.49190609620725,8908700
RTX,2020-06-30,53.739013671875,53.948319963727705,52.39597688689166,53.24191497138682,10746400
RTX,2020-07-01,53.73029708862305,54.855311400410514,53.39889682760122,53.87855308653678,6860300
RTX,2020-07-02,53.887271881103516,55.34368301619847,53.739012567668674,54.65472050623603,8238300
RTX,2020-07-06,55.22158432006836,55.666358895321046,54.17505962590883,54.99483891095877,6128200
RTX,2020-07-07,53.207027435302734,54.794258697842835,53.14598046291394,54.541347911197555,8783000
RTX,2020-07-08,53.207027435302734,53.756453513612364,52.50062580428654,53.09365638761525,9306900
RTX,2020-07-09,50.67792510986328,53.09365173657799,50.63432060866399,52.901787939128894,10778900
RTX,2020-07-10,52.012245178222656,52.50062426986982,51.253516167272394,51.541308553435435,10458000
RTX,2020-07-13,51.75933074951172,53.023881229807905,51.22735051843926,52.57038710385568,7440800
RTX,2020-07-14,52.736087799072266,52.81457722941777,50.97443872772547,51.454094879032404,7256800
RTX,2020-07-15,54.89018249511719,55.13437369020442,54.11401106225645,54.3756413963833,9036900
RTX,2020-07-16,54.393089294433594,54.77681692783177,53.59075574607473,54.332042321267615,5684100
RTX,2020-07-17,54.244834899902344,54.602397178986855,53.817502748405914,54.480303229076625,10789100
RTX,2020-07-20,53.55586624145508,54.09656938342496,53.04132513523545,53.87854354734563,6688300
RTX,2020-07-21,54.98611831665039,55.36112304214915,53.92215443838894,54.070410418473806,7395200
RTX,2020-07-22,55.491943359375,55.57915237350045,54.218669796193204,54.59367454519179,5758700
RTX,2020-07-23,55.047157287597656,56.10240476915947,54.83785436650817,55.457046887711996,6043300
RTX,2020-07-24,54.1314582824707,55.78845608882514,53.88727039274665,55.12565563555917,6058900
RTX,2020-07-27,53.276790618896484,53.93958766171695,52.89306636534885,53.76516966352898,10194300
RTX,2020-07-28,53.19831085205078,53.91343542031054,52.108181531312034,53.843668873724816,13111800
RTX,2020-07-29,51.802947998046875,53.18959266312339,51.50643268203017,52.93668185570693,11162500
RTX,2020-07-30,50.11104965209961,51.14885460123931,49.945351239838104,51.122689242706635,12292100
RTX,2020-07-31,49.43081283569336,50.04128578049578,48.93371424572236,50.02384331615172,11437200
RTX,2020-08-03,50.154666900634766,50.16338979796697,48.60232385656021,49.247681859909626,8789300
RTX,2020-08-04,50.154666900634766,50.50350960409022,49.81454709451152,50.337811149694694,7844600
RTX,2020-08-05,52.35237121582031,52.369813684762875,50.320371822767896,50.45118534962095,10115900
RTX,2020-08-06,52.21282958984375,52.6837662239477,51.71573091833751,51.89015226357717,5786700
RTX,2020-08-07,53.398895263671875,53.45122266971462,51.75933980258408,52.21283400785563,6263100
RTX,2020-08-10,56.015201568603516,56.198342475207376,53.5122625377762,53.634356475512114,10042600
RTX,2020-08-11,56.0413703918457,57.689645404521634,55.88439150237079,56.85242687852921,12120800
RTX,2020-08-12,56.06753158569336,56.80881818729403,55.273917579453204,56.80009528978213,7327000
RTX,2020-08-13,55.61505126953125,56.26521290908108,55.043966649181364,55.404190390242235,9452000
RTX,2020-08-14,55.913787841796875,56.44094352547316,54.99126371957632,55.17576787370561,5124400
RTX,2020-08-17,55.14939880371094,56.124639617574424,55.07032513362543,55.861061834480516,6408400
RTX,2020-08-18,54.560733795166016,55.500829929540984,54.49923242948339,55.10546496488788,4727700
RTX,2020-08-19,54.156593322753906,55.27240933495148,54.03359056341421,54.490460349228684,5381200
RTX,2020-08-20,53.585506439208984,53.963299176957165,53.01441839212049,53.5942909138467,4689200
RTX,2020-08-21,52.95290756225586,53.84028681150045,52.91776296683132,53.304343461782004,7067400
RTX,2020-08-24,54.36745071411133,54.50802575723177,52.82990971366815,53.067130727353906,6379800
RTX,2020-08-25,53.55035400390625,53.94572233624084,52.399393603459586,53.910577739683724,12678800
RTX,2020-08-26,53.3922119140625,53.52399913673334,52.706908971768236,53.27799363982228,8659600
RTX,2020-08-27,53.506431579589844,54.43774004301127,53.04956182232286,53.38342547636235,8749800
RTX,2020-08-28,54.683738708496094,54.93852863877175,53.26920062490469,53.69971017547503,18550100
RTX,2020-08-31,53.59428787231445,55.852276453891,53.523998672906956,54.6398145766997,10885700
RTX,2020-09-01,53.31313705444336,53.9017940094131,52.82112271998737,53.321921528463356,9308800
RTX,2020-09-02,54.47288131713867,54.60467188676112,53.3834222161036,53.59428645718482,7511900
RTX,2020-09-03,53.47127151489258,55.52718315224204,53.08468771969545,54.63980066924195,8515700
RTX,2020-09-04,53.74365234375,54.65739191076636,52.662980940125856,54.0248058157021,6785900
RTX,2020-09-08,52.05672836303711,53.234045222947586,51.67893242915426,53.04954116730405,10523800
RTX,2020-09-09,52.3466796875,52.988053488021585,51.74044713171214,52.513611492598,7560700
RTX,2020-09-10,52.2939567565918,54.19172116764835,52.170954035289405,52.97925954760387,8670400
RTX,2020-09-11,53.286766052246094,53.50641471140362,52.18852275645844,52.27638087949243,9780900
RTX,2020-09-14,54.4465217590332,54.67495493624509,53.66457290992085,53.84028919166543,6548600
RTX,2020-09-15,53.980857849121094,54.85945256031392,53.55913278993727,54.244438943737215,7069300
RTX,2020-09-16,55.28119659423828,55.99285976114225,53.515222093278936,53.80516005624596,8873300
RTX,2020-09-17,55.18453598022461,56.2388503223811,54.08629257205596,54.674949430079366,6062800
RTX,2020-09-18,54.78038787841797,55.64141378585654,54.560739164628686,54.973679819056024,16814200
RTX,2020-09-21,52.73326110839844,54.973677212506225,52.39060966738555,54.10387022402323,8845200
RTX,2020-09-22,52.53118896484375,53.40099602388601,51.775596827688815,52.66297618661532,5883200
RTX,2020-09-23,51.24843978881836,53.48885601134031,51.22207966395036,52.557544253241794,7280000
RTX,2020-09-24,50.41376495361328,51.23964276716318,49.746031103021615,51.00242179536663,7737300
RTX,2020-09-25,50.510414123535156,50.730062813084835,49.50002881097745,49.96568296031939,11955200
RTX,2020-09-28,51.740447998046875,52.33789273897496,51.03757281800596,51.03757281800596,5457500
RTX,2020-09-29,50.60706329345703,51.652593336286316,50.510420672845584,51.55594736410141,6362100
RTX,2020-09-30,50.55434799194336,51.494444204364854,50.167764116617874,50.6158493627318,7708400
RTX,2020-10-01,50.48405838012695,51.353868740873146,50.15897922984025,50.800353056761935,6525600
RTX,2020-10-02,52.13581466674805,52.17095926251939,49.64938981688242,49.658177641611815,8381200
RTX,2020-10-05,52.28517532348633,53.00562614638093,51.986452955994054,52.58389769097861,6077800
RTX,2020-10-06,51.3538703918457,53.22527838771759,51.33629809240402,52.54875994129304,7187200
RTX,2020-10-07,52.44331359863281,52.66296226174723,51.793155432694796,52.10945004383118,4925800
RTX,2020-10-08,53.41856384277344,53.46249291301232,52.434538592814945,52.557541330113104,4483000
RTX,2020-10-09,52.63661193847656,53.88421824051681,52.61903964108749,53.7875722806634,3996200
RTX,2020-10-12,53.18134307861328,53.313133641490516,52.32910838714644,52.575113862839146,5378900
RTX,2020-10-13,52.2939567565918,52.803539937926395,51.42414653205335,52.49603313467041,8836700
RTX,2020-10-14,52.66297912597656,53.01441844012985,52.021605226484446,52.08310660372522,5971800
RTX,2020-10-15,53.14619445800781,53.154978930246415,51.766797706453644,52.16216598864606,6166000
RTX,2020-10-16,54.25322341918945,54.508016689827095,53.27798275345925,53.594277385758,8287700
RTX,2020-10-19,53.99843978881836,55.06153877483721,53.59428695387171,54.12144253410009,7373300
RTX,2020-10-20,53.805145263671875,54.74524140074211,53.629425639115,54.45530351748731,5960800
RTX,2020-10-21,53.023197174072266,53.68214330308679,52.88262213394544,53.08469854465442,5647200
RTX,2020-10-22,55.175758361816406,55.32512123577257,52.908985290894215,52.91776976509234,6990100
RTX,2020-10-23,54.97367477416992,56.045561471599,54.8418842173613,55.41297216143455,5864600
RTX,2020-10-26,53.42735290527344,54.25323084024273,52.610259443926104,54.16537269772996,7596800
RTX,2020-10-27,49.66696548461914,52.53997102818051,49.58789181455513,52.513614255350284,14785900
RTX,2020-10-28,45.98565673828125,49.262815280183645,45.90658306401235,48.49843866330001,19787500
RTX,2020-10-29,46.68852996826172,46.987252352447626,45.61664317472876,46.126229798399635,14994500
RTX,2020-10-30,47.72526931762695,47.839487580186514,46.495235255715386,46.67095488621321,14571800
RTX,2020-11-02,48.981666564941406,49.201315293932176,47.36505178550641,48.674159684983785,9750800
RTX,2020-11-03,50.11505126953125,50.52798857178362,49.50003420150255,49.64939371790645,7740500
RTX,2020-11-04,49.9217643737793,51.476877824475224,49.32431954464503,50.39620644719305,8662000
RTX,2020-11-05,51.20450973510742,51.67895178581504,49.96569105930881,50.176555310147826,7446700
RTX,2020-11-06,51.45051574707031,51.70530570699111,50.290770810389745,50.63342226646718,7849800
RTX,2020-11-09,57.09988021850586,58.329914409320565,54.90339633760567,57.21410184460862,19021200
RTX,2020-11-10,59.647804260253906,59.87624079978181,57.7676118039512,58.07511866303869,14358600
RTX,2020-11-11,57.85546875,59.48086785990467,57.214098271929785,59.43694213988634,10124700
RTX,2020-11-12,56.629764556884766,57.20499844313605,55.992579081973176,56.532416400892785,8345100
RTX,2020-11-13,58.54133224487305,58.762576881662554,57.09881289182117,57.328909204600386,6824200
RTX,2020-11-16,60.76262664794922,61.098916045053116,59.4263072312928,59.789144902924626,12885000
RTX,2020-11-17,60.948463439941406,61.61219722470918,59.612144196091165,59.75373722588004,11134200
RTX,2020-11-18,61.51485824584961,63.1166671916185,61.35556184365131,61.65645129677576,13392600
RTX,2020-11-19,62.93083190917969,63.037031777116326,60.35554081448879,60.75378525536277,8929000
RTX,2020-11-20,61.73609161376953,62.93966271044874,61.63874345507864,62.65646990839768,5833800
RTX,2020-11-23,64.28485107421875,64.46184411030184,62.24939740000562,62.674190139197165,7208800
RTX,2020-11-24,65.80701446533203,66.65659317861949,65.31142857054387,65.56806644330814,10570500
RTX,2020-11-25,65.32026672363281,65.65656290467375,64.51493972809682,65.09017715453723,5374200
RTX,2020-11-27,65.40878295898438,65.8424206579918,64.94859022579718,65.28487972170161,5103400
RTX,2020-11-30,63.47064208984375,65.09015393125044,63.152049375080196,64.68305798872609,10730800
RTX,2020-12-01,63.03701400756836,64.55032625185788,63.01931065864371,64.35562992478275,6544600
RTX,2020-12-02,63.66537094116211,64.02820870348295,62.559147547004315,63.00163690466743,5401600
RTX,2020-12-03,64.86007690429688,65.83355193137916,63.638808970522774,63.81580197477398,6893900
RTX,2020-12-04,65.40878295898438,66.0725170245854,64.93973854773725,64.93973854773725,9297900
RTX,2020-12-07,64.63880920410156,65.26714292235263,64.20517177215181,64.93969855431422,4913800
RTX,2020-12-08,65.91320037841797,65.93974865260947,64.41758458169747,64.77157732523398,4364900
RTX,2020-12-09,65.081298828125,66.21406986454018,64.85120260140067,65.90432883924665,5329300
RTX,2020-12-10,64.58573913574219,65.25831798892526,64.11669482117019,64.57688745950668,7497900
RTX,2020-12-11,64.50607299804688,65.1167102353481,64.0370355411601,64.30253175351257,7185900
RTX,2020-12-14,62.65648651123047,65.33797054316295,62.57683492762761,64.95742948158453,10849300
RTX,2020-12-15,62.86887741088867,63.54146300377882,62.03699540788902,63.27596673631281,7769000
RTX,2020-12-16,62.452938079833984,62.992775553430306,62.34673821963691,62.96622727634372,5621100
RTX,2020-12-17,62.51487350463867,63.26710379268993,62.39982874354591,63.17860730324555,5769900
RTX,2020-12-18,62.09892654418945,62.62106725932825,61.78033381166208,62.452919219425276,16809800
RTX,2020-12-21,61.656455993652344,62.160893513732404,59.98384701907897,60.78918076705542,8351700
RTX,2020-12-22,61.284759521484375,62.045841551718674,61.03696662826389,61.49715246540907,4028200
RTX,2020-12-23,62.58567428588867,63.19631154987217,61.58564436059983,61.76264409385201,4312900
RTX,2020-12-24,62.18742752075195,62.78921308660313,61.85113816848333,62.78921308660313,1758600
RTX,2020-12-28,62.50603103637695,63.240564835465314,62.24938645289365,62.56797926329703,2938000
RTX,2020-12-29,62.249385833740234,62.921971399218755,61.656451845995484,62.83347489762033,3670100
RTX,2020-12-30,63.152061462402344,63.39985434312422,62.24937968051595,62.3909794705568,5015500
RTX,2020-12-31,63.28480911254883,63.45295042217472,62.78037167997203,63.14320932354854,4177000
RTX,2021-01-04,60.55908203125,63.32906244308684,60.452882175312155,63.169766035105305,7660500
RTX,2021-01-05,61.435211181640625,61.84230051675071,60.5325360041097,60.85112883190902,6436800
RTX,2021-01-06,62.1962890625,63.26711225729765,60.57677675677824,60.621028383345596,8753800
RTX,2021-01-07,61.75380325317383,62.718433401044756,61.67415842312472,62.258240765703384,8771400
RTX,2021-01-08,61.82459259033203,62.019288921859555,60.798014388404866,61.913089081431046,5158100
RTX,2021-01-11,61.771488189697266,61.8157330536948,60.63871029141282,60.877658214024244,4569000
RTX,2021-01-12,63.29366683959961,63.47066661165651,61.56796126111309,61.67416112434723,5356200
RTX,2021-01-13,62.3909912109375,63.23171817899701,61.762657216056546,63.098976790667216,7032600
RTX,2021-01-14,62.78038024902344,64.04589984058684,62.43523915603801,62.833476801221046,9712500
RTX,2021-01-15,61.24050521850586,62.24053517478715,61.01926060897101,62.22283182498855,6980800
RTX,2021-01-19,61.382118225097656,61.99275563947628,61.19627352329788,61.7538076286972,7381800
RTX,2021-01-20,60.92192077636719,61.53255814282669,60.71837948878107,61.479461589865195,4657700
RTX,2021-01-21,60.27587890625,60.7980129173958,60.045782633480144,60.470575233066846,7366800
RTX,2021-01-22,59.80685043334961,60.275887972036095,59.399761121435866,59.930746886895086,4558100
RTX,2021-01-25,58.656368255615234,58.86876118466012,57.54129356239297,58.443975326570346,10514000
RTX,2021-01-26,59.470558166503906,62.77153125688404,59.461713241993124,61.24051533517189,13322200
RTX,2021-01-27,57.96607971191406,59.96613259707179,57.744835132860956,58.8953096446766,12377000
RTX,2021-01-28,60.32897186279297,61.32015003500508,58.59441512530846,58.79796311447528,8753200
RTX,2021-01-29,59.05461120605469,59.78913814171425,58.50592217107529,59.390900565129556,15649100
RTX,2021-02-01,59.258155822753906,59.82454148698324,58.52362209350816,59.82454148698324,5994000
RTX,2021-02-02,62.0723876953125,62.32018058002836,59.78029675984104,59.886489852233716,8710600
RTX,2021-02-03,62.4617805480957,62.76266997985449,61.39095743507513,61.73609849002186,8370000
RTX,2021-02-04,64.32023620605469,64.43528097780583,62.594530870537625,62.89542031289446,9024300
RTX,2021-02-05,64.01049041748047,65.38220291047982,63.7184459199037,64.913165430532,7952700
RTX,2021-02-08,64.15210723876953,64.32025536066116,63.550321422993754,63.966262512819185,4964300
RTX,2021-02-09,64.63880920410156,64.90429861572781,63.33789015640443,63.93967560867766,6263000
RTX,2021-02-10,64.13438415527344,64.72731804828672,63.84233966999256,64.39102869520065,3930200
RTX,2021-02-11,64.01049041748047,64.77157239500505,62.983912214549825,64.1343868555101,4535800
RTX,2021-02-12,64.25828552246094,64.44413018595176,63.559151739700376,63.79809294937438,4207500
RTX,2021-02-16,64.25828552246094,64.82467118791385,63.753848078171636,64.46182678406291,6110200
RTX,2021-02-17,64.65652465820312,64.7892727786637,63.7892495413138,63.97509420921865,5186900
RTX,2021-02-18,64.49723052978516,64.64768200591239,63.73614848104785,64.13439285641977,4903800
RTX,2021-02-19,65.718505859375,65.76275073364117,64.69192754975712,64.93972045156828,6275900
RTX,2021-02-22,64.60343170166016,65.71850652291921,63.91314953911654,63.939697814314336,10506900
RTX,2021-02-23,65.47955322265625,65.49725657258332,64.18748550381706,64.96627085621581,11686700
RTX,2021-02-24,68.73628234863281,69.17877162357215,65.0636200162662,65.6565607760913,11159300
RTX,2021-02-25,65.28588104248047,68.66949462991528,64.95642174898227,68.25990044506081,9483300
RTX,2021-02-26,64.10162353515625,65.82904831424341,64.10162353515625,65.82904831424341,8000700
RTX,2021-03-01,66.2119369506836,67.08454876874647,65.09000067692024,65.4550778205769,10910500
RTX,2021-03-02,66.48795318603516,67.15577113316704,66.06945285222257,66.16740002794022,5792300
RTX,2021-03-03,66.8441390991211,68.01949867778525,66.47016259531817,66.60372757336121,5960700
RTX,2021-03-04,66.26533508300781,68.08180038216274,64.76942288331519,66.79958798431356,8284200
RTX,2021-03-05,66.94207763671875,67.28934245866796,65.08999405739222,66.98660155477218,6661900
RTX,2021-03-08,67.32494354248047,68.86537290030479,67.26261414869673,67.77015543904845,7232100
RTX,2021-03-09,66.63043975830078,68.2955285456215,66.55920419697235,67.70785214815449,6558300
RTX,2021-03-10,68.17085266113281,68.69620630279793,66.7728873883156,67.13796445377385,6776600
RTX,2021-03-11,68.60717010498047,69.52430571380937,67.8503042902576,68.17976360717691,6314900
RTX,2021-03-12,69.91609954833984,70.22775342788806,69.16814654157685,69.45308199082899,6075900
RTX,2021-03-15,70.85104370117188,71.28734959777317,69.76472523774297,70.14760786348599,7848900
RTX,2021-03-16,69.66677856445312,70.94008527876625,69.46198482904003,70.73529154335314,5941500
RTX,2021-03-17,70.84212493896484,71.09144254975409,69.72909503837329,69.86265998512334,6685900
RTX,2021-03-18,69.39964294433594,71.16267851295585,69.34621288928398,70.53938448231152,6093500
RTX,2021-03-19,69.77362823486328,69.94281097614882,67.77908028978713,69.45307503737294,15023800
RTX,2021-03-22,68.49140930175781,69.93389856108436,68.19756776484758,69.77362197671475,7457100
RTX,2021-03-23,66.94207763671875,68.71401952222834,66.79070718477085,67.91263655103934,8285400
RTX,2021-03-24,67.27153778076172,69.3017034700534,67.27153778076172,67.87702638926943,7722600
RTX,2021-03-25,69.03455352783203,69.15921231166693,66.45232324637688,66.870823503563,6359100
RTX,2021-03-26,69.60444641113281,69.68458810826002,68.17976928872629,68.92772902386245,6193900
RTX,2021-03-29,69.16812133789062,70.33457434676266,69.03455640866689,69.72908588855694,7136700
RTX,2021-03-30,69.29280853271484,69.85377331334219,68.7941731721572,69.11472641634347,5540000
RTX,2021-03-31,68.80306243896484,69.64896935124769,68.60717485702413,69.31060386897603,6003300
RTX,2021-04-01,68.81196594238281,69.27499022876597,68.50031889966108,69.10580749411875,6166200
RTX,2021-04-05,69.37294006347656,69.85376306582215,69.04348072378409,69.32841614421673,5637900
RTX,2021-04-06,69.01676940917969,69.53321019064535,68.74073333660375,69.08799816957047,8489200
RTX,2021-04-07,69.09689331054688,69.55101140188961,68.60716424137686,68.99894613803383,5334700
RTX,2021-04-08,68.99005126953125,69.0612800232056,68.10852665967984,68.67839744944877,5043000
RTX,2021-04-09,69.71128845214844,70.23663529613151,69.14141769548412,69.93389442876403,5423400
RTX,2021-04-12,70.09416198730469,70.18320300781834,69.56880841750365,69.67566171815668,5485800
RTX,2021-04-13,69.1859359741211,69.52430141201978,68.33112982480061,69.45306586789422,5490700
RTX,2021-04-14,69.41744995117188,70.0674624202487,69.24826722770074,69.45306772418662,4855200
RTX,2021-04-15,69.42633819580078,69.70236737376477,68.54482061946229,69.5955208756594,5106500
RTX,2021-04-16,69.6489486694336,69.97840111794766,68.60715448456423,69.97840111794766,7629700
RTX,2021-04-19,69.97840881347656,70.10307440543335,69.22154988123866,69.55991530024491,6265600
RTX,2021-04-20,68.64277648925781,69.37293062273565,67.73454708316318,69.27498344841035,8692700
RTX,2021-04-21,70.22775268554688,70.29008210211826,68.02840402547528,68.39347438156578,5186900
RTX,2021-04-22,70.11198425292969,71.15378550178119,69.94280831148566,70.33459025418408,6706800
RTX,2021-04-23,71.7147445678711,71.91063892059022,70.17430817063071,70.17430817063071,7139200
RTX,2021-04-26,72.12433624267578,73.07708954846667,71.94625417918778,72.12433624267578,12145600
RTX,2021-04-27,73.73600769042969,74.51958514145866,72.0174891354173,73.69149056741858,11082400
RTX,2021-04-28,73.9764175415039,74.01203531189239,72.55174069294,72.55174069294,7164200
RTX,2021-04-29,73.78943634033203,74.61753089856575,73.46888316982894,74.40382425596654,6237000
RTX,2021-04-30,74.11888885498047,74.27026609182849,73.32641207055872,73.50450093938119,5616000
RTX,2021-05-03,74.92028045654297,75.19630974343579,74.15451521542433,74.61753953458265,5828800
RTX,2021-05-04,74.74217987060547,75.32094993628117,74.03874421646066,74.9024564347574,9306900
RTX,2021-05-05,74.91136169433594,75.39219142474101,74.38601484411643,74.4661497358196,4658200
RTX,2021-05-06,75.40110778808594,75.59700216333351,74.37711878599852,75.51686046737028,4903900
RTX,2021-05-07,76.31824493408203,76.51413931311323,74.92027943955509,75.51686192595272,6056000
RTX,2021-05-10,75.7216567993164,77.50250477636506,75.62370961710705,77.34222818669484,9042600
RTX,2021-05-11,75.0894546508789,75.86411915319225,74.21683617548034,75.00931296140762,6708100
RTX,2021-05-12,73.26409912109375,75.56139509444463,73.21067584514516,75.00043031679267,6086800
RTX,2021-05-13,74.59971618652344,75.04492815401846,73.13942147661139,73.28189256703963,4701200
RTX,2021-05-14,76.46961212158203,76.63879485867056,75.11617060506208,75.19630550574857,4989200
RTX,2021-05-17,77.0840072631836,77.0840072631836,75.73946508867817,75.73946508867817,5059800
RTX,2021-05-18,76.02439880371094,77.43127035651936,75.99768717060886,76.75454621321722,7438300
RTX,2021-05-19,75.87301635742188,75.92643961517918,74.42162791005748,75.54355708333036,9296500
RTX,2021-05-20,76.3478012084961,76.64340522956829,75.32659945045226,75.90886139259008,10059900
RTX,2021-05-21,76.86734008789062,78.02290403042333,76.63444081337083,76.90317232265521,5803800
RTX,2021-05-24,77.46752166748047,77.88853504982276,77.03754168355006,77.4764746004686,5113300
RTX,2021-05-25,77.27044677734375,78.18414483402428,77.02858090384309,77.6018829853485,7606300
RTX,2021-05-26,77.4854507446289,77.69148443000206,77.03755796575823,77.33316884004522,4826200
RTX,2021-05-27,79.37554931640625,79.55470367278794,78.56934104408742,79.27701237010614,10492200
RTX,2021-05-28,79.46513366699219,79.57263039110406,78.86495900121206,79.18744233924642,4850300
RTX,2021-06-01,79.71593475341797,80.55797515218173,79.58156558680466,80.45047845203113,4302200
RTX,2021-06-02,79.39346313476562,79.94885258223981,79.23222147803446,79.94885258223981,4429100
RTX,2021-06-03,79.43826293945312,79.6980415693704,78.73059153401665,78.92766544873332,4083200
RTX,2021-06-04,79.74281311035156,79.93988699136867,79.32179971416983,79.41137688709571,4082800
RTX,2021-06-07,79.69802856445312,79.85927021070108,79.25909562967266,79.69802856445312,5693900
RTX,2021-06-08,80.12800598144531,80.42361682096202,79.50991866662928,79.90405961835094,4777000
RTX,2021-06-09,79.59053039550781,80.23549696866837,79.56365792734282,80.04738285721324,4594500
RTX,2021-06-10,79.05306243896484,80.60277420548371,78.9724450325224,80.44153255829852,4826300
RTX,2021-06-11,79.5547103881836,79.69803935282816,78.9814081982077,79.45617343356575,4082700
RTX,2021-06-14,79.47409057617188,79.89511085425045,79.0530702980933,79.47409057617188,5924900
RTX,2021-06-15,80.0832290649414,80.44154464969019,79.54575910496892,79.68012146923604,5336700
RTX,2021-06-16,79.21430969238281,80.11009516585348,78.78432965802455,79.93094080487967,8033800
RTX,2021-06-17,78.0497817993164,79.48304395005141,77.32419779037463,79.25909759328661,7480500
RTX,2021-06-18,76.96587371826172,77.69146448104615,76.69714222052276,76.94796101879899,10387200
RTX,2021-06-21,78.82911682128906,78.95452623312435,77.50335139492977,77.70938504825939,5097400
RTX,2021-06-22,78.27373504638672,78.88286946378004,77.80792959040407,78.54247343188122,4150100
RTX,2021-06-23,77.57502746582031,78.47977278728854,77.54815499273833,78.3095713453674,3524500
RTX,2021-06-24,77.7989501953125,78.0945609779222,77.27044016061576,78.0945609779222,5335200
RTX,2021-06-25,77.68250274658203,78.29163702738141,77.64667051426449,77.96019400416868,6611000
RTX,2021-06-28,76.24029541015625,77.39585938823024,75.92677188919824,77.38689962068852,5738300
RTX,2021-06-29,75.6401138305664,76.92108709837626,75.55052983204719,76.48214737539068,6496800
RTX,2021-06-30,76.41943359375,76.74191681404989,75.37136654492474,75.55052085206968,4744500
RTX,2021-07-01,77.234619140625,77.26149160943588,76.38361890057855,76.5179880789333,3903900
RTX,2021-07-02,77.66459655761719,77.93333492902374,76.88526758227938,77.4854421995466,4185400
RTX,2021-07-06,76.81360626220703,77.47648561547196,76.07906242904835,77.1719218273749,4140000
RTX,2021-07-07,76.88528442382812,77.07339859129844,75.98053899849765,76.29406261094816,4127200
RTX,2021-07-08,76.5359115600586,76.84047533468379,75.2638910182633,75.78344822305992,4665500
RTX,2021-07-09,77.37794494628906,77.70938802414662,77.05546163656295,77.48544166096464,4556200
RTX,2021-07-12,77.234619140625,77.39586078779061,76.15967254808744,76.64339748958429,5464400
RTX,2021-07-13,76.43738555908203,77.25254688707048,76.37468084154446,77.18984216953291,4595000
RTX,2021-07-14,76.06114196777344,76.9390078368739,75.65803443521484,76.30300101986839,3665400
RTX,2021-07-15,76.12384796142578,76.61652584160436,75.1922303049658,75.32659265045972,3460800
RTX,2021-07-16,74.82496643066406,76.81361145930873,74.6189395799062,76.69716179732826,4023800
RTX,2021-07-19,72.6033935546875,73.41855453690498,71.41199759253246,73.27523245802773,9221300
RTX,2021-07-20,75.96260833740234,76.258212339669,72.576533620388,72.82735928536357,7935000
RTX,2021-07-21,77.55711364746094,77.8975096921107,76.18656286556153,76.38362994343163,5398300
RTX,2021-07-22,76.87629699707031,77.48543129682194,76.31195469768413,77.27939766316048,4124300
RTX,2021-07-23,76.86734008789062,77.69146781887595,76.68818574836772,77.69146781887595,2607600
RTX,2021-07-26,76.99275970458984,77.2167060758473,76.5179944910122,76.79569263869602,3759800
RTX,2021-07-27,79.02619171142578,80.13696373078746,78.30060770025491,78.47080228459471,8429700
RTX,2021-07-28,78.11248016357422,79.83239323794952,77.88853382499252,79.83239323794952,5517100
RTX,2021-07-29,78.51559448242188,79.41137991443057,78.37226553283627,79.39346037858213,4135400
RTX,2021-07-30,77.88854217529297,78.61413303741095,77.62877040887241,78.26477725851366,4443600
RTX,2021-08-02,77.58397674560547,79.49199725377797,77.49439956934253,78.05874193066948,4049200
RTX,2021-08-03,78.80224609375,78.82911856340853,76.43737308359178,77.65564182631577,4629200
RTX,2021-08-04,76.87629699707031,78.28267969636896,76.72401513070733,77.81687433034699,5286000
RTX,2021-08-05,77.82583618164062,78.31852090492222,77.20774887842431,77.40482276773695,3604600
RTX,2021-08-06,78.45288848876953,78.81120402255601,78.08561318720578,78.33643201056621,3020200
RTX,2021-08-09,78.0050048828125,78.3185284485993,77.51232011207527,77.98708534516688,3265600
RTX,2021-08-10,78.51559448242188,78.8828629557092,77.93333258475613,78.10353400381393,2909100
RTX,2021-08-11,79.38450622558594,79.42033846243196,78.31851939089336,78.65891538947989,3724800
RTX,2021-08-12,78.81120300292969,79.42033735219587,78.27372629205342,79.18743123310284,2816500
RTX,2021-08-13,78.15727233886719,78.95452075924746,78.05873540292806,78.91868852487869,3051300
RTX,2021-08-16,78.05874633789062,78.16624305605573,76.65236340482616,77.68251807576402,3895900
RTX,2021-08-17,77.58397674560547,78.08561440011832,76.72402355174039,77.39586262516315,3999200
RTX,2021-08-18,76.57173919677734,77.86166552878339,76.50903449198746,77.08233660272354,4256200
RTX,2021-08-19,75.11184692382812,76.45457630006244,74.76940785900838,75.99498865722227,5707000
RTX,2021-08-20,75.74266815185547,76.13016808329591,74.79644531045054,75.05778311307971,4502400
RTX,2021-08-23,76.5627212524414,77.12144415702984,76.15720111021,76.22028217400866,3367700
RTX,2021-08-24,76.98627471923828,77.57203143070356,76.5987747601447,76.69790313633057,4751800
RTX,2021-08-25,77.25660705566406,77.89643113277987,76.59875589168912,77.15747870389634,3195200
RTX,2021-08-26,76.38249206542969,77.31970135844776,76.16620823797297,77.19353923009152,2596000
RTX,2021-08-27,76.95924377441406,77.62610179517331,76.73395325216772,76.7609870147859,3590400
RTX,2021-08-30,76.41853332519531,77.06736413028102,76.32841163322358,77.04033037281742,2936800
RTX,2021-08-31,76.38249206542969,76.9772554026348,76.0039988050406,76.28336369667544,3969600
RTX,2021-09-01,75.7877197265625,76.72492899328572,75.62551029818117,76.72492899328572,4109000
RTX,2021-09-02,76.18424224853516,76.55371512219287,75.81476249955647,75.8778435694649,3471600
RTX,2021-09-03,75.38220977783203,76.26534477086457,75.24703409003124,76.04005424963694,3300100
RTX,2021-09-07,74.79645538330078,75.38221213184872,74.21971218097332,75.12087429402513,5701400
RTX,2021-09-08,74.6792984008789,75.22900777816068,74.07551462766546,74.64325109536463,3911400
RTX,2021-09-09,75.39122772216797,76.01302492181416,74.55314665929384,74.7333763366623,4521200
RTX,2021-09-10,74.79645538330078,76.11215124331787,74.61622571081894,75.85982695171477,3893400
RTX,2021-09-13,75.37320709228516,75.90489637415952,74.58018681841457,75.49936925232544,4768000
RTX,2021-09-14,74.56214904785156,75.55342596708557,74.12959509688305,75.5173855339391,5253300
RTX,2021-09-15,76.48162078857422,76.65283689195371,74.6432494985958,74.9586548209479,5673400
RTX,2021-09-16,75.71563720703125,76.71592769585381,75.58947506207356,76.54471157073766,5907500
RTX,2021-09-17,75.14789581298828,75.70661870715941,74.22871363258564,75.32812545610403,23128700
RTX,2021-09-20,75.20196533203125,75.33714100562527,73.46272241593314,73.80516837241403,8217100
RTX,2021-09-21,74.89557647705078,75.83278580845558,74.49906298579319,75.40923855648873,5900300
RTX,2021-09-22,76.84209442138672,77.46389851240211,75.34616880972114,75.67058773761424,6233700
RTX,2021-09-23,78.17581939697266,78.40110994278527,77.05838021483227,77.12146129264693,5906800
RTX,2021-09-24,78.54527282714844,79.00486043610572,77.82434057241305,78.0135837423342,4665900
RTX,2021-09-27,78.7074966430664,79.72581424381983,78.60837513468044,79.0589561968697,4162100
RTX,2021-09-28,78.25691223144531,79.05895281311017,77.92348665990171,78.4912162988454,5781200
RTX,2021-09-29,78.39208221435547,79.14004834121985,78.12173773348007,78.55429165300895,3612600
RTX,2021-09-30,77.4638900756836,78.8516804771194,77.37377524448821,78.8426669314036,5642900
RTX,2021-10-01,78.83365631103516,79.23917646875617,77.62609563249514,78.22086586416124,5499500
RTX,2021-10-04,79.02290344238281,79.30226148159028,77.88743731880655,78.40109941929947,5490600
RTX,2021-10-05,79.95108795166016,80.644979616282,79.05893956134067,79.3022502585842,4820500
RTX,2021-10-06,80.44673919677734,80.56389467224736,78.80662441808916,79.48249600615277,4354100
RTX,2021-10-07,81.23976135253906,81.67231529258883,80.87929515228365,81.0054572910749,3750900
RTX,2021-10-08,81.66332244873047,81.85256568895842,80.87029529883574,81.37495081476568,3342700
RTX,2021-10-11,81.00546264648438,82.34819228400202,80.96040179022805,81.75342885828253,3048000
RTX,2021-10-12,80.85224914550781,81.60922186361312,80.34760066677094,80.75312078356737,3404100
RTX,2021-10-13,80.81621551513672,81.10458710538748,79.59063453774074,80.93336411028449,3285500
RTX,2021-10-14,80.35661315917969,81.5281264986544,80.3025456397739,81.39295082481956,4225300
RTX,2021-10-15,81.93363952636719,82.26707190948147,80.80718713447811,80.96939655392293,4581600
RTX,2021-10-18,81.82552337646484,82.11389498031133,80.49180041159903,81.19470576626723,3898700
RTX,2021-10-19,82.2130126953125,82.44730986625072,81.51010055653641,81.98772219418849,4195100
RTX,2021-10-20,82.6185302734375,82.82580055315562,81.17667248622537,81.72638184186879,3916600
RTX,2021-10-21,82.55546569824219,82.60953322752354,81.62726977719701,82.30314139450039,4274900
RTX,2021-10-22,82.78072357177734,83.1952571751084,82.16793327221863,82.60950062952274,4160800
RTX,2021-10-25,82.27608489990234,82.88887527197808,81.73538225517926,82.60951040545255,5953900
RTX,2021-10-26,80.34760284423828,82.17696050455598,78.40108973009606,79.5635894718221,9122500
RTX,2021-10-27,80.34760284423828,81.60922407527113,79.92405562725436,80.33858929963945,4273200
RTX,2021-10-28,80.37464141845703,80.93335746129912,79.96911439105307,80.52783730921564,4179900
RTX,2021-10-29,80.07725524902344,80.88830241779782,79.7618499265335,80.25748489749758,5202300
RTX,2021-11-01,79.79790496826172,80.37464814968273,79.26621576566734,80.12232386722617,4588800
RTX,2021-11-02,79.12203216552734,80.03220090219322,78.58132942552982,79.77987662369888,4554100
RTX,2021-11-03,79.90604400634766,80.01418593650757,78.35604405066242,78.41912512442535,4148500
RTX,2021-11-04,79.35633087158203,80.28452671752015,79.08598637172919,79.60865515490644,3711700
RTX,2021-11-05,82.16796112060547,82.21302197604521,80.25749498029289,80.89731925067406,4330400
RTX,2021-11-08,81.74440002441406,82.60951467523802,81.38393386774074,82.28509582176402,4469100
RTX,2021-11-09,81.99673461914062,82.06882923463736,81.07755233518068,81.74441034022304,3372900
RTX,2021-11-10,81.26679229736328,82.40225838244599,81.23074499105518,82.0237651038713,3503200
RTX,2021-11-11,80.24848175048828,81.48306933490397,79.92406286873742,81.17667754398408,4993600
RTX,2021-11-12,80.07725524902344,80.42870787627227,79.86097829579039,80.36562681177429,3273100
RTX,2021-11-15,80.51884460449219,80.7711689311253,80.05924993794058,80.7711689311253,3423100
RTX,2021-11-16,80.1133041381836,80.94237153807371,80.03219598204188,80.44672968198695,4746200
RTX,2021-11-17,78.80663299560547,80.24849804066788,78.5723357698066,79.98716017313338,3910600
RTX,2021-11-18,78.77942657470703,79.57709860428271,78.26274439482911,79.0332309970424,4376300
RTX,2021-11-19,77.4378890991211,78.18117652979272,77.10250069277862,78.18117652979272,5478200
RTX,2021-11-22,78.67973327636719,79.44114670372561,77.66450845756935,77.78234427399768,6819800
RTX,2021-11-23,79.14199829101562,79.5317713338395,78.62532304035622,79.15106471033292,5950700
RTX,2021-11-24,79.03324127197266,79.29611214803862,78.5709506336737,78.79756274245615,3464500
RTX,2021-11-26,75.23521423339844,75.7700154487975,73.80302415811457,75.74282310437411,7113600
RTX,2021-11-29,75.18082427978516,76.54955623469525,74.80011073756184,76.22323429316195,5835000
RTX,2021-11-30,73.34980773925781,74.7819979661233,72.76968127798497,74.43755004088409,7966000
RTX,2021-12-01,71.65474700927734,74.4556691763034,71.60942182414038,74.4556691763034,8499000
RTX,2021-12-02,74.02056884765625,74.53724408353376,72.07170368929317,72.56118658364842,6409100
RTX,2021-12-03,73.52201080322266,74.43752538110982,72.62462906129795,73.97523488317562,6038900
RTX,2021-12-06,75.92411804199219,76.49517803022907,74.02963733672306,74.5553790554726,4964200
RTX,2021-12-07,77.05715942382812,77.7732542945847,76.18697002681586,76.53141783532574,5102900
RTX,2021-12-08,78.40777587890625,79.45019277950178,77.77326485192715,77.80951669719609,6749500
RTX,2021-12-09,78.09960174560547,78.47124201384271,77.5194683753973,77.95456667414021,4241900
RTX,2021-12-10,78.09960174560547,78.84288919773279,77.68262937296929,78.77943808287995,3294400
RTX,2021-12-13,76.4407958984375,77.90017838841776,76.17792503026656,77.45601368927417,4173900
RTX,2021-12-14,75.68843078613281,76.81242470813129,75.44369279533976,75.8062665719737,6144700
RTX,2021-12-15,75.62499237060547,75.88786324372069,74.39222195941473,75.65218471684969,5388300
RTX,2021-12-16,74.96326446533203,76.61299993672894,74.74571883054647,76.37732838056584,4546300
RTX,2021-12-17,74.58256530761719,75.25333511584397,73.57640713745116,74.96327193534171,8892600
RTX,2021-12-20,73.44951629638672,73.73957952178363,72.23487870117867,73.44951629638672,5828400
RTX,2021-12-21,75.85160064697266,76.06914632159483,74.02963746842465,74.02963746842465,7301900
RTX,2021-12-22,76.20511627197266,76.82150145704465,75.62498985256988,75.67031503856951,3852800
RTX,2021-12-23,76.95746612548828,77.229396480487,76.61301132724368,76.64927009104059,2650000
RTX,2021-12-27,77.26566314697266,77.4106982169944,76.35921470629509,76.79431300070755,2743700
RTX,2021-12-28,77.97268676757812,78.27181639335949,76.84869271041303,77.11156357104039,3220100
RTX,2021-12-29,77.8548583984375,78.01801939937732,77.24753958435987,77.57386158623952,2085300
RTX,2021-12-30,77.77327728271484,78.40778841111018,77.68262690809897,77.99082296735715,2459400
RTX,2021-12-31,78.0089340209961,78.25367892075573,77.50132521505212,77.70981135500843,2667700
RTX,2022-01-03,78.83380889892578,78.98790344849112,78.01800405468036,78.0270704739641,5169200
RTX,2022-01-04,81.59848022460938,81.64380540992579,79.49552025706093,79.64962173774535,6044200
RTX,2022-01-05,81.19058227539062,82.96722029559554,81.03648770835427,81.7616422732825,6833600
RTX,2022-01-06,81.63471984863281,82.42333224492516,81.22682093903546,81.94291582208584,5559000
RTX,2022-01-07,81.97919464111328,82.82219192081476,81.6619321719501,81.81603365421454,4835300
RTX,2022-01-10,81.33560943603516,82.29644242615528,80.89144478739509,82.19673255937093,4884200
RTX,2022-01-11,82.23299407958984,82.34176345380153,80.91863984409886,81.34467166816655,4529800
RTX,2022-01-12,82.55025482177734,82.98535309302977,82.34176864863188,82.48680371093349,4613100
RTX,2022-01-13,82.9944076538086,83.81021254152762,82.4505400338799,82.83124667626478,5026300
RTX,2022-01-14,83.69237518310547,83.82834381445963,82.23299283225133,82.53212243810012,4987400
RTX,2022-01-18,82.26017761230469,83.30259446930987,81.83414583386899,82.78591925018921,6010200
RTX,2022-01-19,81.30841827392578,82.79499308863241,81.19964889253171,82.24206593002357,4887800
RTX,2022-01-20,80.0937728881836,82.3327013109767,79.99406302125057,81.54408879495693,5354700
RTX,2022-01-21,79.05136108398438,80.50167708489452,78.69784677487665,80.23880622915891,5846500
RTX,2022-01-24,79.87622833251953,80.03938930650965,76.86682019109774,77.74606925107864,8849700
RTX,2022-01-25,81.86135864257812,82.74968118096399,77.04811950752853,77.04811950752853,10377400
RTX,2022-01-26,80.65577697753906,82.95814969367598,79.28703803687098,81.56222532474801,9829100
RTX,2022-01-27,80.92770385742188,82.92189428504588,80.13003183576333,81.50783022147387,6998700
RTX,2022-01-28,81.87948608398438,81.91574485006294,79.29610951284664,80.64671569992348,5877600
RTX,2022-01-31,81.7525863647461,81.95200612646045,80.68297693744863,81.22684461398148,6419700
RTX,2022-02-01,82.2420425415039,82.43239582046208,80.91862217525116,81.67097578897898,6558400
RTX,2022-02-02,83.88272857666016,84.01869720813738,81.80696108868673,81.8522862710631,5978600
RTX,2022-02-03,84.1274642944336,84.29062526464159,83.04879552284059,83.52921201410537,7171700
RTX,2022-02-04,84.30877685546875,85.11551546658576,83.49297182297592,83.71958394779874,6321400
RTX,2022-02-07,85.23335266113281,85.86787077029666,84.30877821978132,84.71667728480188,4932700
RTX,2022-02-08,86.17604064941406,86.40265272716213,84.18185713149167,85.05204668016607,8173200
RTX,2022-02-09,87.01903533935547,87.30909851386059,86.54768527415399,87.04622768139475,5394900
RTX,2022-02-10,86.16697692871094,87.88923015666846,85.7046932548952,86.402655433333,6534300
RTX,2022-02-11,86.35733795166016,87.0643735285815,85.27866903423978,86.33921202614287,6532900
RTX,2022-02-14,84.81636047363281,86.65644927119003,84.19997540155762,86.57487225012844,6419200
RTX,2022-02-15,85.24241638183594,86.02196263239448,84.81638448726869,84.83451041408613,4616000
RTX,2022-02-16,85.88599395751953,86.35734412685284,85.13364005517975,85.21522401497296,4560900
RTX,2022-02-17,85.53246307373047,86.26668399172644,84.69853228839534,85.17894878612859,5753300
RTX,2022-02-18,84.63507080078125,86.12164529337132,84.29061605926465,85.33303287088171,6544800
RTX,2022-02-22,84.7891845703125,85.87691988923989,84.10934826706976,84.861702102415,5862200
RTX,2022-02-23,83.61079406738281,85.68656162372055,83.43857358311476,85.47808237548762,6903300
RTX,2022-02-24,85.90775299072266,86.27234961970002,81.40499957417205,84.7683928714823,9698500
RTX,2022-02-25,89.4352035522461,89.57192118665465,85.86216536750428,86.03535030989039,8692300
RTX,2022-02-28,93.60983276367188,93.84682163625186,89.69043778477192,90.25555600248194,16726100
RTX,2022-03-01,93.63717651367188,95.10466597164307,93.13585527199366,93.67362991842812,12340900
RTX,2022-03-02,91.82329559326172,93.43663318466511,90.94826798186551,93.15406718689145,12834600
RTX,2022-03-03,90.99384307861328,92.3793016930814,89.90005337383211,92.11496935494515,8613500
RTX,2022-03-04,90.77507781982422,91.10321402447848,89.53546065725365,91.10321402447848,8627200
RTX,2022-03-07,89.49900817871094,93.97441060424418,89.4352042974215,92.32461956368792,12759000
RTX,2022-03-08,86.45462799072266,89.69041289470861,86.30879353936916,89.33493316153957,9410600
RTX,2022-03-09,89.79981231689453,90.31025042582004,86.81924903197988,86.81924903197988,7100500
RTX,2022-03-10,89.79068756103516,90.96650795132794,89.015924128266,89.48077801546643,5118400
RTX,2022-03-11,88.3414077758789,90.9209202654261,88.23203367580828,90.03677586798335,4354300
RTX,2022-03-14,88.45079040527344,89.01591543073957,86.96506756868003,88.56928133382715,5581700
RTX,2022-03-15,88.97945404052734,89.41696435169875,88.02238893442572,89.21643589486978,5417600
RTX,2022-03-16,87.320556640625,88.99769128909172,85.74367927835628,88.4507998582483,8813000
RTX,2022-03-17,89.09795379638672,89.13441415161401,87.3478984700866,88.04974118443242,6537200
RTX,2022-03-18,88.88831329345703,89.5810461719887,87.80364722179134,89.32583062571443,10438500
RTX,2022-03-21,91.09410858154297,91.89621547964231,89.1435249113118,89.17997830995617,6673700
RTX,2022-03-22,92.40664672851562,92.63451871813879,90.15527731248365,90.96650103921407,6048300
RTX,2022-03-23,92.26994323730469,93.4093033600141,92.16056216204775,92.20613934859706,4471800
RTX,2022-03-24,92.70744323730469,93.1540704081897,92.17877853064809,92.66187300996629,3894600
RTX,2022-03-25,93.36370849609375,93.85591281040313,92.89884770689584,92.97176840992708,3521400
RTX,2022-03-28,92.59806823730469,93.11762310497313,91.98737290899186,92.67098895074258,4053300
RTX,2022-03-29,92.13321685791016,92.424892765544,90.57457307454465,91.92357153956291,5038200
RTX,2022-03-30,91.90534210205078,93.31814441249402,90.93005016298406,92.63452837237897,5168100
RTX,2022-03-31,90.30111694335938,91.97825849920761,90.2373130607734,90.4925285911173,5505600
RTX,2022-04-01,91.30374908447266,91.5589646056486,90.2190831194749,90.93004262963686,3608600
RTX,2022-04-04,90.51075744628906,91.51339281409028,89.83625134717259,91.2581772972792,3812300
RTX,2022-04-05,90.06414031982422,91.61367432050895,89.88184547461546,90.67484265488896,4217100
RTX,2022-04-06,89.7451171875,90.49253714880406,89.44432444653437,89.61750941026045,5260800
RTX,2022-04-07,92.04207611083984,92.30640155376464,89.23469095010252,89.55371041061751,6151500
RTX,2022-04-08,91.51338195800781,93.64626019899596,91.2125892971196,92.95353443671459,4811400
RTX,2022-04-11,93.07202911376953,93.8376756043023,91.73214080123643,91.73214080123643,5707600
RTX,2022-04-12,93.51866149902344,94.77651931015482,93.03557400220967,93.13583823220134,4839200
RTX,2022-04-13,94.22052001953125,95.20492180529848,93.55513069885079,94.1749428364607,5351900
RTX,2022-04-14,95.04084014892578,95.68800267668828,94.49394880046103,94.69447725085494,4027400
RTX,2022-04-18,95.06820678710938,96.12552931331905,94.71272700247748,95.0317464304674,3873300
RTX,2022-04-19,95.29607391357422,96.30782615767323,94.94059414717204,95.195809676476,4572800
RTX,2022-04-20,95.67890167236328,96.63595995191405,95.04997269287139,96.32605735304102,4232200
RTX,2022-04-21,92.72566223144531,96.63593899639744,92.42486957134116,96.48098773056213,5795300
RTX,2022-04-22,91.5954360961914,93.48221616183977,91.48606197616104,92.47046382694549,4683300
RTX,2022-04-25,90.7933120727539,91.07587110203544,88.93387588545075,91.01206722593635,5612500
RTX,2022-04-26,90.4104995727539,92.01471349242122,88.21381009094662,88.32319115760194,7199200
RTX,2022-04-27,90.09149932861328,91.06679847575126,88.96125579512128,90.43786932975874,6632100
RTX,2022-04-28,89.39874267578125,90.47429876948385,88.32318658207865,90.23730994772527,6544200
RTX,2022-04-29,86.50932312011719,90.13704120172358,86.23587395838358,89.75421793857737,5883000
RTX,2022-05-02,85.88040161132812,86.89215386107088,84.22149370749705,86.14473396932505,7870600
RTX,2022-05-03,86.95594787597656,87.62133015499417,85.97153926565096,86.75541942341755,5612200
RTX,2022-05-04,89.10706329345703,89.34404515178696,86.54577744372793,86.58223779595586,6160800
RTX,2022-05-05,87.7945327758789,89.50812788599845,86.96508222798407,89.14353821234486,5906500
RTX,2022-05-06,86.86481475830078,87.54843080218845,85.42466195685961,87.23852124615966,5295000
RTX,2022-05-09,83.62902069091797,86.3999449357686,83.17327670895111,86.16295611799748,6071900
RTX,2022-05-10,83.57433319091797,85.55226039307954,83.27354049544606,84.25794916020801,7526300
RTX,2022-05-11,82.9454116821289,85.79836674530128,82.77222672912835,83.19151039324909,6493900
RTX,2022-05-12,83.38291931152344,84.28529041956973,81.97922705783971,82.80867746213855,6356200
RTX,2022-05-13,83.78396606445312,84.41289494050594,83.02742943878101,83.90246394202876,5465600
RTX,2022-05-16,84.29441833496094,85.26059344736095,83.68371605336469,83.72017641003477,5158500
RTX,2022-05-17,86.54578399658203,86.71896894425224,85.22412916022982,85.98066587951358,4447200
RTX,2022-05-18,84.41291046142578,86.77366121755249,84.1121177302592,85.98067104969779,5843100
RTX,2022-05-19,82.75325012207031,84.77967236037405,82.10222816280375,83.78938248051186,5234700
RTX,2022-05-20,82.59736633300781,83.59682042928151,81.08442475093895,83.29423071373833,6585500
RTX,2022-05-23,84.2020263671875,84.3762390193888,82.5240359571039,83.0741947976881,4701300
RTX,2022-05-24,85.46739196777344,85.65994721122144,82.95499551123636,83.62435321527238,5932000
RTX,2022-05-25,85.78829193115234,86.28343683702236,84.89886535925511,85.56822986042582,3742000
RTX,2022-05-26,87.10868072509766,87.8972440786819,86.29261048637747,86.66854957598078,5545800
RTX,2022-05-27,88.67664337158203,88.6858146659245,87.29207174307982,87.68635345203153,3394200
RTX,2022-05-31,87.21873474121094,87.99812697527462,86.7694321981499,87.43879686709565,6478700
RTX,2022-06-01,86.9344711303711,88.2823646223401,86.28344912318738,88.03479563197652,4245900
RTX,2022-06-02,88.24566650390625,88.30985156065965,86.24675145632625,87.81470669614205,3460300
RTX,2022-06-03,88.3282241821289,88.59413579214471,87.37461230348048,87.43879738206023,2837000
RTX,2022-06-06,89.13511657714844,89.39185687206809,88.38323128674875,88.9333900609549,3080300
RTX,2022-06-07,92.16099548339844,92.3168725120261,88.63080262255613,89.10760500296072,5634600
RTX,2022-06-08,90.98729705810547,91.9959223180312,90.73972114241198,91.44576372131226,6666600
RTX,2022-06-09,89.29098510742188,90.93229697432085,89.2359713339368,90.16207616293909,4566900
RTX,2022-06-10,87.5580062866211,88.65833104003231,86.60439429859125,87.8605961184829,5615900
RTX,2022-06-13,84.31204223632812,85.76079901212599,83.78939036096412,85.72412082842435,5419200
RTX,2022-06-14,83.73438262939453,85.00891987355139,83.19339512094106,84.75217956474984,3977900
RTX,2022-06-15,84.61463165283203,85.44904458836176,83.25757383976259,84.44958332468593,4139200
RTX,2022-06-16,82.08389282226562,83.60600595670248,81.6162617229708,83.48680710709465,4517700
RTX,2022-06-17,81.49705505371094,82.53319448880741,80.33255247116804,82.02887821547301,7577200
RTX,2022-06-21,85.20147705078125,85.59575881848696,82.62489561277933,83.30342458662791,5834200
RTX,2022-06-22,84.87136840820312,86.02670665712047,83.51431065163806,83.62433820205537,4481500
RTX,2022-06-23,84.13783264160156,85.56824687929307,83.23006330246795,84.81636157542337,3310500
RTX,2022-06-24,86.37513732910156,86.53102134878381,84.24785177988844,84.81635309746139,4782200
RTX,2022-06-27,86.9344711303711,87.15454022808103,86.04504443182566,86.59521018045243,2942600
RTX,2022-06-28,85.99003601074219,88.75000823782659,85.89834404547645,87.5029779223967,3358800
RTX,2022-06-29,85.54991149902344,86.46684513997482,84.63297785807205,86.39348876974306,2504100
RTX,2022-06-30,88.12647247314453,88.27317818413522,85.00889741356488,85.24730206402751,6319100
RTX,2022-07-01,88.96090698242188,89.23598989837018,87.42045804353951,88.07148714490722,4221000
RTX,2022-07-05,85.20147705078125,87.52131817411878,83.8169122116056,87.03534443626849,4938700
RTX,2022-07-06,86.11840057373047,86.85195023955943,84.57795187200811,85.27482335498082,4294700
RTX,2022-07-07,86.1367416381836,87.10868898190061,86.01753579709893,86.69607167445605,3212600
RTX,2022-07-08,87.21873474121094,87.76889355374713,86.13675271177526,86.45767810278397,2763200
RTX,2022-07-11,86.84278106689453,87.23706279767326,86.2376085240994,86.45767063096598,2501400
RTX,2022-07-12,86.65022277832031,87.33792295910062,86.01753637339506,86.33846872094426,4667400
RTX,2022-07-13,84.18367004394531,86.49434659141818,84.09197808474516,85.10060362724292,5653700
RTX,2022-07-14,82.59736633300781,83.1658605912013,81.65292600477943,82.56068815576195,5029700
RTX,2022-07-15,83.65184783935547,83.86273863071635,82.79909938866493,83.44095005234703,3965200
RTX,2022-07-18,82.34062957763672,84.65129887687965,82.04721114288131,84.57794251927898,5364300
RTX,2022-07-19,86.0267105102539,86.20093013374851,81.79964603307627,81.84549551156904,5027600
RTX,2022-07-20,86.95281219482422,87.23705936315476,85.39402092713092,85.82498082469526,3849200
RTX,2022-07-21,87.00782775878906,87.14536919636073,85.80664699500255,86.72358058461623,3124500
RTX,2022-07-22,86.38431549072266,87.75971592056345,86.15508208574919,87.24623533203035,3254200
RTX,2022-07-25,86.71441650390625,87.48464442099575,86.21927148484487,86.75109469001991,4769200
RTX,2022-07-26,82.74408721923828,85.61409390309328,82.69824473601001,84.82553043682465,8253200
RTX,2022-07-27,82.77159118652344,83.28507874835175,81.6621023942279,83.28507874835175,5558900
RTX,2022-07-28,84.71549224853516,84.97223252966758,82.7532549619967,82.7532549619967,4490900
RTX,2022-07-29,85.46739196777344,85.63244031867875,84.25703972635091,84.33956739962815,4848400
RTX,2022-08-01,85.49488830566406,87.07201524280184,85.35734686428144,85.81581367179133,5623100
RTX,2022-08-02,85.96253204345703,86.90697260953733,84.9997488863108,85.95336074792407,4066800
RTX,2022-08-03,86.67771911621094,87.0444939004478,84.73382465235571,85.96251213455498,4491100
RTX,2022-08-04,85.07310485839844,86.98032857263782,85.01809107675746,86.77860204575595,4443700
RTX,2022-08-05,85.3023452758789,85.36653035827655,84.2111918794697,84.50461739402955,3320200
RTX,2022-08-08,83.62433624267578,85.91667009796457,83.40427415134943,85.91667009796457,4607400
RTX,2022-08-09,84.30289459228516,84.63299131516666,83.49598838273053,83.90861278415723,3137500
RTX,2022-08-10,85.6599349975586,85.93501787506165,84.77050828869999,85.24731767695219,3351300
RTX,2022-08-11,85.4123764038086,86.60438602827728,85.32984873225016,85.95336393427881,3487900
RTX,2022-08-12,87.11785888671875,87.1728726613277,85.53156076089839,85.53156076089839,3652200
RTX,2022-08-15,88.14482879638672,88.16317138685426,86.14591316998522,86.50351673196842,3376600
RTX,2022-08-16,87.15453338623047,88.25485080581012,86.99864937201119,87.75970586830502,5851000
RTX,2022-08-17,87.0995101928711,87.6955183600664,86.01752839563338,86.29261124069193,3311100
RTX,2022-08-18,87.34851837158203,87.63442089194655,86.91504872045643,87.47763609280395,2694500
RTX,2022-08-19,86.14035034179688,87.62521130925376,85.90055725037703,86.92428144623585,5024700
RTX,2022-08-22,84.64625549316406,85.7253137330016,84.52636247864477,85.13505929225006,5769600
RTX,2022-08-23,85.24574279785156,85.44864410060339,84.62782122048093,84.78460603210237,2633900
RTX,2022-08-24,86.0573501586914,86.3063679791551,85.5869956736189,85.7437805019764,3065800
RTX,2022-08-25,88.65816497802734,88.74117326688861,86.47238089293253,86.53693976809589,4257700
RTX,2022-08-26,86.25102233886719,89.30375268166826,86.22335525721459,89.11007607371111,2805700
RTX,2022-08-29,84.95985412597656,85.76222772609356,84.18514057410972,85.45788275866458,3799000
RTX,2022-08-30,83.7701187133789,85.31953875263923,83.30898188069892,85.20886337969576,3463000
RTX,2022-08-31,82.7740478515625,84.1482334167367,82.73715606664922,83.9176650383201,4665700
RTX,2022-09-01,81.187744140625,82.58960395746551,80.68049788084376,82.46048621596562,6151900
RTX,2022-09-02,80.78194427490234,82.7832834095847,80.50526640636369,82.0546863939042,4171600
RTX,2022-09-06,80.38536071777344,81.49208609055597,79.85965807385517,80.89260691513697,4557400
RTX,2022-09-07,80.65281677246094,80.89260985863172,78.71604378142266,79.61065022456222,5333100
RTX,2022-09-08,79.83201599121094,80.32081996784586,78.8082915344738,80.09947623126205,5758400
RTX,2022-09-09,81.19696807861328,81.49209534730491,79.76744119303217,80.33002864841139,4126800
RTX,2022-09-12,80.97562408447266,81.79644701734998,80.70816389878163,81.47364563146796,5437000
RTX,2022-09-13,77.21275329589844,80.18247565903141,76.86228479565929,79.45387861047973,5867700
RTX,2022-09-14,79.68444061279297,80.74505666227384,76.81616914792406,77.74766745604786,7737900
RTX,2022-09-15,78.9558334350586,80.19167652469511,78.51313906724971,79.36163601918439,5054600
RTX,2022-09-16,78.57771301269531,79.49998667263958,77.93212426529018,78.22725155501676,8211100
RTX,2022-09-19,78.34715270996094,78.7068389116708,77.50788725143471,77.8860158322416,5587000
RTX,2022-09-20,78.53160095214844,78.83595293858956,77.21274938062633,77.99668055835303,3861500
RTX,2022-09-21,77.76609802246094,81.15083993874883,77.72920623962003,80.38535831306116,7047100
RTX,2022-09-22,76.96372985839844,77.95978704487649,76.73316145614274,77.47098315791668,4950300
RTX,2022-09-23,75.65410614013672,76.5763797871678,74.48282170441864,76.42881966256537,6725900
RTX,2022-09-26,74.78716278076172,75.98612127426296,74.45515075853173,75.24829958035617,4843500
RTX,2022-09-27,74.70415496826172,75.67254497685016,74.03089220401829,75.22985059213839,6119300
RTX,2022-09-28,76.82537841796875,77.36029165194645,74.51047017209508,74.90704802269187,6066600
RTX,2022-09-29,75.94002532958984,76.51183764892302,75.09153507746272,76.24437738841513,6989900
RTX,2022-09-30,75.49730682373047,76.42880499870083,75.41429855250135,76.03222712511054,6403900
RTX,2022-10-03,76.65013885498047,77.5355204286189,75.63563957496065,76.4656869991177,4303400
RTX,2022-10-04,78.88206481933594,79.58299476939548,77.49865433274951,77.70155566327118,4432100
RTX,2022-10-05,78.58692932128906,79.29708390393364,77.58165451684556,77.98745009911073,3800400
RTX,2022-10-06,77.7292251586914,78.82673309707762,77.48943203005453,78.1903620018601,3192700
RTX,2022-10-07,77.48020935058594,77.55398589306729,76.28125082129961,77.24964094390698,4417500
RTX,2022-10-10,77.61854553222656,79.28785841009874,77.1205169696616,78.23646712348005,3645400
RTX,2022-10-11,78.0151138305664,78.891277898098,76.83460484850015,77.23118274432446,4547700
RTX,2022-10-12,76.53947448730469,78.05200243855545,76.48414032989423,77.95055179237742,5489100
RTX,2022-10-13,78.27338409423828,78.5223949374451,74.69495705698766,75.11920218314181,5049000
RTX,2022-10-14,76.17057800292969,78.78061414264421,75.76478237833481,78.78061414264421,4614600
RTX,2022-10-17,77.9044418334961,78.79904823321952,77.31418737032794,77.66464875896271,4442000
RTX,2022-10-18,80.56981658935547,81.20618758021969,78.78060367961469,79.24174044716531,5779100
RTX,2022-10-19,80.81883239746094,82.03623325840341,80.09946012095708,80.37614501333046,4573700
RTX,2022-10-20,80.45914459228516,81.56587710246069,80.05334900463754,80.98484024779212,3663100
RTX,2022-10-21,81.6580810546875,81.99010001465874,79.74897555304648,80.47757232429517,5422900
RTX,2022-10-24,82.75562286376953,83.41965402255207,82.08235996133352,82.17458592479859,7727800
RTX,2022-10-25,81.4920883178711,82.08234280433953,79.177179825897,81.61198134167644,7561000
RTX,2022-10-26,83.48420715332031,85.03362715659291,81.71344344569148,81.71344344569148,6668600
RTX,2022-10-27,84.66472625732422,86.12191331750651,83.84390324873144,83.8715703331845,6420800
RTX,2022-10-28,87.6897964477539,87.76358004204852,84.91375028083908,85.31032830468406,6360800
RTX,2022-10-31,87.44998168945312,87.71744187543091,86.55537517962136,87.36698044366128,4933000
RTX,2022-11-01,88.12324523925781,88.61204912112882,87.66210843954718,87.92034392156287,5217500
RTX,2022-11-02,86.83206176757812,89.1377457920152,86.72138640130501,87.75433537735294,5326000
RTX,2022-11-03,87.4315414428711,88.38148213969822,85.79911320531886,86.12190756301896,4141600
RTX,2022-11-04,87.81887817382812,88.44602439513498,86.12189138354395,87.95722059724939,4247800
RTX,2022-11-07,88.6950454711914,88.86105499137823,87.93878144287116,88.25235810828572,3295600
RTX,2022-11-08,88.78726196289062,89.12850567259562,87.67131193241279,88.7503772169007,3927500
RTX,2022-11-09,87.73588562011719,88.93484412267016,87.63443496052936,88.39069903611824,3478700
RTX,2022-11-10,90.23523712158203,90.4012466353539,88.26157236695464,89.36830480422988,4764100
RTX,2022-11-11,86.37092590332031,89.64499303184391,85.56854532097769,89.58965886629936,6937600
RTX,2022-11-14,85.72532653808594,87.19174519077585,85.6976594564786,86.3709222666095,4942400
RTX,2022-11-15,88.34456634521484,88.49212642447209,86.08499238252139,86.34323483489946,7506500
RTX,2022-11-16,87.0165023803711,88.77804812386196,86.92427643864224,88.14167716407273,4813000
RTX,2022-11-17,87.69371032714844,87.79575583423133,86.1630347985514,86.28363789472927,3256300
RTX,2022-11-18,88.46369171142578,89.67895198223557,88.32453809715709,88.77909996463111,4073300
RTX,2022-11-21,89.2429428100586,89.51197125018625,88.07406940796227,88.37092715609504,3271700
RTX,2022-11-22,89.8459243774414,90.5324064957191,89.53051616118944,90.04073658353457,3031500
RTX,2022-11-23,90.10567474365234,90.18916973419245,89.6232836213126,89.83664633936142,2172300
RTX,2022-11-25,90.42109680175781,90.72723332722053,90.15206837734935,90.30977249859502,1313200
RTX,2022-11-28,89.892333984375,90.91278216457022,89.4841518812378,90.05003813235155,4662300
RTX,2022-11-29,90.38400268554688,90.82929288944985,89.6233041903504,89.79956592821894,2916100
RTX,2022-11-30,91.58069610595703,91.69201332866227,89.0945100192747,90.46747433537972,6191200
RTX,2022-12-01,92.30429077148438,92.73102332673845,91.348780150193,91.95177442000842,4084200
RTX,2022-12-02,93.70509338378906,93.83496820413593,91.54359418028527,91.54359418028527,4339700
RTX,2022-12-05,93.39896392822266,93.96485015021038,92.30429958968134,92.52694114463878,4532000
RTX,2022-12-06,91.5899887084961,94.15038430377146,91.07048230618071,93.99268016273263,3809700
RTX,2022-12-07,91.87754821777344,92.42487673636957,91.34877020927972,91.73839462024436,3220500
RTX,2022-12-08,92.29501342773438,93.02788252686088,92.01671327566089,92.43416704259455,2780100
RTX,2022-12-09,91.16323852539062,93.083538539363,91.12613750160223,92.06309052166235,3328400
RTX,2022-12-12,92.35994720458984,92.40633410026751,91.37660729951305,91.46937401322182,4578700
RTX,2022-12-13,92.66608428955078,94.58638429327472,92.45272155449625,94.22458915327213,7098700
RTX,2022-12-14,92.72174835205078,93.60304988352098,92.2300783676454,93.03716369227973,4939100
RTX,2022-12-15,91.36734008789062,92.57332875193288,90.26340402280623,92.5362206462157,4843000
RTX,2022-12-16,91.22817993164062,91.49720837060016,89.29860811597939,90.41182289723191,7610800
RTX,2022-12-19,90.48603820800781,92.0259855427578,90.09641374618941,91.37661143972713,4732700
RTX,2022-12-20,91.07975006103516,91.80334034057732,90.25411427256816,90.35615978149299,3907000
RTX,2022-12-21,92.54551696777344,92.62900491321193,91.56216967416637,91.85902749847351,3610000
RTX,2022-12-22,91.38589477539062,92.40634287841782,89.96654339563996,92.26718925581245,3165000
RTX,2022-12-23,92.1187515258789,92.22079703022183,90.94059236760924,91.38588248452804,2119300
RTX,2022-12-27,92.45272827148438,92.99077808439553,92.14659172227219,92.39706257676126,2600200
RTX,2022-12-28,91.97032165527344,93.08353636169498,91.94249234925987,92.53620780303757,2418700
RTX,2022-12-29,93.07427978515625,93.32475065766886,91.91467799498231,92.05383162533272,2940600
RTX,2022-12-30,93.62159729003906,93.70509228937082,92.5640411494822,93.02788181034562,2984100
RTX,2023-01-03,93.51956939697266,93.9092010045138,92.86091638377786,93.68655234944796,3532300
RTX,2023-01-04,93.5473861694336,94.71626668007254,93.14848997395423,93.2412566956389,5635100
RTX,2023-01-05,93.58448791503906,94.12254477295794,92.4527226631484,93.01860175027038,4967200
RTX,2023-01-06,95.05022430419922,96.43246744717749,93.97411768613624,94.53072504566168,6411700
RTX,2023-01-09,92.39704895019531,95.34707554015863,91.63635062587251,95.30069572531771,6377300
RTX,2023-01-10,92.69390869140625,93.77002233739991,91.85899415186742,92.23006806695648,4701900
RTX,2023-01-11,92.38777160644531,93.07426082226975,91.7755056663529,92.87944861052915,4518700
RTX,2023-01-12,93.39896392822266,93.45462254755016,92.3321288993451,92.62898666517083,4221400
RTX,2023-01-13,91.5435791015625,91.88682368602518,90.45819381988134,90.67155652774395,4968000
RTX,2023-01-17,91.31168365478516,92.44345613449568,91.2467462376369,92.0723821460852,3959000
RTX,2023-01-18,88.81620788574219,91.5250427280194,88.75127047623553,91.5250427280194,5321800
RTX,2023-01-19,87.42469024658203,88.62140006209809,87.35048111606218,88.34309989794257,4641500
RTX,2023-01-20,87.5360107421875,87.6102269471186,86.58977182343294,87.34119851247847,8216200
RTX,2023-01-23,89.2893295288086,89.92015312702709,87.67516596893805,87.9441944085243,5686600
RTX,2023-01-24,92.27645874023438,92.6011457751196,87.22059148004868,91.71985138362447,8308000
RTX,2023-01-25,92.77740478515625,92.77740478515625,90.52313904047357,92.11875193993902,5967300
RTX,2023-01-26,93.00005340576172,93.63087699376453,91.96104776739035,93.39895666108183,4302900
RTX,2023-01-27,92.39704895019531,93.26907156989931,92.14657813264529,92.6289692573382,3365800
RTX,2023-01-30,91.5714340209961,92.58261047017689,90.78290621314638,92.3043032073369,4607300
RTX,2023-01-31,92.62898254394531,92.74958565065229,91.1261432677872,91.65492136081451,4099500
RTX,2023-02-01,91.30239868164062,92.75885814855539,90.54170024180578,92.7031995312361,5155100
RTX,2023-02-02,89.947998046875,91.30241219743802,89.59548162225666,91.18181614951158,6035700
RTX,2023-02-03,89.50269317626953,90.71795339049974,89.41919818053691,89.76244280273279,3844300
RTX,2023-02-06,90.57881164550781,90.90349872111005,89.70678886162113,89.75317576284178,5243000
RTX,2023-02-07,90.79217529296875,91.09830475615443,88.87187520229122,90.13352239089207,3814500
RTX,2023-02-08,90.58808898925781,91.14469640674665,90.21701501838282,90.30050294606485,3789500
RTX,2023-02-09,90.77362060546875,91.38589370671342,90.25412130330758,90.95916112598857,3670900
RTX,2023-02-10,93.33403015136719,93.41751808361288,91.09831448592986,91.12615087432611,5291000
RTX,2023-02-13,93.28764343261719,94.0854500380078,92.87018961526877,93.80714985232476,5238600
RTX,2023-02-14,94.03905487060547,94.6791501476019,93.000049278346,93.00932807298263,3699700
RTX,2023-02-15,94.12255096435547,94.18748837715887,93.41751114131334,93.69581838341205,2551000
RTX,2023-02-16,93.66798400878906,94.12254587382839,92.703194586713,93.1484847344584,3524300
RTX,2023-02-17,94.16893768310547,94.25242560898647,93.05571579449533,93.55666458272282,6507500
RTX,2023-02-21,93.37113189697266,95.22649464871519,93.12065396200497,94.8090337829848,3853000
RTX,2023-02-22,93.24125671386719,93.80714291719563,92.61043309758206,93.44534774820167,4489800
RTX,2023-02-23,92.94276428222656,93.88487980859384,92.15922772954958,93.76361311597245,3227800
RTX,2023-02-24,92.92411041259766,92.93343314529326,91.77678091454176,92.62561928477179,3915000
RTX,2023-02-27,92.4950180053711,93.306536874441,92.36442148188381,93.25990186717098,2986700
RTX,2023-02-28,91.4969482421875,92.78419709579855,91.24509922803203,92.59763568106273,4470000
RTX,2023-03-01,91.45030212402344,91.94467735902393,90.9465970402712,91.45030212402344,3739900
RTX,2023-03-02,92.34578704833984,92.65360804648266,90.94660845669833,90.94660845669833,4134400
RTX,2023-03-03,92.36444091796875,92.64427948683054,91.6555288789423,92.51369005245249,5072800
RTX,2023-03-06,92.82150268554688,93.36251295779365,92.19653088698543,92.3644325898454,5064700
RTX,2023-03-07,91.58087921142578,93.21325381034444,91.57154936393005,93.00803986496908,5139300
RTX,2023-03-08,90.85332489013672,91.9819946870171,90.1630654929929,91.41299486394495,4299000
RTX,2023-03-09,89.48212432861328,91.39433768593496,89.09967881051317,91.39433768593496,4912700
RTX,2023-03-10,89.54740905761719,90.52683669082035,88.81050764992324,89.22093555207903,6340100
RTX,2023-03-13,90.9092788696289,91.6368504601397,88.36277830284115,88.51202029024873,7757700
RTX,2023-03-14,91.71147918701172,92.47636308834055,90.87197073028756,91.66483706074231,6407400
RTX,2023-03-15,89.38884735107422,90.7227310675402,88.37210732830461,90.44289253591089,5755300
RTX,2023-03-16,91.48762512207031,92.00998284794137,88.61464339659892,88.94111697526833,4635500
RTX,2023-03-17,89.31422424316406,91.19844808806506,89.07169798625554,91.18912535569176,8157800
RTX,2023-03-20,90.97459411621094,91.23577299059205,89.83659434932989,89.9298786186865,3972700
RTX,2023-03-21,91.42232513427734,92.6256194976315,91.38501285363962,92.3177985198128,5135500
RTX,2023-03-22,90.20036315917969,91.93534491538186,90.19104042728053,91.66483624193215,4042000
RTX,2023-03-23,89.54740905761719,90.89994520195614,89.22093555207903,90.76003306857456,4352100
RTX,2023-03-24,89.95785522460938,90.18172180006195,88.55867667399811,88.99708709184407,4711900
RTX,2023-03-27,90.396240234375,90.86263295348765,89.9111878212085,90.86263295348765,3591700
RTX,2023-03-28,90.29364776611328,90.59213886961328,90.1164162270826,90.28431791758818,2324600
RTX,2023-03-29,91.1331558227539,91.20778038327948,90.66676299435375,90.66676299435375,3187400
RTX,2023-03-30,90.82533264160156,91.27306572561663,90.65743095594866,91.13314646814104,5296700
RTX,2023-03-31,91.34768676757812,91.45962359257419,90.93725885918137,91.39432889047369,4652700
RTX,2023-04-03,93.819580078125,94.06209921721728,91.50626859170573,91.6648404403252,4312500
RTX,2023-04-04,92.82150268554688,94.64043186937181,92.42972730114707,93.81958305349514,3239800
RTX,2023-04-05,92.12190246582031,92.89610905997432,92.06593049381009,92.56963554236854,3841700
RTX,2023-04-06,91.60888671875,92.83083376147253,91.46896743435961,92.131244456111,3430400
RTX,2023-04-10,92.92411041259766,93.06402256893021,91.08652151580503,91.37568279434545,3947600
RTX,2023-04-11,93.01737976074219,93.78226365648487,92.72821850643375,93.01737976074219,3408600
RTX,2023-04-12,94.6963882446289,95.47060197824092,94.05277103850577,94.21134287794268,4710100
RTX,2023-04-13,94.84564971923828,95.01355142894342,93.74496231485793,94.35127443971483,3932500
RTX,2023-04-14,94.84564971923828,94.87363215142412,94.1833727300097,94.38858672149264,3017700
RTX,2023-04-17,96.17951965332031,96.3474213387706,94.95757284712545,95.06017982804445,4007400
RTX,2023-04-18,97.6253433227539,97.67197833232775,96.27279994650522,96.43137178891702,4949200
RTX,2023-04-19,97.09366607666016,97.85855722969336,96.87912933773814,97.59737123967223,5004500
RTX,2023-04-20,95.92766571044922,96.37540592051819,95.43329049129527,96.17952180254714,3937600
RTX,2023-04-21,95.3773422241211,96.30079811706872,95.02288620374485,96.08626138146404,3315300
RTX,2023-04-24,95.57321166992188,95.73178351385401,94.7896751823118,95.48926438193052,3962100
RTX,2023-04-25,94.29529571533203,95.72246370405846,93.29721537806975,94.85497278538455,4638900
RTX,2023-04-26,91.11449432373047,94.0154580017953,90.64810154097522,93.7169669054955,5219300
RTX,2023-04-27,92.70956420898438,92.99872548013406,90.89995778971046,91.1145016182532,4010600
RTX,2023-04-28,93.18528747558594,93.19461732469274,92.14989483901134,92.41107368128426,2875900
RTX,2023-05-01,93.58637237548828,94.56579289573622,93.12930234945054,93.21325674637963,3481400
RTX,2023-05-02,92.22452545166016,93.42781986818459,91.66484833395378,93.42781986818459,3377500
RTX,2023-05-03,90.62946319580078,92.49503461984025,90.51752634838593,92.16855392736117,3610800
RTX,2023-05-04,89.47279357910156,90.73205272331457,88.48404311449704,90.48020374110773,4414800
RTX,2023-05-05,90.08843231201172,90.28431642827208,89.27690630185671,89.85523591885571,3260400
RTX,2023-05-08,89.11834716796875,90.89064143194575,89.02507002072579,90.19105215273827,4243600
RTX,2023-05-09,89.79927062988281,90.27499329997887,88.91312711656103,89.20228838829114,2928400
RTX,2023-05-10,89.82725524902344,90.4802023160084,88.99707664246144,90.31230062498523,3329300
RTX,2023-05-11,89.11834716796875,89.71532945023193,88.5400174685181,89.23028401461441,3327100
RTX,2023-05-12,89.53809356689453,90.0697811087643,89.23960244017097,89.51944098498235,2756000
RTX,2023-05-15,90.20036315917969,90.22835270464489,89.40749683580732,89.51943366790042,2556100
RTX,2023-05-16,89.0437240600586,90.06046419643155,89.00641177723304,90.06046419643155,2534100
RTX,2023-05-17,90.07910919189453,90.81601070329941,89.32355509894319,89.32355509894319,4626800
RTX,2023-05-18,90.21987915039062,90.47328343133842,89.23443794763733,89.900785949595,4277600
RTX,2023-05-19,90.21987915039062,90.84869267253116,89.62861442873866,90.65159727164479,3528700
RTX,2023-05-22,89.7787857055664,90.36066325766315,89.19690099313357,90.00402839798011,3976100
RTX,2023-05-23,88.29593658447266,89.41277017728999,88.28654938241986,88.99982637135078,4388700
RTX,2023-05-24,87.90174102783203,88.77455730103249,87.42309407129014,88.01435878678144,3670500
RTX,2023-05-25,87.39494323730469,87.95805353629152,86.40010764341415,87.76096528966292,5340500
RTX,2023-05-26,87.5263442993164,88.82149883468016,87.39495212154053,87.958062477771,4056700
RTX,2023-05-30,87.11338806152344,87.80789055326227,86.63474106570656,87.29170907493949,4559300
RTX,2023-05-31,86.47518157958984,87.16030392887038,86.29686059272193,86.69104420371075,9972500
RTX,2023-06-01,88.3052978515625,88.35222669151169,86.57842537853443,86.60657981836968,5636400
RTX,2023-06-02,90.1729736328125,90.49206689080154,88.78396133953721,89.12182900113561,5559200
RTX,2023-06-05,89.86325073242188,90.95193689366117,89.76940020549964,90.67037815255824,3811400
RTX,2023-06-06,91.44934844970703,91.68397834030228,89.49722604147402,90.2292701544774,4947600
RTX,2023-06-07,92.52864074707031,92.71634895682105,90.68914325352941,91.54319949713914,4275400
RTX,2023-06-08,92.988525390625,93.41085635423028,92.1532435041442,92.37848620737792,3269300
RTX,2023-06-09,93.23252868652344,93.38269525152734,92.77265611178686,93.3169991694221,2518100
RTX,2023-06-12,93.3076171875,93.65487201824071,92.9603695170956,93.27946274507113,3527500
RTX,2023-06-13,93.5610122680664,94.4901445783193,93.40145850946894,93.85195102493631,4053500
RTX,2023-06-14,90.90499114990234,93.6830077602899,90.61405242243093,93.57977005176748,6363800
RTX,2023-06-15,91.97491455078125,92.32216935690816,91.07393665523838,91.20532881748407,4530100
RTX,2023-06-16,91.73089599609375,92.92281979779145,90.85807255497478,92.16261411660028,9037900
RTX,2023-06-20,91.693359375,92.87589604131999,91.54319996676513,92.35032737199381,6935100
RTX,2023-06-21,92.97914123535156,93.80503594782066,91.40242794039297,91.69336673994773,4776500
RTX,2023-06-22,90.96131134033203,92.56617888111825,90.6609853764481,92.5380244408066,4531500
RTX,2023-06-23,90.95193481445312,91.30856967273924,90.41697178651988,90.75483940398506,6213400
RTX,2023-06-26,90.61406707763672,90.67037596036138,88.9247289925359,90.07911121074413,3993600
RTX,2023-06-27,90.59529113769531,90.80176658462676,89.95709755642352,90.42635733205466,4048200
RTX,2023-06-28,89.97586059570312,90.47327474940835,89.27197102113875,90.46388755018702,4014900
RTX,2023-06-29,91.78722381591797,91.87168714670344,89.95710621853014,90.09788559684253,4071400
RTX,2023-06-30,91.93736267089844,92.34092631294638,91.29916917092343,92.06875481851078,4402000
RTX,2023-07-03,92.3409423828125,92.76327333644441,91.33672670253692,91.49627331521242,2149900
RTX,2023-07-05,92.20015716552734,92.40663260899757,91.4493458333052,91.99368172205712,3247400
RTX,2023-07-06,92.02184295654297,92.66941656445253,91.36487498808565,91.8810635947067,3679600
RTX,2023-07-07,91.43057250976562,92.41602089781354,91.38365082863794,92.04999884747252,4569600
RTX,2023-07-10,91.48688507080078,92.28462522297878,91.28978967242134,91.42118899145284,3300300
RTX,2023-07-11,92.00306701660156,92.05937589625951,90.60467494252217,91.13024358022489,6209900
RTX,2023-07-12,90.86746215820312,92.72573400984926,90.77361163566938,92.57556744552654,4943300
RTX,2023-07-13,91.19593811035156,91.46810962463312,90.37004352794709,90.65159508178847,3357600
RTX,2023-07-14,90.25740814208984,91.17716029610347,89.84446447894888,91.12084426359833,3454600
RTX,2023-07-17,90.39820098876953,90.9237696351085,89.72246578042757,90.18233834597416,3268800
RTX,2023-07-18,89.87262725830078,91.67458293838484,89.61922298933983,90.49204639068296,5464600
RTX,2023-07-19,89.69429779052734,90.53896667335547,89.41273910947307,89.94769487520843,4133300
RTX,2023-07-20,91.18655395507812,91.29917170739745,90.06971350901006,90.28556897451223,4314600
RTX,2023-07-21,90.46390533447266,91.44935379672596,90.44513809267556,91.2241039331423,3274900
RTX,2023-07-24,91.04578399658203,91.2053306023833,90.57652421928233,90.94254627274923,4741800
RTX,2023-07-25,81.74503326416016,81.88581259754085,76.34854704713024,80.5812712848595,49625600
RTX,2023-07-26,80.99422454833984,81.83888625362707,79.64275436334499,81.48225147051323,20124000
RTX,2023-07-27,79.93370819091797,81.85767612860249,79.23920573023783,80.52498008881909,14092700
RTX,2023-07-28,81.97029876708984,82.16739418500345,80.14957560456531,80.2434261328874,11617700
RTX,2023-07-31,82.52403259277344,83.23730952718928,81.8576845046976,82.07354001305379,10177400
RTX,2023-08-01,82.56156158447266,82.78680425964369,81.71689260216186,81.79197588066405,6780400
RTX,2023-08-02,80.20587921142578,82.51463642583208,80.02755820711309,82.12045993661692,8610900
RTX,2023-08-03,79.46443176269531,80.48742157907122,79.17349305507514,80.27155897770714,7947300
RTX,2023-08-04,79.35183715820312,79.96186918618638,79.15474173585622,79.821096970705,5573300
RTX,2023-08-07,80.21525573730469,80.49680726627626,79.5019789753072,79.53952061123705,6740900
RTX,2023-08-08,80.9097671508789,81.11624259141983,79.45506618764773,79.78354658835569,7220000
RTX,2023-08-09,82.37386322021484,82.50526255344504,80.68453221429326,80.78776994447216,8802600
RTX,2023-08-10,80.91914367675781,82.65540313175352,80.80651877122783,81.95151358294433,5359700
RTX,2023-08-11,81.50102996826172,81.52919156795228,80.61882650701686,80.63759374647503,3778800
RTX,2023-08-14,81.12562561035156,81.75443193934632,80.92853738008463,81.50102767162075,3521800
RTX,2023-08-15,80.3935775756836,80.92853336280594,80.32787434185411,80.82529565298101,4174900
RTX,2023-08-16,79.90556335449219,80.5156025661315,79.85863450731348,80.28097265091152,4207700
RTX,2023-08-17,80.47259521484375,81.01128404505162,79.88665006905742,80.29302986800732,5090700
RTX,2023-08-18,81.08690643310547,81.49328630806843,79.97172495369334,79.99062315727876,8150400
RTX,2023-08-21,80.82225799560547,81.28534676948676,80.53874176109318,80.91677061741028,4494800
RTX,2023-08-22,80.64271545410156,81.1057971071328,80.38754286241956,81.1057971071328,3924500
RTX,2023-08-23,81.31370544433594,81.41766357001757,80.61435667999702,80.85062383649138,4462000
RTX,2023-08-24,80.47259521484375,81.4271165491775,80.47259521484375,80.80336779298868,3905800
RTX,2023-08-25,80.0378646850586,81.02073692676038,80.00006107457374,80.81282067424442,4737600
RTX,2023-08-28,81.03018188476562,81.32315806150666,80.15126777514533,80.17961868024577,4834600
RTX,2023-08-29,80.6615982055664,81.40820321516834,80.58599099212047,81.04907976675126,5130900
RTX,2023-08-30,81.68228149414062,81.96580496557715,80.85062370038898,80.9356764156391,4469800
RTX,2023-08-31,81.31370544433594,82.23986866002505,81.30425273919177,81.93744698812432,4914500
RTX,2023-09-01,81.54051971435547,81.92800131108922,81.17194352786802,81.85239409070681,2583000
RTX,2023-09-05,80.37808990478516,81.55942569286076,80.34973178921813,81.51216937721716,4973800
RTX,2023-09-06,78.92267608642578,80.30247529469717,78.67695624623201,80.20796988240751,7528800
RTX,2023-09-07,79.6976318359375,79.7732390497304,79.10223404019426,79.20619215658432,6376700
RTX,2023-09-08,78.89432525634766,79.76378658669375,78.383987377153,79.69763207700004,5984000
RTX,2023-09-11,72.67578887939453,76.07803496365918,71.81577284929496,75.79451145234445,24520700
RTX,2023-09-12,71.40939331054688,71.55115506683019,69.61376843196639,70.59663359884516,17931800
RTX,2023-09-13,71.40939331054688,72.44897471642287,71.31488787645881,71.40939331054688,11613000
RTX,2023-09-14,71.35266876220703,71.48497776984274,69.5759426523131,69.63264445264265,15600400
RTX,2023-09-15,71.63619995117188,72.2032396468456,70.95574943224302,70.97464763096842,16049800
RTX,2023-09-18,71.05025482177734,72.30719774045622,70.99355301531995,71.74015804497957,9847200
RTX,2023-09-19,70.95577239990234,71.28654506192134,70.33202348554943,70.8612669550831,11389300
RTX,2023-09-20,70.3414535522461,71.97642534155176,70.29419723989528,71.77795459791908,10817900
RTX,2023-09-21,68.64977264404297,70.36034425648492,68.46076183537431,70.19968434808655,12456600
RTX,2023-09-22,67.64801788330078,68.69704469552084,67.50625613915989,68.62143747060546,9673000
RTX,2023-09-25,68.0921859741211,68.13943507132058,67.11875939584921,67.38338462342712,10430100
RTX,2023-09-26,68.29065704345703,68.44186426564676,67.40229027832653,67.50624839808866,10323600
RTX,2023-09-27,68.87660217285156,69.30188740114365,68.47022235575562,68.75374584128367,9391800
RTX,2023-09-28,68.04492950439453,69.06560517743249,67.99767319700752,68.2528457204171,8490600
RTX,2023-09-29,68.01659393310547,68.53637738000624,67.62911231404503,68.32846832742702,6366300
RTX,2023-10-02,67.42119598388672,67.98824295856072,67.0053706688414,67.79922489690212,6791300
RTX,2023-10-03,66.70295715332031,68.28122030746307,66.57064809909892,67.48736598213475,8175800
RTX,2023-10-04,66.26821899414062,66.35327171511042,65.41765573293323,66.27766448960269,10264000
RTX,2023-10-05,65.56884765625,66.50447063016021,65.45544405478223,66.2114945023347,7402600
RTX,2023-10-06,65.93743896484375,66.52338414511847,64.79390672149138,65.30424467651095,8540300
RTX,2023-10-09,68.9805679321289,69.22628783274075,67.87483919482942,68.75375344480396,13726200
RTX,2023-10-10,69.32078552246094,69.61376171325074,68.65924033739057,69.4247436530151,10633900
RTX,2023-10-11,69.28298950195312,69.30189491519909,68.63089695101829,69.30189491519909,7349800
RTX,2023-10-12,69.27352142333984,69.50978853977648,68.31900025405182,69.37747953139598,6921300
RTX,2023-10-13,69.22626495361328,70.31309512873345,69.08450324202366,69.86891179722606,8661900
RTX,2023-10-16,69.91617584228516,70.02957945586732,68.60252389911705,69.59484877976678,6299700
RTX,2023-10-17,69.83113098144531,70.80455066288985,69.32079297936417,69.69882193019863,8035100
RTX,2023-10-18,70.1618881225586,70.78563683529927,69.8594664707058,69.94452639076177,7791000
RTX,2023-10-19,69.83113098144531,70.73839613726652,69.79332736533162,69.91619092027676,7421400
RTX,2023-10-20,68.56474304199219,70.07685165165591,68.49858851564136,70.02014262171048,7995600
RTX,2023-10-23,69.11287689208984,69.94454202834713,68.53638436274879,68.59309339223158,8357200
RTX,2023-10-24,74.07447052001953,74.47140479174159,72.73247490647115,74.42414848001489,25548200
RTX,2023-10-25,74.10282135009766,74.9911807987809,73.49797090270674,74.9911807987809,22157600
RTX,2023-10-26,74.80218505859375,75.44483202873977,73.63030195196333,73.71535466948336,33222400
RTX,2023-10-27,74.8116455078125,75.38813081026903,74.11228944329373,74.21624758233564,21946800
RTX,2023-10-30,74.2540512084961,75.41648894054543,73.49799332631576,74.7265855822832,23380600
RTX,2023-10-31,76.91912841796875,77.07034284634362,74.40524983379342,74.51865344477378,18663800
RTX,2023-11-01,77.63739013671875,78.25168619413544,76.86243414114274,77.49562839880697,20200200
RTX,2023-11-02,78.23278045654297,78.62970755279542,77.71299703344135,77.82640065505551,15755700
RTX,2023-11-03,78.17607879638672,79.25345646560613,78.1288224804221,78.60135679886226,21269500
RTX,2023-11-06,77.87364959716797,78.39343297105192,77.55232254231719,78.157165834659,5950700
RTX,2023-11-07,78.12882232666016,78.14772773712939,77.61848439851299,77.8736569677373,6352900
RTX,2023-11-08,78.62970733642578,78.7053145574948,77.9776148830344,78.2989347571256,9844700
RTX,2023-11-09,77.90201568603516,79.24401155188222,77.62794488915615,79.06445339622525,9638100
RTX,2023-11-10,77.70353698730469,78.3083802797769,77.28770451986723,78.21387486725952,10351200
RTX,2023-11-13,77.52398681640625,78.26113927261578,77.11760697384173,77.74135579697423,7740300
RTX,2023-11-14,76.25758361816406,77.73188824908758,76.1819764036806,77.66573373898974,13128900
RTX,2023-11-15,76.20086669921875,76.78681173524495,75.39755995697159,76.08746309955568,10757800
RTX,2023-11-16,76.38175964355469,76.95297910409651,76.096146281559,76.61024597508151,7578700
RTX,2023-11-17,75.85814666748047,76.81018163707061,75.61061554162092,76.77209936667296,7343900
RTX,2023-11-20,75.37260437011719,75.9914285330974,75.20123779057575,75.74389741521529,8359300
RTX,2023-11-21,74.40154266357422,75.3059730806549,74.36346038890908,75.14412886091645,7125000
RTX,2023-11-22,75.99143981933594,76.03904447873164,74.25873626372051,74.2682586482899,7024900
RTX,2023-11-24,76.14376831054688,76.2484854861689,75.62014611518084,75.99143921245815,2346300
RTX,2023-11-27,75.65821838378906,76.15327336020331,75.33452272488535,75.93430938997305,9378400
RTX,2023-11-28,76.34368896484375,76.91490851208283,75.75342465007466,76.15327760679698,7094800
RTX,2023-11-29,77.06722259521484,77.42900050744508,76.2770391448933,76.37224118263023,6852100
RTX,2023-11-30,77.57181549072266,77.9907059542482,77.16244014757336,77.24811981166359,8366100
RTX,2023-12-01,78.37152862548828,78.45721556091887,77.46709819182333,77.57182263320996,5487400
RTX,2023-12-04,79.14266967773438,79.19979671886045,78.00975292762118,78.13351486706775,5525300
RTX,2023-12-05,78.72377014160156,79.35210941406233,78.69521025605108,78.95225648945548,5945700
RTX,2023-12-06,78.7428207397461,79.4282871607567,78.38105002352438,78.65714106884539,6125800
RTX,2023-12-07,77.59085083007812,79.16170999895998,77.52420867205043,79.01890329934336,5443900
RTX,2023-12-08,77.41949462890625,78.16208085038863,77.26717278874519,77.7717502334216,5535000
RTX,2023-12-11,77.96215057373047,78.34296605086718,77.42901326380974,77.42901326380974,5897300
RTX,2023-12-12,77.15292358398438,77.66702339766022,77.02916163870086,77.31476780399773,6811200
RTX,2023-12-13,79.22835540771484,79.39972200159583,76.65785649949996,77.29572548216578,8057900
RTX,2023-12-14,77.93357849121094,80.0566122778153,77.50516568611498,79.84717069843613,11124700
RTX,2023-12-15,76.42937469482422,78.05735380222639,75.84863271772477,77.81934503336436,19196600
RTX,2023-12-18,76.81971740722656,77.58134115754989,76.5055440692855,76.5055440692855,7701100
RTX,2023-12-19,78.65715026855469,78.69523254789284,77.03868608221775,77.03868608221775,9912600
RTX,2023-12-20,77.72413635253906,78.92370247910722,77.64797180976794,78.25727362503577,6961800
RTX,2023-12-21,78.0763931274414,79.00938336879575,77.46709130271387,78.10495301556134,7732800
RTX,2023-12-22,79.23786926269531,79.83764864499462,78.10494538823555,78.15254277597042,9769500
RTX,2023-12-26,80.01854705810547,80.25655581525218,79.09507191822408,79.16171407968713,4442600
RTX,2023-12-27,80.13278198242188,80.41839537987399,79.68532438269044,79.87573573547532,5440600
RTX,2023-12-28,80.13278198242188,80.55167969509819,80.05661744130792,80.13278198242188,4622700
RTX,2023-12-29,80.1042251586914,80.36127867891855,79.76149197402233,80.17086731885202,4624800
RTX,2024-01-02,81.1324234008789,81.89404703847836,79.93285727393278,80.01854420043995,10455600
RTX,2024-01-03,81.50371551513672,82.73184151541494,81.25618438567084,81.37995358212902,9957500
RTX,2024-01-04,81.31330871582031,82.43670298597856,81.24665929628524,81.86548346761582,6656500
RTX,2024-01-05,81.28475189208984,81.64652986832374,80.78969685020554,81.64652986832374,6796100
RTX,2024-01-08,81.7226791381836,82.04637480814588,80.65640460995596,80.8372935803305,7625700
RTX,2024-01-09,81.68461608886719,81.8559827007692,80.89442519712723,81.64653381250545,5400500
RTX,2024-01-10,81.95117950439453,82.31295021145321,81.55132652341635,81.68461085040907,5706500
RTX,2024-01-11,81.22763061523438,81.88453712759524,80.66593341914978,81.78933507477001,5860100
RTX,2024-01-12,82.18919372558594,82.57000922661337,81.86549800750458,82.40815773584691,5277300
RTX,2024-01-16,81.39900207519531,82.14158830039574,80.96106679529382,81.97974407458568,9568200
RTX,2024-01-17,80.97058868408203,82.64616524123433,80.84681947167263,81.33235940957938,7669600
RTX,2024-01-18,81.37043762207031,81.72268594514958,80.73257587602578,80.9705846406798,6594800
RTX,2024-01-19,81.42755889892578,81.68461243701255,80.38032176787715,81.48467867918897,7509600
RTX,2024-01-22,80.9420166015625,82.04638074392439,80.93250148076527,81.69412516125013,14052800
RTX,2024-01-23,85.25474548339844,87.94899927636125,83.74100590853608,83.99805945117843,19434800
RTX,2024-01-24,85.1976089477539,85.73075347958829,84.44550043645495,85.33089326484988,12872300
RTX,2024-01-25,86.57805633544922,86.73990052560474,85.2832882873053,85.92114992858873,10584600
RTX,2024-01-26,86.073486328125,86.84463234030741,85.81643281509719,86.34005496130162,5987400
RTX,2024-01-29,85.75932312011719,86.33054272455539,85.39754513532695,86.10205633547038,8488700
RTX,2024-01-30,86.25436401367188,86.72085909997776,85.7402642750398,85.83547357969216,9073500
RTX,2024-01-31,86.74944305419922,87.45394701170939,86.34006766062205,86.50191188836263,5560700
RTX,2024-02-01,87.74906158447266,87.75858396795427,86.40669605158233,87.30160398569241,13827100
RTX,2024-02-02,87.56818389892578,88.2536430086096,87.06359923954285,87.81570777320712,6067800
RTX,2024-02-05,87.81571197509766,88.20604983648516,86.53046609569805,86.88272168303912,6764600
RTX,2024-02-06,87.85379028320312,88.22508335908078,86.81607560022476,87.06359947517602,4718000
RTX,2024-02-07,87.52057647705078,88.35836464915661,87.41585204760624,88.13940067010022,4625200
RTX,2024-02-08,86.67327117919922,87.95851703445322,86.56854674340177,87.44441723966143,6197500
RTX,2024-02-09,86.168701171875,87.21593835637306,85.99733455888793,86.75895830059035,5948100
RTX,2024-02-12,86.76847076416016,87.5015417939027,85.90212267672437,86.16869131901231,5483500
RTX,2024-02-13,86.2448501586914,87.32065439466079,85.54986865208815,86.82559210993571,6039600
RTX,2024-02-14,87.00647735595703,87.20640383270468,86.50189997224385,86.5971020187736,6677900
RTX,2024-02-15,87.38729095458984,87.8252261701113,86.92079585205943,87.02552028005917,5267200
RTX,2024-02-16,86.64471435546875,87.67290671797782,86.58758731172571,86.96840279505743,4949800
RTX,2024-02-20,86.61614990234375,87.86331346268905,86.23533443907357,87.11120492017942,6023700
RTX,2024-02-21,85.88308715820312,87.06360867123831,85.69268303990606,86.60663588194474,13186100
RTX,2024-02-22,85.79682922363281,86.08432292350076,85.1931012274323,85.97890905430042,7600000
RTX,2024-02-23,86.25682067871094,86.71680184096245,85.56684162406492,85.76808429645855,5810000
RTX,2024-02-26,86.26640319824219,87.0617961696166,86.1801594672896,86.30473618242195,5293500
RTX,2024-02-27,86.64971923828125,86.7072223658782,85.72016454754046,86.2759818096098,4853900
RTX,2024-02-28,86.17056274414062,87.44510687855433,85.80641041056593,86.64013625340978,5626100
RTX,2024-02-29,85.93099212646484,86.78388085297455,85.528506790391,86.64014131242574,5874800
RTX,2024-03-01,86.05557250976562,86.2855630762014,85.2410094876166,85.97890655053094,13566500
RTX,2024-03-04,86.1609878540039,86.38139335149937,85.4230907784308,86.33347529833858,6926100
RTX,2024-03-05,86.30472564697266,87.07137061444313,85.86390734962103,85.96932121542991,6747600
RTX,2024-03-06,86.49639129638672,86.96595750462848,85.99806986981854,86.11306880931926,5563800
RTX,2024-03-07,86.77430725097656,87.43553110300516,86.27598578228977,86.75513710380532,6778500
RTX,2024-03-08,87.09053802490234,87.11929324448981,86.38139614505327,86.51555792472017,5727600
RTX,2024-03-11,87.58885955810547,88.00092997070081,86.4293142834229,86.4293142834229,7273200
RTX,2024-03-12,86.19930267333984,87.26301898046037,85.71057368670311,87.08094648615682,9439800
RTX,2024-03-13,86.78388214111328,86.93721406833271,86.07474025589515,86.31431590872398,8664500
RTX,2024-03-14,87.93384552001953,89.12213865493013,87.6655219712915,88.22133190311312,12161400
RTX,2024-03-15,89.05506896972656,89.18923076096641,87.25346255074209,87.25346255074209,35743600
RTX,2024-03-18,89.5629653930664,90.00378373767424,88.49924885952198,88.96881511401982,7075400
RTX,2024-03-19,90.90457916259766,91.41247833694591,90.10918630290186,90.5116716133739,7998800
RTX,2024-03-20,90.89500427246094,91.53706528889249,90.4062678771274,91.03875113123773,7854200
RTX,2024-03-21,90.32960510253906,91.50831320595961,90.15711034212768,91.038746979222,6477500
RTX,2024-03-22,91.55622863769531,91.83413726102303,90.26252162730442,90.26252162730442,6802000
RTX,2024-03-25,91.6424789428711,92.22704413888529,91.29748940714897,91.7191449088691,5229300
RTX,2024-03-26,92.0545425415039,92.52411606495238,91.59456140217968,91.64247214392223,5474300
RTX,2024-03-27,93.38658905029297,93.4345071066501,92.31329477607483,92.40912357752018,7267800
RTX,2024-03-28,93.46326446533203,93.99033389347287,93.40576864090562,93.61659641216195,10701000
RTX,2024-04-01,93.68367004394531,94.07657033249747,93.08951976297264,93.3961763215752,9504500
RTX,2024-04-02,94.44072723388672,94.58446677955867,93.51117251177423,93.68366727784942,6759600
RTX,2024-04-03,93.48241424560547,93.9711432692809,92.9840928382562,93.21408339711923,15885400
RTX,2024-04-04,95.16903686523438,95.19778477584762,93.81783388752712,94.18198627407696,13373200
RTX,2024-04-05,97.44979095458984,97.50728676934426,95.30318792769201,95.30318792769201,10216500
RTX,2024-04-08,97.63186645507812,97.99602612303279,97.04730128298434,97.44979393236942,9901300
RTX,2024-04-09,97.3635482788086,97.40188126235815,96.10817414045414,96.85564904149783,9652900
RTX,2024-04-10,97.133544921875,97.51686739571888,96.050665696189,96.71188946951992,5532900
RTX,2024-04-11,96.5777359008789,97.3347958404046,95.62901836379149,97.12396809632546,6786100
RTX,2024-04-12,95.92608642578125,98.08226722246536,95.32235843476634,97.47853923145044,7327300
RTX,2024-04-15,95.84942626953125,97.57437393584725,95.73443463262277,97.32521320376408,9636600
RTX,2024-04-16,96.6352310180664,97.09521948465955,96.05067315635581,96.06983599146572,7088600
RTX,2024-04-17,96.54899597167969,97.54563164615902,95.97401582020642,97.03773239050315,5377600
RTX,2024-04-18,96.51066589355469,97.6510484680669,96.31900827438082,96.32858603745085,4238600
RTX,2024-04-19,97.3251953125,97.99601141998201,96.81729617947083,97.2964474085576,10328800
RTX,2024-04-22,97.3251953125,97.98642634824536,97.14312281710895,97.74685073370198,7594100
RTX,2024-04-23,97.15271759033203,99.55805922871038,95.71526365135409,96.7885652245144,8568200
RTX,2024-04-24,96.80773162841797,97.64145757581316,95.83985120461021,97.47854787809531,7722100
RTX,2024-04-25,97.46896362304688,97.63187332213315,96.39566200130906,96.69274080047305,6186100
RTX,2024-04-26,97.18145751953125,97.55519489995818,96.10815611524988,97.30603420925101,4428300
RTX,2024-04-29,98.16851806640625,98.33142774935857,97.41145815523744,97.60311574562036,4469700
RTX,2024-04-30,97.28688049316406,98.53267684579572,97.23896974807447,98.07268836306851,5421800
RTX,2024-05-01,96.99937438964844,97.7755970283878,96.92270843955217,97.09520317163508,9982500
RTX,2024-05-02,97.64144897460938,97.66061912045754,96.80772310065683,96.9802178569481,6084400
RTX,2024-05-03,97.1718978881836,97.90978777031735,96.47233368117637,97.74687806158606,13324700
RTX,2024-05-06,97.66061401367188,97.79477578251979,97.38270540355319,97.54561507840164,3408700
RTX,2024-05-07,98.92556762695312,98.95431553137581,97.86185129570768,98.00559081782113,6933000
RTX,2024-05-08,99.6059799194336,99.74971946811874,98.52309324421215,98.93516367673723,5177600
RTX,2024-05-09,101.33092498779297,101.35009513601622,99.74014631492243,99.76889422598795,7211300
RTX,2024-05-10,101.88673400878906,102.08797668112888,101.13925913687868,101.5800774636138,5626100
RTX,2024-05-13,101.38842010498047,103.32418818012576,101.27342115854132,102.00173319678504,6045500
RTX,2024-05-14,101.2925796508789,101.85798197420944,101.24466890870177,101.3884157577701,3726200
RTX,2024-05-15,100.9571762084961,101.56091151829715,100.75593354231859,101.09133798594776,5688300
RTX,2024-05-16,100.49441528320312,101.57417375826026,100.40765272047008,100.74507494540892,8723800
RTX,2024-05-17,100.43656921386719,101.01500833939754,99.98345623637178,100.92824578043164,8500900
RTX,2024-05-20,101.24640655517578,101.63203518216451,100.60048283424088,100.65833190920448,4412800
RTX,2024-05-21,101.64166259765625,102.1236964699101,101.32351847670795,101.41992378010808,4754800
RTX,2024-05-22,102.49004364013672,102.62501254131416,101.62238851978266,101.83447725359476,3626300
RTX,2024-05-23,101.62239074707031,103.46375642792242,101.55489893974888,102.61537940831953,5787100
RTX,2024-05-24,102.45146942138672,102.74069266834627,102.02728464249947,102.02728464249947,3431300
RTX,2024-05-28,101.72843933105469,102.5286174356913,101.49706509962208,102.22011600869642,5137200
RTX,2024-05-29,100.81256866455078,101.43921420008647,100.74508421335484,101.24639622863127,4796800
RTX,2024-05-30,101.92123413085938,102.04656027869324,100.8221975875393,101.13069894434402,4391300
RTX,2024-05-31,103.93614959716797,104.00363405053744,101.67059168518843,102.01765668973252,10411800
RTX,2024-06-03,103.51195526123047,104.745960784074,102.98171506535874,103.38662174843182,5908800
RTX,2024-06-04,104.02291870117188,104.49530987101278,103.07812900623634,103.55052753133096,7998000
RTX,2024-06-05,104.54351806640625,104.62063790298117,103.61801383022247,104.12896860439389,3141000
RTX,2024-06-06,104.2928466796875,104.57242720228633,103.87829726414483,104.48565728239214,3875000
RTX,2024-06-07,104.22537231445312,104.65919989012718,104.00363348016731,104.2157295768093,3526500
RTX,2024-06-10,103.24201965332031,104.21573021419842,102.83711293284759,104.11932490293164,5917400
RTX,2024-06-11,103.07813262939453,103.29987147093235,102.32616088416417,102.56717784636642,5769500
RTX,2024-06-12,102.93351745605469,103.84938629421158,102.75034957262629,103.16489902762802,3429800
RTX,2024-06-13,101.25604248046875,103.02028836543714,100.10879941506519,102.74070781356342,7112900
RTX,2024-06-14,100.48478698730469,101.21747319733397,99.72317256573842,100.83184461796134,4917200
RTX,2024-06-17,100.7161636352539,100.73544175482603,99.7520958410698,100.26305059514681,3943500
RTX,2024-06-18,101.00537872314453,101.52597621031926,100.62939287494949,100.8125681080073,3991300
RTX,2024-06-20,101.29460144042969,101.93088970631693,100.7932894306956,100.87040926317152,6996400
RTX,2024-06-21,101.81519317626953,102.37435422285733,100.91860989648323,101.41028649643134,13310900
RTX,2024-06-24,98.29635620117188,103.6180148032701,97.31301023950911,101.94053146388374,13704800
RTX,2024-06-25,97.92036437988281,99.0097583262785,96.43569911211797,97.7468318848128,9330900
RTX,2024-06-26,97.62149810791016,97.74682426197741,96.55138236430754,97.30335399921685,6953800
RTX,2024-06-27,97.00450134277344,98.12281612752354,96.82132611340137,97.82395747349825,6955400
RTX,2024-06-28,96.78277587890625,97.274452567308,96.46463170669014,97.274452567308,13853200
RTX,2024-07-01,95.97294616699219,98.02640779905101,95.74156461431417,97.2551506672972,4475200
RTX,2024-07-02,96.80204772949219,97.01413645919386,95.51019310079053,95.72228918574552,8299900
RTX,2024-07-03,97.12018585205078,97.40940912742053,96.77312086370846,97.27444022698222,2149200
RTX,2024-07-05,96.76348876953125,96.95629938949342,95.98258884160099,96.87917219940708,6153300
RTX,2024-07-08,96.50318145751953,97.57329726123163,96.38749803349874,97.03342166845916,8738100
RTX,2024-07-09,97.47689056396484,98.02640888597527,96.42605289417983,96.63814897552653,5648900
RTX,2024-07-10,97.06234741210938,97.54438131714463,95.8476199119495,97.27444350716547,6483600
RTX,2024-07-11,98.0649642944336,98.9615475192312,96.61886279348599,96.90807868052396,7592400
RTX,2024-07-12,97.64079284667969,99.15437911069353,97.39013314062366,98.33492289098614,6003000
RTX,2024-07-15,97.96857452392578,98.96156320176256,97.87216185771527,98.61449819811521,3776300
RTX,2024-07-16,99.95455169677734,99.9641944344315,98.09390051322542,98.20959129931418,4341200
RTX,2024-07-17,101.21747589111328,101.49705643471779,100.08951833451316,100.08951833451316,5433000
RTX,2024-07-18,100.10879516601562,101.67058762408013,100.05095345265329,101.22711732604407,4450100
RTX,2024-07-19,99.11579895019531,100.74507573441365,98.95190920469189,100.74507573441365,7229600
RTX,2024-07-22,100.04131317138672,100.08951950387447,98.93264107670507,98.99048279148744,6207900
RTX,2024-07-23,101.19820404052734,101.7862860212202,99.89671390572907,100.04131819995352,7602000
RTX,2024-07-24,101.06322479248047,102.05621340594841,100.28232490726761,101.27532087598883,7180200
RTX,2024-07-25,109.39276885986328,111.65832660318739,105.51721238271445,106.26919140674941,14997000
RTX,2024-07-26,109.85552978515625,111.0895428252712,109.42170218994093,109.86517252323443,7526300
RTX,2024-07-29,110.3279037475586,110.5110715987031,109.22886721968186,109.90371162969303,4138900
RTX,2024-07-30,112.68023681640625,112.82484845104044,110.44359991385757,111.06060269006042,6074400
RTX,2024-07-31,113.26832580566406,113.9720985486703,112.2753371305931,113.27796854330902,6780400
RTX,2024-08-01,112.5452880859375,113.75037299840761,111.88972159934357,113.4900778936261,5135100
RTX,2024-08-02,112.25604248046875,114.04920894518428,110.935267117242,112.07286726845666,4578400
RTX,2024-08-05,111.03169250488281,112.25606279316673,110.26044263813492,110.97385078757156,5888600
RTX,2024-08-06,110.28936004638672,112.62240240483484,110.01942223370726,111.43659575027439,4642400
RTX,2024-08-07,110.04834747314453,111.81259341872816,109.52774994714014,110.19295912291031,5553200
RTX,2024-08-08,110.96419525146484,111.67760331862004,109.61449894625677,109.80731690714542,8889100
RTX,2024-08-09,111.97648620605469,112.11145512140448,110.74248049128275,110.90637026631404,5534300
RTX,2024-08-12,112.4103012084961,113.22012196505308,111.60048780719252,112.66096088972247,8602000
RTX,2024-08-13,112.66095733642578,113.0465859057068,111.8993429347904,112.59347288844559,5911900
RTX,2024-08-14,113.4225845336914,113.59611704168206,112.45851667935533,112.64168457010645,5826700
RTX,2024-08-15,114.10706329345703,114.71442334837225,113.30688526894323,114.2516749318426,5629900
RTX,2024-08-16,114.3202896118164,114.96967713949408,113.95198611723048,114.24275709348096,5251500
RTX,2024-08-19,114.7079849243164,114.87275169788595,114.3493757576784,114.36875703913992,5389900
RTX,2024-08-20,114.3202896118164,115.02782837689894,113.63213952227757,114.68860050101543,6129200
RTX,2024-08-21,113.65153503417969,114.98906533723812,113.3510697020838,114.85337417872263,3050900
RTX,2024-08-22,114.38814544677734,114.426915406729,113.57399847163389,113.74845959410945,3743600
RTX,2024-08-23,114.87276458740234,115.23138118889291,114.28154300382036,114.64984654982199,3427500
RTX,2024-08-26,115.04721069335938,116.04552044367809,114.74675277124575,115.03752375011344,6260400
RTX,2024-08-27,115.81289672851562,115.9098179199412,114.74674883360854,115.02782546497173,4101200
RTX,2024-08-28,117.1213607788086,117.61566850808383,115.99706155697072,116.08428841792978,4287200
RTX,2024-08-29,118.5267333984375,118.96288245326704,116.83058668248037,117.36365692787062,3547800
RTX,2024-08-30,119.54443359375,119.89335584391762,118.2069032311834,118.29413749103225,6372000
RTX,2024-09-03,117.2667465209961,119.85458765407927,116.9662885842444,119.3312043033865,5543900
RTX,2024-09-04,117.38304138183594,118.55580475305912,117.05350047224395,117.3733470447446,4484200
RTX,2024-09-05,115.95829010009766,117.86766801896452,114.99875766887803,117.46059455052145,5764500
RTX,2024-09-06,114.79521942138672,117.05351214442561,114.43660285937328,115.96798290955392,3983700
RTX,2024-09-09,117.43150329589844,117.5962700500533,115.50273695745342,115.95827466156241,4492000
RTX,2024-09-10,116.59798431396484,117.96459022530888,116.21998646223479,117.77074782761626,3806700
RTX,2024-09-11,115.58998107910156,116.18120997182147,113.73875448837885,116.18120997182147,4857200
RTX,2024-09-12,116.40412902832031,116.45259332276308,115.14413871355266,115.33798110209749,4229700
RTX,2024-09-13,115.45429992675781,116.5010592585461,115.2313745074891,116.2102956531769,4708000
RTX,2024-09-16,115.53182220458984,116.84028419384813,114.42690433403493,116.27813092086741,6025400
RTX,2024-09-17,115.0762939453125,115.37675186804852,114.12644848770857,114.85336854177041,5101500
RTX,2024-09-18,114.40751647949219,115.92920204849638,114.14582113883208,115.30889757416426,4434800
RTX,2024-09-19,115.16353607177734,115.54153395843872,113.65154452513184,115.04722618564531,5270600
RTX,2024-09-20,114.51412963867188,115.23135528581233,114.23305302413829,114.56258653417682,16958300
RTX,2024-09-23,116.56890869140625,116.77245283488884,114.57230376902572,115.01814722768283,6755400
RTX,2024-09-24,116.34597778320312,116.54951450954606,115.41552100794411,116.43320463965875,5844600
RTX,2024-09-25,117.17951202392578,117.71258228359925,116.65612870733895,116.80151419438191,5713600
RTX,2024-09-26,116.61736297607422,118.12935434902752,116.43320752617386,116.53982306089372,6202600
RTX,2024-09-27,116.6852035522461,117.50904478054372,115.93890223580573,116.24905448862175,7941800
RTX,2024-09-30,117.43150329589844,117.55750009708525,116.08427146274924,116.96627125489431,5475700
RTX,2024-10-01,120.5621109008789,120.7559532866987,116.44289734799762,117.45089402240919,7206900
RTX,2024-10-02,120.2228775024414,121.66702317587504,119.83518535400876,121.36656527328077,3802900
RTX,2024-10-03,119.8642578125,121.05640984345838,119.40872010469161,120.66871770524195,4765700
RTX,2024-10-04,121.06610870361328,121.13395427574001,119.36026766849605,119.8933379081739,3055900
RTX,2024-10-07,121.2018051147461,121.81241529042107,120.4264207756492,121.00795533266533,4606100
RTX,2024-10-08,119.69950103759766,122.06441662275432,119.47657563628653,121.57010892044747,3194500
RTX,2024-10-09,120.13565826416016,120.90134831944751,118.82720357003159,119.24397138760284,3210400
RTX,2024-10-10,119.15673828125,120.25196183997922,118.6430492900353,119.82549970631574,2785300
RTX,2024-10-11,120.11626434326172,120.11626434326172,119.11796203274287,119.21488322310738,2556200
RTX,2024-10-14,120.80442810058594,120.98858355938083,119.47658471878614,119.93212249920701,1929700
RTX,2024-10-15,121.18242645263672,122.91734332389852,120.86257983173407,122.09350201716654,7521300
RTX,2024-10-16,122.33580017089844,122.35518145204723,120.3779580172762,120.93041696268185,3127400
RTX,2024-10-17,121.88026428222656,123.09179772439582,121.27934103284983,122.57810872805418,2463700
RTX,2024-10-18,122.04502868652344,122.38425656482309,121.19211182185384,122.26795408918501,4356300
RTX,2024-10-21,122.0256576538086,122.53934668332082,120.86258103745445,122.0256576538086,4768600
RTX,2024-10-22,121.66703796386719,124.73948511846773,119.7285843807077,124.05133498379973,5746100
RTX,2024-10-23,123.29533386230469,123.57641050688963,121.76395382406115,123.00457027435054,5451400
RTX,2024-10-24,121.31809997558594,122.78163431134026,121.26964307906667,122.49086335377412,4171800
RTX,2024-10-25,121.30842590332031,122.36487953164443,120.95950367506695,122.18072407934032,4716200
RTX,2024-10-28,121.57012176513672,122.03535389786504,120.79473734212748,121.37627935669134,4453200
RTX,2024-10-29,119.0113525390625,121.63795612256267,118.90473700587208,121.55072926519588,5102700
RTX,2024-10-30,118.10997009277344,119.03073252985799,118.00335456073884,118.57519478291252,4852100
RTX,2024-10-31,117.2667465209961,118.33289450443091,116.86936738477097,117.56721185236132,4112700
RTX,2024-11-01,115.0956802368164,117.87736376017969,115.0859858985152,117.76105388440584,5234900
RTX,2024-11-04,114.36875915527344,115.94859613239137,114.20399237865527,115.40583150606638,6856100
RTX,2024-11-05,115.31861114501953,115.43491363172171,114.07799459482328,114.84368467560607,8093600
RTX,2024-11-06,117.8482894897461,119.07921173386126,116.55922339534992,118.77875377575138,9631900
RTX,2024-11-07,116.38475799560547,118.48797841443039,116.268448115469,118.2456717101064,4415200
RTX,2024-11-08,119.74797058105469,120.39735074327625,117.17951815756297,117.22797505937169,6381600
RTX,2024-11-11,120.72688293457031,121.6767284135922,120.20349959649049,120.26165823046381,4012300
RTX,2024-11-12,119.57350158691406,121.42472075335893,118.5364293054951,121.04672292893791,3896200
RTX,2024-11-13,119.94181060791016,120.13565300054226,119.17612058617071,119.58319404746612,2802500
RTX,2024-11-14,115.26044464111328,119.69950498111191,113.9422956546105,119.40873399497238,6113200
RTX,2024-11-15,115.49429321289062,115.80609730436692,114.1301475249334,115.12402817738626,6970500
RTX,2024-11-18,116.33226776123047,116.65381782043315,115.33839454569005,115.33839454569005,4462300
RTX,2024-11-19,115.91328430175781,118.2420728093689,115.4650663707946,118.13488945261726,4654100
RTX,2024-11-20,116.09842681884766,116.22509468640382,114.65632812622377,115.80610720572226,3990700
RTX,2024-11-21,117.44307708740234,117.78411166960576,115.81584962803433,116.5368952352639,4847900
RTX,2024-11-22,117.67692565917969,118.75849776265531,117.41384396854873,117.62821068224605,3585200
RTX,2024-11-25,115.6112289428711,117.90104106350351,114.99735926056792,117.27743284598651,8322400
RTX,2024-11-26,117.52102661132812,117.94001406719177,115.55275719206321,115.82559228401777,3175800
RTX,2024-11-27,117.2579345703125,118.6318262288372,117.24819603562499,117.94001113223109,3604000
RTX,2024-11-29,118.70977783203125,118.74875427234942,117.56974483020971,117.58922933337085,2728600
RTX,2024-12-02,115.64045715332031,118.86568153710776,115.50404332303297,118.70978320277776,4468700
RTX,2024-12-03,115.07530975341797,116.39073307757803,114.87068900823718,115.97174561820893,3620300
RTX,2024-12-04,116.1763687133789,116.31278253752981,114.49067298066288,114.74401612579851,3774300
RTX,2024-12-05,115.48455810546875,115.96201397325555,114.67582104570077,115.7573932159169,3328800
RTX,2024-12-06,114.96812438964844,115.3189049278347,114.39323860617412,114.99735486216461,4792100
RTX,2024-12-09,113.59424591064453,114.83171639196468,111.29468779200556,114.34452200130382,7255400
RTX,2024-12-10,114.59786224365234,115.19223997982132,113.02909575100915,113.61372751809444,3725400
RTX,2024-12-11,113.94502258300781,114.95838777312305,113.32141437893631,114.82196650911098,4298000
RTX,2024-12-12,113.07781982421875,114.24708337557277,112.65883235541757,113.94502523550553,3848600
RTX,2024-12-13,114.73426818847656,114.90965844994616,112.99985751060812,113.28243112264225,5061600
RTX,2024-12-16,115.08505249023438,115.31890370187378,113.80860564395752,114.42246786225944,3986400
RTX,2024-12-17,114.41272735595703,115.10454248916689,114.00348585755059,114.67581648635857,3012400
RTX,2024-12-18,111.51879119873047,114.44195749420436,111.44084574735503,113.86707169107939,4113600
RTX,2024-12-19,112.5029296875,114.2470865274182,112.29830893206778,112.736780917423,5446900
RTX,2024-12-20,113.49679565429688,113.78910779516156,111.66494019529762,111.99623620907231,13389200
RTX,2024-12-23,113.64295196533203,113.89629511010054,112.82446902161267,113.2142259903344,3588700
RTX,2024-12-24,113.83783721923828,113.96450507802119,112.91216346445286,112.98037037825843,1663000
RTX,2024-12-26,114.0424575805664,114.60760482678391,113.40910342077065,113.77936846105314,2147000
RTX,2024-12-27,113.72091674804688,114.51991527225246,112.87319580990328,113.29218329418161,3847500
RTX,2024-12-30,112.26907348632812,112.95114264090027,111.59674286682397,112.48344020176401,2822000
RTX,2024-12-31,112.75626373291016,113.12652876982854,111.96701124953333,112.61010393828586,2445000
RTX,2025-01-02,113.0388412475586,114.4419559958986,112.58087734449073,113.974253557784,3207500
RTX,2025-01-03,112.90242004394531,113.68192653456337,112.86344360431505,113.32140747747597,2902600
RTX,2025-01-06,111.17774963378906,113.30191730575785,110.81723057108526,113.30191730575785,3832300
RTX,2025-01-07,111.85982513427734,112.32752754473384,111.01210429358076,111.17774858753428,3588400
RTX,2025-01-08,112.95113372802734,113.22396136832762,111.47981217726576,111.98649101868118,4294200
RTX,2025-01-10,112.16188049316406,113.5455106215739,111.86956091831891,112.87318005982738,4287300
RTX,2025-01-13,114.72452545166016,114.90966168675854,111.64546097178984,111.64546097178984,5414900
RTX,2025-01-14,116.41022491455078,116.45893989155371,115.15326253753449,115.7184097955411,3804900
RTX,2025-01-15,116.03995513916016,117.28717901026486,115.14351925423809,117.07281229126255,4279600
RTX,2025-01-16,117.3748779296875,117.42360034493565,116.0497085221037,116.29330573035077,3896900
RTX,2025-01-17,118.00821685791016,118.24206806598892,116.7902309745893,117.5112765359964,4368600
RTX,2025-01-21,122.52938079833984,122.58784174230728,119.362617477508,119.58673015270969,6071100
RTX,2025-01-22,121.19446563720703,122.6560487090045,120.48316603863665,122.46117393969654,5103800
RTX,2025-01-23,123.0555419921875,123.74735703312791,121.50626019200068,122.53911720345701,5501300
RTX,2025-01-24,122.10064697265625,123.04580521158078,121.87654173220777,122.30526770984673,3483000
RTX,2025-01-27,121.8473129272461,124.71201072109902,121.19446683223565,123.37710292678531,6207800
RTX,2025-01-28,125.06279754638672,129.03829042067383,122.89964597515088,127.82030452664198,8451600
RTX,2025-01-29,121.92526245117188,126.43667971851119,121.808340558124,124.1371290919467,5179000
RTX,2025-01-30,125.67665100097656,125.91050964264078,122.3345048796457,122.4416882319095,4343600
RTX,2025-01-31,125.64742279052734,126.6023195755225,124.24430808526974,125.83255902667776,5569300
RTX,2025-02-03,126.59258270263672,127.19669896074909,124.28328615779488,125.20895248270672,6067300
RTX,2025-02-04,125.08228302001953,127.11876687134601,124.74125586757211,126.22231610927317,4036800
RTX,2025-02-05,125.85205841064453,126.56335805710559,125.00433006169133,126.33925280071239,4881500
RTX,2025-02-06,125.48178100585938,126.42693927504281,124.26379507835415,125.75460866418116,3363300
RTX,2025-02-07,124.67303466796875,125.69614580509702,124.06891841488,125.50127103326118,3827300
RTX,2025-02-10,124.9653549194336,125.20895210251241,123.6499316176072,124.78997208425307,5344900
RTX,2025-02-11,125.8033447265625,126.10540289048319,124.52689771490078,125.7936061905629,3320600
RTX,2025-02-12,123.53300476074219,125.30639942561116,123.20171615345647,124.53662398563223,5154900
RTX,2025-02-13,122.61708068847656,124.37098346867266,122.06167938041388,124.27354607732764,6580400
RTX,2025-02-14,119.2749252319336,122.23706036028429,118.27129861883262,122.23706036028429,7715900
RTX,2025-02-18,120.59036254882812,122.12015270018897,120.24932794833305,121.05806501979373,5386200
RTX,2025-02-19,122.19808197021484,123.36734535561742,120.9216278065223,121.22369333771428,5124600
RTX,2025-02-20,121.90576934814453,122.10064411214263,120.03494485137811,121.56473479414998,3132000
RTX,2025-02-21,120.74038696289062,122.88510056708822,120.14300105004672,121.98412031504196,4846100
RTX,2025-02-24,122.83613586425781,123.61959503127089,122.05267669724472,122.41502786952184,4461000
RTX,2025-02-25,124.70662689208984,125.2844296777743,123.06137617884039,123.3062062214006,6007900
RTX,2025-02-26,124.67724609375,125.67615683236468,124.21696442709616,124.882902428966,3904500
RTX,2025-02-27,127.82087707519531,128.28115876604843,125.18650333829902,125.76429867167111,5758900
RTX,2025-02-28,130.2397918701172,130.3377149189795,127.91879295781116,128.57493566382288,7461000
RTX,2025-03-03,131.0624237060547,132.56078241141503,130.17123874075818,131.56187162676136,6215800
RTX,2025-03-04,126.03849029541016,131.9437891349384,125.83284144847485,130.7588202158659,7911200
RTX,2025-03-05,126.95907592773438,127.84045817068571,125.57823079630172,126.80238110220137,5774900
RTX,2025-03-06,125.62720489501953,126.1952124531951,123.35518213393807,125.9503823820802,6258300
RTX,2025-03-07,125.74469757080078,126.23435763134633,123.64896058101499,124.37365537856891,6418500
RTX,2025-03-10,125.86223602294922,127.15493091374088,123.7958698075729,124.37366513797795,4916800
RTX,2025-03-11,125.46070861816406,126.38127197652614,124.47159314619759,126.02871611466918,4404800
RTX,2025-03-12,125.31380462646484,125.89160739619136,124.1875849674682,125.69574635620053,4701800
RTX,2025-03-13,126.52815246582031,126.95905569574752,125.35297134807979,125.65655818464523,3434100
RTX,2025-03-14,127.30183410644531,127.98735523587423,125.35298159120322,126.273544940682,5380700
RTX,2025-03-17,129.31924438476562,129.96559934805714,127.31163484661306,127.31163484661306,4934600
RTX,2025-03-18,129.9459991455078,130.51400665214652,128.98626953792396,129.33882540607073,4128400
RTX,2025-03-19,132.52162170410156,132.93293441064046,130.7490395219999,131.23869964072344,7080700
RTX,2025-03-20,131.68919372558594,132.52162190598045,131.1211861938124,131.3464256646609,4311300
RTX,2025-03-21,129.6326141357422,131.71857100864554,128.97647137446424,131.06242824736756,9545900
RTX,2025-03-24,131.90464782714844,132.1005088899312,129.21151711997172,129.91662890058274,5525300
RTX,2025-03-25,132.85458374023438,133.12879220453542,131.20931801118758,131.99277717057936,3990600
RTX,2025-03-26,131.55209350585938,133.35403921413874,131.2876728491662,133.1581781490199,4464500
RTX,2025-03-27,130.67068481445312,132.16905844187448,130.40627912423767,132.12008944408788,3914000
RTX,2025-03-28,128.99606323242188,130.87635630038517,128.9177158200183,130.22021353265117,3935200
RTX,2025-03-31,129.7207489013672,130.38667940626542,127.87962230484307,128.34969177554999,5521100
RTX,2025-04-01,130.1027069091797,130.28876521253636,128.64351429296602,129.54448716938433,4799300
RTX,2025-04-02,130.39646911621094,130.91550758879205,128.49660061947895,128.64349266143992,3352900
RTX,2025-04-03,127.536865234375,130.94491028342833,127.25286895190739,128.29094597113706,4605200
RTX,2025-04-04,115.02115631103516,123.76648613349445,114.92322578381841,123.39434714142267,8526700
RTX,2025-04-07,114.89383697509766,117.44006781040468,109.9482673462051,111.56414704971789,8774800
RTX,2025-04-08,117.96891784667969,121.40633405785096,116.24531209375787,120.46618750306287,8108600
RTX,2025-04-09,125.77407836914062,126.2637384389915,115.72625911536689,116.55867973978943,6747400
RTX,2025-04-10,124.44221496582031,126.6162994891212,121.21045538337785,124.28552762227268,6457800
RTX,2025-04-11,125.60760498046875,126.6456969572539,122.41502646970542,123.55104150172203,3654100
RTX,2025-04-14,126.46940612792969,127.2626530745348,125.62719018418748,126.5771319443353,4099900
RTX,2025-04-15,125.97975158691406,127.26265867486593,125.58802947905903,125.84264735484075,6315600
RTX,2025-04-16,126.57714080810547,127.50749204589984,125.78389380595195,127.22349575180128,5382800
RTX,2025-04-17,126.22457122802734,127.80127723843027,125.05917787991571,126.68485288557126,5228300
RTX,2025-04-21,123.5118637084961,126.06788250269037,122.15060925693922,125.84264304554873,6397400
RTX,2025-04-22,111.39766693115234,114.76653063409849,110.30082567466248,112.1615354517925,17094400
RTX,2025-04-23,117.7926254272461,120.08423844365838,114.85466500266915,114.95259552249776,10456300
RTX,2025-04-24,119.44768524169922,119.5358204727698,117.03855846137513,117.54780167467432,4512800
RTX,2025-04-25,122.6304702758789,122.90467872219035,119.8785830475992,120.19196519647225,6205900
RTX,2025-04-28,122.21916198730469,123.69793008600725,121.12232069112326,123.3257911057625,5460100
RTX,2025-04-29,123.12992858886719,123.43351545145568,121.817635672337,122.21916052948175,4313600
RTX,2025-04-30,123.52164459228516,123.95254783790976,121.04396587318287,123.18867933638948,5674100
RTX,2025-05-01,124.77518463134766,125.44111516450722,122.83612743543652,123.78606918197977,4820900
RTX,2025-05-02,127.51729583740234,128.29095225690264,125.20609198693545,126.70445823983762,5002200
RTX,2025-05-05,125.93077087402344,127.3703726485073,125.62718402718819,127.31161583211843,3293300
RTX,2025-05-06,125.50967407226562,126.00912196944564,124.285523884162,124.94166659179679,2596100
RTX,2025-05-07,124.86331939697266,126.1462264053487,124.74579828893354,125.16690625321559,4029200
RTX,2025-05-08,126.00912475585938,127.83066087376639,124.86332194764623,125.34318673994046,4748300
RTX,2025-05-09,126.00912475585938,126.18541015732904,123.4237200991436,126.18541015732904,4857600
RTX,2025-05-12,127.86004638671875,128.09508862065607,124.75560306176187,127.20390362812289,4686400
RTX,2025-05-13,128.01673889160156,129.30943379675077,127.76212101687655,128.2909473546102,4334700
RTX,2025-05-14,128.0852813720703,129.12337332819914,126.4400306218107,128.77081746125205,4843600
RTX,2025-05-15,132.7174835205078,132.84478499069877,129.0254420201501,129.21151525724574,6772200
RTX,2025-05-16,132.67828369140625,133.5792563951579,131.69896358603637,132.90353807477334,4776000
RTX,2025-05-19,134.3627166748047,134.87196731827748,132.39428862489888,133.07002189459106,5180800
RTX,2025-05-20,134.3431396484375,134.90135934261068,133.07982314867593,133.5694832551827,4998600
RTX,2025-05-21,132.15924072265625,135.94921956255223,132.06131768140307,135.63582996676988,5514900
RTX,2025-05-22,131.29747009277344,132.18864014306504,130.74903821297144,131.81650861796464,3790900
RTX,2025-05-23,130.27378845214844,131.29746702488197,129.25994759916696,129.7816321149955,5510000
RTX,2025-05-27,132.08493041992188,132.78378406204533,130.0769239976125,132.38022724901685,5160800
RTX,2025-05-28,130.7659454345703,132.8822116870029,128.84652369466684,132.52785852172744,5426300
RTX,2025-05-29,132.6853485107422,132.97079257131492,129.83083280791942,130.04738279294114,3634700
RTX,2025-05-30,134.33897399902344,135.14611750763802,132.26207389640462,132.8821956154906,8195100
RTX,2025-06-02,135.30361938476562,135.36267573887218,133.30545094784236,134.2799258488565,3946200
RTX,2025-06-03,135.3429718017578,136.6127283468453,134.28975019368937,135.25438727942043,3493900
RTX,2025-06-04,136.3765106201172,136.68164511604337,135.49062028869295,135.99262931565875,3200400
RTX,2025-06-05,136.88836669921875,137.1344448603784,136.0713854018384,137.01631712981685,3510800
RTX,2025-06-06,136.9178924560547,138.44356501273282,136.15012980836545,137.48878056276206,4511000
RTX,2025-06-09,138.7683868408203,138.87666182814186,136.1107458113312,137.01631160555766,7104300
RTX,2025-06-10,136.34698486328125,138.9061885986011,135.77608175585758,138.2959195959219,6303500
RTX,2025-06-11,139.58535766601562,139.634576296466,133.30543890986203,136.81944185606102,6370300
RTX,2025-06-12,138.7683868408203,139.83144625649965,137.9317301382614,138.0695333021781,4664400
RTX,2025-06-13,143.40451049804688,143.72933547061072,140.08738171733015,141.7607101964678,11765200
RTX,2025-06-16,144.1624298095703,144.762861095535,142.63674227775007,144.20179570497302,7986100
RTX,2025-06-17,146.15072631835938,146.8397421140896,143.5226135564483,145.1171951150551,7251800
RTX,2025-06-18,143.58168029785156,146.91849955381562,143.37498305388385,146.2294837082249,7116900
RTX,2025-06-20,144.339599609375,145.82590623400827,141.6425776681794,143.5718369800234,9220600
RTX,2025-06-23,143.5226287841797,144.76287236750167,142.82377519558287,144.51679419867358,6548500
RTX,2025-06-24,139.624755859375,141.78038795349661,138.30576548937393,141.24886572933136,8242100
RTX,2025-06-25,139.16212463378906,140.18580316190258,138.266396534553,140.0479999942831,10395000
RTX,2025-06-26,140.43186950683594,141.15041346187908,139.04398520864572,139.6837973768881,5407500
RTX,2025-06-27,142.3906707763672,142.43988941248233,139.70348644255446,139.84130463144444,9173900
RTX,2025-06-30,143.7293243408203,144.11320563877527,142.72532132331588,143.19778714708713,5939500
RTX,2025-07-01,141.92803955078125,143.51278347500454,140.42204243874892,143.3651275698645,4819500
RTX,2025-07-02,142.25286865234375,142.44972817883206,140.71734331854813,141.4063591709668,3253300
RTX,2025-07-03,143.46356201171875,144.09352147740856,142.10520581218637,142.22333353785334,1888700
RTX,2025-07-07,143.63088989257812,144.47739931228043,142.8532895628067,143.96555256516746,4532500
RTX,2025-07-08,142.63674926757812,143.70964644804337,140.73701804895472,143.36513101385918,4331300
RTX,2025-07-09,143.88682556152344,144.2018128398468,142.45957512774345,143.4438878433738,2666200
RTX,2025-07-10,144.10336303710938,144.24116620454492,142.75485954010287,143.81791898292812,4130900
RTX,2025-07-11,144.5659942626953,144.76286880845313,143.21749073688514,143.88681613032054,3468800
RTX,2025-07-14,146.93817138671875,147.22363042762044,144.77268685245775,145.5699775883951,4461000
RTX,2025-07-15,146.34759521484375,148.38512957655934,146.0719888788753,147.45003557813644,4530500
RTX,2025-07-16,147.81422424316406,148.00124604394463,145.93418353557428,146.51493939573993,3361700
RTX,2025-07-17,149.1233673095703,149.6056859177605,147.83392013396096,148.19811101028506,4326500
RTX,2025-07-18,149.1233673095703,150.45219540227475,148.70995779658696,149.42850182967095,5928600
RTX,2025-07-21,149.18243408203125,150.98372816971272,148.69027771991347,149.59584362387974,7116000
RTX,2025-07-22,146.8299102783203,147.91266015743392,141.30791593367786,143.19779434315194,10722700
RTX,2025-07-23,154.0351104736328,154.13353273878175,146.77087743946865,147.64691520222502,8667100
RTX,2025-07-24,152.78500366210938,154.77331932850726,152.71609457047802,153.79884444312498,4865300
RTX,2025-07-25,154.41896057128906,154.8618982232844,151.84005142830102,152.77516038402413,4728200
RTX,2025-07-28,153.62168884277344,154.86191742603125,153.18858885576984,154.68473333161174,4022900
RTX,2025-07-29,154.6551971435547,156.2989974495245,153.87759676673548,155.25562845454886,4341800
RTX,2025-07-30,155.9151153564453,156.23994032828435,153.96618054482994,154.98002135719776,3998700
RTX,2025-07-31,155.09812927246094,155.74776411372787,154.29098580565667,155.62965141884607,4796000
RTX,2025-08-01,154.3500518798828,155.00953950022725,151.33805781525197,153.83820513744462,4420700
RTX,2025-08-04,154.9111328125,155.92497366105746,154.28117330446992,154.66505464499733,3961900
RTX,2025-08-05,153.87759399414062,155.56076016682655,153.31652859029953,154.80285026189486,4993900
RTX,2025-08-06,153.30667114257812,155.25560567783037,153.19839616731872,154.19254638057913,4112100
RTX,2025-08-07,153.3165283203125,153.3165283203125,150.83607133130982,152.22394071107848,5105800
RTX,2025-08-08,152.43064880371094,154.4583303428618,152.2928456414216,154.143358123094,3667300
RTX,2025-08-11,152.37159729003906,153.22794446721625,151.72194735315077,152.30268819699694,3572900
RTX,2025-08-12,153.05078125,153.4838662050488,152.13536266407073,152.53893446022684,2962300
RTX,2025-08-13,153.267333984375,153.8874407594606,150.26517730701937,153.55277805298016,5012300
RTX,2025-08-14,152.64720153808594,153.87759230201226,152.22393930519766,153.15904830131646,2766600
RTX,2025-08-15,152.34071350097656,153.11185746484176,151.58934671416498,152.50878179201734,4593800
RTX,2025-08-18,153.73471069335938,154.40698385917824,152.64719223622174,152.6768504590922,3679300
RTX,2025-08-19,151.9156036376953,153.36891691030414,151.4707152061054,152.81527663227527,3008600
RTX,2025-08-20,154.8123321533203,155.32643315614337,151.352065372501,152.0243536201259,3766500
RTX,2025-08-21,154.54541015625,155.95916907541817,154.44653935557318,155.01006067984574,3179800
RTX,2025-08-22,154.46632385253906,156.14702194472517,154.43666562804384,155.267126085044,4252700
RTX,2025-08-25,154.49595642089844,155.85039873314673,154.22901735920334,154.85187014130378,2431100
RTX,2025-08-26,157.75851440429688,157.8870283419584,154.6047259540663,154.98040180681716,5096100
RTX,2025-08-27,158.0254364013672,158.39124628923236,157.1949759977639,158.15396542296028,2992300
RTX,2025-08-28,158.83615112304688,159.42933072165977,157.4421541751203,158.33193111582335,3117700
RTX,2025-08-29,156.7995147705078,159.27113376067618,156.63143140387905,159.231579408917,3774900
RTX,2025-09-02,156.21620178222656,156.8291735521638,154.59482032230275,156.40404723984128,3260100
RTX,2025-09-03,156.31507873535156,156.5424634682608,154.6739200348145,156.156891492647,2738900
RTX,2025-09-04,156.8786163330078,157.3630591570015,155.7614546436343,156.43372786657997,3218800
RTX,2025-09-05,155.73178100585938,157.19497529407218,153.79402498722686,156.79952227095492,4046300
RTX,2025-09-08,152.46923828125,155.21767747815812,151.91559802368081,155.1385838577103,5522800
RTX,2025-09-09,150.0272674560547,151.95512718384657,148.90020983937907,151.89581074384753,5461300
RTX,2025-09-10,153.24038696289062,153.27992623155455,149.9284112749501,150.27444398941532,4520400
RTX,2025-09-11,155.86029052734375,156.21620427229612,152.60764651045676,153.27003860248038,4289900
RTX,2025-09-12,154.08074951171875,156.3447460987307,154.05109128767333,155.95917410057348,3194400
RTX,2025-09-15,156.57212829589844,156.68088014415005,153.94233693142885,154.15982554236564,3891400
RTX,2025-09-16,156.7797393798828,158.13418177453732,155.85040821530677,158.03532606514398,6525200
RTX,2025-09-17,156.51280212402344,157.51134587380835,155.83063285333705,156.76986015968237,3999200
RTX,2025-09-18,156.3941650390625,156.4930207469531,154.72334819439112,155.52415033046083,3696100
RTX,2025-09-19,156.443603515625,156.89837296911776,154.91119670028473,156.89837296911776,7083700
RTX,2025-09-22,157.62008666992188,157.98589655645182,155.8800722469757,156.27554035598564,3296700
RTX,2025-09-23,158.7174835205078,159.56772108379099,157.14553741292926,157.93645853223825,3287100
RTX,2025-09-24,159.5479736328125,161.17923633404834,158.87568533976335,159.32057379595796,4269800
RTX,2025-09-25,158.6878204345703,160.45750808190752,157.87713724916196,160.29932084578118,3917700
RTX,2025-09-26,161.49560546875,163.47290083984916,159.85444669020174,160.16092505903148,3961700
RTX,2025-09-29,161.77239990234375,166.3696048752597,160.9419245134443,165.52924844187913,6216100
RTX,2025-09-30,165.430419921875,165.59848821905322,162.00969227385005,162.42492249374328,4893700
RTX,2025-10-01,165.3018798828125,165.81598087177062,163.20595174519443,163.98697673129521,4034500
RTX,2025-10-02,164.7383575439453,166.3399618589807,164.00675287524786,165.24256239871724,3498100
RTX,2025-10-03,164.68893432617188,165.36120751558866,163.62119300865706,164.91631907134914,2678300
RTX,2025-10-06,166.88372802734375,167.82294028724309,165.10415922220673,165.10415922220673,3816900
RTX,2025-10-07,167.348388671875,168.42601096879793,166.90350025517492,167.4373633381019,5186500
RTX,2025-10-08,166.65634155273438,168.91045698722854,166.51791639963162,168.1393130272998,4683700
RTX,2025-10-09,160.3388671875,167.22974245259624,160.06204705484595,167.07157029505524,5962400
RTX,2025-10-10,155.90972900390625,160.6157014007105,155.65268604964038,160.17079789656066,7776400
RTX,2025-10-13,157.04669189453125,157.7387422617567,155.58348244889277,156.65122376642628,5322300
RTX,2025-10-14,157.59043884277344,158.75705098435014,155.50439157253476,156.40406460861706,3590500
RTX,2025-10-15,155.21768188476562,158.83613592376162,153.8731204701119,157.67941997730867,5954700
RTX,2025-10-16,155.26710510253906,156.53257279521216,154.32789292079082,155.97893256536327,3926600
RTX,2025-10-17,156.15689086914062,156.74018935302328,154.3279017964562,154.55528652845751,5435200
RTX,2025-10-20,158.8855743408203,160.2301357810068,157.63986861670315,157.8573723118485,6517800
RTX,2025-10-21,171.07557678222656,176.7306423508476,168.3271376174395,169.85954443887994,12296700
RTX,2025-10-22,175.95950317382812,176.6911078600221,171.94559615929631,172.50913255654692,10219100
RTX,2025-10-23,177.40292358398438,177.93678663777564,174.49629729467728,175.58381566331764,5249400
RTX,2025-10-24,176.62188720703125,178.4508912960926,176.26597346861368,178.41135202985294,3471600
RTX,2025-10-27,177.2052001953125,177.5907721535846,175.48494795079424,177.39303056631474,4039700
RTX,2025-10-28,176.6416778564453,179.251707108735,176.53292600903464,177.26453071757606,3344100
RTX,2025-10-29,174.35789489746094,176.94814683493811,174.00198115077538,175.77165375323955,4285200
RTX,2025-10-30,175.40586853027344,176.96793366563472,174.81268897714742,175.10927121092726,3637300
RTX,2025-10-31,176.47360229492188,177.07667795380615,174.74346893908933,175.48495466301756,4347100
RTX,2025-11-03,175.03018188476562,176.5230495640925,173.4582356648665,176.46373311587996,3843800
RTX,2025-11-04,173.6164093017578,175.87052467046183,173.44834101648033,174.55562152445688,3837800
RTX,2025-11-05,172.02468872070312,174.7533507661589,171.94559509952916,172.92436169029546,4493800
RTX,2025-11-06,173.11221313476562,173.39891432155483,171.62924162905,172.03457570891524,3631300
RTX,2025-11-07,174.9609832763672,175.67281082151877,171.7775365009856,173.27038908524057,3774300
RTX,2025-11-10,176.99757385253906,177.51167481464657,174.29857020121307,174.83243325318122,2739000
RTX,2025-11-11,177.1854248046875,177.9565687290013,175.39597505504744,176.78007566649134,3387700
RTX,2025-11-12,175.6728057861328,177.85770867511204,175.35643129265978,176.5724787806848,4470500
RTX,2025-11-13,171.98513793945312,176.7602924279393,171.16455864596796,176.6021202817459,3617800
RTX,2025-11-14,173.57687377929688,174.16017226764956,170.54171827672073,171.98515047195818,3224700
RTX,2025-11-17,173.6361846923828,174.29857678127541,172.64753708169556,174.10085027625104,3913600
RTX,2025-11-18,172.73651123046875,175.91006160338455,172.33116209076135,174.69402926982764,3742500
RTX,2025-11-19,171.79730224609375,172.78594987239364,170.5417155367345,171.5402442084938,3902400
RTX,2025-11-20,170.76910400390625,175.53439290802604,170.54171926883959,174.5358491288492,4221000
RTX,2025-11-21,168.416748046875,171.0172527994546,167.3646420269443,170.97754211274622,6108400
RTX,2025-11-24,171.92047119140625,172.3571827024143,167.642546096527,168.01972187145833,8116600
RTX,2025-11-25,170.86834716796875,172.33733955826986,168.257937664289,171.4738063591256,5511700
RTX,2025-11-26,171.90061950683594,172.73436215266634,170.73933186188884,171.2753049498687,3564400
RTX,2025-11-28,173.60781860351562,173.6375940453169,171.71203470116032,171.7517302418323,1680400
RTX,2025-12-01,166.7691192626953,172.70459477345167,166.65000234688128,172.4068252017009,4885600
RTX,2025-12-02,167.54330444335938,168.11898822061798,166.78895287203272,168.11898822061798,4053600
RTX,2025-12-03,167.19590759277344,167.93040383673133,165.49864681220174,167.7914467251922,5452200
RTX,2025-12-04,170.03460693359375,170.8087986780135,167.39440680765546,167.64254557561534,7486500
RTX,2025-12-05,169.82618713378906,170.71948068394332,167.6822644391918,170.71948068394332,3032700
RTX,2025-12-08,170.24305725097656,170.70955936577997,168.27778722237068,170.1140202398044,3498200
RTX,2025-12-09,170.64999389648438,174.40186617012785,169.96514358811314,171.23561292551622,4816400
RTX,2025-12-10,173.41921997070312,175.81128128188416,169.0817592380813,169.8956465055691,5611300
RTX,2025-12-11,176.09912109375,177.80631704895217,173.00235407975012,173.39937005506698,4865500
RTX,2025-12-12,177.32989501953125,178.1140068723498,175.31500940974865,178.06437608909044,6440100
RTX,2025-12-15,180.75421142578125,180.92294397681385,177.8360969833828,178.40186066495306,3691700
RTX,2025-12-16,178.59043884277344,180.52593347945694,177.55818816237314,179.16612264066208,4321900
RTX,2025-12-17,175.88075256347656,178.98745472937568,175.22566259290306,177.5879484682018,6632700
RTX,2025-12-18,176.962646484375,179.15619997341759,176.76413848851155,177.1611696254277,4090600
RTX,2025-12-19,180.6549530029297,181.87580671225635,177.32990241845977,177.62767198525137,11455900
RTX,2025-12-22,184.29762268066406,184.48621057185295,180.40680852757083,181.49862518961766,3208300
RTX,2025-12-23,184.3770294189453,186.6003582891263,183.88075187030404,184.36710932024047,3354700
RTX,2025-12-24,184.992431640625,185.70707255227128,184.11897827190413,184.30756617153153,1421700
RTX,2025-12-26,183.7914276123047,184.89316438848002,183.1363376058893,184.83361350520389,1389000
RTX,2025-12-29,183.0469970703125,184.21821988284265,182.80877841051284,183.79141334385008,2027200
RTX,2025-12-30,182.6400604248047,183.6226954364353,182.3323707637901,183.55320930901183,1812000
RTX,2025-12-31,182.03460693359375,183.02716207531495,181.28027047815385,182.72940764895023,2644600
RTX,2026-01-02,185.85594177246094,185.87579711503878,180.8137600660978,182.1338601615305,3326300
RTX,2026-01-05,186.85841369628906,189.0817425252316,185.04203608452957,185.90556930187697,6048800
RTX,2026-01-06,188.98248291015625,189.29018770974164,186.31252244238505,187.29514228769193,3915000
RTX,2026-01-07,184.3472442626953,192.34723550196983,184.2281425037584,190.49116241432534,7666700
RTX,2026-01-08,185.7765350341797,195.23558386368106,183.52343073126718,189.60779830092216,9773400
RTX,2026-01-09,187.0966339111328,187.68223777765394,182.99737655510756,184.64502163447528,7593600
RTX,2026-01-12,192.4068145751953,192.58546722571649,187.99986745340425,188.29763701612862,5392000
RTX,2026-01-13,192.6350860595703,196.07925329715533,191.56312478737897,194.1636141737837,5852300
RTX,2026-01-14,197.35964965820312,197.38942509916694,191.94030737014626,193.38942931434778,5249700
RTX,2026-01-15,198.34228515625,198.81870735808647,195.19588734306623,197.46883183189254,3657400
RTX,2026-01-16,200.41673278808594,200.66487157399808,198.0941573867939,198.6003550577864,4825900
RTX,2026-01-20,194.8981170654297,201.51845766390477,194.64005819563863,199.15617171551986,6048000
RTX,2026-01-21,196.02963256835938,196.82367967868672,194.12392859068711,196.12889413659613,5463400
RTX,2026-01-22,194.87826538085938,197.5085454921737,194.3522123876343,197.5085454921737,4075000
RTX,2026-01-23,194.4713134765625,196.10903847870324,193.54824450323773,195.384477496344,5113100
RTX,2026-01-26,192.6847381591797,194.43162978943536,192.0594235615882,193.79639509250694,6680600
RTX,2026-01-27,199.781494140625,200.69464303725266,193.98497585149843,198.024667330549,10134500
RTX,2026-01-28,197.9750518798828,203.831121058819,197.07182308136265,199.78149433173382,6826500
RTX,2026-01-29,198.3919219970703,201.72690780212767,196.53583362614015,199.4340927556845,8870800
RTX,2026-01-30,199.43408203125,199.9303595639752,196.12888699106608,196.89314348692724,7228400
RTX,2026-02-02,199.59291076660156,200.15867446977424,195.53336385242963,198.5011091926104,6239900
RTX,2026-02-03,201.98495483398438,203.3447504205588,199.15616685317266,200.2876790164597,8457300
RTX,2026-02-04,195.27529907226562,204.94277621404404,192.88323760665781,203.97007644052806,11411500
RTX,2026-02-05,194.51101684570312,198.1933876469535,193.08173513220873,194.76907570973304,5538300
RTX,2026-02-06,197.18099975585938,199.35469784759368,195.49365911528213,195.49365911528213,4350900
RTX,2026-02-09,194.72940063476562,198.51103339776262,194.53089263040584,197.0222006472794,4615200
RTX,2026-02-10,193.73684692382812,194.94776544827047,191.64255489993425,193.57803446107076,5501500
RTX,2026-02-11,195.0469970703125,197.34973216989675,193.5978751069439,194.12392809784757,6784100
RTX,2026-02-12,199.6425323486328,200.3770285754175,195.53335483754972,195.53335483754972,6738600
RTX,2026-02-13,198.57057189941406,202.18347187610388,197.05196380025419,199.64253323032497,4939000
RTX,2026-02-17,201.98495483398438,204.10902205788065,197.36957986022662,198.51101212185196,6057800
RTX,2026-02-18,203.2852020263672,204.47626508462756,201.3000918808704,203.97998754825335,6395700
RTX,2026-02-19,203.88075256347656,205.1909174574917,200.0395539177647,202.64997875196832,6128400
RTX,2026-02-20,204.0699462890625,205.5039752930625,202.17783397269673,204.63758910126765,10300800
RTX,2026-02-23,201.0823974609375,204.05003162670022,200.90315142736128,203.12389672890401,4557300
RTX,2026-02-24,197.6367645263672,199.87743118534527,196.18281414163548,199.17036968693958,10157300
RTX,2026-02-25,195.1670379638672,197.9355048437871,191.8209751973858,197.63676145030104,6891800
RTX,2026-02-26,196.81019592285156,197.85582815553465,193.19524902948453,195.68487852728717,5762000
RTX,2026-02-27,201.7794952392578,201.7794952392578,196.81020427585278,197.48737623415914,8982500
RTX,2026-03-02,211.27992248535156,211.93718832322645,207.13717533179738,209.7761765354718,12485300
RTX,2026-03-03,205.66331481933594,213.6102078060541,204.71725866302296,212.12638317655788,9661300
RTX,2026-03-04,207.9537811279297,209.07908333417927,203.3828097962958,206.14132354974282,6140300
RTX,2026-03-05,203.0143585205078,209.2782599639463,199.2699610390964,207.62515744338032,6935600
RTX,2026-03-06,208.88987731933594,209.07909160096787,202.79526889683922,203.16372921654775,8790400
RTX,2026-03-09,207.36622619628906,212.11644376923974,205.95211839462,210.88158200649661,8626400
RTX,2026-03-10,206.14132690429688,207.60523029650304,204.42846055689228,205.5039823468086,4140600
RTX,2026-03-11,206.40023803710938,208.52140722790662,203.85085986731144,204.80688427873193,4416200
RTX,2026-03-12,202.19773864746094,205.9122767261875,201.00271955101874,205.32471262763926,6400900
RTX,2026-03-13,203.67161560058594,205.43426235630176,201.0624735361522,203.6118669235098,4806800
RTX,2026-03-16,205.20521545410156,208.0334308637421,203.76123341150634,203.86082466775107,4795600
RTX,2026-03-17,202.48655700683594,205.8126985146536,199.87743004142717,204.9562653220815,3990800
RTX,2026-03-18,203.71144104003906,206.4400804325488,203.18364080358717,203.46247809093938,3512900
RTX,2026-03-19,199.89732360839844,202.53633994353524,196.2027220128961,202.4865443154209,5329600
RTX,2026-03-20,197.33799743652344,201.1919390614798,195.67492674469875,200.4251289164613,8463900
RTX,2026-03-23,194.01185607910156,198.92139818733548,193.65334882123207,196.3520987051864,4927300
RTX,2026-03-24,193.19525146484375,194.33052192233293,190.3869420620853,191.42263645570264,5136000
RTX,2026-03-25,194.19110107421875,195.85417175739525,193.24504490295567,195.23674850371688,4057300
RTX,2026-03-26,192.05003356933594,193.5039687473737,190.58613014777492,193.5039687473737,4871900
RTX,2026-03-27,188.9230499267578,192.30893993742555,188.6740869790472,191.61184672293425,3864500
RTX,2026-03-30,186.3736572265625,192.19939630146183,184.80022476358909,191.691517356742,5043800
RTX,2026-03-31,192.0998077392578,192.63757622520558,186.8018840208577,188.35541041049763,5318500
RTX,2026-04-01,193.91226196289062,195.82429557818833,192.7471171908573,193.66329901513583,4127200
RTX,2026-04-02,195.39608764648438,196.62098110124842,192.82678818846023,194.27077025405916,4113900
RTX,2026-04-06,197.5869598388672,197.80604845112083,194.19110154442845,195.4159950071246,2314900
RTX,2026-04-07,197.09898376464844,197.32802542081026,194.69897731221624,196.5911048239003,3037500
RTX,2026-04-08,202.63592529296875,202.9546051711147,197.59691748485605,197.7761787151864,4455800
RTX,2026-04-09,202.34713745117188,204.50813411677794,201.76954156151092,202.37701179068077,2789700
RTX,2026-04-10,200.72389221191406,201.97867524150678,196.96952656203396,201.97867524150678,3151900
RTX,2026-04-13,200.57452392578125,202.14797166573217,199.29983477869322,200.91310990646235,3429200
RTX,2026-04-14,201.9687042236328,203.4724501898059,200.0765918528169,200.51476908281455,3303100
RTX,2026-04-15,197.56704711914062,202.1579247369976,196.86995386604275,202.14797168891522,4424800
RTX,2026-04-16,195.03758239746094,199.1106126394668,193.10562746141125,197.58696059103437,3999300
RTX,2026-04-17,195.60520935058594,199.1106119523997,194.39026893510774,194.76869748286106,4777200
RTX,2026-04-20,194.97781372070312,197.56703443221878,193.99193018159298,196.97948552772996,4988200
RTX,2026-04-21,186.39358520507812,195.80438195985502,185.76619368959533,193.80272525185262,7489900
RTX,2026-04-22,180.15956115722656,187.95708293704922,179.09399238787142,186.97118413885556,8513900
RTX,2026-04-23,178.5562286376953,181.88236996288708,176.76369238009448,180.60768088981368,6289400
RTX,2026-04-24,173.53712463378906,177.0425271323388,170.9180448016029,177.0425271323388,10505100
RTX,2026-04-27,172.66079711914062,176.255822874303,171.58527530700277,171.58527530700277,6511700
RTX,2026-04-28,174.95123291015625,175.06077721345886,171.62509162150212,174.523023939832,6115800
RTX,2026-04-29,172.07322692871094,175.53880215547323,171.06742207470103,174.8317406869664,5037900
RTX,2026-04-30,175.33963012695312,175.91721078708446,172.76036246923053,172.91970240088372,6224400
RTX,2026-05-01,173.2682647705078,176.25582025013534,172.54128199637685,175.49896313684755,4494800
RTX,2026-05-04,172.18276977539062,175.14045083073597,172.17281672778913,173.2782128312565,5081300
RTX,2026-05-05,172.15289306640625,173.42758213450074,170.4898224103063,173.19854047888015,4721200
RTX,2026-05-06,176.00685119628906,177.35124199825344,172.8500028389677,174.06492804540872,6099000
RTX,2026-05-07,176.0466766357422,176.6541468299933,172.95953003633653,175.80766673791655,5658900
RTX,2026-05-08,175.3595428466797,176.35539466389585,173.87573336414297,175.4890084454755,6277400
RTX,2026-05-11,177.8690948486328,179.18361135433258,173.87573450575422,174.43340909577796,6524100
RTX,2026-05-12,178.14793395996094,179.1736601332466,175.88734604225198,177.85914361414459,5604900
RTX,2026-05-13,177.3711700439453,178.69565480126585,174.57282883300581,177.03258406867351,6144100
RTX,2026-05-14,174.95123291015625,178.1578768481138,174.57281956778633,177.37116063020758,6421600
RTX,2026-05-15,170.46990966796875,175.25000151076327,170.07157501252465,174.79191817655186,7694000
RTX,2026-05-18,175.22012329101562,175.35954193688286,170.29065986046902,170.96783179882618,5627400
RTX,2026-05-19,173.7661895751953,176.26577217349282,173.65664526715477,175.55871069514163,5578600
RTX,2026-05-20,174.12469482421875,175.42925826229816,172.28236289998142,174.74211808303676,6634800
RTX,2026-05-21,175.25,176.44501915152355,172.57115615807646,173.86576657034905,3596300
RTX,2026-05-22,177.00999450683594,177.60000610351562,175.25999450683594,176.74000549316406,4315400
RTX,2026-05-26,178.97000122070312,179.2100067138672,176.07000732421875,178.0,5529700
RTX,2026-05-27,176.58999633789062,178.8000030517578,175.7100067138672,178.49000549316406,5147100
RTX,2026-05-28,178.9600067138672,181.5500030517578,176.74000549316406,176.8000030517578,5834800
RTX,2026-05-29,179.66000366210938,180.10000610351562,176.0399932861328,178.91000366210938,8754400
RTX,2026-06-01,174.41000366210938,178.69000244140625,174.1300048828125,177.44000244140625,5482000
RTX,2026-06-02,174.25999450683594,175.75,172.99000549316406,173.88999938964844,4385900
RTX,2026-06-03,172.5500030517578,176.4199981689453,172.5500030517578,173.00999450683594,4322000
RTX,2026-06-04,179.41000366210938,180.4199981689453,176.19000244140625,176.5399932861328,4697200
RTX,2026-06-05,180.99000549316406,182.52999877929688,178.00999450683594,179.1699981689453,6272200
RTX,2026-06-08,178.66000366210938,182.3000030517578,177.89999389648438,180.49000549316406,5908700
RTX,2026-06-09,181.55999755859375,182.77999877929688,178.5399932861328,178.9600067138672,6227900
RTX,2026-06-10,177.41000366210938,183.0,176.92999267578125,183.0,6037300
RTX,2026-06-11,184.2100067138672,184.39999389648438,178.02000427246094,178.02000427246094,6492700
RTX,2026-06-12,183.52999877929688,184.8699951171875,181.8699951171875,184.69000244140625,3348400
RTX,2026-06-15,183.63999938964844,186.4600067138672,182.8800048828125,183.86000061035156,6073900
RTX,2026-06-16,186.77000427246094,186.85000610351562,182.25,184.25,5103600
RTX,2026-06-17,192.5800018310547,193.4600067138672,186.3800048828125,188.75,7530100
RTX,2026-06-18,185.60000610351562,194.1699981689453,184.4199981689453,194.0,8866400
RTX,2026-06-22,181.8300018310547,185.7100067138672,180.97000122070312,184.58999633789062,6351800
RTX,2026-06-23,186.38999938964844,186.72000122070312,181.8300018310547,183.0,3908600
RTX,2026-06-24,185.05999755859375,187.44000244140625,184.64999389648438,187.42999267578125,4463700
RTX,2026-06-25,186.58999633789062,189.66000366210938,184.35000610351562,185.0,3591100
RTX,2026-06-26,187.99000549316406,190.49000549316406,186.8800048828125,187.27999877929688,8036400
RTX,2026-06-29,187.3300018310547,189.8800048828125,187.16000366210938,187.61000061035156,3594300
RTX,2026-06-30,189.72999572753906,190.10000610351562,186.8300018310547,189.0,4054500
RTX,2026-07-01,191.77999877929688,191.82000732421875,188.97000122070312,190.47999572753906,3780500
RTX,2026-07-02,199.25,199.6999969482422,194.0500030517578,194.77000427246094,5192500
RTX,2026-07-06,201.3699951171875,202.5500030517578,197.9600067138672,200.0,6571300
RTX,2026-07-07,200.85000610351562,203.94000244140625,199.63999938964844,203.5399932861328,4400400
RTX,2026-07-08,194.91000366210938,200.41000366210938,194.69000244140625,199.0,4163900
RTX,2026-07-09,195.1999969482422,195.8300018310547,193.0,193.99000549316406,3940700
RTX,2026-07-10,195.92999267578125,196.69000244140625,192.58999633789062,195.00999450683594,2823100
RTX,2026-07-13,196.38999938964844,197.69000244140625,195.22999572753906,196.44000244140625,3608100
RTX,2026-07-14,193.38999938964844,198.5,193.38999938964844,196.3800048828125,4249800
RTX,2026-07-15,195.88999938964844,196.27999877929688,193.13999938964844,195.02000427246094,3543600
RTX,2026-07-16,194.36000061035156,196.72000122070312,192.85000610351562,195.66000366210938,3727900
RTX,2026-07-17,193.50999450683594,198.44000244140625,192.97000122070312,195.3800048828125,4200600
RTX,2026-07-20,194.44000244140625,197.5399932861328,194.10000610351562,194.6300048828125,4593500
RTX,2026-07-21,193.6699981689453,197.13999938964844,190.02000427246094,194.0,3527400
RTX,2026-07-22,194.8800048828125,197.35000610351562,193.77999877929688,195.89999389648438,5150500
RTX,2026-07-23,209.16000366210938,213.49000549316406,202.50999450683594,205.0,9998800
RTX,2026-07-24,212.7899932861328,214.889892578125,209.26010131835938,210.8300018310547,5874481
