symbol,date,close,high,low,open,volume
SLB,2018-01-02,54.36792755126953,54.61036627990756,52.86639811530401,53.233961313665354,8678200
SLB,2018-01-03,55.783424377441406,56.02585708349914,54.062917075657026,54.71983978115178,9529200
SLB,2018-01-04,57.16765594482422,57.23804330382326,55.72869178914771,56.11971543578338,12252300
SLB,2018-01-05,57.558677673339844,57.62124288668795,56.50291505591589,57.05034575634397,8552700
SLB,2018-01-08,58.49713897705078,58.59098083213504,56.86265705794885,57.363166840222355,9778900
SLB,2018-01-09,58.57534408569336,58.88816419965642,58.30944490053316,58.481496261540215,9370300
SLB,2018-01-10,59.12275314331055,59.49031619502407,58.6535261275988,58.74737391735924,10017600
SLB,2018-01-11,60.25672912597656,60.38967569589647,58.98198858337498,59.177500350861536,10248700
SLB,2018-01-12,60.97621154785156,61.07005337850157,60.256729668988264,60.50698449496444,9211500
SLB,2018-01-16,60.350589752197266,60.99969045438844,60.17853838857575,60.80417862600899,11902500
SLB,2018-01-17,60.38186264038086,60.835451441173326,59.75622847021044,60.21763344696563,8009600
SLB,2018-01-18,59.724952697753906,60.5852035092209,59.19316031068476,59.88135976654891,10588500
SLB,2018-01-19,59.76405334472656,60.35841096446073,58.067012132554595,58.653547608641006,13389800
SLB,2018-01-22,62.399559020996094,62.46994041883346,60.09251574937948,60.24892879993107,13192700
SLB,2018-01-23,61.94596481323242,62.83749824202288,61.45327717096843,62.42301413505593,9332600
SLB,2018-01-24,61.14045333862305,61.97724364507448,60.74160757639385,61.75044922994599,10369000
SLB,2018-01-25,60.4757080078125,61.85210670651291,60.39750448551871,61.76608700857214,7142000
SLB,2018-01-26,60.6946907043457,61.140457421351925,60.522639345756055,60.75725591956873,6055300
SLB,2018-01-29,59.73277282714844,60.538286587730795,59.513800529727064,60.28802571462338,7877900
SLB,2018-01-30,58.29379653930664,59.271355497975165,57.8167472901527,58.96635758019429,11371000
SLB,2018-01-31,57.543033599853516,58.61443443021723,57.175470466368004,58.567513508171096,10198700
SLB,2018-02-01,59.05238723754883,59.09148601861064,57.7072650648495,57.7072650648495,8671600
SLB,2018-02-02,57.62906265258789,58.849054429811225,57.370985633083905,58.55969480492371,9066600
SLB,2018-02-05,55.799068450927734,58.16867059399627,55.20471088779819,56.97213929138121,11310300
SLB,2018-02-06,55.9487190246582,57.1458173355446,54.3420828117927,54.743743367172804,12391900
SLB,2018-02-07,54.932743072509766,57.122176171936374,54.83036162846473,56.03533696673525,7345000
SLB,2018-02-08,53.08195495605469,55.05087015465722,53.042574248621705,54.97211474844359,12186000
SLB,2018-02-09,51.341453552246094,53.8459148476887,49.90807999572554,53.69627531470908,19725600
SLB,2018-02-12,52.640933990478516,53.30249287462422,52.19202139392254,52.27078283889926,11382800
SLB,2018-02-13,51.91637420654297,52.656688524787306,51.72735995820672,52.47554561400138,7959900
SLB,2018-02-14,51.876983642578125,52.192005290670096,50.853145260320865,51.45956854241597,13030900
SLB,2018-02-15,52.14475631713867,52.176259685534355,51.05003980216462,52.176259685534355,8844500
SLB,2018-02-16,52.19990158081055,52.995345350856404,51.90062850303867,52.09752010888582,7512500
SLB,2018-02-20,51.67222595214844,52.92445349780114,51.396578946060174,52.53854768927758,6840700
SLB,2018-02-21,50.71927261352539,52.050255619036996,50.70351792215363,51.467458220020305,7855000
SLB,2018-02-22,51.16029357910156,51.95573702942977,50.955524708901194,51.065783483166186,8393800
SLB,2018-02-23,52.373165130615234,52.53067600574166,51.24694494836258,51.42808786254723,7652000
SLB,2018-02-26,52.55430221557617,52.97958273297716,52.21564846382794,52.88507862184541,6605000
SLB,2018-02-27,52.696067810058594,54.38145933267569,52.65668708876248,53.00321820847404,8736100
SLB,2018-02-28,51.69584655761719,53.3024823785665,51.680097876915774,53.074087452148596,10144600
SLB,2018-03-01,51.36506652832031,52.54641578238967,51.215427033369224,51.57770675024546,9674000
SLB,2018-03-02,51.56195831298828,51.75884985625849,50.325479661597456,50.9161542914081,6797200
SLB,2018-03-05,52.105403900146484,52.44405173578012,51.12094574914906,51.13669443575651,5274300
SLB,2018-03-06,52.475555419921875,52.86146734356792,52.050268775202554,52.64094366920343,5131400
SLB,2018-03-07,52.1605110168457,52.37315124274571,51.36506748848037,51.87698670987694,5851900
SLB,2018-03-08,52.56216812133789,52.59367149134469,51.80610526713491,52.24714042992329,6099100
SLB,2018-03-09,54.16880798339844,54.397202926507084,52.9638325317921,52.99533590415059,8309700
SLB,2018-03-12,53.62538528442383,54.50746168382659,53.43637105907105,54.12943323312104,5226700
SLB,2018-03-13,52.877197265625,53.91678446979984,52.5779242553176,53.822274357182636,6964300
SLB,2018-03-14,52.31801986694336,53.2788515365086,52.18413506279815,52.98744989632233,5963300
SLB,2018-03-15,51.46745681762695,52.68818699354465,51.19968715814537,52.45191469863992,6310900
SLB,2018-03-16,52.058128356933594,52.483414856514834,51.443827638200815,51.48320835449033,9394300
SLB,2018-03-19,50.95553970336914,52.073888470745494,50.51450447652762,52.05025643331814,6097500
SLB,2018-03-20,51.632835388183594,52.05812183447994,51.29418169994685,51.29418169994685,5446300
SLB,2018-03-21,53.3497428894043,53.76715209369819,51.806113563782326,51.916372372137154,7240300
SLB,2018-03-22,51.60133743286133,52.74331208675875,51.34144514007753,52.57004655246717,7500000
SLB,2018-03-23,50.51449203491211,52.53065944235753,50.40423325535824,51.61708583910364,8622100
SLB,2018-03-26,50.766517639160156,51.365069646649054,50.057709846283345,51.073667983172776,7386100
SLB,2018-03-27,50.78227996826172,52.05025624073976,50.38061945464324,51.120933732949005,6318000
SLB,2018-03-28,49.78207015991211,50.90041297746085,49.35678359366373,50.6798953524405,7702900
SLB,2018-03-29,51.01854705810547,51.35720082806542,49.994711406650175,50.1443479312008,7282800
SLB,2018-04-02,49.99470901489258,50.92404050567458,48.84486292294901,50.6956455546602,7598600
SLB,2018-04-03,51.026424407958984,51.07367646606958,49.37253327456265,50.34911686798662,8844500
SLB,2018-04-04,51.042171478271484,51.18393365677823,49.671807758475694,50.01046151776103,6645700
SLB,2018-04-05,51.79823303222656,52.28652630252069,51.24693902435742,51.28631974291409,6032900
SLB,2018-04-06,50.687774658203125,51.617103262897714,49.971089344853304,51.617103262897714,7515900
SLB,2018-04-09,50.609012603759766,51.254816735581294,50.49087645590071,51.01854443986319,6369700
SLB,2018-04-10,52.538536071777344,53.10558464957352,51.38869023731409,51.54620106063402,8172300
SLB,2018-04-11,53.200103759765625,53.53875749505198,52.27864666044449,52.46766689082787,8141900
SLB,2018-04-12,53.20797348022461,53.586007920856304,52.93232649677108,53.30248359254593,5845300
SLB,2018-04-13,53.51511764526367,53.63325376983912,53.011075788484476,53.23159334974376,7853500
SLB,2018-04-16,53.96403503417969,54.137300564874764,53.1055907340221,53.77502082280935,9026400
SLB,2018-04-17,54.07429504394531,54.32631597300108,53.51511778672032,53.96403025437131,6490400
SLB,2018-04-18,55.39741516113281,55.91721184554131,54.77524302117163,54.83037242630697,8640300
SLB,2018-04-19,55.35017013549805,55.854212191829035,54.893380144243324,55.421054241767706,7184700
SLB,2018-04-20,54.523216247558594,56.11409749049908,54.05067167229445,55.767566404279734,9967400
SLB,2018-04-23,54.27119064331055,54.318442693340046,53.16859674294659,54.1057964509006,6792000
SLB,2018-04-24,53.77501678466797,54.972120720310365,53.33398165503814,54.38931743198181,7474500
SLB,2018-04-25,54.42083740234375,54.55472224916229,53.460005426531026,53.53876687398177,5994000
SLB,2018-04-26,54.71222686767578,55.20839142862795,54.48383194032061,54.720104212385536,8145000
SLB,2018-04-27,54.40508270263672,54.8933699743758,54.26332052501636,54.389328011426585,4559500
SLB,2018-04-30,53.995540618896484,54.641344708832804,53.893159168674345,54.342071694500156,6249900
SLB,2018-05-01,53.869544982910156,53.885293667692935,52.82995753625114,53.64114999730223,6197600
SLB,2018-05-02,54.07429504394531,54.48382680041609,53.47574308419302,53.53874981862019,6460300
SLB,2018-05-03,53.33397674560547,54.011284065849196,52.680295446752396,53.94039999302477,6563900
SLB,2018-05-04,54.17668533325195,54.49171304820973,52.86932241920603,53.15284676180264,5620900
SLB,2018-05-07,54.50746536254883,55.79907367216256,54.40508390204255,54.53109139123072,6388900
SLB,2018-05-08,54.76734924316406,54.83035597545886,53.31822444364723,54.69646516716924,6142300
SLB,2018-05-09,55.82269287109375,56.53150368810082,55.46041312210204,55.53129720812953,7774400
SLB,2018-05-10,56.01170349121094,56.366105834623426,55.31864147400959,56.24796971726842,5650400
SLB,2018-05-11,55.98020935058594,56.33461175239787,55.8148211624968,56.17710090907113,5449200
SLB,2018-05-14,56.389732360839844,56.744140716075485,56.05107869267383,56.05895603620865,5142400
SLB,2018-05-15,56.389732360839844,56.50786847925173,55.84631582998934,56.310976951449454,3571600
SLB,2018-05-16,57.578983306884766,57.657738749697835,56.389756291845394,56.389756291845394,7121700
SLB,2018-05-17,58.618534088134766,59.40610004067794,57.8703488366793,57.88609751192356,10825700
SLB,2018-05-18,58.508277893066406,58.95719026529345,58.405896477874855,58.4295224960997,5715400
SLB,2018-05-21,59.09109115600586,59.11471718067387,58.24839556047824,58.88632226112764,4641200
SLB,2018-05-22,58.0672492980957,59.26434708714531,57.79947370835226,59.06745556858337,5881200
SLB,2018-05-23,57.846736907958984,57.862491597328116,56.98041526091416,57.492334509648565,5737200
SLB,2018-05-24,56.09046936035156,57.271818736909424,55.988081902178216,57.177308623669475,8648500
SLB,2018-05-25,54.02704620361328,55.05088478239478,53.57813365939608,54.97212935525481,10719800
SLB,2018-05-29,53.60963439941406,53.84590667788548,52.90082357265345,53.26310332663029,8369200
SLB,2018-05-30,54.720115661621094,54.99576269760222,53.90891722908417,54.12156352016584,7710300
SLB,2018-05-31,54.082183837890625,54.594103205224904,53.75140738834719,54.405088949579344,8419700
SLB,2018-06-01,54.31056213378906,54.40507223690674,53.84590097959639,54.05854120079491,6512800
SLB,2018-06-04,54.397193908691406,54.72797025063955,54.090043589932,54.46807798691052,8104200
SLB,2018-06-05,54.3099365234375,54.62726135210068,53.86568539478967,54.3337348264054,7058000
SLB,2018-06-06,54.65105438232422,54.785915454442645,54.0005412699368,54.60345778098056,6387900
SLB,2018-06-07,55.21430206298828,55.76168717878206,54.84144588570654,55.031844392701686,8330600
SLB,2018-06-08,55.07945251464844,55.603033387239385,54.71453104527456,55.45230876992365,5125200
SLB,2018-06-11,55.42851257324219,55.880698547327526,54.8255959236389,55.11912248847161,6970700
SLB,2018-06-12,54.42100143432617,55.904491586185664,54.00848337765541,55.5316353518569,9664000
SLB,2018-06-13,53.92121887207031,54.53999898304674,53.49283124467096,53.75462469238189,7161000
SLB,2018-06-14,54.20680236816406,54.39719482274503,53.6752868207059,54.071941298355334,7104000
SLB,2018-06-15,53.0168571472168,53.92916396969352,52.786796744855245,53.88156130034587,15094700
SLB,2018-06-18,53.18344497680664,53.38970704597768,52.51706215812648,52.564664821761866,6110400
SLB,2018-06-19,52.12040710449219,52.477399842312074,51.72375254189341,52.366337048981876,11577800
SLB,2018-06-20,52.00141143798828,52.413929487165454,51.78721460185435,52.310801487988115,7567700
SLB,2018-06-21,51.39849853515625,52.02521346532649,51.17637295027936,51.89828110112926,6371400
SLB,2018-06-22,52.81852340698242,53.90535304312804,52.67572752127013,53.25483979765393,10995000
SLB,2018-06-25,51.906211853027344,52.643989518298355,51.48575902111969,52.58845812639485,7608700
SLB,2018-06-26,52.37425231933594,52.59638390136435,51.5968129658701,51.8824046617256,5618500
SLB,2018-06-27,53.00099563598633,53.69911173624044,52.72333857450799,52.945464223690664,6856500
SLB,2018-06-28,53.159637451171875,53.33416639847167,52.57258443707851,53.2389671401807,5827800
SLB,2018-06-29,53.17551040649414,53.8260236557785,53.15964688686356,53.16757562044466,5350900
SLB,2018-07-02,51.731689453125,52.9295879760776,51.57303004255462,52.71539111409218,9404700
SLB,2018-07-03,52.23146438598633,52.59639187123956,51.7475514389526,52.54878921307264,5207700
SLB,2018-07-05,52.699520111083984,53.11203815147363,52.31080037365387,52.65985223783966,6492800
SLB,2018-07-06,53.17551040649414,53.35003938477235,52.144212161392204,52.32666987325151,4303400
SLB,2018-07-09,54.21474838256836,54.43688004493567,53.54837155287325,53.54837155287325,5230900
SLB,2018-07-10,55.127037048339844,55.22223630089558,54.547924906243246,54.65898767465813,6343100
SLB,2018-07-11,54.21474838256836,54.96046097505769,54.02435586729389,54.44480877923994,7497400
SLB,2018-07-12,53.524559020996094,54.508260483044914,53.15170282383709,54.46066387999221,6217000
SLB,2018-07-13,54.008480072021484,54.21473606149883,53.47696447592073,53.746686640222286,4607000
SLB,2018-07-16,53.484893798828125,53.56422349200031,53.0406426750898,53.22310036413906,4544100
SLB,2018-07-17,52.9454460144043,53.31036746290862,52.64399074454453,53.223102980389335,6614300
SLB,2018-07-18,53.199310302734375,53.50870039076198,52.271140038651566,52.67572940471403,6493200
SLB,2018-07-19,53.08824920654297,53.58803786666295,52.755060801442156,52.83439050944681,7049000
SLB,2018-07-20,52.42978286743164,54.28612886095308,52.382186269702025,54.214727911892005,7510300
SLB,2018-07-23,52.152130126953125,52.83437632710142,51.93793936758895,52.33459385360693,8542800
SLB,2018-07-24,51.97760772705078,52.68365836930204,51.87447972659372,52.36633353005305,8872000
SLB,2018-07-25,52.183868408203125,52.24733458487759,51.350897536104746,52.041072536919444,7586700
SLB,2018-07-26,53.0406494140625,53.167575728770835,51.97761202259678,52.532932050292374,6497500
SLB,2018-07-27,53.18344497680664,53.46903674874551,52.620196218946184,52.620196218946184,5888100
SLB,2018-07-30,53.6118278503418,54.183011343246555,53.397631014268605,53.55629645811316,5816900
SLB,2018-07-31,53.56422424316406,53.85775076973183,53.215172377817964,53.651488722617515,5986900
SLB,2018-08-01,52.88198471069336,53.27863923968758,52.36633261250733,53.15170688522489,4834900
SLB,2018-08-02,52.31079864501953,52.691583584724036,52.0648687334734,52.39012833641901,4985000
SLB,2018-08-03,52.27112579345703,52.87404228509749,52.072798557618306,52.23145792530252,4588300
SLB,2018-08-06,52.152130126953125,52.461520141849775,52.00140553794394,52.33459385360693,4348800
SLB,2018-08-07,52.897850036621094,53.39763258134613,52.13627404122047,52.69158797980384,5745200
SLB,2018-08-08,52.68366241455078,52.858185339693755,52.34253924534728,52.54086652854773,3549300
SLB,2018-08-09,51.882415771484375,52.88991565415468,51.660290194358204,52.810585955533625,4760800
SLB,2018-08-10,52.390132904052734,52.43772951254863,51.46989145667854,51.85068248204979,4851200
SLB,2018-08-13,51.54129409790039,52.39013460766515,51.32709724776759,52.31873364013148,4563400
SLB,2018-08-14,51.406429290771484,52.15213568832792,51.39849450551418,51.787214248573115,4851000
SLB,2018-08-15,49.415218353271484,51.05736774173691,49.04236215474862,51.02563465542993,9831900
SLB,2018-08-16,49.57388687133789,50.04193936026178,49.50248893146021,49.66908311576345,6080800
SLB,2018-08-17,49.84360885620117,49.99433648562832,49.23276052710087,49.55801711519492,5657500
SLB,2018-08-20,50.3751220703125,50.50205139070016,49.77220855502954,50.02606719580486,3670300
SLB,2018-08-21,51.37470245361328,51.739623937772656,50.88284859976273,50.978047877031116,6092600
SLB,2018-08-22,51.636474609375,52.04899863645141,51.49368481438707,51.795140024583894,5134400
SLB,2018-08-23,51.28743362426758,51.54129228970803,50.985972297985285,51.38262684101525,4430200
SLB,2018-08-24,51.76341247558594,51.850676950163624,51.54922170773812,51.54922170773812,6418000
SLB,2018-08-27,51.44608688354492,52.0172703257671,51.25569442029329,51.85067616386351,8459200
SLB,2018-08-28,50.82731628417969,51.97761211452842,50.79558319232938,51.51749741386997,9470700
SLB,2018-08-29,51.160499572753906,51.27949714221966,50.70038189170305,50.954243574978925,7611600
SLB,2018-08-30,51.04150390625,51.62855699017653,50.819378329615326,51.24776596418278,6300100
SLB,2018-08-31,50.10539627075195,50.88283872685606,49.95466865034107,50.827307339008165,7953200
SLB,2018-09-04,49.513671875,50.489232952443466,49.369739584435514,50.42526338445729,8287000
SLB,2018-09-05,48.79398727416992,49.217795099445794,48.13028523421251,49.15382554581059,10127200
SLB,2018-09-06,48.14628219604492,48.746011679454696,47.818430200462856,48.618069511675884,9684100
SLB,2018-09-07,47.73847198486328,48.13029357604031,47.37863365085629,47.81043965166468,11056200
SLB,2018-09-10,47.962364196777344,48.60207501801573,47.94637104494866,47.97835734860603,6954600
SLB,2018-09-11,48.23423767089844,48.6180641317619,47.522559250731916,48.04232596565748,9782200
SLB,2018-09-12,48.63405990600586,49.25777755726004,48.538104048208695,48.538104048208695,7931700
SLB,2018-09-13,48.79398727416992,49.02588338815854,48.32219999588142,48.5460980091771,6006300
SLB,2018-09-14,48.961910247802734,49.22579266090916,48.58607882927479,48.777993588841426,8059100
SLB,2018-09-17,48.75400924682617,49.31375431823944,48.522113117022464,49.24978476024158,6825400
SLB,2018-09-18,48.769996643066406,49.55364270094062,48.738010342651584,49.273767147883156,6779700
SLB,2018-09-19,48.961910247802734,49.345736716554384,48.386169019484456,48.64205638236717,9367100
SLB,2018-09-20,49.233795166015625,49.79354332826083,49.22580011458133,49.53765897701424,7364100
SLB,2018-09-21,48.8819580078125,49.449701257057754,48.8819580078125,49.37773358811242,21545100
SLB,2018-09-24,49.25777816772461,49.64160770443363,49.10584780346437,49.43369978451776,8715200
SLB,2018-09-25,50.00143814086914,50.28131369076773,49.633604841394785,49.737558791378916,8517500
SLB,2018-09-26,48.68204879760742,49.71358133225897,48.61807617975308,49.50567642499699,10408600
SLB,2018-09-27,48.91393280029297,49.329745587746785,48.29821324523628,48.889944598256974,6553000
SLB,2018-09-28,48.71403121948242,49.345747083223806,48.66605480729798,48.80199204233024,7206600
SLB,2018-10-01,49.24978256225586,49.87350021421274,48.682039414942196,48.93792373627742,7667000
SLB,2018-10-02,49.48967742919922,49.657600955673146,48.674044950120496,49.01789010454727,5660200
SLB,2018-10-03,50.07341003417969,50.305306153649184,49.24978256547694,49.69758165303372,7315700
SLB,2018-10-04,50.2573356628418,50.60917895523789,49.81753459772896,50.12939347934748,6920100
SLB,2018-10-05,50.37727737426758,50.66514801875308,49.92947825502548,50.17736754341731,7358200
SLB,2018-10-08,50.32929229736328,50.4412443524606,49.649600168514084,49.75355412305651,4725700
SLB,2018-10-09,50.46524429321289,50.89705031218124,49.817535264760366,50.52921386062544,6410500
SLB,2018-10-10,48.63405990600586,50.409260052352955,48.51411279597311,50.20135213501374,10393700
SLB,2018-10-11,47.27467346191406,48.44214913103964,46.89884507391843,48.234241209663374,12620400
SLB,2018-10-12,47.44260025024414,48.090306118945506,46.618969712312804,47.802435488241876,9737400
SLB,2018-10-15,47.61851119995117,48.066310226108854,47.066761279634726,47.49856715660306,7302100
SLB,2018-10-16,47.72248077392578,48.08231912258221,47.594538588890416,47.89040431983801,6310100
SLB,2018-10-17,47.370628356933594,47.602521410593035,46.922829299169834,47.378623406901916,6484100
SLB,2018-10-18,46.72292709350586,47.42661057002491,46.44305454338113,47.03478594946828,11215300
SLB,2018-10-19,46.754913330078125,48.92993026732443,46.05122985460155,46.37908186299711,11347900
SLB,2018-10-22,45.427513122558594,46.86686335993787,44.91574137003118,46.73892118440153,13371500
SLB,2018-10-23,44.0521354675293,44.5798973590925,43.56435493661528,44.47594338109878,13516700
SLB,2018-10-24,42.38888168334961,44.46794587664898,42.356898426823555,44.38798010937855,16957500
SLB,2018-10-25,42.62077331542969,43.380431246879986,42.19696547015377,43.00459980649912,9850400
SLB,2018-10-26,42.300926208496094,43.052586159300674,41.45330733176407,42.02904868579958,11131300
SLB,2018-10-29,41.14143753051758,42.540806133253675,40.62167082934872,42.540806133253675,11125100
SLB,2018-10-30,41.83713150024414,42.021048188884514,40.63767244794269,41.069478438862916,12235800
SLB,2018-10-31,41.02949523925781,42.38887966388898,40.973520730026266,42.26093749273374,13260600
SLB,2018-11-01,41.30937194824219,41.733179860955254,40.629679667432676,41.261392485330745,10799400
SLB,2018-11-02,41.10145950317383,41.805139861160825,40.55770455812278,41.75716345743273,8458000
SLB,2018-11-05,41.54926300048828,41.80514736758983,41.021501112043545,41.5412679485586,8644900
SLB,2018-11-06,41.64522171020508,41.773163893093084,41.18142939074716,41.58124909356995,6433500
SLB,2018-11-07,41.83713150024414,42.33290705442175,41.341355946066535,42.06102954721814,9417300
SLB,2018-11-08,41.24540328979492,42.05303777243994,41.15744246437785,41.74917393473978,10936000
SLB,2018-11-09,40.301822662353516,41.013501164045564,39.981965716469006,40.54171384657595,13347100
SLB,2018-11-12,39.54216766357422,40.74162672485322,39.462201895926334,40.73362862289736,10256900
SLB,2018-11-13,37.854923248291016,39.478189993891284,37.782955591815146,39.46219684240979,19044100
SLB,2018-11-14,38.23075485229492,39.08636863288159,37.86291846734692,38.55060873220314,17285400
SLB,2018-11-15,38.446659088134766,38.686550268557255,37.63902168524141,38.070827640231016,16015200
SLB,2018-11-16,38.55861282348633,38.982420729137196,38.16678817552785,38.60658923521602,11775800
SLB,2018-11-19,38.63057327270508,39.32625856622549,38.27873005039644,38.35869580564007,9449600
SLB,2018-11-20,37.503082275390625,38.14279306924159,37.05528319450411,37.99085965856458,12276800
SLB,2018-11-21,38.09482192993164,38.38269261258722,37.734983576612166,38.062835620662725,9262500
SLB,2018-11-23,37.07927703857422,37.271191831125016,36.623482837946,36.9433398087366,8001400
SLB,2018-11-26,37.28718185424805,38.014853503841785,37.007306265707754,37.59104259556806,11263600
SLB,2018-11-27,36.94333267211914,37.35114733323355,36.41557090753379,37.22320517970927,11644400
SLB,2018-11-28,37.111263275146484,37.19122599250098,36.19167677365909,37.023302455827256,10630200
SLB,2018-11-29,36.70344543457031,37.30317491519805,36.63947282578672,37.207216002022655,13565000
SLB,2018-11-30,36.06373596191406,36.42357430440582,35.72788887584326,36.36759979006068,16183600
SLB,2018-12-03,37.02330780029297,37.27119714048717,36.623488055040596,37.00731464443697,12790700
SLB,2018-12-04,35.66524887084961,37.0960627501772,35.58441318289458,37.015227062222166,12979400
SLB,2018-12-06,34.210166931152344,34.743690208971856,33.8464003590749,34.598183580140876,23678300
SLB,2018-12-07,34.792205810546875,36.0936805177709,34.76795264133475,34.889209236345465,14196900
SLB,2018-12-10,33.92725372314453,34.69520193762604,33.15930242497948,33.78174703154763,15376600
SLB,2018-12-11,33.33714294433594,34.355686650567364,32.76319854139768,34.21826538413312,19863000
SLB,2018-12-12,33.49881362915039,34.38802146906126,33.45031345781494,33.636237976528584,13509300
SLB,2018-12-13,33.1592903137207,33.43413584371965,32.64193474753031,33.353297109200895,15276200
SLB,2018-12-14,31.607242584228516,32.81171435763225,31.380900137018916,32.787464262198235,18278300
SLB,2018-12-17,31.56680679321289,32.253922249016874,31.37279997261335,31.526388962561555,20140600
SLB,2018-12-18,30.58869171142578,31.526399892575544,30.451267339147652,31.510232137973183,20384400
SLB,2018-12-19,30.54827117919922,31.49406161259988,30.160254353930977,30.62102452666724,25769400
SLB,2018-12-20,29.262964248657227,30.74227820995982,29.149793059492218,30.18450459892501,24543700
SLB,2018-12-21,28.858774185180664,29.65097544250775,28.478839764867953,28.672849683493155,30594300
SLB,2018-12-24,28.446504592895508,29.004281188080547,28.29291558981954,28.656682264139548,14037400
SLB,2018-12-26,29.594385147094727,29.61055289471309,28.28482842683278,28.624341875770764,19950500
SLB,2018-12-27,29.368053436279297,29.48122462672849,28.309088713092194,29.182125813474293,16779100
SLB,2018-12-28,29.586305618286133,30.038993390624785,29.376131024793683,29.521637698628137,15785500
SLB,2018-12-31,29.16595458984375,29.75606358149978,28.503089182180965,29.634806999732486,19349800
SLB,2019-01-02,30.07132911682129,30.51593147522031,28.567762198427744,28.6890187887562,15926100
SLB,2019-01-03,30.394670486450195,31.19495708270475,29.79647920605872,30.16024584071988,20007900
SLB,2019-01-04,31.599143981933594,31.712315147285736,30.742271741336975,30.96053173895167,19506600
SLB,2019-01-07,32.4721794128418,32.71469256606895,31.485971385537223,31.696145956826868,15736900
SLB,2019-01-08,32.876365661621094,33.143128911073184,32.520684412701314,32.95720441161401,13070200
SLB,2019-01-09,33.33714294433594,33.64432098119485,32.932958395505736,33.35330761264777,17909200
SLB,2019-01-10,33.6685676574707,33.822156646277904,32.94103437642021,33.08654103263031,13299600
SLB,2019-01-11,33.7413215637207,33.76557164561031,32.892531693390495,33.23204825825915,13330500
SLB,2019-01-14,33.40180969238281,33.603901959681195,33.135049503064245,33.22396751038158,11804200
SLB,2019-01-15,33.72514724731445,34.11316390040435,33.49071955575528,33.82215063966637,9398400
SLB,2019-01-16,33.34521484375,33.74131693447178,33.304797018251634,33.54730705492424,12481600
SLB,2019-01-17,33.44221878051758,33.74131747812601,32.763188816684014,33.05420209885304,13889800
SLB,2019-01-18,36.15834045410156,36.328097182675684,34.75986262996131,35.44697496010377,26638600
SLB,2019-01-22,35.5359001159668,35.786495613385114,35.018544454945875,35.47931453327282,21523500
SLB,2019-01-23,35.01046371459961,35.72182623902421,34.52544044756489,35.61674048563067,13765800
SLB,2019-01-24,35.21254348754883,35.87540560884065,34.91344483296245,35.15595792234211,10990900
SLB,2019-01-25,36.376609802246094,36.41702764084524,35.552072943353174,35.56824069552952,15921400
SLB,2019-01-28,35.762245178222656,36.01283758949004,35.382310769290875,35.786495260943255,11225300
SLB,2019-01-29,35.5682258605957,36.247255750372545,35.43888698081355,36.11791687059039,8097500
SLB,2019-01-30,36.376609802246094,36.41702764084524,35.51973743900049,35.705661963503296,7961500
SLB,2019-01-31,35.73799514770508,36.38468977435752,35.34997837171362,36.376607440635766,15458100
SLB,2019-02-01,36.020931243896484,36.352362479499895,35.72991784996497,35.891592300336214,8583700
SLB,2019-02-04,36.053253173828125,36.09367408741929,35.47122963904503,35.746075199578044,12786700
SLB,2019-02-05,36.489768981933594,36.5948577946733,35.88349235130683,36.053249067798546,10662700
SLB,2019-02-06,36.433189392089844,36.554445971598454,36.19876164967074,36.35235372820604,6945800
SLB,2019-02-07,35.131710052490234,36.271510026186874,34.67902546268206,36.126003384124964,12647300
SLB,2019-02-08,34.582027435302734,35.16405414587517,34.137425068585785,35.01854746823206,9173500
SLB,2019-02-11,35.31765365600586,35.358074588009416,34.32335978566474,34.33952754172933,9541800
SLB,2019-02-12,36.029075622558594,36.274393254466716,35.76740306593887,35.86552949482554,8981100
SLB,2019-02-13,36.32345199584961,36.90404085870424,36.037248634809266,36.11902013242574,11036100
SLB,2019-02-14,36.094482421875,36.405219668432274,36.07812750159492,36.20896374445344,9671200
SLB,2019-02-15,36.756839752197266,36.87949696553475,36.36433105463001,36.49516728715243,8174900
SLB,2019-02-19,37.23929977416992,37.451907486987395,36.33979792607898,36.40521760348861,10039200
SLB,2019-02-20,37.5336799621582,37.90165470895091,37.08392750384403,37.08392750384403,8565600
SLB,2019-02-21,36.568763732910156,37.574567879239304,36.470634216647376,37.50097230173318,9527400
SLB,2019-02-22,36.27437973022461,36.91220595926041,36.13536448169678,36.86314432280028,5716500
SLB,2019-02-25,36.62599182128906,36.805889633934164,36.18441850779675,36.24983816285377,6033300
SLB,2019-02-26,36.23350524902344,36.920396447278286,36.19261638009584,36.63418996169884,5853200
SLB,2019-02-27,36.266204833984375,36.61782782570286,36.045421206051486,36.30709369485844,7442700
SLB,2019-02-28,36.029075622558594,36.42158445748817,35.50572738993622,36.356164758641775,8846900
SLB,2019-03-01,36.953086853027344,36.953086853027344,36.15989368018754,36.15989368018754,8811700
SLB,2019-03-04,36.993988037109375,37.33743203934437,36.44610907052855,37.14935511630391,6946300
SLB,2019-03-05,36.62599182128906,37.018500393488615,36.23348324908952,36.96125975500415,7391100
SLB,2019-03-06,35.46482849121094,36.560583085633766,35.325816361767856,36.39703701852643,9948900
SLB,2019-03-07,34.745243072509766,35.53843663146548,34.712533223646076,35.50572678260179,8086500
SLB,2019-03-08,33.76396179199219,34.17282545199873,33.42869371556211,34.123760689820365,12739200
SLB,2019-03-11,34.409969329833984,34.60622215236691,33.88662119118731,34.17282764317286,9494500
SLB,2019-03-12,34.82699966430664,35.096848003440854,34.44266690316537,34.467200839000505,8230600
SLB,2019-03-13,35.284934997558594,35.40759222355319,35.02326250551153,35.17045055282861,8822800
SLB,2019-03-14,35.23586654663086,35.57113458692778,35.20315670870389,35.284931303521326,7934400
SLB,2019-03-15,34.66345977783203,35.293110173701606,34.62257403667314,34.916956364028486,14144900
SLB,2019-03-18,35.45665740966797,35.69379908322893,34.72888058749596,34.91695749844293,13518800
SLB,2019-03-19,35.36670684814453,35.971826441889505,35.235870600764834,35.80010133270562,8834700
SLB,2019-03-20,36.21714782714844,36.47064132847074,35.22769840725247,35.3503556474264,9512500
SLB,2019-03-21,36.15990447998047,36.298916632426,35.80010244893124,36.069953972218165,6168400
SLB,2019-03-22,34.728885650634766,35.95547682036984,34.59804938397166,35.77557578393958,7892200
SLB,2019-03-25,34.728885650634766,34.794302224274986,34.11559006576723,34.14829679289601,6390000
SLB,2019-03-26,35.20315933227539,35.75103824054737,34.97419668848642,35.09685391078106,6500500
SLB,2019-03-27,34.900596618652344,35.391231683492485,34.663454985580884,35.18679988657881,5254400
SLB,2019-03-28,35.66926193237305,35.71832669057172,34.61439614584787,34.74523238166242,7419800
SLB,2019-03-29,35.62837219238281,36.26619838042602,35.3421689334869,36.1680719944305,7984800
SLB,2019-04-01,36.601470947265625,36.78955096295518,35.75103696382734,35.963644679841416,9717800
SLB,2019-04-02,36.38068389892578,37.16570124929288,36.26619947253829,36.715951920606415,6899400
SLB,2019-04-03,35.64473342895508,36.65871666193705,35.48118734371513,36.62600682101264,7230600
SLB,2019-04-04,36.061767578125,36.06994659682133,35.21133367722438,35.497536943962814,6670900
SLB,2019-04-05,36.79772186279297,37.23929527379805,36.192602397410276,36.315262718038866,9149600
SLB,2019-04-08,37.75446319580078,37.811706969433494,36.879495344384864,36.92038419974847,11421400
SLB,2019-04-09,37.27201461791992,37.6481684553911,36.977632268809494,37.50097728083588,7577500
SLB,2019-04-10,37.247467041015625,37.615444842700896,37.12480985337466,37.45189880646509,6148800
SLB,2019-04-11,37.051231384277344,37.54186659992707,36.72413916092244,37.24748422278418,5291400
SLB,2019-04-12,37.3292350769043,37.98341598782163,37.27199444216032,37.61543825062418,8667000
SLB,2019-04-15,37.94254684448242,38.29416982262337,37.002159229569294,37.255655808042206,11178400
SLB,2019-04-16,38.711212158203125,38.882934149877116,38.114271578063374,38.1388023999076,7654400
SLB,2019-04-17,38.7684440612793,39.21819336995583,38.539481457454485,39.095536169070336,8346300
SLB,2019-04-18,37.255645751953125,39.970499325234066,37.21475690369471,39.35720403393178,15721600
SLB,2019-04-22,37.4927978515625,37.7626493750988,36.96945284524247,37.321075856247916,7901000
SLB,2019-04-23,37.5255126953125,37.68905881142881,37.01852254279639,37.345611655646294,8539400
SLB,2019-04-24,36.17625427246094,37.46008578269553,36.17625427246094,37.386490206722385,8941800
SLB,2019-04-25,35.40758514404297,36.135361811996155,35.30127974059698,36.10265509656638,9404900
SLB,2019-04-26,35.40758514404297,35.54660038230027,34.720694209913155,35.121381887897854,8527500
SLB,2019-04-29,35.51388931274414,36.28255168779588,35.366698180592316,35.440293746668225,8927300
SLB,2019-04-30,34.900596618652344,35.89822478579319,34.663454985580884,35.8655149496354,12163700
SLB,2019-05-01,33.82937240600586,35.072318088157076,33.80484158892195,34.85971039487275,10523300
SLB,2019-05-02,33.624942779541016,33.97656573752483,33.25696490265308,33.510461466594066,9108300
SLB,2019-05-03,33.755775451660156,34.18917295846038,33.61676333470754,33.98474117279019,7184800
SLB,2019-05-06,33.72307586669922,33.927507695592105,33.28150236763886,33.395983692717735,6571600
SLB,2019-05-07,33.199729919433594,33.33056617364228,32.68456392313944,33.33056617364228,10438900
SLB,2019-05-08,32.92988586425781,33.19973430951618,32.64367937575514,33.13431773345282,9237900
SLB,2019-05-09,32.92988586425781,33.07707705962884,32.292059430571875,32.64367937575514,12928500
SLB,2019-05-10,32.34929656982422,32.807221910381905,31.605164772035554,32.62732400632671,12810800
SLB,2019-05-13,31.204484939575195,32.014036632169514,30.77109031188407,31.793249806916517,16732200
SLB,2019-05-14,31.891355514526367,32.684551765269134,31.368010692363338,31.474316084171825,12042900
SLB,2019-05-15,32.161224365234375,32.25117177077203,31.400737533757084,31.408913436303095,10558400
SLB,2019-05-16,32.594600677490234,32.7172578632313,32.27568762742986,32.37381399989894,7632500
SLB,2019-05-17,31.9077205657959,32.50466113815823,31.842300882554017,32.30022930710063,7252400
SLB,2019-05-20,31.989490509033203,32.022200349078,31.613336706664143,31.752351967163516,5922600
SLB,2019-05-21,32.30023193359375,32.48830885913436,31.858658393951064,32.12850993019352,6716300
SLB,2019-05-22,31.351667404174805,32.10397508519802,31.08181587551494,32.02220359617632,7429900
SLB,2019-05-23,30.656599044799805,30.689305767344617,30.09236518939632,30.689305767344617,12398900
SLB,2019-05-24,30.25590705871582,30.99186280249135,30.198666403020145,30.78743099804057,7665200
SLB,2019-05-28,29.8470458984375,30.36221496134435,29.797981138366644,30.337681021617904,11869600
SLB,2019-05-29,29.585378646850586,29.65897424027589,28.996613899448157,29.43818745999998,10072100
SLB,2019-05-30,28.76764488220215,29.6671436087506,28.71858012426278,29.470890815756928,11763600
SLB,2019-05-31,28.36695671081543,28.571388519937603,28.17887982074885,28.39149064908975,11445600
SLB,2019-06-03,29.021146774291992,29.15198303340743,28.48144681551801,28.612283074633446,9878700
SLB,2019-06-04,29.63490867614746,29.84226180416189,29.16214379739117,29.452436911028315,8021100
SLB,2019-06-05,28.97967529296875,29.73444063730666,28.772322141623633,29.701266537699517,9098900
SLB,2019-06-06,29.070907592773438,29.502202473940326,28.747437222887672,28.971378978337263,12356100
SLB,2019-06-07,29.527088165283203,29.983267639904057,29.203617747976104,29.369500905660225,12881200
SLB,2019-06-10,29.419260025024414,30.041319350071458,29.344612779460476,29.701260378937366,12121000
SLB,2019-06-11,30.431135177612305,30.70484274658382,29.692958760383767,29.933489079063573,12121500
SLB,2019-06-12,29.510496139526367,30.522377165028296,29.44414162561418,30.522377165028296,12258800
SLB,2019-06-13,30.514083862304688,30.655082455796055,29.792492774808,30.008141777033668,14336200
SLB,2019-06-14,29.800790786743164,30.439438778744602,29.560260407166478,30.41455425274725,11571500
SLB,2019-06-17,30.40626335144043,30.4643219756686,29.601732181481903,29.66808670286137,7574600
SLB,2019-06-18,30.630199432373047,31.003435635992133,30.306729110555555,30.431139069123823,10127400
SLB,2019-06-19,30.28184700012207,30.796084994501253,30.115967042149318,30.771200469639428,10273200
SLB,2019-06-20,31.725038528442383,31.80797854005747,30.920507127149758,31.01174303830154,13067900
SLB,2019-06-21,32.24755859375,32.27243995605815,31.584029232552997,31.816263717982554,16111400
SLB,2019-06-24,32.056793212890625,32.49638080927477,31.866025560616304,32.0982632035756,9348100
SLB,2019-06-25,31.998733520507812,32.13143938462576,31.600612764196608,31.998733520507812,7969100
SLB,2019-06-26,32.36366653442383,32.96913710023767,32.14801757654365,32.371959264823836,8362900
SLB,2019-06-27,32.43832778930664,32.63738504454046,32.22267873818565,32.49638641907968,6417500
SLB,2019-06-28,32.960845947265625,32.99402003440996,32.50466665451692,32.53784390561806,9742700
SLB,2019-07-01,32.61248779296875,33.69901892539013,32.562721921422416,33.52483995695619,13048500
SLB,2019-07-02,32.496376037597656,32.71202185586915,32.04019987913166,32.71202185586915,8732500
SLB,2019-07-03,32.75350570678711,32.77009117487913,32.26415213516318,32.46320939184793,4954500
SLB,2019-07-05,32.81985092163086,32.844732283064964,32.413440586405684,32.51296919609956,5885500
SLB,2019-07-08,33.08525848388672,33.25943431987233,32.579316438822474,32.70372955821623,10899100
SLB,2019-07-09,33.342376708984375,33.35896533546329,32.803257422269105,32.994021880841146,8699200
SLB,2019-07-10,33.69072341918945,33.91466509779029,33.41701903242611,33.68243068914788,7003300
SLB,2019-07-11,33.98102569580078,34.00590705434989,33.234553299756605,33.674140841895344,9695200
SLB,2019-07-12,33.84831237792969,34.33766569319057,33.75707653143007,34.097135400410934,6788100
SLB,2019-07-15,33.566322326660156,34.00590990565718,33.458497823978064,33.88149677456573,6903800
SLB,2019-07-16,33.234561920166016,33.80685546293715,33.07697466855139,33.46679643074713,9257000
SLB,2019-07-17,32.04020690917969,33.234559812958715,31.973852388101996,33.0272066805275,12523600
SLB,2019-07-18,32.164615631103516,32.164615631103516,31.48449763647058,31.675262131164445,13563000
SLB,2019-07-19,32.10654830932617,32.62907892691232,30.928784401068032,32.62907892691232,12811700
SLB,2019-07-22,32.75350570678711,32.977444329567945,32.03191445042023,32.44662075979787,10961200
SLB,2019-07-23,32.969139099121094,33.31749074826158,32.554432946930895,32.80325600545365,10610500
SLB,2019-07-24,33.4501953125,33.748781044703904,32.828136166818105,32.877898873540545,10763300
SLB,2019-07-25,33.1350212097168,33.66584456253835,32.811550926838464,33.66584456253835,7701100
SLB,2019-07-26,33.18478012084961,33.433606307448294,32.911075745130006,33.093547438247334,6731100
SLB,2019-07-29,32.521270751953125,33.17650753512177,32.056801671394744,33.16821480037965,6549500
SLB,2019-07-30,32.803253173828125,32.977428983363254,32.007018189704766,32.33878434840112,9256500
SLB,2019-07-31,33.1516227722168,33.68244633218917,32.60421058050053,32.9027964600165,10673300
SLB,2019-08-01,31.940675735473633,32.72032555318661,31.575735354473746,32.66226692811749,13280000
SLB,2019-08-02,31.036603927612305,32.12313508092495,30.845839495618154,31.9406633790364,8738200
SLB,2019-08-05,29.850555419921875,30.522377478415155,29.775908172982913,30.43114160282782,10771600
SLB,2019-08-06,29.41095542907715,30.182309017084716,28.78889628803597,29.966663240331258,11639900
SLB,2019-08-07,28.81378746032715,29.037726018543722,28.150255025461128,28.71425569672296,12162700
SLB,2019-08-08,29.203603744506836,29.220192368716614,28.498604617352225,28.979662063609634,10805500
SLB,2019-08-09,28.639612197875977,29.269967460565656,28.407377713704808,29.20361294282672,7866600
SLB,2019-08-12,28.42396354675293,28.639609380273846,28.216610445154753,28.506903521809303,8030000
SLB,2019-08-13,28.72255516052246,29.659788987882052,28.083907169197165,28.28296439322003,11075400
SLB,2019-08-14,26.82320213317871,28.042439600491587,26.70708488180754,28.009262338969023,12761500
SLB,2019-08-15,26.25090217590332,26.66560995839218,25.80302030198112,26.624136807175383,20155700
SLB,2019-08-16,27.138370513916016,27.188133225233315,26.209428074519625,26.242603742723944,13561300
SLB,2019-08-19,28.2829647064209,28.4654364670938,27.73555258835977,27.81019983918436,11073600
SLB,2019-08-20,28.117084503173828,28.34102308981006,27.818495502382138,28.042437252975905,7770100
SLB,2019-08-21,27.942895889282227,28.55666230964945,27.884837288377327,28.399075130615646,6427200
SLB,2019-08-22,27.959495544433594,28.506907686059712,27.926318283981658,28.166848676321635,6975600
SLB,2019-08-23,26.56608009338379,27.644318823038827,26.45825716960552,27.495024327054512,13952100
SLB,2019-08-26,26.201141357421875,27.072023861458668,25.993788229605606,26.964199349086073,11611200
SLB,2019-08-27,25.919137954711914,26.549489997629312,25.836196396861112,26.483138649723028,10000600
SLB,2019-08-28,26.22601890563965,26.624134867471234,25.736665498131153,26.026958551756113,11557000
SLB,2019-08-29,26.75684356689453,27.113491164474397,26.40849186542061,26.516314785117967,12614300
SLB,2019-08-30,26.897842407226562,27.470135782119286,26.649019338314815,26.955901017840738,12443800
SLB,2019-09-03,26.7209415435791,26.838878698499183,26.207078364592906,26.266046138677275,9366900
SLB,2019-09-04,27.782365798950195,28.16144663519398,26.906270187160896,27.192684855182378,11018400
SLB,2019-09-05,28.692157745361328,29.31553221930235,28.035083271893434,28.11089943369733,12117900
SLB,2019-09-06,28.810089111328125,29.045960152341305,28.018230821923446,28.47312772687908,11976700
SLB,2019-09-09,30.520172119140625,30.71392386369124,28.919612971916923,29.06281952564876,13461600
SLB,2019-09-10,31.556316375732422,32.33974895920569,31.0256064683491,31.21093236037879,19638200
SLB,2019-09-11,31.438383102416992,32.71040952343717,31.236208803203514,31.707950977036656,17918600
SLB,2019-09-12,31.084579467773438,31.219363418072877,29.90521749252619,30.772888971734908,13089500
SLB,2019-09-13,31.446815490722656,32.078615931686514,31.000340993926006,31.53105426411655,8453300
SLB,2019-09-16,33.11475372314453,33.906608771125065,32.718824592403365,33.72127969486293,22533100
SLB,2019-09-17,32.1544189453125,32.8283417778443,31.598434857925323,32.78621919068439,13493400
SLB,2019-09-18,32.03647994995117,32.38186391820551,31.6237056338311,31.699521783618728,6949000
SLB,2019-09-19,31.80903434753418,32.49980555936956,31.707947209937213,32.43241199197014,6234900
SLB,2019-09-20,31.421537399291992,32.05333776206664,31.312024436630264,31.910131222319077,17917800
SLB,2019-09-23,31.446815490722656,31.590022048192917,30.831860233635002,31.00876679936733,5849400
SLB,2019-09-24,29.95576286315918,31.35414756117854,29.837824094106928,31.27833138782496,12212700
SLB,2019-09-25,29.686189651489258,29.947331702499316,29.340805637651517,29.736731615683563,11344800
SLB,2019-09-26,29.09650993347168,29.568252090230516,28.885909838203652,29.484013337524274,12359300
SLB,2019-09-27,28.919612884521484,29.42505193716929,28.734283732249164,28.860641888659554,9969900
SLB,2019-09-30,28.784818649291992,29.037541327133134,28.48155722018683,28.767973470038097,9583500
SLB,2019-10-01,27.546493530273438,29.121781367488506,27.52121933326829,28.94487805596487,12617900
SLB,2019-10-02,26.754636764526367,27.588612963592766,26.66197220682413,27.495948405890527,13468900
SLB,2019-10-03,26.998929977416992,27.217955863132083,26.501913653373958,26.611426596231507,11557200
SLB,2019-10-04,26.855722427368164,27.302195190905216,26.695667517870014,27.02420474667134,10554400
SLB,2019-10-07,26.788331985473633,27.479100054025594,26.779909395443603,27.04947726543937,15854500
SLB,2019-10-08,25.8701114654541,26.83887305929511,25.81956789925185,26.527184253087388,16807100
SLB,2019-10-09,26.030176162719727,26.24920049423082,25.878543809615774,26.06387295529905,12176900
SLB,2019-10-10,26.173381805419922,26.442949693173954,25.870117128320963,26.12283822815388,12784900
SLB,2019-10-11,27.36116600036621,27.731821038389306,26.341862235675702,26.535613951926592,12652600
SLB,2019-10-14,27.436981201171875,27.656007108167923,26.737788922477566,26.948389025780084,9294400
SLB,2019-10-15,27.639162063598633,28.228839853500826,27.260081189016546,27.35274575985916,8943600
SLB,2019-10-16,26.914688110351562,27.85817547234786,26.914688110351562,27.63072702362072,22004600
SLB,2019-10-17,26.86414909362793,27.21795894386757,26.763061942203432,27.142142776923546,15730800
SLB,2019-10-18,27.217958450317383,27.967694302333896,27.032629331480926,27.11686808722338,17218300
SLB,2019-10-21,28.296226501464844,28.473129795074406,27.142138978175876,27.142138978175876,16441100
SLB,2019-10-22,29.332378387451172,29.64406560078018,28.186713457536587,28.439432906546653,17598700
SLB,2019-10-23,29.762001037597656,30.031568848404223,28.826936287955355,29.121775076805726,12862300
SLB,2019-10-24,29.576679229736328,29.92206327303861,28.877485339379046,29.820976122524,11551700
SLB,2019-10-25,29.559823989868164,29.74515306747607,29.13862387785152,29.484007841165095,12385700
SLB,2019-10-28,29.500873565673828,29.955770725185104,29.323970185920682,29.8125609319299,12727500
SLB,2019-10-29,29.30710792541504,29.49243381076871,28.81009160771246,29.273411141349936,10309100
SLB,2019-10-30,27.883455276489258,29.27341738748314,27.79921651185449,29.19760121391069,13940300
SLB,2019-10-31,27.538061141967773,27.90029348190188,27.251644947915267,27.90029348190188,10079200
SLB,2019-11-01,29.01226234436035,29.08807849250292,27.773936209367516,27.841326555771015,11094400
SLB,2019-11-04,30.528589248657227,30.713915135320022,29.298682329610614,29.399772682520016,14206000
SLB,2019-11-05,30.932947158813477,31.22778604622476,30.68022443988625,30.68865024438535,15720300
SLB,2019-11-06,29.95576286315918,30.93294731221484,29.762011134256223,30.831856938741485,10647900
SLB,2019-11-07,30.393800735473633,30.983478304225873,30.174774884078456,30.44434269079426,8832400
SLB,2019-11-08,30.612829208374023,30.75603572708089,29.50086099034742,30.12423545713385,8382200
SLB,2019-11-11,30.671796798706055,30.747612959200342,29.745157693555747,30.115812692915405,8804100
SLB,2019-11-12,30.503318786621094,31.33729662592218,30.351686452202717,30.747615682462108,11652100
SLB,2019-11-13,29.509292602539062,30.37696742374148,29.467173214364962,30.326422229830563,9728100
SLB,2019-11-14,29.239717483520508,29.778853232196376,29.062814168517964,29.450317586190927,14068000
SLB,2019-11-15,29.787275314331055,30.09053993844789,29.425042925913967,29.433465515027372,9017400
SLB,2019-11-18,29.222869873046875,29.484015164219482,28.759550277452526,29.467166769933897,11671500
SLB,2019-11-19,28.90275764465332,29.21444487954136,28.67530916076128,29.07966094984634,10174100
SLB,2019-11-20,30.444347381591797,30.52016353975606,28.75954672327679,28.944875824012154,15805500
SLB,2019-11-21,30.848703384399414,31.10142287510287,30.360112797506428,30.68022265276289,11451700
SLB,2019-11-22,30.840280532836914,31.244632357240214,30.528593270724446,30.916096700756448,7515000
SLB,2019-11-25,31.2362117767334,31.337298935963123,30.35168868958903,30.57913720798305,8711700
SLB,2019-11-26,30.65494155883789,31.35413523983442,30.511735072947964,31.151957785840963,9578300
SLB,2019-11-27,30.975065231323242,31.11827176672525,30.435929452275904,30.671800552233435,6538200
SLB,2019-11-29,30.494897842407227,30.73076894712274,30.259023524188926,30.56228820939618,5445400
SLB,2019-12-02,30.629674911499023,31.185658971689513,30.604403931241023,30.705491065775092,8583000
SLB,2019-12-03,29.886579513549805,30.22823606762265,29.485129722747025,30.03178281591114,10351800
SLB,2019-12-04,30.91154670715332,31.05675324092196,30.13427387338146,30.305103747923276,9780100
SLB,2019-12-05,30.621139526367188,31.150712508734927,30.3734396082439,31.090922536259395,6836700
SLB,2019-12-06,31.50945281982422,31.62903276658262,30.757803250945322,30.800513167624047,8525400
SLB,2019-12-09,31.74007225036621,31.99631545538387,31.21050252555517,31.21050252555517,8713500
SLB,2019-12-10,31.893817901611328,32.01339784327007,31.355704905837936,31.799861302219732,9497000
SLB,2019-12-11,32.79921340942383,32.88462672095987,32.013397258394505,32.03048057236351,15742800
SLB,2019-12-12,33.371490478515625,33.85835353296052,32.73942413969305,32.81629416673367,13609000
SLB,2019-12-13,33.31169509887695,33.747308139591134,32.9273287345359,33.61064490541526,11981100
SLB,2019-12-16,33.653358459472656,34.02918157959582,33.40565530247134,33.40565530247134,12149000
SLB,2019-12-17,33.70460510253906,34.09751153562059,33.56794185371467,33.73877172932238,9658500
SLB,2019-12-18,33.841270446777344,34.16584690469852,33.286077389561434,33.48253061826636,9204400
SLB,2019-12-19,33.83272171020508,34.020634862471205,33.721681824019804,33.815638400152864,7048600
SLB,2019-12-20,33.678977966308594,34.14021760097947,33.465441460439685,34.106050978046405,13465800
SLB,2019-12-23,34.84061813354492,34.926031435152964,33.67897898514741,33.687519011984776,9911300
SLB,2019-12-24,34.72104263305664,34.9602025146862,34.46479617895753,34.79791591762457,3860400
SLB,2019-12-26,34.22563934326172,34.91749896594562,34.10605939180484,34.90041565026473,7629700
SLB,2019-12-27,34.16584014892578,34.490416542666935,34.02063689228089,34.27688004173615,6769100
SLB,2019-12-30,34.50750732421875,34.806457186917704,34.16584754544069,34.174387573671034,8155800
SLB,2019-12-31,34.336669921875,34.353753232906946,33.7643904063844,34.17438009622576,10649000
SLB,2020-01-02,34.311038970947266,34.78082181892338,34.23416896852354,34.60999198859643,9147400
SLB,2020-01-03,34.64415740966797,35.13956031636544,34.165834552936026,35.019980416759424,9752000
SLB,2020-01-06,34.866241455078125,35.08832125244268,34.3281285319502,34.68687156680502,15534100
SLB,2020-01-07,34.68687438964844,34.68687438964844,33.935224893127895,34.61854113618799,10971700
SLB,2020-01-08,33.66189956665039,34.541669056543974,33.57648625516306,34.40500580317886,11327600
SLB,2020-01-09,34.0462646484375,34.242717863793544,33.08107862663706,33.75585483914838,12186000
SLB,2020-01-10,34.02063751220703,34.24271404356603,33.74730778839124,33.9352209552932,8089700
SLB,2020-01-13,33.50814437866211,34.02917391629251,33.286067870943455,34.02063389066446,11665600
SLB,2020-01-14,33.7643928527832,33.7643928527832,32.79066686157012,33.29461316944637,13958700
SLB,2020-01-15,32.739418029785156,33.619187374806366,32.577128203051075,33.48252414394571,13737700
SLB,2020-01-16,33.12378692626953,33.25191015314495,32.75650381808962,32.94441701529116,11771100
SLB,2020-01-17,32.77357864379883,34.14021409604201,32.611292088990346,33.32023152137283,17644600
SLB,2020-01-21,31.560699462890625,32.22693238701822,31.509449523223566,32.14151907921529,16710200
SLB,2020-01-22,31.330076217651367,31.44965613890593,30.94570985768422,31.432572827539783,12796800
SLB,2020-01-23,31.116539001464844,31.201952298033877,30.381972921060886,30.80904592052287,11844000
SLB,2020-01-24,30.552806854248047,30.937173256775427,30.194063792452877,30.937173256775427,10408600
SLB,2020-01-27,29.00680160522461,29.67303779796625,28.929928323689378,29.510747948998045,17360600
SLB,2020-01-28,29.00680160522461,29.237421449830304,28.60535514237074,29.22888142224145,10938000
SLB,2020-01-29,28.81035041809082,29.579083287621973,28.801810389900083,29.297213482690847,9003800
SLB,2020-01-30,29.075136184692383,29.109302813223213,28.186823392745037,28.306403334293904,10489600
SLB,2020-01-31,28.6224308013916,28.921383854027084,28.340564317927253,28.605350748837242,16887900
SLB,2020-02-03,28.579727172851562,28.784723666554115,28.349107339301966,28.562643860183957,9202500
SLB,2020-02-04,29.100759506225586,29.664495843346923,28.998262879015076,29.237422761942607,12373600
SLB,2020-02-05,29.95490074157715,30.45884702506953,29.664490963661056,29.698657586547302,11399900
SLB,2020-02-06,29.476579666137695,30.083025856762752,29.399706388920926,30.083025856762752,7980300
SLB,2020-02-07,29.39971351623535,29.69012338297901,28.938476999426776,29.04097364112763,8582100
SLB,2020-02-10,29.33991050720215,29.356993816283847,28.878674195228527,29.14345734022471,7197400
SLB,2020-02-11,29.721296310424805,29.773299960738488,29.357254226041114,29.599950051109435,8825600
SLB,2020-02-12,30.380033493041992,30.666066785436648,29.85130769057003,30.52738487875855,9094900
SLB,2020-02-13,30.050657272338867,30.35402616132934,29.443926107231654,30.19800863131981,11718000
SLB,2020-02-14,29.83397674560547,30.22402070293354,29.59128419724044,30.172017046248456,7904500
SLB,2020-02-18,29.166566848754883,29.461266305793988,28.499159157624046,29.38325752874136,11792800
SLB,2020-02-19,29.721296310424805,29.764633787832068,29.157899184817637,29.365923705385114,6592300
SLB,2020-02-20,29.322589874267578,30.08533882950914,29.279249085033268,29.894653243917748,7836000
SLB,2020-02-21,28.941204071044922,29.07988596142931,28.4904871006864,29.010546669455653,7246300
SLB,2020-02-24,26.808971405029297,27.72773943255629,26.704959150394778,27.64106282923064,16714900
SLB,2020-02-25,25.43081283569336,26.91297597271691,25.326800604377762,26.860970683668278,18709700
SLB,2020-02-26,24.598726272583008,25.77752414904074,24.598726272583008,25.647510066365257,19240700
SLB,2020-02-27,23.263912200927734,24.51205101624646,23.24657654926055,23.861978957695687,23765700
SLB,2020-02-28,23.480600357055664,23.54127347813449,22.059110137888148,22.371143568181896,26830600
SLB,2020-03-02,24.087337493896484,24.087337493896484,22.683181118600807,23.9659895853231,23253000
SLB,2020-03-03,23.23790740966797,24.191346705616663,22.769856413646497,23.939986383528137,22020400
SLB,2020-03-04,23.471939086914062,23.731967293643915,22.761193778848043,23.584617535638593,16155900
SLB,2020-03-05,22.38848304748535,22.752523489445228,21.877092863465077,22.64851122607719,15754600
SLB,2020-03-06,20.672286987304688,21.807745456069206,20.386255414158867,21.565051348798857,23793200
SLB,2020-03-09,15.003661155700684,15.51505125647204,11.189905788952816,15.51505125647204,86148000
SLB,2020-03-10,15.766416549682617,16.66784904516285,14.847646747381036,16.58984025717085,40409000
SLB,2020-03-11,15.064335823059082,15.723075709498337,14.778304182533237,15.01233052111404,33291900
SLB,2020-03-12,12.498719215393066,14.466271100988736,12.490051389302746,13.538834374559203,47922900
SLB,2020-03-13,14.00688362121582,14.015551445687107,12.412040289305441,13.6255084371808,29182100
SLB,2020-03-16,12.490053176879883,13.902877620648807,11.493276178897176,12.152016177071415,24971100
SLB,2020-03-17,12.134679794311523,12.620067349792148,11.363260566950885,12.60273169617059,25536500
SLB,2020-03-18,10.444490432739258,11.89198417078394,10.30580853654971,11.267914811321674,28198200
SLB,2020-03-19,12.021998405456543,12.377370975932028,10.288473026271301,10.54850199847095,25449300
SLB,2020-03-20,12.377372741699219,12.637401750994842,11.354593184163603,12.394708394736663,32875200
SLB,2020-03-23,11.120567321777344,12.507388215215345,10.92121226264822,12.282029675375012,24393500
SLB,2020-03-24,12.698074340820312,12.940768513317641,11.701297478823548,11.735967956807537,25812600
SLB,2020-03-25,12.65473461151123,13.755522711585499,11.770636340322017,12.99277150505243,24201200
SLB,2020-03-26,13.452159881591797,13.556171324807055,12.464049931132621,12.576729201268188,22180200
SLB,2020-03-27,11.926654815673828,12.741411380762992,11.909319165097159,12.602729482586906,21794500
SLB,2020-03-30,11.510608673095703,11.865981255511702,11.224577042048224,11.571282625500166,25981500
SLB,2020-03-31,11.692630767822266,12.039336407337501,11.5279461883444,12.030668580362487,25754200
SLB,2020-04-01,10.912542343139648,11.432599458494895,10.54850194908632,11.34592368590701,25393800
SLB,2020-04-02,12.030667304992676,12.992773678770464,11.224577667178421,11.354592578192321,33976500
SLB,2020-04-03,12.386037826538086,12.654734602875742,11.943988691245131,12.55072236089331,24822900
SLB,2020-04-06,13.582173347473145,13.712187438795016,12.594063442954846,12.966771717104715,24572200
SLB,2020-04-07,14.275583267211914,15.341702808461923,14.084896039072508,14.674295030145643,29091500
SLB,2020-04-08,14.977663040161133,15.07300583199944,14.240914267488867,14.648292222628129,16039000
SLB,2020-04-09,14.275583267211914,16.121789027674467,13.764193889991375,15.931100146316155,25065500
SLB,2020-04-13,13.824864387512207,14.578947809382768,13.608173720539886,14.405596267736065,16740700
SLB,2020-04-14,13.469491958618164,14.258246688518955,13.391483185482205,13.868202822839162,20214400
SLB,2020-04-15,12.767415046691895,12.984105736499505,12.152014281183288,12.715409744039322,22681400
SLB,2020-04-16,12.178014755249023,12.819418884019115,12.100005988607672,12.689404824023017,18242900
SLB,2020-04-17,13.244135856628418,13.34814729739402,12.308032063128548,12.758749133055609,33939700
SLB,2020-04-20,13.18346118927002,13.642845205866013,12.143346075995785,12.195351377024352,21290600
SLB,2020-04-21,12.732743263244629,13.53883281115416,12.455379473258253,12.862758159757718,22926600
SLB,2020-04-22,13.296138763427734,13.902873260557325,12.949433218409505,13.400150178950428,20596000
SLB,2020-04-23,14.31891918182373,14.604950786340687,13.651511553544655,13.738188148020392,20619600
SLB,2020-04-24,13.963546752929688,15.08166970634299,13.850866683172804,14.6049509124383,22709600
SLB,2020-04-27,13.911541938781738,14.206241415838218,13.157459247010419,13.651513766423104,17717100
SLB,2020-04-28,13.998217582702637,14.440266767826134,13.781526902929473,14.2149082624758,18234000
SLB,2020-04-29,15.775079727172852,15.818417195187362,14.535608964624043,14.691626494625773,19406700
SLB,2020-04-30,14.578949928283691,15.818420988024753,14.448935839847802,15.818420988024753,25829800
SLB,2020-05-01,13.651514053344727,14.431600240034943,13.443491180441924,14.145568583141236,18752100
SLB,2020-05-04,14.067556381225586,14.093559853977563,13.09678238360059,13.226797267532831,23079600
SLB,2020-05-05,14.084896087646484,15.020999884573616,13.972217646361633,14.708964734524935,15936300
SLB,2020-05-06,13.71218490600586,14.353589070842476,13.703517907698874,14.076225286396216,8990700
SLB,2020-05-07,14.500941276550293,14.778305108596145,14.11956683409667,14.136900833685402,14609800
SLB,2020-05-08,15.645066261291504,15.688405388742314,14.812974852859966,14.838978329330452,16418000
SLB,2020-05-11,15.047002792358398,15.549725152078173,14.83031209156162,15.341702277699527,12661300
SLB,2020-05-12,14.804309844970703,15.445714174348687,14.648292262891385,15.168350318749448,14169600
SLB,2020-05-13,13.738189697265625,14.70029521010846,13.651513093015433,14.622288084823879,15827300
SLB,2020-05-14,13.95488166809082,14.327589943481755,13.122789331675563,13.434823647852745,13323200
SLB,2020-05-15,13.824864387512207,14.310251845238295,13.720852966558608,13.850867036098283,10347800
SLB,2020-05-18,15.558394432067871,15.679740706821034,14.73496903082254,14.769640339734302,22646700
SLB,2020-05-19,14.83031177520752,15.480383863730788,14.778304817808113,15.437044732564617,12776600
SLB,2020-05-20,15.7837495803833,15.818420885458107,14.994995575338512,15.142345315468793,14142800
SLB,2020-05-21,15.419711112976074,16.035111911718605,15.203020411466364,15.79241773086894,17533800
SLB,2020-05-22,15.237686157226562,15.35903238992987,14.812972689546557,15.229018333002266,9974700
SLB,2020-05-26,15.948432922363281,16.182459241870088,15.749077903473161,15.870424149194346,11760900
SLB,2020-05-27,16.51182746887207,16.7025163058629,15.76641272996685,16.373145580088842,13778600
SLB,2020-05-28,16.286476135253906,16.780530737411233,16.15646037408065,16.589841836073965,10372900
SLB,2020-05-29,16.00910758972168,16.234466105816047,15.419710301342677,16.078448544426195,21018100
SLB,2020-06-01,15.974437713623047,16.347145959858963,15.809752328566047,16.04377866734935,10251700
SLB,2020-06-02,16.458772659301758,16.615855586428868,16.10969874812695,16.144606805047538,16286900
SLB,2020-06-03,17.11328887939453,17.200555718857533,16.65949399035054,16.868937401176627,13986600
SLB,2020-06-04,17.74161720275879,17.98596865468288,16.895116633695476,17.130739405202608,20361300
SLB,2020-06-05,19.190271377563477,20.150221630202974,18.823744977992334,19.486983304097656,26486400
SLB,2020-06-08,20.638917922973633,20.717459394105887,19.67024255318907,20.394568159013673,21082500
SLB,2020-06-09,19.64406394958496,19.96695522481013,18.94591763769149,19.687697365855993,17914700
SLB,2020-06-10,18.291404724121094,19.251354774360163,18.27395235792284,19.18154031604321,16602500
SLB,2020-06-11,16.15333366394043,17.209277408017304,16.100973243570838,16.685669875305855,19638300
SLB,2020-06-12,16.58095359802246,17.29655238172104,16.092252273827302,17.078381939641794,14646700
SLB,2020-06-15,16.860210418701172,17.113288914282975,15.455192328973318,15.69081679082363,12742000
SLB,2020-06-16,17.060922622680664,18.038326632972147,16.7293043857739,17.95978516497962,17831200
SLB,2020-06-17,17.305274963378906,17.48853895329477,16.81657376444985,17.026017135419444,15816600
SLB,2020-06-18,17.610715866088867,17.654349282544697,16.746761237099918,16.851482102397167,15867700
SLB,2020-06-19,17.200551986694336,18.2914038883723,16.973656255912278,18.273951522971462,22249100
SLB,2020-06-22,17.296554565429688,17.45363756987998,16.89512170028657,16.99984259358104,9110100
SLB,2020-06-23,17.078380584716797,17.567081870140505,16.964932696219744,17.427452931448016,18440100
SLB,2020-06-24,15.586092948913574,16.755486354067667,15.57736593370998,16.65949085133611,17967800
SLB,2020-06-25,16.074800491333008,16.223156479314436,15.271933085405625,15.394108017446113,18885600
SLB,2020-06-26,15.219569206237793,15.874080476600845,15.097392637237757,15.865353459921682,18480300
SLB,2020-06-29,15.716998100280762,15.961349583021303,15.237022151809159,15.38537811195372,14061300
SLB,2020-06-30,16.04861068725586,16.15333318942651,15.350466221143842,15.516276156035834,18613000
SLB,2020-07-01,15.46391773223877,16.388961449383775,15.446465364836637,16.14460999616485,13923300
SLB,2020-07-02,15.690814018249512,16.135881812709215,15.620999560168068,15.865350995707113,10301000
SLB,2020-07-06,16.36278533935547,16.519868344934658,15.978804843996187,16.118433812398,11469600
SLB,2020-07-07,15.865349769592285,16.25805544176062,15.830441710995357,16.25805544176062,9742500
SLB,2020-07-08,15.76935863494873,16.240607569313152,15.655910742143394,15.882808192262377,10031300
SLB,2020-07-09,14.94903564453125,15.917712790038733,14.91412924474701,15.708269397808921,12015300
SLB,2020-07-10,15.525009155273438,15.551188542528248,14.800681703734588,14.914131263533248,9806200
SLB,2020-07-13,15.167205810546875,15.708269146878473,15.141026427253925,15.699542130944792,10945400
SLB,2020-07-14,16.04861068725586,16.092245756705175,14.940306555366496,15.071208434699034,13525000
SLB,2020-07-15,16.493682861328125,16.8165758043924,16.188243950755574,16.58095135927859,13852400
SLB,2020-07-16,16.42386817932129,16.772940502012492,16.170791369560717,16.371507747044642,9806100
SLB,2020-07-17,16.24933433532715,16.73803563175937,16.100978376560974,16.54604458835121,8818600
SLB,2020-07-20,16.092252731323242,16.537320645558996,16.04861764296184,16.23188168506288,13673700
SLB,2020-07-21,17.069652557373047,17.383818483085015,16.37150790524439,16.45877640288751,18805000
SLB,2020-07-22,16.729307174682617,16.973658634117786,16.502409747601703,16.842755055969004,12653600
SLB,2020-07-23,16.84275245666504,16.895114545646887,16.38895933704422,16.563494640126724,13233200
SLB,2020-07-24,16.99983787536621,17.156920836218962,16.49368259290075,17.017291907573878,16738200
SLB,2020-07-27,17.174379348754883,17.218012776148697,16.703130343260586,17.19183338551583,15020100
SLB,2020-07-28,16.71184730529785,17.10455457356509,16.57221842424896,17.00855909365364,14551100
SLB,2020-07-29,16.95620346069336,16.999836874134544,16.537316699429088,16.66821860426067,7444900
SLB,2020-07-30,16.092252731323242,16.72058302315161,15.882809300713786,16.62458749326495,15563300
SLB,2020-07-31,15.830443382263184,16.19696971368697,15.638454033234735,15.8042640000595,15338900
SLB,2020-08-03,16.33660125732422,16.554771688100757,15.59482312429062,15.795539521123045,9618800
SLB,2020-08-04,16.781665802001953,16.8951153355925,16.23187715804979,16.301691615448604,10141800
SLB,2020-08-05,17.01729393005371,17.41000137885828,16.903846036237017,17.156922875293485,9127500
SLB,2020-08-06,16.860210418701172,17.18310338470067,16.764214897686244,16.973659973447592,6751100
SLB,2020-08-07,17.1307373046875,17.148191334365084,16.598402715584278,16.74675863882797,7084800
SLB,2020-08-10,17.64561653137207,17.79397242941633,16.999832523564013,17.06964696590792,11555800
SLB,2020-08-11,17.715436935424805,18.561939206285953,17.619443085214737,18.20413986080111,12373700
SLB,2020-08-12,17.767797470092773,18.11686976857526,17.28782160323484,18.029601277827634,14560900
SLB,2020-08-13,17.340181350708008,17.706707630660052,17.218004814385466,17.706707630660052,8551500
SLB,2020-08-14,17.51472282409668,17.60199133383153,17.095835974779455,17.16565044966566,7290300
SLB,2020-08-17,17.462360382080078,17.66307676630316,17.331458464739292,17.4099999480454,8658100
SLB,2020-08-18,17.252914428710938,17.584532681208934,17.17437295702574,17.331455900396136,7845500
SLB,2020-08-19,17.20928192138672,17.56708127268093,17.130740437979874,17.226735954256725,8055100
SLB,2020-08-20,16.380233764648438,17.087105383071265,16.380233764648438,16.92129541571005,10240700
SLB,2020-08-21,16.21442222595215,16.31914473848114,16.031159909661252,16.188241181692934,8913900
SLB,2020-08-24,17.060922622680664,17.218005558665713,16.292963636707817,16.33659704581128,8702700
SLB,2020-08-25,16.80784797668457,17.436178135478247,16.676946068332732,17.427451119653718,11012500
SLB,2020-08-26,16.292964935302734,16.816574208816732,16.266783889049236,16.7816661471454,7982000
SLB,2020-08-27,16.319141387939453,16.46749727926645,16.092244044468313,16.36277478823841,8549000
SLB,2020-08-28,16.947477340698242,16.982383740394223,16.38023461344659,16.406413997091548,12613700
SLB,2020-08-31,16.58967399597168,17.052195747851073,16.528586562885437,17.017287692083098,13596300
SLB,2020-09-01,16.365665435791016,16.620418960932792,16.216327566869115,16.26903623274156,9446800
SLB,2020-09-02,16.4886531829834,16.50622274097612,16.12848562175896,16.277823513646553,10875100
SLB,2020-09-03,16.79611587524414,17.18263614693722,16.400809147915442,16.488655273491318,16863200
SLB,2020-09-04,16.963016510009766,17.2880465730972,16.594064235259825,16.998155619759746,15384300
SLB,2020-09-08,16.146053314208984,16.708267434682675,15.750748317176582,16.602851763492218,15677400
SLB,2020-09-09,16.348100662231445,16.462299442269952,16.137270985258205,16.233900206667606,9925300
SLB,2020-09-10,15.557487487792969,16.383238323655057,15.495995707291867,16.383238323655057,16190800
SLB,2020-09-11,15.698043823242188,15.78588827513297,15.364228874165347,15.601412915531705,8634200
SLB,2020-09-14,15.83859920501709,15.996720246179393,15.49599942701771,15.715613938967623,9913100
SLB,2020-09-15,15.987930297851562,16.207544715813672,15.785883759927392,15.873729862217242,10611400
SLB,2020-09-16,16.84882354736328,17.033298910402394,16.005503054186555,16.286611002262497,14177400
SLB,2020-09-17,16.7609806060791,16.804902841196586,16.20755273617982,16.52379651518261,11677400
SLB,2020-09-18,16.45351219177246,16.989371920801034,16.26903688044956,16.506220859743358,19118700
SLB,2020-09-21,15.170968055725098,15.979149375861985,15.012845368553139,15.900088032276006,16106800
SLB,2020-09-22,15.223672866821289,15.583840413268328,15.083119759696844,15.29394942038351,8862700
SLB,2020-09-23,14.591185569763184,15.478428208148989,14.57361601046238,15.17975240213692,10684200
SLB,2020-09-24,14.599969863891602,15.004059661219692,13.993833492374128,14.354001068436238,17772300
SLB,2020-09-25,13.9850492477417,14.415493399602843,13.897203126325559,14.301294614629644,16290200
SLB,2020-09-28,14.450630187988281,14.802012941461449,14.283722751766602,14.371568859016177,11912400
SLB,2020-09-29,13.703944206237793,14.406709888393351,13.58974457344682,14.362787661580711,15827200
SLB,2020-09-30,13.668806076049805,14.072896766720968,13.54582166140631,13.888420563637116,15527200
SLB,2020-10-01,13.185653686523438,13.642451372968038,13.071454055471595,13.493113458343537,17901600
SLB,2020-10-02,13.67758846282959,13.818141584853468,12.75520839010722,12.799130612417667,14625800
SLB,2020-10-05,14.116817474365234,14.169524476565167,13.730296386435848,13.853280787840182,12192000
SLB,2020-10-06,13.765436172485352,14.547263213462239,13.73908266850348,14.441849197534752,13187300
SLB,2020-10-07,14.01140308380127,14.081680485270766,13.68637376721675,13.80935817258497,10374000
SLB,2020-10-08,14.433061599731445,14.441846378598276,14.002616650645532,14.160740156960639,10855600
SLB,2020-10-09,14.257369995117188,14.582400125261453,14.099247319669994,14.564830566761692,11704100
SLB,2020-10-12,14.160741806030273,14.231018369623643,13.844496432097388,14.081680462547052,12381400
SLB,2020-10-13,13.81814193725586,14.17830953106803,13.633666588216887,14.02018768363995,14015000
SLB,2020-10-14,14.01140308380127,14.503339867511421,13.826926894630303,13.83571167453433,15875200
SLB,2020-10-15,14.424278259277344,14.441847818763073,13.660020014664958,13.83571142070872,15709600
SLB,2020-10-16,13.150513648986816,14.28372419026543,13.08902103261423,13.721510890325884,39866400
SLB,2020-10-19,13.185653686523438,13.563390025488859,13.0978075587104,13.317422040480228,18285500
SLB,2020-10-20,13.60731315612793,13.747866291107872,13.334991666544981,13.387698673281076,20802200
SLB,2020-10-21,13.185653686523438,13.695159217208413,13.159299345521868,13.493113458343537,18537500
SLB,2020-10-22,13.440403938293457,13.545818769297167,13.097805109209443,13.229574276286035,15937500
SLB,2020-10-23,13.528251647949219,13.86206575845222,13.326206728250506,13.580959491823485,13862100
SLB,2020-10-26,13.32620620727539,13.405267551114585,13.053883893802913,13.308636647416582,17382400
SLB,2020-10-27,13.255928993225098,13.378912555154107,12.957253192375763,13.27349771445952,14749700
SLB,2020-10-28,12.456534385681152,12.957255164637273,12.430180043174023,12.737640670321387,18198000
SLB,2020-10-29,12.693716049194336,12.72885433047067,12.034872646941038,12.21056405332271,16151800
SLB,2020-10-30,13.12415885925293,13.141728416971851,12.579515136405698,12.6585764706156,17496700
SLB,2020-11-02,13.686372756958008,13.879633711767458,12.983606334002188,13.28228212659061,18490900
SLB,2020-11-03,13.84449577331543,14.09924767589714,13.668804372692174,13.985048893814033,13028200
SLB,2020-11-04,14.028970718383789,14.231016439635646,13.238358228535915,13.791786720100644,17689400
SLB,2020-11-05,13.633667945861816,14.169526162282686,13.61609838452983,13.96748123354161,15004600
SLB,2020-11-06,13.370129585266113,13.905988607188112,13.299853019694794,13.60731278462863,10324200
SLB,2020-11-09,16.03185272216797,16.479866341768272,14.872288848155446,14.951350173704032,31835600
SLB,2020-11-10,16.084562301635742,16.61163733157804,15.812240845116932,16.488653772284124,19098500
SLB,2020-11-11,15.557487487792969,16.260254762652853,15.285166027491508,16.251469983220503,16402100
SLB,2020-11-12,15.197320938110352,15.706826451021465,15.074337368777641,15.241244838247367,10762200
SLB,2020-11-13,15.812241554260254,15.908872455482197,15.30273606008844,15.320305619497049,9321400
SLB,2020-11-16,17.60429573059082,17.613078834435075,16.30417686782124,16.59406788491658,23092800
SLB,2020-11-17,17.648216247558594,17.65700102607981,16.927881164070516,17.077219047880863,13972500
SLB,2020-11-18,17.542802810668945,18.0698778602615,17.498880588005147,17.727279832012766,15408300
SLB,2020-11-19,17.97324562072754,18.008384736660958,17.173849164020222,17.296834394261918,11924300
SLB,2020-11-20,17.753633499145508,18.008387096469754,17.551588582628305,17.885403525637628,10300900
SLB,2020-11-23,18.983474731445312,19.018612174277205,17.96446375643961,18.096232099228637,14791600
SLB,2020-11-24,19.528118133544922,19.765302161610347,19.255796661798744,19.712595158326508,20774100
SLB,2020-11-25,19.413917541503906,19.598392873602176,19.027395643813144,19.088887421179233,12188700
SLB,2020-11-27,19.220659255981445,19.422705858377174,19.071321337093597,19.29972060571769,6550900
SLB,2020-11-30,18.263137817382812,19.308501355863985,18.25435303863189,19.29093179836214,21516100
SLB,2020-12-01,18.62106704711914,19.07179075825368,18.44431374131731,18.886199534312677,12717300
SLB,2020-12-02,19.124814987182617,19.50483700718566,18.444312203798496,18.51501385735764,9741900
SLB,2020-12-03,19.504837036132812,19.831833237866892,19.213192504060963,19.31040790997171,12517400
SLB,2020-12-04,20.724443435668945,20.768631338721192,19.84950812142247,19.93788561318742,16201300
SLB,2020-12-07,20.17650604248047,20.644905608505784,20.070452706256788,20.591878097563647,10067500
SLB,2020-12-08,20.530014038085938,20.59187778090651,19.831835344690166,19.88486116915629,8064600
SLB,2020-12-09,20.65373992919922,21.02492401283246,20.30022999380733,20.591874510543427,15063300
SLB,2020-12-10,20.66257667541504,21.113300337177765,19.637401882815237,19.858344755111062,13977800
SLB,2020-12-11,20.273719787597656,20.494662674646616,19.86718399888413,20.44163516807934,14589200
SLB,2020-12-14,19.60205078125,20.680251329691124,19.434133735902037,20.600711765350525,11809700
SLB,2020-12-15,20.30023193359375,20.38860942588662,19.655079105478553,19.849508239994506,12686700
SLB,2020-12-16,20.185338973999023,20.388605992076467,19.84066866633204,20.256040618793794,11062700
SLB,2020-12-17,20.264883041381836,20.43280011723153,20.026264305015516,20.31790886535417,8481200
SLB,2020-12-18,19.716941833496094,20.291392975456922,19.65507809776098,20.19417925601333,20038600
SLB,2020-12-21,19.248544692993164,19.425297989091444,18.6299039424981,18.921548482437675,10778300
SLB,2020-12-22,18.877363204956055,19.283897359610027,18.77130986402073,19.248547369738695,17182900
SLB,2020-12-23,19.372272491455078,19.70810493959709,18.95690046876303,19.001088372108402,9474500
SLB,2020-12-24,19.124814987182617,19.434135353626516,18.965735845259445,19.425297436224078,3664900
SLB,2020-12-28,19.06295394897461,19.46948977872133,18.9657385294494,19.09830562358764,6461100
SLB,2020-12-29,18.895034790039062,19.23970683700727,18.674091904962708,19.186679330913428,7140300
SLB,2020-12-30,19.3369197845459,19.42529727216351,18.815496147488744,18.930385701429387,7077100
SLB,2020-12-31,19.292734146118164,19.416461631896716,18.948063758214733,18.97457582764695,7844300
SLB,2021-01-04,19.398784637451172,19.778804957449594,19.080626365614023,19.51367418802552,8743400
SLB,2021-01-05,20.441635131835938,21.042600053249267,19.62856524151093,19.637403159256472,16256600
SLB,2021-01-06,21.572864532470703,22.120803663909015,20.95422374074944,21.175166639841244,19456300
SLB,2021-01-07,21.98823356628418,22.509658871623543,21.62588739622263,21.68775281545536,14502400
SLB,2021-01-08,21.952882766723633,22.42128223808997,21.634724508009878,22.094286062671912,11951900
SLB,2021-01-11,22.085453033447266,22.200344290368175,21.254707221663054,21.387274315904197,16877000
SLB,2021-01-12,23.101791381835938,23.623216812539443,22.244533451427817,22.536178041002596,20803200
SLB,2021-01-13,22.500822067260742,23.375757354554462,22.31523085736598,23.137138639837993,11276800
SLB,2021-01-14,22.942710876464844,23.313895031254305,22.49198882519108,22.562690488690947,10285800
SLB,2021-01-15,22.014753341674805,22.704095887962367,21.77613457346056,22.491990878103298,13449000
SLB,2021-01-19,22.465473175048828,22.889683120280193,22.191504462794462,22.271044038232905,21249400
SLB,2021-01-20,22.403610229492188,22.69525478788347,22.0235881746301,22.580363536773262,10571800
SLB,2021-01-21,21.378433227539062,22.385932206165432,21.16632826812616,22.200340998801785,21086200
SLB,2021-01-22,21.572864532470703,21.67891786572541,20.724444609075245,20.95422374074944,13559500
SLB,2021-01-25,20.98073959350586,21.537516698863588,20.512339993754516,21.537516698863588,15541000
SLB,2021-01-26,20.09696388244629,21.555186532992188,20.088125965090207,21.27237992023909,20225800
SLB,2021-01-27,19.27505874633789,19.990914979125932,18.762471269214693,19.840673734848757,17044000
SLB,2021-01-28,20.008586883544922,20.282557271298003,19.416459891499215,19.54902696941993,12418200
SLB,2021-01-29,19.628562927246094,20.176501963243002,19.442971733452783,19.796479973292602,15573600
SLB,2021-02-01,19.584381103515625,19.955565291885865,19.266222746152344,19.884863621989666,10081500
SLB,2021-02-02,19.89369773864746,20.406285168826265,19.75229442588506,20.105802707791057,11058000
SLB,2021-02-03,21.36959457397461,21.431458307631193,20.008585690888502,20.06161319316013,15843700
SLB,2021-02-04,21.926374435424805,22.050103614202772,20.980739027946775,21.51100236163054,12894700
SLB,2021-02-05,22.103126525878906,22.668739774836368,21.970561131362057,22.29755565879292,11370200
SLB,2021-02-08,22.96922492980957,23.128304096159212,22.394773695727473,22.491989116421284,11496300
SLB,2021-02-09,22.97806167602539,23.24319248263838,22.47431213206437,22.757118775294376,10799800
SLB,2021-02-10,23.525999069213867,23.62321279208677,22.951546221328265,23.190164941004397,11602000
SLB,2021-02-11,23.3050537109375,23.667399867984233,22.925031720459156,23.322727858708856,9773300
SLB,2021-02-12,23.6585636138916,23.676239448565394,22.93387124886984,23.031084968254948,9063400
SLB,2021-02-16,23.805070877075195,24.462129711517367,23.796191497662246,23.973775698784326,14337900
SLB,2021-02-17,23.85834503173828,24.106960858916683,23.396627504737957,24.106960858916683,11554300
SLB,2021-02-18,22.712936401367188,23.742920875114194,22.68629825868505,23.618612929735026,11173100
SLB,2021-02-19,23.192411422729492,23.476544820090016,22.695176283779936,22.766209633120067,10063700
SLB,2021-02-22,24.45325469970703,25.021521495729782,23.06810184404862,23.085860604816492,13964700
SLB,2021-02-23,24.630830764770508,24.772897426504944,23.432141824514034,24.648589520879362,13549000
SLB,2021-02-24,26.1136531829834,26.353391311166614,24.657469044806593,24.93272299184943,21674000
SLB,2021-02-25,25.314533233642578,26.522101819125858,25.03927922732868,26.104779426076952,20387400
SLB,2021-02-26,24.781782150268555,25.17246640109734,23.56533588507028,24.701869424108835,22478700
SLB,2021-03-01,25.500993728637695,25.838403376498526,25.19022391293493,25.536511246757144,17121600
SLB,2021-03-02,24.98600196838379,25.927195890700705,24.96824490261005,25.52763227334272,13582700
SLB,2021-03-03,25.190223693847656,25.76736980972122,25.145826796584483,25.163585555489753,20695600
SLB,2021-03-04,25.376686096191406,26.024865567260225,24.568681178871426,25.483236958215013,21586700
SLB,2021-03-05,25.811767578125,26.380034371010055,24.78178316923652,26.344518543239055,26809000
SLB,2021-03-08,26.380033493041992,26.699684400185678,25.57202853871196,26.06926365950627,14971200
SLB,2021-03-09,26.060380935668945,26.61976825782704,25.71409193283931,26.451065139430618,20585200
SLB,2021-03-10,26.5931339263916,26.699683094516644,25.74961149315399,26.051503625455755,18685600
SLB,2021-03-11,26.104774475097656,27.00157136410644,26.042620520321407,26.708558653326797,13239500
SLB,2021-03-12,25.758487701416016,26.28235917864332,25.643057474328895,26.122533752564713,12829500
SLB,2021-03-15,25.856164932250977,26.184693542548267,25.447721897541115,25.882801380153175,7888000
SLB,2021-03-16,24.914968490600586,25.56314965455882,24.7107478399685,25.51875275644196,11347200
SLB,2021-03-17,25.136947631835938,25.234619113080704,24.47988878884494,24.710747575879907,11302800
SLB,2021-03-18,24.19575309753418,25.572024614645496,24.12471976168782,24.870570634858744,14585300
SLB,2021-03-19,24.018171310424805,24.506527025024997,23.822830040725815,24.204634894128436,22577500
SLB,2021-03-22,24.550920486450195,24.746263435850622,23.751795011686564,24.01816960541832,19700200
SLB,2021-03-23,23.680761337280273,24.675229747312812,23.512056527077682,23.956015306034143,14459000
SLB,2021-03-24,24.346698760986328,24.86169086108026,24.11583999976239,24.22239084862278,13642400
SLB,2021-03-25,24.328941345214844,24.44437157897484,23.254561886684108,23.769554015170517,14595800
SLB,2021-03-26,25.136947631835938,25.172465149949844,24.50652692743037,24.719626955408383,11722600
SLB,2021-03-29,24.595319747924805,25.32341195485304,24.408856159514496,25.065915021707504,11397400
SLB,2021-03-30,24.169118881225586,24.675233386476354,24.098085533859113,24.311185575958525,11439700
SLB,2021-03-31,24.142480850219727,24.311183980664467,23.893863303967006,24.16911729525391,11046300
SLB,2021-04-01,24.950485229492188,24.986001053307458,24.07144699706664,24.373339120554416,10463300
SLB,2021-04-05,24.462129592895508,25.128067803521358,24.284547086203016,25.110310738350023,9880900
SLB,2021-04-06,24.36446189880371,25.16358748145093,24.320064998142506,24.515407973914634,9306600
SLB,2021-04-07,24.2845516204834,24.595323182181406,24.106967387064888,24.4266183297907,7973300
SLB,2021-04-08,24.02704620361328,24.13359704491548,23.47653832199506,23.973771629746267,10548700
SLB,2021-04-09,23.760679244995117,24.17799997871959,23.458787073851894,24.07145079688593,8624800
SLB,2021-04-12,23.565332412719727,24.062565762781787,23.369989469304826,23.858345134273765,10969200
SLB,2021-04-13,23.121376037597656,23.503179198203448,22.96155059226252,23.298958548527875,13688500
SLB,2021-04-14,24.2490291595459,24.66635151504668,23.316716357828913,23.316716357828913,14755400
SLB,2021-04-15,23.67188262939453,24.293425614977025,23.59196991143197,24.1602366226605,9107100
SLB,2021-04-16,23.343353271484375,23.938256405919066,23.307835756466485,23.876102448206087,9234300
SLB,2021-04-19,23.55645179748535,23.778431171663648,23.3078342887211,23.432142196319113,7711200
SLB,2021-04-20,22.419918060302734,23.378868943258098,22.215697430962315,23.22792289253511,12657300
SLB,2021-04-21,22.84611701965332,22.899393289374828,21.77173765045987,21.97595827035426,13113300
SLB,2021-04-22,22.419918060302734,22.881635591169324,22.37552286038293,22.81948163385427,16091800
SLB,2021-04-23,22.82835578918457,23.06809389624636,21.816130484125537,22.02923045921333,12875200
SLB,2021-04-26,23.41438865661621,23.689642647815152,22.86387898064985,22.961550461926578,13934000
SLB,2021-04-27,23.245685577392578,23.6274904580565,22.7750885883189,23.441026861039155,13033500
SLB,2021-04-28,24.29343032836914,24.408858891394647,23.22792834451941,23.414391953799036,10643900
SLB,2021-04-29,24.701868057250977,24.941606222464415,24.21351404091409,24.613075956034688,13827900
SLB,2021-04-30,24.018171310424805,24.692988915160143,23.938258587918746,24.39997616382742,13237300
SLB,2021-05-03,25.057031631469727,25.305649145035346,24.39997287444086,24.444369766274857,12395600
SLB,2021-05-04,25.207984924316406,25.465481890283822,24.71075144778988,25.07479759765718,15195400
SLB,2021-05-05,26.93941879272461,26.948298171515514,25.367804311669882,25.545388500351265,22805400
SLB,2021-05-06,27.285707473754883,27.321224990709652,26.300120088217902,26.841748673230782,15034800
SLB,2021-05-07,28.315692901611328,28.413364383621946,26.80623393487251,26.895026037285025,16483400
SLB,2021-05-10,28.0848331451416,29.185850773844674,28.067076080125684,28.608706361969265,16905900
SLB,2021-05-11,27.75630760192871,28.03156161568846,27.205797880840596,27.463294827650625,18232800
SLB,2021-05-12,28.50215721130371,28.981633588881003,27.747428510668435,27.836220620616302,23375400
SLB,2021-05-13,28.200265884399414,28.83068832152962,27.80958162872303,28.129232537328125,16385800
SLB,2021-05-14,29.132577896118164,29.283522263436247,28.5820665412082,28.6264651312541,11637200
SLB,2021-05-17,30.233591079711914,30.27798627857996,28.768529194247012,28.883956033876625,14531300
SLB,2021-05-18,29.363431930541992,30.48220989549406,29.310155660308297,30.295744643244372,12438600
SLB,2021-05-19,28.41337013244629,28.87508780355506,28.11147793930354,28.768538613956935,13633600
SLB,2021-05-20,28.20914077758789,28.413361406238838,27.70302804851019,28.40448202757119,12478300
SLB,2021-05-21,28.368967056274414,28.821803526911157,28.28905433944008,28.65310040787722,8573800
SLB,2021-05-24,28.146989822387695,28.528794677974837,28.0226802013512,28.528794677974837,9755900
SLB,2021-05-25,27.738548278808594,28.244661088335732,27.596481584680575,28.084835634049565,10064400
SLB,2021-05-26,28.0137939453125,28.271290810225004,27.49880190905557,27.64086856088037,9358100
SLB,2021-05-27,27.827341079711914,28.44000307832324,27.800702938810655,28.253541172720304,14893200
SLB,2021-05-28,27.818458557128906,28.10259192037305,27.605358534695796,28.093712541075618,8307800
SLB,2021-06-01,29.356252670288086,29.49888844023368,28.48260815428319,28.491521402096353,15701900
SLB,2021-06-02,31.611677169799805,31.736483024954868,29.16012289846832,29.76632568125392,28422100
SLB,2021-06-03,32.556644439697266,32.610134126215435,31.379898541936328,31.424471580349042,19992700
SLB,2021-06-04,32.46749496459961,32.868659111753814,31.709743109412102,32.636877271567414,13756400
SLB,2021-06-07,31.941524505615234,32.788422335696765,31.78997211239665,32.556640523409115,10082500
SLB,2021-06-08,32.003929138183594,32.28028399825491,31.39772633440095,31.727570877407658,12822000
SLB,2021-06-09,31.879125595092773,32.21788684635996,31.638430480479627,32.012848126060284,9229900
SLB,2021-06-10,31.14812469482422,32.29812787034145,30.96983247595533,32.23572491359612,11364300
SLB,2021-06-11,31.10354232788086,31.789978047270573,30.98764969974881,31.540366295021613,7243600
SLB,2021-06-14,30.35470199584961,31.353152350468964,30.09617360916539,31.085710716284034,10015500
SLB,2021-06-15,30.479515075683594,30.951998921915056,30.310136127460655,30.36362582723375,9834000
SLB,2021-06-16,30.345792770385742,30.89850600771863,29.891138871377052,30.176410439078243,10924400
SLB,2021-06-17,28.946178436279297,30.541915225103725,28.4291215879915,30.283390201665206,14511300
SLB,2021-06-18,27.89423179626465,28.60741055952662,27.885316849179837,28.339968948391455,24774200
SLB,2021-06-21,29.5256290435791,29.632608412361048,28.232992277139676,28.304310155975283,11198400
SLB,2021-06-22,29.436491012573242,29.739592505522307,29.08881647080636,29.276025316264583,7675200
SLB,2021-06-23,29.311681747436523,30.38145179966659,29.302765098274175,29.90896801451437,8113100
SLB,2021-06-24,29.65043830871582,29.7306711441563,28.99966237712307,29.463229492923062,6238300
SLB,2021-06-25,29.730674743652344,29.855484036663288,29.47214970989345,29.69501834635473,7823400
SLB,2021-06-28,28.545011520385742,29.63261140801821,28.32214291394991,29.55237857367311,11191500
SLB,2021-06-29,28.42020606994629,29.115556786154773,28.38454797443318,28.776795526840644,7321600
SLB,2021-06-30,28.53609275817871,28.865940719780856,28.41128859228373,28.616325586581286,10883200
SLB,2021-07-01,29.481060028076172,29.91788400842228,29.222531619314296,29.418657088127468,9819000
SLB,2021-07-02,29.2314453125,29.356251179777477,28.99966007266626,29.240358559860606,7582700
SLB,2021-07-06,27.787261962890625,29.39191718299891,27.67137101883109,29.39191718299891,13943600
SLB,2021-07-07,27.35043716430664,27.956640079346442,26.80663719045871,27.742686409394622,10579700
SLB,2021-07-08,27.21671485900879,27.501986403493564,26.62834187342081,26.70857300749869,8903000
SLB,2021-07-09,27.805086135864258,28.117102506102036,27.314774211104194,27.635705529103333,8547300
SLB,2021-07-12,27.831829071044922,28.090357453137198,27.18996814019025,27.430666626892904,5799700
SLB,2021-07-13,27.288034439086914,27.75159987747512,27.154311906500133,27.56439105241784,8169700
SLB,2021-07-14,26.34307098388672,28.036873906322935,26.14694720460637,27.617879800090684,11845600
SLB,2021-07-15,25.612062454223633,26.396560981041098,25.433768571112537,26.057799712530425,12341400
SLB,2021-07-16,24.84539222717285,26.031053108821244,24.60469373156279,25.96864847264819,12381500
SLB,2021-07-19,23.757787704467773,23.998486152778376,23.09809698344593,23.65081174989782,18636600
SLB,2021-07-20,24.283763885498047,24.667098172183767,23.570585003538042,23.802368565263187,11854700
SLB,2021-07-21,25.344623565673828,25.56749221932857,24.97911910970828,24.988034059896815,12423400
SLB,2021-07-22,24.943452835083008,25.371360130955548,24.711669291397268,25.264384157163637,11761400
SLB,2021-07-23,25.32678985595703,25.656636161909955,24.62252590051814,25.210898921642702,12759200
SLB,2021-07-26,26.26283836364746,26.41438909902643,25.558574381841208,25.91516384733505,12815500
SLB,2021-07-27,26.013219833374023,26.245003350848187,25.44267683673132,25.879499031079924,9333500
SLB,2021-07-28,26.13802719116211,26.458958495396235,25.683375076947883,26.111284049377502,7088100
SLB,2021-07-29,26.423303604125977,26.72640506978986,26.14694698555691,26.61942908211594,7420800
SLB,2021-07-30,25.701204299926758,26.343065191265673,25.540738652003952,26.15585640225727,9241600
SLB,2021-08-02,25.40702247619629,26.485705772174313,25.317874688840867,25.71903888176396,12466300
SLB,2021-08-03,25.76361656188965,25.781446462640066,24.68493307178321,25.23764639222278,8724900
SLB,2021-08-04,24.631441116333008,25.62989336243346,24.613612917566375,25.415939674058958,14324200
SLB,2021-08-05,24.889965057373047,25.237639525647438,24.58686362849449,24.836477070027556,10146900
SLB,2021-08-06,25.335704803466797,25.629891314013545,25.10392123449775,25.2733018618891,6061000
SLB,2021-08-09,24.95236587524414,25.077171735243585,24.46205568208719,24.765157085244972,7758700
SLB,2021-08-10,25.335704803466797,25.514000379705337,25.023688395225673,25.130666081039323,9416000
SLB,2021-08-11,25.834930419921875,25.97756620288887,25.103921607127877,25.300045383619324,7649400
SLB,2021-08-12,25.45159149169922,25.879500463213354,25.050429062617177,25.62097209083289,7432700
SLB,2021-08-13,25.273300170898438,25.52291192050816,25.12174945134145,25.433765838706126,7430800
SLB,2021-08-16,24.765161514282227,24.943455388974577,24.399657115757385,24.898882345389644,9864300
SLB,2021-08-17,24.23919105529785,24.8186491145094,23.891514859488847,24.49771776464035,10539800
SLB,2021-08-18,23.90042495727539,24.551202473577526,23.882596763953114,24.301589063190935,9697100
SLB,2021-08-19,23.570579528808594,23.62406750744382,23.08918262003503,23.31205118142601,18962600
SLB,2021-08-20,23.58841323852539,23.695390921168936,23.107017917510884,23.267483591299914,12082300
SLB,2021-08-23,24.506635665893555,24.684931259602777,23.980665534839424,24.060898381973296,8298000
SLB,2021-08-24,25.15740394592285,25.380272519257804,24.676008711702533,24.6849236586782,8183200
SLB,2021-08-25,25.36244773864746,25.647719278848427,24.889965687469296,25.157407331319575,6545200
SLB,2021-08-26,25.07717514038086,25.496169213590914,24.97911410864551,25.184152820872427,6150300
SLB,2021-08-27,25.924076080322266,26.120199840706846,25.38919108794771,25.38919108794771,7534300
SLB,2021-08-30,25.210895538330078,26.155857884783575,25.175235747724994,26.09345495157708,6887200
SLB,2021-08-31,25.107919692993164,25.510863158014825,24.973603496751227,25.036283477450063,9872700
SLB,2021-09-01,25.054197311401367,25.430278975247997,24.901973740132455,25.13478636136148,9724400
SLB,2021-09-02,25.618322372436523,25.752636895375073,25.26014803406462,25.349691618657598,9514100
SLB,2021-09-03,25.152690887451172,25.743676008759273,25.00942187064323,25.555636064661876,6174700
SLB,2021-09-07,24.91988182067871,25.25119253618447,24.516936586671928,24.731841850076638,8178400
SLB,2021-09-08,23.87222671508789,25.188511676838495,23.81850125139852,25.036288106467197,13279700
SLB,2021-09-09,23.836414337158203,24.391581540880438,23.67523621094788,23.809550746822488,10975000
SLB,2021-09-10,23.979679107666016,24.293079065933448,23.711048376134624,24.21249172516588,7712200
SLB,2021-09-13,25.17060661315918,25.295966609118253,24.400534162777785,24.418443221601038,9877900
SLB,2021-09-14,24.776613235473633,25.510867490473522,24.6691606018119,25.49295843354629,7106200
SLB,2021-09-15,26.18243980407715,26.23616526295574,25.098967559200922,25.25119111594155,11912200
SLB,2021-09-16,25.842178344726562,26.227214531130993,25.573547613143578,25.958583799548013,8079200
SLB,2021-09-17,25.349689483642578,26.20035090377825,25.072105931894782,25.698909263352824,17376500
SLB,2021-09-20,24.400529861450195,24.8124278943645,23.916995605870916,24.50798248754611,10708200
SLB,2021-09-21,24.11399269104004,24.875110505888443,23.854316498014626,24.722886942918763,10499100
SLB,2021-09-22,24.310985565185547,24.901970721314584,24.284123690389727,24.633341725947385,10547600
SLB,2021-09-23,25.86008071899414,26.083938764964284,24.38261795717148,24.463206990352838,13562300
SLB,2021-09-24,25.976490020751953,26.298846180299712,25.5824993488493,25.707859318494986,7414100
SLB,2021-09-27,27.033103942871094,27.436047487825206,26.648067747453684,26.6838841544288,13469000
SLB,2021-09-28,27.677812576293945,28.277752292544672,27.453954498706384,27.5882690036786,19922800
SLB,2021-09-29,27.158466339111328,27.72258803526653,26.98833369415264,27.72258803526653,13176500
SLB,2021-09-30,26.540611267089844,27.176369050868953,26.334662260078904,27.10473453939117,13322800
SLB,2021-10-01,27.185327529907227,28.322525351430606,26.504798717996973,26.71970228366836,12079600
SLB,2021-10-04,27.650951385498047,28.179256630964876,27.445002346187724,27.69572402963186,16285600
SLB,2021-10-05,27.391273498535156,28.376249345120147,27.355455387651343,27.991213192626798,12264600
SLB,2021-10-06,26.80924415588379,27.346503889802214,26.39734440031574,26.943558662387993,12070700
SLB,2021-10-07,27.77631187438965,27.93748997046529,27.35545757732511,27.427092096925207,15928000
SLB,2021-10-08,28.349382400512695,28.61801136868329,27.865849916225358,28.107615304418363,11854100
SLB,2021-10-11,29.065731048583984,29.764170551161683,28.6986039496636,28.913509200257447,16941800
SLB,2021-10-12,29.441816329956055,29.961165311543937,28.85083112149906,29.056780150042815,18377900
SLB,2021-10-13,29.334365844726562,29.486591138926983,28.564295091600297,29.065736790271192,12504100
SLB,2021-10-14,30.014890670776367,30.068617837686627,29.49553830471981,29.78207636330167,8671200
SLB,2021-10-15,30.444704055786133,30.63274405516131,30.2297987594975,30.426794996445096,9352100
SLB,2021-10-18,30.58797264099121,31.017779811108202,30.27457264688624,30.57006358192753,11548300
SLB,2021-10-19,30.92823028564453,31.13417929025733,30.176067069935534,30.802870318993516,10417100
SLB,2021-10-20,31.107315063476562,31.125220700955683,30.26560663824681,30.471555627283145,10818700
SLB,2021-10-21,30.713327407836914,30.99091265234265,30.310382187039284,30.75809833996928,12151400
SLB,2021-10-22,30.364107131958008,30.937183219221865,29.898481957105396,30.310379967850928,12077000
SLB,2021-10-25,30.767059326171875,31.13418649162511,30.471564980029573,30.829739323995327,9768400
SLB,2021-10-26,30.67751693725586,31.331185689262433,30.65961129258534,31.07150943608766,11666500
SLB,2021-10-27,29.137367248535156,30.605875643098784,29.092596317638087,30.328290406252023,13929600
SLB,2021-10-28,29.817899703979492,29.826855941270143,29.101554431893618,29.119463490671226,11364300
SLB,2021-10-29,28.88665008544922,29.71940255887517,28.806061026220778,29.71940255887517,13940600
SLB,2021-11-01,29.817899703979492,30.059666873771665,29.173190667004054,29.325412542908182,8514000
SLB,2021-11-02,29.72835922241211,30.077577345471084,29.4686829816438,29.549272042026935,7293900
SLB,2021-11-03,29.531360626220703,29.880578721416985,28.823968198831345,29.155280651641196,10448800
SLB,2021-11-04,29.683584213256836,30.211889444298986,29.316457080892185,30.10443510131173,12516200
SLB,2021-11-05,30.005939483642578,30.49843005700852,29.934306664846233,30.176073832915783,11279200
SLB,2021-11-08,30.713327407836914,31.017774528461434,30.050709414350298,30.167113154733816,14225900
SLB,2021-11-09,30.570056915283203,30.70437312106755,29.835802732815587,30.6327369004351,10925500
SLB,2021-11-10,29.307498931884766,30.516334593080828,29.092597091540906,30.390971201109885,10311700
SLB,2021-11-11,29.35226821899414,29.6656715576528,29.191090139867512,29.44181349395503,6363900
SLB,2021-11-12,29.334365844726562,29.432863961714407,28.958285851649798,29.08364584934205,7346100
SLB,2021-11-15,29.298547744750977,29.504496776477115,28.850831567310664,29.271682451358274,8358900
SLB,2021-11-16,29.450769424438477,29.862667485358504,29.07468947728628,29.388089433246446,7683800
SLB,2021-11-17,28.70756721496582,29.602999716066147,28.50161644170726,29.110509107817837,9716800
SLB,2021-11-18,28.528472900390625,28.949327163765094,28.027029595429624,28.63592381723832,8860200
SLB,2021-11-19,26.90774154663086,27.94644294033344,26.755517978179533,27.937490119749548,19098700
SLB,2021-11-22,27.16741371154785,27.668855276906736,26.81819569201773,26.871921147045114,12772600
SLB,2021-11-23,27.91958236694336,28.259845925780827,27.597226158011832,27.686769739148563,10914800
SLB,2021-11-24,28.12553596496582,28.59116129599669,27.597230629354264,27.597230629354264,9490500
SLB,2021-11-26,26.59433937072754,26.69283576004919,25.439230910969776,26.19139416199773,12412300
SLB,2021-11-29,26.549564361572266,27.525585595217404,26.442113454105694,27.2569566186496,12588500
SLB,2021-11-30,25.78972816467285,26.401200369546334,25.483992062236112,26.00554158136951,39947700
SLB,2021-12-01,25.51995849609375,26.940731352653646,25.483990453148323,26.599027226576,14888300
SLB,2021-12-02,26.3652286529541,26.518096692829992,25.232207013014985,25.591896014154596,12517300
SLB,2021-12-03,26.29328727722168,26.931736668165556,25.906621010402915,26.823829124931304,9816300
SLB,2021-12-06,26.98569107055664,27.363364920008024,26.41018871525256,26.75189280993128,8977600
SLB,2021-12-07,27.66010856628418,27.983829499059176,27.282434716424117,27.426310305405824,9153800
SLB,2021-12-08,27.929874420166016,28.118712199642165,27.579177892023246,27.803983710603436,8963300
SLB,2021-12-09,27.534221649169922,27.64212749821044,27.22848555166755,27.45329140482326,6726700
SLB,2021-12-10,27.866931915283203,28.028792395635275,27.33638999196585,27.956854594937962,7445900
SLB,2021-12-13,26.823833465576172,27.660111486788814,26.608020059316857,27.480266124006473,8387000
SLB,2021-12-14,26.67995834350586,27.228485166284546,26.581043220674946,26.697943223135578,8515900
SLB,2021-12-15,26.356233596801758,26.67096208472632,25.6548405429992,26.608016730167865,9370000
SLB,2021-12-16,26.706933975219727,27.39034220663609,26.599026419393116,26.7159246993339,8547600
SLB,2021-12-17,26.05049705505371,26.634993542351975,25.753753449792054,26.599023788922807,17089100
SLB,2021-12-20,25.60088539123535,25.672823182858185,24.86352259831826,25.268173748154343,10479400
SLB,2021-12-21,26.482131958007812,26.617015135891066,25.91562020971242,26.032520221641857,8440200
SLB,2021-12-22,26.52708625793457,26.751892073679777,26.104451941781193,26.446156027055714,9699500
SLB,2021-12-23,26.59003257751465,26.868791318924544,26.464141864968052,26.52708722124135,7160100
SLB,2021-12-27,26.83282470703125,26.850809585532883,26.041507204283565,26.53608107228397,6891400
SLB,2021-12-28,27.07561683654785,27.19251512265347,26.70693538365685,26.796856350600017,7146300
SLB,2021-12-29,26.661972045898438,27.021661043700618,26.536081325450784,26.931740080599397,6817700
SLB,2021-12-30,26.814838409423828,27.021659355849895,26.65297794174001,26.706932574389498,7205000
SLB,2021-12-31,26.931739807128906,27.12057588588291,26.5180961775073,26.590033976337264,7785200
SLB,2022-01-03,28.523359298706055,28.74816509880184,26.958711135855225,27.03964136110028,18781000
SLB,2022-01-04,29.908161163330078,30.150951831173877,28.89204144971408,28.9010321721094,17954000
SLB,2022-01-05,29.908161163330078,30.636533166861483,29.89017971853943,30.23188205378848,15846900
SLB,2022-01-06,30.618553161621094,30.95126482739189,30.070026391131716,30.90630434773606,11163900
SLB,2022-01-07,31.49979591369629,31.59871104065039,30.57359687088093,30.591581751260332,14324300
SLB,2022-01-10,31.58072280883789,31.823513522796386,31.00522041883175,31.445841365704165,15515600
SLB,2022-01-11,32.80366134643555,32.848621819590576,31.679632366238614,31.832502091282795,15432500
SLB,2022-01-12,32.776695251464844,33.05545232400396,32.32708352903121,32.83964061818433,13196800
SLB,2022-01-13,32.524898529052734,33.379161177140375,32.399007841384574,32.79466820864334,12799600
SLB,2022-01-14,33.9996337890625,34.08056402227613,32.488938389251196,32.57885934603762,17414000
SLB,2022-01-18,33.756839752197266,34.647068799273896,33.26226767823644,34.2693967017903,19101100
SLB,2022-01-19,33.361183166503906,34.161494787531694,32.938550546707965,34.017619196273884,11154600
SLB,2022-01-20,33.316219329833984,34.46722737416366,32.97451354868421,32.97451354868421,14720200
SLB,2022-01-21,32.69575500488281,33.81078981455892,32.08428297495817,33.76582934211885,15762200
SLB,2022-01-24,32.91156768798828,32.983507190384195,31.185060793657744,31.733587493501595,17956500
SLB,2022-01-25,34.8808708190918,35.06970687902306,32.15622202898785,32.83063946896906,24167100
SLB,2022-01-26,35.789085388183594,36.220712145286356,34.5481563175978,35.12366209066603,25985100
SLB,2022-01-27,34.94382095336914,36.90412818820898,34.36831854135468,36.20273162208452,24350400
SLB,2022-01-28,35.681182861328125,36.274670136097335,34.79095023404188,34.997771193251545,18155000
SLB,2022-01-31,35.132659912109375,35.59126579249304,34.73700282906083,35.27653552687842,16444600
SLB,2022-02-01,35.53730392456055,35.8430399725605,34.56614114964381,34.86288647428988,18792000
SLB,2022-02-02,35.29451370239258,35.582264877264805,34.74598695333472,35.582264877264805,16356600
SLB,2022-02-03,34.69203567504883,35.45637408843402,34.539165934213045,35.45637408843402,12302100
SLB,2022-02-04,34.629093170166016,35.60924685712049,34.629093170166016,35.087699045581836,19955400
SLB,2022-02-07,36.21172332763672,36.76025009894649,34.20645574565808,34.386301094815096,20523700
SLB,2022-02-08,35.08870315551758,36.207209974247114,34.80005601255864,36.12602775023083,13575900
SLB,2022-02-09,35.539710998535156,35.828358111053724,35.052617705805694,35.18791910426721,12472500
SLB,2022-02-10,35.33224868774414,36.58606388275328,35.12478375528969,35.34127084708097,11082700
SLB,2022-02-11,36.64018630981445,36.74843158573945,35.26009173075669,35.548738917998236,15533600
SLB,2022-02-14,35.44951248168945,36.46879970169271,35.178906199116135,36.44174010571905,12804400
SLB,2022-02-15,36.162105560302734,36.243287775467095,34.38511898445227,34.67376609593778,14924600
SLB,2022-02-16,37.6053466796875,38.46226942406529,36.667245149083726,36.6852825853925,21249800
SLB,2022-02-17,37.082176208496094,37.479065198154984,36.8115699227766,37.06413533065538,9526500
SLB,2022-02-18,36.27035140991211,37.08217365204916,35.81933981782384,36.5229202413244,11301500
SLB,2022-02-22,35.67502212524414,37.48809095116251,35.1428282212365,37.37082695442973,20930000
SLB,2022-02-23,35.84640121459961,36.42369547553236,35.530691050002176,35.900520400971295,9462300
SLB,2022-02-24,34.565521240234375,36.06287928933319,33.63643864715674,35.846395695288244,21602400
SLB,2022-02-25,35.58481979370117,35.72012122383145,34.538472905676294,34.67377433580657,11382000
SLB,2022-02-28,35.39539337158203,35.422452967618256,34.249823446458855,35.070664455365,14946300
SLB,2022-03-01,33.979217529296875,36.00877004209591,33.07719419027508,35.75620460827252,20586200
SLB,2022-03-02,35.39539337158203,35.60285830339945,34.44826621896715,34.791036012856864,16209100
SLB,2022-03-03,34.74593734741211,35.0255658044728,33.8439140625082,34.84516045930286,22756100
SLB,2022-03-04,35.12478256225586,35.2420465430326,34.006275708670806,34.41218684140146,22922900
SLB,2022-03-07,37.97517395019531,39.147806819924135,35.52167327606473,35.620896374975196,29778900
SLB,2022-03-08,40.6632080078125,41.73661439027507,38.8320985494469,38.8320985494469,41068100
SLB,2022-03-09,38.39011001586914,39.94158763600411,37.4339641506307,39.13878750959007,30347200
SLB,2022-03-10,39.14780044555664,39.436447536689755,37.96614905058095,38.877190786792696,15498300
SLB,2022-03-11,38.696800231933594,39.41841817042147,38.281866906475535,38.49835400849477,13251200
SLB,2022-03-14,37.479068756103516,37.94812130165318,36.838633016215795,37.94812130165318,14389400
SLB,2022-03-15,35.41343688964844,36.5770478922643,34.89928383099421,35.91857122839039,17239000
SLB,2022-03-16,34.16864013671875,35.972686555581156,33.916071298235096,35.51265279184178,27499200
SLB,2022-03-17,35.63893127441406,35.936600549964986,34.55650630390725,34.95339523036341,37986300
SLB,2022-03-18,35.83738327026367,36.34251752844984,35.305189415709805,35.5848178616434,28267600
SLB,2022-03-21,37.154335021972656,37.42494473948297,36.54998111900941,36.68528253681907,19283700
SLB,2022-03-22,37.163368225097656,37.894005044855376,36.8656988237545,37.163368225097656,15467100
SLB,2022-03-23,38.254798889160156,38.66972868234602,37.87595084519349,37.993211368738415,19967500
SLB,2022-03-24,38.4622688293457,39.43645554034025,38.16460296161656,38.32696741344898,16281400
SLB,2022-03-25,39.40037536621094,39.41841624390963,38.128522736490275,38.30892807253166,12252900
SLB,2022-03-28,37.64143371582031,38.46227482086515,37.37984612034715,38.426193061293816,13984200
SLB,2022-03-29,38.453250885009766,38.60659318096705,36.25231202297424,36.522921742103236,13207500
SLB,2022-03-30,38.07439422607422,39.19290438411652,37.839869734084495,38.63365102556789,10201700
SLB,2022-03-31,37.26258087158203,38.25480504824486,37.199439520755064,37.605347221515416,11618700
SLB,2022-04-01,37.6053466796875,38.308927128822205,37.145316353012745,37.163357230267025,12210600
SLB,2022-04-04,37.479068756103516,38.12852665624089,36.74843205939491,37.812816425475916,10618200
SLB,2022-04-05,36.4958610534668,38.20970666045948,36.42370098041692,37.406906492459846,10473900
SLB,2022-04-06,36.784507751464844,37.28964202005909,36.369577874197624,36.95589437451334,8726600
SLB,2022-04-07,36.955894470214844,37.39788394555191,35.84640626111202,36.99197278589339,8895800
SLB,2022-04-08,38.3810920715332,38.534437827197664,37.082179712764926,37.28062594682036,10526400
SLB,2022-04-11,37.280616760253906,38.46226483127108,37.22649413495389,38.46226483127108,7999000
SLB,2022-04-12,37.46101760864258,38.70581042906475,37.25355271206305,37.87595084274663,8112800
SLB,2022-04-13,38.39912796020508,38.48932890526329,37.44298211423873,37.975175948351385,8596100
SLB,2022-04-14,39.012508392333984,39.210954622831196,38.01126196165569,38.2097081921529,10714500
SLB,2022-04-18,39.40037536621094,40.0859115140335,38.92230415050501,39.2831113816422,11127900
SLB,2022-04-19,39.174869537353516,40.149052845990525,38.786999269384026,38.90426325389576,10033700
SLB,2022-04-20,38.49834060668945,39.57174670146353,37.686518557906,39.301140498850565,11945100
SLB,2022-04-21,36.66725158691406,39.17487546945926,36.18917685810186,39.09369322803425,18181500
SLB,2022-04-22,37.56926727294922,39.228990081648035,35.80129920387443,36.05386803713963,20746000
SLB,2022-04-25,34.8992805480957,36.10799191846449,33.329761919091155,36.080932320326916,23976100
SLB,2022-04-26,35.6660041809082,36.64920977269472,34.29492827230112,34.998505386093775,19941000
SLB,2022-04-27,36.03583526611328,36.49586568287897,35.440499963915585,36.216240633040556,10619400
SLB,2022-04-28,36.18015670776367,36.52292654033203,34.763980339638124,36.40566254270018,11502600
SLB,2022-04-29,35.187923431396484,36.90176888355737,35.02556242146581,36.54998038697429,10611900
SLB,2022-05-02,35.27812576293945,35.64795511487156,34.43022180415959,34.58356752815083,11445200
SLB,2022-05-03,36.21623611450195,36.52292416773037,35.09772573186134,35.169889246007195,8876500
SLB,2022-05-04,38.42619323730469,38.50737547623904,36.48684510423335,37.24454485397198,11713700
SLB,2022-05-05,37.9571418762207,39.174871947160945,37.36180319866811,39.003488759982524,16281500
SLB,2022-05-06,38.814056396484375,39.32820933463251,37.44298074777423,38.40814871759033,12396000
SLB,2022-05-09,34.31296157836914,38.03831472412724,34.303939419906534,37.74064887282101,14845900
SLB,2022-05-10,34.17765808105469,35.31420922613727,33.33877623999933,34.700833182334534,11063400
SLB,2022-05-11,34.61063003540039,36.017787499270554,34.51140693051303,34.655730508273145,11569100
SLB,2022-05-12,35.20596694946289,35.24204870590791,33.447024334589344,34.25884320892813,13434300
SLB,2022-05-13,36.74843215942383,36.829614397161976,35.69306306882789,35.80130490549677,9798900
SLB,2022-05-16,38.01125717163086,38.408149582610505,36.802545943634144,36.856668574480125,10181600
SLB,2022-05-17,38.741905212402344,39.17487602583624,38.2548117569344,38.354034880190405,9936900
SLB,2022-05-18,37.100215911865234,39.2560508518726,36.549981198451704,39.09368639739171,9734900
SLB,2022-05-19,36.84764862060547,37.36180160110168,36.089948948145945,36.11701198566119,12123900
SLB,2022-05-20,37.091190338134766,37.948113004352,36.46879561388614,37.33473699743515,9870700
SLB,2022-05-23,39.517635345458984,39.67999978734518,37.39787888347598,37.80378998819147,13288000
SLB,2022-05-24,39.598819732666016,39.86942600363152,38.299904126518925,38.75993788401116,11259800
SLB,2022-05-25,40.63614273071289,40.87067067959374,39.30114886482555,39.418412839265976,17205000
SLB,2022-05-26,42.1154670715332,42.467259052546844,40.96087833675774,41.04206057223075,16282900
SLB,2022-05-27,43.486541748046875,43.67596581208742,41.61033510436506,41.72759565394497,13950700
SLB,2022-05-31,41.60801696777344,44.07951108304984,41.128204116573144,44.07951108304984,28706600
SLB,2022-06-01,42.25984573364258,42.84829826214929,41.64423502653699,42.58575769075513,15207500
SLB,2022-06-02,41.91582107543945,42.4318471146404,41.571802564811826,42.28699776071524,8155100
SLB,2022-06-03,42.975032806396484,43.21041170064906,41.942980775438315,42.01540372233109,8854400
SLB,2022-06-06,42.74871063232422,43.45485085358091,42.440905300638775,43.264736709931995,6697000
SLB,2022-06-07,44.296791076660156,44.43258887374979,42.43185239116718,42.54954358507944,14735800
SLB,2022-06-08,44.876190185546875,45.1115725818745,43.52728100817681,44.3601640635353,15101200
SLB,2022-06-09,43.58159637451172,44.505012428015704,43.54538316767278,44.17004889845925,11473800
SLB,2022-06-10,42.739662170410156,43.34622135256881,42.11499983667823,42.703448960300015,11294000
SLB,2022-06-13,40.123321533203125,41.245906966177415,39.42623272092199,41.02863114081778,12470100
SLB,2022-06-14,39.127471923828125,41.110098193138164,38.4846996489907,40.77513469452001,13488800
SLB,2022-06-15,37.588443756103516,39.46243379093509,37.25348027133389,39.46243379093509,15091800
SLB,2022-06-16,34.8363037109375,36.80987838932811,34.691454351674025,36.69218720571368,21591700
SLB,2022-06-17,33.170536041259766,35.44286458139053,33.01663510010577,34.94494164593628,32283000
SLB,2022-06-21,35.14411926269531,35.55150928344167,34.048695448507885,34.30218103764689,18172900
SLB,2022-06-22,33.96720504760742,34.691451790454735,32.67261248386996,33.016630981777766,17335000
SLB,2022-06-23,31.667722702026367,34.18448175310773,31.115483410160294,34.103003768185175,28165700
SLB,2022-06-24,31.74014663696289,33.04379084057057,31.378021520331338,31.8849959929193,22910700
SLB,2022-06-27,32.49155044555664,32.573028421250356,31.613399313466697,32.39196586932199,29428500
SLB,2022-06-28,33.46929168701172,34.15732535390783,33.01663695909858,33.32444231221877,13896200
SLB,2022-06-29,32.75408935546875,34.066788475264566,32.545868639753394,33.96720390394836,12475300
SLB,2022-06-30,32.373863220214844,33.442128608151656,31.975528320137915,32.01174152563983,15332400
SLB,2022-07-01,32.2742805480957,32.62735065121934,30.88010328400852,32.55492424366516,10823800
SLB,2022-07-05,30.173961639404297,31.82162434442659,29.603615794287034,31.260330073081523,17642100
SLB,2022-07-06,29.630775451660156,30.43650024346031,28.634934793061632,29.775624813630056,13030900
SLB,2022-07-07,31.124540328979492,31.622459843318165,30.581352578670597,30.72620195472333,10077500
SLB,2022-07-08,31.070215225219727,31.884994985147898,30.671880372299814,31.604347855954654,11027700
SLB,2022-07-11,30.21017837524414,30.75336617119693,29.94764123335621,30.436505760187348,8918700
SLB,2022-07-12,29.630775451660156,30.038165361413377,29.05137800378055,29.123800958024898,10281400
SLB,2022-07-13,29.232440948486328,30.264493097583152,28.988006999466357,29.13285636331361,9137200
SLB,2022-07-14,28.36334228515625,28.462926867683386,27.74773164178955,28.06459026431542,14827800
SLB,2022-07-15,29.241497039794922,29.29581685468395,28.372400722461148,29.024224687202366,10672600
SLB,2022-07-18,29.992900848388672,30.391235733955895,29.784680104559357,30.056272228967973,11493100
SLB,2022-07-19,30.979692459106445,31.088328633057316,29.947640172868915,29.947640172868915,10867200
SLB,2022-07-20,30.90726089477539,31.006845476600283,30.11058769365737,30.373128236017337,9984500
SLB,2022-07-21,30.4455623626709,30.454613939004325,29.205285742589567,29.85710975002022,14583000
SLB,2022-07-22,31.749197006225586,33.034738013360325,31.550027854286743,32.05700230763974,19748000
SLB,2022-07-25,32.74503707885742,32.82651505736956,31.69487838552382,32.27427926243293,13120000
SLB,2022-07-26,32.22901153564453,33.596030590513216,31.731092082959563,33.31538344826335,17232100
SLB,2022-07-27,32.889892578125,33.152429682819445,32.17469731419015,32.62735201994922,11075300
SLB,2022-07-28,32.32859420776367,33.405914482778705,31.90310118600463,33.17053213131286,10292800
SLB,2022-07-29,33.52360916137695,33.67751356980699,32.39197230387995,32.82652044274101,12313200
SLB,2022-08-01,32.95326614379883,33.29728125646008,32.02985006845647,32.808416766498944,12620600
SLB,2022-08-02,33.215797424316406,33.659400506865445,32.88988897281945,33.04378989823626,9987500
SLB,2022-08-03,32.17469787597656,33.53266201696451,32.02079347752093,33.414970824437425,11558500
SLB,2022-08-04,30.735254287719727,32.02984698354884,30.599456498682063,31.957420575133764,11744100
SLB,2022-08-05,31.378023147583008,31.803519663669004,30.264493018393186,30.336915973386688,6863400
SLB,2022-08-08,31.368974685668945,31.830680998321206,31.23317688304568,31.40518444001778,6053100
SLB,2022-08-09,31.676773071289062,32.02078810949473,31.368967779460274,31.90310039017844,7616100
SLB,2022-08-10,31.613399505615234,31.930259836786,30.617560644177875,31.676774334634153,13302600
SLB,2022-08-11,33.39686584472656,33.777097618494665,32.219964222696696,32.229015797878084,13140900
SLB,2022-08-12,33.623191833496094,33.70466982071302,32.81746698961835,33.12527233538437,6642800
SLB,2022-08-15,32.373863220214844,32.61829717713069,31.712987760471112,32.355760070945244,7639400
SLB,2022-08-16,32.210914611816406,33.14338231903415,31.948374020285385,32.573036350341674,9698300
SLB,2022-08-17,32.04794692993164,32.42817513470129,31.550024109189696,31.89404257075308,7703300
SLB,2022-08-18,33.614139556884766,33.704669117021744,32.563980773281614,32.62735215607376,10758700
SLB,2022-08-19,33.60508728027344,34.012477241208494,33.14338096020146,33.36970833255631,12893900
SLB,2022-08-22,33.42402648925781,33.876681258311564,32.67262136843913,33.233912315090876,9126300
SLB,2022-08-23,35.63298416137695,35.81404676065472,34.00342767484071,34.139222034187654,15983600
SLB,2022-08-24,36.13090133666992,36.302908895225954,35.433812620182394,35.433812620182394,11498400
SLB,2022-08-25,36.36627960205078,37.027158551485385,36.23048525420049,36.32101481943402,12737900
SLB,2022-08-26,35.68729782104492,36.4568129463279,35.48813208505629,36.139952558217885,8944200
SLB,2022-08-29,36.556396484375,36.972838001701014,35.361388289059455,35.57866062267239,11663700
SLB,2022-08-30,35.017364501953125,35.94078041560011,34.60997462042049,35.87740903997069,12149300
SLB,2022-08-31,34.53754806518555,35.45190885628662,33.76803315741634,34.193529595200715,12383000
SLB,2022-09-01,33.360652923583984,34.247859252169555,32.98042460003153,33.994370249652995,10516700
SLB,2022-09-02,34.46513366699219,34.972108249048674,33.94005593332815,34.49229184788532,11375100
SLB,2022-09-06,33.97856140136719,35.04266348845282,33.77847240608045,34.77891391308361,10785100
SLB,2022-09-07,33.705711364746094,33.81484922800318,32.73255703291427,33.14182488748588,11759900
SLB,2022-09-08,34.71524429321289,35.02447114474628,33.80575396157707,34.00584294475464,14681800
SLB,2022-09-09,36.06128692626953,36.261372406110794,35.16089012397992,35.51559073810229,9628600
SLB,2022-09-12,36.516029357910156,36.81615929054771,36.00671364656743,36.406888046560645,8935200
SLB,2022-09-13,34.98808288574219,36.443265559338855,34.76980374998811,35.988520540161254,11124100
SLB,2022-09-14,36.59788513183594,36.788877230512554,35.451925600917065,35.451925600917065,9958200
SLB,2022-09-15,36.043094635009766,36.41598544758418,35.60653979122237,35.79753188486132,9945700
SLB,2022-09-16,34.89713668823242,35.81572369851645,34.23320928356942,35.74296281993054,16890300
SLB,2022-09-19,35.44282531738281,35.497392495265736,33.7329831986635,33.80574059231703,7377600
SLB,2022-09-20,35.01537322998047,35.2427457834219,34.597008564311395,35.20636534220811,9360500
SLB,2022-09-21,34.17864227294922,35.86119770061382,34.15135520862186,35.57016112360621,9153000
SLB,2022-09-22,34.769805908203125,35.233647799435985,34.41510532633645,34.651571224437774,12875000
SLB,2022-09-23,31.832155227661133,33.160010013066184,31.268272306497135,32.96901791436331,17421000
SLB,2022-09-26,30.795339584350586,32.150478077192545,30.740768921836796,31.786684068723574,12006400
SLB,2022-09-27,30.90447425842285,32.1050009546965,30.79533641406057,31.468357168629076,12712500
SLB,2022-09-28,32.23232650756836,32.41422521362443,31.013609687250717,31.295552855109086,12205400
SLB,2022-09-29,32.7143669128418,32.75074388775421,31.19551632112672,31.968585150970245,12191700
SLB,2022-09-30,32.650699615478516,33.29643682575887,32.077719817200986,32.259618551352716,15329800
SLB,2022-10-03,34.833473205566406,35.04265553066759,33.94217324535846,34.17864263507611,13978200
SLB,2022-10-04,35.57925033569336,36.234084292054284,35.09722171194394,35.624724145011925,16268000
SLB,2022-10-05,37.80751037597656,38.144020805589946,35.58835535856254,35.58835535856254,28104400
SLB,2022-10-06,38.64423751831055,38.962557679070535,37.48918462587787,37.63470290928665,16403000
SLB,2022-10-07,38.73518753051758,39.21721622348443,37.90755159212915,38.680616869841614,15953800
SLB,2022-10-10,38.31682205200195,39.126267752808225,37.8256965247387,38.49872078092497,10380600
SLB,2022-10-11,37.98030471801758,38.46233682602314,37.38004139603293,37.53465651578697,10474800
SLB,2022-10-12,38.216773986816406,38.4987171636275,37.470992390791565,37.74383872382491,11271700
SLB,2022-10-13,40.190364837646484,40.317696361429164,37.998493913540536,38.025780974780034,16364400
SLB,2022-10-14,38.34410858154297,40.10851840743958,38.28044454196211,39.5992060907927,11504700
SLB,2022-10-17,38.980751037597656,39.48096996026253,38.38958101208383,39.108079112156375,10330300
SLB,2022-10-18,39.43549728393555,39.99028688435301,38.70790578725277,39.49006447779305,9734500
SLB,2022-10-19,41.35451889038086,41.49094033339922,39.87204895079307,40.01756723833711,16869400
SLB,2022-10-20,41.554603576660156,42.04572908881228,41.14533578596296,41.83654677128739,15915700
SLB,2022-10-21,45.8474006652832,45.965635362264656,42.55504712550159,42.718755638420596,35351400
SLB,2022-10-24,47.42991256713867,47.757326105829755,45.16528057392382,45.529078020597794,27296600
SLB,2022-10-25,47.72095489501953,47.91194701632638,46.57499522831845,47.19344888063301,18932500
SLB,2022-10-26,47.45719528198242,49.01242257230846,47.42081484410322,48.13931287978467,18232500
SLB,2022-10-27,47.00244903564453,48.74866837681092,46.8387405387315,48.20297570005378,18298200
SLB,2022-10-28,45.883785247802734,47.0297414722532,45.26533158081991,46.42038465093694,15772800
SLB,2022-10-31,47.32076644897461,47.67546701529751,45.483596121638534,45.483596121638534,16663800
SLB,2022-11-01,46.884220123291016,48.14841097333987,46.83874630620009,47.930135263531504,11932200
SLB,2022-11-02,46.511329650878906,47.639099058840344,46.111155200017684,46.629564351822175,11892300
SLB,2022-11-03,47.11159133911133,47.41172476835439,45.92925478120391,46.02929925761826,15764600
SLB,2022-11-04,48.29392623901367,49.13975236765864,47.502670769111155,48.521298779629426,16764500
SLB,2022-11-07,49.849159240722656,50.12200560754676,48.03017883598893,48.20298072544391,19928100
SLB,2022-11-08,49.740013122558594,50.13109414942302,49.27617469062351,49.84915443430875,15249600
SLB,2022-11-09,48.266639709472656,49.19432003510827,48.01198358968503,49.19432003510827,21809000
SLB,2022-11-10,48.29392623901367,49.25798706021913,47.7027597150705,48.92147667154811,13088700
SLB,2022-11-11,49.85824966430664,50.258424080660745,49.26707967999687,49.28526989929882,14725000
SLB,2022-11-14,49.17612838745117,50.96782495670427,48.994229677419554,49.67634723796614,9089200
SLB,2022-11-15,49.7218132019043,50.02194654650916,48.730472500997834,49.52172777492983,9513400
SLB,2022-11-16,48.19388198852539,49.66725498101046,47.848274778633545,49.248890367126826,13414600
SLB,2022-11-17,48.048362731933594,48.07564632419582,46.765978384739384,47.29348429800474,9868200
SLB,2022-11-18,48.6031494140625,48.757764534272056,46.274856991955645,47.15706002464422,12140200
SLB,2022-11-21,47.5390510559082,47.921035257592166,44.43768975062653,46.60227730179119,18814400
SLB,2022-11-22,48.785057067871094,48.90329177329709,47.138881915122234,48.221174077226344,8969800
SLB,2022-11-23,46.7659797668457,48.1029313380762,46.43856624173465,47.702756938876405,10463200
SLB,2022-11-25,46.2293815612793,46.85692845566874,45.95653176687329,46.511321260335926,4951900
SLB,2022-11-28,45.3653678894043,46.22938419219287,44.63777649158266,45.02885404900036,15397500
SLB,2022-11-29,46.42947006225586,46.7386968426998,45.4108420964409,46.02019881322278,10809300
SLB,2022-11-30,46.884220123291016,47.202543781787185,45.91106586593989,46.911507189089455,19230300
SLB,2022-12-01,47.0752067565918,47.96651012107839,46.802360416379116,47.58452246923707,8152900
SLB,2022-12-02,48.01197814941406,48.093832388560756,46.64774314325519,46.83873521145446,9378600
SLB,2022-12-05,46.72960662841797,49.27617844989865,46.338525571718,48.68500844248808,12047000
SLB,2022-12-06,46.43301773071289,47.5463856551486,46.06797689829265,46.48777141867476,12311000
SLB,2022-12-07,45.44740295410156,47.272599887850916,45.219253337382895,46.524269423516635,9700900
SLB,2022-12-08,45.55691146850586,47.10832947921011,45.173621803013056,46.46038543633227,9367800
SLB,2022-12-09,42.86475372314453,46.113602235774664,42.736990486978684,45.556916579948826,16079900
SLB,2022-12-12,44.80859375,44.90898016170413,42.892137916460456,42.946895090468445,11416900
SLB,2022-12-13,46.58815002441406,46.88930918295027,45.58429312520031,45.85807196305072,11659700
SLB,2022-12-14,46.022342681884766,47.05357996272924,45.57516788464839,46.843682725263015,10212200
SLB,2022-12-15,45.73031234741211,46.04059598314609,45.03673552340105,45.73943680083646,11048100
SLB,2022-12-16,45.064109802246094,45.137115863710534,44.03287263925055,44.67169221317575,22945200
SLB,2022-12-19,45.474788665771484,46.12273281854821,45.10061990796509,45.59342397400117,7447000
SLB,2022-12-20,47.23609161376953,47.53725075654188,45.46565197247438,45.584290739138034,11496100
SLB,2022-12-21,48.65062713623047,48.906153601420115,47.38211230091349,48.230829181764214,9019500
SLB,2022-12-22,46.898433685302734,48.85139380699972,45.74856117259901,48.65974896843023,7574500
SLB,2022-12-23,48.35859298706055,48.36771743971695,46.889308938017976,47.63763938216726,8082300
SLB,2022-12-27,48.82401657104492,49.16167701929933,48.17607251374175,48.67800095980355,6200900
SLB,2022-12-28,48.0026741027832,48.95177726747658,47.44599200706144,48.70537528349157,7192700
SLB,2022-12-29,48.28558349609375,48.51373310692037,47.509876211797966,47.82928427444052,5200000
SLB,2022-12-30,48.78751754760742,48.86965155619075,47.82016531461171,47.929676165627086,4629800
SLB,2023-01-03,46.99882125854492,48.90615220226939,45.95845955856556,48.23995573616483,8487800
SLB,2023-01-04,47.181339263916016,47.48249493386602,45.80331369278686,46.04971568526598,9069800
SLB,2023-01-05,48.06655502319336,48.55935898410319,47.14483219078338,47.14483219078338,6622100
SLB,2023-01-06,49.73661422729492,49.919134608790046,48.6414954196109,48.778386576053926,10171800
SLB,2023-01-09,50.776981353759766,51.361043852521085,50.28417731494724,50.44844532788475,12104300
SLB,2023-01-10,51.069007873535156,51.26065271045127,50.14728498078142,50.74047187808653,7080300
SLB,2023-01-11,51.39754104614258,51.78995863234432,50.85910785679273,51.059880616603834,8856900
SLB,2023-01-12,52.93071365356445,53.487399302444075,51.26978464155901,51.31541387086502,12857100
SLB,2023-01-13,53.18622970581055,53.40525483738364,52.31926407493656,52.92157883515461,7345000
SLB,2023-01-17,53.350502014160156,53.77942437927254,52.894202810861586,53.0675987361385,8467200
SLB,2023-01-18,52.136756896972656,54.253985285361544,52.04549495186876,53.788558068549804,11332700
SLB,2023-01-19,52.36490249633789,52.875955424328225,51.29716044939655,51.370169999844876,15283700
SLB,2023-01-20,52.337520599365234,53.83418500693624,51.30628683996633,52.46528730880511,19204800
SLB,2023-01-23,50.977752685546875,52.656934062115134,50.402814656705225,52.47441366614939,15090600
SLB,2023-01-24,50.62183380126953,51.507051872188995,49.3441946629074,49.3441946629074,8784400
SLB,2023-01-25,51.33367156982422,51.56182122124566,49.5267267483209,50.32981449608484,9053000
SLB,2023-01-26,52.4470329284668,52.52003899265665,50.466692523498416,51.671322173568306,8581500
SLB,2023-01-27,51.99073028564453,53.021963937867504,51.65306638200566,52.31013832283103,7669500
SLB,2023-01-30,51.41578674316406,51.86296142785714,51.21501400947091,51.68044107734392,6181100
SLB,2023-01-31,51.99985885620117,52.41965330440627,51.08726041334481,51.36103924994436,5951900
SLB,2023-02-01,50.83173370361328,52.419653036548695,50.192914100620754,51.93597697831811,10454000
SLB,2023-02-02,47.71977233886719,50.43018728589657,47.42774112222622,50.43018728589657,17007600
SLB,2023-02-03,48.039180755615234,49.89175445286148,47.95704675773656,48.20344875137258,10737000
SLB,2023-02-06,48.449859619140625,48.714514047589276,47.628519489916314,48.185205190691974,6482100
SLB,2023-02-07,49.41261291503906,49.632674339632764,48.358161395287986,48.99999993002444,9109700
SLB,2023-02-08,50.16448974609375,50.54959640948898,49.28425094084479,49.513480014988254,7939900
SLB,2023-02-09,49.36677169799805,50.19199773310195,49.27508147087892,49.93525880120409,7116500
SLB,2023-02-10,51.677391052246094,51.73240377871969,49.9535878350086,50.21949433882193,9410700
SLB,2023-02-13,52.5484733581543,52.5943184726831,50.65045693504613,51.25562154099717,8964200
SLB,2023-02-14,52.09918212890625,52.99775965286682,51.448172417326354,51.72324659849665,7437300
SLB,2023-02-15,51.338138580322266,51.622380358238985,50.44872876430701,51.484845029563765,7077200
SLB,2023-02-16,51.14558029174805,51.888283611588534,50.8154899273745,51.34730295836687,5089700
SLB,2023-02-17,48.90830993652344,50.48540690976493,48.715758375211216,50.43039067892243,9162900
SLB,2023-02-21,48.96332931518555,50.054458397193784,48.84412922290901,48.87163559121978,7422100
SLB,2023-02-22,48.05557632446289,49.45845694512495,47.716318320972626,48.74326345188666,9181100
SLB,2023-02-23,48.88996887207031,49.531810877066754,48.47735590473278,49.128369029979794,6324500
SLB,2023-02-24,49.440120697021484,49.632675760713326,47.8630271836825,48.41317551428204,8458700
SLB,2023-02-27,49.88024139404297,49.999437978586556,48.95415409715734,49.54097989039777,6287000
SLB,2023-02-28,48.78910446166992,50.69629161374423,48.77993683975453,50.4212174854374,10634200
SLB,2023-03-01,50.32952880859375,50.577096598144735,48.70658674226462,48.8257868256242,7166500
SLB,2023-03-02,50.70546340942383,50.8705085995449,49.55931819900395,50.08196013513481,5668300
SLB,2023-03-03,51.338138580322266,51.475673908997486,49.68768665415836,49.962764307024116,6726500
SLB,2023-03-06,50.751312255859375,51.09974140485914,50.37537673906626,50.86134472254847,6116600
SLB,2023-03-07,49.550148010253906,50.494570495448144,49.513470525958084,50.44872538895707,6908500
SLB,2023-03-08,49.09169006347656,49.75186729354262,47.9730512741662,49.24756412545853,7555000
SLB,2023-03-09,47.85386276245117,49.91692453767055,47.771340151532065,49.421792369914186,8844300
SLB,2023-03-10,46.762725830078125,48.55071310548559,46.450974184633964,47.468751718223956,8608400
SLB,2023-03-13,44.78219223022461,46.2951055242709,44.30539533451159,45.268156749923726,10914700
SLB,2023-03-14,45.25898361206055,46.66186426081297,44.42459002065599,45.15812227171093,10345900
SLB,2023-03-15,41.55464553833008,43.05838767819822,41.00449716932008,42.88417484415526,18103300
SLB,2023-03-16,42.34319305419922,42.664112345244,40.41767031241467,40.65606700036823,16769500
SLB,2023-03-17,40.96782302856445,42.178152337560746,40.68357769927051,42.132307219354196,20723800
SLB,2023-03-20,42.3798713684082,42.68245192045702,40.986158210064715,41.160371043198396,10496100
SLB,2023-03-21,44.268707275390625,44.61713636557409,43.57185259278097,44.00280427017216,10486500
SLB,2023-03-22,43.46183395385742,44.84637602576535,43.36097260136754,44.516285598619596,11557000
SLB,2023-03-23,41.70134735107422,43.86527009055493,41.297905491991806,43.49850222029264,12213400
SLB,2023-03-24,40.86695098876953,41.26122519826241,40.17926390213182,40.53686062754225,19753600
SLB,2023-03-27,42.88417053222656,43.030876982395355,41.45378001976262,41.829715516929994,10579800
SLB,2023-03-28,43.681888580322266,43.892778893214995,42.6457722624077,42.88417244063971,6816200
SLB,2023-03-29,44.65381622314453,44.74550643702634,44.03948059731256,44.24120326516148,9569700
SLB,2023-03-30,44.69049835205078,45.4148595116108,44.46126929576725,45.28649179973328,7353600
SLB,2023-03-31,45.02057647705078,45.36900555403864,44.580457194530034,44.791347465461406,8154000
SLB,2023-04-03,47.98223114013672,49.33926682976166,47.6521407160575,47.92721490353749,20003400
SLB,2023-04-04,46.2675895690918,48.165605780466315,45.80913147943114,48.009731708905356,9378100
SLB,2023-04-05,46.48765182495117,46.90943243554226,45.763287190833196,46.37762286083126,9102100
SLB,2023-04-06,45.49738311767578,46.616022056353685,45.38735414759927,46.46931559699903,6734100
SLB,2023-04-10,45.88248062133789,46.72604172017875,45.59823538268124,45.671590346627674,5278400
SLB,2023-04-11,46.89109802246094,47.12949821412187,45.799968907920906,46.148398073863326,8081100
SLB,2023-04-12,47.66130447387695,47.8813659046654,46.54266557140474,47.056139911405936,8400500
SLB,2023-04-13,47.57878494262695,47.95472047540751,47.45958484752345,47.62463005681814,6544300
SLB,2023-04-14,48.11975860595703,48.73409423857162,47.578777943463734,48.046407133593235,8037000
SLB,2023-04-17,47.73466110229492,48.367332053853914,47.129496518877396,47.95471904294244,7374800
SLB,2023-04-18,47.83551788330078,48.33065348533888,47.23035331339572,47.422908379360194,5551200
SLB,2023-04-19,48.25730895996094,48.3765055682608,47.367898972329975,47.606295686688014,7791400
SLB,2023-04-20,47.652137756347656,47.88136681463641,47.13866340658803,47.63379901195361,8134100
SLB,2023-04-21,45.66242218017578,47.450409317788875,45.011412572958726,47.44124169558132,15776000
SLB,2023-04-24,46.04753112792969,46.74438587737855,45.258982662923344,45.39651798962317,10252300
SLB,2023-04-25,44.89221954345703,45.51572288415154,43.993642022516816,45.29566493905817,9312100
SLB,2023-04-26,43.81026077270508,45.08477390142423,43.49850908312384,44.79136095802521,9098500
SLB,2023-04-27,43.97529983520508,44.27788385822052,43.07672238460294,43.45265788432177,9231400
SLB,2023-04-28,45.24980926513672,45.5065481580188,43.452654503749265,43.94779004956747,8623000
SLB,2023-05-01,45.06643295288086,45.46070720153412,44.4337585317705,44.782187669645936,5053300
SLB,2023-05-02,42.34319305419922,44.51628360525743,42.10479286848772,44.34207077551282,11963800
SLB,2023-05-03,41.5088005065918,42.24233283265293,41.334587672201664,41.69218446254659,9217900
SLB,2023-05-04,41.32541275024414,42.168977470956555,40.89446101804553,41.66467076401873,10085400
SLB,2023-05-05,41.948917388916016,42.80164975992117,41.793043309236154,42.6732820477712,9900400
SLB,2023-05-08,42.737464904785156,42.939187589309675,42.21482294738775,42.79247763855894,8861800
SLB,2023-05-09,43.25094223022461,43.746077895019226,42.444058366587015,42.5174098552094,9834600
SLB,2023-05-10,42.04977798461914,43.36096844581173,41.72885521220211,43.2142619920021,10124100
SLB,2023-05-11,40.47267532348633,41.54546895888693,40.25261742242183,41.407930147403654,15134300
SLB,2023-05-12,40.40848922729492,41.44460532223397,40.14258273870539,40.839440881370564,10202200
SLB,2023-05-15,40.89445877075195,41.15119767047279,40.2617878883034,40.692739596819706,6813200
SLB,2023-05-16,39.65662384033203,40.72024644388497,39.38154969243615,40.64689497006626,11890400
SLB,2023-05-17,40.80277633666992,40.81194396087804,39.46407934576024,40.19761170394649,12579400
SLB,2023-05-18,41.12368392944336,41.2520551160766,40.06006143878255,40.36264541778226,8372600
SLB,2023-05-19,41.5088005065918,41.9580875260351,41.27957143608782,41.609661857254835,8359100
SLB,2023-05-22,42.17814254760742,42.34318773304909,41.43543921311989,41.50879418343064,11126700
SLB,2023-05-23,42.23316192626953,42.63660379980608,41.99476175273057,42.47155860205073,7538700
SLB,2023-05-24,42.3890380859375,42.72829612121155,41.71968963893391,42.14147027714034,6895600
SLB,2023-05-25,41.407936096191406,41.90307169135511,40.8761265107531,41.53630380654693,15889300
SLB,2023-05-26,40.78443145751953,42.08645425804631,40.37181847503718,41.90307032163664,12290400
SLB,2023-05-30,40.62855529785156,40.66522928504327,39.65662293324297,39.95920693743755,8381900
SLB,2023-05-31,39.271522521972656,39.885854697002785,39.17982880332492,39.21650629078401,15547400
SLB,2023-06-01,41.24290084838867,41.82972680745775,39.33571648141415,39.48242297118142,12222900
SLB,2023-06-02,42.88417053222656,43.49850269925909,41.83888663755423,42.24232850107899,11283200
SLB,2023-06-05,42.3798713684082,43.654384431577064,42.26067127323358,43.654384431577064,7202400
SLB,2023-06-06,43.283329010009766,43.3017674845501,41.78984774003752,41.91891354504039,12366300
SLB,2023-06-07,44.37118148803711,44.55556274615454,43.44927871422995,43.62443897521251,9213700
SLB,2023-06-08,43.744285583496094,44.68462679745368,43.301772691653674,44.48180706990013,8289600
SLB,2023-06-09,43.81803512573242,44.426490779837735,43.47693210426817,43.845694598723426,6946100
SLB,2023-06-12,43.34785842895508,43.818027183221346,42.82237425551313,42.8500302067114,5885600
SLB,2023-06-13,44.21445846557617,45.25620963834493,44.030077197959905,44.14992554942751,8821300
SLB,2023-06-14,43.578346252441406,45.04417186107073,43.17271028206617,44.739942245704206,7072100
SLB,2023-06-15,44.15914535522461,44.564781319608535,44.00242005110759,44.0392970069916,6370500
SLB,2023-06-16,44.048519134521484,44.6201014606832,44.00242469319372,44.35274877748954,14740700
SLB,2023-06-20,43.56912612915039,43.66131852207195,42.8408255673612,43.264900024459756,7806600
SLB,2023-06-21,44.03008270263672,44.6293210181118,43.16349520831302,43.467724865431926,6725600
SLB,2023-06-22,43.181922912597656,43.9102268947508,43.14504596031098,43.79037855820895,8533100
SLB,2023-06-23,42.951446533203125,42.96988500904477,42.17704813175223,42.536589618715205,9304600
SLB,2023-06-26,43.66131591796875,44.011639956615795,42.87769645038404,43.025200753480696,6202500
SLB,2023-06-27,44.38039779663086,44.69384487212065,43.569122392401994,44.159143106155646,13198000
SLB,2023-06-28,44.79525375366211,45.06260638916421,43.633657862223075,44.30664643254297,9204400
SLB,2023-06-29,44.68461990356445,45.090255779310695,43.93787753559821,45.053378831484864,10506200
SLB,2023-06-30,45.28386306762695,45.82778584247714,44.86900611786326,45.17323571994996,13420000
SLB,2023-07-03,45.606529235839844,46.0029476915809,45.117918396914924,45.449803942817184,3543100
SLB,2023-07-05,45.44980239868164,45.89231527259055,45.28385963136834,45.827782364944234,8724200
SLB,2023-07-06,45.28386306762695,45.68028153998116,44.53712407483227,45.09026432999722,9411600
SLB,2023-07-07,49.18351364135742,49.43242782275208,44.99807754525868,45.11792237880489,23181600
SLB,2023-07-10,49.43242263793945,49.533832499365175,48.53817939499761,48.713339644964,14817100
SLB,2023-07-11,51.67264938354492,51.84781316000241,49.64446259292431,49.72743398261997,18093900
SLB,2023-07-12,52.25344467163086,52.63142463328886,51.608112086249484,52.11515786162783,14304600
SLB,2023-07-13,52.93564987182617,53.12003111004758,51.95843528777806,52.54845243666287,15775100
SLB,2023-07-14,52.66830825805664,52.70518169752035,52.02297559091013,52.391738119788165,14423300
SLB,2023-07-17,52.09672164916992,52.566894010183006,51.67264723801367,52.198131512007244,13598700
SLB,2023-07-18,52.5300178527832,53.0739406116034,51.801713842081945,51.94921814023082,11387000
SLB,2023-07-19,52.880340576171875,52.95409096503842,51.746400652707955,51.91234342363241,13074900
SLB,2023-07-20,52.78815460205078,53.387392849439294,52.26267026926156,53.147699660552014,9963500
SLB,2023-07-21,51.635772705078125,52.188916478268354,50.42808232466709,51.46061244446354,16639900
SLB,2023-07-24,52.56689453125,52.63142744155346,51.5527994096044,51.82937304436765,10596100
SLB,2023-07-25,53.35972595214844,53.580980617032985,52.33641345591379,52.62220454123412,10686100
SLB,2023-07-26,53.166133880615234,53.673183244460176,52.557678160781464,52.59455511756658,8113500
SLB,2023-07-27,52.56689453125,53.599424612885294,52.38251328033445,53.44270283551398,7791900
SLB,2023-07-28,52.686737060546875,52.95408615226713,52.21656474673294,52.65907759005346,7019900
SLB,2023-07-31,53.78380584716797,54.11569139535735,52.89878006318285,53.07394031726953,8278400
SLB,2023-08-01,53.11082077026367,53.673182039885184,52.53002102266341,53.48880077687779,6930400
SLB,2023-08-02,52.981746673583984,53.16612439103982,52.032184548144656,52.751271009984656,6726900
SLB,2023-08-03,53.45191955566406,53.82068205225303,52.83424641817432,53.20300539798348,7387300
SLB,2023-08-04,53.166133880615234,54.0235037835783,53.073945005432606,53.69162172285274,7626900
SLB,2023-08-07,53.44270324707031,53.8483391887844,53.17535060702291,53.37817033626989,5956400
SLB,2023-08-08,53.940528869628906,54.03272125557623,51.70030840119806,52.36407599611908,7751000
SLB,2023-08-09,54.862422943115234,55.424784099636334,54.106463081923415,54.39225415794642,11975900
SLB,2023-08-10,54.31850814819336,55.268070368716636,53.783806383826175,54.75180356451738,8857100
SLB,2023-08-11,54.991493225097656,55.24962483584136,54.14334097771493,54.24475082958694,7092000
SLB,2023-08-14,54.87165069580078,55.129782333815996,54.4660147622369,54.80711778629698,5736400
SLB,2023-08-15,53.77458572387695,54.263193025371606,53.350507812714,54.24475454951412,6040000
SLB,2023-08-16,53.25832748413086,54.21710728167382,53.027851774151124,53.76537334273023,6234300
SLB,2023-08-17,53.36894989013672,54.429139464420714,53.230666587043096,54.17100430177544,5925600
SLB,2023-08-18,53.49802017211914,53.617868524880215,52.51158442402311,52.71440417226797,7095400
SLB,2023-08-21,52.9540901184082,54.23553783267699,52.58533114641163,53.92209077225106,6269300
SLB,2023-08-22,52.004539489746094,52.97253677631981,51.857035174808956,52.880347898276696,8607600
SLB,2023-08-23,53.36894989013672,53.60864657568019,51.1840413468823,51.33154564691678,10717600
SLB,2023-08-24,52.3548583984375,53.479577370231596,52.281104489845134,52.926437122908595,6685900
SLB,2023-08-25,52.05063247680664,52.76971906924887,51.76484485277694,52.72362111473296,8619100
SLB,2023-08-28,53.31364059448242,53.41504694835373,52.19813553409722,52.19813553409722,4813200
SLB,2023-08-29,53.67316818237305,53.866766875995836,52.71438867569947,53.42425406909553,4911000
SLB,2023-08-30,54.39226150512695,54.40147898511757,53.80224431589171,54.152568340792584,5843100
SLB,2023-08-31,54.35539245605469,54.74259349078513,53.70084226135982,54.50289677481381,10102500
SLB,2023-09-01,55.42479705810547,55.7659036366915,54.844000808301544,55.175882872426556,6921700
SLB,2023-09-05,55.73955154418945,56.60976106638059,55.5081134425795,55.730295573969734,8428600
SLB,2023-09-06,56.47089767456055,56.804169111116984,55.637719083169465,55.84138574583511,9299800
SLB,2023-09-07,56.313514709472656,56.8226777736532,56.18390641964896,56.44311946783154,7867600
SLB,2023-09-08,55.702518463134766,56.61901486418988,55.378506545898894,56.11910773634164,8323600
SLB,2023-09-11,56.257972717285156,56.841197707163516,55.89692985308691,56.48015131150019,8392300
SLB,2023-09-12,57.489219665527344,57.50773513634923,56.33202922514664,56.74861848997669,11476400
SLB,2023-09-13,56.119102478027344,57.42441305745897,55.98024175427955,57.3318392416271,7914300
SLB,2023-09-14,57.026344299316406,57.08189071257099,56.322774055416765,56.81342167903803,6862500
SLB,2023-09-15,56.08207321166992,56.859701714397495,55.60993758476865,56.5264338695705,19793700
SLB,2023-09-18,56.66530227661133,57.19298085017602,56.30425941380023,56.47089512455383,6232100
SLB,2023-09-19,55.943214416503906,57.11892031686688,55.38776442282822,57.11892031686688,9067700
SLB,2023-09-20,55.350738525390625,56.507929060552,55.3137075807138,55.665494492213135,5351100
SLB,2023-09-21,54.45275115966797,55.63771299875931,54.276859490260605,55.63771299875931,6841600
SLB,2023-09-22,54.65642166137695,55.08226691095202,54.471270478072334,54.786026430250665,5979000
SLB,2023-09-25,55.39702224731445,55.43405318985675,54.3786960476568,54.55458772753511,6279300
SLB,2023-09-26,54.73973846435547,55.34147538418953,54.591618226853925,54.75825393547629,5796100
SLB,2023-09-27,56.28573989868164,56.53569344685451,55.156324478727896,55.545138754909146,7663100
SLB,2023-09-28,56.41534423828125,56.850448952030916,55.83212282834231,56.054301404091014,7574000
SLB,2023-09-29,53.97136688232422,56.322778942141554,53.87879305033296,56.23946108076329,11279200
SLB,2023-10-02,53.63808822631836,54.13799532738613,52.63827755564768,53.98987509723251,7553600
SLB,2023-10-03,54.25834655761719,54.28611799843693,52.95303586711429,53.230760869706714,8407900
SLB,2023-10-04,51.68475341796875,53.57328545579372,51.21261775991389,53.45294019755331,10923300
SLB,2023-10-05,51.28668212890625,52.267977369839045,51.02746906684995,51.40702739298651,7491800
SLB,2023-10-06,51.56440734863281,52.045799001385575,50.74048831022588,51.453318053832945,8642600
SLB,2023-10-09,53.91581726074219,54.17502678311043,52.74011137769854,53.01783637044522,6667700
SLB,2023-10-10,54.26760482788086,54.60087625770561,53.647352413513254,53.98987981351529,6608900
SLB,2023-10-11,54.39720916748047,54.517557967621066,53.471456772631505,53.71215437291271,5641100
SLB,2023-10-12,54.03615951538086,55.19334986368031,53.489965529724934,55.063745109705124,5023100
SLB,2023-10-13,54.58236312866211,55.37851079375667,54.48052979501532,54.98969646324926,6819500
SLB,2023-10-16,55.03597640991211,55.30444543162767,54.41572051599908,54.9989454693724,5949900
SLB,2023-10-17,55.767330169677734,55.90619092085784,54.74900033702996,54.86934914655838,6525000
SLB,2023-10-18,56.091331481933594,56.656040944769764,55.8691493781343,55.87840887866933,6964100
SLB,2023-10-19,55.517372131347656,56.33203169443106,54.998949520004935,55.57291501478304,7488400
SLB,2023-10-20,53.88804244995117,55.730291146245996,52.52718892199961,54.82305428378999,13102600
SLB,2023-10-23,54.471275329589844,54.64716702708933,52.66605731165084,54.05468601291693,9655500
SLB,2023-10-24,52.767887115478516,54.66567884053164,52.74011567338133,54.56384551088839,8407100
SLB,2023-10-25,52.41608810424805,53.017828441427355,51.58291325061249,52.65678565170551,8571800
SLB,2023-10-26,51.72178649902344,52.4253603128844,51.14782098984807,51.85139127224382,8157500
SLB,2023-10-27,51.68475341796875,52.00876531548497,50.93489277183358,51.84212961634382,6944500
SLB,2023-10-30,52.21243667602539,52.33278194514792,51.240393832650945,52.138374789059085,6698000
SLB,2023-10-31,51.52737045288086,52.30500248955944,51.32370382639266,51.94395967457735,8045900
SLB,2023-11-01,51.7125244140625,52.49015649290046,51.49034230662388,51.84212917195803,6197300
SLB,2023-11-02,53.101158142089844,53.165960527466524,51.5736652720048,51.731045016109,5811800
SLB,2023-11-03,52.64753341674805,53.46219644665001,52.38832389737849,53.14744051678776,5896900
SLB,2023-11-06,52.286495208740234,53.20299163999621,52.027285666409924,53.14744522458322,5165500
SLB,2023-11-07,49.37038040161133,51.37926154530641,49.064880394616935,51.240397263678894,17838000
SLB,2023-11-08,49.00006866455078,49.65735193850395,48.54644849163969,48.96303772564688,13767100
SLB,2023-11-09,48.82417678833008,49.55551840542646,48.676056564827235,49.18521961240171,9278600
SLB,2023-11-10,49.34259796142578,49.51849316240506,48.75937301087711,49.31482652188794,9267900
SLB,2023-11-13,49.990623474121094,50.32389486231626,49.09264262609132,49.342596167237694,6853600
SLB,2023-11-14,50.314632415771484,50.6479037844527,49.8610157995389,50.15725623137453,6989700
SLB,2023-11-15,49.69438552856445,50.64790930168922,49.47220341475248,50.286866456776536,8328000
SLB,2023-11-16,48.240962982177734,49.62033221932472,47.5096176650512,49.24077383839895,11053300
SLB,2023-11-17,48.9260139465332,49.398149657988185,48.35204843538786,48.851955589352464,14077300
SLB,2023-11-20,48.82417678833008,49.47220055898957,48.69456850273349,49.47220055898957,8086900
SLB,2023-11-21,48.805667877197266,48.916757176885795,48.12986904593887,48.35204764531593,6888800
SLB,2023-11-22,48.620521545410156,48.81492872214524,47.00971064747463,47.74105596734339,7941900
SLB,2023-11-24,48.6945686340332,49.148188806182674,48.5834793489727,48.824176919979266,3077600
SLB,2023-11-27,48.64828872680664,48.731606585457804,47.90768750072138,48.58348634024075,6371200
SLB,2023-11-28,48.42610549926758,48.94452454227758,48.28724123762426,48.78714834178236,5620900
SLB,2023-11-29,48.01877212524414,48.84269112973952,47.657729283405935,48.78714825035817,8002000
SLB,2023-11-30,48.1761474609375,49.435171073516116,47.72252730908082,48.67605451854334,11520300
SLB,2023-12-01,48.50016784667969,49.14819523532049,47.889171401724674,48.12060950256317,6377200
SLB,2023-12-04,48.166893005371094,48.592741764669825,47.592927544748775,48.12060609477436,7772600
SLB,2023-12-05,47.07853317260742,48.12968496333599,46.976208190963696,48.05526550449869,6902700
SLB,2023-12-06,45.70180892944336,47.22737247759396,45.55297354788026,46.76226146664485,13575300
SLB,2023-12-07,45.07855987548828,45.96227153630107,44.73437870916675,45.943666669403214,12955100
SLB,2023-12-08,45.39482498168945,45.68319502891564,44.76227384801019,45.05064389523638,13211000
SLB,2023-12-11,45.72041320800781,46.16691934695766,45.42274244870791,45.58087848711051,8820900
SLB,2023-12-12,45.61809158325195,45.82273802754016,44.83670489533762,45.106470149758,8871400
SLB,2023-12-13,45.75762176513672,46.14831687480662,45.05995522149062,45.878551626286395,10502400
SLB,2023-12-14,48.762237548828125,49.069212524782436,46.40877692724029,46.50180126018802,19567600
SLB,2023-12-15,48.548282623291016,48.83665270721814,48.00875573384867,48.44596118884767,21720600
SLB,2023-12-18,48.63200759887695,50.083155273160955,48.59480141377904,49.36688386942231,9356700
SLB,2023-12-19,49.283164978027344,49.36688510649772,48.622708158158574,48.771543547826404,7351000
SLB,2023-12-20,48.8831672668457,50.21338506179192,48.8459575337736,49.06921238369075,6480200
SLB,2023-12-21,48.911075592041016,49.32967266288901,48.566890889167006,48.836656127036235,7470900
SLB,2023-12-22,49.37618637084961,49.70176265742776,49.050606535756074,49.29246624737017,5115600
SLB,2023-12-26,49.9343147277832,50.576166597975956,49.83198974517672,50.10175496322742,5632300
SLB,2023-12-27,49.32966613769531,50.213377650897435,49.19013498204125,49.74826670168736,7132900
SLB,2023-12-28,48.59479522705078,49.413387971235935,48.52967642725997,49.07850750838062,6995300
SLB,2023-12-29,48.408748626708984,48.74362907915668,48.15758828737321,48.604094374465156,8641800
SLB,2024-01-02,48.352935791015625,49.162227881476205,48.21340462977212,48.7808370297865,12105200
SLB,2024-01-03,48.976192474365234,49.301768773273096,48.05527108121576,48.25061686056048,6572400
SLB,2024-01-04,48.08317947387695,49.62734803085737,48.03666907819091,49.31107237227026,8268800
SLB,2024-01-05,48.241310119628906,48.957581435441796,48.09247475196098,48.306425371201435,9827700
SLB,2024-01-08,46.808773040771484,47.23667433001291,45.95297046228864,47.05993341885201,16693600
SLB,2024-01-09,45.17158508300781,46.622729243931595,45.115770481235515,46.622729243931595,18420800
SLB,2024-01-10,45.06925582885742,45.50645774829228,44.53902958192506,45.12506687684066,17704900
SLB,2024-01-11,45.39482498168945,45.44133536388343,44.95762313084842,45.36691946207601,8783200
SLB,2024-01-12,46.46459197998047,46.47389263910818,45.85994622972982,46.24133712724493,12732800
SLB,2024-01-16,44.92972183227539,46.64133045200566,44.86460657624071,46.38086942786692,14966000
SLB,2024-01-17,44.54833221435547,45.20878900053394,43.87857122075735,44.11112672703276,12992700
SLB,2024-01-18,45.17158508300781,45.404140600952324,44.38089419288711,44.55763865757492,13695800
SLB,2024-01-19,46.17621612548828,46.83667284540405,45.58087465691547,46.08319535171693,20328400
SLB,2024-01-22,47.14364242553711,47.77619355109796,45.92505055601246,46.10179497400174,18491300
SLB,2024-01-23,46.901790618896484,47.92503692798188,46.762259450736146,46.939000349812005,11432900
SLB,2024-01-24,48.06456756591797,48.14828768529671,47.04132481663572,47.255275444266914,10498000
SLB,2024-01-25,48.808746337890625,48.82735120251646,47.74829389382348,48.455261007029875,11845300
SLB,2024-01-26,49.227352142333984,49.52502648086488,48.65991963847213,48.75294042965847,9172000
SLB,2024-01-29,49.48781204223633,49.51571756723727,48.74363513791635,49.09711694964622,10072600
SLB,2024-01-30,45.90644836425781,46.111098313407815,44.41809477548013,45.46924649359398,47358300
SLB,2024-01-31,45.30181121826172,46.222728992971476,44.88321061679581,45.999477704533156,26286300
SLB,2024-02-01,45.58087921142578,46.11110548163664,44.98553768336554,45.62738960295884,18539700
SLB,2024-02-02,45.58087921142578,45.74831945975715,45.10646754016385,45.48785842835965,19020900
SLB,2024-02-05,45.16227340698242,45.655293436488456,44.87390688346617,45.29250390773364,18305800
SLB,2024-02-06,44.914363861083984,45.475678630082506,44.73661614703572,45.344706254601725,12807900
SLB,2024-02-07,44.390472412109375,45.24179638412333,44.06303791903975,45.11082401438725,11848000
SLB,2024-02-08,44.708553314208984,44.83952569454263,44.07239869367722,44.2501464143115,12157800
SLB,2024-02-09,44.04433059692383,44.76467862977731,43.88529017044815,44.50273389055786,8258300
SLB,2024-02-12,45.03598403930664,45.48503372765537,44.40918663121457,44.48402646157451,13460800
SLB,2024-02-13,44.512088775634766,45.185661436858204,43.969484908455286,44.961138406026805,11578800
SLB,2024-02-14,44.6711311340332,44.92372225141561,44.19401695813066,44.92372225141561,9389200
SLB,2024-02-15,45.44761657714844,45.71891498287606,44.66177871340516,44.76468303627852,9901900
SLB,2024-02-16,45.43825912475586,45.73762558851178,45.14824630167305,45.55987786588475,6365400
SLB,2024-02-20,45.3914794921875,45.73762126404091,45.14824203292771,45.38212228366936,10236400
SLB,2024-02-21,46.0369873046875,46.102473488835216,45.456965287066595,45.63471299136333,9693000
SLB,2024-02-22,46.083770751953125,46.401848088968386,45.681499936554125,45.99957370483938,8047900
SLB,2024-02-23,45.67213439941406,45.90601464667396,45.297924576306485,45.72826694349901,7420700
SLB,2024-02-26,45.42890930175781,45.85924818347979,45.28857969876019,45.559881694566236,5793800
SLB,2024-02-27,45.335350036621094,45.849885909569636,45.054694430351866,45.77504607997167,8009200
SLB,2024-02-28,45.054691314697266,45.59729520886095,44.858232760767415,45.12953470784925,6991600
SLB,2024-02-29,45.21372985839844,45.72826567434376,45.02662495203761,45.438252891048016,12542800
SLB,2024-03-01,46.1679573059082,46.51410262577535,45.662778706773885,45.84052640195733,8507700
SLB,2024-03-04,46.23345184326172,46.738634102435476,45.84988832842161,46.355070587595364,7684100
SLB,2024-03-05,46.457977294921875,46.8134763091947,46.03699208969481,46.03699208969481,6684300
SLB,2024-03-06,46.804115295410156,47.262522163558934,46.401840972972295,47.243811314988626,7861000
SLB,2024-03-07,47.50575637817383,47.664796807730184,46.70120772786746,46.7666974826703,8501400
SLB,2024-03-08,47.150264739990234,47.54318188793743,46.94444895655326,47.42156314602197,7026500
SLB,2024-03-11,48.2073974609375,48.254176367350304,46.88831295338331,46.88831295338331,10392700
SLB,2024-03-12,48.24482345581055,48.4974145842744,47.77706289985448,48.4974145842744,6986100
SLB,2024-03-13,49.18033981323242,49.33002303391861,48.62838226781535,48.8903270118338,8861000
SLB,2024-03-14,49.79778289794922,50.25618976275783,49.39550857844251,49.39550857844251,9387200
SLB,2024-03-15,49.460994720458984,50.44329106564422,49.39550853536193,49.39550853536193,16719700
SLB,2024-03-18,49.98488998413086,50.21877024661744,49.30196004591759,49.769720570890755,5667300
SLB,2024-03-19,50.967185974121094,51.03267216160668,50.01295408239307,50.07844026987866,7467600
SLB,2024-03-20,50.8923454284668,51.05138229047968,50.443292193858575,50.63039711349042,6819300
SLB,2024-03-21,50.92976760864258,51.26655577702397,50.82686328495253,50.96718930929158,6457200
SLB,2024-03-22,50.50878143310547,51.52849948751463,50.125217957707314,51.16364329203196,9009500
SLB,2024-03-25,50.80814743041992,51.210421750951255,50.7052395481357,50.7894365819383,7975300
SLB,2024-03-26,50.58362579345703,51.07945083644309,50.49007511057545,50.87363862035763,5912600
SLB,2024-03-27,51.360107421875,51.378814702520216,50.424586365511004,50.56491238272783,6995700
SLB,2024-03-28,51.275909423828125,52.09916536852631,51.15429068953402,51.84657425979066,8032400
SLB,2024-04-01,51.65946960449219,51.912060697080065,50.92040717455684,51.59398342145785,4871500
SLB,2024-04-02,51.154293060302734,51.68753979165949,49.75101143699977,51.40688418074484,18540100
SLB,2024-04-03,51.32268524169922,51.78108855652899,50.78943853007217,51.67818423902711,13255900
SLB,2024-04-04,50.77073287963867,51.453662886060606,50.49007725036979,51.32269049698379,12040800
SLB,2024-04-05,51.481719970703125,51.724957431472205,50.49942362523892,50.98589497804764,10016100
SLB,2024-04-08,50.55555725097656,52.06174667828555,50.48071385568517,51.865284550010394,8975900
SLB,2024-04-09,50.67717742919922,51.08880900656944,50.39652180654761,50.98590111222689,6685700
SLB,2024-04-10,50.70524597167969,51.004612447851756,49.86327552698957,50.40587949550762,8179200
SLB,2024-04-11,50.518131256103516,50.86427300805857,49.722939876786164,50.79878682711381,7522300
SLB,2024-04-12,48.6470947265625,51.10751609370793,48.52547599050181,50.61168750918184,13006300
SLB,2024-04-15,48.33837127685547,49.498418957168276,48.13255907115952,49.301960391796385,9480000
SLB,2024-04-16,48.09513854980469,48.3664405193292,47.421562230634784,48.179335589700926,10349000
SLB,2024-04-17,47.53382873535156,48.609675867252825,47.47769618418418,48.21675871527057,7821600
SLB,2024-04-18,47.65543746948242,48.4319215964106,47.52446510318835,47.8893177146445,8422100
SLB,2024-04-19,46.63572692871094,47.49640822452484,45.85924624612253,46.457979198655735,16841600
SLB,2024-04-22,46.317649841308594,46.82283211089682,45.55988000565616,46.18667745335533,10880000
SLB,2024-04-23,46.355064392089844,46.626366335985345,45.775042376891726,46.07440880852491,11136300
SLB,2024-04-24,45.94343948364258,46.50475068794849,45.48503259743339,46.06505821977638,10180400
SLB,2024-04-25,46.252159118652344,46.42991040095329,45.52245384651457,46.10247589440025,7966900
SLB,2024-04-26,46.02763748168945,46.448622678069015,45.831178912955544,46.14925622036125,8250900
SLB,2024-04-29,46.0369873046875,46.21473857771362,45.475676135213,45.88730408824568,8941700
SLB,2024-04-30,44.41853332519531,46.16795646493468,44.37175799244425,45.77503938735083,14143700
SLB,2024-05-01,44.119178771972656,44.699200905194886,43.894652118195935,44.34370542574938,11217900
SLB,2024-05-02,44.512088775634766,44.90500586395434,44.21271878664418,44.493377928277276,8933600
SLB,2024-05-03,44.586936950683594,44.876949785971135,44.09111189335867,44.876949785971135,11007400
SLB,2024-05-06,44.867591857910156,45.41954945898919,44.72726583177607,44.97985696129324,9857700
SLB,2024-05-07,45.064048767089844,45.31663988725399,44.70855332572968,44.84887934666773,8587000
SLB,2024-05-08,44.7740364074707,45.07340284716398,44.51209166492145,44.57757785055877,6453400
SLB,2024-05-09,45.35406494140625,45.49439454145286,44.85823987370684,44.942436919988815,6367600
SLB,2024-05-10,45.372772216796875,45.68149588507667,45.02663041768624,45.625363335735884,9206600
SLB,2024-05-13,45.60664749145508,45.79375240003768,45.41954258287248,45.597293851954134,6555800
SLB,2024-05-14,45.48503494262695,45.84053396033923,44.91436649987902,45.746983277708004,8404900
SLB,2024-05-15,45.19502258300781,45.53180715860093,44.343698582072015,45.53180715860093,6939700
SLB,2024-05-16,45.29792785644531,45.52245448031427,44.87694623587663,44.88629987620343,7625100
SLB,2024-05-17,45.45697021484375,45.625364297686794,45.17631459968194,45.559878106440024,5534400
SLB,2024-05-20,45.120182037353516,45.53181003490116,44.79275108120535,45.46632384367153,6877400
SLB,2024-05-21,45.17631149291992,45.952792093760245,45.09211445728861,45.12953615506464,6926500
SLB,2024-05-22,43.4830207824707,45.176315277011206,43.26785135532962,45.11082908478261,11801400
SLB,2024-05-23,43.33333206176758,44.10981619807872,43.07138732601412,43.61398764560762,8766100
SLB,2024-05-24,43.25849151611328,43.84786716172116,43.14622642946761,43.585922430339885,6801000
SLB,2024-05-28,43.52979278564453,44.18465822643421,43.333334224026494,43.53914999451942,10387400
SLB,2024-05-29,42.69718551635742,43.42689088505917,42.48201607606665,43.033973707675166,13138900
SLB,2024-05-30,42.6504020690918,43.20235959584058,42.519429701512315,42.659755708749174,14337100
SLB,2024-05-31,42.931060791015625,43.062033168170586,42.52878645047988,42.715891375871095,41723600
SLB,2024-06-03,41.228416442871094,43.17430213124174,40.98518251618973,43.17430213124174,15482100
SLB,2024-06-04,40.610965728759766,41.03195088485023,40.1899805726693,40.92904300572486,15700900
SLB,2024-06-05,40.67216873168945,41.16174155542106,40.27674300843322,41.06759086346402,10660500
SLB,2024-06-06,41.10525131225586,41.189985139630934,40.267329903481006,40.54977479757071,10522200
SLB,2024-06-07,41.94316482543945,42.10321917656592,40.822798733478216,40.88870240997706,15023100
SLB,2024-06-10,42.3480110168457,42.6492860444072,41.368865381530036,41.94317202515714,12966600
SLB,2024-06-11,42.32917785644531,42.44215867732542,41.67955429805083,41.97141603143573,8300300
SLB,2024-06-12,42.093807220458984,42.8375814750584,42.05614694621767,42.76226092657578,8142100
SLB,2024-06-13,41.2464714050293,42.06556259292111,40.88870599305533,41.8396045454951,12180200
SLB,2024-06-14,40.483863830566406,40.91694616307748,40.11668517511219,40.91694616307748,12740300
SLB,2024-06-17,41.07700729370117,41.28413163085142,40.493283784189806,40.57801761031361,11065500
SLB,2024-06-18,41.839603424072266,42.54571736506583,41.24647029950415,41.68896592698622,13068900
SLB,2024-06-20,42.799922943115234,43.13885824212152,41.74546036180356,41.83960745975794,14612900
SLB,2024-06-21,42.988224029541016,43.30832921522587,42.79992622770018,42.99763730346623,26455400
SLB,2024-06-24,44.701717376708984,44.88059827382341,43.18592561272122,43.25182929015712,19090400
SLB,2024-06-25,44.739383697509766,44.852360932466986,44.16507706663146,44.23098075297997,14237000
SLB,2024-06-26,43.52486801147461,44.68289457993909,43.50603787318881,44.579330615108,13501700
SLB,2024-06-27,44.25922393798828,44.287470940194595,43.67550403695965,43.76023786061555,9948000
SLB,2024-06-28,44.41928482055664,44.83353713496996,44.09917961667479,44.48518851622508,14139900
SLB,2024-07-01,43.85438919067383,44.701723848152554,43.76023850107736,44.701723848152554,8464000
SLB,2024-07-02,43.95794677734375,44.50400996796631,43.449547451655405,44.2686386461079,7927800
SLB,2024-07-03,44.54167175292969,44.75821294540993,44.16507618858401,44.26864014835314,6655500
SLB,2024-07-05,43.440128326416016,44.56991133082546,43.27066069618054,44.41927383633628,7917100
SLB,2024-07-08,43.53428268432617,43.63784305246115,43.1011967085227,43.3177379006837,5470400
SLB,2024-07-09,42.55514144897461,43.24242537050553,42.51748117044315,43.20476509197407,6740300
SLB,2024-07-10,42.630455017089844,42.649285154854894,42.15971234740827,42.460987368685956,8538300
SLB,2024-07-11,43.48720932006836,43.60019015390147,42.508067233887175,42.72460844484464,6239400
SLB,2024-07-12,43.70374298095703,44.02384810522065,43.4589583995701,44.02384810522065,6584000
SLB,2024-07-15,45.15364074707031,45.83151141174275,43.844976562813635,44.05210450845953,11441800
SLB,2024-07-16,45.869163513183594,46.08570469435073,44.66405992512648,44.72996360672164,8220200
SLB,2024-07-17,46.038631439208984,46.37756312177045,45.71852630166651,45.89740721119739,8453300
SLB,2024-07-18,45.869163513183594,46.45288337508985,45.737356149993275,45.916237058397094,10758700
SLB,2024-07-19,46.763572692871094,47.95925944374645,45.520812395729116,46.58469178046538,17681000
SLB,2024-07-22,46.54703140258789,47.56383723877975,46.34932035382215,46.452884310265546,11212800
SLB,2024-07-23,46.17985534667969,47.008363453969935,45.81267663761968,46.40581340920669,10099000
SLB,2024-07-24,45.219539642333984,46.30224921780542,45.0594888587587,46.226928666841836,8552900
SLB,2024-07-25,45.407833099365234,46.038630083363614,44.899430203273624,44.93709047516512,9608000
SLB,2024-07-26,45.97273254394531,46.42464509256236,45.34193547569036,45.93507226702347,8231500
SLB,2024-07-29,45.05949020385742,45.95390202010109,44.87119241230902,45.36076523374221,9104400
SLB,2024-07-30,44.82412338256836,45.14422858303706,44.39104093237012,44.758219687602626,9880400
SLB,2024-07-31,45.46432876586914,45.72794351663842,45.13480673592592,45.31369125236075,6599800
SLB,2024-08-01,43.92970657348633,45.50198898579816,43.54369772113124,45.45491184480623,8952100
SLB,2024-08-02,42.30093765258789,43.31773997719395,41.95258907384598,43.28949656557429,11848400
SLB,2024-08-05,41.20881271362305,41.70779878184503,40.78514360311313,40.935781110018716,13010800
SLB,2024-08-06,40.86046600341797,41.58540656909975,40.79456231562872,41.23705799200204,8364000
SLB,2024-08-07,40.3520622253418,41.82077705640395,40.30498867666341,41.415941664584636,9259000
SLB,2024-08-08,41.13349151611328,41.18998192711806,40.399134130458144,40.46503781422302,6697400
SLB,2024-08-09,41.00168228149414,41.24647045988657,40.78514110305853,40.935778600730316,5418000
SLB,2024-08-12,41.33121109008789,41.5477523042195,40.954615488087455,41.27472067234328,6599200
SLB,2024-08-13,41.20881271362305,41.397110495125396,40.851047287916735,41.04875834232754,5253400
SLB,2024-08-14,41.21822738647461,41.49125899935223,40.95461263830674,41.425355312310266,6305300
SLB,2024-08-15,42.40449523925781,42.479812189409316,41.745454865896946,41.86784895030937,7940000
SLB,2024-08-16,42.15971374511719,42.40450195269667,41.94317254086252,41.96200267925184,6013000
SLB,2024-08-19,42.705780029296875,43.10120218922499,42.37625797120818,42.49865208372581,8046500
SLB,2024-08-20,41.45359802246094,42.686945100426605,41.43476788484144,42.57396786619114,7409000
SLB,2024-08-21,41.6136589050293,42.065571504133615,41.52892506822961,41.93376411166345,5529900
SLB,2024-08-22,41.538330078125,41.839605084251566,41.4065227118798,41.660724171701844,7164300
SLB,2024-08-23,42.479820251464844,42.64928791081961,41.792536340295754,41.89610030895498,6244500
SLB,2024-08-26,42.93172836303711,43.458961425439554,42.59279667093705,43.30832392067906,6222100
SLB,2024-08-27,42.40449523925781,42.87523785001827,42.15970707043296,42.79050403642215,5199400
SLB,2024-08-28,41.18056869506836,41.57599079804853,40.96402391507666,41.38769301932785,9866400
SLB,2024-08-29,41.594818115234375,41.82077256119595,40.869874050768736,41.65130852246535,8000800
SLB,2024-08-30,41.41593933105469,41.46301287708077,40.851046004297686,41.2558849647884,10174700
SLB,2024-09-03,39.8154182434082,40.662752944591674,39.5423866167181,40.634509531996756,12685000
SLB,2024-09-04,39.15679931640625,40.170781979240004,39.10941765846789,39.83910675868271,10048600
SLB,2024-09-05,39.062042236328125,39.611676063135505,38.81565179173325,39.50743423003686,10621900
SLB,2024-09-06,38.49345016479492,39.45057640604665,38.25653822992914,39.04308758887837,9864100
SLB,2024-09-09,38.2944450378418,39.014655729816575,38.237584872032244,38.66402707813078,11082500
SLB,2024-09-10,37.51736831665039,38.36077409523946,37.07197279155738,38.36077409523946,10782700
SLB,2024-09-11,37.4984130859375,37.68794331803369,36.6360539641389,37.48893820107752,15568300
SLB,2024-09-12,37.71637725830078,38.11439116704346,37.308888463273554,37.668995596899975,15404400
SLB,2024-09-13,37.868003845214844,38.379734506228665,37.44156162770332,38.010152456048466,17481700
SLB,2024-09-16,38.28496551513672,39.005176119901726,37.934333290919476,38.66402239633295,24556100
SLB,2024-09-17,39.32737731933594,39.49795418485988,38.322869512915936,38.40815794567791,18400300
SLB,2024-09-18,39.251564025878906,39.88648983275955,39.02413061370443,39.34633096010903,12663600
SLB,2024-09-19,40.51192855834961,41.00470566700998,39.82962123636015,40.464546908764376,17113300
SLB,2024-09-20,40.189735412597656,40.64460583631975,39.80120003306491,40.64460583631975,22881600
SLB,2024-09-23,40.654083251953125,40.94785169266915,40.16130606899136,40.32240442486935,12921100
SLB,2024-09-24,40.72989273071289,41.73440047125218,40.70146445998633,41.54487023143495,12006200
SLB,2024-09-25,39.621150970458984,40.75832529929712,39.4790023718597,40.559320153249345,12552400
SLB,2024-09-26,39.0146484375,39.336848753552445,38.40815457551623,38.929363627210314,20933300
SLB,2024-09-27,40.076019287109375,40.104447559317094,39.422140106421146,39.51690703876161,14875800
SLB,2024-09-30,39.753822326660156,40.246599571755745,39.38424029658575,39.7727757147395,12219600
SLB,2024-10-01,40.88151931762695,41.307961485993566,39.554814767695056,39.56428965366368,14716500
SLB,2024-10-02,41.6396369934082,41.867074023028216,41.0236681817092,41.184766549157125,14614600
SLB,2024-10-03,42.5399055480957,42.587287211070795,41.26058257282234,41.63963949161226,13775400
SLB,2024-10-04,43.08006286621094,43.316974787316354,42.549382476527796,43.14639791492133,11294700
SLB,2024-10-07,43.2032585144043,43.74341741078948,43.00425336626009,43.21273340074919,8963600
SLB,2024-10-08,41.82917022705078,42.805246232230054,41.66807184813309,42.596766189806516,13404700
SLB,2024-10-09,41.895503997802734,42.103987648840096,41.34587021096209,41.48801519713285,9980700
SLB,2024-10-10,42.26508712768555,42.75786437893524,41.93341186962767,42.24613735435869,9707400
SLB,2024-10-11,42.43566131591797,42.60623818495381,41.961837483038174,41.99974425726591,8892300
SLB,2024-10-14,42.3598518371582,42.37880522447552,41.90498138650952,42.066079756223246,7048100
SLB,2024-10-15,40.70146560668945,41.611206445456396,40.64460544864574,41.289006113186176,10230900
SLB,2024-10-16,41.393245697021484,41.402720582023555,40.853086877189924,41.11842703711039,8692900
SLB,2024-10-17,41.68702697753906,41.74388353012493,41.02367281578555,41.2226779798148,14481300
SLB,2024-10-18,39.72538757324219,41.78178484424127,39.69695930066713,41.68702152566517,21355900
SLB,2024-10-21,40.20868682861328,40.69198550045292,39.87701162391829,39.87701162391829,13839400
SLB,2024-10-22,39.734867095947266,40.50246301011377,39.60219700053332,40.492984509019074,11377900
SLB,2024-10-23,39.924400329589844,40.11393060073578,39.46005134603178,39.687488394404745,11117900
SLB,2024-10-24,39.09046173095703,39.92439259341424,39.04308007609904,39.70643408907662,13897100
SLB,2024-10-25,39.554813385009766,39.95282365157974,39.19470627597827,39.37475802299962,15345700
SLB,2024-10-28,39.22313690185547,39.44109543448487,38.284967722928435,38.49344775436277,10589900
SLB,2024-10-29,38.31339645385742,39.14732743451588,38.11439130625375,39.14732743451588,15895600
SLB,2024-10-30,38.04805374145508,38.71140418960902,38.019621854399325,38.42711062397321,12252100
SLB,2024-10-31,37.97224426269531,38.465021516234096,37.915384097483035,38.28496974887903,14264900
SLB,2024-11-01,37.678470611572266,38.275489669226076,37.61213556238729,38.057531134048446,12605900
SLB,2024-11-04,38.20914840698242,38.47448856057626,37.773231407510124,37.820613061367816,11103000
SLB,2024-11-05,38.4271125793457,38.61664283774347,38.057530563714,38.28496759678913,10810900
SLB,2024-11-06,41.47853469848633,42.00921864069157,39.56428616748255,40.29397523239404,25379300
SLB,2024-11-07,40.976287841796875,41.61121006100326,40.502463995228865,41.45958657470106,15426700
SLB,2024-11-08,40.9194221496582,41.232143966342875,40.30344978635619,40.73937041368755,13598100
SLB,2024-11-11,41.9713134765625,42.113458448940776,40.93837743799654,41.02366586741901,12193700
SLB,2024-11-12,42.00922393798828,42.61571788270729,41.88602872578315,42.07555898725511,13725800
SLB,2024-11-13,41.307960510253906,42.170319712585886,40.95733189787423,42.14189144036259,9900400
SLB,2024-11-14,41.17529296875,41.69649847671108,40.76780417171029,41.525921602834494,10061400
SLB,2024-11-15,40.9194221496582,41.66806459367424,40.61617521802943,41.08999900057296,9632100
SLB,2024-11-18,41.213191986083984,41.639630475513606,40.919419955265276,41.54486717008222,6955500
SLB,2024-11-19,40.84360885620117,41.213194445410075,40.42664522643775,40.48350538208264,8178400
SLB,2024-11-20,41.251102447509766,41.364822772160736,40.67303678299559,40.98576225330222,8329600
SLB,2024-11-21,41.753360748291016,42.21770611674721,41.35534681748218,41.554351975391974,11529000
SLB,2024-11-22,41.91445541381836,42.35985096917643,41.7344036604767,41.84812036706149,9015500
SLB,2024-11-25,41.45957946777344,42.615710612013935,41.33638427658672,42.29351030697913,14173200
SLB,2024-11-26,41.20370864868164,41.5922439393125,40.91941515077895,41.57329055745392,11192300
SLB,2024-11-27,41.37429428100586,41.98078816968021,41.213195923384305,41.31743412332187,8297200
SLB,2024-11-29,41.6396369934082,41.77231070276343,41.36482191864474,41.50696689904192,4143300
SLB,2024-12-02,41.34586715698242,41.63016072331392,40.78675491003532,41.53539740619969,8511400
SLB,2024-12-03,41.36482238769531,41.91445615844367,40.843613275361975,41.88602788503967,7429600
SLB,2024-12-04,40.759254455566406,41.43634926630012,40.35871708891124,41.34098149428293,10231100
SLB,2024-12-05,40.07261657714844,41.15024863428906,40.01539592032312,40.969051706629635,8466500
SLB,2024-12-06,39.06173324584961,39.95817185516046,38.947295590287105,39.81512205727672,15727500
SLB,2024-12-09,39.26200485229492,39.805591967961554,39.21432279314042,39.57671299094887,10656900
SLB,2024-12-10,38.97591018676758,39.67207846027314,38.59445006263321,39.20478917157464,10075800
SLB,2024-12-11,39.633934020996094,39.85327440551573,39.071276986651675,39.19524961404888,9958300
SLB,2024-12-12,39.195247650146484,39.68161409233124,39.10941849199081,39.605319890456066,7309700
SLB,2024-12-13,38.35603332519531,39.25246837137648,38.2129835153788,39.23339482087376,10763100
SLB,2024-12-16,38.03179168701172,39.11895864160576,37.92688897421617,38.2415934746949,14900700
SLB,2024-12-17,37.12582015991211,37.76476779239972,36.906479764972715,37.554965992579675,18705300
SLB,2024-12-18,35.599971771240234,37.392842006140995,35.55228607223839,37.163966657727656,15657400
SLB,2024-12-19,35.199432373046875,36.105406031883795,34.82750722543888,35.99096836444469,16159200
SLB,2024-12-20,35.12314224243164,35.647652165757734,34.922871774547794,35.12314224243164,36468300
SLB,2024-12-23,35.533206939697266,35.6476482338389,34.95148006506105,35.06591772129518,10833900
SLB,2024-12-24,35.98143005371094,36.019577155793996,35.18035909950609,35.55228425004622,4555400
SLB,2024-12-26,35.98143005371094,36.11494127309376,35.52367574243787,35.99096864818564,8145400
SLB,2024-12-27,36.04818344116211,36.534549867968686,35.76208746899171,35.895598680144055,9493700
SLB,2024-12-30,36.05772399902344,36.172161666543204,35.51414053091974,35.89560063528823,10995000
SLB,2024-12-31,36.56315994262695,36.79203891292837,36.09586704563598,36.11494059632008,7817100
SLB,2025-01-02,36.62038040161133,37.60264461026317,36.47733059118865,37.05906115130945,11557000
SLB,2025-01-03,36.80157470703125,36.944624521464355,36.267526189443274,36.88740386810954,10312700
SLB,2025-01-06,36.96369171142578,37.69800700479412,36.830180501342014,37.097206559417174,8366600
SLB,2025-01-07,37.5454216003418,37.850591114695675,36.9636910767586,37.3737632937793,9350100
SLB,2025-01-08,37.011383056640625,37.31655262283647,36.62991927994173,36.925553888778786,11319700
SLB,2025-01-10,36.83018112182617,37.85059240226614,36.725278415590864,37.73615473996748,15273600
SLB,2025-01-13,38.003177642822266,38.174835957384055,36.9827663495426,37.01137849390806,15964000
SLB,2025-01-14,38.022254943847656,38.279742441090505,37.402380869366525,37.745697532356985,12119700
SLB,2025-01-15,38.756568908691406,39.014056396483085,38.14622981373689,38.14622981373689,11877400
SLB,2025-01-16,39.18571090698242,39.309687160422314,38.46093421175731,38.575371871443885,16148800
SLB,2025-01-17,41.56032180786133,42.437683403949286,39.68161870427497,40.19659371306131,30731300
SLB,2025-01-21,41.71290588378906,42.590267464992806,41.34097706959203,41.913172726727986,22986900
SLB,2025-01-22,39.700687408447266,41.43634047387624,39.538564049373434,41.369584866583416,23719200
SLB,2025-01-23,40.082149505615234,40.21566072687531,39.66254229052528,40.17751726216382,19071500
SLB,2025-01-24,40.29195785522461,40.64480948528329,39.78652144152638,40.24427579244504,19431100
SLB,2025-01-27,40.568519592285156,40.79739495262599,40.05354457465588,40.23473787141807,15306200
SLB,2025-01-28,39.405059814453125,40.79739649590519,39.04266956931204,40.57805608481959,16077500
SLB,2025-01-29,39.04266357421875,39.86280806933052,38.78517609520171,39.405053763713966,12734700
SLB,2025-01-30,39.118961334228516,39.46227800413303,38.804253174179976,39.118961334228516,10171100
SLB,2025-01-31,38.41324996948242,39.37644425211665,38.003177732385915,39.27154154431413,13105300
SLB,2025-02-03,38.29881286621094,39.02358959941878,37.72662089988411,38.270204359266934,12507600
SLB,2025-02-04,39.3096923828125,39.5767148368583,37.79337954836594,37.89828226614339,12752000
SLB,2025-02-05,39.18965530395508,39.49694952879035,38.603874543101554,39.23766933972882,15186000
SLB,2025-02-06,38.45983123779297,39.63139283459632,38.1429356507846,39.45853936414217,13112700
SLB,2025-02-07,38.565460205078125,39.05520921026924,38.402211757759744,38.59426789266703,11776400
SLB,2025-02-10,39.573768615722656,39.727415717899454,38.987987893912404,38.987987893912404,9388100
SLB,2025-02-11,40.12113571166992,40.51485663077958,39.420120595364224,39.64098807064664,11266700
SLB,2025-02-12,39.80424118041992,40.063521352719896,39.52575466240485,39.88106290004443,14649100
SLB,2025-02-13,40.40923309326172,40.58208289894655,39.794640946410766,39.85225999046325,12099000
SLB,2025-02-14,40.09233093261719,40.91818552117928,40.044316897680424,40.58207995014985,12225100
SLB,2025-02-18,40.95659637451172,41.35031730448355,39.90026933717654,40.36121064568728,14315700
SLB,2025-02-19,40.50525665283203,41.11984506790572,40.380417236258964,40.76453682729798,12752500
SLB,2025-02-20,40.9085807800293,41.21587500148927,40.3131986838551,40.43803810608449,9999100
SLB,2025-02-21,40.08272933959961,40.78374450234181,39.948284914089186,40.62049238869717,13671600
SLB,2025-02-24,39.881065368652344,40.332405362805,39.83305133301051,40.274786322093135,12990200
SLB,2025-02-25,39.3817138671875,40.28439391344541,39.016804242293276,39.794641194042434,14474100
SLB,2025-02-26,38.98798751831055,39.602579584332766,38.642284289170085,39.53535554349441,11607300
SLB,2025-02-27,39.285682678222656,39.986697845138096,38.88236038899845,39.23766864330111,15135900
SLB,2025-02-28,40.00590515136719,40.05391918744043,38.69990285605259,39.19925689033383,17747800
SLB,2025-03-03,38.23896408081055,40.48605555418215,37.9124634850818,40.31320208213538,18379000
SLB,2025-03-04,37.52834701538086,38.15253684448788,36.65447466080563,37.64358144082216,18236200
SLB,2025-03-05,37.86444854736328,38.027697009736,36.76010735362722,37.163433333245266,13651100
SLB,2025-03-06,38.181339263916016,38.383004059642886,37.46111779367445,37.47072279802307,12348300
SLB,2025-03-07,39.7274169921875,40.207564659795594,38.277372647834895,38.35419436976947,19615800
SLB,2025-03-10,39.50654983520508,40.495652866517496,39.25687465778381,39.5833752210184,18761500
SLB,2025-03-11,38.488643646240234,39.81384873838274,38.431024600098034,39.74662834950173,16397400
SLB,2025-03-12,38.45983123779297,39.01680434553107,38.15253699326034,38.61347836005928,10562200
SLB,2025-03-13,38.3445930480957,39.0168005157423,38.04690017525959,38.488638813747116,13912800
SLB,2025-03-14,39.4681396484375,39.78503889018583,38.6999040577031,38.79593579606756,13049400
SLB,2025-03-17,39.785037994384766,40.04431818727646,39.40091837604829,39.46813875977175,11825600
SLB,2025-03-18,39.4969482421875,40.10193166705446,39.18004902257872,39.948284559641834,14406400
SLB,2025-03-19,39.448936462402344,40.01550722698548,39.31449203040158,39.72741934202769,19553700
SLB,2025-03-20,39.640987396240234,40.12113502909483,38.98798632249912,39.14163341848317,12753100
SLB,2025-03-21,39.362510681152344,39.890672426868846,39.14163951200683,39.35290567558795,73470100
SLB,2025-03-24,40.04431915283203,40.14034722811351,39.49695106460783,39.679405872937146,10438900
SLB,2025-03-25,40.601287841796875,40.7069209206191,40.245979573860815,40.33240630533025,12757600
SLB,2025-03-26,40.7357292175293,41.62880423495338,40.649306148007206,41.04302711652047,11744300
SLB,2025-03-27,40.428436279296875,41.12945516930002,40.265187813978585,40.6973214916393,23868500
SLB,2025-03-28,40.21717071533203,40.860566848383904,39.84265611093037,40.476450902203055,12888600
SLB,2025-03-31,40.14034652709961,40.50525980062162,39.63139114317094,39.71781787470941,13596500
SLB,2025-04-01,40.524471282958984,40.76454516062671,39.785043300154,40.121145263594144,13547400
SLB,2025-04-02,40.51485824584961,40.745330734552006,39.56416793013757,39.96749020632185,16509300
SLB,2025-04-03,37.65317916870117,38.69990122933892,37.48993072026691,38.32538663517939,40728800
SLB,2025-04-04,33.39907455444336,36.270359559676535,32.688457973373225,35.92465261181045,49175000
SLB,2025-04-07,31.824186325073242,33.72557061946677,30.595009487461894,31.72815825834833,36020400
SLB,2025-04-08,30.681438446044922,33.26463172662386,30.268511135247028,33.0629705738815,31416000
SLB,2025-04-09,34.551422119140625,35.031569736688276,29.874785349932484,30.047638785308486,45400900
SLB,2025-04-10,31.24801254272461,33.46629252593619,30.614215906869486,33.39907214239864,37839000
SLB,2025-04-11,32.61163330078125,32.65964734166157,30.825483139436027,31.23841048483246,20884400
SLB,2025-04-14,32.573211669921875,33.322244422539185,32.12187541353731,33.322244422539185,15477100
SLB,2025-04-15,32.4195671081543,33.00534781628584,32.275525013797285,32.496392489066665,11618900
SLB,2025-04-16,32.794090270996094,33.33185336521277,32.44838333143604,32.65004449176729,13107900
SLB,2025-04-17,33.715972900390625,34.052074833273124,32.7748838250833,33.1782061445423,15923000
SLB,2025-04-21,33.245426177978516,33.34145791723654,32.65004404752395,33.34145791723654,10698700
SLB,2025-04-22,33.235816955566406,33.58152380845672,32.486787883127654,33.44708306860725,18894100
SLB,2025-04-23,32.67885208129883,34.17691426034935,32.45798457353741,33.73517924482651,17255900
SLB,2025-04-24,33.54311752319336,33.696764635662525,32.69805657299488,32.95733676214337,15197200
SLB,2025-04-25,33.14939498901367,34.11929165340422,32.294732737675204,32.92852750431555,23936500
SLB,2025-04-28,32.74607467651367,33.283841468575396,32.371560022299995,33.120592993963925,13252800
SLB,2025-04-29,32.755672454833984,32.92852589759583,31.92981793124643,32.44837825953198,14629600
SLB,2025-04-30,31.929821014404297,32.28512927517426,31.334438911420765,32.1122758157216,21855700
SLB,2025-05-01,32.400367736816406,32.880515426872606,31.795380621639467,31.88180735237903,18079800
SLB,2025-05-02,33.35105514526367,33.37986283186913,32.46758523249496,32.851701152432554,13305000
SLB,2025-05-05,32.4195671081543,32.94773244383735,32.3811580809339,32.56361286574709,17270700
SLB,2025-05-06,32.24671936035156,32.95733586240809,32.10267359367837,32.746069714817004,17481500
SLB,2025-05-07,32.169898986816406,32.40037151675501,31.910618764349195,32.2275180351102,12123400
SLB,2025-05-08,32.957340240478516,33.60074011032275,32.5636192442705,32.650045983108186,14025400
SLB,2025-05-09,33.17820739746094,33.591134738159404,32.98614757288827,33.379868564805825,7407200
SLB,2025-05-12,34.42658233642578,35.406083905100644,34.24412756251759,34.53221539724889,12104300
SLB,2025-05-13,34.676265716552734,34.99316127755322,34.340160145704644,34.62825168164188,9218200
SLB,2025-05-14,34.580230712890625,34.897129907154785,34.234527496287505,34.28254152665719,10519500
SLB,2025-05-15,34.301753997802734,34.33056168852251,33.60073877214295,34.06168013984104,11998600
SLB,2025-05-16,34.349769592285156,34.38818229047528,33.76398876621358,34.25373784680984,12627000
SLB,2025-05-19,33.715972900390625,34.0616798389191,33.39907365232742,33.97525310428698,10077300
SLB,2025-05-20,33.197410583496094,33.677558267565445,33.034162129265844,33.677558267565445,13192100
SLB,2025-05-21,32.52519989013672,33.24542134531481,32.50599354507701,32.96693850003846,12564500
SLB,2025-05-22,32.40996551513672,32.611626643609874,31.862597501717715,32.24671707682105,11507700
SLB,2025-05-23,32.323543548583984,32.419571624867345,31.785776796982805,31.804983144886734,10467800
SLB,2025-05-27,32.58282470703125,32.74607317415303,32.15069102459654,32.62123740396687,17574800
SLB,2025-05-28,32.24671936035156,32.99574855528574,32.14108628655602,32.95733586240809,11032000
SLB,2025-05-29,32.342742919921875,32.53480269429619,32.00664106219345,32.47718366301324,9902900
SLB,2025-05-30,31.73775863647461,32.16989225009317,31.536097504531217,32.07386418628275,20668300
SLB,2025-06-02,32.01625061035156,32.48679699503921,31.603323271718455,32.40037025757562,12681500
SLB,2025-06-03,32.755672454833984,33.005347614803455,31.526495673625956,32.07386368795989,16171900
SLB,2025-06-04,32.189170837402344,33.12850328737591,32.082647724886414,32.80893764392968,13545100
SLB,2025-06-05,32.03422927856445,32.46031803642592,31.995492929458436,32.40221351276689,11545800
SLB,2025-06-06,32.79924774169922,32.98324352982263,32.3247404540255,32.43126355365462,10410100
SLB,2025-06-09,33.04134750366211,33.428703594878435,32.837987218119196,33.04134750366211,12437700
SLB,2025-06-10,34.39708709716797,34.64886594839657,33.264073031386424,33.448068820843034,15648900
SLB,2025-06-11,34.56171417236328,34.81349674065614,34.03878824995019,34.52298151840409,14446000
SLB,2025-06-12,34.50361633300781,34.571403100934795,33.81605902473131,34.13562838276005,10046700
SLB,2025-06-13,35.152427673339844,35.288001186352595,34.44550600255824,35.06527274438862,15387400
SLB,2025-06-16,34.77476119995117,35.258954479646455,34.4551955562851,34.99748966531882,16121500
SLB,2025-06-17,34.939388275146484,35.44294602713729,34.71665611925249,35.074961800228735,16172900
SLB,2025-06-18,34.716651916503906,35.28800005597074,34.687601505817796,34.95874852315763,17588600
SLB,2025-06-20,34.706974029541016,34.92970249229818,34.368040215367394,34.803811206704474,30021000
SLB,2025-06-23,32.663673400878906,35.02653492839291,32.55715030395679,35.01685268962773,25846100
SLB,2025-06-24,32.44095230102539,32.90577744294189,32.014863511127395,32.21822381807176,24521000
SLB,2025-06-25,32.131065368652344,32.653994981562406,32.005174085373675,32.43126652290103,13448800
SLB,2025-06-26,32.760520935058594,32.799253592113395,32.12138222328054,32.21822310117196,14211000
SLB,2025-06-27,32.9348258972168,33.0800853615788,32.644310662594414,32.92514365684009,17166000
SLB,2025-06-30,32.73146057128906,33.11881662064676,32.653991577878166,32.82830143067902,13101500
SLB,2025-07-01,34.08720397949219,34.63918396371361,32.3925276820156,32.73146146387045,18964600
SLB,2025-07-02,34.77476119995117,34.77476119995117,33.76763829160061,34.63918767269274,16153400
SLB,2025-07-03,34.522987365722656,34.861921233406605,34.36804564133827,34.861921233406605,7240700
SLB,2025-07-07,33.84510803222656,34.54234378207614,33.41901561910052,34.300247163382245,9710100
SLB,2025-07-08,35.38484191894531,35.54946584297165,33.835421375944456,33.87415772069223,13525700
SLB,2025-07-09,35.1040153503418,35.442949193325056,34.852236451854495,35.14275170214041,11430600
SLB,2025-07-10,35.49136734008789,35.81093296989479,34.571399409744416,34.890965039551325,11649200
SLB,2025-07-11,36.1305046081543,36.94394948263381,35.19116844400132,35.29769155879413,11335200
SLB,2025-07-14,35.07496643066406,35.94651221872237,34.82318382732798,35.84967502919433,12686400
SLB,2025-07-15,33.9613151550293,35.074961137036595,33.81605569855828,35.00717437577717,17351500
SLB,2025-07-16,33.49649429321289,34.07752480421825,33.21566127878281,33.893532671023664,19849600
SLB,2025-07-17,33.57395935058594,33.748269222182,33.089766083730524,33.389967239057405,70887000
SLB,2025-07-18,32.26664352416992,34.00005654872737,32.121384046140335,33.21566201675116,35376400
SLB,2025-07-21,32.47968673706055,33.19629073662101,32.402214037593666,32.58620985177669,22403000
SLB,2025-07-22,33.264076232910156,33.36091710355024,32.30537562523304,32.576522674822286,20793800
SLB,2025-07-23,34.02909851074219,34.40676862684883,33.48680447493821,33.69984697724646,22471100
SLB,2025-07-24,34.125946044921875,34.28088775604324,33.612698625374655,33.835427104230256,15592100
SLB,2025-07-25,34.348670959472656,34.503612654515976,34.000051222099835,34.29056643854339,11467800
SLB,2025-07-28,34.86191940307617,35.04591153671572,34.43583060691526,34.52298555318703,13367900
SLB,2025-07-29,34.50361633300781,34.823181996934764,34.09689203134412,34.66824028537283,14315300
SLB,2025-07-30,33.08976364135742,34.38740164851465,32.847667025799,34.30993265246857,17945400
SLB,2025-07-31,32.73146057128906,33.293126473447614,32.62493747301065,32.90577042408992,13121200
SLB,2025-08-01,32.00517272949219,32.54747049332493,31.33698738181538,32.54747049332493,17071400
SLB,2025-08-04,31.840553283691406,32.15043670835151,31.511301683227316,31.85023552454249,11901700
SLB,2025-08-05,32.44095230102539,32.55715766297905,31.666243731164556,31.95675898309964,12204500
SLB,2025-08-06,31.82118034362793,33.02197751087733,31.62750230868734,32.721780066115606,11467900
SLB,2025-08-07,31.75339698791504,32.59589228196418,31.675924287997038,32.23759028009757,11213300
SLB,2025-08-08,31.83086395263672,32.16980145189175,31.559716908513824,32.00517382217327,10217200
SLB,2025-08-11,31.346670150756836,32.0729600299298,31.133627631521687,32.04390961687532,10020000
SLB,2025-08-12,31.89864730834961,32.18916618929733,31.44350820346016,31.453190442244605,10286500
SLB,2025-08-13,32.4893684387207,32.4893684387207,31.782446691264607,31.947074327851134,10370400
SLB,2025-08-14,32.169803619384766,32.39253209122118,31.62750580049936,32.31505939105112,16284400
SLB,2025-08-15,31.947072982788086,32.29568902762583,31.888968461597752,32.05359239715157,10421900
SLB,2025-08-18,32.24726867675781,32.508733466662754,31.73402503033397,31.966435714181998,9148300
SLB,2025-08-19,32.2860107421875,32.663680940927996,32.04391408206135,32.26664256608519,10834500
SLB,2025-08-20,32.30537414550781,32.57652118267736,31.92770400256414,32.16980062692304,9917500
SLB,2025-08-21,32.74114990234375,32.89609159934736,32.102014940441194,32.3053752251144,11130100
SLB,2025-08-22,34.4842414855957,34.57139641236869,32.86703422083048,32.92513873671284,16024900
SLB,2025-08-25,34.522987365722656,34.69729726741786,34.18404980393661,34.47456507539458,8184200
SLB,2025-08-26,34.20341110229492,34.46487590225221,33.903209955506625,34.36803872927604,16438200
SLB,2025-08-27,34.84254455566406,35.074958932590256,34.106572467916656,34.1549910523301,13565700
SLB,2025-08-28,35.32674026489258,35.37515885270083,34.57139995159978,34.82317882466356,18279500
SLB,2025-08-29,35.67536163330078,35.87872192782287,35.35579228982182,35.35579228982182,11887800
SLB,2025-09-02,34.76507568359375,35.597884943142596,34.532661305837436,35.52041594662464,20356300
SLB,2025-09-03,34.164756774902344,34.90661842645994,34.076904394248935,34.48688341185251,16567600
SLB,2025-09-04,35.1506462097168,35.160409652326244,33.72548892904788,34.16475075491496,12427600
SLB,2025-09-05,34.96518325805664,35.4337279844962,34.584490900553405,34.76019563842605,13436400
SLB,2025-09-08,34.92613983154297,35.47277725291524,34.56497060646166,35.248266452261305,27242300
SLB,2025-09-09,34.92613983154297,35.69728805356918,34.91638011136792,35.17017379620979,12029500
SLB,2025-09-10,35.29707717895508,35.50206484276647,34.33070091237336,34.8675786847317,20429100
SLB,2025-09-11,35.17017364501953,35.68752817997987,34.91637996126868,35.17017364501953,15317600
SLB,2025-09-12,34.72114944458008,35.658238900993126,34.574727587913195,35.39468179319024,13476900
SLB,2025-09-15,33.940242767333984,35.433729374161615,33.92071960417552,34.945661466187865,14218500
SLB,2025-09-16,34.39902877807617,34.71139195023686,33.79382187380995,34.0671424421976,20804800
SLB,2025-09-17,33.95976638793945,34.818763236507074,33.65716294040104,34.18427718179208,20414600
SLB,2025-09-18,33.91096115112305,34.252607210001315,33.344800569367315,34.17451455445042,18765500
SLB,2025-09-19,33.608360290527344,33.73525900376126,33.19838126456509,33.569313959737975,33104800
SLB,2025-09-22,33.11052322387695,33.40336693109022,32.63221878626514,32.788400359069755,19114000
SLB,2025-09-23,33.66692352294922,34.35997900903313,32.895775389815775,32.983627755915315,26182700
SLB,2025-09-24,33.784061431884766,34.32093538983511,33.72549194198262,33.97928934122925,14604500
SLB,2025-09-25,33.76454162597656,33.969529275523115,33.40337237815696,33.598596583251,11619300
SLB,2025-09-26,34.672340393066406,35.06279243754283,33.93047517833551,33.93047517833551,14594600
SLB,2025-09-29,34.272132873535156,34.496643689124596,33.852394128492236,34.48688396830029,14983000
SLB,2025-09-30,33.54978942871094,33.969528158453684,32.6224595903569,33.88167577958514,18281900
SLB,2025-10-01,34.25260543823242,34.301411483595786,33.286229355922536,33.4033683331897,11264500
SLB,2025-10-02,33.29599380493164,34.359982010107075,33.24718775809404,34.12570777215885,10930200
SLB,2025-10-03,33.44240951538086,33.83286530903488,33.39360347208971,33.54978504481883,9581400
SLB,2025-10-06,33.76454162597656,34.008575606007135,33.35456260322043,33.72549529549254,18649900
SLB,2025-10-07,33.58883285522461,34.2623652192361,33.237423370118584,33.73525471523965,18080300
SLB,2025-10-08,33.159332275390625,33.754775672505104,33.05195674821754,33.715729349230834,15217300
SLB,2025-10-09,32.33938217163086,33.72549330921046,32.2027237466484,33.43265329515336,12284900
SLB,2025-10-10,30.963029861450195,32.30033685431437,30.963029861450195,32.23200763968471,15644200
SLB,2025-10-13,31.499902725219727,31.548708770506394,30.88493612835251,31.31443826366536,29484700
SLB,2025-10-14,31.792741775512695,31.97820623155384,30.93374311591595,30.992310740885195,13014200
SLB,2025-10-15,31.792741775512695,32.12462808672379,31.55847127563572,32.056298880621135,16212900
SLB,2025-10-16,32.1343879699707,32.153911132337136,31.577990875346163,31.978206394701754,24453600
SLB,2025-10-17,31.851316452026367,32.46627940714963,30.884940242505007,31.919645669262287,39002900
SLB,2025-10-20,32.63221740722656,32.681023448478754,31.724410890019186,32.16367270861344,17997800
SLB,2025-10-21,32.72007369995117,33.16909529124919,32.32961787572342,32.91530161206505,18033400
SLB,2025-10-22,34.067142486572266,34.38926537918012,33.18861873643679,33.276471111450334,18761400
SLB,2025-10-23,35.1506462097168,35.22873885594309,34.145227593358385,34.799240472685455,19431500
SLB,2025-10-24,34.97494888305664,35.765616529148225,34.94566227580912,35.238502282645356,17000600
SLB,2025-10-27,35.29707717895508,35.95109022725374,35.033520015341885,35.30683690042374,17423200
SLB,2025-10-28,35.00423049926758,35.46301551835317,34.83828547641558,35.31659365840508,12504600
SLB,2025-10-29,35.95108413696289,36.06821939305993,34.935901987688176,35.06279696360052,16662800
SLB,2025-10-30,35.453250885009766,36.16582955060196,35.4142045605126,35.80466035815933,15557600
SLB,2025-10-31,35.199459075927734,35.65824038010009,34.926138513723025,35.39468326136483,15188200
SLB,2025-11-03,36.13655090332031,36.41963120360069,35.170174738924956,35.23850395297017,19349000
SLB,2025-11-04,35.258026123046875,35.58991246347535,34.935903226442555,35.45325403923941,18718800
SLB,2025-11-05,35.677764892578125,36.146309657938566,35.10184458696914,35.3849248796857,14655300
SLB,2025-11-06,35.4922981262207,36.32201206307222,35.47277496346786,35.78513812018815,14651300
SLB,2025-11-07,35.78513717651367,35.92179558851721,35.03351218683172,35.609432440034126,11074700
SLB,2025-11-10,36.029170989990234,36.16582940150447,35.2482631215786,35.999888108569316,12276000
SLB,2025-11-11,36.71247100830078,37.171256063044446,36.22440306875658,36.31225544682105,10426200
SLB,2025-11-12,35.2092170715332,36.65389757026484,35.14088786524378,36.409863626756206,11588100
SLB,2025-11-13,35.44349670410156,36.058459654544684,35.21898588865459,35.3556443220864,10203600
SLB,2025-11-14,36.05845642089844,36.44891224454237,35.02375481846861,35.570388503174875,10858300
SLB,2025-11-17,34.94566345214844,36.04869802948005,34.76019897709702,35.94132248783766,10775700
SLB,2025-11-18,35.179935455322266,35.365399918541584,34.438070155119796,34.584492015956826,15306200
SLB,2025-11-19,35.00423049926758,35.26778761297658,34.28188836647299,34.53568576056132,9709500
SLB,2025-11-20,34.350223541259766,35.96084938579566,34.252611433448045,35.34588268032481,11718200
SLB,2025-11-21,35.326358795166016,35.46302095644997,33.82311225767406,34.330699676361846,20752800
SLB,2025-11-24,34.85780715942383,35.21898007231874,34.45759164604122,35.140887424018516,36923800
SLB,2025-11-25,35.043277740478516,35.092083787181934,34.174513725041926,34.965185086822906,13234500
SLB,2025-11-26,34.80900573730469,35.18969813915289,34.44783650012344,34.8968581164745,9754200
SLB,2025-11-28,35.37516784667969,35.51182628149949,34.67234878342006,34.86757671473252,4013000
SLB,2025-12-01,35.72657012939453,36.09750278992082,35.36540091248517,35.384924076056315,12674200
SLB,2025-12-02,35.4922981262207,35.64847970458084,34.66258046570663,35.443492081169886,12825600
SLB,2025-12-03,36.94347381591797,37.02218341940252,35.64479538306654,35.84156563869746,16133700
SLB,2025-12-04,37.504268646240234,37.6813615106388,36.80573776615738,36.89428419835666,15860100
SLB,2025-12-05,37.838775634765625,38.37005420917039,37.60265432597276,37.61249115005557,12579700
SLB,2025-12-08,37.62232971191406,38.20279988180008,37.12056538971614,37.71087613623838,24484700
SLB,2025-12-09,37.68136215209961,38.065062113801446,37.48459188240923,37.48459188240923,16847300
SLB,2025-12-10,39.285030364990234,39.344062565182156,37.58297466679972,37.73054953765906,20648100
SLB,2025-12-11,39.688411712646484,40.21969030906663,39.13745571416477,39.206324744839904,18982800
SLB,2025-12-12,38.81278991699219,40.12130531878126,38.51763637736976,39.89502081330137,14892500
SLB,2025-12-15,38.271671295166016,38.86197832545976,37.89780817433701,38.773431895607644,10957100
SLB,2025-12-16,37.002506256103516,38.27167047233706,36.88444560319915,37.9765132104554,19127100
SLB,2025-12-17,37.90764617919922,37.99619261180925,37.120568863265966,37.21895587343305,15363900
SLB,2025-12-18,37.51410675048828,37.93716148165103,37.27798169583077,37.9174840810062,12014800
SLB,2025-12-19,37.46491622924805,37.8682935716507,37.36652922312512,37.632168510036216,22594300
SLB,2025-12-22,37.710880279541016,38.24215513077788,37.54362423607181,37.82894094058468,8495800
SLB,2025-12-23,37.582977294921875,38.27167133299909,37.317338005102926,37.86829398618081,7930300
SLB,2025-12-24,37.356689453125,37.66167976535336,37.19927400882255,37.55345594369289,2928600
SLB,2025-12-26,37.17959976196289,37.44523905045191,36.93363787481534,37.346852043744555,4726700
SLB,2025-12-29,37.28782272338867,37.523944027819745,37.081211890660896,37.23862734464177,6806000
SLB,2025-12-30,37.92732238769531,38.10441524734243,37.38620698458714,37.38620698458714,7774500
SLB,2025-12-31,37.76007080078125,38.14377075272369,37.65184696755018,37.92732308626154,6157100
SLB,2026-01-02,39.5506706237793,39.78679192428211,37.4550743781447,37.78958268142402,14637200
SLB,2026-01-05,43.092525482177734,44.430558860675234,41.83320171562991,42.305448128085345,56362600
SLB,2026-01-06,42.925270080566406,43.85008543557524,42.71865924068818,43.56476874252294,28955400
SLB,2026-01-07,41.68561935424805,43.19090864742894,41.5183670733838,43.181068070271905,17255900
SLB,2026-01-08,43.712345123291016,43.8500831740524,41.97093458206409,42.167704834471955,20138500
SLB,2026-01-09,44.46990966796875,44.50926447040485,43.5746085544904,44.05669174855077,18306800
SLB,2026-01-12,44.420719146728516,44.76506429391097,43.65331549245236,44.6666810384533,19685700
SLB,2026-01-13,45.158599853515625,45.64068300653186,44.71586774650464,45.00118441025396,19535600
SLB,2026-01-14,46.21131896972656,46.959041429596276,45.53246178256388,45.68987723480384,23910300
SLB,2026-01-15,45.81778335571289,46.1129368910488,45.33570012371644,46.04406785790645,18019800
SLB,2026-01-16,45.975196838378906,46.23099931021053,45.56198265737797,45.92600521012841,17373100
SLB,2026-01-20,45.6997184753418,46.23099704177222,45.23730893569897,45.23730893569897,22587200
SLB,2026-01-21,47.73628234863281,47.824828775978695,46.240833660724824,46.33921691196226,22868200
SLB,2026-01-22,48.52336120605469,48.77916367257378,47.755961312658584,48.1593386608643,22767000
SLB,2026-01-23,48.356109619140625,50.83540219551672,48.04127869664586,49.19237855331472,43516200
SLB,2026-01-26,48.897220611572266,49.26124312909114,48.43481109399402,48.897220611572266,25377200
SLB,2026-01-27,49.841712951660156,50.63863075781139,49.22188799132031,49.4776904366391,17329700
SLB,2026-01-28,48.08062744140625,49.910584436325564,47.687090683700454,49.58591670504529,24531000
SLB,2026-01-29,47.66741180419922,49.76300801593131,47.569024803014415,49.07431401995904,32023100
SLB,2026-01-30,47.59854507446289,47.76579735491917,46.535987928927014,47.51983546972074,16406600
SLB,2026-02-02,47.27387237548828,47.88385678431743,46.585178363929984,46.90000926868571,16616400
SLB,2026-02-03,48.95625305175781,48.995607854991626,47.32306624836078,47.35258422732644,27108800
SLB,2026-02-04,50.520572662353516,50.599282271682064,48.95625483121565,49.0448012651699,23745400
SLB,2026-02-05,48.710289001464844,49.74333189860625,47.88385693559998,49.56623904498661,24708200
SLB,2026-02-06,49.881072998046875,50.422188415795375,48.61190872059774,48.70045515281699,16188800
SLB,2026-02-09,49.723655700683594,50.1073556417811,49.28092355592473,49.664623497022234,13581400
SLB,2026-02-10,49.50720977783203,50.13687162666286,48.98577176297163,50.068002596514525,14102500
SLB,2026-02-11,51.02632141113281,51.45187093003082,50.402841268875534,50.52159813280604,22951700
SLB,2026-02-12,50.1158447265625,51.85762977476245,49.818950663295844,50.957048976899664,24008600
SLB,2026-02-13,49.86842727661133,50.679939394958076,49.413189507824114,49.769463857383656,19520600
SLB,2026-02-17,49.324119567871094,50.501800835320864,48.33447030188268,50.09604478727411,24436100
SLB,2026-02-18,51.05601119995117,51.1054929134577,49.98718806718888,50.28408589865357,16436400
SLB,2026-02-19,51.006526947021484,51.699282227261506,50.759114616593806,51.224247230653305,14326700
SLB,2026-02-20,50.32366943359375,51.1549750633179,49.95750022026668,50.89766788576145,12717500
SLB,2026-02-23,50.709632873535156,51.15497204785376,49.54184637263678,50.383046785474775,11727900
SLB,2026-02-24,51.313316345214844,51.78835134667954,50.679941376878716,50.93725231727314,12787500
SLB,2026-02-25,51.12528610229492,51.620110785350505,50.284085651185514,51.46176703778123,11308900
SLB,2026-02-26,50.9570426940918,51.64979416456278,50.06635683889714,50.77890552305286,12141300
SLB,2026-02-27,50.808597564697266,51.46176598192083,50.303878059429685,51.0659047335133,16691400
SLB,2026-03-02,50.739322662353516,51.90710919817211,48.9282625385083,51.90710919817211,20431300
SLB,2026-03-03,48.07716751098633,50.274186513449,47.68130625862966,49.749673563007214,22659800
SLB,2026-03-04,47.39430618286133,48.8688853572661,46.988550105374806,48.1464417937029,19906700
SLB,2026-03-05,46.90938186645508,47.513064813786606,45.81087045660731,47.483376540616476,20285000
SLB,2026-03-06,46.414554595947266,47.166686417695004,45.91972993618327,46.919274087813015,13470400
SLB,2026-03-09,46.70155334472656,46.780727108011256,45.029047235071936,46.38486584201341,21100800
SLB,2026-03-10,47.612030029296875,48.01778610494307,46.21662462034652,46.642174135684314,18112700
SLB,2026-03-11,47.67140579223633,48.26519764761926,46.65206820369922,46.99844772980907,18385000
SLB,2026-03-12,44.098777770996094,46.820313568410334,43.960223686494444,46.820313568410334,25983100
SLB,2026-03-13,44.257118225097656,44.425356795216025,43.09922657258812,44.00970589830299,16897300
SLB,2026-03-16,44.494632720947266,44.544114432126946,43.84146431782278,44.098775256297245,12648500
SLB,2026-03-17,45.652523040771484,46.15724252018728,44.47483796344719,45.029042927788765,14766200
SLB,2026-03-18,44.85091018676758,45.840559579723994,44.72225470862365,45.41501003873571,13277000
SLB,2026-03-19,47.32503128051758,47.384411600174474,44.2373263873992,44.75194449878771,28158000
SLB,2026-03-20,46.14734649658203,47.978196135180696,45.89993417919236,47.51305977042015,65344800
SLB,2026-03-23,48.740230560302734,49.3340186611046,46.59269327969706,47.01823902763704,25770300
SLB,2026-03-24,49.987186431884766,50.561184860378184,48.33447384851516,48.522505863773716,19715000
SLB,2026-03-25,51.3529052734375,52.00607370749608,50.016880132249014,50.03667357270081,24105700
SLB,2026-03-26,51.768558502197266,52.14462253446255,50.94714773523398,51.01642288724141,16516100
SLB,2026-03-27,52.94623947143555,53.144170093661,51.3628020440571,51.808141225048615,22048600
SLB,2026-03-30,50.99663162231445,54.23278556564372,50.77891132466809,53.737960872936725,20578800
SLB,2026-03-31,50.85807800292969,52.45141401379794,50.51170225065945,51.67948875147421,22268600
SLB,2026-04-01,49.51215744018555,50.84818637281557,49.02723135647053,49.828844940835744,19574100
SLB,2026-04-02,48.928260803222656,50.57107851607776,48.33447272395938,49.98718526887677,14883800
SLB,2026-04-06,49.26474380493164,49.54184819215743,48.6709557005571,48.88867976726036,7643800
SLB,2026-04-07,49.82884216308594,49.9179107536294,48.69074770082229,49.35381093859164,9928200
SLB,2026-04-08,51.3430061340332,51.768555630018945,49.244946924685486,49.90801391095656,20970100
SLB,2026-04-09,51.996177673339844,52.342553435210455,50.640355347817376,51.164872069637724,16033100
SLB,2026-04-10,51.38259506225586,53.193655277287064,51.14508132025322,52.01597384975957,13219900
SLB,2026-04-13,51.38259506225586,52.2040058767794,50.98673756718051,51.65969946154275,11847000
SLB,2026-04-14,50.9570426940918,51.46176216189385,50.38304430403027,50.76900691621049,11104100
SLB,2026-04-15,51.877418518066406,52.293073219419526,51.11539182014243,51.20446041506004,12535000
SLB,2026-04-16,51.194557189941406,52.39203192177927,51.036213454948076,51.71907010425449,12080400
SLB,2026-04-17,52.114933013916016,52.86706483564328,49.99708407421781,50.27418467561008,20594600
SLB,2026-04-20,51.659698486328125,52.60976098682943,50.72942565127607,51.847730509798346,15347100
SLB,2026-04-21,52.223793029785156,53.17385543382873,52.09513756615038,52.154517882107754,13591200
SLB,2026-04-22,53.78744125366211,54.28226593410136,52.63944814605154,52.94624080700046,14433100
SLB,2026-04-23,54.17340850830078,54.95522864625076,53.876510675303344,53.99527131858743,20598000
SLB,2026-04-24,55.56881332397461,56.3110503473124,53.46085912063571,53.767651782691914,23294100
SLB,2026-04-27,54.65833282470703,56.11311856868431,54.529677352907214,55.53912013697179,17070400
SLB,2026-04-28,55.07398986816406,56.172497515987416,54.836472354313216,55.27191672529149,13619300
SLB,2026-04-29,55.12346649169922,56.29125296192546,54.60884840522558,55.89539173380344,13346400
SLB,2026-04-30,56.291255950927734,56.45949452792477,54.529677544980636,54.67812645721198,13798800
SLB,2026-05-01,56.33083724975586,56.60794162535647,55.42036169121646,55.84591119907674,9711100
SLB,2026-05-04,55.054195404052734,56.38032570830537,55.03440196366535,56.1527068066696,9888700
SLB,2026-05-05,55.42036056518555,55.80632318651624,54.87605420753425,55.14325997042761,7547500
SLB,2026-05-06,54.58905792236328,55.737051015827426,53.80723403085242,54.331750752799195,12937000
SLB,2026-05-07,52.451416015625,53.76765147491165,52.25348538882539,53.5499274079108,16615500
SLB,2026-05-08,52.71862030029297,53.33220182827767,52.18420875565504,52.62955170951998,10534100
SLB,2026-05-11,54.3614387512207,54.49998905530408,53.08479019180224,53.114478464045064,9513600
SLB,2026-05-12,55.0640869140625,55.67766842819674,54.15361136245766,54.688019119819735,10046800
SLB,2026-05-13,54.80678176879883,55.25212472897467,54.09423303251749,55.192744409213674,13672100
SLB,2026-05-14,55.172950744628906,55.410468247493064,54.70781434642677,54.82657498546517,5192600
SLB,2026-05-15,54.80678176879883,55.380776425637855,54.65833285700267,54.895850360834,10566800
SLB,2026-05-18,56.5584602355957,56.99390457799293,54.53957471362095,54.57916159253322,11461700
SLB,2026-05-19,56.18239212036133,57.07307423960235,55.83601259464604,56.63762989965424,11605500
SLB,2026-05-20,56.687110900878906,57.10276557149216,56.01414907242888,56.28135483742043,11128300
SLB,2026-05-21,56.65742492675781,57.06318100666582,56.02404995082458,56.924630702582014,18027000
SLB,2026-05-22,56.687110900878906,57.28090274815319,55.7568419145921,56.538665770469706,10203400
SLB,2026-05-26,57.37986755371094,58.21117313979461,56.44959854496525,56.607942286352014,13452400
SLB,2026-05-27,55.915184020996094,56.60793926833409,55.083878479232965,56.45949036704296,16202900
SLB,2026-05-28,54.549468994140625,55.59849862343252,53.757750299963966,55.54901691289882,14097900
SLB,2026-05-29,53.98537063598633,54.59895216852236,53.79733862083198,54.242681578000315,31216600
SLB,2026-06-01,54.18330001831055,54.63853779734489,53.41137476036427,54.470299225828406,12977800
SLB,2026-06-02,55.97456741333008,56.16259942678375,54.054645298727756,54.272369359199175,11982700
SLB,2026-06-03,56.55654525756836,56.96442873246968,55.37268926822215,55.71093437875054,11389400
SLB,2026-06-04,57.71055603027344,57.81998882756248,55.81041542690828,56.695824516335016,9985000
SLB,2026-06-05,54.58676528930664,57.621020724461054,54.20872954506218,57.30267283719932,10062100
SLB,2026-06-08,56.258094787597656,57.06391502900318,55.293104394193044,55.293104394193044,14202700
SLB,2026-06-09,55.56170654296875,56.60628958728203,54.16893547556137,56.45706235380693,13093300
SLB,2026-06-10,55.22346115112305,56.47695927982797,54.94490769808025,55.700986777776656,11849100
SLB,2026-06-11,55.710933685302734,56.20835273606437,54.676301148917055,55.45227744870941,10567600
SLB,2026-06-12,55.89000701904297,56.57644396956648,55.40253466055085,56.198408208701764,11980000
SLB,2026-06-15,53.43275451660156,55.3726896096828,53.24373663999602,55.0841856440694,15240800
SLB,2026-06-16,52.796058654785156,54.08934745006884,52.72642029007801,53.57203117295412,15336500
SLB,2026-06-17,50.07020568847656,52.865698448742926,49.87123730035996,52.60704220069579,19772400
SLB,2026-06-18,47.841766357421875,49.96077266057208,47.36424450509341,49.841389351235215,41856500
SLB,2026-06-22,47.70248794555664,48.438666018852665,46.99615380104104,48.150165852294066,23279100
SLB,2026-06-23,47.54331588745117,48.01088723526337,46.82703120824086,47.15532961788104,28651100
SLB,2026-06-24,46.36940383911133,46.70764894046852,45.633221984978796,46.657907795123144,28107200
SLB,2026-06-25,47.17522048950195,47.23491214120957,46.180382397745205,46.33956013563219,21635300
SLB,2026-06-26,46.75739288330078,47.16527637154634,46.31966546506366,46.46888891002783,16848700
SLB,2026-06-29,46.140594482421875,47.04589704756936,46.001317748554015,46.67780419948273,8193100
SLB,2026-06-30,46.25002670288086,46.886722503964855,45.93167500733254,46.6479596810552,14315000
SLB,2026-07-01,44.85725021362305,46.12069505976486,44.847303502396315,46.12069505976486,16049800
SLB,2026-07-02,44.89704513549805,45.32482582800494,44.35983164327922,45.135804157591146,11677500
SLB,2026-07-06,45.48400115966797,45.83219299207757,44.51900694555229,44.528953657189845,10598000
SLB,2026-07-07,46.180381774902344,46.53852409030542,45.593430951888074,45.832189965486066,10376100
SLB,2026-07-08,47.18517303466797,47.3741909140677,46.46888836324785,46.46888836324785,17370500
SLB,2026-07-09,46.99615478515625,47.30455217569515,46.71759752901644,47.13543151572301,10894800
SLB,2026-07-10,47.513465881347656,47.79202312933716,47.085688990697335,47.155327353943164,7573400
SLB,2026-07-13,47.115535736083984,48.47846294895874,47.05584408044475,48.12032060513614,8032600
SLB,2026-07-14,47.29460525512695,48.209854506237015,46.9165657059698,47.851712174930896,9407500
SLB,2026-07-15,47.30455017089844,47.782071996178075,46.588269330482035,47.4537774016135,8801500
SLB,2026-07-16,46.836978912353516,47.49357189733949,46.60816281295898,46.996152854319625,6555500
SLB,2026-07-17,46.74744415283203,47.04589482487801,46.190333448675,46.75739086406421,12926500
SLB,2026-07-20,46.15053939819336,46.986203563887365,46.07095432265434,46.75739125357911,11751900
SLB,2026-07-21,46.34950637817383,46.488783102410764,44.946784834777965,45.92172569944261,19129000
SLB,2026-07-22,47.42393112182617,47.6228995038332,46.90661864161662,46.90661864161662,12740900
SLB,2026-07-23,46.97625732421875,48.37897892410934,46.90661895929559,47.80197099188173,12435600
SLB,2026-07-24,52.1494140625,52.318538521601475,49.48325130878194,49.81154592526328,28901100
SLB,2026-07-27,51.264007568359375,52.92538921704329,51.16452527347083,52.03003338302126,16787900
SLB,2026-07-28,49.722007751464844,51.68184002163964,49.62252545952961,51.36349213343947,15340000
SLB,2026-07-29,48.707271575927734,51.05509005626354,48.707271575927734,50.5178765812702,13762600
SLB,2026-07-30,48.65753173828125,49.45340146613474,48.13026875514198,49.005723558277715,11946000
SLB,2026-07-31,49.334022521972656,49.6921648523691,48.120318801186095,49.18479528597206,12317400
SLB,2026-08-03,49.05546951293945,49.493196923548474,48.05068087732821,48.766965544694145,13000000
SLB,2026-08-04,50.547725677490234,50.65715468165986,48.56799617105174,48.56799617105174,11277300
SLB,2026-08-05,49.65237045288086,51.01529761565304,49.65237045288086,50.83622645032458,9679100
SLB,2026-08-06,51.273956298828125,52.15936159568891,50.36865378467757,50.458189364978445,11474800
SLB,2026-08-07,50.269168853759766,51.45302864217414,50.02045932442985,50.78648513016673,8351400
SLB,2026-08-10,52.92538833618164,52.955232265150244,50.40844533132428,50.497980913236304,10239700
SLB,2026-08-11,53.40291213989258,53.711313332273164,52.766216331757775,53.20394375109886,8139500
SLB,2026-08-12,52.33843231201172,53.17409645605756,52.25884344352825,52.975128079855004,8203700
SLB,2026-08-13,51.79127502441406,52.16931078586506,51.33364659501567,51.73158336970827,8476700
SLB,2026-08-14,53.49244689941406,53.71131250320948,51.9305513332526,52.000189699004544,9942300
SLB,2026-08-17,53.58198165893555,53.721258388296796,52.80600914106215,53.701361170530014,6545800
SLB,2026-08-18,52.93533706665039,54.29826806496569,52.905493136543434,53.780951771409036,5328500
SLB,2026-08-19,53.27357864379883,53.910274410412825,52.78611010780016,53.42280587441416,7017600
SLB,2026-08-20,53.27357864379883,54.049554929989995,53.253681426716376,53.59192652710583,8441300
SLB,2026-08-21,53.59192657470703,53.87048381910267,52.91543637332726,53.721256588354784,7094100
SLB,2026-08-24,53.72126007080078,53.81079565605237,52.24890006500182,53.343220511404475,14376900
SLB,2026-08-25,53.014923095703125,54.61661303894636,52.68662470211635,53.32332047694458,10715000
SLB,2026-08-26,53.32332229614258,53.63172348291173,51.71168558674966,52.27874301773988,7935600
SLB,2026-08-27,54.726043701171875,55.60150231560889,52.80600960730259,52.89554139553426,15248900
SLB,2026-08-28,57.03407287597656,57.12360466613681,54.38779975772016,54.52708028631763,18116900
SLB,2026-08-31,59.78976821899414,60.14791054175784,57.6707658009859,57.889627602114466,35211900
SLB,2026-09-01,56.85499954223633,59.869357803134925,56.77541067178052,59.69028663961558,18471600
SLB,2026-09-02,58.130001068115234,58.470001220703125,56.29999923706055,56.65999984741211,14004200
SLB,2026-09-03,57.40999984741211,59.36000061035156,57.2599983215332,58.16999816894531,9157500
SLB,2026-09-04,57.5099983215332,57.54999923706055,56.2400016784668,57.0,7587531
