symbol,date,close,high,low,open,volume
SO,2018-01-02,33.13897705078125,33.77126730029423,32.991443552558515,33.72911372366307,7278800
SO,2018-01-03,32.949302673339844,33.27949641070308,32.907149083892925,33.05468262696959,6292800
SO,2018-01-04,32.80878829956055,33.08277988848762,32.72448381373482,32.942270625450554,5231500
SO,2018-01-05,32.864990234375,32.98442404536326,32.626125292389744,32.872017171487336,6120500
SO,2018-01-08,33.160064697265625,33.1811401516352,32.82986828552008,32.94930211359488,7945500
SO,2018-01-09,32.74555969238281,33.195187195974114,32.72448424064926,33.16006054975442,5694500
SO,2018-01-10,32.28889846801758,32.67529685523893,32.18351855149762,32.64017021639895,7197000
SO,2018-01-11,31.790090560913086,32.204591296420745,31.670659462880803,32.071109008033396,6867800
SO,2018-01-12,31.502059936523438,31.87440724372412,31.22104138166041,31.670671605439566,8591200
SO,2018-01-16,31.375591278076172,31.71983875773747,31.129702135454284,31.57230259217368,9767000
SO,2018-01-17,31.64958381652832,31.811168498283063,31.305339005830618,31.347489900207055,10598400
SO,2018-01-18,31.544208526611328,31.71281748882537,31.094578374061236,31.593386363923017,9885100
SO,2018-01-19,31.221027374267578,31.663630461604804,31.19995193010545,31.60742838384234,8808600
SO,2018-01-22,30.940025329589844,31.417755262126008,30.890847484769196,31.340475025981696,9649500
SO,2018-01-23,31.242115020751953,31.43882637286207,30.321781931967436,30.680077991881035,10273700
SO,2018-01-24,30.968122482299805,31.326418531096262,30.9681224822998,31.221035921454963,8133000
SO,2018-01-25,31.34749412536621,31.396671962094295,30.93299330152155,30.968122624891127,6763800
SO,2018-01-26,31.129714965820312,31.50206230096821,30.897874238658353,31.368579951384866,8851900
SO,2018-01-29,30.904888153076172,31.059445892725133,30.806529816947844,31.031343510974185,5900400
SO,2018-01-30,31.473949432373047,31.55825390510517,30.89786395538695,30.89786395538695,8254700
SO,2018-01-31,31.691740036010742,31.719842421267728,31.270212297128836,31.438823928679792,9355200
SO,2018-02-01,31.178876876831055,31.82521551914948,31.066470039906527,31.6917332377986,9120700
SO,2018-02-02,31.031356811523438,31.284272995704757,30.92597685477574,31.052434946866402,7211600
SO,2018-02-05,30.7152099609375,31.417753627528082,30.5747006916211,31.073506051702477,9907400
SO,2018-02-06,30.55362319946289,30.827614782342934,29.94943525773191,30.448240584513076,14707700
SO,2018-02-07,30.4482364654541,30.862737252196194,30.335829608710018,30.48336310568834,10125300
SO,2018-02-08,30.49039649963379,30.94704827938004,30.23045341086425,30.34988722894593,9475700
SO,2018-02-09,31.143754959106445,31.368568667000606,30.42013332433075,30.476338091299684,11018600
SO,2018-02-12,31.38964080810547,31.523123095609787,30.890835613757726,31.143751678494755,7209700
SO,2018-02-13,31.34749412536621,31.502054572220825,30.982171138249637,31.31939441865809,6832400
SO,2018-02-14,30.616853713989258,31.214014747624987,30.602802519316594,31.157809968934334,8010300
SO,2018-02-15,31.30534553527832,31.31236979247588,30.72223302820252,30.806537514529772,8512300
SO,2018-02-16,31.269752502441406,31.36228838217682,30.97079147380944,31.30534238992907,7861100
SO,2018-02-20,30.94232177734375,31.262633486115938,30.743013516047192,31.134510431807712,8368500
SO,2018-02-21,30.55082893371582,31.212811259993888,30.543712041269025,31.020625295247797,8576300
SO,2018-02-22,30.62200927734375,30.91385072312638,30.1664521634718,30.550826781217143,7088800
SO,2018-02-23,31.369396209716797,31.476168556663513,30.600644543834598,30.621997927090508,5648000
SO,2018-02-26,31.340932846069336,31.675483768259085,31.219926683348863,31.52600460889812,6777700
SO,2018-02-27,30.89249610900879,31.547358755441905,30.892496109008793,31.326697099186674,6709500
SO,2018-02-28,30.650470733642578,30.992138440383574,30.557934881191823,30.92095597106239,7518600
SO,2018-03-01,31.305349349975586,31.476184649365894,30.6647230867656,30.6647230867656,9698300
SO,2018-03-02,31.461942672729492,31.79649088967175,31.020622072833312,31.305343901819608,8117400
SO,2018-03-05,31.917503356933594,32.10257243079831,31.348056919655857,31.40500020571623,10168200
SO,2018-03-06,31.390756607055664,31.960205630900145,31.333813333871728,31.960205630900145,6080600
SO,2018-03-07,31.084674835205078,31.490408164523167,30.942315312310416,31.36939931166209,6400400
SO,2018-03-08,30.899627685546875,31.27688557570197,30.8569181692642,31.10605294124281,6059700
SO,2018-03-09,31.14874839782715,31.14874839782715,30.8284366460397,30.920969824614627,5335400
SO,2018-03-12,31.191455841064453,31.24128223095956,30.956560390892484,31.049093563363616,5337300
SO,2018-03-13,31.027738571166992,31.376525997771264,30.942322295087475,31.21992722884676,6201500
SO,2018-03-14,31.355175018310547,31.490420419159204,31.077570039167373,31.091806540063807,4019400
SO,2018-03-15,31.269752502441406,31.66124669547442,31.177216622705995,31.319578887991007,4937200
SO,2018-03-16,31.454809188842773,31.525991651186818,31.20567735897186,31.2626206135138,9154500
SO,2018-03-19,31.44059181213379,31.76802590732848,31.27687612220392,31.461947921488083,6060400
SO,2018-03-20,31.212799072265625,31.597176282338776,31.113146324913416,31.454814050978307,4360100
SO,2018-03-21,31.24840545654297,31.647016621859127,31.17010605897446,31.24840545654297,4510100
SO,2018-03-22,31.184345245361328,31.760908649225694,31.17722563660477,31.248408147494604,9938000
SO,2018-03-23,30.686077117919922,31.312469608240413,30.62201421873561,31.26976010367253,5458100
SO,2018-03-26,31.191455841064453,31.255518730263102,30.657599336187268,30.74301561667393,6647700
SO,2018-03-27,31.696842193603516,31.945976880785082,31.091805853213,31.191458641951687,6241700
SO,2018-03-28,31.7751407623291,32.017155835254904,31.604308190460753,31.76090426211761,4792500
SO,2018-03-29,31.789369583129883,32.06697448185555,31.718189814602216,31.853432460938432,4507100
SO,2018-04-02,31.469057083129883,31.99579663399005,31.2483981582478,31.83919787542784,4895200
SO,2018-04-03,31.44059181213379,31.625663611417956,31.340939019596906,31.48330131550743,4563000
SO,2018-04-04,31.881906509399414,31.931732892084273,31.298223699090325,31.461939344388316,5422400
SO,2018-04-05,32.03850555419922,32.14527793587493,31.39787941014836,31.889026392120797,4187400
SO,2018-04-06,31.881906509399414,32.2022209090408,31.79648752593891,32.05985865194083,4113500
SO,2018-04-09,31.8676815032959,32.074106714758834,31.760909093136398,31.889034899193724,3227000
SO,2018-04-10,31.533126831054688,31.95309409882681,31.440590933997132,31.86055820176926,4422500
SO,2018-04-11,31.654123306274414,31.703949681595848,31.390752219193914,31.554470555631546,3536200
SO,2018-04-12,31.191455841064453,31.817848233747377,31.14162945116935,31.661249456742997,4581200
SO,2018-04-13,31.276872634887695,31.43347141446228,31.21992935207353,31.269755742786415,4847000
SO,2018-04-16,32.08122253417969,32.09545903607999,31.383650233075628,31.390767126358227,6830200
SO,2018-04-17,32.61506271362305,32.75030534057391,31.995790127128203,32.131032754079065,6351800
SO,2018-04-18,32.33746337890625,32.949619180276834,32.32322688174249,32.650658170506325,4027300
SO,2018-04-19,32.45846939086914,32.47270588797108,32.10256510932305,32.280517250096096,4297600
SO,2018-04-20,32.187992095947266,32.6506661478073,32.11680959273698,32.501186964067976,4990300
SO,2018-04-23,32.20221710205078,32.37304961810732,32.08120824745466,32.22357048772437,3525200
SO,2018-04-24,32.529659271240234,32.67202155928826,32.18799140912586,32.301880696497314,5078300
SO,2018-04-25,32.764549255371094,32.97097440272895,32.43711794839029,32.45135444634611,6090700
SO,2018-04-26,32.80725860595703,32.914030982492186,32.657779451075285,32.750312614382466,4231000
SO,2018-04-27,33.027931213378906,33.27706322087705,32.67914368754627,32.743206591665114,4888700
SO,2018-04-30,32.828609466552734,33.18451374047778,32.821492575821246,33.12045086255791,4999300
SO,2018-05-01,32.60795593261719,32.828614881030525,32.50830043860117,32.743198601494214,5998100
SO,2018-05-02,32.9211540222168,33.049279811854376,32.47271375848528,32.60795915606652,5186800
SO,2018-05-03,32.92827606201172,33.07775798351173,32.56525474484943,32.821506364180586,4566300
SO,2018-05-04,32.764549255371094,33.15604616082025,32.75031275741527,32.93538451550658,4151000
SO,2018-05-07,32.35169982910156,32.878436646724886,32.28763694962476,32.764547384914366,5224700
SO,2018-05-08,31.426359176635742,32.27341065953861,31.4192395681454,32.23070115460169,6020400
SO,2018-05-09,31.170093536376953,31.547351156369178,31.041967794618497,31.525997771187377,4662400
SO,2018-05-10,31.82495880126953,31.860548684788437,31.255512518964842,31.319575395432498,4247800
SO,2018-05-11,31.98155403137207,32.123916265131655,31.739539048580898,31.832074907824694,3467900
SO,2018-05-14,31.711071014404297,32.12392128529183,31.533118873228815,31.995795526418746,4243700
SO,2018-05-15,31.469057083129883,31.682599116865628,31.33381442867524,31.618536235211476,4828700
SO,2018-05-16,31.241273880004883,31.65412410344684,31.049085263781958,31.48328887280406,4736200
SO,2018-05-17,31.049087524414062,31.298222140768278,30.98502464767544,31.25551265116451,5043800
SO,2018-05-18,30.839784622192383,31.308914209764403,30.616045429884906,31.128480176575913,6696800
SO,2018-05-21,31.352218627929688,31.55430663025053,31.05630690463652,31.229524799025096,8321700
SO,2018-05-22,31.431617736816406,31.648138092862688,31.23674859041304,31.395531469676307,4643900
SO,2018-05-23,31.74917221069336,31.799693517373782,31.482127871720014,31.510997976453034,5352600
SO,2018-05-24,31.93682098388672,32.01621239181703,31.590388001903687,31.705865662564698,4156300
SO,2018-05-25,32.1317024230957,32.218310013633996,31.965703394061617,31.965703394061617,4511400
SO,2018-05-29,31.97292137145996,32.276052085458424,31.886313775977182,32.05231281448827,7259900
SO,2018-05-30,32.29048156738281,32.34821903666547,31.72752541094617,31.87908936516916,4749600
SO,2018-05-31,32.40595245361328,32.58638648118751,32.04508439846482,32.254385778015305,6990400
SO,2018-06-01,31.900739669799805,32.398736642270876,31.763608033706955,32.34099917960417,4029600
SO,2018-06-04,31.705867767333984,32.18942964307641,31.698648864385863,32.03786571962324,4196700
SO,2018-06-05,31.59039306640625,31.864653586896726,31.424394074668744,31.778043262612336,5533600
SO,2018-06-06,30.955257415771484,31.74916868862938,30.890301063930423,31.705863536333865,5945100
SO,2018-06-07,31.16457176208496,31.460483516990323,30.911965173704285,31.070745277884143,4871400
SO,2018-06-08,31.23674774169922,31.316139179173756,31.0130112395862,31.186226418434625,3981500
SO,2018-06-11,30.91918182373047,31.27283380637484,30.839790393756914,31.222309734678188,4887300
SO,2018-06-12,31.352218627929688,31.388307639447536,30.89752681741911,30.919178021765795,4338400
SO,2018-06-13,31.597610473632812,31.713088157400115,31.186221053136475,31.359438955390004,7778200
SO,2018-06-14,31.907958984375,32.06674184056314,31.575960969804612,31.597612176301066,5690100
SO,2018-06-15,32.06674575805664,32.10283202436105,31.597616036482464,31.828571444677422,10329400
SO,2018-06-18,32.167781829833984,32.319345769255904,31.94404261935038,32.03786909512803,4592300
SO,2018-06-19,32.52143859863281,32.53587365498617,32.175005505768695,32.20387286526992,7068200
SO,2018-06-20,32.514217376708984,32.63691397036573,32.36265342560825,32.50700122564931,4269700
SO,2018-06-21,32.68743896484375,32.802916667227166,32.44926465499982,32.51422103466584,4932800
SO,2018-06-22,33.0627326965332,33.14934026016206,32.65855947759051,32.82455845504783,6345600
SO,2018-06-25,33.63290023803711,33.719510549973606,33.09881708045197,33.185424639183815,6812100
SO,2018-06-26,33.26482391357422,33.618475887919864,33.00499842274155,33.26482391357422,5917300
SO,2018-06-27,33.438045501708984,33.517434185343035,33.14934986832944,33.19987119119001,3929900
SO,2018-06-28,33.445255279541016,33.81333952640442,33.394733966308884,33.56073296024376,5500400
SO,2018-06-29,33.42360305786133,33.62568830464134,33.19986385377988,33.42360305786133,4017100
SO,2018-07-02,33.849430084228516,33.85664623507472,33.466908012454915,33.502994273096334,4198900
SO,2018-07-03,33.92159652709961,34.166986909977034,33.70507624884417,33.798902712263256,2346200
SO,2018-07-05,34.32577896118164,34.32577896118164,33.79891179959573,33.936040703612186,4763200
SO,2018-07-06,34.470123291015625,34.53507966590972,34.26082186365056,34.318559333997875,3550300
SO,2018-07-09,33.46691131591797,34.43403806387955,33.336998562221225,34.41960300755708,4564200
SO,2018-07-10,34.166996002197266,34.44847271415391,33.214304321787644,33.38030333773116,8859400
SO,2018-07-11,34.47734069824219,34.563948276604556,34.152558837876704,34.210299058921805,5138500
SO,2018-07-12,34.62891387939453,34.69387026878246,34.34743710978215,34.46291482944892,6483300
SO,2018-07-13,34.614463806152344,34.72994147573031,34.31133595596198,34.571161400813615,3508100
SO,2018-07-16,34.43403625488281,34.61447031962632,34.27525615008815,34.47012251719045,3172200
SO,2018-07-17,34.39072799682617,34.571162030905626,34.28968262504959,34.49898676535093,2192300
SO,2018-07-18,34.318546295166016,34.448458995595765,34.0515047457068,34.448458995595765,3163800
SO,2018-07-19,34.58560562133789,34.81656379330474,34.35465020257681,34.35465020257681,4496700
SO,2018-07-20,34.29690933227539,34.513429671797745,34.06595393635748,34.40516812543382,4342400
SO,2018-07-23,34.18143081665039,34.426821263093785,34.01543180188066,34.34021367999771,2342800
SO,2018-07-24,34.311344146728516,34.41238678757943,33.67621543583006,34.05873479139577,4285800
SO,2018-07-25,34.318546295166016,34.491764146807135,34.14533119672925,34.15254734532897,3674500
SO,2018-07-26,34.70106887817383,34.80932762836216,34.46289467199159,34.585588472845906,5977700
SO,2018-07-27,34.6216926574707,34.85264806299,34.491779897715396,34.73717036023035,3439700
SO,2018-07-30,34.57838439941406,34.67942703615722,34.39073418163467,34.58560055066485,3360500
SO,2018-07-31,35.07638168334961,35.11247069947835,34.64334102185853,34.679427284781895,5986100
SO,2018-08-01,34.70106887817383,34.98254548314964,34.39793832059683,34.94645647988247,5303600
SO,2018-08-02,34.98255920410156,35.03308052464593,34.5783858865411,34.701082488724204,4906800
SO,2018-08-03,35.314552307128906,35.38672482548078,34.78768521418597,34.96090035951251,4288600
SO,2018-08-06,35.35786056518555,35.67542352821944,35.249599024975744,35.292904191700735,4468300
SO,2018-08-07,35.42281723022461,35.523859866875895,35.155772829697234,35.31455568912374,4575700
SO,2018-08-08,33.83499526977539,34.28247096196036,33.70508252797891,34.246384701062496,10954000
SO,2018-08-09,33.78447723388672,33.82777964988613,33.11326225384089,33.264826216249816,7202200
SO,2018-08-10,33.2936897277832,33.791686685475106,33.243168416997285,33.71951417098234,6840000
SO,2018-08-13,33.48856735229492,33.53186977074031,33.23595798080571,33.39474085698718,4918200
SO,2018-08-14,33.71951675415039,33.79168927417211,33.42360501693311,33.488561386234714,4402900
SO,2018-08-15,34.02985382080078,34.231939021672844,33.69063701659036,33.79167961702639,6350100
SO,2018-08-16,34.282470703125,34.369078279267015,33.87108127494391,33.964907755134135,6024400
SO,2018-08-17,34.333641052246094,34.4286650871755,34.099731016619344,34.30440160068586,5421500
SO,2018-08-20,34.07049560546875,34.3117141383778,34.02663642292715,34.28978594132095,4245200
SO,2018-08-21,33.624595642089844,34.04124801718939,33.57342800223041,33.997388845126764,5648200
SO,2018-08-22,33.08367919921875,33.62459787012447,32.95210725116714,33.61728940184338,7524100
SO,2018-08-23,32.9959602355957,33.251801213893685,32.91555315065711,33.09098704401651,5877300
SO,2018-08-24,32.915565490722656,33.05445152165855,32.84246963433506,33.01790080503657,6664300
SO,2018-08-27,32.6231689453125,32.95941423969502,32.49159421474068,32.92286632307558,7225400
SO,2018-08-28,32.40388107299805,32.623171377490884,32.3965698160727,32.564692475798125,6929800
SO,2018-08-29,32.55739212036133,32.65241617665009,32.418506088445405,32.46967374596341,6845900
SO,2018-08-30,32.30152893066406,32.63046563839512,32.206504939428875,32.55736983153324,5573000
SO,2018-08-31,32.00184631347656,32.44773818939934,31.89220255298203,32.294235251650456,6210000
SO,2018-09-04,32.082244873046875,32.36001401154834,31.957981419870354,31.99452933030893,7283500
SO,2018-09-05,32.64509582519531,32.65240429285446,32.03108137002062,32.08224900891625,9068300
SO,2018-09-06,33.44916534423828,33.609979537357916,32.637791486911375,32.74743524623404,11908100
SO,2018-09-07,32.40388107299805,33.24449437162518,32.3965698160727,33.14215908209036,9198200
SO,2018-09-10,32.42581558227539,32.65241439939919,32.257692889805845,32.557390348282524,6248800
SO,2018-09-11,32.286930084228516,32.46967250794752,32.16266657454508,32.43312458088934,6197300
SO,2018-09-12,32.25037384033203,32.49890358403529,31.95067645425699,32.27961328980945,4486500
SO,2018-09-13,32.3746452331543,32.403884687261986,31.91413359045554,32.24307047809751,5140300
SO,2018-09-14,32.089561462402344,32.31616021784486,31.877579642823548,32.279612301330964,5383500
SO,2018-09-17,32.44772720336914,32.49889483196129,32.02376645383037,32.12610171101467,4496000
SO,2018-09-18,32.74012756347656,32.8059149360202,32.3307836022686,32.44043015265054,5845800
SO,2018-09-19,31.943370819091797,32.75474748927136,31.833724268040864,32.75474748927136,7345600
SO,2018-09-20,31.643665313720703,31.928742927432744,31.504779346118596,31.906814738201636,10364700
SO,2018-09-21,32.169960021972656,32.264986818691135,31.54132872021487,31.58518509683356,13119100
SO,2018-09-24,32.038387298583984,32.38925224485041,31.87757315255185,32.09686339541503,9173100
SO,2018-09-25,31.234325408935547,31.767932792386276,31.19777749278114,31.74600460037908,9874500
SO,2018-09-26,31.183168411254883,31.577892732664896,31.117381024353215,31.3439826433319,10275500
SO,2018-09-27,31.607118606567383,31.97260331262265,31.175846541885086,31.205083199164974,9961800
SO,2018-09-28,31.870258331298828,31.994524554352438,31.63634839329647,31.672899086705797,7748800
SO,2018-10-01,31.563262939453125,31.797172954202964,31.38052056615311,31.789864486178985,4762300
SO,2018-10-02,31.746009826660156,31.914132499389947,31.60712660703843,31.694842177934902,5066700
SO,2018-10-03,31.278182983398438,31.76793116938665,31.073509644221275,31.731383255099445,6818000
SO,2018-10-04,31.417062759399414,31.687520641850327,31.095437244820676,31.19777250907633,8156500
SO,2018-10-05,31.950687408447266,32.118810117941656,31.41707982046203,31.46824748037648,6106900
SO,2018-10-08,32.10417938232422,32.411188024991404,31.92143700572603,32.02377507890001,5947300
SO,2018-10-09,32.25037384033203,32.418496492186094,32.023775077950525,32.148038555588464,5865400
SO,2018-10-10,32.11880874633789,32.63048811205996,32.11150027598864,32.30155117777947,7005100
SO,2018-10-11,31.826406478881836,32.308846143053884,31.702140238186942,32.22843906762075,8222900
SO,2018-10-12,31.85565185546875,31.96529560640395,31.45361640342439,31.789864489536704,6174300
SO,2018-10-15,32.32347106933594,32.63047691031999,31.870267987272918,31.97260605602819,6543100
SO,2018-10-16,32.53545379638672,32.72550744296697,32.089564708330904,32.25037611494391,4487600
SO,2018-10-17,32.389259338378906,32.586621436707794,32.279612798720414,32.462355172533016,4176200
SO,2018-10-18,32.38195037841797,32.55007303963745,32.228447442751595,32.47697720029942,4606600
SO,2018-10-19,32.944801330566406,33.31759740711501,32.32347825422257,32.37464590576016,6466500
SO,2018-10-22,32.871700286865234,33.1348497608554,32.67433818137261,32.93017639862558,3815500
SO,2018-10-23,32.6962776184082,33.149478097001534,32.56470283616685,32.864400331621404,5034600
SO,2018-10-24,33.639217376708984,33.8146484985904,32.62317019816124,32.835149238065675,7469400
SO,2018-10-25,33.09098815917969,33.49302080899397,32.92286551610925,33.49302080899397,5570100
SO,2018-10-26,32.79129409790039,33.39799736773427,32.53545308516236,33.25911415859821,7821300
SO,2018-10-29,33.54419708251953,33.59536473538792,32.87170633714768,32.92287399001606,6919600
SO,2018-10-30,33.49301528930664,33.86581121816117,33.01788409792006,33.624589994969796,7970200
SO,2018-10-31,32.915565490722656,33.25912215028637,32.61586801804841,33.25912215028637,8395700
SO,2018-11-01,32.820526123046875,33.01788540090321,32.491589345908174,32.92286138961739,5398200
SO,2018-11-02,32.70357894897461,32.893629805386496,32.40388154450708,32.87901007975058,5800200
SO,2018-11-05,33.07637023925781,33.21525344195343,32.783981320666896,32.80591230203902,5316900
SO,2018-11-06,33.383365631103516,33.390676885411835,32.97402461948569,33.039811966128056,5054200
SO,2018-11-07,34.36287307739258,34.42866044030995,33.346825974445466,33.46378097647332,8829300
SO,2018-11-08,34.04856491088867,34.516385003305366,33.80003513823884,34.392118722766604,5475600
SO,2018-11-09,34.216678619384766,34.35556180155735,33.858502386460664,34.03393626937648,6378300
SO,2018-11-12,34.2751579284668,34.70643002637674,34.012008473684155,34.099726817563194,5580200
SO,2018-11-13,34.552921295166016,34.63332836931643,34.08510136021095,34.19474508897599,5165700
SO,2018-11-14,34.6479606628418,34.859939730741466,34.36288017238707,34.42866754888774,6180800
SO,2018-11-15,34.487152099609375,34.54562822805236,34.03395164757038,34.53831975765757,7808400
SO,2018-11-16,34.71665573120117,34.94617612132341,34.48713816542385,34.70925312315945,7552000
SO,2018-11-19,34.827720642089844,34.9313741186596,34.56118151699881,34.64262434125945,5301300
SO,2018-11-20,34.5463752746582,35.04243485539919,34.33166287666068,34.86474115462818,6324500
SO,2018-11-21,33.78378677368164,34.50195869497105,33.717151974351054,34.42792128431315,6920800
SO,2018-11-23,33.85040283203125,33.96145888653289,33.60607442830735,33.88742151686513,2805400
SO,2018-11-26,33.798583984375,34.013293536182445,33.57646617492308,33.857813329042315,5739300
SO,2018-11-27,34.12434768676758,34.24280918394364,33.68011777844355,33.79117384335212,6882000
SO,2018-11-28,34.14656448364258,34.27243143575097,33.92444948948438,34.12435383153037,5182600
SO,2018-11-29,34.457523345947266,34.46492595425997,33.79858105666041,34.14656013425812,4810900
SO,2018-11-30,35.04243469238281,35.072047955418924,34.435316198441036,34.531567070258646,7133600
SO,2018-12-03,35.160888671875,35.160888671875,34.701847889008235,34.85733090222178,4647500
SO,2018-12-04,34.97579574584961,35.45704439897829,34.92396618692662,35.286756153316276,7202200
SO,2018-12-06,34.44271469116211,35.146081090825355,33.76896437291194,35.10165696870574,8745600
SO,2018-12-07,34.783302307128906,35.205321717372144,34.205802656132036,34.427917689258074,5786900
SO,2018-12-10,34.96098709106445,35.10906185906513,34.28723672901879,34.79810145704951,5023500
SO,2018-12-11,35.21272277832031,35.37560560939576,35.00541299205392,35.09426125374475,5526400
SO,2018-12-12,34.805503845214844,35.41262225242114,34.74627450325883,35.21271792767244,5418900
SO,2018-12-13,35.20530700683594,35.523672790214285,34.909154694530415,34.909154694530415,5298800
SO,2018-12-14,35.04243469238281,35.3311844834901,34.87954903612925,35.17570143690917,3710600
SO,2018-12-17,34.057716369628906,35.301563628206445,33.96887094382913,35.09425669322524,6726300
SO,2018-12-18,33.709739685058594,34.48714646064075,33.62089424546328,34.20579927351907,6184700
SO,2018-12-19,33.52464294433594,34.08733731140621,33.376568155013246,33.86522230307661,8112000
SO,2018-12-20,33.38396453857422,33.82819447238378,32.93232917207231,33.5246366919334,8836400
SO,2018-12-21,33.38396453857422,34.235408540111756,33.1840602210564,33.272905642949304,12739700
SO,2018-12-24,31.851375579833984,33.509837051190694,31.784740790623935,33.27291398385402,5339800
SO,2018-12-26,32.31040954589844,32.32521758876021,31.466370873195057,31.94021694739026,5686400
SO,2018-12-27,32.5399169921875,32.5399169921875,31.784724053587805,32.28078058200503,7048100
SO,2018-12-28,32.5399169921875,32.8582827258426,32.399242053294536,32.58433827870591,4722700
SO,2018-12-31,32.51771926879883,32.688010364050655,32.154932072973416,32.54733535704659,4394000
SO,2019-01-02,32.3696403503418,32.53992859954266,32.0290610275948,32.49550447283342,5756100
SO,2019-01-03,32.82867431640625,33.087807962744094,32.39924961750935,32.39924961750935,9405500
SO,2019-01-04,33.10261535644531,33.11742339656745,32.60655872190555,32.66578805804924,5680700
SO,2019-01-07,33.028587341308594,33.13964343718342,32.7102214493119,32.95454711971305,5397800
SO,2019-01-08,33.968868255615234,34.03550302577804,32.94713605456713,33.02857886524889,7246200
SO,2019-01-09,33.680118560791016,34.08732979027119,33.55425162842372,33.909636128207055,6687600
SO,2019-01-10,34.309452056884766,34.368681407290964,33.59868290593714,33.761565737813335,4634900
SO,2019-01-11,34.50935745239258,34.64262702526341,33.92445241860899,34.220607652620984,6137000
SO,2019-01-14,34.17618942260742,34.398304474303934,33.724553883695044,34.198400080473235,6328900
SO,2019-01-15,34.64262771606445,34.86474273382978,34.10954941395113,34.1169548483392,5433100
SO,2019-01-16,34.70185470581055,34.75368144561422,34.25021926665385,34.450123616330366,5475300
SO,2019-01-17,34.84992599487305,34.87954207634518,34.52415757171455,34.69444580366183,3578600
SO,2019-01-18,34.96098709106445,34.97579513273355,34.71665864004205,34.87213884104985,4015400
SO,2019-01-22,34.84992599487305,34.96098488822105,34.420504110907075,34.76848318299718,5292400
SO,2019-01-23,35.2275276184082,35.24973826963835,34.783294823388395,34.8499296014241,4754800
SO,2019-01-24,35.50886535644531,35.538481435484286,34.93136593690901,35.24232629378402,4812200
SO,2019-01-25,35.16830062866211,35.66435740815941,35.07204975191424,35.42743434566135,4862400
SO,2019-01-28,35.116477966308594,35.25715016840696,34.879554876276615,35.17570732664358,3927000
SO,2019-01-29,35.2275276184082,35.42002651920843,35.07204458676137,35.2275276184082,5205000
SO,2019-01-30,35.44224548339844,35.62734181865129,35.06465020219484,35.160901087343184,3556200
SO,2019-01-31,35.982723236083984,36.04195541377126,35.212724696569104,35.486666457508576,7149000
SO,2019-02-01,35.90127944946289,36.019740968023,35.4940653315887,35.93829814444816,4216100
SO,2019-02-04,35.9901237487793,35.9901237487793,35.397816174633604,35.61252572852402,4306300
SO,2019-02-05,36.07896423339844,36.13819639486658,35.7680038587254,35.96050273480706,5116600
SO,2019-02-06,35.93829345703125,36.130792340454356,35.8346399948538,35.96050410625641,3224100
SO,2019-02-07,36.397335052490234,36.4121430948964,35.782816826533534,35.938297035280314,4178500
SO,2019-02-08,36.36771774291992,36.37512317604626,36.07156537780607,36.27887231582029,4033100
SO,2019-02-11,36.45656967163086,36.56022315109319,36.29368401856406,36.31589467149299,5158600
SO,2019-02-12,36.55281448364258,36.737910773264105,36.22704603067297,36.471371664313864,3926000
SO,2019-02-13,36.44176483154297,36.538012885592416,36.278879164158155,36.5083996205326,3815300
SO,2019-02-14,36.426944732666016,36.61204099368125,36.23444303957709,36.426944732666016,4007900
SO,2019-02-15,36.39697265625,36.696781250663435,36.314524363541786,36.606838958260795,4647700
SO,2019-02-19,36.66679763793945,36.69677935359505,36.29203476988587,36.38197991685265,6270500
SO,2019-02-20,37.28139877319336,37.476274140671215,36.539367287154434,36.741739510619595,9627100
SO,2019-02-21,37.64118576049805,37.73862205371429,36.906650835809245,36.97410827068954,8402900
SO,2019-02-22,37.75361251831055,37.88103338696026,37.24393476213953,37.55873707469877,7245500
SO,2019-02-25,37.14649963378906,37.69365312404223,36.9291364658324,37.663671405866,5728100
SO,2019-02-26,36.891658782958984,37.32638223650597,36.73425620052365,37.273915662098815,6112700
SO,2019-02-27,37.0115852355957,37.13150925062371,36.73425862773202,36.79422206485305,3288500
SO,2019-02-28,37.243934631347656,37.38634635811569,36.83169602803718,36.996592613046936,6105400
SO,2019-03-01,37.46128463745117,37.53623890396043,36.98908276568807,37.31887581990296,4261600
SO,2019-03-04,37.551246643066406,37.618704088788434,37.19147455228708,37.551246643066406,4078700
SO,2019-03-05,37.52875900268555,37.71614046479571,37.4463107018828,37.47629242203184,3951300
SO,2019-03-06,37.5737190246582,37.71612785894755,37.42381333323016,37.6486704407656,3603300
SO,2019-03-07,37.84355545043945,37.95598259466279,37.60370458582607,37.67865887452205,5103300
SO,2019-03-08,38.15086364746094,38.15835764726608,37.70864331939439,37.866043048228086,4039000
SO,2019-03-11,38.52561950683594,38.53311350527291,38.113378112466485,38.15835068072864,5685900
SO,2019-03-12,38.73548889160156,38.84042203344628,38.510631750618074,38.555601463286564,5173100
SO,2019-03-13,38.772953033447266,38.877886143974706,38.57807766521241,38.712992481379935,4390900
SO,2019-03-14,38.623050689697266,38.93785290759521,38.56309013246765,38.78794722570157,4696200
SO,2019-03-15,38.87040710449219,38.92287367994503,38.450671641655504,38.58558650973823,8350500
SO,2019-03-18,38.8104362487793,38.9153693796196,38.6305516985426,38.88539052738906,4443600
SO,2019-03-19,38.21831512451172,38.81793508793409,38.05341856236549,38.810438230083705,6250400
SO,2019-03-20,38.36072540283203,38.638049110154036,38.143362264481496,38.24829540459179,4241000
SO,2019-03-21,38.653038024902344,38.72049544861406,38.300760050050776,38.33074176263676,3091600
SO,2019-03-22,38.8853874206543,39.20768364489312,38.64553946669235,38.772957441328884,6068100
SO,2019-03-25,39.012813568115234,39.125243570993696,38.787956421572055,38.975337853560326,3043300
SO,2019-03-26,39.372581481933594,39.38007833959358,38.975333802357866,39.05028522367702,3253000
SO,2019-03-27,39.147735595703125,39.46253794587382,38.96785098921781,39.40257450423587,3441100
SO,2019-03-28,38.48814392089844,39.21518477182824,38.42068649288213,39.18520305732907,4552300
SO,2019-03-29,38.73548889160156,38.73548889160156,38.38321089322544,38.57808917883449,6053500
SO,2019-04-01,38.533111572265625,38.73548383047317,38.21081533058842,38.73548383047317,5059100
SO,2019-04-02,38.70551300048828,38.7205038600378,38.24080779130958,38.600579842855744,4050200
SO,2019-04-03,38.60057067871094,38.72798866581045,38.368216699677596,38.67552209945025,4654600
SO,2019-04-04,38.37571334838867,38.74297931091095,38.1433593706201,38.73548531256318,3881200
SO,2019-04-05,38.713008880615234,38.757978598912175,38.300767401466445,38.443179133977495,3983000
SO,2019-04-08,38.608062744140625,38.750474439314104,38.43567219770041,38.69051101835405,3675900
SO,2019-04-09,38.93785858154297,38.960343436378885,38.540608037756314,38.60057146293674,3972500
SO,2019-04-10,38.80295181274414,39.29014187730581,38.750485234394645,38.96784840710776,4464400
SO,2019-04-11,39.065284729003906,39.14773302623745,38.78046697756049,38.892894134431074,4481300
SO,2019-04-12,39.350093841552734,39.35758783946873,38.69800737275814,38.9453493329713,3819300
SO,2019-04-15,39.514991760253906,39.58244918069371,39.260152934060564,39.35009520824252,4936000
SO,2019-04-16,39.26765060424805,39.70987087754799,39.10275403681679,39.432547171679296,5586500
SO,2019-04-17,39.09526443481445,39.350103313499005,39.027807000479896,39.350103313499005,3582300
SO,2019-04-18,38.94536590576172,39.312634862624144,38.900396180702884,39.04280507541329,3717100
SO,2019-04-22,38.92286682128906,39.12523908775283,38.82542768724056,38.94535167560279,3290100
SO,2019-04-23,38.855411529541016,39.11025037618499,38.5630969705816,38.94535381094078,4253000
SO,2019-04-24,39.147735595703125,39.25266875935527,38.85542096575379,38.88540268657277,3069600
SO,2019-04-25,39.30512237548828,39.44753407279352,38.90038071480248,39.027798697429986,2755500
SO,2019-04-26,39.38007354736328,39.72485461821589,39.33510098451651,39.50749151994282,2810600
SO,2019-04-29,39.17021560668945,39.36509390866887,39.00532188103062,39.30513047445553,3315100
SO,2019-04-30,39.88976287841797,39.942229454217546,39.11025538194716,39.23767339197073,7218500
SO,2019-05-01,39.365089416503906,39.88226111111399,39.09525971176348,39.14772628110594,6057600
SO,2019-05-02,39.5374870300293,39.807316782874366,39.15523011964151,39.425057013272486,4842100
SO,2019-05-03,39.90475845336914,40.00219475753334,39.54498352077389,39.642422684152365,3490500
SO,2019-05-06,39.73234558105469,40.024662928412305,39.61242161516934,39.84477554997784,4033800
SO,2019-05-07,39.61992645263672,39.8897561450382,39.455029894121715,39.73235358499503,3557800
SO,2019-05-08,39.12523651123047,39.71736241568142,39.09525480131095,39.60493243308984,3965100
SO,2019-05-09,39.24517059326172,39.43255203967018,39.11025572311051,39.17021629916996,4080500
SO,2019-05-10,40.002193450927734,40.03966917124483,39.147734447155635,39.147734447155635,4165800
SO,2019-05-13,40.549346923828125,40.57932864373085,39.91225110157319,39.94972682184451,6482400
SO,2019-05-14,40.197059631347656,40.50436501988076,40.107114498694074,40.39943189099824,4294500
SO,2019-05-15,40.20456314086914,40.46689888435093,40.17458142289168,40.27951743581279,4033100
SO,2019-05-16,40.51936721801758,40.68426095561498,40.11462258541518,40.16708916454355,5262200
SO,2019-05-17,40.80748748779297,40.94396761122125,40.19332693236571,40.23882127097045,4847500
SO,2019-05-20,41.00461959838867,41.08044059049153,40.79231561420688,40.93637954854193,3459500
SO,2019-05-21,40.92121887207031,41.2775810415248,40.83023020156702,41.00462370717213,3435000
SO,2019-05-22,41.027366638183594,41.11077146761274,40.860556979325295,40.98187230602618,3904700
SO,2019-05-23,41.201751708984375,41.277572693350315,40.98186680498393,41.09560117391799,4640800
SO,2019-05-24,41.2093391418457,41.527793689593594,41.16384770101429,41.24725253238602,2830100
SO,2019-05-28,40.61035919189453,41.30034088943802,40.53453527918361,41.247265596733634,4747900
SO,2019-05-29,40.10234069824219,40.80748703059264,40.01893585792759,40.74683080551851,3254200
SO,2019-05-30,40.18573760986328,40.44353302343329,40.056841349270954,40.18573760986328,3254800
SO,2019-05-31,40.56484603881836,40.61792130691759,40.16298961109987,40.26155631334976,3925000
SO,2019-06-03,41.065277099609375,41.103187596848024,40.45870046663442,40.564851015856846,4210400
SO,2019-06-04,41.09560775756836,41.14868303360438,40.29947572464242,41.01220292597301,3868500
SO,2019-06-05,41.55812454223633,41.740096096013104,40.997039317922265,41.088025094810654,5624000
SO,2019-06-06,41.99031066894531,42.03580211127359,41.505049334872396,41.740096166597006,4727200
SO,2019-06-07,41.4822998046875,42.42249578796753,41.47471886192887,42.10404123677801,4097200
SO,2019-06-10,41.30790710449219,41.542956811499664,41.03494690084105,41.48229770296142,4450800
SO,2019-06-11,41.36098861694336,41.53537924171675,41.14110365390415,41.22450849453185,3396000
SO,2019-06-12,41.815921783447266,41.815921783447266,41.45955671111224,41.52021293418167,2884700
SO,2019-06-13,41.815921783447266,41.90690756424432,41.45955671111224,41.815921783447266,3444600
SO,2019-06-14,42.19503402709961,42.30876553390565,41.86899850129432,41.982730008100354,4081200
SO,2019-06-17,42.08129119873047,42.33908661185955,41.7931662329073,42.17986079879359,2989100
SO,2019-06-18,41.899330139160156,42.27086004720257,41.54296790468801,42.248114321619695,3842100
SO,2019-06-19,42.26327133178711,42.46798860916379,41.69460515768677,41.71735087908735,6153400
SO,2019-06-20,42.475582122802734,42.63480799365857,42.035812126283126,42.3239371966792,4018700
SO,2019-06-21,42.665130615234375,42.70304111750017,42.096464404089694,42.34667603295268,8627300
SO,2019-06-24,42.67272186279297,42.86986114999523,42.42251017351209,42.710635266599525,3741200
SO,2019-06-25,42.44525146484375,42.75612225380874,42.36943044992988,42.64997167597479,2704600
SO,2019-06-26,41.68701171875,42.369412127418336,41.67184694384792,42.34666351887268,4704100
SO,2019-06-27,41.76284408569336,41.93723469395186,41.444389532762365,41.823500305251,3413800
SO,2019-06-28,41.914493560791016,42.12679759809442,41.58845800687602,41.72493814071886,5611000
SO,2019-07-01,41.580875396728516,41.906910937580456,41.27758557981032,41.778011753055104,4354100
SO,2019-07-02,42.35425567626953,42.3694204541519,41.747679022902936,41.770424743533674,2913900
SO,2019-07-03,42.695457458496094,42.86984807173594,42.46040773158027,42.46040773158027,2629500
SO,2019-07-05,42.73336410522461,42.77127460166097,41.96755877223702,42.40732862957809,3133900
SO,2019-07-08,42.695457458496094,42.892593793171564,42.452826788563634,42.81677279346232,2789200
SO,2019-07-09,42.88501739501953,42.945673622738,42.5210713515506,42.786447771042724,3590900
SO,2019-07-10,43.150390625,43.27928979950133,42.71820454955206,42.96841617052337,3406100
SO,2019-07-11,42.83194351196289,43.14281428170059,42.53623463036116,43.08215515961219,3583400
SO,2019-07-12,42.2101936340332,42.93050470777278,42.13437263359146,42.892594207551916,4341300
SO,2019-07-15,42.543819427490234,42.619640439426696,42.081303734473686,42.11163329620275,4005300
SO,2019-07-16,42.20260238647461,42.58171308088864,42.02062798050645,42.46039777437155,3127400
SO,2019-07-17,42.30117416381836,42.5438047893963,42.21776934395372,42.29359032980237,3223800
SO,2019-07-18,42.55897903442383,42.64238387284606,41.95998327883311,42.35425885621994,3379900
SO,2019-07-19,41.90690612792969,42.64238196949489,41.89174134958563,42.43766180042873,5517800
SO,2019-07-22,42.06614303588867,42.16471267488066,41.60362729798761,42.005486798930406,4623300
SO,2019-07-23,42.02063751220703,42.17228240284784,41.70976678796694,42.08129662541764,3023300
SO,2019-07-24,42.18745040893555,42.210196131936954,41.778010040594566,42.05097028615522,3613900
SO,2019-07-25,41.97514724731445,42.31634753773236,41.891742410502765,42.11162736348162,3280900
SO,2019-07-26,42.26327133178711,42.33151138837458,41.85383099226229,41.95998154864597,2288700
SO,2019-07-29,42.543819427490234,42.61205949518753,42.19503814476458,42.42250407296017,3329300
SO,2019-07-30,41.92207336425781,42.612054911246,41.71735318318845,42.54381485088955,6918500
SO,2019-07-31,42.612056732177734,42.94567321240681,41.815924588922094,42.270856415815025,7190500
SO,2019-08-01,43.203468322753906,43.4991742969893,42.37700662667717,42.649966877474775,6143400
SO,2019-08-02,43.49159622192383,43.7873022156634,43.059410093783505,43.430937098907414,4389100
SO,2019-08-05,42.40733337402344,43.7569668663732,42.225358921430335,43.605321971276574,5779800
SO,2019-08-06,43.173126220703125,43.32477108180032,41.990302667392314,42.45281819216545,5004100
SO,2019-08-07,43.55984115600586,43.84038240033582,42.672720183284135,43.21864078188212,5139500
SO,2019-08-08,44.12091064453125,44.196734534432125,43.24895760356363,43.56740926399033,3842300
SO,2019-08-09,44.2270622253418,44.40145282618129,43.93135340577689,44.120908783957056,3097500
SO,2019-08-12,44.49244689941406,44.5682679078789,44.19674091706071,44.302891485865906,3080000
SO,2019-08-13,43.370269775390625,44.227060868344424,43.32477544476447,44.173982703087866,10429300
SO,2019-08-14,43.264122009277344,43.885863439186444,43.1882981200289,43.48400405713376,13002000
SO,2019-08-15,43.69630813598633,43.85553396512602,43.13522292404587,43.33236214407318,5623600
SO,2019-08-16,44.05654525756836,44.16385022442986,43.66564817488134,43.84193532384538,6259100
SO,2019-08-19,44.40912628173828,44.669725350947196,43.86493505375075,43.995236050275956,4640400
SO,2019-08-20,44.21751403808594,44.455120042620926,44.13320505954946,44.378474453463475,4010300
SO,2019-08-21,44.41678237915039,44.432112076618495,43.97989623475225,44.19450615162409,4406500
SO,2019-08-22,44.80002212524414,44.89966371039122,44.28648742380104,44.455111194997464,4368700
SO,2019-08-23,44.2098388671875,45.09894091414865,44.00289232300158,44.914987455814156,4926200
SO,2019-08-26,44.71570587158203,44.71570587158203,44.14851873904428,44.23283061640647,3838100
SO,2019-08-27,44.27116394042969,44.976315599483264,44.225177759167295,44.80769180461014,6155600
SO,2019-08-28,44.30948257446289,44.71570937117408,44.163851893497615,44.42445093308471,5194400
SO,2019-08-29,44.547080993652344,44.570077002070086,44.1408542389763,44.531751295987476,4883300
SO,2019-08-30,44.654388427734375,44.800019101699505,44.31714383194332,44.58540624634063,7426700
SO,2019-09-03,45.8117561340332,45.834749220045275,44.639061965960586,44.669718439363,9082500
SO,2019-09-04,46.072364807128906,46.486257985031735,45.77344293103519,45.98038951998661,5577900
SO,2019-09-05,45.60480880737305,45.911396926874986,45.298220687871115,45.77343256548321,6242300
SO,2019-09-06,45.742774963378906,45.91139872810464,45.54349180073193,45.80409083538028,4680700
SO,2019-09-09,45.23691177368164,45.70445741208117,45.07595430192354,45.574156417914054,4730900
SO,2019-09-10,45.36720657348633,45.36720657348633,44.89199758090722,45.14493323872849,4459100
SO,2019-09-11,45.765769958496094,45.8270887568958,45.12193719450538,45.29056096626333,4344200
SO,2019-09-12,45.98038101196289,46.27930283274532,45.650799793192235,45.98804439953939,4333700
SO,2019-09-13,46.08769226074219,46.217990334184194,45.62780999978103,45.8117634889338,5492500
SO,2019-09-16,45.8807373046875,46.21031850818808,45.77343234054144,46.14133632783119,4658600
SO,2019-09-17,46.40960693359375,46.616553511208785,45.94972759923246,45.94972759923246,3962000
SO,2019-09-18,46.60123062133789,46.685542527189966,46.217996812077146,46.60123062133789,3896900
SO,2019-09-19,46.80050277709961,46.861818651690065,46.60121960603783,46.677868104077454,3502700
SO,2019-09-20,46.83882141113281,46.94612637503262,46.47091742468735,46.9078035913314,7474800
SO,2019-09-23,46.999786376953125,47.091761657320305,46.662541733045856,46.800506115517344,3888900
SO,2019-09-24,47.505653381347656,47.79691183826524,47.137749347060826,47.153079047302946,5090400
SO,2019-09-25,47.314029693603516,47.56696532537494,47.07642375986439,47.49798314615009,4208300
SO,2019-09-26,47.41368865966797,47.582312476031454,47.2144054359944,47.36769954870284,2890300
SO,2019-09-27,47.344703674316406,47.52099087023205,47.045781780205445,47.43667896700243,2991400
SO,2019-09-30,47.344703674316406,47.55165027574134,47.21440266282285,47.39069278258034,3441800
SO,2019-10-01,47.429012298583984,47.45966877813203,47.06110822943276,47.21439939869788,3022400
SO,2019-10-02,46.86948776245117,47.44433837479273,46.72385706939948,47.421342362086904,4189000
SO,2019-10-03,47.03044509887695,47.084097588636105,46.654874746721475,46.90781041887869,4216200
SO,2019-10-04,47.559295654296875,47.65893722254647,46.9154630016331,47.091750130788085,3556700
SO,2019-10-07,47.45966720581055,47.582304815306316,47.22972753568905,47.52098601055843,3355000
SO,2019-10-08,47.03044509887695,47.543976907669254,47.02277878671627,47.45966501695018,3510900
SO,2019-10-09,47.4443359375,47.59762708717647,47.13774779046454,47.19140027761955,2897100
SO,2019-10-10,47.3676872253418,47.60529318441549,46.96912380552846,47.23738916393578,3601000
SO,2019-10-11,47.153079986572266,47.474994926545136,46.98445620439138,47.321703768753146,3459100
SO,2019-10-14,46.69320297241211,47.32170906990072,46.58589798040046,47.23739716936535,2890700
SO,2019-10-15,46.524574279785156,46.86948521319851,46.40193960610944,46.731520839833166,3648200
SO,2019-10-16,46.823490142822266,46.90780201844243,46.332951510676814,46.455586168713175,4395400
SO,2019-10-17,46.80050277709961,46.95379392549638,46.50157802050694,46.76984337788376,3444500
SO,2019-10-18,46.86182403564453,46.96912902138703,46.57056555731376,46.65487745292332,4178700
SO,2019-10-21,47.20673370361328,47.23739310550518,46.723858357261165,46.73918805820711,3146400
SO,2019-10-22,47.091766357421875,47.41368425659891,47.02278415930121,47.29104956258902,2667400
SO,2019-10-23,47.482662200927734,47.482662200927734,47.08409875014097,47.08409875014097,2796800
SO,2019-10-24,47.482662200927734,47.55164439286855,47.337031504696306,47.474995888577936,2452000
SO,2019-10-25,47.02278518676758,47.574642783791234,46.87715739814936,47.551649691862515,2865600
SO,2019-10-28,46.762176513671875,47.0764280423184,46.624215066513024,46.8234953113791,4342900
SO,2019-10-29,46.69320297241211,47.06110997908311,46.51691578212987,46.65488017867106,4874200
SO,2019-10-30,48.00385284423828,48.1954696893028,46.75451019574214,46.762173583054675,5253200
SO,2019-10-31,48.02684783935547,48.04984092604819,47.64361413399073,47.957865655436166,5169900
SO,2019-11-01,47.72026443481445,48.35643385221084,47.566973276549646,48.18781006950984,4353500
SO,2019-11-04,47.32170867919922,47.804581139264904,47.1684145816589,47.77392465883022,4050100
SO,2019-11-05,47.03044509887695,47.42900853983167,46.85415792911953,47.122420377915304,3958900
SO,2019-11-06,47.406009674072266,47.528644346689795,47.13008385356374,47.13008385356374,2812700
SO,2019-11-07,46.5322380065918,47.18373709085978,46.27930526947413,47.13774799145599,5991700
SO,2019-11-08,46.953792572021484,46.953792572021484,46.44792419490693,46.44792419490693,3909100
SO,2019-11-11,46.348289489746094,46.96146288948738,46.309963776641126,46.96146288948738,3400700
SO,2019-11-12,46.516902923583984,46.68552667804249,46.35594548005956,46.45558705531603,3337900
SO,2019-11-13,47.451995849609375,47.62061961051138,46.647205677393394,46.647205677393394,4965900
SO,2019-11-14,47.81990432739258,48.05751029240556,47.47499338587094,47.720262738988254,5399800
SO,2019-11-15,48.152793884277344,48.152793884277344,47.80442099489143,47.87409557276861,5433400
SO,2019-11-18,48.369564056396484,48.83406228551964,48.199247743732435,48.199247743732435,4968300
SO,2019-11-19,48.16053771972656,48.47020318924186,47.8276483736137,47.95925723177377,3639200
SO,2019-11-20,48.60181427001953,48.64052467272296,48.09086825813871,48.15280253991292,3057800
SO,2019-11-21,48.524383544921875,48.71792368256014,48.39277471567002,48.64050880878009,2776700
SO,2019-11-22,48.686954498291016,48.787596192510804,48.27665036882359,48.67921419251473,3629200
SO,2019-11-25,48.13731384277344,48.99663271514269,48.02893181440052,48.68696724562968,6383700
SO,2019-11-26,48.19150161743164,48.2998836385189,47.99022114301081,48.261176195728964,8201000
SO,2019-11-27,48.237953186035156,48.34633520906669,47.92054742436197,48.237953186035156,3532000
SO,2019-11-29,47.99021911621094,48.68696191656963,47.99021911621094,48.392780048051,1863800
SO,2019-12-02,47.68829345703125,48.00569919607426,47.49475330021994,47.874093306973016,4334100
SO,2019-12-03,48.284400939941406,48.30762776858435,47.80442214369109,48.05989658644298,4746300
SO,2019-12-04,48.53213119506836,48.733414622456394,48.19150156442752,48.23795226763751,5336100
SO,2019-12-05,48.58631134033203,48.6482455974285,48.28438921995656,48.41599803969259,3217000
SO,2019-12-06,48.106346130371094,48.64825921894925,48.07537899315206,48.55536076048089,3520600
SO,2019-12-09,47.564430236816406,48.206985006869225,47.471531783826464,48.10634329343679,4310500
SO,2019-12-10,46.705116271972656,47.5644321650457,46.519316405272,47.5644321650457,7917500
SO,2019-12-11,46.98379898071289,47.22378979527917,46.71284399103153,46.9528348055978,5796500
SO,2019-12-12,46.99929428100586,47.262509030932485,46.65866464417849,46.83672124660111,6446500
SO,2019-12-13,47.03799819946289,47.36314719709459,46.790267036118934,46.95284301152899,5158600
SO,2019-12-16,48.20698547363281,48.245692916654356,47.20831749645848,47.21606075697595,7574900
SO,2019-12-17,49.314029693603516,49.74756068293121,48.253430522520354,48.30762152703778,10599000
SO,2019-12-18,49.25984573364258,49.445642646219014,48.91147283107592,49.21339502890413,6382800
SO,2019-12-19,48.8263053894043,49.25983635821825,48.299875981983114,49.2288692276198,8192100
SO,2019-12-20,49.43790054321289,49.66240784484542,49.019853075315474,49.352742397546166,11392300
SO,2019-12-23,48.973411560058594,49.50758440920537,48.88051308971577,49.36049196520768,3678000
SO,2019-12-24,48.872764587402344,48.99663017815618,48.74115573605779,48.98114661016337,1962500
SO,2019-12-26,48.90373611450195,48.95793008720988,48.694715298180135,48.841804786418585,2361000
SO,2019-12-27,49.128231048583984,49.14371461499222,48.764377574149556,48.81082532018594,2432000
SO,2019-12-30,49.03533172607422,49.0895227309394,48.7179260033546,48.95791684860632,2772700
SO,2019-12-31,49.314029693603516,49.32951325963539,48.91146583633957,49.01210753895262,3767500
SO,2020-01-02,48.477943420410156,49.29081158511683,48.32311068589727,49.275330969535446,4675900
SO,2020-01-03,48.431495666503906,48.702450737005485,48.330853946093846,48.408268836754644,3531800
SO,2020-01-06,48.62502670288086,48.77211614875314,48.39277616819336,48.431486559433424,3507600
SO,2020-01-07,48.477943420410156,48.563101572051686,48.18376447334333,48.43149566728844,3191700
SO,2020-01-08,48.462459564208984,48.64825943516023,48.292146215124845,48.539877407600656,3413600
SO,2020-01-09,48.973411560058594,48.98889513064725,48.42375809351229,48.53988339633266,3114700
SO,2020-01-10,49.2830696105957,49.39919489585026,49.01211454925331,49.09726974482615,4427800
SO,2020-01-13,49.96433639526367,50.1811004640675,49.3217815438967,49.352748683208375,5262100
SO,2020-01-14,50.258514404296875,50.258514404296875,49.86369667492443,49.972078707267194,5153300
SO,2020-01-15,50.76945495605469,50.862350450517944,50.26624937099706,50.32044037822623,3772400
SO,2020-01-16,51.210723876953125,51.241691009117055,50.79267645230485,50.85461071663271,3145900
SO,2020-01-17,52.07004928588867,52.124240297540915,51.264921465357304,51.3578169674027,6072600
SO,2020-01-21,52.73582458496094,52.87517373552253,52.07004596631966,52.1319743282761,4546600
SO,2020-01-22,52.87517166137695,53.09193568566373,52.743559869737105,52.83646126859288,3369800
SO,2020-01-23,53.38612365722656,53.40934753429111,52.565515166931704,52.6197061822082,3481200
SO,2020-01-24,53.75771713256836,53.81964549538374,53.308702540489115,53.41708455838728,5048900
SO,2020-01-27,53.98997497558594,54.24544946865007,53.680309460330484,53.73450638890025,4412300
SO,2020-01-28,54.229949951171875,54.5318720990695,53.81963989028724,53.9976994190769,4714600
SO,2020-01-29,54.268672943115234,54.446732532629426,53.920302932542825,54.229968445484076,3252100
SO,2020-01-30,54.84927749633789,54.887987889006844,53.982221401769316,54.23768991170375,3755400
SO,2020-01-31,54.500911712646484,55.042821812765524,54.27640441220371,54.85702490792144,5469000
SO,2020-02-03,54.733158111572266,54.79509238395331,54.33834041449203,54.7099342360237,3144600
SO,2020-02-04,53.83512496948242,54.77960177872573,53.73448622499999,54.539607993611895,5504400
SO,2020-02-05,53.44031524658203,53.842882141284285,53.1074258901996,53.726756848336414,6441600
SO,2020-02-06,53.293209075927734,53.749966868734994,53.076445068375634,53.223537461947224,5625700
SO,2020-02-07,52.937110900878906,53.52547473513639,52.88291988366953,53.44031657861052,3732400
SO,2020-02-10,52.98355484008789,53.107417468246055,52.712593897386846,53.06096972098384,3659800
SO,2020-02-11,53.09968185424805,53.24677428359447,52.85195065588325,53.08420123839048,3341900
SO,2020-02-12,53.12290573120117,53.33966976737254,52.774529896174045,52.906135788652804,3545000
SO,2020-02-13,53.83512496948242,53.93576371396485,53.060964425037255,53.10741216766357,4513500
SO,2020-02-14,53.91324234008789,54.07728382673587,53.71015414049515,53.991359604019515,5032000
SO,2020-02-18,54.21007537841797,54.32724531856186,54.01479413134839,54.030414008929235,5167500
SO,2020-02-19,53.592979431152344,54.23350160557767,53.58516651355289,54.194442977090404,4894000
SO,2020-02-20,54.53033447265625,54.61625869962148,52.74937042194198,52.76499625930519,5046500
SO,2020-02-21,53.88980484008789,54.96776100932831,53.86637204675832,54.389724296152146,5386400
SO,2020-02-24,52.96026611328125,54.2647431553917,52.882148862296816,53.694519404556786,5644300
SO,2020-02-25,52.226016998291016,53.21804310752036,52.01510991491637,53.038387698212304,5246600
SO,2020-02-26,51.702659606933594,52.76498995938334,51.671413895448595,52.16352044243968,5026400
SO,2020-02-27,49.11713409423828,51.77295694194005,49.109321176647384,51.38239449553494,8529100
SO,2020-02-28,47.148704528808594,48.320392005251136,46.14105258392673,48.195412126954146,15567600
SO,2020-03-02,49.93731689453125,50.109165332244245,47.07839977671986,47.38303802193462,7744600
SO,2020-03-03,49.913883209228516,51.55424433714472,49.68735626896954,50.56221831829625,9656500
SO,2020-03-04,52.96026611328125,52.99150586226359,50.484095861009116,50.49190877800947,6517200
SO,2020-03-05,52.78061294555664,53.55392498197137,51.796393834067594,52.335371959801435,7867000
SO,2020-03-06,52.23383712768555,52.46036411985483,49.60144341817854,51.17150652417308,9790800
SO,2020-03-09,48.55472946166992,50.859048787729385,48.195412679912955,49.10151755290096,8520000
SO,2020-03-10,48.445369720458984,49.50770012842795,46.06293922068591,49.28117317795555,10316600
SO,2020-03-11,45.44585037231445,47.44553134091619,44.5944240474524,47.211191469312396,7726600
SO,2020-03-12,40.766910552978516,44.27416293131263,39.07968076008803,42.04014507096347,10790400
SO,2020-03-13,42.15730667114258,43.110276906823394,39.837365047223926,43.05559840886444,9862400
SO,2020-03-16,37.197166442871094,41.11060381205435,36.97064248929108,38.212628204340575,10451100
SO,2020-03-17,44.1804313659668,44.19605422364114,38.220446742074905,38.282935193016876,10298100
SO,2020-03-18,43.680503845214844,43.86016519796735,39.47805394517757,41.40743046026168,8141700
SO,2020-03-19,39.75926208496094,43.75862108898822,39.45462084427901,43.68050680429211,6855400
SO,2020-03-20,36.212947845458984,40.00921502221701,36.04891234516815,39.84517654217141,11839200
SO,2020-03-23,33.76803207397461,35.80676872113409,32.776003005137206,35.68178884520408,10346000
SO,2020-03-24,38.30636215209961,38.57975464908302,34.924090227893394,35.59585805448662,8055000
SO,2020-03-25,39.16560745239258,40.61850044507338,36.88472385768261,38.20482404943554,8206500
SO,2020-03-26,43.07122802734375,43.58677036032454,38.978135075739885,39.05624637659101,8647300
SO,2020-03-27,43.75080490112305,45.50833594874819,41.39962023294785,41.57146866668171,10065000
SO,2020-03-30,45.29743957519531,45.594264926587435,43.94609071750622,44.305410478265976,7222600
SO,2020-03-31,42.29010772705078,44.750652709902475,41.86048956585196,44.52412574099121,9803300
SO,2020-04-01,39.16560745239258,40.95438443713423,38.478216610529046,40.54038913611964,6932900
SO,2020-04-02,40.930946350097656,41.28245017471323,38.51727026642607,38.595381565283965,5471100
SO,2020-04-03,39.267154693603516,41.25902287737958,39.00938200947386,40.29823947061125,6180300
SO,2020-04-06,43.274322509765625,43.89922186064295,40.798154920985596,41.0324918050952,6795800
SO,2020-04-07,43.05560302734375,44.91468109663136,42.86813472273364,44.80532408898297,6086000
SO,2020-04-08,45.44585037231445,45.789544281708636,42.805647175440924,43.180586798349644,5636100
SO,2020-04-09,47.125274658203125,48.32039500484244,45.937964250799226,46.016075562175516,7529500
SO,2020-04-13,45.0865364074707,47.04715886611864,44.64910533035453,46.86750047188042,4771400
SO,2020-04-14,46.08637237548828,46.547236218433376,45.336493133333455,46.14105088399403,4522300
SO,2020-04-15,43.657081604003906,45.29744611094141,43.33682043042059,45.289633191234905,5571900
SO,2020-04-16,43.21183776855469,44.09450991430774,42.97750084819922,43.914851509376696,5003600
SO,2020-04-17,44.89125442504883,45.18807977778365,43.750809667509216,44.13356222622727,4648100
SO,2020-04-20,43.375858306884766,44.33664143374244,43.13371153086042,44.33664143374244,4436400
SO,2020-04-21,43.35243606567383,43.60239581902342,42.49319978600404,42.89157221173141,5497900
SO,2020-04-22,44.56317901611328,45.016232929743715,43.92265677803634,44.11793802085871,3662900
SO,2020-04-23,44.367897033691406,44.9146851004303,43.82110896695251,44.5319325597865,4653200
SO,2020-04-24,45.094337463378906,45.45365418107399,43.96951874634238,44.453815321485976,4860100
SO,2020-04-27,45.6801872253418,46.266030944342894,45.281814807513356,45.45366027218678,4661900
SO,2020-04-28,45.35211181640625,46.77375886623674,45.11777196751258,46.25040364473048,3713900
SO,2020-04-29,44.81313705444336,46.32070842974787,44.73502575220429,46.258219983907644,4590300
SO,2020-04-30,44.31321334838867,44.87562420616356,43.485219916637305,44.86781128883063,8494300
SO,2020-05-01,42.50100326538086,43.9929516200839,42.25104355001997,43.88359461708286,4758700
SO,2020-05-04,42.89937210083008,43.047787718195515,41.92296611186631,42.5478683286068,4480200
SO,2020-05-05,43.453975677490234,43.94608218119837,43.08684604921974,43.14933746669335,4002700
SO,2020-05-06,41.899539947509766,43.68831671730385,41.7901829362132,43.68831671730385,3796700
SO,2020-05-07,42.36040496826172,42.76659029299872,42.07919951423186,42.39946061915361,4697700
SO,2020-05-08,43.28213119506836,43.4617895670101,42.61036329491353,42.81345744041642,4349200
SO,2020-05-11,43.594581604003906,43.74299426182329,42.19636732227943,42.8603222932801,6946800
SO,2020-05-12,43.36806106567383,44.42257864098957,43.14153409683385,43.77424642987657,8897900
SO,2020-05-13,42.0167121887207,43.321189437762925,41.64958250508967,43.09466248489461,7166300
SO,2020-05-14,42.76658630371094,42.81345486826238,41.16528092847274,41.57927615286838,5028800
SO,2020-05-15,41.52572250366211,42.45835220242721,41.09102293576293,42.363506357977094,7756200
SO,2020-05-18,43.011600494384766,43.34355488863523,42.482058147007585,42.64803383663337,4266000
SO,2020-05-19,42.339786529541016,42.97207693674465,42.331884218512805,42.750776047973,3199300
SO,2020-05-20,43.33565139770508,43.72292799629731,42.48205699142218,42.829816000464014,6340900
SO,2020-05-21,42.545291900634766,43.54905144093103,42.43463841757142,43.25661763033288,3198500
SO,2020-05-22,43.138065338134766,43.16967760436892,42.34770139729682,42.458351866614265,4437800
SO,2020-05-26,43.2012939453125,44.126021346575655,43.10645111428526,43.865199792501684,6801200
SO,2020-05-27,43.47792434692383,43.98375986318195,42.987899488204505,43.98375986318195,4483100
SO,2020-05-28,44.979618072509766,45.09026855737455,43.88101252278138,44.01537296440303,4551000
SO,2020-05-29,45.10607147216797,45.61190392995655,44.40264802211828,44.67927420528413,6581700
SO,2020-06-01,45.604000091552734,45.93595150024901,44.671370398073904,45.129779916987694,3119300
SO,2020-06-02,45.841102600097656,45.872717877214676,45.10606398962033,45.79367968442214,4098400
SO,2020-06-03,46.40226745605469,46.88438995496946,45.92014495713992,46.109833634499545,3717700
SO,2020-06-04,45.80158233642578,46.36273990498716,45.121868993098545,46.16514895704313,3346300
SO,2020-06-05,46.19677734375,47.43764860781913,46.046606251092314,46.11773913314084,4681600
SO,2020-06-08,47.63523483276367,47.79330822312359,45.943856490410546,46.078216912467035,5035800
SO,2020-06-09,46.915992736816406,47.176811206819735,46.04659080180895,46.90808741090811,7344200
SO,2020-06-10,46.78955078125,47.64314235859403,46.568246804531604,46.836970693047206,5150100
SO,2020-06-11,44.33150100708008,45.99126360677889,44.11810244169052,45.841095585948445,5447600
SO,2020-06-12,44.39474105834961,45.406408951652175,43.78616347780714,45.303660795262246,4533700
SO,2020-06-15,44.59231948852539,45.01911661952114,43.090630234463816,43.70711296923659,4628200
SO,2020-06-16,44.43426513671875,45.864822050078466,44.15763592714687,45.57238821367335,5000900
SO,2020-06-17,44.2919921875,44.67136648491983,43.707121594603436,44.63975120638512,4593200
SO,2020-06-18,44.34730911254883,44.41844196843148,43.63598055372229,44.031162416404065,3770300
SO,2020-06-19,42.37141418457031,45.12978283417803,42.37141418457031,44.96380711910121,10434600
SO,2020-06-22,43.20918273925781,43.32773850219821,42.15800056884606,42.6401229161395,4692700
SO,2020-06-23,42.10268783569336,43.81777615418455,42.09478250782058,43.69922337108562,6071100
SO,2020-06-24,41.399253845214844,41.928796107650584,40.86970856778069,41.79443571807677,6370300
SO,2020-06-25,40.50614929199219,41.29651318061642,40.08725739582101,41.177957391323204,6995100
SO,2020-06-26,40.245323181152344,41.00407471927591,39.83433665904196,40.44291413082021,6730000
SO,2020-06-29,40.75117111206055,40.75117111206055,40.00822698259541,40.60100001440293,3956200
SO,2020-06-30,40.98036575317383,41.22537964006512,40.41130581281176,40.82229539001703,5075800
SO,2020-07-01,41.78654479980469,41.936715892868705,40.830205061342035,40.98827846798862,3873300
SO,2020-07-02,41.72330856323242,42.229140947234676,41.62846272998288,42.11849049010903,3413100
SO,2020-07-06,41.5810432434082,42.27656428585322,41.14634372250463,41.88138235503201,3318800
SO,2020-07-07,41.66799545288086,41.79445358565896,40.82230612461485,41.09893234787954,3520800
SO,2020-07-08,41.936710357666016,42.14220364868402,41.45458788777874,41.50991312055279,3346100
SO,2020-07-09,41.05150604248047,41.70750962514691,40.64051639099055,41.675894340801655,3700500
SO,2020-07-10,42.071067810058594,42.21333354573407,41.0989206262754,41.0989206262754,4034500
SO,2020-07-13,42.031551361083984,42.58480667984005,41.7865374729923,42.134299509638424,3562200
SO,2020-07-14,42.42673110961914,42.82191302903437,41.92880104695629,41.93670637374391,6023600
SO,2020-07-15,41.905086517333984,43.13805505657412,41.81814602216342,43.01159396178169,4380200
SO,2020-07-16,42.47416305541992,42.60852348938692,41.928809961084795,42.01575048423964,3201100
SO,2020-07-17,43.138065338134766,43.27242576087762,42.62432757059043,42.75868799333329,3806100
SO,2020-07-20,42.88514709472656,43.193391571378946,42.72707671490389,42.94837765865502,3044100
SO,2020-07-21,43.367271423339844,43.77826106123091,42.85353663722554,42.86143895055065,3954700
SO,2020-07-22,44.086490631103516,44.47377020944172,42.64802879441628,43.2487069549002,3870400
SO,2020-07-23,43.91261291503906,44.29988948071696,43.604368506746255,43.93632286375445,3690900
SO,2020-07-24,43.35145950317383,44.4974877821682,43.19338913227728,44.13392110510763,2741800
SO,2020-07-27,42.88514709472656,43.34355963821019,42.64013619700187,43.2882344022724,3341400
SO,2020-07-28,43.69131088256836,43.975842339372136,42.75868133637761,42.75868133637761,2702900
SO,2020-07-29,43.778255462646484,43.96003879587027,43.256615414917675,43.865195973101116,3248400
SO,2020-07-30,43.659698486328125,43.888901701379545,42.89304462064265,43.715023712202466,4483900
SO,2020-07-31,43.161773681640625,43.45420748464322,42.49786787550025,43.36726697199403,5643600
SO,2020-08-03,42.68755340576172,43.16177356024192,42.58480826837353,43.13015828027677,3927600
SO,2020-08-04,43.027408599853516,43.256614848962506,42.52157619837087,42.58480675605567,3803600
SO,2020-08-05,42.2054328918457,43.185482426113865,42.110587054336676,43.153867146944194,4043300
SO,2020-08-06,42.59272003173828,42.73498580814971,41.94462172364167,42.12640510127855,2713500
SO,2020-08-07,43.224998474121094,43.41468712736687,42.33188948196071,42.33188948196071,3145000
SO,2020-08-10,43.52534484863281,43.76245344350746,43.13806818050407,43.34356149206227,2255500
SO,2020-08-11,42.82981872558594,43.77035369772217,42.70336062197926,43.68341318618027,5215700
SO,2020-08-12,43.35935974121094,43.77825160191573,42.87723732757026,43.09063592123083,4673200
SO,2020-08-13,43.47792434692383,43.50953963200237,43.03532241582232,43.16968285490684,3926100
SO,2020-08-14,42.83019256591797,43.38196204490275,42.71823655306838,43.30199651478534,3122000
SO,2020-08-17,42.85417556762695,43.206028121178235,42.58228853290901,42.830186522074754,2725500
SO,2020-08-18,42.4223518371582,42.96612587316967,42.24642709644072,42.84617760229259,6647500
SO,2020-08-19,42.53430938720703,42.766213673390254,42.33439253025374,42.678249768252535,2594200
SO,2020-08-20,41.782623291015625,42.47833310220275,41.646681291911236,42.26242252966416,3309500
SO,2020-08-21,41.878578186035156,42.02251855280161,41.47074918052277,41.95054836941838,3536900
SO,2020-08-24,42.270416259765625,42.34238644269044,41.55871281222519,41.89457163221508,3386100
SO,2020-08-25,41.91056442260742,42.430349404566094,41.73463663477733,42.40635731046005,2409100
SO,2020-08-26,41.358795166015625,41.758628829877374,41.150879952533806,41.59069637268398,3015300
SO,2020-08-27,41.74264907836914,41.87059577157797,41.30283251111941,41.38279805044126,3543000
SO,2020-08-28,41.91857147216797,41.99054167362815,41.47075959685092,41.82261222038426,2867000
SO,2020-08-31,41.726646423339844,42.102491088731156,41.61469347207157,41.670669947705704,3863500
SO,2020-09-01,41.43076705932617,41.838596071100376,41.254839263801784,41.598696472969145,3214200
SO,2020-09-02,42.55030822753906,42.77421720863201,41.27084140910584,41.39878809094916,4046900
SO,2020-09-03,42.062496185302734,43.1340504237361,41.734632734389685,42.71022775683321,4326000
SO,2020-09-04,41.81460952758789,42.278415038319096,41.198865256910494,42.15046837496334,3475700
SO,2020-09-08,42.26242446899414,42.63826915515865,41.478750716312916,41.926565596626176,6763200
SO,2020-09-09,42.26242446899414,43.03010755674392,42.11848408069664,42.51032248228191,4665400
SO,2020-09-10,41.230857849121094,41.67067436883352,41.10291116974131,41.63069160349411,6263300
SO,2020-09-11,41.39077377319336,41.55070782654995,40.95895579476542,41.20685067950421,3803000
SO,2020-09-14,42.270416259765625,42.53430489683071,41.57470652515168,41.57470652515168,3705700
SO,2020-09-15,42.39037322998047,43.02211129301729,42.17446568738812,42.478337143882996,3519000
SO,2020-09-16,42.6142692565918,43.0380919306132,42.22243095477856,42.22243095477856,2842000
SO,2020-09-17,42.798194885253906,42.82218392844685,42.03051499819281,42.36637380484877,3841900
SO,2020-09-18,42.23044204711914,42.77421619468568,42.150473466306735,42.50232912090241,6289200
SO,2020-09-21,42.40636444091797,42.502326732500286,41.75063736755185,42.15846948055351,4813100
SO,2020-09-22,42.478336334228516,42.91815284486861,42.142477451718065,42.33439594158421,4047500
SO,2020-09-23,42.00651931762695,42.62226346107398,41.96653656555657,42.62226346107398,2786700
SO,2020-09-24,42.4223518371582,42.53430477683901,41.590697070259615,42.00652445370891,3146300
SO,2020-09-25,43.03009796142578,43.062082334645766,42.00652175617064,42.14246678168792,3061900
SO,2020-09-28,42.95013427734375,43.741806326305614,42.87016875948411,43.18203854982125,4436000
SO,2020-09-29,42.94214630126953,43.3259863436235,42.558306258915565,43.14206318065115,2951300
SO,2020-09-30,43.357975006103516,43.58188094120442,43.08608792041404,43.166053454238764,4659900
SO,2020-10-01,43.67782974243164,43.773792020650845,43.166043127217954,43.421936434824794,5565800
SO,2020-10-02,44.989288330078125,45.23718633188755,43.25401146887964,43.42993927987273,6696900
SO,2020-10-05,45.71697998046875,45.86891872610838,44.997281210792934,45.037263967360126,5229100
SO,2020-10-06,46.24477005004883,47.04443749922424,45.51706974282954,45.61303203308284,4779300
SO,2020-10-07,46.22077941894531,46.86851117150771,46.12482017613621,46.524653913411676,3224300
SO,2020-10-08,46.94847869873047,47.14839557588448,46.30074996906473,46.38071549973055,3003000
SO,2020-10-09,46.97245788574219,47.340304106468345,46.684577173699594,47.18037003861261,3920600
SO,2020-10-12,47.068416595458984,47.33230521164181,46.73255475155796,46.932471571585914,3807100
SO,2020-10-13,46.6525993347168,46.94048010590394,45.94089578955372,46.7405632426339,3590500
SO,2020-10-14,46.38070297241211,46.74055386419234,46.22876728498874,46.500654286501735,2596600
SO,2020-10-15,46.396697998046875,46.54863368977231,45.88491140435202,46.06883452080557,3356700
SO,2020-10-16,46.66059494018555,46.82052904183569,46.23677216372854,46.604618462181385,3241600
SO,2020-10-19,46.412696838378906,47.22035957382265,46.388704741937666,46.72456663771351,3989500
SO,2020-10-20,46.860504150390625,47.01244289486063,46.372709643243894,46.58861713714242,3384500
SO,2020-10-21,47.076416015625,47.31631561040116,46.50865292954068,46.55663406869145,3900500
SO,2020-10-22,48.4278564453125,48.47583453462491,46.940474666849966,47.06042294061989,4964000
SO,2020-10-23,48.659767150878906,48.98763071057076,48.37188940739711,48.587796952386086,4395200
SO,2020-10-26,48.46784210205078,48.651765239889365,47.83610411741668,48.19595506122655,3949400
SO,2020-10-27,48.14797592163086,48.85967945650286,48.14797592163086,48.59579078705658,3484200
SO,2020-10-28,46.66859817504883,48.02003522099493,46.52465777364752,47.58021868359741,4240300
SO,2020-10-29,46.54864501953125,47.35631091281076,45.581048064662035,46.3247390929141,3758900
SO,2020-10-30,45.94089889526367,46.85251936532442,45.51707304214689,46.524655809416785,4145200
SO,2020-11-02,47.18837356567383,47.380295090534254,46.20478299567586,46.3967045205363,3659400
SO,2020-11-03,47.86809539794922,48.475841334910356,47.59620833524544,47.6841722453098,3121200
SO,2020-11-04,47.788116455078125,48.74771782415765,47.42027022958572,47.596198011555416,4100000
SO,2020-11-05,48.11598205566406,49.08358184884155,47.924063603645685,47.924063603645685,2758600
SO,2020-11-06,47.94805908203125,48.61178452301295,47.68417041247061,48.195957087185114,2971200
SO,2020-11-09,49.83527755737305,51.570554540331095,49.17955046191993,49.73131992990188,6353000
SO,2020-11-10,51.314659118652344,51.714492846117565,50.003204980644675,50.07517517360799,5515400
SO,2020-11-11,51.11473846435547,51.64252187393992,50.962802757362056,51.37063178691755,3459900
SO,2020-11-12,50.79487228393555,51.58654433141987,50.355055835550466,50.81886132915088,4189700
SO,2020-11-13,51.61884307861328,51.82079472902799,50.85142619072988,50.8918159045053,3654500
SO,2020-11-16,51.79656219482422,52.450883578545515,51.4492020235051,52.34587093766289,4014000
SO,2020-11-17,50.37480926513672,51.52997270191128,50.27787335675714,51.41688029521228,3770800
SO,2020-11-18,49.90628433227539,50.95643524221022,49.8578179147036,50.665624410630556,3990500
SO,2020-11-19,49.332740783691406,49.865892929628245,48.807665346563056,49.865892929628245,3394000
SO,2020-11-20,49.17926025390625,49.65586620898007,48.98538533932655,49.26003967075108,3967300
SO,2020-11-23,48.83189392089844,49.28426349959292,48.76726793449257,49.23579709132516,3324400
SO,2020-11-24,49.4296760559082,49.65586395959453,48.872290709238825,49.26811722953708,3353100
SO,2020-11-25,49.18733596801758,49.639708705194835,48.79151251933251,49.3327413806268,2849800
SO,2020-11-27,48.99346923828125,49.11463837370913,48.64611216995385,49.10656166396226,1694800
SO,2020-11-30,48.34722137451172,48.84806366032678,48.03217730921554,48.678421940789434,6823000
SO,2020-12-01,48.9288444519043,49.96283589133625,48.5007079493028,48.93692424338974,5216800
SO,2020-12-02,49.9870719909668,50.027461703625136,48.621876899737025,48.88037475859546,3892400
SO,2020-12-03,49.9870719909668,50.25364655974188,49.58316870130829,49.809353557425034,4171400
SO,2020-12-04,49.69625473022461,50.245563379951406,49.31658470074184,50.03553197071267,2928600
SO,2020-12-07,49.86589431762695,50.19709485566206,49.41352157333187,49.51046057095474,4111000
SO,2020-12-08,49.27619934082031,49.68010261410573,48.969231990292926,49.575086900221045,3677400
SO,2020-12-09,49.09040451049805,49.494307786297895,48.848063161325626,49.276199647581485,2691400
SO,2020-12-10,48.87229919433594,49.4296846377773,48.823829689087184,49.21965627810795,3206000
SO,2020-12-11,48.80767059326172,48.9692325206331,48.621875455322744,48.68650145888628,2139800
SO,2020-12-14,48.19374084472656,49.453920229475024,48.16950763321484,49.34082780037021,3017500
SO,2020-12-15,49.16310501098633,49.46199255879732,48.29875228619488,48.76727846263882,3116300
SO,2020-12-16,48.81575393676758,49.72049648173239,48.67034849970602,49.31659317468089,2670800
SO,2020-12-17,49.332740783691406,49.63162831419947,49.07424296030004,49.12271245776235,2991500
SO,2020-12-18,48.58148193359375,49.486224341761606,48.3149073936454,49.332742217642085,7612100
SO,2020-12-21,48.468387603759766,48.52493380944119,47.70097085039282,48.24220278103409,4059200
SO,2020-12-22,48.2421989440918,48.50877345231119,48.1614164555883,48.41183754764385,2714800
SO,2020-12-23,47.96755599975586,48.76728279523924,47.951399498231055,48.47647193086798,2462400
SO,2020-12-24,48.30682373046875,48.34721343552153,47.90292051686694,48.12910841192909,858000
SO,2020-12-28,48.4603157043457,48.888452184576266,48.23412777763554,48.484548914460674,2293800
SO,2020-12-29,48.52493667602539,48.87229372089523,48.40376446724297,48.47646717620497,1746700
SO,2020-12-30,48.961158752441406,49.17118711356604,48.49262944306989,48.524942446792956,1963800
SO,2020-12-31,49.62355422973633,49.663943938989036,48.83190421854166,48.93691992782852,2417300
SO,2021-01-04,47.95139694213867,49.67202574359057,47.62019638237914,49.583166530709676,4774300
SO,2021-01-05,48.266441345214844,48.444159772243175,47.87869457113819,48.088722918186505,3905200
SO,2021-01-06,49.445838928222656,49.760882994406174,48.34722151068398,48.51686323069913,4102500
SO,2021-01-07,49.389286041259766,49.720486563714104,49.12271151418045,49.58316094584777,4690300
SO,2021-01-08,49.73664855957031,49.84974098243878,49.0904039420809,49.33274528844725,3965800
SO,2021-01-11,49.445838928222656,49.8578220005684,49.074248649213246,49.429682427195615,2873300
SO,2021-01-12,47.51517868041992,49.39736932820414,47.256680843695335,49.31658682826691,7012200
SO,2021-01-13,48.234127044677734,48.45223517701031,47.53941293758968,47.54749272853016,3949500
SO,2021-01-14,47.692901611328125,48.21797404368341,47.64443210677972,48.129117907651036,3776700
SO,2021-01-15,48.19374084472656,48.34722298686344,47.224372324269105,47.458636974007696,4107900
SO,2021-01-19,49.32466125488281,49.38928416626745,48.379526138394674,48.71880643815914,6270300
SO,2021-01-20,48.99346923828125,49.38121601841793,48.59764266686021,49.098481872677915,5151000
SO,2021-01-21,48.37145233154297,48.94499418620896,48.1533442146551,48.46838824520298,3530400
SO,2021-01-22,48.58148193359375,48.90460576299374,48.16950197856912,48.24220468610726,3079400
SO,2021-01-25,49.292362213134766,49.30851871593909,48.12912174506419,48.36338333188226,4013100
SO,2021-01-26,48.21797561645508,49.22773388261793,48.21797561645508,49.187344168278955,3222800
SO,2021-01-27,47.28900146484375,48.20990054178085,46.957800865567464,48.06449509999732,5062700
SO,2021-01-28,47.692901611328125,48.686503343038595,47.37785753560743,47.458636961650534,2764400
SO,2021-01-29,47.59596252441406,47.8786966781778,47.022420588448085,47.46671359403388,3464500
SO,2021-02-01,47.749446868896484,48.28259908209347,47.361700084892995,47.89485229808998,3257200
SO,2021-02-02,48.177581787109375,49.03385783303167,47.61211659004889,47.90292743891071,3391700
SO,2021-02-03,48.02409362792969,48.37952735331334,47.91100121901384,48.14526274539508,3165000
SO,2021-02-04,48.743038177490234,48.8480538720582,48.024090976332225,48.104870383515674,3223600
SO,2021-02-05,49.17926025390625,49.470071085007184,48.743044007254845,48.97730863025696,3087200
SO,2021-02-08,49.05808639526367,49.50237933602486,48.977306981138774,49.227725013848236,3550200
SO,2021-02-09,48.985389709472656,49.18734135113871,48.799594568924384,49.13887492932286,2077400
SO,2021-02-10,49.21965026855469,49.45391489301431,48.93691922630153,49.2115704778976,3022400
SO,2021-02-11,49.51046371459961,49.6962588495346,48.95307522825722,49.260042577145974,4502600
SO,2021-02-12,49.06148910522461,49.5512895462121,48.57985371765075,49.347206807647844,4867000
SO,2021-02-16,48.408416748046875,49.06148077779383,48.40025481007407,48.988010879818866,3039600
SO,2021-02-17,48.38391876220703,48.51453154370464,48.10636621226782,48.46555058287266,2933200
SO,2021-02-18,48.85739517211914,49.25739861823795,48.367597957412805,48.424740861993385,4530700
SO,2021-02-19,48.41658020019531,48.87372344888486,48.2288244924757,48.783926563876605,3194800
SO,2021-02-22,48.40025329589844,48.62882492064541,47.706370255830414,48.42474222310566,4076100
SO,2021-02-23,48.09821319580078,49.216588725871084,48.09005125731387,48.343114947180055,3990600
SO,2021-02-24,47.657386779785156,48.10636803860012,47.46146604307355,47.97575525214387,5076900
SO,2021-02-25,47.151268005371094,47.877805069657995,47.036982185881364,47.575760416372255,4064300
SO,2021-02-26,46.302276611328125,47.62473142514794,46.277784573664576,47.38799478341134,6092400
SO,2021-03-01,47.16758728027344,47.82065433748134,46.75125998965519,46.75125998965519,3210700
SO,2021-03-02,47.20841598510742,47.61658142251328,46.62065675874535,47.19208899392457,3574200
SO,2021-03-03,47.01249313354492,47.16759487186533,46.57983878545561,46.93902323348683,3859400
SO,2021-03-04,46.86555480957031,47.91045731970374,46.54718627064248,47.192088401014566,4843400
SO,2021-03-05,47.632896423339844,47.86963308029304,46.57983215775121,46.996159456139104,4435200
SO,2021-03-08,48.661476135253906,48.87372075845388,47.845145391469224,48.28596474048607,7440100
SO,2021-03-09,48.49821853637695,48.947199907565505,48.359443778432684,48.73495524422273,4703100
SO,2021-03-10,48.80024719238281,49.14310769826404,48.40024690191821,48.49820571186095,4075700
SO,2021-03-11,48.392086029052734,49.10229602610174,48.36759710296645,48.62882269473574,3351000
SO,2021-03-12,48.84923553466797,49.159442112750405,48.43290819397054,48.63699089538308,4062400
SO,2021-03-15,49.77984619140625,49.902297043206545,48.865556670542176,48.97984247139337,3470200
SO,2021-03-16,50.00025939941406,50.16352617536595,49.485970145084764,49.616582943035326,4410500
SO,2021-03-17,49.55127716064453,50.02474737645873,49.52678512058101,50.000258450449884,3850300
SO,2021-03-18,49.306373596191406,49.72270086671593,48.83290031397295,49.55943411029391,4042900
SO,2021-03-19,48.734954833984375,49.20842513163513,47.77984607184362,48.816586677493234,8891400
SO,2021-03-22,48.72677993774414,48.89004670583502,48.39208446448241,48.57167822078783,3026900
SO,2021-03-23,49.49412536621094,49.77167789598593,48.58799789800275,48.783915498988556,3601400
SO,2021-03-24,49.543113708496094,50.03291404286624,49.134948320215024,49.20841821466781,3485600
SO,2021-03-25,50.10637664794922,50.45739907992932,49.567598538360706,49.79617012604846,4303700
SO,2021-03-26,50.3349609375,50.40026890135066,49.69005880772279,50.07373531020761,2929100
SO,2021-03-29,50.87373352050781,51.10230514043354,50.26965049240275,50.33495533492948,4505600
SO,2021-03-30,50.23699188232422,50.63699218031471,49.91862340847948,50.628830243521925,3008300
SO,2021-03-31,50.74311828613281,50.84107710224905,50.20434012641156,50.310463993736015,4346900
SO,2021-04-01,50.881900787353516,50.881900787353516,50.26965268099293,50.8165928279287,3396300
SO,2021-04-05,51.151283264160156,51.404346910762484,50.775771876857036,50.775771876857036,3104000
SO,2021-04-06,51.51863479614258,51.55128877393744,50.824751781247855,50.979856618746126,2879900
SO,2021-04-07,51.26557540893555,51.722721793972696,51.102308620418356,51.543128015198285,2311400
SO,2021-04-08,51.31455612182617,51.69823260580517,51.16761632430464,51.37986096847187,3717500
SO,2021-04-09,51.20842742919922,51.543122911191844,51.16761151462542,51.40434817883,2641800
SO,2021-04-12,51.33904266357422,51.608433317859436,51.12679802927314,51.2818997576449,3240900
SO,2021-04-13,51.885982513427734,52.130881110530446,51.02067081533991,51.02067081533991,4413500
SO,2021-04-14,52.15536880493164,52.18802278085579,51.64107958331717,51.739041511089624,3455000
SO,2021-04-15,52.645164489746094,52.743126414731385,51.983938623394856,52.17985624525653,4773900
SO,2021-04-16,53.069664001464844,53.27374668973432,52.71047647711556,53.06149895006344,5307800
SO,2021-04-19,52.99619674682617,53.175790528492385,52.571707449523345,53.077828585371705,3555000
SO,2021-04-20,53.95130157470703,54.204368367166374,52.91456416079287,52.988037174122994,4870900
SO,2021-04-21,53.65741729736328,54.20435734762232,53.37986163292326,54.02476360500384,3331700
SO,2021-04-22,53.143123626708984,53.82884460561356,53.1023108314141,53.575777871107704,3975400
SO,2021-04-23,53.33087921142578,53.583939702621755,53.1023076415574,53.20842837667968,3885800
SO,2021-04-26,52.7839469909668,53.437007825724905,52.66965496107231,53.437007825724905,3924700
SO,2021-04-27,52.51455307006836,52.77577863322605,52.392102224939414,52.7186357359137,2967900
SO,2021-04-28,52.52272415161133,52.759460846620854,52.31864143813175,52.5635431855513,3610200
SO,2021-04-29,53.19212341308594,53.33905699328116,52.3268084405705,52.4002814587785,5034800
SO,2021-04-30,54.01661682128906,54.065600912819136,53.06967616922206,53.36355580595926,5414000
SO,2021-05-03,53.91864776611328,54.4492577636208,53.73905400715598,54.02476851999293,3764600
SO,2021-05-04,54.22068786621094,54.45742453521427,53.75537957971735,54.05742420460631,3815300
SO,2021-05-05,53.428855895996094,54.12274215624096,52.955388698655824,54.049269135272766,4259400
SO,2021-05-06,53.91864776611328,54.0166034687378,53.249256809705585,53.5431301456884,3333600
SO,2021-05-07,54.0900764465332,54.2941591310437,53.714565054407,53.8125207569821,3608800
SO,2021-05-10,54.13089370727539,54.63702104868865,54.114569831537445,54.24517952177035,3753400
SO,2021-05-11,53.714569091796875,54.25334418078415,53.41252445389919,54.12273449149713,4057700
SO,2021-05-12,52.539058685302734,53.65743429156589,52.49823964792184,53.59212632300074,3781500
SO,2021-05-13,53.65741729736328,54.008439732087936,52.57169601924881,52.66149289055805,3533700
SO,2021-05-14,53.690406799316406,54.06147912281648,53.64093216719127,53.73163985360788,3859600
SO,2021-05-17,53.13791275024414,54.15218033523645,53.10492756901056,53.69040038052646,4449900
SO,2021-05-18,52.907020568847656,53.41827512846976,52.85753965341859,53.146152113089094,4955800
SO,2021-05-19,52.75859832763672,52.775090921026404,51.966972718775054,52.54420090485189,4758900
SO,2021-05-20,52.82455825805664,53.245111467294564,52.60191614215435,52.77508363036285,3520000
SO,2021-05-21,53.088436126708984,53.261603623731546,52.65139344975481,52.98948686628497,6245500
SO,2021-05-24,53.12141418457031,53.41827450858073,52.95649457846662,53.29458165836311,2566200
SO,2021-05-25,52.84105682373047,53.129669319529256,52.552441182291396,53.10493200435801,3634500
SO,2021-05-26,52.5442008972168,52.82456554787909,52.44524533689306,52.76684618948439,2895300
SO,2021-05-27,52.49471664428711,52.750347091809225,52.38751637330814,52.72560663195859,5675000
SO,2021-05-28,52.70912170410156,52.89053708972849,52.552446781922335,52.77509207910794,3754600
SO,2021-06-01,52.305057525634766,52.92351555740976,52.20610512133003,52.88228250544592,4008900
SO,2021-06-02,52.692626953125,53.08843658076744,52.2061064961574,52.502963716889234,3012600
SO,2021-06-03,53.15440368652344,53.33581904275788,52.42050068450605,52.73385362373643,3245100
SO,2021-06-04,53.06369400024414,53.4100289628866,53.030708819333434,53.28634239857142,2950200
SO,2021-06-07,53.327571868896484,53.54197241008214,53.014222071225376,53.187389561355225,5518800
SO,2021-06-08,52.31330871582031,53.434783067689345,52.28032667406817,53.434783067689345,4757400
SO,2021-06-09,52.469974517822266,52.54418959928724,52.008191439191314,52.29680389731074,4454800
SO,2021-06-10,52.67613983154297,52.72561446731615,52.34629424673216,52.56069482055137,3162600
SO,2021-06-11,52.65140151977539,52.75035708664713,52.354544256082434,52.57718641744196,3123400
SO,2021-06-14,52.60191345214844,52.8905259177366,52.39576079225976,52.58542086188055,3300900
SO,2021-06-15,53.0389518737793,53.33581218375383,52.626646586734594,52.692616942568804,3155700
SO,2021-06-16,51.93398666381836,53.25336580217236,51.91749407070438,53.08019829293631,4200200
SO,2021-06-17,52.23908615112305,52.478224007082524,51.72782840216567,51.95871838963542,4425800
SO,2021-06-18,50.67232894897461,52.02469001515221,50.614606450709,51.98346010862537,6549300
SO,2021-06-21,51.53816223144531,51.88449717173353,50.746536814523864,50.89496697340161,4303000
SO,2021-06-22,51.19183349609375,51.73607642939963,51.15884831331395,51.422723484271955,3626200
SO,2021-06-23,50.68882369995117,51.17534416722911,50.490915736295584,51.1341111133056,4500900
SO,2021-06-24,50.28475570678711,50.779523970861085,50.24352580452425,50.746538790794844,4963900
SO,2021-06-25,50.73829650878906,50.79601900743977,49.96316356573654,50.27651651958341,4703900
SO,2021-06-28,50.70531463623047,51.05989435239631,50.581621769780796,50.91971203968426,2363300
SO,2021-06-29,49.855960845947266,50.85373901155418,49.707530672229204,50.48266672289912,4097100
SO,2021-06-30,49.89719772338867,50.045627917848456,49.575600017272656,49.84772308899577,4155200
SO,2021-07-01,50.69706344604492,50.837248895212994,49.971405178071514,50.13632794065275,3635500
SO,2021-07-02,50.73829650878906,50.8042668761843,50.507406514186236,50.72180391694025,2940600
SO,2021-07-06,50.829010009765625,50.85374732755051,50.10335161354985,50.73005759298549,3030600
SO,2021-07-07,50.8702392578125,50.93620963189925,50.45793385669204,50.71356433781733,3001400
SO,2021-07-08,50.754783630371094,50.99392146794457,50.54038625072447,50.63109392329647,3480100
SO,2021-07-09,50.68882369995117,50.94445101869086,50.35073341900483,50.845498609683254,3688600
SO,2021-07-12,50.960941314697266,51.03515640451874,50.42494623988907,50.58162114256096,3121400
SO,2021-07-13,50.581626892089844,50.99393229448848,50.40021150842946,50.89497987869217,2426200
SO,2021-07-14,51.035152435302734,51.241305097035664,50.35072723408218,50.565124618202844,2969500
SO,2021-07-15,51.67835235595703,51.71958540850392,50.763037098325015,50.763037098325015,3600700
SO,2021-07-16,52.04118728637695,52.31330721043496,51.59589670631056,51.736082175875396,3651400
SO,2021-07-19,51.77730941772461,52.46998256913913,50.969191265347725,51.89275441868697,6866700
SO,2021-07-20,51.909244537353516,52.733855242805866,51.785551673279585,51.950474443498095,4566500
SO,2021-07-21,51.80204391479492,52.45348712265358,51.74432141745456,51.98345927537333,3966100
SO,2021-07-22,51.93398666381836,52.28032482793096,51.802049064547006,51.85977156762569,4387500
SO,2021-07-23,52.65964889526367,52.75860131556531,51.95048306754702,52.0082055748597,2823600
SO,2021-07-26,52.55244445800781,52.88228688153195,52.362784356712325,52.69262992587694,3960800
SO,2021-07-27,53.22037887573242,53.459516749605015,52.14838552349991,52.42875330598906,5830100
SO,2021-07-28,52.7668342590332,53.36055175853484,52.40400357782904,53.36055175853484,5104800
SO,2021-07-29,53.15440368652344,53.34406691111769,52.51120836262327,52.6019160407405,4512500
SO,2021-07-30,52.66789245605469,53.49250642581988,52.53595485002039,52.93177081376395,5192100
SO,2021-08-02,52.84105682373047,53.121421450711985,52.568933774285654,52.76684173257645,3616700
SO,2021-08-03,52.882286071777344,53.2286273743014,52.51945846776441,52.85754875544295,4137500
SO,2021-08-04,52.79981994628906,52.90702335930643,52.06591695672757,52.7750826329097,4537700
SO,2021-08-05,53.41828155517578,53.44301887022655,52.74210101490573,52.89053119649089,3792300
SO,2021-08-06,53.35232162475586,53.68216723628126,53.19564983502466,53.45952506598863,3327000
SO,2021-08-09,53.47600555419922,53.52548647696936,53.104933235467016,53.46775768519074,2906600
SO,2021-08-10,53.77286148071289,53.95427683621892,53.26984846454808,53.53372362948043,3484600
SO,2021-08-11,54.119197845458984,54.42430606858318,53.77286286220256,53.80584804507655,3452600
SO,2021-08-12,54.193424224853516,54.399576930339855,54.02849828569567,54.13570171896859,5412400
SO,2021-08-13,54.58491516113281,54.676543027691075,54.11845064418338,54.268386575360324,3635200
SO,2021-08-16,55.29293441772461,55.69276562039689,54.60989447761471,54.668202532681356,5504500
SO,2021-08-17,55.35124588012695,55.484525074255956,54.884781410878944,55.27628109975571,5004300
SO,2021-08-18,54.984745025634766,55.409558190539315,54.79315775814864,55.342924943463586,3545700
SO,2021-08-19,55.29293441772461,55.56781797236796,54.95974916311597,55.02638240097688,4005800
SO,2021-08-20,56.07594299316406,56.1925591225252,54.9430951464252,55.284618350341695,4319000
SO,2021-08-23,55.53451156616211,56.07594726810217,55.48453503694093,55.926011325335736,4798200
SO,2021-08-24,54.75151443481445,55.48453101571241,54.50995063591454,55.48453101571241,5062700
SO,2021-08-25,54.868133544921875,55.10969735694297,54.47663379285676,54.65988953681088,3037100
SO,2021-08-26,55.09303665161133,55.201321252658445,54.70153688267495,54.876461094414026,3378600
SO,2021-08-27,54.968082427978516,55.32626234893795,54.83480957755996,55.20131468253772,3579600
SO,2021-08-30,54.76816177368164,54.96807419692526,54.68486546025525,54.85978962498108,3221100
SO,2021-08-31,54.75151443481445,54.94309535301278,54.46829929451363,54.68487483061397,4581500
SO,2021-09-01,55.37624740600586,55.609479669735975,54.85146845751054,54.951427865581685,3574900
SO,2021-09-02,55.68444061279297,55.79273155283163,55.41788856478583,55.47619662669045,3544200
SO,2021-09-03,55.20131301879883,55.63446406858438,55.134679773148996,55.63446406858438,2891300
SO,2021-09-07,55.13468551635742,55.901021939525364,55.03472610481704,55.69277793180998,6416900
SO,2021-09-08,56.06761169433594,56.19255936350225,54.98474672346694,55.1596709182588,4759600
SO,2021-09-09,55.959320068359375,56.25919189461651,55.88434893424427,56.025959664216884,4789800
SO,2021-09-10,55.15135192871094,55.90103175919692,55.06805558201336,55.842723680998226,3818800
SO,2021-09-13,55.25129318237305,55.70110093269611,55.00139786938186,55.50951367872262,3243700
SO,2021-09-14,54.95143127441406,55.509523705117665,54.78483225062743,55.30961123167665,3252700
SO,2021-09-15,54.984745025634766,55.25962226318999,54.49328590344999,54.77650103515527,3037000
SO,2021-09-16,54.4599609375,55.2596170224914,54.31835656262792,55.084692849690306,4049400
SO,2021-09-17,53.42707824707031,54.459966671208754,53.37710172246594,54.151769629345345,9457600
SO,2021-09-20,53.27714157104492,53.72694935148356,52.71904920378118,53.35211271200248,4444100
SO,2021-09-21,53.152191162109375,53.87687927593421,53.14385962401958,53.43540308369793,3381600
SO,2021-09-22,52.98560333251953,53.45206785416896,52.87731556390038,53.318795000170184,3500100
SO,2021-09-23,52.810672760009766,53.37709662008943,52.744033163505875,52.993925295293764,2802500
SO,2021-09-24,52.61076354980469,53.093891150593024,52.4858158799315,52.744039581478845,3449600
SO,2021-09-27,52.011024475097656,53.06890446140305,51.977707847359675,52.60243989755606,3375400
SO,2021-09-28,51.59452438354492,52.16094823088226,51.27799583992466,52.03600375657451,5101000
SO,2021-09-29,52.17761993408203,52.58577960194958,51.4862514560246,51.61952749863516,3889600
SO,2021-09-30,51.619529724121094,52.402526111021714,51.586209917644055,52.31922977238075,4987400
SO,2021-10-01,51.43626403808594,51.96103976737908,51.30298801545367,51.9360483285692,4654900
SO,2021-10-04,52.002685546875,52.169281361922806,51.22801770782095,51.27799740560056,6268900
SO,2021-10-05,51.69449234008789,52.35254097324709,51.57787302950967,52.19427667521789,4266400
SO,2021-10-06,52.25258255004883,52.29423071330422,51.19470268009577,51.49457453961647,3386900
SO,2021-10-07,52.202598571777344,52.87731020043433,52.060994192797374,52.47748214633975,2863400
SO,2021-10-08,52.11097717285156,52.444165650137606,51.961041245929955,52.18594513631237,2624000
SO,2021-10-11,51.57787322998047,52.04434094145248,51.43626883291206,51.961044611124166,3238300
SO,2021-10-12,51.727806091308594,51.994358145573834,51.44459413645789,51.60286160324427,2600900
SO,2021-10-13,52.0693359375,52.11098728560091,51.23635981630943,51.686167684364754,3200100
SO,2021-10-14,52.694061279296875,52.7607008856817,52.08598917001631,52.27757327204569,2853900
SO,2021-10-15,52.58577346801758,53.060569513031496,52.48581406455592,52.6857296939281,2895900
SO,2021-10-18,52.01935958862305,52.26925179035744,51.65284806036432,52.17762390829275,4180200
SO,2021-10-19,52.45249938964844,52.60243532286015,52.094319457815025,52.16928742442089,2661200
SO,2021-10-20,53.06890106201172,53.285476604968984,52.6524130552261,52.6524130552261,2688200
SO,2021-10-21,53.44374465942383,53.46040138363031,53.11054980181842,53.18551777095302,2895000
SO,2021-10-22,52.43583679199219,53.51870489362934,52.39418862991982,53.45206529227267,5067200
SO,2021-10-25,52.319217681884766,52.65240613700343,52.16095022646881,52.31088614341503,2632300
SO,2021-10-26,52.710723876953125,53.19385151530026,52.35254391819274,52.41918352798606,3686000
SO,2021-10-27,52.17761993408203,52.84400014713482,52.12764340407276,52.66907593699937,2854400
SO,2021-10-28,52.26091384887695,52.34421017500464,51.86108258632077,52.07765811833463,2714600
SO,2021-10-29,51.911067962646484,52.55245991210053,51.69449558451143,52.23592811862483,3718700
SO,2021-11-01,52.044342041015625,52.26924595071531,51.79444986719977,51.977705610855374,3469600
SO,2021-11-02,52.052669525146484,52.27757023977197,51.71114950611187,52.2109338148036,3806200
SO,2021-11-03,52.10264587402344,52.227593539551165,51.56954176586724,51.89440188317798,4064100
SO,2021-11-04,52.06098937988281,52.26090497722384,51.45291740523186,52.15261722959951,3797400
SO,2021-11-05,52.560791015625,52.777366582605886,52.110986333340996,52.25259074613093,3611600
SO,2021-11-08,52.16094970703125,52.77735326806631,51.844421154453265,52.76069336884365,4727100
SO,2021-11-09,52.769020080566406,52.95227578873781,52.0693202228356,52.194267874325334,5442700
SO,2021-11-10,53.19385528564453,53.268823263199955,52.452507050680744,52.5607916579428,3753300
SO,2021-11-11,52.519134521484375,53.15219804110836,52.24425410241038,53.01059047321175,3772600
SO,2021-11-12,52.09823989868164,52.552806024390094,51.87937651102491,52.35077556479793,4157600
SO,2021-11-15,52.359195709228516,52.51913421659695,51.99722674045735,52.283434687598145,3473700
SO,2021-11-16,52.19083786010742,52.73800115439723,52.165585256457675,52.485462273238696,4492500
SO,2021-11-17,52.33393859863281,52.43495543241533,51.78677853255413,52.19083623418867,3727000
SO,2021-11-18,51.87937927246094,52.22451211712916,51.75310982709912,52.18242337239701,3160400
SO,2021-11-19,52.75483322143555,52.80534163907569,51.77835962521577,51.98880654863525,5363700
SO,2021-11-22,53.13364028930664,53.22623745281945,52.426538472040576,52.68749382274346,3622900
SO,2021-11-23,53.041038513183594,53.5208604288564,52.86426387703127,53.24306896247557,3391400
SO,2021-11-24,53.1168098449707,53.23466283645639,52.80534925252987,53.125229521373946,2793800
SO,2021-11-26,52.22450637817383,53.11679922863658,52.14874536151519,52.81375837316708,2353900
SO,2021-11-29,52.881103515625,53.03262555983203,52.19083785253311,52.43495705832946,6722200
SO,2021-11-30,51.4332275390625,52.76325365556381,51.34063358880485,52.76325365556381,6875800
SO,2021-12-01,51.466896057128906,52.72957752353998,51.43322378067834,51.727851382873276,5750300
SO,2021-12-02,52.199256896972656,52.81376477950225,51.610008041668266,51.64367711113893,5742000
SO,2021-12-03,52.8895263671875,52.914778972350106,52.04773860933571,52.586482260574385,5959400
SO,2021-12-06,54.429996490478516,55.482231129508826,53.57978910388947,53.81548863545937,8959500
SO,2021-12-07,54.27006149291992,54.60677790358658,53.807075625461856,54.21113660272811,4280400
SO,2021-12-08,54.50575637817383,54.64044549981938,54.09328218221325,54.312142371391054,4511100
SO,2021-12-09,54.3542366027832,54.64044778709553,53.93334271351825,54.52259158955676,4872800
SO,2021-12-10,54.783546447753906,55.086590541231544,54.35423291160549,54.62360472554887,4207500
SO,2021-12-13,55.709510803222656,56.02938782040103,54.71620105033867,54.758293004694224,8051400
SO,2021-12-14,55.532745361328125,55.945219608604155,55.28020643799005,55.70110036199911,4289700
SO,2021-12-15,56.189327239990234,56.4166070861469,55.24652273306311,55.24652273306311,5217700
SO,2021-12-16,56.86275863647461,56.9553557922659,56.02938423435299,56.17249301660416,4740400
SO,2021-12-17,56.26509094238281,57.41834248862886,56.18933312650414,56.82067394815025,10776000
SO,2021-12-20,56.500789642333984,56.61021972530316,55.33070531718848,55.67583491567903,4457300
SO,2021-12-21,55.88628005981445,56.820664839856256,55.785263232504825,56.694395411301706,6802800
SO,2021-12-22,56.10515213012695,56.1809099412734,55.77685543716459,55.77685543716459,2349700
SO,2021-12-23,56.012550354003906,56.44186384879216,55.99571100469377,56.231416938725566,2126500
SO,2021-12-27,56.366111755371094,56.38295110830621,55.86946002341917,56.147245123534475,1888800
SO,2021-12-28,57.014286041259766,57.0226992945204,56.399778169704625,56.5260476142522,2152800
SO,2021-12-29,57.30049133300781,57.34258328903422,56.95536169844824,57.03111951249883,2321300
SO,2021-12-30,57.54460906982422,57.60353395334823,57.047950975266964,57.42675930277618,3203800
SO,2021-12-31,57.729793548583984,57.982325968183744,57.37624430774659,57.46042178094651,3609700
SO,2022-01-03,57.38465881347656,57.69612253568525,56.70281291662827,57.662450261203524,3616600
SO,2022-01-04,57.38465881347656,58.18436088217573,57.182631588915896,57.258389389752516,5259900
SO,2022-01-05,57.45200729370117,58.05809543118556,56.94693598657422,56.94693598657422,4542900
SO,2022-01-06,57.38465881347656,57.83080521128247,57.081614765470725,57.51934791140346,4015300
SO,2022-01-07,57.78030776977539,58.201201623822314,56.79541769266491,57.14054731337151,4380300
SO,2022-01-10,57.68771743774414,58.27697275657005,57.553034728115925,57.7382226510633,5599200
SO,2022-01-11,56.94694137573242,57.813981712446335,56.58497239394274,57.68771226813259,4071900
SO,2022-01-12,57.05637741088867,57.19106654480505,56.55130600336503,56.66073610792354,3043500
SO,2022-01-13,57.536190032958984,57.687712081178276,56.854344027137515,57.13213551926133,3617800
SO,2022-01-14,57.79715347290039,57.86449161597779,57.174225876367274,57.578286846487906,5700600
SO,2022-01-18,57.24998474121094,57.654039251052204,56.669149158192155,57.48568427567345,4240300
SO,2022-01-19,57.519351959228516,58.02442326733854,57.031113578379106,57.342577322506514,3728000
SO,2022-01-20,57.14054870605469,58.032848065566895,57.06479089319846,57.60353452572285,4225100
SO,2022-01-21,57.081626892089844,57.839237173053796,56.95536386387172,57.68771511686101,5959000
SO,2022-01-24,56.71124267578125,57.32574413294279,55.05291979105273,57.04795263581621,8840400
SO,2022-01-25,56.610225677490234,57.07321150475147,56.15565952590578,56.34927353248707,8001100
SO,2022-01-26,56.41660690307617,57.27523392428239,55.92837493470722,56.55971568816405,6076000
SO,2022-01-27,57.26683044433594,57.82241354721497,56.80385094760215,56.820683879962694,6318100
SO,2022-01-28,58.08334732055664,58.108599922253646,56.938515613205645,57.241559678229734,6140300
SO,2022-01-31,58.495826721191406,58.731526254640876,57.485684028599216,57.603533795323955,14481900
SO,2022-02-01,57.23314666748047,58.319053623199075,56.7701672636918,58.276968089580535,6632600
SO,2022-02-02,57.923404693603516,58.03284119565949,56.89642275869932,57.283650719671336,6443600
SO,2022-02-03,58.29380416870117,58.411653944930826,57.58670551132323,58.08335722224376,5654100
SO,2022-02-04,57.8223991394043,58.3190507994388,57.359413335702236,57.78872686074138,6456000
SO,2022-02-07,56.94694137573242,57.33416296191869,56.57655271836697,57.15738830881175,7758700
SO,2022-02-08,57.14897155761719,57.4688486002272,56.93852461376904,57.393090783160766,4136900
SO,2022-02-09,57.30891036987305,57.56986251180182,56.99744659680945,57.519357302997726,4001200
SO,2022-02-10,55.51589584350586,57.07320821507771,55.406465755338346,57.07320821507771,7823100
SO,2022-02-11,56.22300720214844,56.53447099614069,55.692683207078424,55.751608095419535,8139100
SO,2022-02-14,55.431724548339844,56.450287001011596,54.867728271810485,56.315604294560785,7365500
SO,2022-02-15,54.733028411865234,55.95362431839529,54.42999077618282,55.79368261490828,6117700
SO,2022-02-16,54.60676574707031,55.11183703946604,54.13536030814837,54.775120703758915,7320400
SO,2022-02-17,54.5394287109375,54.7919611807691,53.411433005396496,53.77340199225285,7046400
SO,2022-02-18,54.23325729370117,54.69249833959965,53.92709443362691,54.258769783969726,9113100
SO,2022-02-22,54.67549133300781,54.88810406653712,53.72298395096326,54.32680657978826,7425800
SO,2022-02-23,53.442344665527344,54.930630774235375,53.34879452998387,54.68400567699529,5992500
SO,2022-02-24,53.476356506347656,53.55289722141861,52.53235543521023,53.15318423780221,8625500
SO,2022-02-25,55.31333923339844,55.34735805533978,53.84205924867604,54.020653197547986,8768800
SO,2022-02-28,55.08370590209961,55.26230631376668,54.51390531531697,54.939130795917606,8132900
SO,2022-03-01,54.513912200927734,55.33034444819279,53.5529048292195,55.04970052675214,7192400
SO,2022-03-02,54.91361618041992,55.15174140219419,54.403346921128524,54.54792202171638,4959200
SO,2022-03-03,56.4699592590332,56.75910954378766,55.143251015280455,55.160263672282206,6799700
SO,2022-03-04,57.47347640991211,57.49898890010936,55.84061215303006,56.07023105323112,6514700
SO,2022-03-07,58.87672424316406,59.22540577123632,56.895171901099424,57.66057908134178,9994900
SO,2022-03-08,57.67757797241211,59.09782937371784,57.60104050825293,58.61307263543399,7528900
SO,2022-03-09,57.08226776123047,58.21336254718703,57.03974262010235,58.06028112292159,5795800
SO,2022-03-10,58.34945297241211,58.46851561240319,56.85265715597496,56.98873245220891,5693500
SO,2022-03-11,58.417476654052734,58.80868330455459,58.111313799151155,58.111313799151155,4415500
SO,2022-03-14,58.391971588134766,59.063822200693664,58.06879603996937,58.63009684146093,4530200
SO,2022-03-15,58.391971588134766,59.106347348113275,58.11982102613169,59.012797214531346,4836700
SO,2022-03-16,58.27291488647461,58.40899019646322,57.38845132526025,58.20488371990821,5351500
SO,2022-03-17,58.17936706542969,58.75766762628748,58.0347854367878,58.32394220564414,5035900
SO,2022-03-18,57.85619354248047,58.52805076264253,57.499005599131834,58.306931636005324,8192100
SO,2022-03-21,58.58757400512695,58.87673074444824,57.966748354240856,58.043285836503486,4730600
SO,2022-03-22,58.52803421020508,58.70662813137087,58.01776493709912,58.64709682431561,3441000
SO,2022-03-23,58.502532958984375,58.88523336522959,58.15384488751142,58.51103928689098,3724000
SO,2022-03-24,58.936256408691406,59.17438164857684,58.451499602231436,58.47701209387257,3889000
SO,2022-03-25,60.32249450683594,60.32249450683594,59.00429275619507,59.10634922017864,5845600
SO,2022-03-28,60.38202667236328,60.52660179872256,59.7867135118093,60.37352034480485,3276800
SO,2022-03-29,61.283504486083984,61.29201081388467,60.143903121017566,60.38202839202088,5422300
SO,2022-03-30,61.65769958496094,61.65769958496094,61.03686747905991,61.232474070581894,3956900
SO,2022-03-31,61.66621398925781,62.23601469593781,61.55565118844446,61.64920133293547,5688300
SO,2022-04-01,63.03542709350586,63.09495840079339,61.20695624335177,61.513119106095054,6034300
SO,2022-04-04,62.18497848510742,62.61020397846952,61.640690372678016,62.465622379522564,4660800
SO,2022-04-05,63.23102569580078,63.902882712809365,62.35506227122811,62.440106067011,6729800
SO,2022-04-06,65.06798553466797,65.08499169393419,63.28204034421253,63.5116591806383,6877400
SO,2022-04-07,64.43018341064453,64.85540900194525,63.81785752102308,64.67681503221026,6436300
SO,2022-04-08,65.05099487304688,65.22108896531766,64.32811282406803,64.62576937500918,3731200
SO,2022-04-11,63.34160232543945,65.37417998486382,63.239545855120404,65.0510044064004,8172500
SO,2022-04-12,64.24308013916016,64.5747555659506,62.92487827176314,63.324591347235554,6069500
SO,2022-04-13,64.08998107910156,64.32810629568819,63.4096177559179,64.25156882825343,4667200
SO,2022-04-14,64.62576293945312,64.87239448236609,63.76681219061978,64.13250634205272,5925800
SO,2022-04-18,64.48970794677734,65.11903993890968,64.17503870649772,64.63428307538139,3716600
SO,2022-04-19,64.8638916015625,65.00847319538056,64.1495159125005,64.82137294679026,3759200
SO,2022-04-20,65.05950164794922,65.55276478629322,64.97445784544107,65.40818967318674,4583000
SO,2022-04-21,65.0254898071289,65.68884062167322,64.71932689450432,64.87240835081661,4898800
SO,2022-04-22,64.5577392578125,65.30613381048073,64.48119529296133,65.05950223906788,4861700
SO,2022-04-25,63.758304595947266,64.90641200578558,62.8823412127997,64.75333058524544,7424100
SO,2022-04-26,62.71226119995117,64.14101928248898,62.6952550331566,63.57121861268137,6880500
SO,2022-04-27,62.49115753173828,63.37562107701034,61.955369118850506,62.84834548137828,6407600
SO,2022-04-28,64.2770767211914,64.75332712030982,62.8483190354111,63.477650846878305,5702100
SO,2022-04-29,62.41459655761719,64.0984923436031,62.31254010474876,64.03045470835748,8189500
SO,2022-05-02,62.26151657104492,63.16299254953116,61.34302793913846,62.96739245418189,6371900
SO,2022-05-03,62.18497848510742,63.384111002406975,61.96385941179982,62.236003468014516,4747600
SO,2022-05-04,63.41813278198242,63.596726718923335,62.26151886695194,62.55067558992276,5712500
SO,2022-05-05,62.98439025878906,63.90287876877771,62.44860853884168,63.145978002701504,4969700
SO,2022-05-06,63.5031852722168,63.673279393823975,62.52516516036427,62.82282825107,5242400
SO,2022-05-09,63.12897872924805,63.78382312509154,62.338059062959864,63.18851003796109,6063500
SO,2022-05-10,62.253021240234375,64.09850515672963,61.70023318653438,63.1885226908009,5314100
SO,2022-05-11,62.91636657714844,63.77531739831031,62.25300936013157,62.43160977637624,5758900
SO,2022-05-12,63.00141525268555,63.197015360391774,61.70022618616238,62.91637144549038,6631400
SO,2022-05-13,63.216007232666016,63.542170282534016,62.374840932375,63.43058973749615,5018100
SO,2022-05-16,63.73098373413086,64.03998296702773,63.16448295764117,63.439154763359525,4537900
SO,2022-05-17,63.64515686035156,64.03998778799036,62.57224459550591,63.94557098480099,4527900
SO,2022-05-18,63.36191940307617,64.18591540509253,63.21600487687849,64.03141574543082,5498700
SO,2022-05-19,62.941349029541016,63.3876778088698,62.24609718200433,63.267512116414395,5814900
SO,2022-05-20,63.01000213623047,63.31899488064629,62.177421071802634,62.898415056335466,5758200
SO,2022-05-23,63.64515686035156,64.11723432776158,62.98423923802604,63.61082288205209,3927300
SO,2022-05-24,64.96698760986328,65.20731891701892,63.533571801835876,63.8769050471455,7298300
SO,2022-05-25,64.96698760986328,65.31031430663592,64.49490357899542,65.06140441603685,3859800
SO,2022-05-26,64.62364959716797,65.49056450420031,64.58073048896911,65.44764539600145,3561800
SO,2022-05-27,65.29315948486328,65.32749346892462,64.42624439579387,64.469163513005,3773800
SO,2022-05-31,64.94123077392578,65.2244746090672,64.34898116233376,64.6579803902482,8118800
SO,2022-06-01,64.84680938720703,65.1643871750202,64.1687281599988,65.0613918053665,4902600
SO,2022-06-02,65.19015502929688,65.4390714927794,63.61941624717108,65.35323981019107,4732900
SO,2022-06-03,64.597900390625,65.17297976547124,64.4777347465836,64.95839732274924,2686200
SO,2022-06-06,64.67515563964844,65.20732252676488,64.6064876770778,64.7953212998784,4674500
SO,2022-06-07,64.96698760986328,64.99273645726753,64.20307457703127,64.68373719134256,3471200
SO,2022-06-08,64.05715942382812,64.89832562483728,63.979912874505004,64.72666226064975,2981600
SO,2022-06-09,62.563663482666016,64.71807328245808,62.52074436990051,64.24598923618626,4184800
SO,2022-06-10,61.91991424560547,62.46924482031514,61.47358560935523,62.27183262393913,4967400
SO,2022-06-13,59.01017761230469,61.4392526769401,58.6925932080451,61.21608508074318,6507600
SO,2022-06-14,57.319271087646484,59.1217626123859,56.744191612114825,59.06167977984584,6889000
SO,2022-06-15,57.13901901245117,57.902932070575254,56.38369108659175,57.47376713686342,6543300
SO,2022-06-16,56.890106201171875,56.89869133398524,55.73994724861029,56.495275222746066,7006200
SO,2022-06-17,56.12619400024414,57.17335757009972,55.6111973482683,56.993109069335055,9042000
SO,2022-06-21,57.63684844970703,57.87717975040279,56.28927090063138,56.43518539769141,6334900
SO,2022-06-22,58.10035705566406,58.57243460427913,57.207693111935285,57.25060568078871,5613500
SO,2022-06-23,59.46510314941406,59.59385396301287,58.272024937239394,58.46944372456268,5067600
SO,2022-06-24,59.93718719482422,60.117435714181724,59.43935420886251,59.825600100551675,4607600
SO,2022-06-27,60.40068817138672,60.66676839221521,59.47369014273836,59.559521838308335,3679500
SO,2022-06-28,60.615264892578125,61.31051007336195,60.56376064132667,60.69251144664833,3788700
SO,2022-06-29,60.65817642211914,61.20750707010553,60.374925964974885,60.8212612093,2910400
SO,2022-06-30,61.20750045776367,61.542248580575205,60.229004937462705,60.366340858891625,5389200
SO,2022-07-01,62.77824783325195,62.86407951282139,61.31908963495937,61.58516980618584,5053400
SO,2022-07-05,60.78692626953125,62.683834656744764,59.95434517749059,62.58941783918112,5903000
SO,2022-07-06,61.3448371887207,61.98858459470526,60.63242182111552,61.00150392915482,4338900
SO,2022-07-07,61.19034957885742,61.86843109895748,61.03584990910629,61.49076378433504,2622600
SO,2022-07-08,61.10449981689453,61.39632880205971,60.786915437270714,61.190331486146846,3294700
SO,2022-07-11,61.60232925415039,61.61949951799696,60.8555864902483,60.9414181638703,4028200
SO,2022-07-12,61.7825927734375,62.25467031751075,61.23325557997286,61.422089217017295,3887100
SO,2022-07-13,61.11307907104492,61.9542451554439,61.09591535642059,61.30191267459592,3727100
SO,2022-07-14,61.679588317871094,61.765419999805644,60.01442618448301,60.04017503420961,3119600
SO,2022-07-15,62.08300018310547,62.22032955510704,61.319087133586024,62.168831859173594,4975700
SO,2022-07-18,61.533668518066406,62.05725024599102,61.27616694584424,61.95424830739475,3699800
SO,2022-07-19,61.585174560546875,62.048673524248706,61.43926003916052,61.8598398854956,5626800
SO,2022-07-20,60.88993453979492,61.791177143889726,60.73543487215889,61.61951375697789,4217100
SO,2022-07-21,60.81267547607422,61.01009424537341,60.383510502286065,60.8813434435294,3434200
SO,2022-07-22,61.74825668334961,61.76542040043282,61.06159012634415,61.20750464143309,3437400
SO,2022-07-25,62.39200973510742,62.400588320151606,61.45642663077364,61.61951142614792,3227600
SO,2022-07-26,63.0958251953125,63.21599084297957,62.28899309080214,62.409158738469216,2717500
SO,2022-07-27,62.881229400634766,63.04430757440854,62.28897987101583,62.786812619143774,6341700
SO,2022-07-28,65.09573364257812,65.23306956390523,62.88124757374432,63.456327010092984,5841000
SO,2022-07-29,65.99698638916016,66.61498497337291,64.93265913220347,65.09573736242696,7830100
SO,2022-08-01,65.81673431396484,66.32314579104641,65.35323540101346,65.80814918172393,4324600
SO,2022-08-02,65.17298126220703,66.52055877150772,65.11289843880648,66.07423016175177,4795000
SO,2022-08-03,66.31455993652344,66.43472558057232,64.1601503778703,65.13864579286059,4436900
SO,2022-08-04,66.92398834228516,67.61923351760797,66.48623822704512,66.52057221143042,5241900
SO,2022-08-05,66.32315063476562,66.83815383023705,65.59357150589798,66.5549033824353,4136200
SO,2022-08-08,66.25450134277344,67.07849743837579,66.0141699667901,66.82099579351431,4259600
SO,2022-08-09,67.16429901123047,67.30163490649956,66.49480289313347,66.54630057959142,3149600
SO,2022-08-10,67.19863891601562,67.48188931360592,66.88105454157773,67.35313853756156,3140900
SO,2022-08-11,66.8638916015625,67.65355343259031,66.6836431324281,67.19005456258618,3619600
SO,2022-08-12,67.6431884765625,67.68647892278605,67.08902055776056,67.21889850263392,3152400
SO,2022-08-15,67.85968017578125,68.10212788468507,67.49600200622092,67.6518621914026,5578300
SO,2022-08-16,68.46578979492188,68.73421306247639,67.72112530473484,67.85100987510768,4122900
SO,2022-08-17,68.62165069580078,68.87275910623333,68.26663330671222,68.34456669225516,3602600
SO,2022-08-18,69.02863311767578,69.23644451046927,68.58702812756019,68.63032519556948,2867300
SO,2022-08-19,69.40962982177734,69.76464069451994,68.91606700288708,69.18449694747386,3483400
SO,2022-08-22,68.50041961669922,69.30569594910597,68.3185838779239,69.12386021033063,2593600
SO,2022-08-23,68.22333526611328,68.61298233188205,67.98088761575022,68.61298233188205,2234100
SO,2022-08-24,68.2926254272461,68.53507313979466,67.80772339594427,68.42250341167947,2508000
SO,2022-08-25,68.50910186767578,68.54373820111273,67.76443721429413,68.41385360227545,2471000
SO,2022-08-26,67.71247863769531,68.82082147640406,67.66052744123579,68.56105228169629,3091400
SO,2022-08-29,68.12810516357422,68.61300059335613,67.11501723797781,67.3488042184213,2714300
SO,2022-08-30,67.17561340332031,68.22333741464368,66.89852942186457,68.06747726218713,3087000
SO,2022-08-31,66.73400115966797,67.61720418848311,66.71668630295503,67.12364819463296,4301400
SO,2022-09-01,68.20601654052734,68.31858624428953,66.82059662124989,66.88986926876458,3740300
SO,2022-09-02,67.42671966552734,68.9679996766148,67.21024760540377,68.32724422838582,3128300
SO,2022-09-06,67.34880065917969,68.37920999921607,67.18427974439622,67.71247221229686,4134200
SO,2022-09-07,69.05460357666016,69.21046376120675,67.66918338413736,67.67784411833567,5148100
SO,2022-09-08,68.76020050048828,69.28838634282832,68.43981941665197,68.87276361341253,2684100
SO,2022-09-09,68.85543823242188,69.34034019745138,68.56970009951604,69.0286198650052,3240400
SO,2022-09-12,69.40094757080078,69.54814699420062,68.75153135511557,68.92470637015028,3368300
SO,2022-09-13,67.73846435546875,69.08058764785628,67.44405881244991,68.81216431061985,3211600
SO,2022-09-14,68.77751922607422,69.04594252916249,67.84235812303795,67.84235812303795,2905800
SO,2022-09-15,66.92449951171875,68.53505208598146,66.87254833390469,68.53505208598146,3976900
SO,2022-09-16,66.88987731933594,67.39209416495714,66.59547844127086,66.90719218019692,8144500
SO,2022-09-19,67.77308654785156,67.83369847552648,66.40498780801721,66.69938671209403,3977700
SO,2022-09-20,66.86388397216797,67.46134890940408,66.16251668494458,67.38341554071131,2999100
SO,2022-09-21,65.92008209228516,67.72979229939348,65.91142796467625,67.2189147036838,2458700
SO,2022-09-22,65.75556945800781,66.27510119452849,65.41787349895915,65.92008376741329,2831100
SO,2022-09-23,64.93296813964844,65.39188792669331,64.28355185091608,65.20139803120993,3283500
SO,2022-09-26,63.339725494384766,64.89832034832068,62.525788442289695,64.88966622246647,4095300
SO,2022-09-27,62.10152053833008,63.729388442094674,61.87638769214623,63.729388442094674,3975500
SO,2022-09-28,62.79423141479492,63.16656373583099,62.06688824228077,62.86350408061676,4003600
SO,2022-09-29,60.075340270996094,62.92411415852254,59.98009200984743,62.73361763622521,3994400
SO,2022-09-30,58.880401611328125,60.698765633966744,58.75051705123897,60.430342387664815,7156100
SO,2022-10-03,60.37840270996094,60.85463737942024,59.33067190350078,59.98008822147616,4279600
SO,2022-10-04,61.20964813232422,61.57331964526089,60.0320394755928,60.49095923328007,4521500
SO,2022-10-05,59.512516021728516,60.586215849025976,58.88907528129625,60.586215849025976,4030500
SO,2022-10-06,56.91484832763672,59.38262898493814,56.86289053060636,59.31335632636721,6649900
SO,2022-10-07,55.52076721191406,57.1399743101907,55.235022451204905,57.00143559985566,4889300
SO,2022-10-10,55.40819549560547,56.26542639266176,55.364898436775945,55.641985740257184,2943500
SO,2022-10-11,55.105133056640625,55.8930946116925,54.87134281004862,55.11379378971914,3906900
SO,2022-10-12,53.252132415771484,55.23501748871295,53.23481425275999,55.02720283567683,5066300
SO,2022-10-13,55.46015167236328,55.53807845318386,52.56808113706225,52.78455322539122,5246700
SO,2022-10-14,54.99256134033203,56.949467333255406,54.72413809664033,55.97967672058705,5079900
SO,2022-10-17,55.659305572509766,56.412630862499164,55.48613053412805,55.48613053412805,4018700
SO,2022-10-18,56.62044143676758,57.02741003808926,56.126885317467796,56.429944933493246,3841500
SO,2022-10-19,56.01433181762695,56.38666415441444,55.572726812087076,55.89310795041292,3158900
SO,2022-10-20,54.98391342163086,56.317382350899955,54.888665169097045,56.317382350899955,4098700
SO,2022-10-21,55.84980392456055,56.10957309692402,54.86269163950654,55.035869986714765,5225600
SO,2022-10-24,55.927730560302734,56.31738431778723,55.252341944543836,55.95371276243193,4327100
SO,2022-10-25,56.90618896484375,56.96680089100259,56.00566420033772,56.01432493441884,3752900
SO,2022-10-26,56.836917877197266,57.52963128635425,56.38665878558849,57.14863825069744,4312800
SO,2022-10-27,56.42995071411133,57.91927995823488,56.300066120736865,57.54694764720399,7106500
SO,2022-10-28,57.443031311035156,58.118429789037144,56.72434898444735,56.72434898444735,4509800
SO,2022-10-31,56.6983757019043,57.39108246261881,56.41263094258498,57.13997403226586,5054800
SO,2022-11-01,56.74165344238281,57.200573137483595,56.26541888978133,56.94946476340523,3196200
SO,2022-11-02,56.10956954956055,57.70280099446262,56.083587349003274,56.57714346032664,4289200
SO,2022-11-03,56.152854919433594,56.66373245152906,55.312945514757054,55.641983993541594,4163200
SO,2022-11-04,56.2048225402832,56.53385777351674,55.37356711674516,56.282749329915646,3542500
SO,2022-11-07,54.86268615722656,56.12688235024515,54.04874899761308,56.12688235024515,5010800
SO,2022-11-08,55.373565673828125,55.73724053148111,54.88866696465822,55.02720898112074,3346800
SO,2022-11-09,54.93196105957031,55.7372408704781,54.81939794139268,55.30429335040953,3404700
SO,2022-11-10,56.897518157958984,56.97545153848319,55.37355623659783,56.28273827112646,5143100
SO,2022-11-11,56.36067199707031,57.05338534986751,55.867115880218655,57.018749021607235,4638900
SO,2022-11-14,55.88443374633789,57.01008461434284,55.86711228022186,56.68971015943701,5160600
SO,2022-11-15,57.05339050292969,57.09668756871665,55.98835138909953,56.53385874450975,5905900
SO,2022-11-16,57.001434326171875,57.54694163389661,56.698374710769244,57.14863376705256,5338500
SO,2022-11-17,56.213470458984375,56.92349864631459,55.94504718273877,56.55116638916559,4464500
SO,2022-11-18,57.377296447753906,57.42979755682204,56.362237174350376,56.61599698560159,5202900
SO,2022-11-21,57.517311096191406,57.683566841681,56.97477513035549,57.21103680875292,4837600
SO,2022-11-22,57.70981216430664,58.13859345738493,57.3597958837737,57.744815127586456,3760800
SO,2022-11-23,58.06858444213867,58.08608258478154,57.403541527461236,57.596054477194095,3900000
SO,2022-11-25,58.549869537353516,58.79488360253334,58.217344726495845,58.30484879604113,1435600
SO,2022-11-28,57.61355209350586,58.42735257967609,57.38604286056568,58.11233928205644,4907700
SO,2022-11-29,57.517311096191406,57.54356165199854,56.904769197447656,57.28104274166076,4408600
SO,2022-11-30,59.18865966796875,59.35492208579779,57.28979384507113,57.421053297244946,8262100
SO,2022-12-01,59.25867462158203,59.99371698385481,58.76864638006685,59.451187623929876,4807100
SO,2022-12-02,58.92613983154297,59.10115465705074,58.43611167238713,58.73363353768386,4003500
SO,2022-12-05,59.048648834228516,59.30240862772712,58.3573553499507,58.444859417653575,4281000
SO,2022-12-06,59.92371368408203,59.94996424151977,59.311171747288995,59.372425273354935,6586400
SO,2022-12-07,59.94120407104492,60.61499277054949,59.71368814247999,59.80994462471389,4855000
SO,2022-12-08,60.09870529174805,60.50122930586214,59.599924809461925,59.80993588723192,3668000
SO,2022-12-09,59.818702697753906,60.151220873956646,59.52993322371464,59.78369973034308,3466000
SO,2022-12-12,62.15509033203125,62.22509626081329,60.632498099752354,61.035022176049864,5793900
SO,2022-12-13,62.31259536743164,63.34515936820688,61.66505726813837,62.89887995295571,4377400
SO,2022-12-14,62.225101470947266,63.04765451267692,61.69131790252271,62.50511853338856,5043500
SO,2022-12-15,61.57756423950195,62.452618407984176,61.411301811127615,61.82257833849562,6068900
SO,2022-12-16,60.755001068115234,61.4550469567859,59.85369649284111,61.21877863200329,18469900
SO,2022-12-19,60.29998779296875,60.78126359462613,59.94121236840928,60.5274970768939,4358400
SO,2022-12-20,60.79000473022461,61.25378229945357,59.914950697375275,60.247468826450344,4940700
SO,2022-12-21,61.89258575439453,62.29510988038662,60.91252265884839,61.08753082627672,6730000
SO,2022-12-22,61.9188232421875,62.032577859391445,60.982515724199274,61.81381435821539,3546000
SO,2022-12-23,62.77638244628906,62.785134857049876,61.81382422273168,61.81382422273168,2981700
SO,2022-12-27,63.24015808105469,63.38016994428086,62.47886527219496,62.785132877835835,3682900
SO,2022-12-28,62.697608947753906,63.73017274561258,62.54009898956763,63.37139746680403,2282600
SO,2022-12-29,63.170166015625,63.4239325395064,62.907647080262485,62.96014819688145,2367300
SO,2022-12-30,62.48762130737305,63.240161749400166,61.96258346595236,63.16141007886715,2910900
SO,2023-01-03,62.91639709472656,63.02139932396406,61.8575823344023,62.50512056052342,3761200
SO,2023-01-04,63.45018768310547,63.913965383111915,62.84639809381856,63.03015869139842,3857500
SO,2023-01-05,61.58631134033203,63.20516692883654,61.35880205829669,63.0039015281229,4098700
SO,2023-01-06,62.68012237548828,63.056395903107735,62.05883476962973,62.251347738569855,4040800
SO,2023-01-09,62.566375732421875,63.17016527095771,62.33885976953198,62.478871647043846,3168300
SO,2023-01-10,62.225101470947266,62.4526174204725,61.63881678960665,62.4526174204725,3215000
SO,2023-01-11,62.6188850402832,62.688890988197386,62.11135860824203,62.26011624045867,2965400
SO,2023-01-12,61.55131149291992,62.592628165677205,61.49005796370679,62.49637166603742,5082000
SO,2023-01-13,61.53379821777344,61.75256172205678,60.66749661012845,61.21002582802645,3637100
SO,2023-01-17,61.297542572021484,62.05883536873769,61.17503553171927,61.297542572021484,3601900
SO,2023-01-18,59.25867462158203,61.47256079631409,59.2236716505975,61.42880541354992,3494900
SO,2023-01-19,58.147342681884766,59.1624086495394,58.042340461874296,59.03990160877184,3967500
SO,2023-01-20,58.733638763427734,58.76864173164363,56.99227614438811,58.0423451624643,3963000
SO,2023-01-23,58.50611114501953,59.29366108254685,58.234846540589324,58.584862800706155,3502400
SO,2023-01-24,58.36610412597656,62.28634931906726,57.61355708746421,60.194970614125396,3444200
SO,2023-01-25,58.856136322021484,58.95239280005792,57.54355526821451,57.928574504227804,3796000
SO,2023-01-26,59.08363723754883,59.29365498337437,58.42734680313999,58.584856774443374,3235500
SO,2023-01-27,59.503665924072266,59.65242348661088,58.65486256256254,58.92612713850138,2904300
SO,2023-01-30,59.00489044189453,59.72243444213942,58.996138032732546,59.22365393801959,3498400
SO,2023-01-31,59.223663330078125,59.32867222827867,58.514871626590605,59.223663330078125,5420900
SO,2023-02-01,60.256229400634766,60.763762410728376,58.96989872987109,59.057402809786076,5792400
SO,2023-02-02,60.046199798583984,60.56247838452703,59.057384638996794,60.194957356283034,4820500
SO,2023-02-03,58.86489486694336,59.739949093261814,57.96359008201678,59.62619444724863,3888200
SO,2023-02-06,59.41618728637695,59.468688407113646,58.54113300138211,58.759896572630815,3000200
SO,2023-02-07,59.276161193847656,59.381170086295604,58.20859415375822,58.95239545869884,3226000
SO,2023-02-08,58.147342681884766,58.8998897472472,57.71856803919831,58.8998897472472,2619600
SO,2023-02-09,57.56105422973633,58.82113419566703,57.499800713399836,58.217344765969806,3243000
SO,2023-02-10,58.52360916137695,58.61986563554119,57.43854406986364,57.6223046088684,2592400
SO,2023-02-13,58.74238586425781,59.02240294036237,58.45362305299609,58.45362305299609,2345000
SO,2023-02-14,58.322364807128906,59.07491196666351,58.112353664694595,58.62863244737349,2705300
SO,2023-02-15,58.42735290527344,58.444857723986196,57.841068324908406,58.12983774847885,3758800
SO,2023-02-16,57.63106155395508,58.30485025000201,57.00102155570548,58.27859969609707,5312200
SO,2023-02-17,58.91313171386719,59.213757548080025,57.34813021807732,57.41002278015301,5356500
SO,2023-02-21,57.958221435546875,58.59482778267837,57.79022443997659,58.40915008820873,3088400
SO,2023-02-22,57.68410873413086,58.541767497457585,57.4984310759543,57.89631755414606,3523600
SO,2023-02-23,57.24201583862305,57.790211825816606,56.9413968024661,57.5868467310535,7870800
SO,2023-02-24,57.082862854003906,57.16244284649372,56.33130851448693,56.738031960039855,5468100
SO,2023-02-27,56.91487503051758,57.98473589336272,56.77340248049716,57.25970593896426,4839900
SO,2023-02-28,55.75659942626953,56.959085866246426,55.72123128521068,56.702671902907085,4751200
SO,2023-03-01,55.10230255126953,55.44713349588527,54.58063427347117,55.34103244513233,5571900
SO,2023-03-02,56.29594039916992,56.32246818763998,55.040401926029745,55.21723923330203,5766100
SO,2023-03-03,57.303916931152344,57.36580949169112,55.88038466586897,56.29594851907336,4965500
SO,2023-03-06,57.67527770996094,57.772531663607545,57.16244979401987,57.21549863160584,4832700
SO,2023-03-07,56.87950897216797,57.99357498828085,56.623095025219946,57.578014535416166,4115000
SO,2023-03-08,57.233184814453125,57.39233806948969,56.481627027249054,56.80877388576135,3238900
SO,2023-03-09,57.074031829833984,58.276521596744765,56.95908368934009,57.401175317004856,3564800
SO,2023-03-10,56.534671783447266,57.38349020667849,56.26057715402626,57.30391021201222,3892600
SO,2023-03-13,57.60453414916992,59.04575026963727,56.40204451345181,56.40204451345181,5202200
SO,2023-03-14,58.51524353027344,58.700921189874336,57.852106140649205,58.02010310467103,5092400
SO,2023-03-15,59.81499099731445,60.1509781633089,58.20577794623446,58.391455596845766,6256400
SO,2023-03-16,60.230567932128906,60.690340273172474,59.51437488260715,59.5939548862354,6737200
SO,2023-03-17,60.03605270385742,61.05286493751942,59.54974914773704,61.00865307031436,10618900
SO,2023-03-20,60.61075973510742,62.26417796571054,60.053720013967485,60.12445628741102,5773400
SO,2023-03-21,59.355220794677734,60.663815009214,58.55946124417407,60.5223424473039,6030900
SO,2023-03-22,58.983863830566406,60.283614288109156,58.97502010924233,59.22259708583659,6618600
SO,2023-03-23,58.65671157836914,59.61163107498212,58.40914135608784,58.9838617982595,4542600
SO,2023-03-24,60.64611053466797,60.6549542537495,58.72743498662475,58.815851940096664,4885300
SO,2023-03-27,60.33665466308594,61.12357710600245,60.168664456183905,60.884850629993295,4100400
SO,2023-03-28,60.469295501708984,60.97327971416428,60.142145251391845,60.301298515629476,5637000
SO,2023-03-29,61.30925750732422,61.521466324178846,60.690331989287095,60.690331989287095,4229000
SO,2023-03-30,61.06168746948242,61.68061973501856,60.87600981355625,61.37999394986507,3997100
SO,2023-03-31,61.52146911621094,61.547993533075974,60.80527613194243,61.185475180500454,5195200
SO,2023-04-03,60.98212814331055,61.56568566003873,60.34551503721888,61.13243769730892,4323500
SO,2023-04-04,61.56568145751953,61.59221262328212,60.76107815308699,61.12358980244268,3067100
SO,2023-04-05,63.219112396240234,63.369421953578815,61.68947216312334,61.89283731100442,4522100
SO,2023-04-06,63.93528747558594,64.14749630865539,63.369410745632855,63.58161957870231,4504800
SO,2023-04-10,63.696563720703125,63.705407442241864,62.90079742679238,63.56393488075416,3175800
SO,2023-04-11,63.51087951660156,63.78497414408877,63.12183675827212,63.67886973387647,3239100
SO,2023-04-12,63.767303466796875,64.20055140477695,63.14837109532767,63.528570192758494,3811400
SO,2023-04-13,64.06791687011719,64.09444128803716,62.68859317201646,63.519720831900926,4190000
SO,2023-04-14,63.6081428527832,63.95297376809296,63.37825332731583,63.634667269994324,3349900
SO,2023-04-17,63.961822509765625,64.09445136600232,63.28984799752508,63.811512954063176,2988200
SO,2023-04-18,64.17401885986328,64.35969652406163,63.7319272558341,63.92644864093214,3267200
SO,2023-04-19,64.37736511230469,64.76640780933155,64.20053120226406,64.37736511230469,2987100
SO,2023-04-20,64.56306457519531,64.79295413261602,64.20055291328529,64.38623060535387,3696800
SO,2023-04-21,65.08472442626953,65.41187463138537,64.63378911560332,65.14661697904471,3184800
SO,2023-04-24,65.51798248291016,65.56219434710209,64.73990359192902,65.12894641031127,2616800
SO,2023-04-25,65.41188049316406,65.83628468000263,65.21735909678684,65.63292630799585,3337400
SO,2023-04-26,64.18285369873047,65.12009245520957,64.06791231399028,65.02283176589776,3999000
SO,2023-04-27,64.9963150024414,65.09357570320456,64.20939242047265,64.36854568119573,4126300
SO,2023-04-28,65.03167724609375,65.45608140568105,64.62494703663073,65.02283352524911,4598700
SO,2023-05-01,65.5091323852539,65.924699583393,64.83715798626315,64.9874675166335,4044500
SO,2023-05-02,64.67799377441406,65.74785449375914,64.61610122852738,65.65059381511125,4180300
SO,2023-05-03,64.837158203125,65.59755632443712,64.71337308996095,65.07588470828917,3240500
SO,2023-05-04,65.6506118774414,65.68598001993337,64.12981547920428,64.93442554288364,4305200
SO,2023-05-05,66.26069641113281,66.27837710838794,65.1289429048806,65.23504057997737,3945500
SO,2023-05-08,65.93355560302734,66.4552273147372,65.66829788578043,66.14575772935449,2971600
SO,2023-05-09,66.03965759277344,66.2076478447419,65.45609333476082,65.71250731972542,4205600
SO,2023-05-10,66.89730072021484,66.97687396615962,66.13690266753713,66.27836846447742,4021700
SO,2023-05-11,66.00426483154297,67.02107666971119,65.77437535390413,66.8353922962998,3206600
SO,2023-05-12,65.46875,66.27204892465059,64.96892258450087,66.20064306253992,4820400
SO,2023-05-15,64.63867950439453,65.72759513397011,64.34413541253132,65.63834120573108,3706000
SO,2023-05-16,63.28200149536133,64.74578769556675,62.96960934464155,64.58512790239112,4008200
SO,2023-05-17,63.31769943237305,63.66579448851524,62.89819851608947,63.38017785758735,4411600
SO,2023-05-18,63.415870666503906,63.4872697056124,62.791079704439724,63.05884823241531,4355300
SO,2023-05-19,63.7371940612793,64.09420970749301,63.290917693875194,63.7371940612793,4665600
SO,2023-05-22,63.326622009277344,64.0852973797947,63.31770138371297,63.906782723939735,2913800
SO,2023-05-23,63.5051383972168,63.72827661589315,63.0410070889727,63.058861959864096,4500000
SO,2023-05-24,63.23738098144531,63.969274195602665,63.130278975730086,63.415895673702735,4044700
SO,2023-05-25,62.318031311035156,63.54083100211037,62.184147039661866,63.460497715431636,4980700
SO,2023-05-26,62.005645751953125,62.30018981808702,61.603992895505726,62.22878395787802,5056000
SO,2023-05-30,62.32696533203125,62.648284893430905,61.737877199585995,61.996718335693366,4197200
SO,2023-05-31,62.25556564331055,62.737545033189555,61.72003525776888,62.32697151061966,6383300
SO,2023-06-01,61.746795654296875,62.46976115748184,61.52365748075715,62.46976115748184,5021800
SO,2023-06-02,61.987789154052734,62.37158712992996,61.22019320229828,61.48796176579865,4840700
SO,2023-06-05,62.2020149230957,62.62151588334648,61.80928946079484,61.889615954644555,3445300
SO,2023-06-06,61.916378021240234,62.755372857828874,61.89852315535164,62.62149541184502,5025700
SO,2023-06-07,62.5947265625,62.81786476659942,61.41655711724056,61.92531195020174,4954200
SO,2023-06-08,63.44264221191406,63.46941770111916,62.353726919999275,62.78214836655309,4215900
SO,2023-06-09,63.60332107543945,63.68364756720026,62.79109467400996,63.460509343902686,3937100
SO,2023-06-12,63.22843933105469,63.817527468621904,63.067786358595654,63.79967940822791,3395000
SO,2023-06-13,62.880348205566406,63.26414621960773,62.42515113584432,62.77324621722621,4128900
SO,2023-06-14,62.907127380371094,63.73720179687183,62.80894602285526,63.01422936337907,4249300
SO,2023-06-15,63.15703201293945,63.6836348461041,62.96066932611983,63.26413398055976,4141900
SO,2023-06-16,64.0495834350586,64.43338136710396,62.97851611301639,63.04992196307987,9349900
SO,2023-06-20,62.78218078613281,63.9246544560466,62.737557217626886,63.79969756880659,3723600
SO,2023-06-21,63.94248962402344,63.960344495536106,62.33589166979641,62.63936319876741,2958000
SO,2023-06-22,63.63901901245117,64.29057875993314,63.45157692711445,64.18347677932658,2513800
SO,2023-06-23,62.880348205566406,64.01389418617973,62.84465208254508,63.79075596428682,4605200
SO,2023-06-26,64.02281951904297,64.04066757996745,62.853570644172024,63.06778823309308,3078300
SO,2023-06-27,63.47836685180664,64.21025998223713,63.237373747237974,64.12992667750143,4005800
SO,2023-06-28,62.362667083740234,63.44265516317809,62.219855365977786,63.37124930429687,3895000
SO,2023-06-29,61.71110153198242,62.38051614808837,61.291600616347345,62.04134852739756,5376100
SO,2023-06-30,62.70182418823242,62.82678101550924,61.452249105827924,61.969931281481216,5505600
SO,2023-07-03,62.98745346069336,63.07670738250263,62.57687997266048,62.92497503446309,2156300
SO,2023-07-05,63.97816467285156,64.33518704147765,62.79999562313017,62.79999562313017,5197600
SO,2023-07-06,63.18381881713867,63.56761682564501,62.80894824407798,63.48728352591028,3966800
SO,2023-07-07,63.085636138916016,63.49620963554843,62.54117835194657,62.82679499350121,3455800
SO,2023-07-10,62.60365295410156,63.112407778584576,62.25555790627831,62.99637836585598,2652000
SO,2023-07-11,63.130271911621094,63.148119974030074,62.255567041534945,62.62151701248441,2770600
SO,2023-07-12,63.89784622192383,64.00495500023855,62.96959738174369,63.308764965285015,3708400
SO,2023-07-13,63.799678802490234,64.04066506852845,63.42480144139864,63.82645429764585,4050600
SO,2023-07-14,63.710411071777344,63.96925217923555,63.380170921628874,63.63008459513697,2810400
SO,2023-07-17,62.63936996459961,63.674727906103264,62.62152190079739,63.585473967814174,2941200
SO,2023-07-18,61.66647720336914,62.84465358029527,61.416563478435094,62.63936341502043,3611600
SO,2023-07-19,62.60365295410156,62.86249408369993,61.59507073984926,61.78250601101274,3383900
SO,2023-07-20,63.4337158203125,63.63900592364855,62.46083671183024,62.80000426338955,6103700
SO,2023-07-21,65.20990753173828,65.41519767872467,63.53191066406815,63.69257044573299,5326200
SO,2023-07-24,65.11172485351562,65.48660220954606,64.7100788123286,65.37056598592144,3446600
SO,2023-07-25,64.80825805664062,65.3170128700803,64.62082278954573,64.88858453840815,3997200
SO,2023-07-26,65.23665618896484,65.90607053556755,64.67435058928712,64.71898093624792,3005600
SO,2023-07-27,65.03140258789062,65.17420750593595,64.61190164986836,64.9867722205801,5379900
SO,2023-07-28,64.57620239257812,65.7275964764011,64.4066219683519,65.43305237852208,5362800
SO,2023-07-31,64.56727600097656,65.04925540267266,64.26381127193002,64.89752303814939,6777500
SO,2023-08-01,63.621177673339844,64.74579637635236,63.59440217249368,64.51373068628713,3892700
SO,2023-08-02,63.344486236572266,63.942495100335734,63.27308036368261,63.38910979989917,3746600
SO,2023-08-03,61.24696731567383,64.24594486341368,61.22911244868827,63.692559750682406,5397400
SO,2023-08-04,60.55078887939453,62.13953885101627,60.25625158112248,61.354087896587856,4105500
SO,2023-08-07,60.711429595947266,61.16663336418643,60.550769843017946,60.693581538793545,3197200
SO,2023-08-08,61.41654968261719,61.43440455018081,60.40796757364866,60.70251160171764,3567200
SO,2023-08-09,61.75572967529297,62.219854129522666,61.36300426888813,61.42548269175823,3729200
SO,2023-08-10,61.95210266113281,62.451930127053586,61.67540661995081,62.21093702052857,2583800
SO,2023-08-11,62.03242492675781,62.210932778231395,61.52367005945626,61.88961319786851,3230300
SO,2023-08-14,61.434417724609375,62.246637322376664,61.22912756142438,61.952100040781794,2773200
SO,2023-08-15,60.497230529785156,61.16664516115865,60.425824668125586,61.02384024747728,3450200
SO,2023-08-16,60.79177474975586,61.12202175350625,60.49723067692209,60.773919879478655,2246900
SO,2023-08-17,60.91672897338867,61.65754943624252,60.80069956014695,60.90780153863547,2620500
SO,2023-08-18,61.151206970214844,61.50290928924297,60.83557756598511,60.94379631038031,2682700
SO,2023-08-21,60.97084426879883,61.187274859608436,60.5469961549852,61.09709602012147,2308900
SO,2023-08-22,61.07905197143555,61.286462576770006,60.61913102886298,60.86261453951717,2060700
SO,2023-08-23,60.91672897338867,61.4578088073078,60.63716566970448,61.4217359010194,2655000
SO,2023-08-24,60.80850601196289,61.899685550293356,60.79047300017853,60.91672472327773,2414700
SO,2023-08-25,61.40369415283203,61.71933035326957,60.84458132276061,60.97083305085436,2227400
SO,2023-08-28,61.439754486083984,61.6922647708054,61.07903926831404,61.511900281718674,2380400
SO,2023-08-29,61.83656692504883,61.863619885992634,61.24138114367396,61.593083396350856,2535700
SO,2023-08-30,61.88165283203125,62.386659726823446,61.48485776886428,61.818526970182226,3583400
SO,2023-08-31,61.07905197143555,62.07103278701695,61.05199213229336,62.062012840636214,4063800
SO,2023-09-01,60.619136810302734,61.80049533133024,59.88867932847093,61.52093888869414,3505400
SO,2023-09-05,59.78947448730469,60.718329433037496,59.45580527525761,60.46582597752215,3197800
SO,2023-09-06,59.744384765625,60.01492812796584,59.49188129688209,59.93376236718218,5730300
SO,2023-09-07,60.519927978515625,61.259405284756504,60.18625878806201,60.23135163657291,3728600
SO,2023-09-08,61.25941848754883,61.268438435235545,60.40270922282315,60.60109991050175,4412100
SO,2023-09-11,61.439754486083984,61.72833078842099,61.06099937930449,61.16921807275653,2838600
SO,2023-09-12,61.863616943359375,62.11612040709582,60.82654324855325,61.39468292216361,3754600
SO,2023-09-13,62.67524719238281,63.1171283036849,61.98987565633988,62.21532618580889,3632100
SO,2023-09-14,63.937774658203125,64.00090053433135,62.8916808478445,63.04499244433118,3698700
SO,2023-09-15,64.10909271240234,64.4157089310566,63.586052847972525,63.586052847972525,7353100
SO,2023-09-18,63.98285675048828,64.2984929921554,63.49588966720474,64.21732722480543,3686800
SO,2023-09-19,63.9467887878418,64.24437824525216,63.65820551727974,64.01892772527846,3961500
SO,2023-09-20,64.20829772949219,64.69527162056669,63.76641668915169,64.16321175896122,4072900
SO,2023-09-21,63.03595733642578,64.20829573689494,63.00890437890614,64.1812427793753,3982700
SO,2023-09-22,62.55799865722656,63.117111417394554,62.332548188074355,62.7654092359333,3528500
SO,2023-09-25,62.485862731933594,62.58506150445542,61.92674300319269,62.278445240241574,3038000
SO,2023-09-26,60.519927978515625,62.32353183570827,60.24037158231563,62.0529885050483,3948400
SO,2023-09-27,59.64518737792969,60.817532801720404,59.54598860144569,60.42073769578441,4712500
SO,2023-09-28,58.680259704589844,60.159214530950386,58.554007966744706,59.99688988512039,5083500
SO,2023-09-29,58.36463928222656,59.42876614974076,58.03998994093717,59.35662032274206,4928500
SO,2023-10-02,56.552001953125,58.14819532793937,55.839577555578884,57.98587069457186,7772700
SO,2023-10-03,57.74238586425781,58.058015215029194,55.51493707430998,56.18226868454144,8589500
SO,2023-10-04,58.27445602416992,58.37365480872744,57.13818341573203,57.98587961824013,5147200
SO,2023-10-05,58.24739456176758,58.68026259873141,57.46283113506393,58.103109802915654,5269100
SO,2023-10-06,58.59008026123047,58.74338495840807,56.146194092425276,57.255413640682846,5158400
SO,2023-10-09,59.437782287597656,59.455815303088855,58.50892030499963,58.61713903855975,3845600
SO,2023-10-10,59.91572952270508,60.02394136378368,59.23035804832529,59.51893442487412,4253000
SO,2023-10-11,60.51091766357422,60.673242311764945,59.77144023963954,60.240381170058875,3908100
SO,2023-10-12,59.24839782714844,60.55601505785677,58.84258961635872,60.348597538432585,4192400
SO,2023-10-13,60.01492691040039,60.29448333366512,59.5189330495726,59.83456237909785,3368600
SO,2023-10-16,60.87164306640625,61.07004063352942,60.04198676771312,60.48386787981209,4242000
SO,2023-10-17,60.519927978515625,60.916723028762874,60.014921100166546,60.519927978515625,4596300
SO,2023-10-18,60.06001281738281,60.889669019856974,59.888675113087004,60.51091382484095,3545000
SO,2023-10-19,59.91572952270508,60.72734585160872,59.73536498723485,60.06001427087772,4067000
SO,2023-10-20,59.27545166015625,60.519936009897215,59.24839181933707,59.69027977673657,4195000
SO,2023-10-23,59.004913330078125,59.7263577823569,58.19329004131555,58.68928396228274,3700200
SO,2023-10-24,59.92475128173828,60.09609589523858,59.41974426957469,59.57304898680942,3782100
SO,2023-10-25,60.06903839111328,60.186270187161185,59.3566139069668,59.62715728886688,3781700
SO,2023-10-26,60.565040588378906,60.997901802426945,60.00592073334482,60.087079630901975,4655100
SO,2023-10-27,59.996891021728516,60.95279902072336,59.62715574823579,60.24038143518815,4214300
SO,2023-10-30,60.23136520385742,60.70931923284153,60.069040544937884,60.29449107787033,3945800
SO,2023-10-31,60.691280364990234,60.96181685029858,60.15019363396636,60.42975694638299,4856500
SO,2023-11-01,61.71031188964844,62.05299417696474,60.537966523234616,60.99788747531429,4880600
SO,2023-11-02,63.23435974121094,63.631147949100324,60.76341726743763,60.76341726743763,5970700
SO,2023-11-03,63.47783660888672,64.32553261549182,63.4598035977729,63.63114128406345,5554400
SO,2023-11-06,62.4317512512207,63.7754342135933,62.422731305375805,63.495877814226574,5497000
SO,2023-11-07,61.971832275390625,62.6572036967931,61.818527592243605,62.548984983875975,5092600
SO,2023-11-08,61.863616943359375,61.926742809293486,60.88966911448736,61.72834526487104,4665700
SO,2023-11-09,61.35861587524414,62.39568966908422,61.27745010831897,62.053000466828664,5923300
SO,2023-11-10,61.41271209716797,61.71932834125956,61.05198993714378,61.67423549118044,5902500
SO,2023-11-13,60.727352142333984,61.50290252468611,60.5920873269737,61.27745199214664,5187100
SO,2023-11-14,62.413719177246094,62.485864992636415,61.43977131008767,61.538970086198454,5711500
SO,2023-11-15,62.016929626464844,62.95480466991551,61.935770737035625,62.29649296608653,3392300
SO,2023-11-16,63.369625091552734,63.44177090459901,62.458810002606285,62.576041788653924,4517100
SO,2023-11-17,63.55179977416992,63.806850828732486,63.11458329378113,63.7521935566109,4594500
SO,2023-11-20,63.251216888427734,63.4424999698124,62.513402775166,63.4424999698124,3353000
SO,2023-11-21,63.442501068115234,63.6611093149921,62.695583187640956,63.424279660374154,3251400
SO,2023-11-22,63.387847900390625,63.70666001163336,63.04171757462843,63.69754930717266,2753000
SO,2023-11-24,63.40606689453125,63.5973499843332,63.13280136656787,63.469827924465235,1119300
SO,2023-11-27,63.9981575012207,64.13479030774991,63.251239368218656,63.424301103684655,3794300
SO,2023-11-28,64.20763397216797,64.8088153431606,63.69754574182095,64.01635088578784,4804700
SO,2023-11-29,63.97081756591797,64.64486378661627,63.67933755566209,64.28962274128665,4201800
SO,2023-11-30,64.65397644042969,64.92723504922655,63.96170878916701,64.07100945291303,8114700
SO,2023-12-01,65.14582824707031,65.15493895008426,64.12565189127447,64.59020045296306,3996100
SO,2023-12-04,64.92723083496094,65.39177947402428,64.81793017830935,64.89990567079805,4205900
SO,2023-12-05,64.60842895507812,65.09119207831445,64.48090688288104,65.01832033722134,3635500
SO,2023-12-06,65.81989288330078,65.85632875234877,64.76327352920318,64.76327352920318,4829500
SO,2023-12-07,65.26423645019531,66.08402585898244,65.18225403460202,66.01115414499489,3575900
SO,2023-12-08,65.12762451171875,65.75613108397155,64.6175362498506,65.30069315032317,2711200
SO,2023-12-11,65.00011444091797,65.1822868682216,64.52645501083629,64.88170305811387,4000800
SO,2023-12-12,64.18941497802734,65.1185051818565,63.879713610464,65.1185051818565,4376000
SO,2023-12-13,66.56681823730469,66.58503269914111,63.85240476115093,64.27140687771089,5762900
SO,2023-12-14,65.12762451171875,66.87650450906501,64.97277728214182,66.70344281989195,6377300
SO,2023-12-15,64.54467010498047,64.65397772032216,63.78864140175564,64.5264486943742,12327600
SO,2023-12-18,65.05476379394531,65.29159350539928,64.36250302112992,64.37160677775438,5131900
SO,2023-12-19,64.90900421142578,65.5375037176861,64.6994997430523,64.80880732865108,3733500
SO,2023-12-20,63.47894287109375,65.07297567540904,63.4607214616485,64.87258186810035,4363800
SO,2023-12-21,63.18745803833008,63.907050768958676,62.5862766623248,63.688435568903486,4146700
SO,2023-12-22,63.251216888427734,63.94347748312537,63.15101999587899,63.57913272778167,3013400
SO,2023-12-26,63.26033020019531,63.624681960016694,63.014396758239165,63.123704371015116,2131000
SO,2023-12-27,63.223907470703125,63.46073023076386,62.85955567519798,63.05083880421587,2771900
SO,2023-12-28,63.907047271728516,64.05278378102575,63.10547214758663,63.17834387695055,2790500
SO,2023-12-29,63.87062454223633,63.998146620133184,63.424290320165284,63.624684142412356,2895500
SO,2024-01-02,64.53556060791016,64.63575751982461,63.396965653820594,63.46072669327232,3955100
SO,2024-01-03,65.8016586303711,65.85631589799037,64.663064005229,64.67217470807057,6290500
SO,2024-01-04,65.31890869140625,66.07493734164368,65.20049732849242,65.86543283094686,3442500
SO,2024-01-05,65.22781372070312,65.4464219572329,64.40802414692826,65.34622506769206,5670200
SO,2024-01-08,65.72880554199219,65.7470200014836,64.8361441394234,65.12762413730542,3296400
SO,2024-01-09,65.46465301513672,65.59217508436471,64.98188295370895,65.30979883156138,3073600
SO,2024-01-10,65.42821502685547,65.5739515514978,64.99099155406577,65.5739515514978,2563200
SO,2024-01-11,64.28961181640625,65.58305370777971,64.14386836132901,65.58305370777971,3407600
SO,2024-01-12,65.05476379394531,65.19139658707,64.49912886482208,64.7177441135946,3184000
SO,2024-01-16,64.05279541015625,64.76327752686979,63.92527333533238,64.76327752686979,3515000
SO,2024-01-17,63.424285888671875,64.57199145898475,62.95063348235393,63.761312470669345,3775800
SO,2024-01-18,62.640933990478516,63.278551304441194,62.34945397391699,63.132807821444544,3797300
SO,2024-01-19,62.80488586425781,63.15102312820599,62.349447948057446,62.76845694646114,5003300
SO,2024-01-22,62.68647384643555,63.16923692060532,62.021531438049145,62.79578144696553,3670700
SO,2024-01-23,62.695594787597656,62.8048954565435,62.36767888189582,62.631833747568535,5660300
SO,2024-01-24,62.12173080444336,63.22389670934028,61.66629287494031,63.050828072311106,6257700
SO,2024-01-25,63.06903839111328,63.08725979877865,62.20370916164087,62.70468668154512,3897800
SO,2024-01-26,62.95063781738281,63.25122855045083,62.47697842901526,63.06904918975869,5987600
SO,2024-01-29,63.023494720458984,63.11458090463945,62.55894614687911,62.987058856900724,4673800
SO,2024-01-30,63.078147888183594,63.37873856403397,62.58627413209134,62.95062583468901,4578700
SO,2024-01-31,63.32408142089844,64.06189553125967,62.914190098032755,63.76130485479512,8371500
SO,2024-02-01,64.21673583984375,64.2440609985051,62.66824995397412,62.9415084900176,4554400
SO,2024-02-02,62.53162384033203,63.7248688912423,61.90311732677192,63.59734683768384,5652100
SO,2024-02-05,61.19263458251953,62.2492468633269,61.092437691740734,62.21281794798064,5015400
SO,2024-02-06,61.39302062988281,61.64806470176039,60.97401866187969,61.10154069781847,3471600
SO,2024-02-07,60.98313522338867,61.73005314052109,60.846509405779436,61.520555587232785,4406200
SO,2024-02-08,60.97403335571289,61.056008848815665,60.44572367983473,60.67344264880655,3811100
SO,2024-02-09,60.94670867919922,61.210856569821274,60.58235693604153,60.6916575943868,3792800
SO,2024-02-12,62.22193145751953,62.24015286748012,60.69165964412069,60.9740359030561,4782800
SO,2024-02-13,61.493228912353516,62.44964435926782,60.56413167885843,61.93955612091352,5357500
SO,2024-02-14,61.76649475097656,61.83936649343073,61.23819199176346,61.44768956452938,4146900
SO,2024-02-15,60.87383270263672,62.12172812807644,60.19067583781434,61.07422649489358,10332900
SO,2024-02-16,61.19601821899414,61.34329739526637,60.57006591810397,60.74495950099021,8509100
SO,2024-02-20,61.71149826049805,62.90816687849095,61.149981985281315,61.32488256959226,6385800
SO,2024-02-21,62.34666442871094,62.4571220535976,61.77594094915759,62.07971346358078,4256500
SO,2024-02-22,61.93242263793945,62.20858072550252,61.25124158440695,61.83116514069912,3530400
SO,2024-02-23,62.309837341308594,62.650424351760954,61.877192954309514,61.96924330786443,3222200
SO,2024-02-26,60.98429870605469,62.13494585145195,60.97509156245352,62.0521026280199,4060000
SO,2024-02-27,61.17759704589844,61.435340842605314,60.82780289650935,61.12236823888746,4146900
SO,2024-02-28,61.49977493286133,61.50898207474877,60.93825866858325,61.177595196716084,5211700
SO,2024-02-29,61.904808044433594,62.26380934337237,61.490577937347894,61.785143285784635,8578100
SO,2024-03-01,61.545814514160156,61.7851510846604,60.74496157998208,61.7023008389903,4748200
SO,2024-03-04,62.779300689697266,62.86215092984828,61.32488814552548,61.55501755717832,4285900
SO,2024-03-05,62.57679748535156,63.755059039311725,62.18097458616249,63.05546360802556,4542800
SO,2024-03-06,63.12910842895508,63.44208109018393,62.57679918837926,63.02785091550033,4629200
SO,2024-03-07,63.745845794677734,63.90233210605629,63.29479412300157,63.69981710404066,4896000
SO,2024-03-08,63.52491760253906,63.985176373993205,63.11068049443542,63.81948293535005,3705200
SO,2024-03-11,64.23372650146484,64.32577687047637,63.23036554015113,63.44208068657835,3490900
SO,2024-03-12,63.83789825439453,64.52828649872394,63.54333288440034,63.920748495670104,3255400
SO,2024-03-13,64.38101196289062,64.83206368190602,64.25214004317193,64.28895457195479,5086200
SO,2024-03-14,63.86553192138672,64.37181959578078,63.33163685556469,64.11407569717817,4212500
SO,2024-03-15,63.59855270385742,64.2245049044605,63.23955142940771,63.47888795337132,8653700
SO,2024-03-18,63.90233612060547,64.08644387172781,63.5065132344332,63.68141384225127,2688800
SO,2024-03-19,64.6295394897461,64.74000412940191,63.534121304549615,64.09563759923084,3848600
SO,2024-03-20,64.64794921875,65.04377203754966,64.33496960661029,64.54669172861581,4251000
SO,2024-03-21,64.34419250488281,65.17265988931342,64.31657809590065,64.84127293554118,2864700
SO,2024-03-22,64.25213623046875,64.9149030541252,64.24292908732293,64.70318792271887,3137900
SO,2024-03-25,64.21531677246094,64.52828941968774,63.99438746772033,64.34418868872994,2065200
SO,2024-03-26,63.764259338378906,64.17849652594137,63.65380170675653,64.02201019914777,4360500
SO,2024-03-27,65.40278625488281,65.42119351900826,64.06803135852212,64.10485290976581,4328300
SO,2024-03-28,66.03794860839844,66.19444198041128,65.17266660482674,65.37517463256047,4731200
SO,2024-04-01,65.44880676269531,66.00111597554229,64.95172636423523,65.80780810219548,3147500
SO,2024-04-02,65.66973876953125,66.35092702182573,65.43960931151132,65.57768839092202,3829400
SO,2024-04-03,65.3383560180664,66.01033007388273,65.17266253445533,65.76179335996282,3798400
SO,2024-04-04,64.48225402832031,65.69733685388522,64.12325276324371,65.33833558880863,6240900
SO,2024-04-05,64.35340118408203,64.5835306284142,63.66301285108555,64.02201422240425,5302600
SO,2024-04-08,64.4914779663086,64.73081457242075,64.095655012082,64.21532682663499,3400300
SO,2024-04-09,64.9793472290039,64.98855437331427,64.30737317720772,64.767632070819,4811600
SO,2024-04-10,64.22450256347656,64.35338147398349,63.488092780956585,63.85630118371215,8425000
SO,2024-04-11,64.04961395263672,64.53748713912725,63.47889053321838,64.53748713912725,3297600
SO,2024-04-12,63.267189025878906,64.37180753376171,62.88977337150647,64.28895728302425,4818400
SO,2024-04-15,62.954200744628906,63.957568622700535,62.54917073627057,63.50650992321339,3974100
SO,2024-04-16,62.38346862792969,62.81611298176148,62.16254639173582,62.81611298176148,4426800
SO,2024-04-17,64.25213623046875,64.41782969213098,62.61360887714555,62.67804483318129,6705800
SO,2024-04-18,64.96092224121094,65.0713868738191,63.91153281190346,64.4362275265572,4602100
SO,2024-04-19,66.41535186767578,66.44296627433505,65.08059702087317,65.23709036359661,6549300
SO,2024-04-22,67.17936706542969,67.33585334751676,65.96428430377034,66.18520652689271,5387600
SO,2024-04-23,67.42791748046875,67.90658356564012,66.78355793831648,67.17017366360784,6054400
SO,2024-04-24,68.03545379638672,68.32081198241953,66.37851943847373,66.96765009395583,5661800
SO,2024-04-25,68.45890045166016,68.90074499267476,67.40030374503277,67.99864162469106,6164400
SO,2024-04-26,67.39109802246094,68.52333785078581,67.32666206624684,68.45890189457171,5478800
SO,2024-04-29,68.4773178100586,68.56016806308345,67.81454387783324,67.81454387783324,3851400
SO,2024-04-30,67.65804290771484,68.62458918702181,67.40950624837436,68.03545849088921,5271300
SO,2024-05-01,68.59696960449219,69.15848591168462,67.38188663317243,67.54758008485203,5241700
SO,2024-05-02,69.34259033203125,69.88569232806601,68.70743096047246,69.04802499013286,5468400
SO,2024-05-03,69.82125854492188,69.94093032761876,68.95597677668627,69.82125854492188,4578200
SO,2024-05-06,69.47148132324219,70.21709851356337,68.92837215495129,69.50830287897324,8062100
SO,2024-05-07,70.8338394165039,70.94430407690731,69.22293332300193,69.22293332300193,8919700
SO,2024-05-08,71.45977783203125,71.58864973251887,70.56688167093607,70.7785967833121,6695000
SO,2024-05-09,72.03050231933594,72.07653100860897,70.97190567298372,71.42295733129326,5542600
SO,2024-05-10,71.92925262451172,72.48156184074516,71.65309450489865,72.43554016947145,4939800
SO,2024-05-13,72.4447250366211,72.66565429499177,72.11333817205633,72.26062434430344,4420100
SO,2024-05-14,72.45393371582031,72.86817081681322,72.14096112763986,72.72088464144026,5224300
SO,2024-05-15,72.98783874511719,73.42968324449221,72.74850221121056,72.82214530210364,4130000
SO,2024-05-16,73.0706787109375,73.50332307198612,72.93260670038273,72.93260670038273,5718800
SO,2024-05-17,73.8881607055664,74.01821221778616,72.67124708953476,73.07997737625004,4833700
SO,2024-05-20,73.56303405761719,74.03679011417658,73.35866536469693,74.01821436358205,2984100
SO,2024-05-21,74.1111068725586,74.44552707958015,73.61876798090911,73.67450231965402,3694100
SO,2024-05-22,73.09856414794922,73.95319044204193,72.97779696061951,73.68379598443691,3356200
SO,2024-05-23,71.68656921386719,72.77343142338255,71.63083487100278,72.76414709108951,3890000
SO,2024-05-24,72.22535705566406,72.29038281711058,71.76088530610996,71.83520248698497,2424700
SO,2024-05-28,72.0302734375,72.76413958773774,71.78874616453263,72.0488491874471,2941700
SO,2024-05-29,71.71442413330078,71.88163422060369,71.194218122703,71.57508829994448,4413800
SO,2024-05-30,72.53190612792969,72.55048187849005,71.40788540621212,71.90022429973644,4237900
SO,2024-05-31,74.44552612304688,74.52913471736602,72.59693067657376,72.76414077793609,7168000
SO,2024-06-03,74.6777572631836,74.7706501831214,73.64662955114018,74.11110123810477,4539700
SO,2024-06-04,74.97502136230469,75.09578145352774,73.90673502916754,74.54770824650497,5106500
SO,2024-06-05,73.77668762207031,74.93786694281786,73.5444517579208,74.93786694281786,4245700
SO,2024-06-06,73.06139373779297,74.20399005568325,73.00565231909154,73.82312697881153,4210900
SO,2024-06-07,72.40185546875,73.02424588538841,72.35540546088546,72.67124992235681,3865800
SO,2024-06-10,73.35867309570312,73.39583168808429,72.09530930385122,72.32754519077581,5509200
SO,2024-06-11,72.92204284667969,73.43296445312666,72.50402123214985,72.86630852134886,3814900
SO,2024-06-12,72.8663330078125,73.75811794915838,72.29967688561199,73.75811794915838,2825600
SO,2024-06-13,73.09856414794922,73.30293284594448,72.28108935596816,72.97779696061951,2678100
SO,2024-06-14,73.06139373779297,73.3586553175252,72.45757916066573,72.91275940428929,2444400
SO,2024-06-17,72.16032409667969,73.01495032966932,71.93737966356842,72.52261145821389,3747600
SO,2024-06-18,72.40185546875,72.47616555914666,71.76088221405531,72.10459384533493,3356300
SO,2024-06-20,73.2657699584961,73.45155580726035,72.1417492727379,72.58763814468246,3996500
SO,2024-06-21,72.88489532470703,73.78597151972036,72.73626807218521,73.36794984177261,8470400
SO,2024-06-24,73.7023696899414,73.9253212200809,72.8013004995795,72.88490200792477,2574400
SO,2024-06-25,72.47615814208984,73.66521160134107,72.28108088611964,73.60947018015284,2998900
SO,2024-06-26,72.65267181396484,72.87561627422072,71.94667275466519,72.2439343974319,2856000
SO,2024-06-27,72.4947509765625,72.76414543975434,72.00241205969603,72.64337824992012,3040800
SO,2024-06-28,72.05813598632812,72.64336775036581,71.69584864374164,72.47615766245856,6227000
SO,2024-07-01,71.52865600585938,72.89420420902648,71.49149741200645,72.48546676392148,2936500
SO,2024-07-02,72.03956604003906,72.3089533987164,71.52864431714904,71.78874734433816,2766600
SO,2024-07-03,72.1974868774414,72.8105858759319,72.04885252188241,72.09530252981364,1432800
SO,2024-07-05,72.4947509765625,73.04282423502852,71.96525346953753,72.29967369368765,2343600
SO,2024-07-08,72.27178955078125,72.66194402490814,72.10457947797333,72.47615111774671,2359600
SO,2024-07-09,72.5690689086914,73.11714217283544,72.18819867107824,72.18819867107824,2623600
SO,2024-07-10,72.8663330078125,72.95922594367164,72.26251829381299,72.85704158804357,2443100
SO,2024-07-11,74.1854248046875,74.38050207955769,73.02424548716769,73.10784699613659,3542500
SO,2024-07-12,74.30618286132812,74.64060306257042,73.97176266008583,74.31547428005038,3682300
SO,2024-07-15,74.36192321777344,74.54770906589337,73.66521565640994,73.86957725443155,4114000
SO,2024-07-16,75.35588836669922,75.42091411879831,74.55699650532442,74.77994092862481,3211400
SO,2024-07-17,75.82964324951172,76.95366385462029,75.41162157614771,75.59740741158164,4313700
SO,2024-07-18,75.53239440917969,76.41489499463198,75.3001585320517,75.3001585320517,2921900
SO,2024-07-19,75.6159896850586,76.01543560681827,75.28156951394466,76.01543560681827,2729800
SO,2024-07-22,76.03401184082031,76.3312734295669,75.55096441683534,75.69030733690178,3619900
SO,2024-07-23,75.56954956054688,76.00615412364027,75.51381522050131,75.9318369453954,2188300
SO,2024-07-24,76.79574584960938,76.8143286856786,75.71817523768226,76.21980550242046,4190600
SO,2024-07-25,75.85752868652344,77.52962271376005,75.5416842149926,77.0744423887501,4028800
SO,2024-07-26,76.3312759399414,76.64712037496449,76.00614717394379,76.12690726209274,4010100
SO,2024-07-29,77.14875030517578,77.38098614945714,76.35914276479876,76.56351144173044,3571700
SO,2024-07-30,77.45529174804688,77.55747608059546,76.67498275833961,76.76787567321783,4032500
SO,2024-07-31,77.5853500366211,77.75256013294621,76.44275361779582,77.04656824826299,7362300
SO,2024-08-01,81.34757995605469,81.44976430545486,77.40886160001388,77.9569348492727,8598500
SO,2024-08-02,82.28582000732422,82.89891905486208,80.27929857041472,82.1000270480122,7196600
SO,2024-08-05,80.41863250732422,83.30764714360785,80.26071382506103,82.66667390853547,6380200
SO,2024-08-06,80.3071517944336,81.61696535280211,80.29786746353807,80.6322876449396,4332800
SO,2024-08-07,81.08747100830078,81.59838563079848,80.35360486484242,80.64157505365523,5028600
SO,2024-08-08,80.31645202636719,81.21752833139934,80.1213747470215,80.31645202636719,4337300
SO,2024-08-09,80.63229370117188,80.71589520916376,79.5361401547524,80.40005784038196,3974000
SO,2024-08-12,81.00386810302734,81.09676812025425,80.32574333583904,80.81808224312607,3641200
SO,2024-08-13,81.00386810302734,81.45905550815513,80.64158071512647,81.18966105020489,3408900
SO,2024-08-14,80.99456787109375,81.54264101130374,80.42791189617586,80.61369771960555,2284200
SO,2024-08-15,80.82736206054688,80.99457214536761,80.13993888557536,80.35359897234224,2810600
SO,2024-08-16,81.15249633789062,81.60767662139922,80.58584029448625,81.18036350604564,3754400
SO,2024-08-19,81.43350982666016,81.51780609374295,81.04010580841882,81.33047629166526,2670400
SO,2024-08-20,81.3023681640625,81.97675966150787,81.07756385207433,81.51779669700151,3576500
SO,2024-08-21,82.02359771728516,82.14536136300705,81.17123790488539,81.26490279745403,4543000
SO,2024-08-22,80.93707275390625,81.97676235983829,80.5811361546289,81.97676235983829,5935200
SO,2024-08-23,80.6654281616211,81.37728696723212,80.59049339908131,81.18995720705497,3987500
SO,2024-08-26,81.01200103759766,81.32110161963166,80.73100635534493,80.81530261616875,3965900
SO,2024-08-27,80.30950164794922,81.1524999664303,80.2252053891877,80.8527680249896,3129900
SO,2024-08-28,80.31886291503906,81.20869002472502,80.0940657661177,80.58112744647607,4115900
SO,2024-08-29,80.3656997680664,80.4312659016096,79.5039642535623,80.16899422126417,5020100
SO,2024-08-30,80.92770385742188,81.0400988705768,80.20646917420252,80.46874087930165,4137400
SO,2024-09-03,83.27873229980469,83.58782573865982,80.89023817356357,80.95580431467508,6486800
SO,2024-09-04,83.48478698730469,84.53385232563006,82.81039549785227,83.76578880087291,4189800
SO,2024-09-05,83.84072875976562,84.6181538192317,83.24126485681246,84.28096162672229,4598200
SO,2024-09-06,82.81039428710938,84.15918439246698,82.63242599803998,83.86882109655195,4614200
SO,2024-09-09,83.66275024414062,83.7470536416069,82.80102188211066,82.83848926474316,3854300
SO,2024-09-10,83.96248626708984,84.48701535726363,83.68148445668366,83.83135399454639,4104500
SO,2024-09-11,83.14759063720703,83.73769303752775,82.55749538305955,83.66275826507857,3877200
SO,2024-09-12,82.88532257080078,83.5690898346486,82.71672291301454,83.2318905190761,3527100
SO,2024-09-13,83.77515411376953,83.83135161578697,82.63242393159686,82.95088597125931,2311700
SO,2024-09-16,84.19666290283203,84.4214600924016,83.363033143095,83.363033143095,3701100
SO,2024-09-17,83.97186279296875,84.1498239531927,83.46606377439706,84.09362644429814,3019200
SO,2024-09-18,83.37238311767578,84.06551179898993,82.866584194715,83.85944477709789,3676000
SO,2024-09-19,83.23189544677734,83.37239636094633,82.42636449479345,83.03519702541011,7627700
SO,2024-09-20,84.01869201660156,84.43082613999954,82.8666002024461,84.4120960190149,9736500
SO,2024-09-23,84.78675079345703,84.85231693244046,83.85945621464187,84.15918815659087,3825100
SO,2024-09-24,84.04679107666016,85.09584927458191,83.82198676610005,84.29031836050741,6222400
SO,2024-09-25,83.69084930419922,84.81484934881513,83.28808387212538,84.44018266727649,3457200
SO,2024-09-26,83.3161849975586,83.9437547441478,83.03519033802439,83.2599874948863,3742400
SO,2024-09-27,84.39335632324219,84.42145507699733,83.2787319293055,83.54099649258471,4531700
SO,2024-09-30,84.46829223632812,84.88978784068549,83.87819696099312,84.34652858635619,6838500
SO,2024-10-01,85.12394714355469,85.95757680125563,84.29968611857312,84.73055032341618,4029900
SO,2024-10-02,85.78897857666016,86.00441425576798,84.4120896831683,84.53385332586305,4869000
SO,2024-10-03,84.95535278320312,86.05125420217534,84.47765967732059,86.00441818183076,6120700
SO,2024-10-04,84.59004211425781,84.74928027204766,83.69084639749894,84.20601395999365,3432300
SO,2024-10-07,83.2599868774414,84.51511921513917,83.05391984094084,84.35588104846062,4871300
SO,2024-10-08,83.63465118408203,84.03741661317468,83.17568825433496,83.55034778692787,2865500
SO,2024-10-09,83.2974624633789,84.29969184727176,83.18506030162678,83.77516271810867,4127800
SO,2024-10-10,82.6698989868164,84.11236122389796,82.62306296667367,83.33492902503791,3288000
SO,2024-10-11,83.3255386352539,83.43794076654399,82.72607489404983,82.99770801837222,3081200
SO,2024-10-14,84.14981842041016,84.25285194405818,83.12885896302733,83.12885896302733,2764600
SO,2024-10-15,84.96471405029297,85.6110139149142,84.63688337482306,84.76801564501102,3716600
SO,2024-10-16,86.44465637207031,86.60388741717355,84.86169311639713,85.21762974212653,3425700
SO,2024-10-17,86.82867431640625,86.9691752232701,86.19174306530674,86.46337624626405,3908700
SO,2024-10-18,87.33447265625,87.43750617745359,86.1917424364814,86.82867368293408,3663400
SO,2024-10-21,86.85677337646484,87.79343648691614,86.74437123058861,87.503066063279,3188100
SO,2024-10-22,87.18461608886719,87.28764961695467,86.27605160273588,86.50084877939337,3021100
SO,2024-10-23,88.18683624267578,88.2149349935463,86.95044118116483,87.02537594760129,4738900
SO,2024-10-24,87.6810531616211,88.4678469131213,87.4187885777877,87.93394911141075,2722300
SO,2024-10-25,86.06061553955078,88.22431247381937,85.99504939888648,88.17747645355628,2498800
SO,2024-10-28,85.976318359375,86.81931669188508,85.94821960598688,86.37908383234242,2773000
SO,2024-10-29,84.13108825683594,85.26444987019971,83.95311996223256,85.23635111761456,5860700
SO,2024-10-30,83.70022583007812,84.6087902959886,83.40049388581446,84.6087902959886,7005800
SO,2024-10-31,85.26445007324219,86.52894396579654,84.4120902760463,84.94598801495472,10247100
SO,2024-11-01,82.93215942382812,85.23635000601028,82.70736225990555,85.23635000601028,6817400
SO,2024-11-04,82.53875732421875,83.55971670249035,81.95802361285413,82.93215412247905,4745100
SO,2024-11-05,83.08201599121094,83.15695075598765,82.22028763479622,82.59495431250728,4438000
SO,2024-11-06,81.88310241699219,83.1194976636817,81.59273908627816,82.61369863373957,4708100
SO,2024-11-07,81.42413330078125,82.17346672881163,80.89960418886389,81.96739967879462,4574500
SO,2024-11-08,83.02583312988281,83.16633405206923,81.63020683415814,81.9018400447389,3805900
SO,2024-11-11,82.7354736328125,83.48480000891632,82.55750531338232,82.55750531338232,2899600
SO,2024-11-12,82.15472412109375,83.0164525049787,82.05169060278439,82.80102398209382,4171500
SO,2024-11-13,81.97675323486328,82.64179033964244,81.28362452600419,82.64179033964244,3329800
SO,2024-11-14,81.28362274169922,81.9580213176434,81.12439172964916,81.94865268570742,3316300
SO,2024-11-15,82.36079406738281,82.42636020442578,81.18059645443647,81.18059645443647,4464500
SO,2024-11-18,83.14463806152344,83.26740696738476,82.0113583563641,82.16246519912035,4991500
SO,2024-11-19,83.3807373046875,83.47517547905719,82.29468028650895,82.9274239804738,3546400
SO,2024-11-20,83.07852935791016,83.4940659640108,82.91798374379698,83.20129826190775,4239900
SO,2024-11-21,83.23908233642578,83.49407335097305,82.51190041658448,82.9652065677353,5635600
SO,2024-11-22,82.72911071777344,83.70183771019224,82.71022596289855,83.62629148552102,3440000
SO,2024-11-25,83.50350189208984,83.52239384908921,82.54966701356577,83.05963456982099,5833900
SO,2024-11-26,84.36290740966797,84.39123814053498,83.23907371747237,83.60738762908476,3509100
SO,2024-11-27,84.75010681152344,85.22230487720748,84.37234691794207,84.69344534929597,3504700
SO,2024-11-29,84.17403411865234,85.0806536427226,83.9757117732468,84.91066923680769,2364000
SO,2024-12-02,82.8896484375,84.41957282245869,82.76687952960684,84.41957282245869,4030000
SO,2024-12-03,81.463623046875,83.57906864252591,81.44473108686194,83.3618543334054,5724600
SO,2024-12-04,81.07640838623047,81.66193659561795,80.7458711733387,81.37861486732736,3795700
SO,2024-12-05,81.39751434326172,81.83193574963892,81.11419258880325,81.12363856866426,3007600
SO,2024-12-06,80.09424591064453,81.63361645277122,79.80148537056135,81.33140993247419,4798300
SO,2024-12-09,79.62203979492188,80.46255182044762,79.18761841584337,80.17923728896393,3866600
SO,2024-12-10,79.69759368896484,79.97146944796812,78.6115366322749,79.43316390928474,3250000
SO,2024-12-11,78.6209716796875,79.66925187849694,78.38487266563439,79.48037554932249,5066800
SO,2024-12-12,78.73431396484375,79.4898266034393,78.55487638078561,78.92319032319983,3053900
SO,2024-12-13,78.5737533569336,78.75319092323011,78.11100128114683,78.6398607963317,2549300
SO,2024-12-16,77.32715606689453,78.70597361513069,77.27049460215788,78.53598922092073,4716300
SO,2024-12-17,78.64932250976562,78.72487594281341,76.85496810332626,77.0155209498458,5500700
SO,2024-12-18,76.9682846069336,78.57375514611424,76.921061918358,78.28099465142347,4016000
SO,2024-12-19,77.23272705078125,78.18656931628078,76.8549670956671,76.96829724375291,4044400
SO,2024-12-20,78.25267028808594,78.47932336031697,76.87385269049261,77.2043899219069,7725000
SO,2024-12-23,78.42266082763672,78.47932229363153,77.40271120870324,78.24322324509161,2556400
SO,2024-12-24,78.5359878540039,78.5454266278484,78.11100526036284,78.44154247419198,1146300
SO,2024-12-26,78.23377990722656,78.55487837077156,77.91268864885295,78.11101099170219,2177500
SO,2024-12-27,78.51710510253906,78.68709671889377,77.68603898101144,77.74270045140577,2603000
SO,2024-12-30,77.79935455322266,78.34710606572796,77.46881733194223,78.1865604447019,3813100
SO,2024-12-31,77.74269104003906,78.18655838485225,77.10994734666193,77.85602117227992,2987200
SO,2025-01-02,77.50659942626953,78.3754422411653,77.26105438547846,78.26211930323983,2653100
SO,2025-01-03,77.74269104003906,78.38488071239564,77.53492273351621,77.69546835031265,4648000
SO,2025-01-06,76.45830535888672,77.79934605599689,75.98610732143916,77.46880887081765,5375500
SO,2025-01-07,76.58108520507812,77.53492739455957,76.46776227119564,76.59997716417273,4533300
SO,2025-01-08,78.40377044677734,78.43210838551623,76.7888537868838,76.98717612702814,7807500
SO,2025-01-10,76.79830169677734,78.31878021460552,76.6849715544872,77.72381317921813,5002300
SO,2025-01-13,77.31771850585938,77.40271070429772,76.02389313443045,77.19494239010916,3555600
SO,2025-01-14,77.48771667480469,77.66714706621565,76.8833036396724,77.44049397933397,3693200
SO,2025-01-15,77.7615737915039,78.58320101746989,77.44048256617485,78.2904405231792,4113300
SO,2025-01-16,79.22539520263672,79.26317191457113,77.40271028153481,77.53492517071973,4452800
SO,2025-01-17,79.2348403930664,79.79203067691685,78.71541961560328,79.02707208208116,5407000
SO,2025-01-21,80.01869201660156,80.71754317685082,79.42371780806339,79.49927123219064,5647500
SO,2025-01-22,77.93157196044922,79.85814109054091,77.87491049359016,79.59371130497031,5195000
SO,2025-01-23,77.68603515625,78.29044816127117,77.56325903621136,77.93157298598453,5846700
SO,2025-01-24,78.83819580078125,79.2442864439368,77.4877089833264,77.5254784897479,6574400
SO,2025-01-27,81.69026184082031,81.83192269545118,78.26210662563912,79.2442794245307,7700200
SO,2025-01-28,78.89485931396484,81.48250288128114,78.88541333452872,81.35028798986016,6138500
SO,2025-01-29,78.22433471679688,79.75425186620035,78.0921198324082,79.21594634971194,5771800
SO,2025-01-30,80.20757293701172,80.36811856854175,78.85708602584724,79.14040777986499,6408100
SO,2025-01-31,79.28205871582031,80.02813258416131,78.7909758583303,79.81092549139177,4685500
SO,2025-02-03,79.30094909667969,79.68814778725377,78.3848836410592,78.87596648877609,6165300
SO,2025-02-04,78.5737533569336,79.22538897755103,78.17710872054494,79.04595141125452,4716200
SO,2025-02-05,79.20650482177734,79.50871129061038,78.60209188411126,79.21594359521202,4161500
SO,2025-02-06,79.1309585571289,79.54649519127997,78.29044651453876,79.54649519127997,3339000
SO,2025-02-07,79.87703704833984,79.95259047804838,78.5359960942857,78.9420795673329,5077900
SO,2025-02-10,80.75532531738281,80.77421007209854,79.49927657622592,79.99035945572199,4141600
SO,2025-02-11,81.6430435180664,81.71859693859727,79.60315159992824,80.50032505192735,4376900
SO,2025-02-12,81.9830322265625,82.03970089836247,80.2736774016642,80.70809879121737,4723000
SO,2025-02-13,81.95470428466797,82.19080334389099,81.2464071069989,81.9641502644849,4396300
SO,2025-02-14,80.82142639160156,82.61578056526588,80.72698821512893,82.18135198418389,4390800
SO,2025-02-18,81.80240631103516,81.81193243535368,80.64046619850625,80.85952346000917,4207600
SO,2025-02-19,82.36433410644531,82.48814466146166,81.3166783859067,81.90717458600082,5049800
SO,2025-02-20,83.64056396484375,84.76440695444246,80.47856615337516,80.47856615337516,9109200
SO,2025-02-21,84.19294738769531,84.74534628819147,82.9548129233147,83.38340128389407,5347900
SO,2025-02-24,84.65963745117188,85.3644180934436,83.87866234316694,84.65011132637918,5476400
SO,2025-02-25,85.57393646240234,85.74537035154995,84.69772203622705,84.97392148353725,4871100
SO,2025-02-26,84.52629852294922,85.20250803917634,84.03104904145331,85.12631357546805,5241800
SO,2025-02-27,84.08818817138672,84.83106599953082,83.76436534565761,84.05009094093013,5155700
SO,2025-02-28,85.51679992675781,85.52632605075982,84.1262837409126,85.07869268461235,6142200
SO,2025-03-03,86.52635192871094,86.52635192871094,85.08821237508397,85.34536686152974,5725400
SO,2025-03-04,85.61205291748047,87.93593343312,85.48824235107358,87.05019268464302,8846200
SO,2025-03-05,84.43106079101562,85.89777154881693,84.17390628735407,84.96440751519641,4595700
SO,2025-03-06,84.49772644042969,84.91678871968483,82.9452951420821,84.05009305418969,5368300
SO,2025-03-07,87.05017852783203,87.40256518503004,84.30723613150316,84.33581450338455,6728000
SO,2025-03-10,88.53593444824219,89.03119116761427,86.85969267439631,87.09779491008963,7370100
SO,2025-03-11,85.81205749511719,88.26927468949442,85.67872080391577,88.09784076276334,6760600
SO,2025-03-12,84.45962524414062,85.34536585061082,84.09771246214878,85.1644058264631,4536200
SO,2025-03-13,85.36441802978516,85.71681198381033,84.45963236536662,84.86916853549698,3587200
SO,2025-03-14,86.07872772216797,86.23111665870051,84.55487468836468,85.10727368383851,2990800
SO,2025-03-17,86.2311019897461,87.05970034200223,85.59298977575165,86.0501419749733,3649800
SO,2025-03-18,85.93587493896484,86.1644510848055,85.39300205115288,85.84062821741863,3505400
SO,2025-03-19,85.33584594726562,86.18348938589956,85.02154922966767,85.71681100499309,3366200
SO,2025-03-20,85.68824768066406,85.77396101162876,84.89774638567849,85.64062431925828,4652800
SO,2025-03-21,85.10726928710938,86.35492275872069,84.52629921262532,85.56442154048119,8327300
SO,2025-03-24,84.65010833740234,85.8501456982627,84.54534276729447,84.91678895805215,3641000
SO,2025-03-25,83.55484771728516,84.68820952621458,83.24055099227516,84.68820952621458,3912800
SO,2025-03-26,84.82154846191406,84.95488514885805,83.66913437258125,83.81199718467967,3953300
SO,2025-03-27,85.74539184570312,85.98349412552183,84.76441161545885,85.2120450641268,3830500
SO,2025-03-28,86.79302978515625,87.08828151702889,85.97395746167172,86.55492753452248,4483700
SO,2025-03-31,87.57401275634766,88.2788007133782,86.75494035916435,87.19305493409888,6340400
SO,2025-04-01,87.45020294189453,87.78354467237777,86.81209059121166,87.24067177807514,4178900
SO,2025-04-02,86.95494842529297,87.66925520666294,86.393023312137,87.62163184804987,4704500
SO,2025-04-03,88.15497589111328,88.85976379225679,87.62162916921365,88.31689094566491,6392600
SO,2025-04-04,84.70726776123047,89.19311375461706,84.27867930603264,88.77405142499379,8268800
SO,2025-04-07,83.0691146850586,85.17393771684682,82.25004235840565,83.57389029574618,8150900
SO,2025-04-08,82.72624206542969,84.46915218967816,82.059558706249,84.46915218967816,6248000
SO,2025-04-09,83.62151336669922,85.14536631817968,80.95476525188037,82.202418720545,7694500
SO,2025-04-10,84.65963745117188,85.43108643438413,82.85958497947385,83.79294901894522,7047400
SO,2025-04-11,85.5834732055664,85.88824379450209,83.50722129772204,84.25009915410878,4022000
SO,2025-04-14,86.82160949707031,87.32638511358516,84.91679146264195,85.49775427814279,3330900
SO,2025-04-15,86.68826293945312,87.33590134231036,86.60254961831069,87.20256466521951,2381200
SO,2025-04-16,86.16443634033203,87.52638138951346,85.96443133865827,87.52638138951346,2731300
SO,2025-04-17,87.440673828125,88.61214017385154,86.48826476426112,86.56445923328332,3462000
SO,2025-04-21,85.93587493896484,87.345436315671,85.31680758043777,87.25972298584499,3015000
SO,2025-04-22,87.48828887939453,87.83115669112897,85.95490985088877,86.13586988105523,3849500
SO,2025-04-23,86.79302978515625,87.22161819607948,85.87871801467902,87.12637874908677,5214600
SO,2025-04-24,86.71684265136719,87.08828158132579,85.97395752514593,86.70731652676967,3018400
SO,2025-04-25,86.12635040283203,86.99303885704295,85.8596770323056,86.71684662778655,3442800
SO,2025-04-28,86.43111419677734,86.71683979485846,85.54537356229045,86.05014915477045,2332200
SO,2025-04-29,87.0978012084961,87.2406640135038,86.04062662426482,86.28825500185789,3234900
SO,2025-04-30,87.51686096191406,87.84068379496489,86.09777361026308,87.4787637305961,5934700
SO,2025-05-01,87.1073226928711,88.04068667173652,86.43111320258144,88.04068667173652,5319700
SO,2025-05-02,86.71684265136719,87.47876549417539,86.069204238513,86.99303486795873,4060800
SO,2025-05-05,86.71684265136719,87.19304715298632,85.8406208459969,86.95494490217676,3572800
SO,2025-05-06,86.87875366210938,87.4692426155958,86.57398306041513,86.73589085306114,2995100
SO,2025-05-07,87.72639465332031,88.15497580208482,86.61207785348931,86.61207785348931,5011300
SO,2025-05-08,86.01205444335938,87.6692513346855,85.8787177646969,87.28828628151959,3711500
SO,2025-05-09,86.05014038085938,86.5168186949245,85.75489595490228,86.02156927722521,2982500
SO,2025-05-12,83.60246276855469,85.45013859601008,83.29769217223975,85.09774464208486,6666100
SO,2025-05-13,81.49764251708984,84.05962519935794,81.44050029902732,83.61199178105636,7041400
SO,2025-05-14,80.8690414428711,81.50715364819732,79.13565030660084,81.1452336235681,8015100
SO,2025-05-15,83.22148132324219,83.24053356905726,81.53572088374537,81.53572088374537,5255900
SO,2025-05-16,84.48820495605469,84.51677606460866,82.98339693090777,83.13578586493475,4181800
SO,2025-05-19,85.93843841552734,85.99606130668576,84.59384811155229,85.05484589567492,5997500
SO,2025-05-20,87.2350082397461,87.39827798949541,85.66951791147926,85.80397621449963,9612400
SO,2025-05-21,86.11131286621094,87.2157906731447,85.75595461313351,87.11014382297107,9104500
SO,2025-05-22,85.32376861572266,85.9480435153188,84.89158224615589,85.9480435153188,5055500
SO,2025-05-23,86.09209442138672,86.19774126428362,84.6322584619258,85.99605383532418,3129500
SO,2025-05-27,86.36102294921875,86.69716871068744,86.02487718775006,86.447464617841,4316700
SO,2025-05-28,84.72830200195312,86.36101400422025,84.13283862372191,86.08249116572955,5217900
SO,2025-05-29,85.23733520507812,85.28535916996779,83.9503750132318,84.41137283548818,3670400
SO,2025-05-30,86.43785095214844,86.50508009868079,84.84354929519921,85.15089091069272,10682400
SO,2025-06-02,86.38024139404297,86.45706948234583,85.32377274630747,85.76557272304879,4338600
SO,2025-06-03,86.04408264160156,86.52429296730068,85.19891510624522,86.38023573153339,5353800
SO,2025-06-04,84.79554748535156,86.07290882017253,84.77633496731123,86.0536963021322,5816000
SO,2025-06-05,84.88197326660156,85.7751647521762,84.59385147193656,85.7655658215536,6725100
SO,2025-06-06,84.76671600341797,85.17009085779414,84.25769430707275,85.03563257300209,3995800
SO,2025-06-09,84.99722290039062,85.64070294229681,84.02719604498891,84.24809600653832,3907800
SO,2025-06-10,85.76556396484375,85.98645660322876,85.06445369089056,85.16049428703307,3969000
SO,2025-06-11,86.00567626953125,86.1017168736587,85.40060654141433,85.67912942258383,5151500
SO,2025-06-12,86.78360748291016,87.44630005299398,85.88080975872963,86.29379091687308,7122500
SO,2025-06-13,86.77399444580078,87.46549840796364,86.37061957701485,87.16777038492077,5059000
SO,2025-06-16,85.41981506347656,87.33105010770645,85.27575050030931,86.9756918288843,5374100
SO,2025-06-17,84.92039489746094,85.65031666706207,84.37295540211717,85.42941668625431,4413400
SO,2025-06-18,85.12207794189453,85.43901850890917,84.66108014208042,85.03564360221485,5189700
SO,2025-06-20,85.76556396484375,86.39943776132661,84.96841309474804,85.09326513699054,10746100
SO,2025-06-23,87.08133697509766,87.14856612626389,85.90002370068706,86.14972778934568,5907600
SO,2025-06-24,87.29263305664062,87.67680278549003,86.86044669132762,86.89886439695537,4558100
SO,2025-06-25,86.822021484375,87.10054433054106,86.2553695346089,86.97568496618155,5548300
SO,2025-06-26,86.77399444580078,87.39826926316599,85.92882700728353,86.85082984769159,6003400
SO,2025-06-27,87.30223846435547,87.68640818946207,86.62034068281957,86.66835731881537,5228200
SO,2025-06-30,88.1954345703125,88.3010814334238,86.85084412588289,87.00450762749941,4924600
SO,2025-07-01,88.64682006835938,88.85810643520803,87.65758074266485,88.35869097117809,7399400
SO,2025-07-02,87.54234313964844,88.55078041908709,86.90846199763442,88.15701176542858,6437200
SO,2025-07-03,87.88809204101562,88.32988464216461,87.05252347274362,87.39827547841288,3467200
SO,2025-07-07,88.03215789794922,88.09938704852061,87.5423413281132,87.8208641883169,3433100
SO,2025-07-08,87.64798736572266,87.94571541155888,86.80281253507356,87.30223535817126,4600000
SO,2025-07-09,88.32028198242188,88.33949449875716,87.16778013485833,87.78244876388263,3236200
SO,2025-07-10,89.56883239746094,89.97220731425057,87.83046602808601,87.83046602808601,6686800
SO,2025-07-11,88.99258422851562,89.33832893403405,88.57960304068635,89.17505917609485,5014900
SO,2025-07-14,89.01177978515625,89.5976369260565,88.47394660430128,88.95415689504394,7698600
SO,2025-07-15,88.81009674072266,89.31911850173115,88.23384582877772,88.88693214962942,5215600
SO,2025-07-16,89.60724639892578,89.74170469896428,88.60840807904846,88.72365386340844,4498100
SO,2025-07-17,89.63605499267578,90.09705277030172,89.10782073974235,89.31911444091573,4489200
SO,2025-07-18,90.37557983398438,90.88460159558868,89.67447687731624,89.82814036788173,4197800
SO,2025-07-21,91.03826904296875,91.5184793402769,90.42360044860854,90.52924730021054,4206800
SO,2025-07-22,92.05630493164062,92.62295684596428,91.04786778697027,91.35520205878795,3889500
SO,2025-07-23,91.36481475830078,92.14276047564026,90.82698153341671,91.96027820544253,4353400
SO,2025-07-24,91.23995208740234,91.9026446104981,91.17272294211924,91.40322182202883,3904600
SO,2025-07-25,91.57611083984375,91.75859311475205,91.15353072113848,91.15353072113848,3069800
SO,2025-07-28,90.56766510009766,91.54729088358526,90.2411182873167,91.43203777423416,5481400
SO,2025-07-29,91.43203735351562,91.47045505645589,90.61568131646109,90.80776983116237,5217400
SO,2025-07-30,91.1439208984375,91.83542493691371,90.89420947844819,91.52809062286073,6808000
SO,2025-07-31,90.74053955078125,92.10433501472122,89.2326795344696,91.12470192053574,12682300
SO,2025-08-01,91.2303466796875,91.73936840263153,90.42359692877864,91.47045181899524,7496800
SO,2025-08-04,92.20038604736328,92.39246725399062,91.25917054906131,91.35521847980333,5838300
SO,2025-08-05,90.65409851074219,92.6037511275982,90.24111736573617,91.96987735120963,6033400
SO,2025-08-06,90.93262481689453,91.75858713830702,90.44280824781785,90.97104252107974,3656300
SO,2025-08-07,91.57611083984375,91.78740456291054,90.5772724482551,90.66371412015894,4162500
SO,2025-08-08,90.94223022460938,91.99869143382881,90.73093651727993,91.78739772649936,4148300
SO,2025-08-11,90.82698059082031,91.56650126736122,90.50044108693754,91.25916695241294,4313200
SO,2025-08-12,90.24111938476562,90.93262339442653,89.58803307868897,90.90381194859528,7908600
SO,2025-08-13,91.03826904296875,91.10549819149479,89.70328500264633,90.17388904232857,5478100
SO,2025-08-14,90.46202850341797,90.95183778697414,90.03944104865252,90.95183778697414,5252500
SO,2025-08-15,90.34677124023438,91.00946384075708,89.92418380483691,90.59648266364452,5698500
SO,2025-08-18,89.88211059570312,90.64685966223033,89.80466596947925,90.58877988532544,5070500
SO,2025-08-19,91.16960144042969,91.2083237542337,89.87242977733649,89.91115209114052,4691000
SO,2025-08-20,91.8956298828125,92.58293434793508,91.31480993621152,91.4793742337353,5556600
SO,2025-08-21,91.59553527832031,92.13763287549884,91.34384394297635,91.9246638521713,3294400
SO,2025-08-22,91.46001434326172,92.44740748774012,91.07279859395653,92.0214694249518,3304900
SO,2025-08-25,90.15316772460938,91.46969694984884,90.01764330896944,91.21801296967566,2559500
SO,2025-08-26,90.11443328857422,90.51133144208922,89.53361338744136,90.17252044855553,3699500
SO,2025-08-27,90.29837036132812,90.47261708554144,89.843392393353,90.21125069198466,3089900
SO,2025-08-28,89.29161071777344,90.06604223040303,89.12704642163568,90.06604223040303,2797400
SO,2025-08-29,89.34969329833984,89.84338616142759,89.2722486739444,89.51425758603575,3227600
SO,2025-09-02,89.14640045166016,89.85306973362518,88.70110493398704,89.291607277875,3467500
SO,2025-09-03,88.73015594482422,89.03024464892177,88.2558131335088,88.71079109489943,3481000
SO,2025-09-04,88.93344116210938,89.48522120789757,88.50750309675492,89.29160963931545,3468700
SO,2025-09-05,88.84632110595703,89.42714108638692,88.6236770164635,89.03993268978483,3166400
SO,2025-09-08,87.92668151855469,88.91407465052566,87.6943476405989,88.50750144239208,3712000
SO,2025-09-09,88.2945327758789,88.57526400708251,87.63626822335604,87.78147505129255,2889600
SO,2025-09-10,88.63334655761719,88.7398310757344,87.82020011256903,88.18805102072992,4309800
SO,2025-09-11,89.18512725830078,89.19480968334325,88.30421860312104,88.62367215978543,3701900
SO,2025-09-12,89.32064819335938,89.48521987057624,88.78823300514921,88.94311487217408,4076300
SO,2025-09-15,89.33033752441406,89.44650447280846,88.63335060510094,89.06897112243496,3922300
SO,2025-09-16,88.43974304199219,89.36905643717719,88.43006061694639,89.15608739932777,6625700
SO,2025-09-17,88.70110321044922,89.11735883189635,88.4784591487018,88.66238089850927,5065100
SO,2025-09-18,88.52685546875,88.94311108535061,87.81051117001606,87.86859094448684,6073900
SO,2025-09-19,88.86567687988281,89.34969471172198,87.46202073623361,88.12996770753999,9381500
SO,2025-09-22,89.37873840332031,89.6207473295382,88.7011089785944,88.94311790481231,5569500
SO,2025-09-23,90.72431182861328,90.72431182861328,89.16577367757529,89.34970283376197,4413500
SO,2025-09-24,91.39225006103516,91.42128994910505,90.1822054879499,90.61781858005021,4826500
SO,2025-09-25,90.69525146484375,92.02145541853278,90.58876696535448,91.56647753626501,6968400
SO,2025-09-26,91.50840759277344,91.64393199112448,90.83078560101823,91.07279451029164,5203400
SO,2025-09-29,90.90823364257812,91.50841103340576,90.46293073350938,91.4793711448852,8002600
SO,2025-09-30,91.74073028564453,91.99242160883247,90.64685271973326,90.83078184654661,7481500
SO,2025-10-01,91.76979064941406,92.33124576281914,91.58586149636109,91.88595021089884,4625900
SO,2025-10-02,90.88887023925781,91.5084124893068,90.54037680041448,91.16960147529973,4436200
SO,2025-10-03,91.5180892944336,91.81817797619475,90.51133135354286,90.51133135354286,6022100
SO,2025-10-06,92.43772888183594,92.47645119691879,91.38257349155232,91.41161338148285,4870200
SO,2025-10-07,93.33799743652344,93.676808443583,92.25380221393283,92.43772396889315,5607700
SO,2025-10-08,93.10567474365234,93.69617711670926,92.44741016641805,93.69617711670926,3700500
SO,2025-10-09,93.05726623535156,93.57033134394632,92.94110668176683,93.57033134394632,4113900
SO,2025-10-10,95.14822387695312,95.21598607628586,93.36703446009483,93.57032844361886,5296400
SO,2025-10-13,94.94493865966797,95.27406723677731,94.08338751896889,94.49964314535924,4261800
SO,2025-10-14,96.49380493164062,96.61964692175458,95.31280012178432,95.54512663642805,5343000
SO,2025-10-15,96.53252410888672,97.03589943849839,96.00010150355337,96.41635716257949,7287400
SO,2025-10-16,95.28375244140625,97.61671459373794,95.2353477031127,96.91973510678329,4927000
SO,2025-10-17,94.67388916015625,95.98073580552578,94.48996002399524,95.9516959178216,4916300
SO,2025-10-20,94.5674057006836,95.26439255544449,94.22858731229498,95.25471013092671,5044900
SO,2025-10-21,93.89945983886719,95.1482267374204,93.44448189301532,95.0707821114188,4582900
SO,2025-10-22,94.36412811279297,94.97398797620066,93.35737004702948,93.88011023803321,3438200
SO,2025-10-23,93.0766372680664,94.86750189822348,93.047597377741,94.74165991163784,3194500
SO,2025-10-24,92.81526184082031,93.52193116350902,92.77653952589648,93.1831201398335,4353300
SO,2025-10-27,92.3506088256836,92.6410151093004,91.75042402269997,92.6410151093004,4019300
SO,2025-10-28,90.90823364257812,92.19571547532114,90.33708875474495,92.0601910718745,6012800
SO,2025-10-29,90.52101135253906,91.37288002484217,89.88210430916759,90.57909112538174,6431000
SO,2025-10-30,92.03115844726562,92.46677158050852,90.08540452202564,90.08540452202564,7421400
SO,2025-10-31,91.0340805053711,91.65362277880193,90.60814242281496,91.46001858792722,5432500
SO,2025-11-03,90.17252349853516,92.0505076628678,89.23352772360583,90.57909670452744,14019100
SO,2025-11-04,89.76594543457031,90.52101202927199,89.45617433455102,90.1725186185596,12289100
SO,2025-11-05,88.48814392089844,89.28193287291414,87.60722791832467,88.40101687034037,12553100
SO,2025-11-06,87.99445343017578,89.10769604860162,87.95573111291012,88.09125553057655,4916100
SO,2025-11-07,88.5171890258789,88.97216699815128,87.95572653305229,88.24614020465957,4769600
SO,2025-11-10,87.85892486572266,88.43006240099923,87.08449332801469,88.25581567429127,6177900
SO,2025-11-11,88.22676086425781,88.52684952624722,87.65562342556505,88.00411682004801,3885400
SO,2025-11-12,88.95279693603516,89.0786389140778,87.97507884346989,88.2558100734352,5588400
SO,2025-11-13,88.25582122802734,89.42714364801255,88.16870155195437,89.05929270649283,5696400
SO,2025-11-14,87.7911605834961,88.69143408593797,87.41362724881334,88.38166295528734,4613600
SO,2025-11-17,88.4060287475586,88.78666792348947,87.97658662239161,88.31818492819053,5709100
SO,2025-11-18,88.51339721679688,89.2161180496235,88.35723372226417,88.85499555323058,4992500
SO,2025-11-19,86.91275024414062,88.63050384056424,86.76634884371197,88.60122504973542,5014600
SO,2025-11-20,86.44427490234375,87.35195472978963,86.3076355688603,87.08843814272447,7947400
SO,2025-11-21,87.12747192382812,87.8985124209239,86.37595558661516,86.56139787407567,6434600
SO,2025-11-24,87.0005874633789,87.56666891252746,86.08314562829571,87.4397842226549,6045200
SO,2025-11-25,87.1469955444336,87.38123333758115,86.4930776718255,86.86395479816625,5363600
SO,2025-11-26,88.07418823242188,88.23035171854886,87.39099159632848,87.58618850770235,3490300
SO,2025-11-28,88.9330825805664,88.9330825805664,88.09372236333242,88.22059962545914,2548700
SO,2025-12-01,86.87371063232422,88.57194754154959,86.8541864739659,88.44507029735917,5749000
SO,2025-12-02,86.90299987792969,87.15676184312255,86.20027901818673,87.14699976276901,5825600
SO,2025-12-03,85.8684310913086,88.17178284090035,84.98026805685562,87.08843034987508,10934400
SO,2025-12-04,85.2340316772461,86.49307183059962,84.87290920888923,85.63418756992048,7651900
SO,2025-12-05,84.209228515625,85.97578507775742,84.082351272065,85.34139141367281,7255500
SO,2025-12-08,83.50650787353516,84.3263512572363,83.4186715000768,84.15067106403495,6726100
SO,2025-12-09,83.43819427490234,84.28731651145551,83.38939876819697,83.93595609952214,6830100
SO,2025-12-10,82.0620346069336,83.33082940968809,81.78875595545676,83.13563250042887,8528200
SO,2025-12-11,82.69644165039062,83.41867920188511,82.23772068988558,82.8525976997178,6262600
SO,2025-12-12,82.41340637207031,83.10636517572556,82.23772615098267,82.46220188297556,4796100
SO,2025-12-15,83.93595886230469,84.09212235998645,82.4817216599991,82.78427912890072,6826800
SO,2025-12-16,83.65290832519531,83.91643233514573,82.95994963940852,83.35035089167441,6579500
SO,2025-12-17,84.94123840332031,85.47804112648693,83.54555876937262,83.56508293000715,8995400
SO,2025-12-18,85.12667846679688,85.36091626427327,84.62891663165985,85.0681208789991,5553400
SO,2025-12-19,83.23323059082031,84.83386906785265,83.18443508686143,84.6679509510799,11300700
SO,2025-12-22,83.66268157958984,83.75051796378315,82.8037972206213,83.23323940010557,5245900
SO,2025-12-23,84.31659698486328,84.70699827771135,83.54555647921683,83.65291702090717,4319300
SO,2025-12-24,85.07787322998047,85.10715202309375,84.30683274409517,84.4532341559467,1617500
SO,2025-12-26,85.07787322998047,85.52683209904941,84.69723402693755,84.83387335898962,2308500
SO,2025-12-29,85.43899536132812,86.05387235298326,85.15595461861176,85.20475757111927,3491000
SO,2025-12-30,85.46827697753906,85.71227685556633,85.07787568343836,85.49755577149668,2975100
SO,2025-12-31,85.10714721679688,85.52682726905175,85.07786842533707,85.34139244104475,3234300
SO,2026-01-02,85.08763885498047,85.55612190316783,84.52155734358732,85.07787677477425,4273600
SO,2026-01-05,84.78507232666016,84.88267077943846,83.17467179382206,84.6581876363922,4947700
SO,2026-01-06,85.41946411132812,85.62443053781779,84.5020297398789,84.91194770028928,5034100
SO,2026-01-07,84.19947052001953,85.79035441266298,83.90667514846149,85.64395300374147,3134800
SO,2026-01-08,85.12667846679688,85.75131755759084,84.07259720872506,84.16044103670703,4076300
SO,2026-01-09,84.92171478271484,85.71227195955407,84.88267391090632,85.12667377499595,3152100
SO,2026-01-12,84.65818786621094,85.15594965690153,84.04331091038232,85.01931033338406,5749000
SO,2026-01-13,85.44876098632812,85.45851562020627,83.94572083141428,84.66795839152326,5362800
SO,2026-01-14,86.2978744506836,86.55163640696021,85.47803844064646,85.54635810814955,5134500
SO,2026-01-15,86.64923095703125,86.97131256627283,85.82939498399992,86.27835384251017,3832600
SO,2026-01-16,86.766357421875,87.25435717402696,86.06363658737054,86.39547284461693,5201600
SO,2026-01-20,86.68827056884766,87.03963096540623,85.43899246832152,86.47354949914131,6844500
SO,2026-01-21,87.0103530883789,87.40075436046986,86.00507483898701,87.1860332885056,8555900
SO,2026-01-22,85.40971374511719,87.3031476100026,85.29259113074171,86.9908280846195,8025700
SO,2026-01-23,85.43899536132812,86.37595396844861,84.80459421015594,85.66347107177845,5483900
SO,2026-01-26,86.04411315917969,86.9029899752818,85.86843296426282,85.88794967646038,7611900
SO,2026-01-27,86.70779418945312,86.94203943667779,85.67323707620987,86.01483542055571,4470400
SO,2026-01-28,86.21003723144531,87.09819290035229,86.03435702439,86.56139764555593,4251300
SO,2026-01-29,87.0005874633789,87.31290697906697,86.29786669150961,86.65898915657706,5943600
SO,2026-01-30,87.16651916503906,87.35196146604659,86.02460145588759,86.80540408996433,5344800
SO,2026-02-02,86.07340240478516,87.8106804064752,85.73179660641762,87.25436096271731,5260600
SO,2026-02-03,87.96682739257812,88.06443329421182,85.85867246116017,86.07339353069858,6229900
SO,2026-02-04,88.12299346923828,89.08923086428652,87.869231520842,88.38651005105687,7338300
SO,2026-02-05,88.89403533935547,89.44059267096296,88.23035538828131,88.65979010042211,5913400
SO,2026-02-06,87.91802978515625,89.49914408433023,87.1274651892846,89.30394717830136,5453700
SO,2026-02-09,87.23483276367188,87.8399551352664,86.70779213930604,87.50811887897231,4422900
SO,2026-02-10,88.54267120361328,89.18682696787735,87.31290981292841,87.57643383407475,5783600
SO,2026-02-11,88.67930603027344,88.83546206211847,87.98634735021382,88.53290463109815,7290600
SO,2026-02-12,90.33851623535156,91.02172039016611,88.81595931560966,89.00140161347564,13100400
SO,2026-02-13,92.671142578125,92.70042881580244,90.15306971664702,90.22138937865836,9114300
SO,2026-02-17,90.49725341796875,93.56629340951432,90.47758340410908,93.30069944137485,9286400
SO,2026-02-18,89.55293273925781,90.90055754795148,89.33652506876072,90.71365864983595,9786800
SO,2026-02-19,93.4974365234375,94.09747325688765,92.21866799203815,93.94008312788952,16064500
SO,2026-02-20,92.75968933105469,95.12048128258971,92.17932259788054,94.93358988103752,10713300
SO,2026-02-23,93.62530517578125,94.45158079281623,92.95641217423075,93.0744547644246,6950600
SO,2026-02-24,94.2450180053711,94.41224689519292,92.60229791861883,93.59580247910367,5087100
SO,2026-02-25,94.35321807861328,94.43191314070968,92.5629466921783,94.08763162500568,5352900
SO,2026-02-26,94.77619934082031,95.12048087354076,94.11714504893051,94.71718179371811,5711700
SO,2026-02-27,95.78936767578125,96.36973436859776,94.75652314500044,94.88439699030452,8010100
SO,2026-03-02,95.64183044433594,96.22218967258942,95.44509277857448,95.66150045852478,5156000
SO,2026-03-03,95.2090072631836,96.18283423818725,93.73350866266787,95.08113341952419,4631500
SO,2026-03-04,96.03528594970703,96.47794004688828,94.99260264017761,95.81888578538475,5947200
SO,2026-03-05,95.61231231689453,96.11398397391646,94.33355128565996,96.11398397391646,6217400
SO,2026-03-06,95.88774871826172,96.33039534127255,94.47126751698748,95.75986735689546,5963900
SO,2026-03-09,95.66149139404297,96.1041379667074,95.13031100398133,95.90740782436184,5191900
SO,2026-03-10,94.69750213623047,95.55329407375841,94.3335505976201,95.20901254881305,4194000
SO,2026-03-11,94.68766784667969,94.70733785971419,93.97942730105143,94.43191264858633,5344100
SO,2026-03-12,96.24185180664062,97.15666123939809,94.54011428959356,94.61880934945471,8656800
SO,2026-03-13,96.4090805053711,97.51078132227819,96.36973297551384,97.11732103325363,6966900
SO,2026-03-16,97.4911117553711,97.68784190078264,96.27136834331677,96.89107505565971,4471600
SO,2026-03-17,96.66483306884766,97.95344034616505,96.60581552347143,97.87474528248053,3704200
SO,2026-03-18,94.96309661865234,96.30088269838573,94.9532578593791,96.13366131461267,4184800
SO,2026-03-19,94.65815734863281,95.3959066527469,93.9007305270689,94.97293008486386,5384600
SO,2026-03-20,91.86454772949219,94.87456265197567,91.63830879996894,94.58930617645059,9915000
SO,2026-03-23,92.21867370605469,93.1629920242317,92.05145231221367,92.46459016927083,5142700
SO,2026-03-24,92.44491577148438,93.52694665738116,91.7760227230578,91.93340534957167,4016100
SO,2026-03-25,93.06462097167969,93.54661510733615,92.31703287010835,92.9957646665859,3539900
SO,2026-03-26,93.86138916015625,93.96959299891321,92.80886705069943,93.04494474218076,3723200
SO,2026-03-27,93.98926544189453,94.9827624462477,93.45808503616631,94.0187742136393,6097700
SO,2026-03-30,95.34672546386719,95.99594098373079,94.56962858806156,95.09097025675757,5907900
SO,2026-03-31,94.94342041015625,95.50410962007703,93.69416813709577,95.3467269934056,6716000
SO,2026-04-01,95.35655975341797,95.55328990057352,94.37289400809209,94.52043786607173,4918300
SO,2026-04-02,95.85823059082031,96.2418596579721,95.41558397634505,95.90741688343961,4566600
SO,2026-04-06,95.35655975341797,96.34022549874385,95.2483559210502,95.54345114178352,3469300
SO,2026-04-07,95.23851776123047,96.35989611757256,95.06145762576729,95.34672159427875,3796500
SO,2026-04-08,95.58280181884766,95.60247933707545,93.64497903599683,94.55978850945726,5793500
SO,2026-04-09,95.99593353271484,96.88123417724483,95.17949669282359,95.19916670502477,4250100
SO,2026-04-10,95.5631332397461,96.59597781897853,95.25819174083274,95.74019338258229,3475100
SO,2026-04-13,94.3630599975586,95.78937239814213,93.96959217867452,95.66149854653393,4731900
SO,2026-04-14,94.39257049560547,94.54012186848021,93.17282698907177,94.41224801453521,5339400
SO,2026-04-15,93.09413146972656,94.02861098542667,93.01543640393984,93.87122835862776,3588800
SO,2026-04-16,93.34988403320312,93.71383556878752,92.36621825309514,92.94657746106718,3108500
SO,2026-04-17,92.96625518798828,93.17282410170165,91.7858517463449,92.91706889696276,4894100
SO,2026-04-20,91.98258972167969,93.34988456341384,91.83503835287055,92.60229646494878,3020300
SO,2026-04-21,90.4185562133789,92.19899636891317,90.40872495906895,91.98258869770547,3693800
SO,2026-04-22,90.36937713623047,91.58912059164555,90.10378317523188,91.06777893347517,3774600
SO,2026-04-23,92.37605285644531,92.42523164037367,90.78251166264138,90.78251166264138,3528400
SO,2026-04-24,91.96290588378906,92.56294257221168,91.5202593125538,92.20882231331395,3086500
SO,2026-04-27,92.23833465576172,93.0351090215214,91.99241821671441,92.31702971740265,4224000
SO,2026-04-28,92.86788940429688,93.45808736824195,92.43507406184249,93.07445831643894,3949900
SO,2026-04-29,91.98258972167969,92.8678904297601,91.85470836648373,92.37605753691257,4647500
SO,2026-04-30,95.12047576904297,95.13031452795687,92.67115013367165,92.95641410398163,8323500
SO,2026-05-01,95.13031768798828,95.8090494848848,94.42207711814399,94.99260507771571,7189300
SO,2026-05-04,94.42208099365234,95.66150204175128,93.96959561207409,94.42208099365234,6040600
SO,2026-05-05,94.33354949951172,95.28770650380638,94.16632811859546,94.64832224790823,8315900
SO,2026-05-06,91.98258972167969,94.10730391629829,91.98258972167969,93.89089624268149,6337100
SO,2026-05-07,90.92022705078125,91.98258787919784,90.45790294000139,91.98258787919784,6068000
SO,2026-05-08,90.30052185058594,91.48091778787459,90.11362295035174,90.98908489654193,4466400
SO,2026-05-11,91.57928466796875,92.00226126303231,90.43823624009755,90.75300899655593,4434500
SO,2026-05-12,91.94324493408203,92.2973652278843,90.93007034533792,91.6874897208305,4511500
SO,2026-05-13,91.6186294555664,91.6579769870416,90.63496368300952,91.32352672188964,4944400
SO,2026-05-14,92.14981079101562,92.15964955017597,91.29401885864979,91.58912159526541,4786900
SO,2026-05-15,91.03826904296875,92.38588633041843,90.83169262927399,92.06127482864,7820600
SO,2026-05-18,92.94254302978516,93.20041582853156,91.39532137113098,91.47466801180866,6781000
SO,2026-05-19,93.36902618408203,94.17239014995963,92.40696892933788,92.79377436230949,8408500
SO,2026-05-20,92.85328674316406,93.8847704046633,92.7640198777809,93.7359973402996,5306800
SO,2026-05-21,93.46820068359375,93.63681418568204,92.42680440728891,92.79376937597686,3741100
SO,2026-05-22,93.77566528320312,94.02361785394992,93.00204690626708,93.71615152072377,3396200
SO,2026-05-26,93.31942749023438,94.02361946208192,92.98221562036896,94.02361946208192,4168900
SO,2026-05-27,92.97229766845703,93.8252551525916,92.6945919883969,93.02189121143017,3375000
SO,2026-05-28,91.76229095458984,93.4781262026584,91.66311143221355,92.9623881461542,3650300
SO,2026-05-29,91.296142578125,91.84163371155995,90.60187081705479,91.74245419338197,9749100
SO,2026-06-01,88.30087280273438,90.81015173640674,88.29095258066145,90.52252583159081,8510700
SO,2026-06-02,89.76875305175781,89.89768566764616,88.34054378752688,88.6083292411141,5761800
SO,2026-06-03,89.74891662597656,91.65319825250522,89.4513780605498,89.85801637004012,6635200
SO,2026-06-04,90.86966705322266,91.1771258405209,89.20342536140683,90.38367453321338,4463800
SO,2026-06-05,91.84163665771484,92.80369390541829,91.206878640719,91.38540480593112,5619900
SO,2026-06-08,90.5324478149414,92.02016334450397,90.19523592702522,91.50442529036378,5814300
SO,2026-06-09,92.18876647949219,92.59541234396688,90.17539273487053,90.64154479730259,6255400
SO,2026-06-10,93.25,93.72607226794513,92.02015736093375,92.84336171648887,5855200
SO,2026-06-11,92.50614166259766,94.28148297521322,92.44663546709597,93.77566517962507,4756000
SO,2026-06-12,93.23017120361328,93.90460253201805,92.46648057745064,92.8235253353945,8748200
SO,2026-06-15,93.05164337158203,93.97402726642501,91.99040663810997,92.61524441194082,6925400
SO,2026-06-16,93.53762817382812,94.50960560976227,92.9425434995619,93.13098988039587,5580400
SO,2026-06-17,91.77220916748047,93.86492958152225,91.55400968288276,93.11115160752448,7127700
SO,2026-06-18,92.32762145996094,93.48804531541995,91.68295078871,91.74245698804704,20353100
SO,2026-06-22,92.66484069824219,93.31943159017442,92.12926220470905,92.29786814704937,7250300
SO,2026-06-23,94.15255737304688,94.33108353975652,92.73426826166259,93.50787912843356,7586600
SO,2026-06-24,94.99559020996094,95.13444304790399,93.66656802767395,94.4500990800167,7483900
SO,2026-06-25,95.1245346069336,96.07667163797012,94.44018304181789,94.9460084406822,7233000
SO,2026-06-26,96.36429595947266,96.42380215827109,95.31297185692206,95.84855034684504,8925300
SO,2026-06-29,95.95764923095703,96.72133985405141,95.68986377184693,96.2155220349643,4566900
SO,2026-06-30,94.92616271972656,95.85846682131908,94.57903062878638,95.4121476470428,6910000
SO,2026-07-01,94.34100341796875,95.23362668134891,94.30133009585435,95.09477383740477,4678600
SO,2026-07-02,97.17758178710938,97.17758178710938,94.59886881390254,94.95592114659541,5279800
SO,2026-07-06,95.20387268066406,96.92962812520473,94.98567319455577,96.54281512997758,4922100
SO,2026-07-07,96.49322509765625,98.44709260144025,96.02707304545454,96.1262525621776,7158800
SO,2026-07-08,95.5906753540039,96.82052559173074,95.21379015871405,96.64199943250667,5614500
SO,2026-07-09,94.39058685302734,95.88822256312896,94.11288117261904,95.64026998177695,3842800
SO,2026-07-10,94.82698822021484,95.14436722971024,94.3410032671871,94.4600156664276,3096700
SO,2026-07-13,95.67993927001953,96.15600396867895,94.83690204233821,95.01542819606348,2842200
SO,2026-07-14,95.17411804199219,96.45355427146318,94.95591855941248,96.05682862740119,2626900
SO,2026-07-15,93.82525634765625,95.6105179806566,93.6864035058576,94.93608664895784,3303700
SO,2026-07-16,95.28321838378906,95.35264480441903,94.00378214625464,94.00378214625464,3664100
SO,2026-07-17,94.51952362060547,97.53462024194616,94.36083034216017,96.5031441996997,4926200
SO,2026-07-20,93.6864013671875,95.59067535430893,93.67648114531052,94.98567045732052,4963800
SO,2026-07-21,93.0813980102539,93.66657004008235,92.44664000404453,93.2400912952624,4622300
SO,2026-07-22,95.01543426513672,95.06502024233704,93.62689826601601,94.03353657347346,4510800
SO,2026-07-23,95.80887603759766,95.87830245778419,94.06328774402034,94.23190125039817,4472500
SO,2026-07-24,96.45355224609375,97.1478164334396,95.83862713236448,96.21551989141976,4839600
SO,2026-07-27,95.68986511230469,97.2569197015935,95.511338948093,96.05683009596976,4638500
SO,2026-07-28,95.9874038696289,98.0503712009503,95.9874038696289,96.49322926374123,5488800
SO,2026-07-29,95.26338195800781,96.85027691823278,94.91624230087656,96.49322460631817,5287600
SO,2026-07-30,93.5673828125,96.51306070054872,92.95246525129946,96.40396095899786,6392200
SO,2026-07-31,93.7657470703125,94.48976435493255,92.46647799317783,93.12106885917798,5583200
SO,2026-08-03,92.1788558959961,94.52944157108439,91.95073618717919,92.14910279634877,8958400
SO,2026-08-04,92.48631286621094,92.77393876867689,90.50269221492492,91.33580925634715,11142800
SO,2026-08-05,92.33753967285156,93.6665694421202,91.15729053251282,92.73426531592783,5354800
SO,2026-08-06,92.1391830444336,93.43845218174795,91.2465522158956,93.25000579380313,3958500
SO,2026-08-07,91.93090057373047,92.82352380423444,90.99859645566112,91.4449080709131,7707900
SO,2026-08-10,90.59194946289062,92.248278420101,90.304331133843,91.59367998786598,5047500
SO,2026-08-11,91.16720581054688,91.33581175445876,90.2844952019347,90.44318849049587,4765300
SO,2026-08-12,91.76229095458984,91.8317173769445,90.97876743097842,91.00852053100006,3437600
SO,2026-08-13,92.03008270263672,92.24828218896306,91.68295059571408,92.0598358022426,3447800
SO,2026-08-14,92.04000091552734,92.62516537343501,91.78212811305185,91.83171408900836,4185100
SO,2026-08-17,92.29000091552734,92.63999938964844,91.56999969482422,91.5999984741211,4484400
SO,2026-08-18,92.06999969482422,93.4800033569336,92.01000213623047,93.16000366210938,4177200
SO,2026-08-19,92.19000244140625,92.91999816894531,91.58000183105469,92.55999755859375,4203200
SO,2026-08-20,91.43000030517578,92.6500015258789,91.41000366210938,91.75,6415300
SO,2026-08-21,88.94000244140625,91.6500015258789,88.91000366210938,91.4800033569336,6656700
SO,2026-08-24,90.0999984741211,90.47000122070312,89.05999755859375,89.05999755859375,8594500
SO,2026-08-25,89.97000122070312,90.54000091552734,89.70999908447266,90.0,4979100
SO,2026-08-26,89.76000213623047,90.58000183105469,89.66999816894531,89.91999816894531,4548000
SO,2026-08-27,89.05000305175781,89.41000366210938,88.2699966430664,89.0,6698100
SO,2026-08-28,88.25,89.52999877929688,87.87999725341797,89.37000274658203,6345625
