symbol,date,close,high,low,open,volume
TXN,2018-01-02,83.38341522216797,83.42290963572438,82.53828659567338,83.02008951625456,4236200
TXN,2018-01-03,85.64237213134766,85.7055607928536,83.40712294509443,83.62827723436286,6918900
TXN,2018-01-04,85.53181457519531,86.2584662709242,85.34225457326687,85.68188617414073,5460400
TXN,2018-01-05,86.1873779296875,86.27426084701004,85.53180901752778,85.85564041536352,5254900
TXN,2018-01-08,86.59809112548828,87.17467720335738,85.62659091853511,85.73716807987931,4549400
TXN,2018-01-09,87.1904525756836,87.65646139182157,86.1557639205667,86.58227831930242,4747800
TXN,2018-01-10,86.64546203613281,86.87451640273069,85.4686019000284,86.76393926382165,5737400
TXN,2018-01-11,87.41162872314453,87.48271748705623,86.43222839172093,86.92193157043451,3903700
TXN,2018-01-12,89.03079223632812,89.25194653792538,87.3405346158317,87.46690591988609,4577800
TXN,2018-01-16,89.18876647949219,89.97071272617134,88.414726349208,89.68636973210681,9251500
TXN,2018-01-17,94.11734008789062,94.33059424278413,89.65474275014536,90.00226826278666,6916700
TXN,2018-01-18,91.94530487060547,94.76503427531661,91.62146748099303,93.99098819170838,7970300
TXN,2018-01-19,92.27703094482422,92.85361090959321,91.39240776169622,92.41920242021975,6367300
TXN,2018-01-22,94.33851623535156,94.37011056674616,92.77462997433307,93.1379557463671,7217400
TXN,2018-01-23,94.6939468383789,95.3732099336512,93.91200668024096,94.79662390124459,8087100
TXN,2018-01-24,86.64546203613281,90.0417770912018,85.83982773465247,87.78283378034236,19223900
TXN,2018-01-25,87.00089263916016,88.23304132942305,86.15576393027435,87.56167841552345,8564800
TXN,2018-01-26,89.79693603515625,90.04178457365852,86.51909793538833,87.6169753529343,7801600
TXN,2018-01-29,88.97550964355469,89.56788985952242,87.86973203521427,88.8333381506823,6389300
TXN,2018-01-30,87.2759017944336,88.53075742650255,86.80731991500129,88.31631692692787,6492900
TXN,2018-01-31,87.10114288330078,88.14950144940272,86.01307739188216,88.14156369994981,7362500
TXN,2018-02-01,87.42679595947266,87.9589161650982,86.22753499956461,86.37049329981427,5828200
TXN,2018-02-02,85.50481414794922,87.54593748801437,85.39361896184975,86.58493622786489,7474400
TXN,2018-02-05,82.7647705078125,86.66435144876993,82.10557358168431,84.99650263628133,8460400
TXN,2018-02-06,84.08316040039062,84.71058811337315,81.2081130433097,81.50197343324386,9266900
TXN,2018-02-07,80.99368286132812,83.93226267648004,80.93808830458802,83.07451289304517,10009100
TXN,2018-02-08,77.56266021728516,81.49400280356511,77.51500343013909,81.03335890370263,11506600
TXN,2018-02-09,79.81029510498047,80.45361040465387,77.03055544127666,79.03990914297202,11599300
TXN,2018-02-12,80.96190643310547,81.44637583821273,79.76264560576196,80.65216449336171,6673700
TXN,2018-02-13,80.19945526123047,80.79511370296484,79.51643309662697,80.30270054309806,5061400
TXN,2018-02-14,81.54961395263672,81.77199214012215,79.30199459032812,79.30199459032812,7413500
TXN,2018-02-15,83.05067443847656,83.0586182480031,80.64421519679387,82.45501597036298,5264800
TXN,2018-02-16,82.97126770019531,83.82107367397752,82.50267981332074,82.82036559197859,4910400
TXN,2018-02-20,83.62252044677734,84.86943212348254,82.52651087761585,82.59004318558227,4970500
TXN,2018-02-21,82.32795715332031,84.32936722786691,82.27235653799055,84.00373764331786,6536500
TXN,2018-02-22,82.5423812866211,83.45572550052047,82.12939407355734,82.5979758356749,4036500
TXN,2018-02-23,85.01237487792969,85.02825643717969,83.18568653727166,83.40012697292904,4936900
TXN,2018-02-26,87.06938934326172,87.15675307773813,85.20299385639198,85.20299385639198,5496100
TXN,2018-02-27,86.04486846923828,87.5935844842718,86.04486846923828,86.87084913205229,5311900
TXN,2018-02-28,86.05281066894531,87.53798828378825,86.02898529458918,86.60081851654694,7333000
TXN,2018-03-01,84.60735321044922,86.51346209182017,83.96404381098586,86.51346209182017,8626600
TXN,2018-03-02,85.9495620727539,86.15605874152972,83.12217131605644,83.22541662076816,6476300
TXN,2018-03-05,86.57697296142578,86.83112032757148,84.5993825198986,85.3618306776869,4417200
TXN,2018-03-06,87.11705017089844,87.50621205923412,86.52139162249904,87.33942839280454,4109600
TXN,2018-03-07,86.2196044921875,86.93439610372712,85.08388172589491,85.80661714960533,4637600
TXN,2018-03-08,86.95820617675781,86.95820617675781,85.98926728045974,86.71200257697303,3573500
TXN,2018-03-09,88.57839965820312,88.64193802673277,86.83113693910411,87.36325714199718,5535900
TXN,2018-03-12,88.65782928466797,89.74590124215676,88.52281478129174,88.9834589144785,4270800
TXN,2018-03-13,87.83184814453125,89.74590079565364,87.43474238879827,88.98345847176867,5845500
TXN,2018-03-14,87.33942413330078,88.71340639136305,86.70405262225403,88.32424452200661,3240600
TXN,2018-03-15,87.1329345703125,88.08599191440005,86.78347960487851,87.31560586388545,3983300
TXN,2018-03-16,87.33942413330078,87.95096421371804,86.97408763522203,87.45855704904102,8049700
TXN,2018-03-19,85.66364288330078,86.87084155638293,84.14669618674169,86.86290380504282,6715200
TXN,2018-03-20,86.93439483642578,87.36326979709756,85.98928116053689,85.98928116053689,3781900
TXN,2018-03-21,86.28312683105469,87.59357686537611,85.82248276043346,86.67228872413365,3703800
TXN,2018-03-22,82.51854705810547,85.58420285533157,82.4391271478907,84.59143882927003,7208400
TXN,2018-03-23,80.50126647949219,83.34454469243028,80.48537885855288,82.62180942349126,6748900
TXN,2018-03-26,84.66292572021484,84.75823326022915,81.82759154281833,82.68534122489245,6760400
TXN,2018-03-27,81.4543228149414,85.85425489090139,80.86660804980197,85.77483495929104,5308400
TXN,2018-03-28,80.9380874633789,82.40737735568418,80.54098175954763,81.22399799553342,5352200
TXN,2018-03-29,82.51060485839844,83.42394899205722,81.2001551065707,81.6607990778909,4311100
TXN,2018-04-02,79.93737030029297,82.21675290302112,79.20669734260142,81.6925765844516,5865400
TXN,2018-04-03,81.15251159667969,81.59726798963489,79.88971246760845,80.94601496022845,6898700
TXN,2018-04-04,82.7647705078125,83.05068710084757,79.27023908354677,79.4052596286788,4515000
TXN,2018-04-05,81.20015716552734,82.60591448272712,80.11209162213935,82.46295621418733,5477400
TXN,2018-04-06,78.99227142333984,81.27959825658512,78.64281644044792,80.19153242970317,5095700
TXN,2018-04-09,79.27022552490234,81.7163977094221,79.10344188405115,79.45289678451145,5840900
TXN,2018-04-10,81.29546356201172,81.85935281911057,79.92147544138709,80.7474558637061,6011500
TXN,2018-04-11,81.27959442138672,81.87525299083568,80.2391793924086,80.54098361224821,3830000
TXN,2018-04-12,82.7885971069336,82.99509377370691,81.74818208091622,81.84348963312367,4578300
TXN,2018-04-13,81.13665008544922,83.39220784632714,80.93015339797283,83.35249484742107,3518900
TXN,2018-04-16,82.20086669921875,82.74887441620591,81.50196296082369,81.85935560968854,2831500
TXN,2018-04-17,83.7019271850586,83.94813074542704,82.35177041875572,82.66945008657903,4001100
TXN,2018-04-18,83.67015075683594,84.1069693512719,82.661505174253,83.44777258488699,3554700
TXN,2018-04-19,80.44564056396484,82.47087517086617,79.34963146114823,82.39145527518663,8624900
TXN,2018-04-20,79.3893814086914,80.71571316940079,78.52369377568384,80.18359291465192,7858000
TXN,2018-04-23,77.90419006347656,79.88971848054165,77.84859551017281,79.88971848054165,5934200
TXN,2018-04-24,78.1662826538086,80.39007694406583,77.34824590097921,79.2305290550759,8420300
TXN,2018-04-25,81.80377197265625,82.79653619562538,79.23052880333881,80.58068572283605,12696000
TXN,2018-04-26,81.58139038085938,82.85212732181401,81.16839708795432,82.61386149441864,6672900
TXN,2018-04-27,81.41459655761719,82.11350027301877,80.11209059838869,81.93877282933063,5114700
TXN,2018-04-30,80.55686950683594,82.78066404277746,80.47744957184216,81.74818670980046,5592700
TXN,2018-05-01,82.12145233154297,82.17704688199653,79.97707811543768,80.2947638577516,4234700
TXN,2018-05-02,81.7719955444336,82.77270348913046,80.90630812720359,82.02614292061915,5345000
TXN,2018-05-03,82.28028869628906,82.8362402366847,79.6991019955022,80.77128602857418,4788900
TXN,2018-05-04,83.64656829833984,83.69450592147109,81.38541693789134,81.89677190406479,6168000
TXN,2018-05-07,83.50276184082031,84.03009406174817,83.07130488051591,83.88627507498003,4113800
TXN,2018-05-08,84.26179504394531,86.29123785082574,83.14320370449036,83.53471463559065,5496500
TXN,2018-05-09,85.9236831665039,86.02755003204332,84.46152493526884,84.69323356993159,5131600
TXN,2018-05-10,87.86528015136719,87.9212094296064,86.13945197284127,86.4111128213133,4376500
TXN,2018-05-11,87.28997802734375,88.48047579200491,87.09022979387156,87.58560760738222,3583500
TXN,2018-05-14,88.40058898925781,88.68822696979949,87.6495335849731,87.67350849654582,4120400
TXN,2018-05-15,87.25801849365234,88.57635806756198,86.57088407563477,87.88123201328865,4336700
TXN,2018-05-16,89.00782012939453,89.14364747442644,87.12219618905164,87.68948047933144,3898200
TXN,2018-05-17,88.15289306640625,89.2155551460337,87.91319274462344,88.45650819094307,3792800
TXN,2018-05-18,88.3207015991211,88.74416698401781,87.31396854532541,87.8253236624649,4239600
TXN,2018-05-21,88.2168197631836,89.7109327668912,87.79334835408963,89.2555070022362,5199500
TXN,2018-05-22,88.57636260986328,89.35138677894116,88.44053526571201,88.7281732273457,2999600
TXN,2018-05-23,88.74415588378906,88.75214752094803,87.01034246611069,87.48174542932749,3123500
TXN,2018-05-24,88.48845672607422,88.84800106450666,87.55363656948457,88.68021330018274,2855500
TXN,2018-05-25,89.13565826416016,89.29546052369437,88.32867971288579,88.4005861578015,4100200
TXN,2018-05-29,88.64029693603516,89.29547103768587,87.89723310525038,88.40059656642705,3492800
TXN,2018-05-30,89.36735534667969,89.7748434357083,88.72017304327055,88.95986725765107,3621800
TXN,2018-05-31,89.4153060913086,90.19032415077838,89.08771604800239,89.48721253252258,6582100
TXN,2018-06-01,91.72440338134766,91.72440338134766,89.7428979610393,89.92666904230775,4728400
TXN,2018-06-04,92.47544860839844,92.98680364347025,91.33288836844639,91.67645560411961,3905700
TXN,2018-06-05,94.00950622558594,94.22523162340363,92.54734777602972,93.23448214808897,5366600
TXN,2018-06-06,94.36906433105469,94.37705596793982,93.41027516315579,93.93760737675032,4015400
TXN,2018-06-07,93.67393493652344,94.66469061721317,92.79504388080348,94.56081762884824,6985100
TXN,2018-06-08,92.47544860839844,93.21851234621106,92.16384182439631,92.91489719908493,4948600
TXN,2018-06-11,92.10792541503906,92.54737406706707,91.46873457989271,91.88420831794615,3741300
TXN,2018-06-12,92.21178436279297,92.49941623246448,91.54861871477847,92.27569916947954,3269100
TXN,2018-06-13,91.0851821899414,92.37156112783428,90.9173944279334,92.28367142928273,4948600
TXN,2018-06-14,91.66045379638672,92.31562764001218,91.06120920419886,91.77231229926196,2941200
TXN,2018-06-15,92.59529876708984,92.6991656631338,90.98133558080684,91.78032858498975,7027600
TXN,2018-06-18,91.3968276977539,91.82828473854788,90.31019650519889,91.56461553097921,3170600
TXN,2018-06-19,90.81354522705078,91.01329347247804,89.6470101094228,90.08645868769585,3486500
TXN,2018-06-20,91.27696228027344,91.97208841270036,90.74163841176636,91.41279572856357,3454800
TXN,2018-06-21,89.57511138916016,91.48470429240038,89.17561486386583,91.38882293182978,3480100
TXN,2018-06-22,89.79082489013672,90.46198213321298,89.01580685462866,90.08645447404122,3822600
TXN,2018-06-25,88.04102325439453,88.68820550607,86.77861310040764,88.65624506087433,5331200
TXN,2018-06-26,89.09571838378906,89.4952149162837,87.99310405277052,88.39260058526516,4001900
TXN,2018-06-27,86.9144515991211,89.88670633044775,86.90645996283642,89.63102883183,4364600
TXN,2018-06-28,87.17012023925781,87.5696166712396,85.85178079455159,86.47500034894186,4198800
TXN,2018-06-29,88.0889663696289,89.1276595678757,87.58560304201626,87.72143037069765,5343300
TXN,2018-07-02,88.08097839355469,88.15289092667696,86.59485106457169,87.04229124798343,3392500
TXN,2018-07-03,87.0183334350586,88.9199346434745,86.8824999877315,88.37661914166524,2201500
TXN,2018-07-05,89.09571838378906,89.20757692522089,87.41783416647822,87.76139533242362,4097700
TXN,2018-07-06,90.05448150634766,90.23026090500008,88.55237717429965,89.13563852892099,3419700
TXN,2018-07-09,89.55912017822266,90.68570320572071,88.56037895349004,90.60580512690865,3658000
TXN,2018-07-10,90.86944580078125,91.12512323036715,89.79080073937972,89.99054892173841,4512800
TXN,2018-07-11,89.29545593261719,90.91741068454186,89.1036932310355,90.51791419999559,5000200
TXN,2018-07-12,92.55533599853516,93.23448485038953,90.33413667854539,90.47795564653627,5818700
TXN,2018-07-13,91.99604034423828,92.66719753785759,91.74835450041179,92.30764708190127,2715800
TXN,2018-07-16,91.53264617919922,92.27570999461753,91.42078763458429,91.81229863657003,3013700
TXN,2018-07-17,92.52338409423828,92.57132171955945,90.44599759144674,90.82152524534878,3915100
TXN,2018-07-18,92.42749786376953,93.44221615305331,91.19704808027538,92.28367889957329,5491900
TXN,2018-07-19,91.55661010742188,92.41153851763589,91.2689782193668,92.30766552044487,5013900
TXN,2018-07-20,91.88420104980469,92.46746866037441,91.27696462299006,91.8602322335598,4358000
TXN,2018-07-23,91.62051391601562,91.7483557053676,90.31815769011057,91.36483643314371,3052800
TXN,2018-07-24,90.9254150390625,93.05073346429009,90.56586449517994,91.93214193193342,4286700
TXN,2018-07-25,90.46199798583984,91.39681843153345,87.91320809608538,90.60581698485682,8218400
TXN,2018-07-26,90.52591705322266,91.45274584237671,90.23827906104266,91.04525767081616,5520400
TXN,2018-07-27,89.96661376953125,91.31691393805662,89.5031963501064,90.52591254685424,4343900
TXN,2018-07-30,89.1069564819336,90.27994422504204,88.9382335669972,89.97464193095094,4422500
TXN,2018-07-31,89.43635559082031,90.45669220310756,89.11498765331177,89.97464336163655,5206300
TXN,2018-08-01,89.17926025390625,89.96661137478627,88.64097249644665,89.30780987755337,5303000
TXN,2018-08-02,90.15140533447266,90.78610539089718,88.37585480529813,88.49636856049493,4516700
TXN,2018-08-03,90.65754699707031,90.77003098608783,89.92644091075,90.24780885038268,3337900
TXN,2018-08-06,90.87445068359375,91.20384829701754,90.07906997841715,90.20761344500771,2970800
TXN,2018-08-07,93.00352478027344,93.0436919400597,91.05925158503425,91.40472103302957,5234500
TXN,2018-08-08,93.32490539550781,93.6864405306575,92.52148853554476,92.92319696552629,2890800
TXN,2018-08-09,91.86268615722656,93.26866574375794,91.61362887765092,93.19636116436548,3505200
TXN,2018-08-10,88.44815063476562,90.23977275658605,87.8536239320559,89.77378955168055,7652600
TXN,2018-08-13,88.32763671875,89.53276180639712,88.24729014257366,88.82575116537758,3989800
TXN,2018-08-14,88.64901733398438,89.17123954213365,88.27141654183654,88.91414638067955,3109600
TXN,2018-08-15,88.05445861816406,88.44010128530032,87.05018786264307,87.76522815020743,3532600
TXN,2018-08-16,87.89380645751953,88.80970119534317,87.63671330531614,88.47226758237325,2916300
TXN,2018-08-17,88.08660888671875,88.35977375951067,85.97362511506026,87.46798070795683,3744800
TXN,2018-08-20,87.59652709960938,88.21516142846023,87.20285460916642,88.17498813920584,3238200
TXN,2018-08-21,89.58899688720703,89.78181517667237,87.8455780100808,87.97412762277963,4714300
TXN,2018-08-22,90.13531494140625,90.5370232620228,87.78933369052292,88.89001669566196,3999200
TXN,2018-08-23,90.30406951904297,91.31637662722483,90.11125116067954,90.12731680321605,3038700
TXN,2018-08-24,91.30027770996094,91.42079144670168,90.25583349765222,90.75395408237509,3191900
TXN,2018-08-27,92.59376525878906,92.92316901449057,91.71000820457826,92.11171651372702,3686200
TXN,2018-08-28,92.40898895263672,93.25257896517365,92.11976457104055,92.9874499749954,3214400
TXN,2018-08-29,92.7705307006836,93.01958792526689,92.28044600550903,92.72232765839863,5113900
TXN,2018-08-30,90.44865417480469,92.68215163532473,90.37634348392771,92.32864632344398,5688600
TXN,2018-08-31,90.30406951904297,91.13158802533711,89.87022361553646,90.48885199134558,6550300
TXN,2018-09-04,90.41651916503906,90.51293137890012,88.89806204183068,89.19532230779838,6160300
TXN,2018-09-05,89.28367614746094,90.74589397664536,89.0587205013682,90.28794680293325,5369300
TXN,2018-09-06,89.09089660644531,89.7737997229605,88.64901487421439,89.1712370678734,4813100
TXN,2018-09-07,87.13856506347656,89.17924399494684,86.96984831038736,88.73736240620202,5349300
TXN,2018-09-10,87.02610778808594,87.95807422104124,86.35927037101452,87.709010844188,5138900
TXN,2018-09-11,85.20235443115234,86.88952849195478,85.0898765690711,86.81721779228324,8165600
TXN,2018-09-12,83.98918151855469,84.35875246045052,82.14935656267681,84.35875246045052,10182300
TXN,2018-09-13,84.93722534179688,85.90132305297205,84.03739631633864,84.47927800955111,6311100
TXN,2018-09-14,84.64797973632812,86.09413217527899,84.46319120762448,85.13002850611753,6485000
TXN,2018-09-17,83.31431579589844,84.89704779831001,83.0331211550195,84.59175163529623,5598300
TXN,2018-09-18,84.28646087646484,85.07380592140794,83.52321122561806,83.5794501573997,5654900
TXN,2018-09-19,86.26288604736328,86.37536393771454,84.43912601315243,84.45519778582279,6588900
TXN,2018-09-20,87.16270446777344,87.55638319234927,86.60835093225955,86.67261963071778,5562500
TXN,2018-09-21,88.416015625,89.09891863531405,88.00627136697823,88.77755070999469,10923900
TXN,2018-09-24,88.21516418457031,88.6329382097851,87.05824206923162,87.58046419793776,3531200
TXN,2018-09-25,86.407470703125,88.02233389731093,85.81293791691994,87.77327667553345,6523800
TXN,2018-09-26,85.33892059326172,86.94575395068081,85.14610230665461,86.35122732471893,6478600
TXN,2018-09-27,86.19860076904297,86.51193287270232,85.25860445806491,85.51569762336449,4704200
TXN,2018-09-28,86.19860076904297,86.33518017226174,85.21039527548184,86.1423618306832,4556400
TXN,2018-10-01,86.56012725830078,87.26713798926897,86.31107000330096,86.5038883255723,3661800
TXN,2018-10-02,87.13856506347656,88.25531366457824,86.16643169782027,86.16643169782027,4718400
TXN,2018-10-03,86.91362762451172,87.73311004421629,86.294999400082,87.59653066252946,5353400
TXN,2018-10-04,85.0577392578125,86.39140796525211,84.24628656937759,86.22269117193899,5846500
TXN,2018-10-05,82.97688293457031,85.10593859867015,81.75569214251597,84.80064243305245,8778800
TXN,2018-10-08,81.89228820800781,82.84032043392439,81.2816896227773,82.12527985407716,7458500
TXN,2018-10-09,82.64749145507812,82.8724471865986,81.5869814853502,81.8922776739017,6041500
TXN,2018-10-10,79.73108673095703,81.65928840299819,79.3856172391764,80.79159673114205,11243700
TXN,2018-10-11,79.96407318115234,81.95654954361154,79.54629914186677,80.74338845844989,10100300
TXN,2018-10-12,81.2174072265625,82.31005464372237,80.04441934952585,82.31005464372237,6889100
TXN,2018-10-15,79.88373565673828,80.73535553512103,79.24099974086724,80.10065550383398,6637400
TXN,2018-10-16,82.06901550292969,82.23773227103293,80.09261119568518,80.59876149999491,5894100
TXN,2018-10-17,81.57893371582031,82.88850075043337,81.12902231832538,82.67158093509347,5061400
TXN,2018-10-18,79.97209930419922,81.54679530558468,79.33739937365998,81.54679530558468,9668300
TXN,2018-10-19,78.94374084472656,80.67911804119626,78.17246140967514,79.658781345855,10492500
TXN,2018-10-22,80.1167221069336,80.7192846906144,79.06424808890453,79.257066399399,6881500
TXN,2018-10-23,80.54252624511719,80.71927890439339,76.49330523749349,78.0760371579064,13925900
TXN,2018-10-24,73.92235565185547,77.91533673322755,73.51261151075856,74.91859041943427,25121700
TXN,2018-10-25,73.72953796386719,75.10338573046252,72.95022901833833,74.12321650731597,21038900
TXN,2018-10-26,72.75740051269531,73.97056121457875,70.6203156857087,72.05843203995055,15855200
TXN,2018-10-29,72.45211029052734,75.12748907867073,71.11843577286464,74.78201969044578,9869400
TXN,2018-10-30,75.35311126708984,75.47466285252321,72.70331638002064,73.0031366174031,8734300
TXN,2018-10-31,75.2234878540039,76.52002413979992,75.16676458469948,76.1715794333948,10301100
TXN,2018-11-01,79.0887680053711,79.4047984534486,75.3612247898731,75.66915014938242,10972500
TXN,2018-11-02,77.030517578125,79.3318744174102,76.05001202226767,79.21842790234382,10088000
TXN,2018-11-05,77.5167236328125,77.80843882564446,76.37414721620424,76.9089717982008,6189400
TXN,2018-11-06,78.71601867675781,78.7970510198299,76.98190056905513,77.36275938210252,5413100
TXN,2018-11-07,78.7646484375,79.38861055396029,78.0758641464654,79.25085493222785,5525700
TXN,2018-11-08,79.80187225341797,80.05307437289909,77.98671561126655,78.00292578938426,5948300
TXN,2018-11-09,77.87323760986328,79.51821762857253,77.66254865611475,79.50201363937757,6256400
TXN,2018-11-12,75.7420883178711,77.09534762193668,75.41795276095732,77.01431527830113,8688700
TXN,2018-11-13,76.5605239868164,77.92998719326668,76.09052777046254,76.26069753520353,5930800
TXN,2018-11-14,76.7387924194336,78.01101928915078,76.20397404367552,77.64637067760532,4975200
TXN,2018-11-15,79.3804931640625,79.76135197414634,76.30931978126797,76.58483716441494,7689000
TXN,2018-11-16,79.29137420654297,79.502063291876,77.91380551696652,78.3027633242567,6767000
TXN,2018-11-19,76.6739730834961,79.18601274386512,76.61724982666868,79.00773788458716,8265300
TXN,2018-11-20,78.47291564941406,79.33187579863497,75.28830190084115,75.28830190084115,8230200
TXN,2018-11-21,77.8975830078125,79.46963653462595,77.67068995907076,79.21032931001082,6437700
TXN,2018-11-23,77.06295013427734,77.79225374965493,77.04674613499023,77.28174431007706,2066200
TXN,2018-11-26,78.10015106201172,78.335149152448,77.24119721462924,78.1244663257429,4687400
TXN,2018-11-27,78.01911926269531,78.59445686084854,77.29792099301234,77.3789533255576,5044700
TXN,2018-11-28,79.62359619140625,79.6479052758459,77.12776048274546,78.35946815920181,5659300
TXN,2018-11-29,78.95101928710938,79.80187437210573,78.86998694148393,79.4048053685092,5938000
TXN,2018-11-30,80.91205596923828,80.94447015416998,78.53777101876118,79.23466053885845,8685900
TXN,2018-12-03,81.98168182373047,83.12425841451297,81.39823898438385,83.05943005850284,7828500
TXN,2018-12-04,77.88137817382812,81.90874829281529,77.75982656120263,81.64944107098773,7487100
TXN,2018-12-06,78.86189270019531,78.90241196976757,75.91227040061266,76.26071509886748,7329300
TXN,2018-12-07,74.85883331298828,78.62689674100523,74.74538677385424,78.33517530255406,8837800
TXN,2018-12-10,76.00950622558594,76.45518723965901,74.52659011636543,74.90744896016902,7549500
TXN,2018-12-11,76.60914611816406,78.27843586262237,76.57673194476847,77.59775676842939,9942500
TXN,2018-12-12,77.63827514648438,78.90240326569143,77.46810536132362,78.43240699293973,4945000
TXN,2018-12-13,77.66258239746094,78.28654444401157,77.0629356188203,77.9867179635054,3647500
TXN,2018-12-14,76.38225555419922,77.78413305020844,76.35794646896012,76.70639111625444,6318300
TXN,2018-12-17,74.48606872558594,76.76311663377945,74.1295251609726,76.39846179735234,8260200
TXN,2018-12-18,76.60914611816406,77.77603163091939,75.13433523170782,75.2396766584649,7675500
TXN,2018-12-19,73.3597183227539,76.90899401907582,72.55748740034645,76.44709655624104,9854500
TXN,2018-12-20,73.0031509399414,74.04848488796041,72.28195255588027,73.55417954395828,9235000
TXN,2018-12-21,73.26246643066406,75.62054051566143,72.82488433417168,73.2948744238515,14349200
TXN,2018-12-24,71.14749908447266,73.37592295328461,71.11508490449613,72.93023570657316,5621600
TXN,2018-12-26,75.34503173828125,75.38554482226417,71.06645316140151,71.95782756223399,8075200
TXN,2018-12-27,76.01759338378906,76.07431663799034,73.37590333684867,74.03227330437352,5882300
TXN,2018-12-28,76.01759338378906,77.58964668932578,75.42605175888595,76.22017731770374,5022200
TXN,2018-12-31,76.57672119140625,77.1277496970096,75.94466035487869,76.58482627920984,4113200
TXN,2019-01-02,76.53621673583984,77.18448787334154,74.92365016382834,75.16675338598442,6478800
TXN,2019-01-03,72.02264404296875,75.19106000454754,71.86057935509689,74.4131383744938,11667500
TXN,2019-01-04,75.28020477294922,75.66916253469064,72.50075244675112,72.87350621107505,7707600
TXN,2019-01-07,76.57672119140625,77.16016386585339,74.84260334367198,75.19915301858315,5023900
TXN,2019-01-08,76.4794921875,77.50051704804672,75.38554007095719,77.19259166322162,5863500
TXN,2019-01-09,77.9866943359375,78.18927823054214,76.75498697698404,77.02239920163092,6909400
TXN,2019-01-10,79.18601989746094,79.3642947728441,77.3627642431053,77.5977623804402,6748500
TXN,2019-01-11,79.8910140991211,80.27997805470316,78.44861717392138,78.62689206263097,4738800
TXN,2019-01-14,78.05965423583984,79.26705292624965,77.78413683087145,78.85377990998302,5060100
TXN,2019-01-15,79.11309814453125,79.44533885817053,78.31086726915824,78.59448362081811,4690800
TXN,2019-01-16,78.7403335571289,79.50205123928997,78.62688703200347,79.15360657429841,4559500
TXN,2019-01-17,79.04016876220703,79.76947234867428,77.67069903775035,77.88949320487684,6872300
TXN,2019-01-18,80.56358337402344,81.01737562390574,79.3642898577816,79.76945775587953,6677500
TXN,2019-01-22,78.29463958740234,79.76134526402984,77.6463685376645,79.76134526402984,11068600
TXN,2019-01-23,77.37897491455078,78.90241039387627,76.82794624418521,78.49724243573607,10298700
TXN,2019-01-24,82.72718048095703,83.0675262222509,79.2508452710959,79.38049578681176,14260300
TXN,2019-01-25,84.60716247558594,84.97991619566575,83.2376930174014,83.31872535961502,11041700
TXN,2019-01-28,83.20528411865234,84.38026861116397,82.45977663123294,82.55701297510481,7292700
TXN,2019-01-29,82.1275405883789,83.84545488772493,82.09512641114156,83.35114950400678,6153100
TXN,2019-01-30,83.40133666992188,83.8014392452889,81.8009201387523,83.02572928064038,6430200
TXN,2019-01-31,82.2092056274414,83.11556506473161,81.792768694975,82.48682609595059,8272300
TXN,2019-02-01,83.27886199951172,83.33601951541893,81.86625215078998,82.10304935374896,5615000
TXN,2019-02-04,83.12371063232422,83.56463641144312,82.52763414918776,83.27068796859753,5761200
TXN,2019-02-05,83.5483169555664,83.61364160722707,82.45415707390794,83.45849711695843,6372200
TXN,2019-02-06,86.94511413574219,87.27989203521408,84.96092323395219,85.13239575266232,9907800
TXN,2019-02-07,84.8057861328125,86.21023495636265,84.21787674344719,85.81829328688528,7045700
TXN,2019-02-08,85.36921691894531,85.58151272768693,83.40135351004406,83.65447879030668,5392400
TXN,2019-02-11,85.54067993164062,86.10408795154534,85.12424304150947,85.49985046467995,4553000
TXN,2019-02-12,86.91246032714844,87.02677535081956,86.34904611783959,86.4960234668027,5316800
TXN,2019-02-13,87.49220275878906,88.2842470170202,87.09210017514194,87.19824806027644,5965200
TXN,2019-02-14,87.34521484375,88.5046992200132,86.90428284931876,87.19007037449619,3438800
TXN,2019-02-15,87.83515167236328,88.08011600840564,87.11659917218186,88.04745368161987,3604300
TXN,2019-02-19,87.59835052490234,88.0964400839441,87.05127059274224,87.45954031459931,3188000
TXN,2019-02-20,88.13724517822266,88.56184283048485,87.56566398784297,87.95760555352332,3692800
TXN,2019-02-21,87.07576751708984,87.98212681607707,86.7164881611809,87.34522703402155,3933500
TXN,2019-02-22,87.62284088134766,88.49653778877214,87.08392811764811,88.10460236602724,4392900
TXN,2019-02-25,88.34139251708984,89.40288991320656,88.04743785854657,89.00278738396185,5750200
TXN,2019-02-26,87.59017181396484,88.3250584621566,87.2308987423939,88.30873041650823,3740100
TXN,2019-02-27,86.31637573242188,86.89611793539025,85.4998363654747,86.89611793539025,4395800
TXN,2019-02-28,86.37353515625,86.42252552585,85.58149095597719,85.88361277114653,5465800
TXN,2019-03-01,87.17376708984375,87.44322041600437,86.3735555623507,87.25541980170159,4164200
TXN,2019-03-04,87.69634246826172,88.29241280730363,86.55318593636929,87.74533284415504,3278500
TXN,2019-03-05,87.01860046386719,88.01477949261641,86.97777100346231,87.91679252546533,4008600
TXN,2019-03-06,86.07957458496094,87.16557338787243,85.94893153173963,87.04309124255823,3568000
TXN,2019-03-07,85.69580078125,86.32453955830843,84.65879856608322,85.61414809362833,5431000
TXN,2019-03-08,85.62232971191406,85.8264645803423,84.38935336229103,84.66698002279837,5180800
TXN,2019-03-11,86.92060089111328,87.28804729236543,85.73662146748988,85.86727073807735,3319800
TXN,2019-03-12,86.977783203125,87.4105543631345,86.35721767989612,87.24724272830963,3047200
TXN,2019-03-13,87.84332275390625,88.42306506354345,87.09210789322442,87.500377651817,3911100
TXN,2019-03-14,87.45136260986328,87.92495692512561,86.52867539263907,87.58201189532909,5393700
TXN,2019-03-15,90.42356872558594,90.47256532432729,88.17808544228964,88.18625258036339,13932300
TXN,2019-03-18,89.6641845703125,90.75018340748494,88.93746504280936,89.86015850087806,4408900
TXN,2019-03-19,89.8356704711914,90.47257649586574,89.4519021501529,90.29293681426799,3592100
TXN,2019-03-20,89.5172348022461,90.5542435909533,89.02731228437234,89.93367174580506,3829400
TXN,2019-03-21,91.63204193115234,92.25261354813061,89.77849421759501,89.82749081215943,5772700
TXN,2019-03-22,89.55803680419922,91.7871919868721,89.43555465487417,91.22377783779744,3773500
TXN,2019-03-25,87.45952606201172,89.18242450585757,86.7654688939,88.29239341780566,5479100
TXN,2019-03-26,88.45569610595703,88.7986410867503,87.68814723777217,88.41486665265786,3085500
TXN,2019-03-27,86.5286636352539,88.86396634318086,86.10405974488539,88.50468708666904,4797200
TXN,2019-03-28,85.66313171386719,86.87977339532745,84.61795628964853,86.54498932818011,5386400
TXN,2019-03-29,86.61031341552734,87.06757337782845,86.03057132626707,86.59398537245934,4327700
TXN,2019-04-01,88.7088394165039,88.97013177383981,87.3125577979557,88.1780875635619,5349800
TXN,2019-04-02,90.04796600341797,90.1704481620353,88.33323447187948,88.9783013595428,7005500
TXN,2019-04-03,92.06483459472656,93.20799121479226,90.96250744418917,91.35444294097019,7036700
TXN,2019-04-04,92.46492767333984,93.30596232918546,91.74637518371583,91.76270323201788,5035600
TXN,2019-04-05,92.7833480834961,93.18345678132235,92.52205578578291,92.93032539031599,3318300
TXN,2019-04-08,94.08167266845703,94.24497806005454,92.53024652947528,92.9221881908912,4580800
TXN,2019-04-09,93.0364990234375,93.63256928267089,92.47308485729269,93.53458854400297,4648200
TXN,2019-04-10,93.83670806884766,94.05717719951204,92.7098859189341,92.98750632975431,3013300
TXN,2019-04-11,93.80404663085938,94.25314580519513,93.19164206387501,93.95102397612368,2799300
TXN,2019-04-12,95.33914947509766,95.55961238911037,94.53893806002955,94.53893806002955,4881100
TXN,2019-04-15,93.97551727294922,95.83723235210657,93.10182035746936,95.21666065905411,4265100
TXN,2019-04-16,95.02068328857422,95.41261867509888,94.41643970398933,94.58791221430646,4133700
TXN,2019-04-17,94.3919448852539,96.22915836964133,93.82853698623822,95.51060600510648,6227500
TXN,2019-04-18,94.31848907470703,94.86556910075718,94.00820004583474,94.86556910075718,4195800
TXN,2019-04-22,93.86119079589844,94.02450239502849,92.79969343520537,93.51824578227608,3691200
TXN,2019-04-23,95.02884674072266,95.1513288884287,93.51008306044977,94.22864167115141,7547400
TXN,2019-04-24,96.70275115966797,97.42947065040218,93.77953892182668,93.90202106480785,14483900
TXN,2019-04-25,95.67390441894531,96.69457850269193,94.43276747417751,96.22098423270545,5315400
TXN,2019-04-26,95.70657348632812,95.73923580687536,94.1551475236881,94.71856165115175,3582600
TXN,2019-04-29,95.29012298583984,95.81270758005805,94.71854803269487,95.314624395003,3407600
TXN,2019-04-30,96.21285247802734,96.65378456337285,95.25750274129645,95.43713620151682,4533200
TXN,2019-05-01,94.95538330078125,97.1028800357732,94.88189150316435,96.40065553708945,3335800
TXN,2019-05-02,95.91069793701172,96.81705698757466,94.94718138910245,95.04516834013899,4532200
TXN,2019-05-03,96.55182647705078,96.96279023577097,95.43400455166712,96.54360544604977,3689000
TXN,2019-05-06,95.2285385131836,95.34360788310181,93.28878874769013,93.79838615076396,3974300
TXN,2019-05-07,93.6421890258789,94.05315272628725,92.26135074167452,93.69972369310373,5928100
TXN,2019-05-08,92.51615905761719,94.3161823216568,92.4504096222494,92.72986196728806,4819300
TXN,2019-05-09,92.17916107177734,92.7462867253641,90.5763988461237,91.1353097405225,4817500
TXN,2019-05-10,92.54903411865234,92.9846546850173,89.88599080691301,91.94080953188669,4189900
TXN,2019-05-13,88.0366439819336,90.69968699201212,87.72431382860862,89.7298124128564,7867600
TXN,2019-05-14,89.62297821044922,90.28873750002042,88.66953927005697,88.94077685870056,4068200
TXN,2019-05-15,90.65038299560547,91.12710244149186,88.52980858112521,88.76816830406841,4803600
TXN,2019-05-16,89.76270294189453,90.9298385053559,88.85036290080323,89.53256424158488,4690600
TXN,2019-05-17,87.77362823486328,89.98461495851389,87.21471734925233,88.91610682487844,6944000
TXN,2019-05-20,86.08048248291016,87.03391526218778,84.73251541569407,84.73251541569407,7519900
TXN,2019-05-21,87.94625091552734,88.76817849417714,87.3462410239567,87.86405941182431,4977200
TXN,2019-05-22,87.76541137695312,88.67775134052187,87.45308120604469,87.60924315609454,3297000
TXN,2019-05-23,86.98458862304688,87.11609376191323,85.76813316678493,86.94348973982098,4828000
TXN,2019-05-24,86.3517074584961,88.34899168039574,86.23663810174547,87.55994197518731,2786400
TXN,2019-05-28,84.83113861083984,87.08321826045402,84.78182496628479,87.03390461589896,5707100
TXN,2019-05-29,85.60376739501953,86.22021314255332,83.48319251850883,84.37909693241268,4923400
TXN,2019-05-30,86.66402435302734,87.20649315924618,85.58729522854256,85.87497482619472,3365700
TXN,2019-05-31,85.73526763916016,87.22296088863294,85.48047208479738,85.74348867114897,4463100
TXN,2019-06-03,86.44213104248047,87.92982438061587,85.96541149167884,86.33528270349822,4504500
TXN,2019-06-04,89.68873596191406,89.79558428526552,87.41199315076247,88.07775872631858,4924700
TXN,2019-06-05,89.984619140625,90.65037836221785,88.58733872625359,90.41201865145787,3977400
TXN,2019-06-06,90.5682144165039,90.96273619713351,89.41751439318139,90.00930333493643,4734100
TXN,2019-06-07,91.3736801147461,91.91615528331177,90.89696065221432,91.34902329268571,5408600
TXN,2019-06-10,92.57367706298828,93.29697715907227,91.23393771262712,91.85860426720653,4656800
TXN,2019-06-11,92.82026672363281,93.97918116162256,92.03121712800369,93.95452434157302,4775700
TXN,2019-06-12,90.69146728515625,92.70519319938235,90.39557918710545,92.45039770929016,4105400
TXN,2019-06-13,91.38192749023438,91.52987473605775,90.67506912361279,91.03671934025017,3392000
TXN,2019-06-14,88.20103454589844,89.63119285457623,87.78185605238394,87.81472763277773,7137800
TXN,2019-06-17,87.71612548828125,88.76819194504091,87.5763992837327,88.19284506112882,3655300
TXN,2019-06-18,91.26683807373047,91.70245868225479,88.42296943563444,89.01475828902963,5207900
TXN,2019-06-19,91.48053741455078,92.30246495189334,90.97916111510706,91.89150118322206,2745900
TXN,2019-06-20,92.63946533203125,93.98742618586839,91.81753767623736,93.59290442274113,2789900
TXN,2019-06-21,92.31889343261719,93.18191978680635,91.7764245617509,91.94902857842695,5124900
TXN,2019-06-24,92.6558609008789,92.95174893933869,91.907904099452,92.19557738045957,3356200
TXN,2019-06-25,91.62847137451172,93.07505911610497,91.51339576677663,92.80382783381158,3426200
TXN,2019-06-26,94.05314636230469,94.53808048598606,92.68874395928141,93.2147832293541,5308200
TXN,2019-06-27,95.2285385131836,95.88608314483947,94.53811602286389,94.70250531618304,4163800
TXN,2019-06-28,94.32442474365234,96.02581483426988,94.11072178551761,95.68882146679547,6129800
TXN,2019-07-01,96.32169342041016,97.79294451534793,95.54085847059554,96.65868046148893,6123700
TXN,2019-07-02,95.39289855957031,96.16551237505436,94.61206998450666,96.15729134466592,3818600
TXN,2019-07-03,95.29426574707031,95.67235160247903,94.45589627875705,95.49974759919299,2321700
TXN,2019-07-05,95.13811492919922,95.40113149717759,94.00385715556935,94.37372204869811,2915400
TXN,2019-07-08,94.46410369873047,95.19561848522935,94.25862187621263,94.67780654997513,2974500
TXN,2019-07-09,95.16277313232422,95.27784249055746,94.02029431071591,94.19289834806575,2754000
TXN,2019-07-10,95.86962890625,97.35731576471719,95.49976401716674,95.85319311441033,3531800
TXN,2019-07-11,95.93538665771484,96.14908958103761,95.25318527186771,95.83675309214826,3044700
TXN,2019-07-12,97.25047302246094,97.31622873521279,95.88607647231466,96.69978303748654,2292500
TXN,2019-07-15,98.49980163574219,98.63131306314853,97.39020061794378,97.39842164985917,4020600
TXN,2019-07-16,97.54635620117188,97.85047163444365,96.60935935043193,97.39840899995983,4588800
TXN,2019-07-17,96.31346130371094,97.39018428407435,95.96825327088115,97.34909167300926,4027700
TXN,2019-07-18,97.45596313476562,97.57925353886311,96.17375798209687,96.56827975023629,2913000
TXN,2019-07-19,96.37923431396484,97.80938661451837,96.19840923454116,97.60390470986603,5596300
TXN,2019-07-22,97.13539123535156,97.39018675116007,96.63401496367027,96.97100824530912,3862700
TXN,2019-07-23,98.68883514404297,98.91897384180923,97.43950809725074,97.97375595814704,7146900
TXN,2019-07-24,106.02863311767578,106.68617753680641,103.52997310411108,103.973814646403,16553300
TXN,2019-07-25,104.67247009277344,105.8642687783298,104.03136762024421,105.69165847805554,8504500
TXN,2019-07-26,105.33822631835938,105.97110143280352,104.63958296048168,105.05876772104652,5282300
TXN,2019-07-29,106.82593536376953,107.15470140001186,105.14920224153084,105.37111994307544,6070100
TXN,2019-07-30,106.28022003173828,106.63576181086218,105.41205642235737,105.99083847012709,3487300
TXN,2019-07-31,103.36152648925781,106.30503152287226,101.73267815810047,105.6849056759154,6601600
TXN,2019-08-01,102.0716781616211,106.43731890213968,101.88978172091818,103.84935551457002,7979300
TXN,2019-08-02,100.72394561767578,102.81581444132603,100.10382610197638,101.85669953729887,7368400
TXN,2019-08-05,96.68077850341797,98.63208865206963,96.0937327149601,98.57421107597328,8689800
TXN,2019-08-06,98.3923110961914,98.68169898483775,96.76346258386117,97.86314286890014,4783900
TXN,2019-08-07,99.81443786621094,100.03767811539026,96.7799878952108,96.97842437316818,7726600
TXN,2019-08-08,102.78273010253906,103.0059766378775,100.36012985733119,100.85623046555824,6226400
TXN,2019-08-09,99.72347259521484,102.7909959362016,99.71520256989999,102.50160813199172,5777500
TXN,2019-08-12,99.28526306152344,100.1038189978649,98.78089871989347,98.89665384995463,3728400
TXN,2019-08-13,101.98070526123047,102.89848253093251,98.62379406715198,99.51676756872928,6285300
TXN,2019-08-14,99.71522521972656,101.04641572964645,99.3514260295908,99.79790656711276,4531700
TXN,2019-08-15,99.09510040283203,100.55031601083738,98.16905926806855,100.26919187479695,3352600
TXN,2019-08-16,101.55078887939453,101.8732505776496,99.09511417100354,100.27747583399983,3675100
TXN,2019-08-19,103.02252960205078,104.47774528744371,102.53470523664309,103.8080181728391,3244500
TXN,2019-08-20,102.78273010253906,103.53514473235049,102.03859180656102,102.71658882186588,2706400
TXN,2019-08-21,104.21314239501953,104.2462161896522,103.10519235345954,103.7666556297504,3866100
TXN,2019-08-22,103.52686309814453,104.67615051584953,102.68350351345144,104.2710076188623,2997800
TXN,2019-08-23,99.45890808105469,103.4276694067576,99.08683256702544,102.62565342286113,6515900
TXN,2019-08-26,100.59993743896484,101.26140089067022,99.64082237299334,101.25313086277359,3294000
TXN,2019-08-27,101.02162170410156,102.17917960375163,100.48418343195871,101.64174133160877,3679700
TXN,2019-08-28,101.48462677001953,101.6830695622668,99.65734197163846,100.35187912813969,2470800
TXN,2019-08-29,102.17090606689453,103.60958178701141,102.02207710907673,102.6752705179336,3454600
TXN,2019-08-30,102.3197250366211,103.55169410107403,102.06341097635979,103.21269869635897,2747100
TXN,2019-09-03,100.65779876708984,102.09648059605234,99.77309517047087,101.74094515209246,3913200
TXN,2019-09-04,103.01426696777344,103.30366116672762,102.40241738325946,102.48509873659656,3858200
TXN,2019-09-05,104.84980773925781,106.66882249748745,104.30410583506173,104.80020019565326,5330400
TXN,2019-09-06,105.0813217163086,105.75932514638872,104.66790868324448,105.08959174326091,2457500
TXN,2019-09-09,105.089599609375,105.78413683716464,103.91550802155415,105.78413683716464,3813700
TXN,2019-09-10,105.03997802734375,105.05651177209484,103.27057085442766,104.18834823856979,4725600
TXN,2019-09-11,106.31329345703125,106.37116471916941,104.51081244225345,105.00690680330985,4286100
TXN,2019-09-12,107.66930389404297,108.24807968454118,106.13967044681496,106.82593767567927,4472900
TXN,2019-09-13,107.16493225097656,108.22326865880564,107.12358842234657,107.87600320777095,3110800
TXN,2019-09-16,106.13140106201172,107.05744227737874,105.90815447746242,106.46212646282413,3065800
TXN,2019-09-17,107.12357330322266,107.23932843723018,105.5195351713261,106.08177709715484,2673600
TXN,2019-09-18,106.91688537597656,107.1235919094902,105.17228172846681,107.1235919094902,2328000
TXN,2019-09-19,106.51998138427734,107.7023363562475,106.24712732543149,107.07395321901461,2608100
TXN,2019-09-20,104.73404693603516,106.45384651407075,104.36197776275381,106.08177734078939,7471500
TXN,2019-09-23,105.6435546875,106.12312158711735,104.43638949084539,104.73404735393082,3946200
TXN,2019-09-24,104.02298736572266,106.50346561191154,103.2705789113002,106.47039811982951,4694600
TXN,2019-09-25,105.61874389648438,106.10657448174129,102.9646333838755,103.6012928907825,3293400
TXN,2019-09-26,105.92467498779297,106.38769551004256,104.70923980870629,106.06523388802138,3297700
TXN,2019-09-27,105.1226577758789,107.18972278847394,104.06432149873933,107.09050770510574,5263500
TXN,2019-09-30,106.85899353027344,106.99127609781192,105.47818935807186,105.57741074599808,4233400
TXN,2019-10-01,106.32154083251953,108.9756575571541,105.49471492179205,107.4873683945722,5093900
TXN,2019-10-02,104.87458801269531,105.65180633199259,104.36196002182318,105.22185966466299,5334600
TXN,2019-10-03,106.41252136230469,106.8672782611572,104.06433815996793,105.23015973347096,5199700
TXN,2019-10-04,107.60314178466797,107.74370069939017,106.65229687245605,106.91687464829656,3893000
TXN,2019-10-07,106.53652954101562,107.89252360501405,106.44557818114657,107.52044183150069,2426200
TXN,2019-10-08,103.33671569824219,105.72624232069947,102.22049555771723,105.35416683779724,4769100
TXN,2019-10-09,105.37071228027344,105.9825554737981,104.44466484695303,104.80020029554923,2884800
TXN,2019-10-10,105.61050415039062,106.96649218805554,105.08959965228999,105.717989276131,2679300
TXN,2019-10-11,107.5617904663086,108.94258836148768,107.1235736990634,107.57006680071618,4717200
TXN,2019-10-14,107.28067016601562,107.4377691197516,106.71843455934284,107.14011126434744,2292900
TXN,2019-10-15,108.88473510742188,109.306411891943,107.31375789018267,107.71890723588254,2955400
TXN,2019-10-16,107.07395935058594,108.68626741212918,106.8176453275153,108.17363936598791,4537600
TXN,2019-10-17,107.5948715209961,108.63666774010989,106.50345514408909,108.23151845782832,3003500
TXN,2019-10-18,107.0408935546875,107.8346394053543,106.28847890862993,107.31373501710476,4126000
TXN,2019-10-21,108.25630950927734,108.33073342904117,107.19797336191199,108.09922318532763,3355100
TXN,2019-10-22,106.30502319335938,108.39689193094218,106.02389276937255,107.71062484784014,5518900
TXN,2019-10-23,98.35096740722656,100.55859800820834,95.8043476752922,96.57329624233465,18450000
TXN,2019-10-24,97.90448760986328,99.45891850346467,97.00324382463131,98.23521302385892,6205400
TXN,2019-10-25,99.64081573486328,99.78964468617276,97.98716352395012,97.98716352395012,4788200
TXN,2019-10-28,99.21912384033203,100.95545724590144,98.59073428971897,100.09555741563672,6492900
TXN,2019-10-29,99.45890808105469,99.97980623087693,98.82224847864524,99.64907454335612,4622200
TXN,2019-10-30,98.12601470947266,100.02538810293507,97.95107309225749,99.7421511100349,5276200
TXN,2019-10-31,98.29263305664062,98.55921169170348,97.04304451308295,98.00939603752083,4778400
TXN,2019-11-01,98.33426666259766,99.62550405675483,98.19264818455999,99.29228560389787,4430100
TXN,2019-11-04,100.77515411376953,101.1417021289444,99.53389791111304,99.90043957055175,5175400
TXN,2019-11-05,99.8504409790039,101.40826342124774,99.6838317401023,100.88343224281104,3994500
TXN,2019-11-06,100.26696014404297,100.4252433537733,99.01737191329042,99.69214752406178,3904700
TXN,2019-11-07,99.90043640136719,101.51657293802026,99.20066987358088,100.75016016309165,4271200
TXN,2019-11-08,100.0586929321289,100.08368367920035,98.9840463179169,99.71713577352779,3804900
TXN,2019-11-11,98.36758422851562,99.7171354113461,98.27594725243031,99.19231065754916,5165300
TXN,2019-11-12,99.1506576538086,99.89208584859554,98.45089129792122,98.45089129792122,4761100
TXN,2019-11-13,98.65084075927734,99.10069336146664,97.97606503386113,98.35093902448448,4928800
TXN,2019-11-14,97.94274139404297,98.600858733257,97.28462405482894,98.45924023583682,4568500
TXN,2019-11-15,98.30097198486328,98.93409866877877,97.93442395379593,98.7758154088658,4496800
TXN,2019-11-18,98.20932006835938,98.54254492276822,97.60951660157056,98.23431082018634,5337700
TXN,2019-11-19,98.16766357421875,98.70082714926163,97.45123872480933,98.70082714926163,3860600
TXN,2019-11-20,96.82642364501953,98.05101469824709,96.20995557901848,97.67614079399658,4368600
TXN,2019-11-21,96.7181396484375,96.92640437909982,95.46021889563119,96.80144426955539,5447700
TXN,2019-11-22,97.47622680664062,97.90941465206276,97.09302046299234,97.24297132404908,3008900
TXN,2019-11-25,99.14234161376953,99.52554794564242,98.05936249988983,98.12600873736382,3726400
TXN,2019-11-26,99.2422866821289,99.55052070794993,98.20929561087365,99.1673144453187,7099700
TXN,2019-11-27,101.40827178955078,101.47491167716957,99.5505474793949,99.89210470978439,4876200
TXN,2019-11-29,100.14202880859375,101.33330351825064,99.95875479853326,100.92510635858444,3498900
TXN,2019-12-02,98.95907592773438,100.12535975828098,98.22598632131951,100.06704588454042,4733500
TXN,2019-12-03,98.09268188476562,98.27595585297533,96.68481036145913,97.59284783420678,5307100
TXN,2019-12-04,100.20032501220703,101.19166715224993,99.4755678257593,99.95041115181424,4537600
TXN,2019-12-05,100.58352661132812,100.64184047824637,99.77545848707905,100.44190812820308,3260400
TXN,2019-12-06,101.94141387939453,102.21631846985126,101.53321046629777,101.59152433163523,3815900
TXN,2019-12-09,101.6331787109375,102.04137576385935,101.52488334955586,101.84977578943534,2801300
TXN,2019-12-10,101.10836791992188,102.45791936286837,100.94175231504639,101.79147601057277,4043400
TXN,2019-12-11,103.06605529785156,103.16601830513814,100.96674316453728,101.03338940655196,2959800
TXN,2019-12-12,105.02373504638672,105.7818216945343,102.49123523306099,103.13269414391434,5412700
TXN,2019-12-13,105.49856567382812,106.19000600156772,104.45724217629292,104.9320854369396,3451500
TXN,2019-12-16,105.85680389404297,107.18969698535147,105.85680389404297,106.28166575168167,4973100
TXN,2019-12-17,105.87344360351562,106.63153018920707,104.94042178203013,106.49823772571801,4354200
TXN,2019-12-18,105.25699615478516,106.12337821801134,104.96542679594349,106.12337821801134,5776200
TXN,2019-12-19,105.29864501953125,105.3652912561408,104.13236130180407,105.24865716420663,3961500
TXN,2019-12-20,107.42294311523438,107.4979153658323,104.84046178430044,106.00674552090337,9321400
TXN,2019-12-23,107.0897216796875,107.60621411816409,106.76482922460228,107.4645956337905,3095000
TXN,2019-12-24,107.07307434082031,107.3396593275246,106.53991707888353,107.23968360177459,1403400
TXN,2019-12-26,107.03142547607422,107.25635498360167,106.67321617841253,107.22303821393625,2339900
TXN,2019-12-27,107.10639190673828,107.39795490311054,106.70651447115914,107.34797340153075,1800600
TXN,2019-12-30,106.34830474853516,107.02308043971324,105.83180593021336,106.79815097216377,2283700
TXN,2019-12-31,106.87310028076172,106.95641123944168,105.84844158862973,106.0067247832411,2813300
TXN,2020-01-02,107.93941497802734,107.97273173085752,106.43990051561312,107.57286713956461,4614000
TXN,2020-01-03,106.50658416748047,107.67286795418545,105.99009169254686,106.18169168946245,4057200
TXN,2020-01-06,105.76515197753906,106.07338604343818,104.88211162082091,105.84845659229337,4345400
TXN,2020-01-07,107.80615997314453,109.04740965261182,106.98142705026318,107.58955651441396,7184100
TXN,2020-01-08,108.09774017333984,108.77252869659236,107.51460136757157,107.74785688987888,3546900
TXN,2020-01-09,109.4056167602539,109.74717392846856,108.49758569385105,108.88078563404453,3526600
TXN,2020-01-10,108.29766082763672,109.80549545609392,108.14771632184274,109.80549545609392,3234000
TXN,2020-01-13,108.2560043334961,108.91412800006782,108.10605982909466,108.77250950875413,4313200
TXN,2020-01-14,108.85580444335938,109.84714656369336,108.1560380212895,108.2560010211652,4626200
TXN,2020-01-15,107.60620880126953,108.65585836318799,107.34796259479137,108.65585836318799,3392300
TXN,2020-01-16,108.43093872070312,108.48924622795583,107.75616311246175,108.2976462591701,5475900
TXN,2020-01-17,109.7138442993164,109.99708124800311,108.66419475987625,108.93076697291409,5487100
TXN,2020-01-21,109.01409149169922,110.12206138791251,108.7808360094933,109.20569148533897,8631500
TXN,2020-01-22,111.0800552368164,113.04607447602856,109.81381503706288,109.98042425161273,8899700
TXN,2020-01-23,111.83817291259766,111.97146540592829,108.00609635390876,109.48061437163332,8598700
TXN,2020-01-24,108.7308578491211,112.82950636286775,108.08939889760747,112.29634914266015,5606800
TXN,2020-01-27,105.22367858886719,107.67287404389448,105.16536471402061,107.17303356722596,5890900
TXN,2020-01-28,106.66485595703125,106.88978541923038,105.59854793774308,105.92344040026623,4397500
TXN,2020-01-29,104.5405502319336,107.05638508840947,104.49890110409945,106.25665573435553,4535000
TXN,2020-01-30,104.39790344238281,104.60767258114421,102.55193758194085,103.39101413698648,5521300
TXN,2020-01-31,101.23460388183594,103.74344139131013,100.65563891747762,103.50850094248273,5782500
TXN,2020-02-03,103.54207611083984,103.77701658538123,101.57863311339794,101.57863311339794,5396400
TXN,2020-02-04,106.11801147460938,106.8312252562142,105.18663599924623,105.72364447492369,4434700
TXN,2020-02-05,111.12728118896484,111.5216481237989,107.95557340055167,107.95557340055167,7281800
TXN,2020-02-06,111.19444274902344,111.59719596155642,110.32179585135923,111.59719596155642,3686600
TXN,2020-02-07,107.98917388916016,110.12882213705332,107.82974726001551,110.12882213705332,4331700
TXN,2020-02-10,108.78627014160156,108.82822652997419,106.81444792100949,107.0242170595805,2882500
TXN,2020-02-11,109.66731262207031,110.74132968069816,109.18904560224529,109.4743285827229,2986800
TXN,2020-02-12,111.11051177978516,111.54683515721864,110.45603311528077,110.46441927133638,2839100
TXN,2020-02-13,111.43777465820312,111.92444068138336,110.05330322228795,110.65743947152588,4268700
TXN,2020-02-14,110.93433380126953,112.117422192819,110.14559967137382,111.99995196942778,2605200
TXN,2020-02-18,110.12042236328125,110.57351811345919,109.57501486768008,110.0029521463245,3094400
TXN,2020-02-19,111.70626831054688,112.68798636500124,110.93431939943642,111.51327148029993,3931600
TXN,2020-02-20,110.31342315673828,111.81536493043163,109.36526231662683,111.26997015530108,2487800
TXN,2020-02-21,107.838134765625,109.77639978080347,107.36824748797052,109.7176582696557,4121000
TXN,2020-02-24,101.8974838256836,105.10275679416262,101.73805719268944,104.05391084372252,7483800
TXN,2020-02-25,99.32988739013672,103.23159493064927,99.02781929657147,103.12251727527992,6347200
TXN,2020-02-26,99.6739273071289,101.22621800505534,98.70059521013437,100.09346567963051,5778000
TXN,2020-02-27,94.92473602294922,99.42218723282359,94.87439347411335,97.62656377234912,8687300
TXN,2020-02-28,95.77218627929688,97.43356048069778,91.13209449686134,91.83691564787392,11431100
TXN,2020-03-02,99.82496643066406,99.90887282908241,95.08418130107702,96.62808591889564,7207500
TXN,2020-03-03,95.49530792236328,100.78988573929384,94.15278661281978,99.32988781362162,9217300
TXN,2020-03-04,99.89208984375,99.92564728036585,95.94003271006193,97.13991272097722,5556500
TXN,2020-03-05,96.25885009765625,98.34814863811704,95.41138110188207,96.63643193451409,6162300
TXN,2020-03-06,94.94992065429688,95.54566433186513,92.415905483159,93.21302577246863,6386200
TXN,2020-03-09,88.1366195678711,92.3655670111483,87.61638969610557,88.19535468229242,8454600
TXN,2020-03-10,94.0772705078125,94.09404922305441,87.89327367362891,91.31670773115442,9206200
TXN,2020-03-11,89.36164855957031,93.50668857884135,88.76590500403734,91.91244192514897,9636500
TXN,2020-03-12,81.83515930175781,87.87651610437229,81.01286762245938,83.42101394205272,15158500
TXN,2020-03-13,88.9757080078125,90.17558813329232,82.61550408669154,86.68502544038805,16040100
TXN,2020-03-16,78.45366668701172,87.68350982666016,78.10964218810709,80.45066680717918,12389200
TXN,2020-03-17,89.06800079345703,90.31822339359633,79.80459244518462,80.57654154046205,16243500
TXN,2020-03-18,83.90767669677734,88.79110322446388,78.99907889034542,83.94963309578482,16413900
TXN,2020-03-19,85.22499084472656,88.10302319172195,81.49110337487824,83.39580401191834,9298500
TXN,2020-03-20,81.89389038085938,88.52259805589578,81.47435200144754,87.68352129707213,10253200
TXN,2020-03-23,82.59872436523438,85.5522719604841,79.64517036833654,81.68412730085105,9680700
TXN,2020-03-24,88.40510559082031,88.67360983005801,83.45455267833219,85.71167064050427,9385700
TXN,2020-03-25,83.20284271240234,88.79948236596489,82.65744161596017,87.54086740570452,11862100
TXN,2020-03-26,90.41888427734375,91.32508202051622,83.07696499613806,83.40420431482586,10441400
TXN,2020-03-27,84.32720184326172,88.10304670191522,83.96639863403563,87.26397006665889,7579200
TXN,2020-03-30,85.60260772705078,86.79410158438453,84.1594010858571,84.24330748102628,6950800
TXN,2020-03-31,83.84893798828125,86.58432992391297,83.47135601997498,85.6026052833513,8968000
TXN,2020-04-01,81.29813385009766,84.21812332778366,80.6100912722588,80.63526254679674,8229700
TXN,2020-04-02,85.60260772705078,85.77042691903675,80.63527487392305,80.76953022751182,8353400
TXN,2020-04-03,83.8908920288086,86.96190944926416,82.94273125232192,85.95501996096826,6587300
TXN,2020-04-06,91.42579650878906,91.92924124870734,86.85283105219777,87.75064286557367,7189500
TXN,2020-04-07,89.16027069091797,94.75690941005388,88.79946753981793,93.71645634241597,7762200
TXN,2020-04-08,92.44107055664062,92.86060887057835,89.12672043719134,90.7797024183694,5426500
TXN,2020-04-09,90.36017608642578,94.15280013060999,89.84833876341908,93.13751804444928,5902300
TXN,2020-04-13,90.34337615966797,90.99785488466551,88.35476871089027,88.52258147055501,5209400
TXN,2020-04-14,93.09554290771484,93.49830247815544,91.43417488355715,91.89566315620264,8142400
TXN,2020-04-15,90.60347747802734,91.57680282677056,89.57980318939302,91.52646028852469,5381300
TXN,2020-04-16,93.46475982666016,93.90108332698074,90.46086348810226,91.8117775844468,5777700
TXN,2020-04-17,95.27716064453125,95.70508514695058,92.91096463642698,93.64934981852542,6100000
TXN,2020-04-20,93.58222198486328,96.59451062352669,93.3892379315529,93.5738294255224,7957200
TXN,2020-04-21,89.6469497680664,92.9277426724533,89.36166676854427,92.46624793599449,8799800
TXN,2020-04-22,93.9598159790039,94.36256922849724,91.13212506611576,92.029936920102,10961000
TXN,2020-04-23,92.68441772460938,95.57084381455664,92.4494772571295,93.75843494831601,5374000
TXN,2020-04-24,95.59598541259766,95.6547205112317,93.17105485212001,93.4311665172643,5570200
TXN,2020-04-27,97.1482925415039,97.53426702844754,94.83243921819536,95.6547371436991,4728000
TXN,2020-04-28,95.85611724853516,100.52977405705566,95.71347575064323,99.11173883402641,5762300
TXN,2020-04-29,100.18576049804688,100.42070095268582,97.22382073471795,97.27416328881279,4936900
TXN,2020-04-30,97.39163208007812,99.00265780383097,96.65324689043653,98.6250758503926,5781000
TXN,2020-05-01,92.77446746826172,95.76801137962696,92.55460091160612,95.03230777755212,5839800
TXN,2020-05-04,93.44252014160156,93.57782462503492,91.19313149206863,92.10641740022514,4987000
TXN,2020-05-05,94.32197570800781,95.71727248552882,93.69620862931372,94.28814958866319,5242400
TXN,2020-05-06,95.06611633300781,96.27537249367577,94.69404198088262,95.04920650177687,3701300
TXN,2020-05-07,96.10626220703125,97.1886722084053,95.23526061066535,96.30921246937076,3601300
TXN,2020-05-08,97.24787902832031,97.70452201708888,95.34520313428796,96.36841917421123,4331200
TXN,2020-05-11,97.14639282226562,97.89900626573252,95.90331675783588,95.90331675783588,2723600
TXN,2020-05-12,94.44882202148438,97.98357084629895,94.15284509020331,97.36625545882478,3547100
TXN,2020-05-13,92.2332534790039,95.4889414422472,90.80413067718405,95.4889414422472,4653000
TXN,2020-05-14,93.31568145751953,93.3917918486136,89.99234061767582,92.17407720449577,4396100
TXN,2020-05-15,91.5313720703125,91.6413085589906,89.17205373221482,90.09379764072139,7237700
TXN,2020-05-18,96.75739288330078,97.37470823676425,93.23956053780431,94.01754188467623,6527200
TXN,2020-05-19,95.2860107421875,97.53539315131943,95.15916438997299,96.41915686484396,4594800
TXN,2020-05-20,99.3450698852539,100.48667431940659,96.94346633960939,97.36628327460478,4961600
TXN,2020-05-21,95.94560241699219,99.21820728101815,95.87795017005986,98.46559377599777,4381700
TXN,2020-05-22,95.92022705078125,96.29230792858284,94.98157316481657,96.0047891270981,3061600
TXN,2020-05-26,97.86516571044922,99.45495433400511,97.67912531214206,97.9328114857388,4822000
TXN,2020-05-27,99.63255310058594,99.75939943423904,97.70450947441076,98.45712288196735,4079400
TXN,2020-05-28,97.98356628417969,100.36825274719374,97.67913767599302,99.58181325132357,3798200
TXN,2020-05-29,100.41053771972656,100.8502708303357,97.80599098293821,98.77846451837553,5953600
TXN,2020-06-01,99.6663818359375,100.12302477807216,98.79538021455336,99.5902714530787,2842500
TXN,2020-06-02,103.7338638305664,103.9537303553726,99.6494523222694,100.29213561311035,7277700
TXN,2020-06-03,107.57305908203125,108.63855931958884,106.24541446961405,107.116416123078,7650600
TXN,2020-06-04,108.73159790039062,109.08676255565845,106.79509568237225,106.8711996292122,5052500
TXN,2020-06-05,111.15007019042969,114.73554800086723,110.39745688556489,110.74416972013066,7788500
TXN,2020-06-08,112.35089111328125,112.71450740166206,109.61949794292151,110.49049960006421,5602500
TXN,2020-06-09,111.72512817382812,112.39318606969414,110.05922863537876,111.07399946943613,4450000
TXN,2020-06-10,111.11624145507812,112.29167155383645,110.76954151190301,112.00415924843513,4005700
TXN,2020-06-11,105.37440490722656,109.27277637467195,105.13762852813467,109.12902020903365,6013700
TXN,2020-06-12,104.83321380615234,108.02125010718817,103.50556911741764,107.62380122460402,5950800
TXN,2020-06-15,105.05307006835938,105.30675628967555,102.15254642143624,102.80368148632105,5152800
TXN,2020-06-16,106.64285278320312,109.19666984349945,105.26447235110432,108.4694244383824,3529000
TXN,2020-06-17,106.73587799072266,108.13117477290831,106.37225527114303,107.44620714431674,2934000
TXN,2020-06-18,106.5329360961914,107.08259283846735,105.78031616954931,106.32152767172431,3062500
TXN,2020-06-19,105.61117553710938,108.44405314442643,104.8331942048238,108.29183239281393,10377200
TXN,2020-06-22,105.89871215820312,106.09320429822851,104.10596637351286,105.50971497480599,3677600
TXN,2020-06-23,107.07415771484375,108.32569862008263,106.54986241843608,107.08260940792557,4679000
TXN,2020-06-24,104.85011291503906,107.22634782373011,104.12286747060058,105.94943922454077,4747100
TXN,2020-06-25,105.75495147705078,105.99172788754368,103.46328485881835,104.85858179399244,2617200
TXN,2020-06-26,104.32581329345703,105.61117344957991,103.50554771841794,105.391306920307,9870700
TXN,2020-06-29,105.50969696044922,105.66191126006336,103.52245937502757,104.73171562983111,3540100
TXN,2020-06-30,107.37010955810547,107.98741853258186,105.15454699026655,105.19683125500515,5572400
TXN,2020-07-01,105.53508758544922,107.27709093044786,105.42515107616514,107.05722436355278,4022000
TXN,2020-07-02,106.38916015625,107.53922235762556,105.7211088442986,106.87962918806329,4799000
TXN,2020-07-06,109.53492736816406,110.38056103141143,106.71896572114885,107.82675020714044,4957000
TXN,2020-07-07,108.74850463867188,109.48420186687365,108.452527666936,108.85842825111489,3778200
TXN,2020-07-08,109.30661010742188,109.7125235838229,107.97897187548158,109.65332302975946,3584300
TXN,2020-07-09,110.2959976196289,111.61519703429387,107.31091813384869,108.90915886371104,4977300
TXN,2020-07-10,110.38057708740234,110.98098275311526,109.05293875272507,110.11843267819937,2659200
TXN,2020-07-13,108.93453216552734,112.96819535521543,108.65547151472927,111.62364095865274,4861600
TXN,2020-07-14,111.53063201904297,111.81814439014452,107.15024904407395,108.06353501993776,4247500
TXN,2020-07-15,111.75051879882812,112.0042115587493,110.00851496583896,111.14166133635717,3625100
TXN,2020-07-16,111.77586364746094,112.20714512105887,110.36365682368388,110.6511821071982,3337600
TXN,2020-07-17,113.22186279296875,114.16051644431123,111.83502444266784,112.90051795094477,4666100
TXN,2020-07-20,115.49667358398438,115.85183825505058,112.62997532869772,113.48406087792726,4623100
TXN,2020-07-21,114.56645965576172,116.4014833900075,114.38041919391678,115.92793054289211,7715800
TXN,2020-07-22,112.07184600830078,114.31277040749521,110.34675874106118,113.82231416051312,10911900
TXN,2020-07-23,109.12055969238281,112.59611448370342,108.51171534007018,112.46927459850191,7793500
TXN,2020-07-24,109.61949157714844,111.59827117438634,108.33412484671523,109.7209634836698,5077100
TXN,2020-07-27,111.72512817382812,111.90271694079232,109.96620840570174,110.2283657099531,3874500
TXN,2020-07-28,110.04229736328125,111.46295552557778,109.69558451295511,110.69342590266189,3545300
TXN,2020-07-29,111.31922149658203,111.87734284413263,110.43130351699637,110.71881588269947,2818300
TXN,2020-07-30,109.74402618408203,110.57844838357482,108.76485170844056,109.36938393348531,4146900
TXN,2020-07-31,108.60308074951172,109.4971110395072,106.7979939289116,109.28424730342121,8044000
TXN,2020-08-03,110.11015319824219,110.2634088430176,108.71376119479699,109.11393953851943,4311800
TXN,2020-08-04,112.58788299560547,112.67303368641139,109.5907709633726,109.87173966025524,5361500
TXN,2020-08-05,112.98809814453125,113.06472599149495,111.09786663304433,111.11489937420565,4370200
TXN,2020-08-06,113.87358093261719,113.94169888243908,112.41758736353643,112.89440002011922,2961800
TXN,2020-08-07,113.7203140258789,114.1886168179155,112.79223130576953,113.87358266335028,2856700
TXN,2020-08-10,115.2955093383789,115.63608609622678,112.79222989246851,113.43082105756113,5526400
TXN,2020-08-11,115.83191680908203,118.20748321323711,115.49984992370418,116.48754070817131,5383800
TXN,2020-08-12,118.04572296142578,118.47145046965252,116.35132280150123,117.04952215123589,3073700
TXN,2020-08-13,116.77702331542969,118.01164319762924,116.60673494993753,117.59442565882937,2945100
TXN,2020-08-14,116.94735717773438,117.76474675615188,116.64934271116508,117.2709012644453,2062900
TXN,2020-08-17,117.7391586303711,118.55656088498517,117.18571825459344,117.38154920402995,2380400
TXN,2020-08-18,118.61616516113281,118.74389117541338,117.67104982100051,118.3181637788163,2760400
TXN,2020-08-19,117.90946960449219,119.95296913709608,117.52631750218225,118.92270300298483,3803200
TXN,2020-08-20,117.98611450195312,118.46292717841106,116.32576701419787,116.91327298775175,2761200
TXN,2020-08-21,119.48471069335938,119.62094664452849,116.81114186449871,117.60298897034029,4382500
TXN,2020-08-24,120.07215881347656,120.74480238488682,119.13555334222771,119.93592292817326,2841300
TXN,2020-08-25,120.61710357666016,121.09391623924267,120.03810749197379,120.54898562598113,2840700
TXN,2020-08-26,121.28974914550781,121.49410300077669,120.15731255787979,120.32761393335595,2974100
TXN,2020-08-27,120.47234344482422,121.95386647096045,119.64643125551349,121.8091207150833,2801000
TXN,2020-08-28,122.17528533935547,122.26042304594209,120.14030836386783,120.4893950475663,2884700
TXN,2020-08-31,121.03431701660156,121.98795540371641,120.7533483137263,121.46004449536859,4344600
TXN,2020-09-01,123.42691040039062,123.51204809672977,120.940650611342,121.75805304765773,3563400
TXN,2020-09-02,125.70879364013672,126.33035204335238,123.87817090796366,124.69556028903658,4579200
TXN,2020-09-03,120.6256332397461,125.53853242911173,119.68051763128474,125.16389013499403,5866400
TXN,2020-09-04,119.6038818359375,121.34936713981045,117.25387077311429,119.92743888517234,5251600
TXN,2020-09-08,115.83191680908203,118.10531278455791,115.5850006090505,115.96815270876795,5893700
TXN,2020-09-09,118.9311752319336,119.92738857166783,116.81106154050725,117.6795488917842,5418500
TXN,2020-09-10,116.81106567382812,120.26796947886325,115.9851536228123,118.70980590814786,3985800
TXN,2020-09-11,116.1128921508789,118.35222253328357,115.15926688940002,117.68808879872937,3524400
TXN,2020-09-14,117.9520492553711,118.44589466898263,117.1857450227638,117.77325099744255,3120400
TXN,2020-09-15,119.74862670898438,120.75335033159341,118.65876538450219,119.02488478611757,2718700
TXN,2020-09-16,118.9311752319336,121.01724944723767,118.8715801643867,120.98318398678249,3591700
TXN,2020-09-17,119.54428100585938,119.65497431724606,115.72976610956358,116.15549362453056,5646100
TXN,2020-09-18,118.06275177001953,120.73631991301085,116.64933337162886,120.17435650273427,7025900
TXN,2020-09-21,116.63230895996094,116.75151214711946,114.36744840394914,115.6871933359995,6036000
TXN,2020-09-22,118.0542221069336,118.19898087968838,115.48283754526749,117.31346046742655,3213200
TXN,2020-09-23,115.08264923095703,118.42886080489141,114.70800699025608,118.42886080489141,5766400
TXN,2020-09-24,116.3853988647461,117.77327482530829,114.19715303716455,114.19715303716455,2911000
TXN,2020-09-25,117.77326202392578,118.43739588561036,114.73356143283904,115.75530483603285,3036000
TXN,2020-09-28,120.85550689697266,120.90659211066654,118.96527603727735,119.39100347428673,3454100
TXN,2020-09-29,120.48088836669922,121.800646279398,120.22544925582642,121.15353213289717,2722900
TXN,2020-09-30,121.57928466796875,122.82241500082552,119.6379678133956,120.19142149951922,5599600
TXN,2020-10-01,123.38432312011719,125.35118170802252,122.60098623185276,123.83559314278942,4431200
TXN,2020-10-02,120.13178253173828,122.54991160757542,119.91891878227011,120.97472765681425,3928600
TXN,2020-10-05,122.6776351928711,122.80534824312247,120.54048786824245,121.153523501621,3052800
TXN,2020-10-06,122.48179626464844,125.2830772537796,121.73251177250198,122.48179626464844,3418700
TXN,2020-10-07,124.95099639892578,125.41077629092595,123.29917194870391,123.75044196957859,2845500
TXN,2020-10-08,126.0663833618164,126.27924704113656,124.78920128589553,125.01909769736831,2323700
TXN,2020-10-09,128.49307250976562,129.01246056062274,126.73907735210209,127.78636332632581,4209800
TXN,2020-10-12,131.89036560058594,132.62261737195655,129.2764056789929,129.9149968868566,5147800
TXN,2020-10-13,131.54122924804688,132.72475065310294,130.8515400907122,132.0691269562662,3524000
TXN,2020-10-14,130.07676696777344,131.74561127379525,129.57439870945544,131.54978028722718,3267400
TXN,2020-10-15,129.889404296875,130.3151316049656,128.45044391678215,129.2678460648693,2936000
TXN,2020-10-16,130.374755859375,131.90737711004476,130.04268900441065,131.0984976420208,4599700
TXN,2020-10-19,128.36537170410156,131.9074281901336,127.93964413584312,130.51104228593292,4225400
TXN,2020-10-20,128.4249267578125,129.62548112256994,127.45426882277157,129.24231607565278,3916100
TXN,2020-10-21,124.4231185913086,127.25846519289709,123.17147874937751,126.95194088482883,6700600
TXN,2020-10-22,126.20263671875,126.76460002812959,124.16766018221152,125.01060514628091,3167200
TXN,2020-10-23,127.68418884277344,127.71824132390442,126.28780325731894,126.37294095623206,3509100
TXN,2020-10-26,124.26984405517578,126.44105671847267,122.79683066858668,126.1856176418193,4290700
TXN,2020-10-27,125.26606750488281,126.29633387064713,124.7807448640787,125.70031791168878,4102400
TXN,2020-10-28,121.75801849365234,124.19317938321208,120.70221001974394,123.20548884234623,7413600
TXN,2020-10-29,125.36844635009766,126.32892275352182,121.20064612022551,121.50937254782751,5600400
TXN,2020-10-30,123.996337890625,125.16263638625901,122.22974158521852,124.34794556688846,5427000
TXN,2020-11-02,124.86251068115234,125.97734401137573,123.67905692293127,125.60002325597652,3756600
TXN,2020-11-03,126.32032012939453,127.42658191821343,125.7714747383011,125.94298646948536,3588600
TXN,2020-11-04,130.3766326904297,131.63726421542444,127.29795323464262,129.32182309714042,5015300
TXN,2020-11-05,133.40386962890625,134.03847748365084,132.19469022759216,132.78641687442703,4638100
TXN,2020-11-06,135.2733917236328,135.67645155008574,132.87218786628785,133.82409316709035,4217700
TXN,2020-11-09,133.96987915039062,141.18206174841393,133.83266451008262,138.92664353331898,5308600
TXN,2020-11-10,129.91355895996094,134.08135850411531,129.5104991600864,133.24951279675784,5697900
TXN,2020-11-11,133.52395629882812,133.7297782873242,131.75736009214484,132.87220629685578,3497200
TXN,2020-11-12,132.49485778808594,134.57875121205828,131.77450053675045,133.7983707325325,2607100
TXN,2020-11-13,134.33865356445312,135.47922593715435,133.06087961163453,134.3300825549179,2439800
TXN,2020-11-16,135.76222229003906,136.68840162755706,134.31292350500192,134.87035316067562,3456500
TXN,2020-11-17,133.3524627685547,135.76223829789296,133.07803341300132,134.97327352894493,3526700
TXN,2020-11-18,131.68014526367188,134.07276469643608,131.56008574169638,133.55822949604382,2998400
TXN,2020-11-19,134.87037658691406,135.00757818683243,130.95984965071915,131.31144428955622,2465300
TXN,2020-11-20,134.48443603515625,136.13954357521524,134.2528879506448,134.91322199917266,3013000
TXN,2020-11-23,134.99896240234375,136.10523744414442,133.04369958272818,134.55302136535002,2803000
TXN,2020-11-24,136.65406799316406,136.74840141211922,134.37292392425312,136.02803117395845,4962800
TXN,2020-11-25,135.1533203125,137.22864248899978,134.86173595681265,136.82558269795365,3543700
TXN,2020-11-27,136.34539794921875,137.46023125217798,136.16530204391066,136.67985055720897,3084400
TXN,2020-11-30,138.28347778320312,138.5064417807833,135.2562498280302,136.55117876966622,4845200
TXN,2020-12-01,140.2044677734375,140.92482519914273,138.6093831390834,139.4669552417359,4894400
TXN,2020-12-02,139.54409790039062,140.27303923541456,138.77228843960756,139.6041211277585,4212300
TXN,2020-12-03,138.90951538085938,141.12205281440993,138.5836469037936,139.92145719256584,4778600
TXN,2020-12-04,142.80287170410156,142.8714790240816,139.3725842181501,139.79278606045384,3741600
TXN,2020-12-07,142.60560607910156,142.7428207049433,141.70516617509412,142.67421339202244,4645300
TXN,2020-12-08,142.9400634765625,143.42031468355705,141.49934911210102,142.6141950858433,3259900
TXN,2020-12-09,139.5784149169922,142.76001281530884,138.89236778093854,141.32786913625586,5593900
TXN,2020-12-10,138.92662048339844,139.6727037023362,137.88038192427555,139.06383510094054,5597300
TXN,2020-12-11,137.73463439941406,138.8837776968086,136.89421753413401,137.73463439941406,4145800
TXN,2020-12-14,137.31439208984375,139.5698101056413,137.20291665426367,138.45496415129048,5994200
TXN,2020-12-15,139.25250244140625,139.55264469719032,138.24914508225925,138.94377609355286,5732100
TXN,2020-12-16,139.029541015625,140.0929347965515,138.00045743581325,139.73275619789277,3147900
TXN,2020-12-17,139.51840209960938,139.7928183574208,138.42071089734102,139.70706900176594,5253400
TXN,2020-12-18,140.70181274414062,141.16489576258905,139.01239523644614,140.10150201045673,7072600
TXN,2020-12-21,139.29537963867188,139.61269009927616,136.83415278749703,138.54072536123735,3077300
TXN,2020-12-22,139.37261962890625,140.1787394865991,138.97813071016938,139.08961926915165,2640900
TXN,2020-12-23,138.05189514160156,139.98143155800403,137.90610951595636,139.09813371200252,2012400
TXN,2020-12-24,138.61795043945312,138.7980463338154,137.6231636864772,137.82898569638957,1044400
TXN,2020-12-28,138.47215270996094,140.43598684401005,138.0690928207242,140.43598684401005,2139300
TXN,2020-12-29,138.22340393066406,139.5097615142201,137.70029774210371,138.89232191277873,2433700
TXN,2020-12-30,139.52691650390625,139.89567914870148,138.72079699182487,138.83228550300814,2213800
TXN,2020-12-31,140.75326538085938,140.97622934070554,138.83229981542837,139.67271652539497,2906200
TXN,2021-01-04,139.1153106689453,143.93486042114762,137.8632499732852,141.15633591968248,4659900
TXN,2021-01-05,140.13584899902344,140.23875345558034,138.30921638207425,138.6693950655341,4734100
TXN,2021-01-06,140.8304443359375,143.60039763109776,138.9866701701188,139.18390802338834,5254400
TXN,2021-01-07,144.02061462402344,144.6723645013261,141.34499471293006,141.7823516336257,5673600
TXN,2021-01-08,146.78201293945312,148.14554915146834,144.80959490673118,146.74770273477466,4556500
TXN,2021-01-11,146.91062927246094,147.53665304939952,145.04969995681603,145.9930342115244,4553100
TXN,2021-01-12,147.7595672607422,148.9258649862247,146.61899563258265,146.89341169919504,3406600
TXN,2021-01-13,146.99639892578125,148.2313045252719,146.53330278321806,147.75105328118568,2953900
TXN,2021-01-14,147.25369262695312,147.96546586565879,146.08739419343846,146.73057318797575,3416300
TXN,2021-01-15,145.0926055908203,146.72198712087288,143.70334316865953,146.62765367952184,3734600
TXN,2021-01-19,149.3804473876953,149.8178043342976,146.807731756017,146.807731756017,6277800
TXN,2021-01-20,148.64291381835938,150.22941371331396,148.1798177429192,149.93784245722586,4329500
TXN,2021-01-21,150.1608428955078,150.47814030685828,147.59669823836666,149.57768720692178,3583900
TXN,2021-01-22,148.197021484375,150.46101113655823,148.1455692558839,149.63774930967932,3736800
TXN,2021-01-25,148.2913360595703,149.70633759054977,146.37037023213873,148.6772408096523,5401900
TXN,2021-01-26,147.04786682128906,149.45764196459473,146.90208115657236,147.56241523776785,5341900
TXN,2021-01-27,139.7241668701172,143.7461806993838,138.96092849275473,142.74282326524488,10011200
TXN,2021-01-28,145.1268768310547,146.73054504803014,141.619411194028,143.96916271421978,6796600
TXN,2021-01-29,142.95269775390625,144.94569900890167,141.5118700637791,143.78095151878048,5969800
TXN,2021-02-01,148.79368591308594,149.2595770663046,144.10020346427692,144.39354282611302,5715600
TXN,2021-02-02,150.76942443847656,151.5890553003065,148.40542414570055,149.30271450180337,4861200
TXN,2021-02-03,145.4460906982422,151.2094007589394,145.3770673654078,150.79527392678773,5019200
TXN,2021-02-04,148.3968048095703,148.5003332513341,144.9974805465087,146.63675547529655,3519800
TXN,2021-02-05,146.61087036132812,149.41487994887297,144.99749059601865,149.08703547227935,4045000
TXN,2021-02-08,151.08863830566406,151.32159044705452,147.3959749574203,147.827360985625,4597600
TXN,2021-02-09,149.85487365722656,151.1749137893268,149.54427520468204,150.55371688423773,2777700
TXN,2021-02-10,150.4329071044922,151.96864001384492,148.9316792781663,151.15763233174428,3414600
TXN,2021-02-11,154.62600708007812,154.99699274058963,151.36472980059372,151.84788003979784,4776000
TXN,2021-02-12,154.98834228515625,155.212658237921,152.99534131930434,153.57339690765738,2532500
TXN,2021-02-16,155.9546661376953,156.85195641393236,154.2981454333227,155.29896413956544,3887600
TXN,2021-02-17,154.0307159423828,155.4801800476879,152.15850189521024,153.84954115725637,4315100
TXN,2021-02-18,152.28787231445312,153.159280410372,150.29487121424518,153.08162092950082,4195100
TXN,2021-02-19,153.87538146972656,154.92796429453603,152.40003565303292,153.4526184778424,4248500
TXN,2021-02-22,149.3372344970703,152.6416535488328,148.9834947412871,151.84790471759206,4386900
TXN,2021-02-23,149.13018798828125,150.5019926998663,145.3857464353168,150.26904050728365,6514400
TXN,2021-02-24,154.77268981933594,155.10054743713783,147.16304657948805,148.07758291876937,5100500
TXN,2021-02-25,147.12855529785156,154.00485139659128,146.7230512745989,154.00485139659128,6099600
TXN,2021-02-26,148.62974548339844,149.99292690900256,145.92064175943642,149.50114051891043,6060600
TXN,2021-03-01,153.28868103027344,153.4526097967273,149.337184170736,150.55369570245267,4771500
TXN,2021-03-02,150.89019775390625,153.2800799307572,150.25174172101595,153.2024336086757,5401500
TXN,2021-03-03,147.18026733398438,151.52000929376595,146.98183346686696,150.19996923167724,4715900
TXN,2021-03-04,140.84754943847656,147.40462285592,139.48436790088172,147.10264734615777,8318900
TXN,2021-03-05,144.89395141601562,145.6618180734488,139.79496504566043,144.54883467034705,5681200
TXN,2021-03-08,139.86398315429688,145.17866235474008,139.5706438051129,143.55664662301666,6065400
TXN,2021-03-09,146.98184204101562,148.26737709180136,143.4703535960118,144.2295971873329,7610300
TXN,2021-03-10,146.17086791992188,149.25959404703673,146.07596244913574,148.09484628419418,4270500
TXN,2021-03-11,150.9419708251953,151.5027805689098,148.802299780425,148.83680487064484,5002700
TXN,2021-03-12,149.75135803222656,150.20862618689614,147.31833441845353,149.27683074959097,3514600
TXN,2021-03-15,150.90744018554688,151.06273281252987,148.18970072965132,149.66504651026372,3876500
TXN,2021-03-16,152.83145141601562,154.27227926348888,151.70122205550328,152.06358476281474,4132600
TXN,2021-03-17,154.73817443847656,155.45426366418144,150.4847013311363,151.36473251969926,4004800
TXN,2021-03-18,150.4329071044922,155.10050618391514,150.3293786905574,151.98589913778545,4214400
TXN,2021-03-19,151.8306427001953,153.6165874101659,148.7850579950942,151.58044456358178,8447300
TXN,2021-03-22,155.38526916503906,156.75707372118416,153.3577493507178,153.823640518233,4476100
TXN,2021-03-23,154.2464141845703,157.5163282229117,153.3232547683863,156.94689540646598,4688500
TXN,2021-03-24,154.34991455078125,157.6198279941205,154.2463861174873,155.29034609100938,5056100
TXN,2021-03-25,153.9962158203125,154.82446976592362,149.9066708236728,153.16794870984225,4878500
TXN,2021-03-26,162.37368774414062,162.9517434042764,152.71926695912455,153.36634595903334,6363500
TXN,2021-03-29,160.63087463378906,161.94229167824926,158.52572214341612,159.4833995303484,4983600
TXN,2021-03-30,160.42381286621094,162.64112985426496,159.28494761299987,162.64112985426496,4458700
TXN,2021-03-31,163.05528259277344,164.31492232170825,160.93285771182258,161.85603005721487,5427500
TXN,2021-04-01,165.70401000976562,166.1181369380788,163.94396069079133,164.88437913492535,4581300
TXN,2021-04-05,169.90567016601562,170.4664798204526,167.05853332370071,167.37775472563004,4323900
TXN,2021-04-06,167.8867950439453,169.82803198293448,166.54949585300392,167.56757362673198,3506900
TXN,2021-04-07,166.59263610839844,167.80052476227132,165.22945481944708,167.7746426564249,3678900
TXN,2021-04-08,168.41311645507812,169.18098312104715,166.8169959200129,169.18098312104715,3157200
TXN,2021-04-09,168.61154174804688,168.72370633151567,166.29069590481936,166.78246914607254,3127300
TXN,2021-04-12,166.02320861816406,167.99896385831272,165.08279030352247,166.20439652958456,4504800
TXN,2021-04-13,164.99652099609375,166.51499496732853,163.71960896531644,165.77301052533582,4009300
TXN,2021-04-14,164.2113800048828,165.22082156468608,163.0725147590404,164.32354456647917,3555000
TXN,2021-04-15,166.6616973876953,166.97229589341836,164.63419070063134,165.59185516468074,4471900
TXN,2021-04-16,165.59185791015625,168.05076388497,165.34165977091428,167.08446325774767,5792900
TXN,2021-04-19,161.39013671875,164.8757431547579,161.0967973828567,164.22866412065738,5334900
TXN,2021-04-20,159.8457794189453,161.3211122339364,158.99163036062757,161.3211122339364,4258900
TXN,2021-04-21,162.9776153564453,163.18468536286235,159.57830494720415,162.1148434103236,4796500
TXN,2021-04-22,160.30308532714844,162.88276590731957,159.41443097035335,161.0450699824672,3853100
TXN,2021-04-23,162.9086151123047,163.93530273227012,160.91560073684533,161.35562288168646,3512400
TXN,2021-04-26,165.1000518798828,165.80751808029947,162.106231960704,162.94312186115778,3842300
TXN,2021-04-27,164.10789489746094,166.0922602918734,163.736896030731,164.8412433191348,3864100
TXN,2021-04-28,156.8692169189453,158.75005362647573,155.29896550416103,156.7139111077158,9434200
TXN,2021-04-29,160.3203125,160.51874639010524,157.58531345074888,158.43083955874985,4547300
TXN,2021-04-30,156.59857177734375,158.67197769589245,155.40138375027615,158.04735210024,6193600
TXN,2021-05-03,155.1151123046875,157.71771481571406,154.03936516795565,157.44878134091132,5136100
TXN,2021-05-04,155.31463623046875,155.50549480052263,152.27826673645575,154.64663123528015,5222300
TXN,2021-05-05,157.58755493164062,158.91488096951096,155.7050076311155,157.03233366898584,5257100
TXN,2021-05-06,159.86050415039062,160.3549916786298,156.11275067575633,157.83046439953748,4525800
TXN,2021-05-07,162.88816833496094,163.1831399360268,160.85814208580888,161.9685844735938,4591400
TXN,2021-05-10,157.9345703125,162.4804400858305,157.73504119525924,162.4804400858305,4580400
TXN,2021-05-11,158.9322509765625,159.21853882978078,153.9092341565117,154.77676829201425,4641300
TXN,2021-05-12,153.20652770996094,156.24289706699568,152.92023986779526,155.88720490816684,5297900
TXN,2021-05-13,155.27996826171875,156.70272397633084,153.77045382257845,156.14750255690961,4361000
TXN,2021-05-14,158.99295043945312,160.42437615939326,155.7223437472811,156.76338183792095,4433500
TXN,2021-05-17,156.87620544433594,158.2208860544378,155.1584914953944,158.1081023764068,4162300
TXN,2021-05-18,155.17584228515625,157.76977437832258,154.93293376163479,157.1191237108497,3454100
TXN,2021-05-19,157.64828491210938,157.83045964530817,151.8184551744105,152.0266681070136,4780000
TXN,2021-05-20,160.7540740966797,161.82980792686317,158.13411736385723,158.13411736385723,5387000
TXN,2021-05-21,160.50250244140625,161.95996682509386,159.7477519005362,161.95996682509386,3682300
TXN,2021-05-24,163.69503784179688,164.26761361712587,161.75175637894782,161.75175637894782,4175900
TXN,2021-05-25,163.70367431640625,164.55385398787982,162.99230327140322,164.37167924846653,4270100
TXN,2021-05-26,163.4087371826172,164.64063411846925,162.16815643303093,163.1484742834888,4221600
TXN,2021-05-27,164.0767364501953,164.87486627202995,162.9923187731069,163.73839866444453,10107700
TXN,2021-05-28,164.6753387451172,165.72504765384858,164.19819231500267,164.8748678931576,3306500
TXN,2021-06-01,163.9639434814453,166.59257072270182,163.13110492814198,166.02867885758835,4817300
TXN,2021-06-02,165.48211669921875,165.57754597229442,163.3913565038912,164.39769915859478,3137900
TXN,2021-06-03,161.36134338378906,162.97495734712777,160.4070505741458,162.82747813791377,4205300
TXN,2021-06-04,164.89222717285156,165.1611606493862,162.64530359667927,162.9055664969622,3462900
TXN,2021-06-07,163.5735626220703,164.65798028299955,162.8014577769895,164.1374545107454,2726100
TXN,2021-06-08,162.1681365966797,164.8054475702217,161.4567655460991,164.8054475702217,3063600
TXN,2021-06-09,161.75173950195312,163.2092037564002,161.50883099913204,163.174494977414,2866900
TXN,2021-06-10,163.09642028808594,163.87719572849937,161.27459327709374,161.6563104213032,3188700
TXN,2021-06-11,163.67767333984375,163.7384070868946,162.1768429040587,163.16583134693457,2309400
TXN,2021-06-14,165.0570526123047,165.13514075105076,162.28962962567726,163.32198420719786,3360300
TXN,2021-06-15,163.6256103515625,165.46477844376122,163.2005138686871,165.23055376316466,2600100
TXN,2021-06-16,162.86215209960938,165.2565543820129,161.6215848489585,164.7533830797327,3357900
TXN,2021-06-17,162.79278564453125,164.4237541596019,161.53486371509794,162.4371066867409,3222300
TXN,2021-06-18,158.81947326660156,161.63027526488332,158.32497247800322,161.3700123886484,7535200
TXN,2021-06-21,161.4567413330078,161.91653326001395,159.0710230093839,159.8431276828015,3771200
TXN,2021-06-22,162.26361083984375,162.471823838882,159.92127086013622,160.91894325498112,3299700
TXN,2021-06-23,161.44805908203125,162.6452468254212,161.35262982648774,161.77771295230448,2473300
TXN,2021-06-24,163.6256103515625,163.7036852450947,162.61926759874734,163.13979336400212,2876700
TXN,2021-06-25,163.24388122558594,165.04835364500337,162.53251018536972,163.1397813751931,4639100
TXN,2021-06-28,166.1588134765625,166.89622279368334,163.9379281867913,163.9379281867913,3228700
TXN,2021-06-29,167.32998657226562,167.4427570072083,165.6382844354032,166.1501396306054,2108700
TXN,2021-06-30,166.82681274414062,167.43408397634357,166.12411222991153,167.29527534112003,2687600
TXN,2021-07-01,165.5601806640625,166.9829358540092,164.88350522235112,166.58387763839377,3455900
TXN,2021-07-02,166.7487335205078,167.26057545739226,165.620936554265,167.11309625036725,2389900
TXN,2021-07-06,165.8725128173828,167.2345476718099,164.4410868858369,167.06971407923393,2619600
TXN,2021-07-07,164.640625,167.42541536265514,163.94659505326948,167.23455679636623,2749500
TXN,2021-07-08,163.3046112060547,164.22419516341813,160.81477952878555,162.714681179857,3146900
TXN,2021-07-09,165.0657196044922,165.58623213046596,162.228879344739,163.2438926697839,3109200
TXN,2021-07-12,166.4971923828125,166.58395111361367,164.90960291932265,165.30867454847464,4069500
TXN,2021-07-13,165.8725128173828,166.96561422603625,165.45610016707263,165.89853778068223,2695100
TXN,2021-07-14,165.94192504882812,168.37969380265156,165.46477863637583,167.43408479094072,3590200
TXN,2021-07-15,163.32199096679688,165.94194807344942,162.5759109922212,165.2392474583011,4259900
TXN,2021-07-16,161.46542358398438,165.03967265974117,161.12708585402993,164.1981636220948,4337500
TXN,2021-07-19,161.56954956054688,161.64762444964808,159.0797177843249,159.8691769630665,4181300
TXN,2021-07-20,162.89691162109375,164.12012486653393,161.15315928739594,162.28095647230768,4287300
TXN,2021-07-21,168.50982666015625,168.51849723556217,163.4867968585022,163.4867968585022,6352800
TXN,2021-07-22,159.54820251464844,162.80145545095513,159.2185353144296,161.13579153606852,12673900
TXN,2021-07-23,163.0027618408203,163.072539907524,158.91133381824972,160.6822484382662,5983000
TXN,2021-07-26,164.2328643798828,164.86970597561066,161.65936781737156,161.70298911057003,4516600
TXN,2021-07-27,161.5023193359375,163.8664412709676,158.97243119074685,163.58728900297785,4649900
TXN,2021-07-28,163.0027618408203,163.5697984843617,161.40631901025162,162.54040560867873,2956700
TXN,2021-07-29,165.60243225097656,166.15203104946679,163.5349141977529,163.8664066139223,3081800
TXN,2021-07-30,166.29165649414062,166.57954104213073,164.328818194403,164.44223088913068,2521600
TXN,2021-08-02,166.37887573242188,168.89131266320675,166.10844240110632,167.84445506781486,2922600
TXN,2021-08-03,165.1749725341797,167.01567866918967,163.51747044409376,166.5620413338001,3703400
TXN,2021-08-04,167.8270263671875,168.690666625794,165.09649617348478,165.6548140428857,3793600
TXN,2021-08-05,168.50747680664062,169.15302394317004,167.13784557990473,169.06579467919616,2769500
TXN,2021-08-06,168.33299255371094,168.91748049349067,167.66126204504292,167.81828269542532,2414300
TXN,2021-08-09,166.14337158203125,168.83028099074772,166.0386911217405,168.6121878242417,2395900
TXN,2021-08-10,165.4454345703125,166.2218455406607,162.97663217988273,166.2218455406607,3497100
TXN,2021-08-11,165.3145751953125,166.77143555349795,164.00601655260553,166.77143555349795,2339300
TXN,2021-08-12,163.8926239013672,164.93074934789976,162.40087432077632,164.74755856989313,3949600
TXN,2021-08-13,164.61668395996094,164.68647535557267,163.13365340941758,163.60472869061223,1923700
TXN,2021-08-16,165.61993408203125,165.7158955950663,164.09328211824084,164.43350688057447,2506100
TXN,2021-08-17,162.5404510498047,164.65159090842224,161.47615553188248,164.48583800313713,3411800
TXN,2021-08-18,160.34205627441406,162.7497994038173,160.13268209785193,162.00829082060196,2862500
TXN,2021-08-19,161.4237823486328,162.23509559906316,158.73688708210895,159.4260554181691,3871700
TXN,2021-08-20,161.36276245117188,162.40088798505147,159.9233529717579,161.61574465063052,3855300
TXN,2021-08-23,163.87518310546875,164.56435153885047,161.88617482600333,162.08681677830208,3529000
TXN,2021-08-24,163.84902954101562,165.34077924558426,163.596034030468,163.9362588149617,3268200
TXN,2021-08-25,164.0845184326172,164.9830609227957,163.4215202131819,164.32878163511157,3163600
TXN,2021-08-26,163.97984313964844,164.5207097747685,162.75852708894297,163.70940982208842,3643700
TXN,2021-08-27,166.20440673828125,166.4486699650127,164.05836460474356,164.3549680498678,2859800
TXN,2021-08-30,166.99822998046875,167.74847072228434,166.3701341446502,166.96334094400206,2356500
TXN,2021-08-31,166.5446319580078,168.1061728271491,164.9743588448771,167.58275733033722,4227500
TXN,2021-09-01,164.3113555908203,167.30358669228605,164.15432162858036,167.30358669228605,4536600
TXN,2021-09-02,165.23609924316406,165.2448181771776,164.04093971583066,165.0616273834463,2061400
TXN,2021-09-03,165.64610290527344,166.4748541597583,164.18051010953246,164.59052627009788,2103400
TXN,2021-09-07,165.27967834472656,165.8379961401105,164.42474382105564,165.1662656747537,2295900
TXN,2021-09-08,164.7039337158203,164.9132946004391,163.2383409667478,164.44221929869863,2021600
TXN,2021-09-09,164.4160614013672,166.30038937099815,164.23285730236867,165.45418690254397,1827900
TXN,2021-09-10,166.31776428222656,168.76040924661413,165.17495876355034,165.17495876355034,3331700
TXN,2021-09-13,169.22276306152344,169.35362688407736,166.83247164779544,168.33295296260792,3687200
TXN,2021-09-14,170.2086181640625,171.28163273265054,169.06581219025787,170.11265664580833,3239600
TXN,2021-09-15,172.29356384277344,172.37207417081382,169.96433093147587,171.09841781144465,3995900
TXN,2021-09-16,171.7003936767578,172.15401787669992,169.98181846818554,171.49973838038105,2661500
TXN,2021-09-17,171.203125,172.12783783833692,169.77243444965143,172.12783783833692,5819300
TXN,2021-09-20,168.01022338867188,169.0134597911355,165.54140751626457,168.26321887827905,4614300
TXN,2021-09-21,168.33299255371094,169.6677213273499,166.48355392178635,169.20536499720555,3093400
TXN,2021-09-22,170.9152069091797,171.59565634771772,169.01344137873926,169.89453275137262,3526100
TXN,2021-09-23,173.3142547607422,173.68938188314686,170.80181753029794,171.24673605480928,2756900
TXN,2021-09-24,175.04153442382812,175.27707872280743,171.9620606055476,172.18015372758646,3191500
TXN,2021-09-27,174.7623748779297,174.86705531252144,172.441860961266,172.93038740449052,3022300
TXN,2021-09-28,170.0166473388672,173.69805973332984,169.7200439335786,172.28482078114078,4274600
TXN,2021-09-29,168.428955078125,170.8279793123088,167.5914716702899,169.70261139900998,3436800
TXN,2021-09-30,167.67874145507812,170.10393619144313,167.5827799376817,169.65901765108273,3270800
TXN,2021-10-01,169.05703735351562,169.52812589220648,165.90777253503086,168.74298276483708,2986100
TXN,2021-10-04,166.09970092773438,169.57175269091675,164.90455499006688,168.4027635491986,3934100
TXN,2021-10-05,169.13560485839844,170.3045809539693,166.34400187428653,167.6961820738377,3860200
TXN,2021-10-06,169.5804901123047,169.8160344149957,167.14657668899082,167.53914165257717,3103400
TXN,2021-10-07,170.383056640625,172.51164749298349,170.13879342589667,170.81924285426086,2873200
TXN,2021-10-08,170.32199096679688,171.3077627201286,169.23152547448797,171.14200983548224,2574100
TXN,2021-10-11,168.69064331054688,171.1856288564501,168.63830309742278,170.01665305885774,2280200
TXN,2021-10-12,164.42474365234375,169.44088487386455,163.43023966435695,169.170451563911,6225100
TXN,2021-10-13,163.22088623046875,165.20989429685721,162.714908626023,165.0179712982279,3796500
TXN,2021-10-14,167.92298889160156,168.0014992226142,164.81733158094931,165.2011776143641,3412800
TXN,2021-10-15,169.6328125,169.9381481681066,168.05382056736389,168.24574356251435,2648900
TXN,2021-10-18,170.0341033935547,171.03732630373307,167.1639908155327,168.51617066372464,2804600
TXN,2021-10-19,172.93038940429688,173.20082273768443,169.10067482880962,169.772405351685,2666100
TXN,2021-10-20,173.93365478515625,174.49197272163764,171.90102501182642,172.81701891219345,3043300
TXN,2021-10-21,175.59983825683594,175.8528337125464,173.60211127553217,174.169148022999,3276300
TXN,2021-10-22,173.6632080078125,176.4111761855479,172.85189462333486,175.82668818083857,3649200
TXN,2021-10-25,174.64895629882812,176.44604135912184,173.65445226976527,174.47448447662086,4254900
TXN,2021-10-26,171.8399658203125,174.82347877190168,171.41251172876224,174.54432643776178,5837500
TXN,2021-10-27,163.22088623046875,164.45965347803724,160.12396145587417,161.94721663150577,10365500
TXN,2021-10-28,163.8926239013672,165.40183797118524,162.46193347632905,163.80539463467068,5123000
TXN,2021-10-29,164.5597381591797,165.33215855812657,163.46255618037318,163.60299868806075,4552200
TXN,2021-11-01,164.55093383789062,165.51645915064603,163.3308682481354,163.9013974099159,4203900
TXN,2021-11-02,166.1923065185547,166.21863780840638,163.35719270009432,163.39229662211935,4009600
TXN,2021-11-03,166.06065368652344,166.86817784400517,163.84873153748018,165.61299496263064,3666900
TXN,2021-11-04,167.7459259033203,167.84247843418956,165.38478860660763,166.3327552569606,4828000
TXN,2021-11-05,169.7559814453125,171.53780381339786,168.36915528342067,169.97541782949378,4510500
TXN,2021-11-08,168.8430938720703,171.49388854482586,168.28133739108875,170.31769961214775,5213900
TXN,2021-11-09,167.46505737304688,170.23873635620268,167.11396453180356,169.08011926543298,4314700
TXN,2021-11-10,164.1559600830078,167.62305197986714,163.68197003317584,166.45564890799645,4304600
TXN,2021-11-11,165.54278564453125,165.73589070148657,164.3490513803219,165.5778895670087,2554800
TXN,2021-11-12,166.84181213378906,168.38663889114048,164.41045413724143,165.814851839073,3121700
TXN,2021-11-15,166.0957794189453,168.4481443546944,165.45502894557595,167.84249780872418,2985200
TXN,2021-11-16,165.4725341796875,166.99102967442656,165.1565453617846,165.9816280192716,3312000
TXN,2021-11-17,166.3942108154297,166.98229865771566,164.3578349496042,165.37602288251696,4167800
TXN,2021-11-18,169.8173828125,170.4230292072616,166.89448938125713,167.27192682156624,4677300
TXN,2021-11-19,171.30079650878906,171.37979038086456,169.07131567911267,170.18605609395087,5129100
TXN,2021-11-22,168.9659881591797,172.83684855686235,168.7202205205965,171.77477073822436,4712300
TXN,2021-11-23,169.0888671875,169.97538518774695,167.18416134578254,169.9402812660862,4881400
TXN,2021-11-24,169.93148803710938,169.99292324090217,166.8593796208944,169.28195172179662,6494000
TXN,2021-11-26,165.24435424804688,168.9835584515481,164.4631613301948,166.64875233092673,3324900
TXN,2021-11-29,170.6161651611328,170.92336803318105,166.60486201867963,167.71082985938483,4576200
TXN,2021-11-30,168.85186767578125,170.89701593615268,167.64936083939602,169.67695044274058,8775600
TXN,2021-12-01,168.31643676757812,175.4612830952987,168.20233898410325,171.8010867392794,7279100
TXN,2021-12-02,169.91397094726562,171.08137403820507,166.77164053421052,167.17540934646516,4236700
TXN,2021-12-03,169.7384033203125,172.06442318503645,168.24622548206398,170.8355850288297,4901000
TXN,2021-12-06,170.8180389404297,171.3797954807922,166.56096824080817,171.30957423908035,4084600
TXN,2021-12-07,174.69766235351562,175.42619262796526,171.97664631127395,172.38918771238798,5815600
TXN,2021-12-08,172.3804168701172,174.23246018158417,170.16849473379995,174.23246018158417,4255900
TXN,2021-12-09,169.7559814453125,172.82809082385054,169.62432497213732,171.66070104614002,3626700
TXN,2021-12-10,172.03810119628906,172.35409008115838,169.23809118184488,172.0556598547074,3264200
TXN,2021-12-13,169.6155242919922,172.68763316254888,169.32586670556844,172.12587664766605,6178300
TXN,2021-12-14,167.00860595703125,168.2462166805634,165.15656279420728,167.62302500299236,6130400
TXN,2021-12-15,169.7910614013672,170.02805639426134,164.90201340893367,168.52710596370642,6342000
TXN,2021-12-16,165.22679138183594,170.48447751630778,164.7703600445202,170.28259983364808,5452300
TXN,2021-12-17,163.5239715576172,166.22742901101762,162.93588374372794,164.47193820179646,8427700
TXN,2021-12-20,161.7158203125,162.43556458929675,160.42553347913795,161.19794033797686,4474300
TXN,2021-12-21,163.5853729248047,164.5684566820295,161.71578470727673,164.51578071825293,6089400
TXN,2021-12-22,164.0769500732422,164.1471713162425,161.64560482685386,163.25188060298726,3375500
TXN,2021-12-23,164.489501953125,165.84123752840833,164.1384091091554,164.34907285153724,3266500
TXN,2021-12-27,168.3866729736328,168.48322550259317,165.0775824853217,165.08635511765198,3405600
TXN,2021-12-28,167.73712158203125,169.2819483907595,167.10514393452206,169.229285819022,2806900
TXN,2021-12-29,167.4825897216797,169.65062182876065,167.438699775086,167.9916836368375,2754900
TXN,2021-12-30,166.2537841796875,168.41303068488276,165.90267793141686,167.53528515420706,2109200
TXN,2021-12-31,165.4286651611328,166.77161445872875,165.25311877194773,166.25374792296685,2813900
TXN,2022-01-03,167.2982635498047,167.31580881302762,164.54214377743529,165.73587794979895,3781500
TXN,2022-01-04,167.4738311767578,168.6149029175182,165.19168769523702,167.64937758456733,4137500
TXN,2022-01-05,163.9803924560547,168.18478678282924,163.83116396065967,167.13149504316388,5047400
TXN,2022-01-06,163.9276885986328,165.4725287211215,163.0762746838509,163.84869474509523,4502600
TXN,2022-01-07,157.50265502929688,161.55783496286284,157.02866495792762,159.72335007799572,7414200
TXN,2022-01-10,160.59231567382812,160.82929730544703,155.2556216558989,156.15091238423605,7195800
TXN,2022-01-11,162.06690979003906,163.33086530639673,159.05624950297292,160.18853517359972,5239300
TXN,2022-01-12,163.28697204589844,164.4368163513003,161.85624278996673,163.26064075595272,4240100
TXN,2022-01-13,161.6367950439453,166.4468490325086,161.16281846502227,165.86753390790102,5361100
TXN,2022-01-14,164.1471710205078,164.31394479816646,160.6274166039553,160.85562559829563,4731400
TXN,2022-01-18,159.9954376220703,161.82114974321885,159.10013352375086,161.16284066367007,7382800
TXN,2022-01-19,156.5020294189453,161.13652470860407,156.40547687568852,161.01364087112577,5207300
TXN,2022-01-20,152.24493408203125,158.4857042941471,152.1834988697217,156.92331858305934,6057800
TXN,2022-01-21,154.1671905517578,157.5991780359824,152.1396009649475,152.7803513112272,11527900
TXN,2022-01-24,156.537109375,156.78287701232023,150.19978659838898,154.29008332331122,11717600
TXN,2022-01-25,152.69259643554688,156.24745460853964,151.88505887740345,153.52645189102256,8157600
TXN,2022-01-26,156.5283660888672,160.8468726028458,154.64120511373366,159.98668571095598,12852700
TXN,2022-01-27,153.43865966796875,158.88946408426358,151.93772264734486,158.78412553673616,6752900
TXN,2022-01-28,156.64598083496094,156.80502827439162,149.66587852028735,153.57120298688446,7322100
TXN,2022-01-31,158.58982849121094,158.72235679691144,155.3648337382401,156.99057720428306,6980800
TXN,2022-02-01,160.18023681640625,160.51599319775391,156.0628664504234,158.67819079157786,6233700
TXN,2022-02-02,165.96751403808594,166.3297760156916,160.35692941707632,160.40994073437983,8993800
TXN,2022-02-03,155.14395141601562,164.8277533671436,154.51663276398682,163.67029450374415,11691400
TXN,2022-02-04,151.45945739746094,152.6522656701586,148.0047435985405,152.39602639047314,11408600
TXN,2022-02-07,150.16067504882812,152.41375057989237,149.24178068756777,152.3960756454379,6418900
TXN,2022-02-08,152.5286102294922,153.02340051465842,148.8795116533551,150.2313542117643,4622000
TXN,2022-02-09,156.13352966308594,156.56646442561635,152.90853508969883,153.97764613024123,7140600
TXN,2022-02-10,150.78799438476562,156.23954500757569,149.97512273495843,152.11333123419502,7583400
TXN,2022-02-11,145.25689697265625,151.40646519467077,144.59422862244884,150.1429705296238,7564200
TXN,2022-02-14,143.55165100097656,146.3613586106866,142.28815621172492,144.8504821736232,7468000
TXN,2022-02-15,146.82081604003906,147.35095617795736,144.97418324692913,145.61917674517818,6969700
TXN,2022-02-16,148.6497802734375,149.28594301570794,145.1067046012323,145.6014948492153,4594300
TXN,2022-02-17,145.47779846191406,147.89875188854865,145.08020011529032,146.73246250631743,6807700
TXN,2022-02-18,147.324462890625,148.53493301269,144.9388455516876,146.00795664285786,6359100
TXN,2022-02-22,147.2802734375,151.2121035276911,145.7958891051663,146.72362762762185,7293800
TXN,2022-02-23,146.35255432128906,150.16953155454064,146.11398987370438,148.4554267867578,5893900
TXN,2022-02-24,149.8426055908203,150.1430120903839,142.42072340687108,144.7091355073524,7754800
TXN,2022-02-25,150.9293670654297,151.06189535772216,147.67786698027714,149.96627870735117,4830100
TXN,2022-02-28,150.19602966308594,150.6819757787262,147.545355656211,148.9943902406883,5656600
TXN,2022-03-01,147.8103790283203,150.21365733261175,145.23039185971788,149.6393501530955,6049600
TXN,2022-03-02,150.293212890625,151.53901935546764,148.29636329243473,148.8706840499244,5304100
TXN,2022-03-03,151.08839416503906,152.63462042111402,149.5951792234773,151.72455690324318,5154200
TXN,2022-03-04,150.1871795654297,151.75991166927685,148.56143614064771,149.74540058160687,6804700
TXN,2022-03-07,145.68988037109375,151.06191471338994,145.5750135150399,150.964722792581,7064800
TXN,2022-03-08,147.85458374023438,152.59045487943726,143.48097459529345,145.63685814491913,7486500
TXN,2022-03-09,152.37840270996094,153.73024523032134,149.71005405346136,152.50210027777092,6047300
TXN,2022-03-10,152.63465881347656,153.2266411111473,148.95905395310677,149.7454201075681,6079100
TXN,2022-03-11,150.52291870117188,155.00255007441743,150.15182601502315,153.65070761701017,4869700
TXN,2022-03-14,147.3067626953125,151.66269633173067,146.75011694741272,150.16949492191088,4863200
TXN,2022-03-15,152.25469970703125,152.53743121677962,148.34053130458497,148.95018839632223,5138600
TXN,2022-03-16,155.79779052734375,155.92148811343748,151.468348050012,153.5270398973063,5660400
TXN,2022-03-17,157.68861389160156,157.6974446189995,154.83472502698746,155.36485179342134,4930700
TXN,2022-03-18,159.1287841796875,159.34967365607127,155.27647117227335,157.45001606995652,9031500
TXN,2022-03-21,159.44688415527344,160.10955266168696,157.03476108486996,158.4131094210861,5030600
TXN,2022-03-22,161.1167755126953,161.46136252672812,159.0404092217139,159.81794442548951,3802900
TXN,2022-03-23,158.22756958007812,161.69111535117835,158.1833889833039,160.80755734379488,4821100
TXN,2022-03-24,162.7602081298828,162.8662307645725,158.7135112942674,159.34082985887963,4169400
TXN,2022-03-25,163.36988830566406,164.51851653915983,161.86784222279732,163.1666737163771,3738800
TXN,2022-03-28,164.05902099609375,164.1562129023578,160.81636518822782,161.832464841356,3117000
TXN,2022-03-29,168.76840209960938,169.0599778460034,165.48156539010833,166.08239181716934,5835700
TXN,2022-03-30,165.6229248046875,168.6711968475667,164.96910059055358,167.876000134476,3865700
TXN,2022-03-31,162.11520385742188,166.65669104012957,161.85013378424733,166.22375628656764,7170700
TXN,2022-04-01,160.87818908691406,163.35215336566333,158.81949800947723,162.9545416114556,4631700
TXN,2022-04-04,161.43487548828125,162.00035202478136,159.5440620554192,160.40994505274224,4644800
TXN,2022-04-05,156.54879760742188,160.67502526936863,155.8331177953404,160.48064143373847,6956500
TXN,2022-04-06,156.6106414794922,158.6958387120967,154.46360220307713,154.6226361574676,6932900
TXN,2022-04-07,156.91989135742188,158.09501152214253,154.88770545314205,155.72708277738133,4178500
TXN,2022-04-08,153.83627319335938,156.6548251739656,153.58887804917052,156.5576332614611,4504500
TXN,2022-04-11,151.91896057128906,154.1278555115904,151.77758805942383,152.6523153093121,4347800
TXN,2022-04-12,152.85549926757812,155.83308473675152,152.31652847076418,154.9937075238831,4550800
TXN,2022-04-13,154.7198028564453,155.0555591259234,152.3341995551548,153.12939616157774,5229100
TXN,2022-04-14,153.4386749267578,155.6033891809641,153.3238080804368,154.543122350539,4578500
TXN,2022-04-18,156.0009765625,156.90220937175525,152.85551267838076,152.85551267838076,3564000
TXN,2022-04-19,158.2098846435547,158.4572797914207,154.82585607135792,154.9849035132857,4671900
TXN,2022-04-20,158.5279998779297,162.27429124546063,158.22759334598408,160.4541636339901,4553700
TXN,2022-04-21,156.59298706054688,161.903179489311,156.18655791362218,160.2420860661604,4735000
TXN,2022-04-22,153.12942504882812,156.94640183656765,152.79366871601096,156.6636568232428,6355900
TXN,2022-04-25,153.6595916748047,154.77287002197252,151.6804166867019,152.9085619005712,8737600
TXN,2022-04-26,148.8264923095703,152.40490444029825,148.76463678624782,151.46832175727943,9591700
TXN,2022-04-27,149.66586303710938,151.90126330956159,141.8110343232224,141.8552149119395,12570400
TXN,2022-04-28,155.3736572265625,156.28372075640988,150.19600755594354,150.25784959634842,8233600
TXN,2022-04-29,150.42578125,155.5327464893526,150.14303615894963,153.7744608447065,6698600
TXN,2022-05-02,153.73907470703125,153.8450973408575,148.50841355323254,150.69080264631378,5851500
TXN,2022-05-03,152.44906616210938,154.43707133315348,151.97195085314888,153.6330439325353,5438600
TXN,2022-05-04,155.7094268798828,156.27490347627167,147.84576585478368,153.0145722088009,10311500
TXN,2022-05-05,150.4522247314453,154.6049437951244,149.0120211684883,154.09247864093098,7740400
TXN,2022-05-06,148.95774841308594,151.29731014971748,147.4365989260974,149.3046784341266,5724800
TXN,2022-05-09,146.72494506835938,149.85621962803265,145.97771325854777,147.7657351406741,7929700
TXN,2022-05-10,149.6605224609375,151.97338489264516,147.93476301326467,149.78506110284718,7033300
TXN,2022-05-11,146.50257873535156,151.5286195599514,146.10227688118178,148.31728680864575,5892800
TXN,2022-05-12,147.5789337158203,148.06819753079978,144.70564050958728,145.79091167238013,5936100
TXN,2022-05-13,150.994873046875,151.83105332678366,149.0734080522593,149.81174914482997,5329900
TXN,2022-05-16,149.8917999267578,151.35068693205864,148.40622704000646,149.50929324350454,3648900
TXN,2022-05-17,155.6562042236328,155.77185210958112,152.400404039191,153.0942642074897,5851300
TXN,2022-05-18,151.49302673339844,155.59392475565343,150.94148682277228,154.25067199175302,5747200
TXN,2022-05-19,149.10899353027344,151.8844476557829,148.6998009226059,151.10162552119115,5399600
TXN,2022-05-20,151.05712890625,151.49302092680148,146.0755698045028,149.98076215615845,6278300
TXN,2022-05-23,151.16384887695312,152.0178376727554,149.65159034195943,151.46631144290498,5384100
TXN,2022-05-24,149.32254028320312,150.76363277257076,147.9970821367347,149.70504712472203,5121700
TXN,2022-05-25,151.23504638671875,152.09792612525268,148.56634952288871,149.52708202271083,4712100
TXN,2022-05-26,154.90005493164062,155.52274810739553,150.59454731564983,151.51081232803094,4536600
TXN,2022-05-27,158.31597900390625,158.65401825004932,156.13654616265714,156.13654616265714,5857900
TXN,2022-05-31,157.23963928222656,158.60067381286288,154.6154229977701,157.22185774003913,9408000
TXN,2022-06-01,155.15806579589844,157.97798776375492,153.62801152819696,157.90682087064124,4681600
TXN,2022-06-02,157.2040252685547,157.27519214148236,153.352204803638,154.78440588378626,6521600
TXN,2022-06-03,153.29884338378906,156.11876474202393,152.9963943337133,155.55833406347048,4485500
TXN,2022-06-06,149.2335205078125,155.01569692092187,148.89549480915795,154.47306136074383,5603800
TXN,2022-06-07,151.09271240234375,151.29730867591496,146.9918147198911,147.77462316499992,4416100
TXN,2022-06-08,147.1074676513672,151.00376955398605,146.57373640393513,151.00376955398605,5112600
TXN,2022-06-09,143.7360076904297,148.3172649866434,143.62926416467513,146.78721110692487,5353200
TXN,2022-06-10,140.3556365966797,142.7129796261891,140.2666746215809,141.5832412698462,6511000
TXN,2022-06-13,136.5749969482422,139.59951436977826,136.2280669288678,137.7936974005099,7765000
TXN,2022-06-14,137.0642852783203,138.71887803043236,136.13912934504506,138.01611352312005,4772600
TXN,2022-06-15,138.70106506347656,140.47130547282387,136.38820267536832,138.5231546603442,5442100
TXN,2022-06-16,134.653564453125,135.71214987700125,133.6127741450448,134.78700746105093,6843700
TXN,2022-06-17,133.61277770996094,136.2903794003115,132.63426349421107,135.07166504914696,11262500
TXN,2022-06-21,136.51275634765625,137.50906557386566,134.97379793554222,135.05386916340885,6283100
TXN,2022-06-22,135.74771118164062,136.939725785736,134.46673459121854,135.17838976075228,4242900
TXN,2022-06-23,134.44895935058594,136.29036686489854,132.76768072058962,135.95232755532726,4318200
TXN,2022-06-24,138.727783203125,138.8879121047639,135.64989314953272,136.11245759049655,6425900
TXN,2022-06-27,138.43421936035156,140.21335088205743,137.99834082469926,139.65293368283358,5762300
TXN,2022-06-28,137.13546752929688,141.43207198917239,137.06430063617114,139.4305489312383,4687500
TXN,2022-06-29,135.90786743164062,136.3615411217815,134.27106954996248,135.60541830488003,4348300
TXN,2022-06-30,136.68177795410156,137.94497331844497,134.22658126472166,135.64989195559787,6807900
TXN,2022-07-01,132.13607788085938,135.46305835383953,130.78394784338383,133.74620313609847,8740200
TXN,2022-07-05,132.63426208496094,133.15910263295277,128.506677444264,129.63641620207085,8486400
TXN,2022-07-06,134.15538024902344,135.2495420897765,131.9848381057002,133.43483431551059,5238200
TXN,2022-07-07,137.60690307617188,138.23848704282707,136.24586881147133,136.24586881147133,5169400
TXN,2022-07-08,138.3541259765625,138.6387934619086,135.34739013763516,135.87224411703042,3467500
TXN,2022-07-11,136.60169982910156,137.90047165800877,135.76550594149356,137.09985442418005,4051100
TXN,2022-07-12,137.40232849121094,139.18145994943683,136.72624984991978,138.74556785564099,4085100
TXN,2022-07-13,137.25108337402344,138.0694957479291,134.92042562616965,135.17840727572764,3755400
TXN,2022-07-14,140.41793823242188,140.85381669808274,136.0679629032987,137.10875304752759,4758800
TXN,2022-07-15,142.81085205078125,142.96209014403036,140.23111730169072,141.61883743285355,7466100
TXN,2022-07-18,142.03695678710938,144.68785883027454,141.45874449898028,143.86056922661024,4088700
TXN,2022-07-19,146.45806884765625,147.38321102978819,142.90869748354842,143.54029498456492,5390800
TXN,2022-07-20,147.07191467285156,148.66423147517108,144.59001850088768,145.79093775489562,5889100
TXN,2022-07-21,148.14828491210938,148.39737582820226,145.60412613732666,147.65013022731787,5466700
TXN,2022-07-22,145.7998046875,149.18906121780913,144.8835531533804,149.18906121780913,5269700
TXN,2022-07-25,145.1771240234375,145.76424066131565,143.46026868461612,145.71086888945322,4201400
TXN,2022-07-26,143.07774353027344,146.04888970227935,142.86425645003538,146.04888970227935,6080600
TXN,2022-07-27,152.59609985351562,152.99641529228853,147.28540491575401,148.36177185132348,11623100
TXN,2022-07-28,156.34115600585938,156.41232288352467,150.86142858887783,152.93411808966223,6468800
TXN,2022-07-29,160.1825408935547,160.52280668755407,155.85763749784462,156.18894029951892,6624000
TXN,2022-08-01,160.10195922851562,160.37953873433113,158.2663356300314,159.3318933431412,4865700
TXN,2022-08-02,158.68716430664062,161.11375755988195,157.99768347118655,158.93788212624276,4442500
TXN,2022-08-03,164.28355407714844,164.8745375981265,159.2602214750253,159.3945297011134,6201100
TXN,2022-08-04,165.572998046875,166.54005844124174,164.05972799447972,164.55221435222637,4533900
TXN,2022-08-05,165.0267791748047,165.35808195011018,162.59122283529604,162.99416122801026,3690100
TXN,2022-08-08,163.6836700439453,165.17007861705414,162.1883121407934,163.4150398485607,3547300
TXN,2022-08-09,159.12594604492188,161.35554503607773,157.68431158104167,161.1227395085119,5306400
TXN,2022-08-10,163.9701690673828,164.26566086223545,160.6302387136615,162.4748114362899,4276500
TXN,2022-08-11,163.02102661132812,166.253510481804,162.66286217917622,164.2477541377005,3858300
TXN,2022-08-12,165.99386596679688,166.5311126883287,163.89856139721536,164.02392033188272,4160900
TXN,2022-08-15,166.01174926757812,166.23560546328042,163.82692427452602,165.54613821794786,2863400
TXN,2022-08-16,164.18507385253906,165.6535698168238,163.3254601271325,165.4744876091006,4541600
TXN,2022-08-17,158.23052978515625,162.02712236949912,156.59190068530876,161.7226812024714,6869000
TXN,2022-08-18,159.79750061035156,161.47194045478818,157.4156675899092,158.32004163311618,4390400
TXN,2022-08-19,157.9976806640625,158.91996698330487,156.80676421056302,158.45435599122848,4569500
TXN,2022-08-22,153.51162719726562,157.12018798473,153.21613537889263,157.12018798473,4919000
TXN,2022-08-23,154.4786834716797,155.70541102109198,152.47292708990483,152.5266503894269,3663900
TXN,2022-08-24,154.1832275390625,154.54139206128482,152.893813398101,153.48479715655847,3037800
TXN,2022-08-25,158.76776123046875,158.94684344897053,155.13233890880252,155.49050334580608,4350000
TXN,2022-08-26,151.76553344726562,159.32290624533096,151.71179648963633,158.93788019244673,6583500
TXN,2022-08-29,150.37765502929688,152.67888984306944,150.21647144769727,152.16850477138573,4625800
TXN,2022-08-30,149.30316162109375,151.19250881894328,147.53021037625643,150.6283867262132,5343300
TXN,2022-08-31,147.93310546875,150.0642067444431,146.86754799935582,149.41949993376926,6489900
TXN,2022-09-01,148.7837677001953,149.0613471641392,145.22893063728978,146.26762654238632,5593800
TXN,2022-09-02,145.9542236328125,151.129777218278,145.39906470038775,150.43134705713192,4466200
TXN,2022-09-06,146.04380798339844,148.45248950929985,144.9155638547541,146.05275731376395,5057000
TXN,2022-09-07,148.4793701171875,149.93890347855893,146.384065373517,146.5541982982223,5332400
TXN,2022-09-08,150.7984619140625,150.91485782250777,146.73322653158175,147.9599675387138,5473200
TXN,2022-09-09,152.8848419189453,153.94143667060445,151.64915126901965,151.71182390293393,5196200
TXN,2022-09-12,152.74156188964844,153.58326337598487,151.51483430297822,153.3414948576951,5216800
TXN,2022-09-13,145.6408233642578,149.8403674329868,145.0588027690036,148.7121372190538,7928700
TXN,2022-09-14,147.97793579101562,148.9360471330356,146.00800345428215,147.05564910159356,4792600
TXN,2022-09-15,145.6587371826172,148.353960664067,144.80808643345702,147.04664822761373,6105400
TXN,2022-09-16,147.97793579101562,148.57786892256482,144.66486590699546,145.9453308068883,13417800
TXN,2022-09-19,148.86436462402344,149.2046304010695,146.41985888323305,146.47358218211457,4929500
TXN,2022-09-20,148.69427490234375,149.4464286312344,147.65557861210348,148.11225411136672,5220200
TXN,2022-09-21,146.22288513183594,152.4460852937326,146.124387848852,149.11510365858373,6639800
TXN,2022-09-22,145.61398315429688,147.3511095305377,144.36039384314304,145.58712150213634,5696200
TXN,2022-09-23,144.423095703125,144.9245451921604,141.7457836332777,144.36042305643403,6936100
TXN,2022-09-26,143.67984008789062,146.1332947946413,143.26793875221603,144.74538390536011,4605800
TXN,2022-09-27,143.9037322998047,146.33927529881282,142.64117999405318,145.2647682215536,4261500
TXN,2022-09-28,145.775146484375,146.52729996660443,142.74860657237483,144.6290039410453,4881500
TXN,2022-09-29,141.8800506591797,144.52155097172147,139.80267231830425,144.00221663382578,6699000
TXN,2022-09-30,138.59384155273438,142.19345286926637,138.5042936125983,140.77868012631998,6074700
TXN,2022-10-03,143.1247100830078,143.84105272234518,139.75791744015146,140.9488341746412,6668500
TXN,2022-10-04,147.87940979003906,148.4077208400592,145.587124340328,145.9990257866506,7233100
TXN,2022-10-05,150.25228881835938,151.5327397636633,146.37509767490644,147.1362142436791,5262600
TXN,2022-10-06,149.1240234375,151.46108244963318,148.43455625633985,150.23435498355406,4171000
TXN,2022-10-07,142.6232452392578,147.79879891643063,142.02331232934017,146.86756323943374,8306400
TXN,2022-10-10,140.39364624023438,142.91875069603165,138.02972535079124,142.86502739494622,6573600
TXN,2022-10-11,137.4029083251953,139.09526034888503,135.56728507991068,138.44160418711485,9526900
TXN,2022-10-12,135.70162963867188,137.716335415898,135.62999401590986,137.32234632225587,4526100
TXN,2022-10-13,138.1998748779297,140.3936631358814,130.70517288641346,132.17366916623132,7913800
TXN,2022-10-14,132.82733154296875,139.76687478734905,132.60347530927908,139.59674186364887,7470600
TXN,2022-10-17,135.20021057128906,136.5522972515889,133.89288420551,136.1045848015837,5936100
TXN,2022-10-18,135.665771484375,139.66832039949247,133.90178399099688,138.87139307987704,4866600
TXN,2022-10-19,136.68658447265625,137.01790092554768,134.1883553980993,134.87783629060044,5060100
TXN,2022-10-20,137.6446990966797,140.38469675374765,136.47169481397,137.79691967061703,6506200
TXN,2022-10-21,143.01724243164062,143.29482191856636,137.84168845996848,139.15796393798828,7706200
TXN,2022-10-24,144.7454071044922,145.04986190708973,142.09495746410764,143.45600692606317,5467600
TXN,2022-10-25,145.20208740234375,147.6197316056679,144.33352426193832,144.70960103462448,8611200
TXN,2022-10-26,141.36070251464844,144.3066576269174,135.5046305949492,136.6149622162657,12964700
TXN,2022-10-27,140.3667755126953,143.21423325396844,139.17585898428865,143.08887433850967,7050500
TXN,2022-10-28,145.6377716064453,145.9356194691068,140.33972373228673,140.69172324778887,6776100
TXN,2022-10-31,144.97894287109375,145.80930057465196,143.74242011697683,144.77134311617303,6298800
TXN,2022-11-01,147.02769470214844,147.50605260045805,144.91569789390942,146.43201282918287,4972300
TXN,2022-11-02,143.0474090576172,150.15960578958132,142.8578645105656,147.35263049739115,6923900
TXN,2022-11-03,141.2693634033203,143.15571942242136,140.19530971844293,141.14300495639577,4555400
TXN,2022-11-04,146.80206298828125,146.84719395310887,142.98422024289783,145.8634022712361,6689900
TXN,2022-11-07,149.54583740234375,150.09640201545747,145.80922284233668,147.8490126067734,4928300
TXN,2022-11-08,151.73011779785156,153.29155051795306,149.60908572588963,151.12540123887632,5112300
TXN,2022-11-09,148.91407775878906,151.3870949430751,148.83283651107175,150.17766217615878,4800400
TXN,2022-11-10,157.66893005371094,158.12021211865508,152.4250346625857,155.33129226258885,9898200
TXN,2022-11-11,162.00125122070312,163.17457364862292,156.5046248436524,157.99386401853278,6911900
TXN,2022-11-14,160.15101623535156,163.47244634500024,159.97952680985713,161.55901438061736,5447300
TXN,2022-11-15,160.26834106445312,164.8262795258571,159.5823834178608,164.31182506295042,6601000
TXN,2022-11-16,156.55880737304688,159.230389951767,156.18875270987422,159.230389951767,7664800
TXN,2022-11-17,158.27365112304688,158.3368234525784,154.00452651658958,154.04964370681088,5339800
TXN,2022-11-18,158.1112060546875,159.573369572646,157.0822833127365,159.22137004966376,5474800
TXN,2022-11-21,155.60205078125,157.65087521618128,155.4847268091246,157.42523418327806,4702700
TXN,2022-11-22,159.95245361328125,160.03368109868165,155.55696967967748,157.80434607465554,4673500
TXN,2022-11-23,161.5409698486328,162.26302411138715,159.30261402892998,159.7538962216465,3939100
TXN,2022-11-25,159.8170623779297,161.8207423930534,159.7809520946804,161.78464588184198,1586400
TXN,2022-11-28,156.14361572265625,158.87838430667156,155.58403029301437,158.5895709072568,5358800
TXN,2022-11-29,156.12554931640625,157.37109230235814,154.61826877574387,156.72124498551685,3134000
TXN,2022-11-30,162.87673950195312,162.92185669374487,154.311400395915,156.47754893930815,9780300
TXN,2022-12-01,160.2051544189453,162.9309023108635,159.04085259582246,162.49766155487765,5479900
TXN,2022-12-02,160.3495635986328,160.64741144567557,156.57683797479493,158.07509789432987,3822900
TXN,2022-12-05,160.10586547851562,161.2340707467762,158.25560608416086,159.51920424783492,4875300
TXN,2022-12-06,157.35304260253906,160.80084452898183,156.3060648034273,160.7827893884352,4417900
TXN,2022-12-07,156.82054138183594,157.97582254176356,155.46669498141722,155.71941187439901,3242800
TXN,2022-12-08,159.17623901367188,159.3206526056136,156.00824330816496,156.82956634675244,3902700
TXN,2022-12-09,157.28086853027344,159.37482456408594,157.15451006423578,158.8152390390677,3966700
TXN,2022-12-12,160.18707275390625,160.26831398972507,156.0623619747062,157.14543614125978,5347000
TXN,2022-12-13,160.2051544189453,165.2504852725403,158.73397028398975,164.3840313046436,6951000
TXN,2022-12-14,158.68885803222656,162.2900806887876,157.17254288311827,159.5372568853752,5114600
TXN,2022-12-15,153.44491577148438,157.5154886258766,152.614558462473,156.6219452200755,6007300
TXN,2022-12-16,153.02975463867188,153.48103671441433,151.16144023452085,152.53334160094798,10423600
TXN,2022-12-19,151.2787628173828,153.31855263734124,149.87076508572702,153.10194607680012,4507000
TXN,2022-12-20,149.90687561035156,151.43221121966593,149.57293128359134,150.42134378382792,3777600
TXN,2022-12-21,152.28964233398438,152.45211103941398,150.27692817318027,150.72821023976638,3632100
TXN,2022-12-22,148.65235900878906,150.29503288353973,145.7551348980602,149.88888164405927,7188700
TXN,2022-12-23,148.36351013183594,148.7425854496527,146.46811977071522,147.14504293225306,2597000
TXN,2022-12-27,147.8219757080078,148.55305056649124,146.1883365754386,147.71367240216964,3535600
TXN,2022-12-28,145.48434448242188,149.06752592320856,145.15942077737193,147.66854847724252,2998600
TXN,2022-12-29,148.94114685058594,149.86175241074855,146.95550838218563,147.3526250582364,4081600
TXN,2022-12-30,149.12167358398438,149.27510786114235,146.40496002012,147.74075131752446,3249000
TXN,2023-01-03,147.30752563476562,151.31489956293447,146.74792640312594,150.9268035240595,4294100
TXN,2023-01-04,152.6868133544922,153.15615068470538,149.19389363742337,149.19389363742337,6285300
TXN,2023-01-05,150.6650390625,153.47201434556428,149.68124736519107,151.44124484478894,6876800
TXN,2023-01-06,158.0931854248047,158.9957498351696,151.107331930646,153.0929708790408,6725900
TXN,2023-01-09,159.46502685546875,162.8045252164548,159.14011698375606,159.8892331062527,5733900
TXN,2023-01-10,161.01744079589844,162.11857017396036,158.69785806384203,159.41991214696995,4267700
TXN,2023-01-11,161.44166564941406,161.60413437854945,159.69068877204924,160.85500438606667,5013900
TXN,2023-01-12,160.77378845214844,163.51757795466492,159.74486566719992,162.2088624310432,4324900
TXN,2023-01-13,161.5680389404297,161.65830088402456,159.04989046978534,159.8170756742247,3736700
TXN,2023-01-17,158.30975341796875,162.2990992571807,158.21950526219027,161.3784799272059,5659400
TXN,2023-01-18,156.82952880859375,160.04266848603967,156.67609456839543,159.185221596645,5874300
TXN,2023-01-19,154.27528381347656,156.80246619221742,153.0929269784748,156.4865770023973,5995700
TXN,2023-01-20,156.14361572265625,156.6761253264792,153.21028190127686,155.63818194465227,7569900
TXN,2023-01-23,160.8098602294922,161.57704530052166,155.74647456799286,156.73026623072073,7847600
TXN,2023-01-24,159.78994750976562,161.12575233798333,158.25559124322785,159.5282099717707,5351600
TXN,2023-01-25,157.98484802246094,160.84598895492834,154.78977648017624,159.41993571721858,6720700
TXN,2023-01-26,157.13644409179688,158.19244262951472,155.05150907051845,158.19244262951472,6287900
TXN,2023-01-27,158.1654052734375,160.03370659550208,155.12375359468987,155.71944945994454,6074900
TXN,2023-01-30,157.37451171875,159.23794277546503,156.53823690481516,156.65639697546865,5048900
TXN,2023-01-31,161.08323669433594,161.165043030597,157.23817244787648,157.4108839601048,5852400
TXN,2023-02-01,165.52825927734375,166.9735603056083,160.67420768759945,160.89237182910895,7835800
TXN,2023-02-02,167.9097900390625,168.57335342435096,159.75609248782197,167.13713767099165,11667100
TXN,2023-02-03,165.700927734375,168.38247788817597,165.0646331049002,165.1555382820463,5732200
TXN,2023-02-06,164.5283660888672,165.9645822197006,163.11033377164037,164.08295281171328,4385700
TXN,2023-02-07,166.79173278808594,167.50074877847658,163.04665867428292,164.5919634499275,4799900
TXN,2023-02-08,160.4378662109375,165.97365101367743,160.41059742827844,165.24645111233883,5657600
TXN,2023-02-09,159.0652618408203,164.0738262814082,158.68348507289764,162.9103121686394,5572000
TXN,2023-02-10,159.79246520996094,160.11061948640068,157.35636160473084,158.03810887980126,5466400
TXN,2023-02-13,160.62875366210938,161.6195563704989,159.70157348673467,160.4560421336374,3443200
TXN,2023-02-14,160.29238891601562,161.48317173614672,157.59266905304264,159.21978004206537,4179200
TXN,2023-02-15,162.25584411621094,162.44673944746356,158.86529170544503,158.9198292657506,3879700
TXN,2023-02-16,160.05612182617188,162.09227918860284,159.4561807456984,160.81059066309692,4212400
TXN,2023-02-17,159.36521911621094,160.97413239029873,158.60165177322392,159.23794633389548,4060800
TXN,2023-02-21,155.22019958496094,158.99254246434168,155.06567188197653,157.75630697028404,7030300
TXN,2023-02-22,154.34756469726562,156.29281610073699,153.40220083809004,155.45654122234743,4577400
TXN,2023-02-23,156.18374633789062,157.2745390918267,153.1567870833449,157.0291062143818,4856600
TXN,2023-02-24,153.7476348876953,154.64754622533906,152.52958316455297,153.93853021514082,4118300
TXN,2023-02-27,155.20204162597656,156.36555584311523,154.87480238551984,155.79288370477008,3310100
TXN,2023-02-28,155.847412109375,156.8654973921895,153.94761318038084,154.48391766595057,3674500
TXN,2023-03-01,156.5019073486328,156.73824141759218,154.35667530593088,155.47473698588536,4649800
TXN,2023-03-02,158.23806762695312,159.00162114213822,154.6293514330598,155.55653148445995,4551100
TXN,2023-03-03,159.69247436523438,159.9379072668514,156.801872589106,159.0743634961945,4379200
TXN,2023-03-06,157.3018035888672,160.43783787239315,157.074554526725,159.33794630874482,4090100
TXN,2023-03-07,156.4019012451172,158.16535628732,155.57471128281665,157.04729472135392,3844100
TXN,2023-03-08,160.183349609375,160.310608552865,157.30183263377762,157.81086840773767,3805400
TXN,2023-03-09,157.6563262939453,161.71954101411106,157.2381818776746,160.31059392321663,4651200
TXN,2023-03-10,156.0201416015625,159.31980297329824,155.42020064848612,159.07437006155166,5929700
TXN,2023-03-13,158.06536865234375,159.82882372258157,154.44756720248267,154.69298622098816,5453400
TXN,2023-03-14,159.73794555664062,160.1651750065328,157.1018613455567,159.93792588936398,5034600
TXN,2023-03-15,158.51986694335938,159.19252921025705,156.2382911841716,158.3744242040005,4918300
TXN,2023-03-16,161.01051330566406,161.51045015665855,157.07455780284667,157.6744986682588,5028500
TXN,2023-03-17,159.71974182128906,162.79213980364628,158.71984036922512,161.6922620765584,12963300
TXN,2023-03-20,162.8557891845703,163.50116882493424,159.5470430296498,159.87428227003463,4964600
TXN,2023-03-21,162.17404174804688,164.21928353070035,160.2106063078555,162.87395894935614,4217500
TXN,2023-03-22,160.2742462158203,164.96465693196677,160.2196947828021,161.22868130578962,4738000
TXN,2023-03-23,163.87384033203125,165.33732482693753,161.21048801798554,161.92858894161375,5083300
TXN,2023-03-24,163.17391967773438,164.0647460320314,161.49228485661325,163.4648051493863,5345400
TXN,2023-03-27,160.9377899169922,163.44661459056965,160.35603286789384,163.2830019221586,4453200
TXN,2023-03-28,161.33773803710938,161.4286293335955,158.39258540137388,160.31965287712492,4061500
TXN,2023-03-29,164.56468200683594,165.31915059089476,162.6739819320608,163.10119742719078,5227100
TXN,2023-03-30,167.47352600097656,167.70077513391146,165.31010981697662,165.43736877661271,5535800
TXN,2023-03-31,169.08241271972656,169.34602943889658,166.4554137197221,167.27351878900578,4793100
TXN,2023-04-03,167.4007568359375,169.23691931945575,166.09179998459376,168.46428081010868,4143000
TXN,2023-04-04,163.98292541503906,167.86434346283926,163.42843712249618,167.4916516545338,4724800
TXN,2023-04-05,161.07415771484375,163.37391747451156,159.18344355709843,163.15576721758447,5904900
TXN,2023-04-06,161.91041564941406,162.9194020918114,158.68348989786236,159.9560791629659,3743000
TXN,2023-04-10,163.09214782714844,163.37393451853288,160.1742768748674,160.84692539747908,3488500
TXN,2023-04-11,163.5011749267578,164.87376834162788,163.16485070359926,164.29201121147534,3296900
TXN,2023-04-12,161.39230346679688,164.71013457053184,161.09233300919766,164.71013457053184,3559400
TXN,2023-04-13,162.81036376953125,163.510294958612,159.48343324864885,160.53787251813932,3264200
TXN,2023-04-14,162.69215393066406,164.1101859397862,161.11959421492557,162.62853140214335,2741900
TXN,2023-04-17,163.66481018066406,164.11930839617816,161.60138439857832,162.0558826140924,2845800
TXN,2023-04-18,163.91021728515625,165.1918915097044,162.89213201102544,164.53741307282837,2774700
TXN,2023-04-19,160.96507263183594,163.12848834713245,160.8559975101179,162.8285178922245,3093900
TXN,2023-04-20,160.54690551757812,162.08311132544773,157.73811056896636,158.54711663776274,4710800
TXN,2023-04-21,160.9105682373047,161.40142025639187,158.94713242058356,159.6197948402527,6792000
TXN,2023-04-24,159.8924560546875,161.28321939221448,159.38342030633564,161.01961654759796,3360100
TXN,2023-04-25,153.9748992919922,160.01971979020936,153.9294466980584,159.6106741851739,7136000
TXN,2023-04-26,149.49349975585938,155.41105917753404,148.766300125917,155.41105917753404,8647500
TXN,2023-04-27,150.22984313964844,150.5388985955021,146.43932970939215,147.9209844513658,6697900
TXN,2023-04-28,151.98419189453125,152.2750773936905,149.8480587245894,149.8480587245894,6575400
TXN,2023-05-01,151.5115203857422,152.98410405439117,151.00248459714646,152.90229770340648,4831200
TXN,2023-05-02,149.0208282470703,152.24776729290602,147.97547437212566,151.20241341796137,7312400
TXN,2023-05-03,148.48455810546875,150.88430789502337,148.41183673364185,149.91167515079468,4398800
TXN,2023-05-04,147.53012084960938,148.95723800789992,146.675662000737,148.52092361258502,4309000
TXN,2023-05-05,151.8902587890625,152.0642860539263,147.6675223592242,147.89652105069706,5494700
TXN,2023-05-08,150.4246368408203,152.6047084978367,149.6643596328947,151.8902338160692,3831300
TXN,2023-05-09,149.30712890625,149.75597131933353,148.40028916523318,148.60180910768136,5736800
TXN,2023-05-10,149.3529510498047,151.13913806794068,147.51179260444283,150.96509682415314,4428800
TXN,2023-05-11,147.63084411621094,148.77583733605215,146.50417470143822,148.63844374045843,3320400
TXN,2023-05-12,148.28123474121094,149.27051074937197,146.89807372215702,148.49190962035604,2400800
TXN,2023-05-15,151.37728881835938,151.5788087834674,147.13624258915348,147.83239357418157,3789100
TXN,2023-05-16,149.6551971435547,152.10090096534762,149.1788760541628,151.13910387258304,4272900
TXN,2023-05-17,151.45057678222656,151.75285674327293,149.3712786509544,150.68114450518388,4910300
TXN,2023-05-18,155.54505920410156,155.87481785821922,152.12840285516714,152.34824661690226,4916300
TXN,2023-05-19,155.81985473632812,156.62593452302562,154.74814264372506,156.25952826681333,4790500
TXN,2023-05-22,156.50685119628906,156.73584986572195,154.84890306591012,155.5084203520344,3334000
TXN,2023-05-23,155.48094177246094,156.3969364510326,155.0046206260522,155.52673032481385,5601200
TXN,2023-05-24,153.03526306152344,154.35428387696754,152.22918313794213,152.91617926091115,7502500
TXN,2023-05-25,155.37103271484375,156.1862675236275,149.85675411024877,151.13914123295194,7747200
TXN,2023-05-26,161.48072814941406,162.17689319012965,156.3328414951409,156.92824654190935,8323200
TXN,2023-05-30,161.71888732910156,163.22111826611604,160.3265712972191,162.8913595737484,5677200
TXN,2023-05-31,159.27317810058594,161.03188641510044,158.6136607355216,160.09756781843075,8534000
TXN,2023-06-01,161.04103088378906,161.62726695059538,158.3754828709947,161.09598833115055,3955400
TXN,2023-06-02,160.50973510742188,161.79213597565172,159.47467067982154,161.67305220111717,4788000
TXN,2023-06-05,155.9572296142578,160.47309008799363,155.50840122264114,160.47309008799363,5520400
TXN,2023-06-06,156.048828125,157.12969495754308,154.71146996617546,155.16946722951758,4032400
TXN,2023-06-07,157.5510711669922,159.1906953507826,156.131276741896,156.79079397191526,4422700
TXN,2023-06-08,157.76173400878906,159.23648576135884,157.01978067570772,158.53118003658392,3343700
TXN,2023-06-09,156.259521484375,159.21819421986882,155.2427668800936,158.86094289420475,4179000
TXN,2023-06-12,159.41973876953125,159.6395825669311,156.9832030723014,157.1205967100686,4709300
TXN,2023-06-13,162.50662231445312,163.3310119497741,159.6762020592853,161.7280212323401,5408100
TXN,2023-06-14,162.24098205566406,163.29438438102613,160.10671265817624,161.05020008860222,4748400
TXN,2023-06-15,163.12948608398438,164.3294368554989,161.11430062195444,161.43490434460503,4224100
TXN,2023-06-16,161.9112091064453,164.723319387489,161.4532117819993,164.3752369482799,10374500
TXN,2023-06-20,159.7128143310547,162.1585181640914,158.86093211001497,160.24409286070969,3516000
TXN,2023-06-21,156.1587677001953,159.01668057991517,156.06717661921735,158.0090808503714,4034300
TXN,2023-06-22,158.128173828125,158.15565255171367,155.5450619950265,155.71910322906834,3607800
TXN,2023-06-23,153.593994140625,155.97558609954837,153.15432057082882,155.63667251209824,8541600
TXN,2023-06-26,154.57412719726562,156.61679174978698,153.90545488649772,154.33597357373822,4899600
TXN,2023-06-27,161.49903869628906,161.73720628622468,155.251961515557,155.56339638873456,6257800
TXN,2023-06-28,160.26243591308594,161.56314668591688,159.63955226052246,159.9784658206562,3425300
TXN,2023-06-29,161.93865966796875,162.1676582903708,159.7586022870386,161.15090384782704,3704700
TXN,2023-06-30,164.8973846435547,165.37369186699024,163.3493512249612,163.8531511506826,6004400
TXN,2023-07-03,164.65919494628906,165.97822949217425,162.6989669342012,165.0347561111254,2007600
TXN,2023-07-05,161.70054626464844,163.83481563237336,161.6272650100562,163.77985818567174,3729100
TXN,2023-07-06,160.13421630859375,160.7387622490504,158.54038033818492,159.10829263681472,4555100
TXN,2023-07-07,159.10826110839844,162.195172451285,158.99834622772696,159.48382225331736,4585400
TXN,2023-07-10,164.36610412597656,164.63173645999254,159.89604516593198,159.91436897492406,5563200
TXN,2023-07-11,163.79815673828125,164.85154490956617,161.99364630596548,164.7233062280448,2755800
TXN,2023-07-12,167.04994201660156,167.53541806924673,164.88819405545783,165.80418871734975,5708600
TXN,2023-07-13,167.73695373535156,168.55218850177025,166.48204540356465,168.0850362121272,4441200
TXN,2023-07-14,165.65765380859375,167.6545156266859,165.18133263171188,166.35380477713616,3701300
TXN,2023-07-17,167.99343872070312,168.78119479836369,163.70658981690244,164.228699578635,3918500
TXN,2023-07-18,168.2499237060547,168.72624493132176,165.7950642700088,167.1140990618426,3040500
TXN,2023-07-19,168.24072265625,169.16587214937854,167.6544866847389,168.1674414126901,3686000
TXN,2023-07-20,164.8057861328125,166.86677447525696,164.21955000781827,165.47445843703127,7154600
TXN,2023-07-21,168.83615112304688,169.98114450693157,166.1248006401411,166.71103669361128,17251600
TXN,2023-07-24,168.4422607421875,170.1460114019806,167.9018272367562,169.07429930618696,4318500
TXN,2023-07-25,170.44830322265625,172.31692634596556,169.2758310713699,169.45902722432643,6267800
TXN,2023-07-26,161.21507263183594,162.77226087890847,159.57544821345866,162.03030738322494,11905100
TXN,2023-07-27,162.79054260253906,165.92324209498898,161.43487466488062,163.33097599956255,8300400
TXN,2023-07-28,164.53395080566406,165.60397373945685,163.20564841546266,164.6538712944162,7540400
TXN,2023-07-31,166.0375213623047,166.40648800192866,164.4970638253532,164.66309459063146,4065200
TXN,2023-08-01,164.53395080566406,165.54863015239422,163.90670471872158,165.11508662017087,4028700
TXN,2023-08-02,159.06394958496094,162.97504668153235,158.3905791259112,162.5784082430377,6914500
TXN,2023-08-03,158.47357177734375,158.89788194951134,156.48111840536393,157.22828490106306,4515200
TXN,2023-08-04,155.37423706054688,157.62497033212378,154.14740247972253,156.4442601036205,6052800
TXN,2023-08-07,155.85391235351562,156.64720339532226,153.9905982180764,156.23209827999497,4315700
TXN,2023-08-08,153.79689025878906,154.43336979143817,151.6752965083512,154.32268259451752,4628000
TXN,2023-08-09,154.2949981689453,155.87234689669702,153.4648020344444,153.78765843261306,4701400
TXN,2023-08-10,154.5625,157.311339796782,153.9813641017039,155.56794617707044,4975300
TXN,2023-08-11,153.3079833984375,153.46479493237845,151.86899372210814,152.9297834238398,5454800
TXN,2023-08-14,157.25601196289062,157.3759324809523,152.8467934970417,153.30800893552112,5933600
TXN,2023-08-15,155.11595153808594,156.96081295768684,154.61783107269534,156.6010655438717,3920900
TXN,2023-08-16,152.86521911621094,155.49415228231828,152.47779990518444,154.59016004808078,4558400
TXN,2023-08-17,152.90211486816406,154.1935263532632,152.4040084601012,152.86522383152746,3987800
TXN,2023-08-18,153.57550048828125,153.89834280536797,151.43545439423505,151.80443513898933,4456000
TXN,2023-08-21,154.92225646972656,155.50339240188342,153.20653454756697,153.79688972104245,3941800
TXN,2023-08-22,154.1474151611328,156.47194477262275,153.26187537931563,156.47194477262275,3035600
TXN,2023-08-23,156.65643310546875,157.27446008658237,151.21408263977065,151.21408263977065,4152900
TXN,2023-08-24,152.7452850341797,158.17840089576347,152.57002096200367,158.17840089576347,6003200
TXN,2023-08-25,154.7930908203125,155.39267920998006,151.92433083024525,153.5754896365999,3947500
TXN,2023-08-28,155.6140899658203,156.7394567894792,154.5809718622037,156.0937579747188,3995100
TXN,2023-08-29,157.44972229003906,157.97550054960783,154.72855412779336,155.0421772352679,3981700
TXN,2023-08-30,156.1029510498047,157.06228690679248,152.49625753365345,153.60317161272107,5120400
TXN,2023-08-31,155.02369689941406,157.08994667729007,154.96835331097387,155.72475322012338,6026500
TXN,2023-09-01,156.65643310546875,156.83169721917724,155.45727018420118,156.79479210303978,2611200
TXN,2023-09-05,156.5734100341797,157.64341907170902,155.17131126839806,155.96460232434563,2882200
TXN,2023-09-06,155.0144805908203,156.84088941975665,153.95367685001648,156.5364856024047,4244000
TXN,2023-09-07,151.93357849121094,153.47403618982793,151.25097465357717,152.91135285648596,6272100
TXN,2023-09-08,151.887451171875,152.5792742366471,151.11261271737254,152.302542195703,3301100
TXN,2023-09-11,152.9758758544922,153.75994743576524,151.37085573896192,153.6031359345452,3191900
TXN,2023-09-12,150.80819702148438,153.20650834567093,150.7528393575074,151.8966584683865,3739900
TXN,2023-09-13,151.6107177734375,152.6991792961818,150.8450985662571,151.19562675332614,3331900
TXN,2023-09-14,153.16961669921875,153.7138474204942,150.94655539006632,153.51091154558216,4071600
TXN,2023-09-15,150.0056610107422,153.58469627483612,149.83039694314544,153.3171975915181,9427900
TXN,2023-09-18,150.1993865966797,150.90042883373647,149.21237903084818,149.43376745710685,3180100
TXN,2023-09-19,150.48533630371094,150.82663114157415,148.88953521362453,149.8580902151867,3244400
TXN,2023-09-20,149.52601623535156,151.8136403405771,148.5113368750792,151.2601763122149,5035700
TXN,2023-09-21,147.95787048339844,150.26394710611459,147.91176021108387,147.94865124397046,4492700
TXN,2023-09-22,147.8748779296875,149.47991257392158,147.7826432956459,149.26775743293132,3715300
TXN,2023-09-25,148.41909790039062,148.4375504559247,146.8786402799284,147.54279152739636,3107600
TXN,2023-09-26,145.70716857910156,147.33064164447288,145.16292373529905,147.22917369818865,4164000
TXN,2023-09-27,145.8732147216797,147.13694048788977,143.79774529970837,146.89711353285932,4232000
TXN,2023-09-28,146.74949645996094,148.8618706418205,145.80862728152982,145.8731901113396,4271400
TXN,2023-09-29,146.6757049560547,148.65893946587127,146.03000626164905,148.3637548768996,3664600
TXN,2023-10-02,147.5427703857422,148.17924974629477,145.58722203462028,147.13689867320582,2922300
TXN,2023-10-03,145.05224609375,147.95789753964291,144.2128306715401,145.8455371600361,3510700
TXN,2023-10-04,145.71636962890625,146.1868041892187,144.35117621992487,145.43041838194137,4129900
TXN,2023-10-05,143.07821655273438,146.81406344460763,142.7738127537488,146.16836481426304,4389200
TXN,2023-10-06,144.82159423828125,145.83627345855496,141.64843094052307,142.3033628145494,5016200
TXN,2023-10-09,144.56332397460938,144.67401114195388,142.70001023165818,143.74236130806523,2747000
TXN,2023-10-10,145.430419921875,146.8694094864675,144.157461118501,144.56333285726805,3657400
TXN,2023-10-11,145.12603759765625,145.9931247905993,143.65937602244927,144.19438756863065,4452400
TXN,2023-10-12,142.9767608642578,145.99311324418522,142.2664852724636,145.78094404555046,5643300
TXN,2023-10-13,140.9013214111328,143.41955385274983,140.39398159592605,143.27197560438134,4319100
TXN,2023-10-16,142.33106994628906,142.72770841941005,141.2149225268419,141.46398277460187,4872200
TXN,2023-10-17,142.29417419433594,142.89376267652204,140.1080176401176,140.9658856276469,5098900
TXN,2023-10-18,140.04342651367188,142.08199034586914,139.70211760577075,141.0580917725149,4837500
TXN,2023-10-19,139.231689453125,141.55621871381607,138.7981459063841,140.9843021196104,6041100
TXN,2023-10-20,136.34449768066406,140.03422097225982,136.16001433111973,139.6744735143363,5391500
TXN,2023-10-23,134.97006225585938,137.14698512272,134.68409692529758,135.8555878160781,5398200
TXN,2023-10-24,135.52352905273438,136.16000854551825,134.62877006652758,135.44973290101686,7024400
TXN,2023-10-25,130.7914581298828,133.37426720843675,129.26023368507433,130.4501632348317,12349200
TXN,2023-10-26,132.8392333984375,135.25601128272635,130.99437209067415,131.14196437333715,7888800
TXN,2023-10-27,132.01828002929688,133.8354696721549,131.30801850963164,133.6417671032192,5327500
TXN,2023-10-30,130.78948974609375,131.63659945879382,129.83998199994429,131.13391303851725,6640800
TXN,2023-10-31,132.19515991210938,133.15397167610723,130.35200899349766,131.06879543014583,6570300
TXN,2023-11-01,133.2749481201172,133.4052715931274,131.08737452286042,132.78157967199326,7503200
TXN,2023-11-02,137.1288604736328,137.59430363005907,134.5130722071889,134.92266445751568,6297900
TXN,2023-11-03,139.84706115722656,141.1130672408228,138.7765474692427,138.98134361542733,5818700
TXN,2023-11-06,137.30572509765625,139.8191151908078,136.47723688387896,139.24197024760483,6601400
TXN,2023-11-07,136.45860290527344,137.06368745005915,135.45324411761675,136.65409525462167,5193000
TXN,2023-11-08,135.1833038330078,136.68203127999158,134.48513913790725,136.31898620670717,6901400
TXN,2023-11-09,133.3680877685547,136.37484662132377,133.27499345436942,135.84423459802437,7061200
TXN,2023-11-10,137.01715087890625,137.38019595212998,133.19120778222674,134.96920394779298,7214700
TXN,2023-11-13,135.7883758544922,136.2910623953643,135.15538000799813,136.12349548034118,4345400
TXN,2023-11-14,139.56776428222656,140.65691366037797,138.61827056392525,139.83772924063896,7051600
TXN,2023-11-15,141.37367248535156,143.02134491807587,139.77254720012021,140.5731098427359,5957000
TXN,2023-11-16,141.39231872558594,142.4162993313754,140.38695982286475,141.45748758422602,5599400
TXN,2023-11-17,143.9336395263672,144.75282404055747,141.4016275772319,141.7739906310448,7524200
TXN,2023-11-20,144.79005432128906,145.47891532282048,143.30994845738866,143.37511731886516,5836900
TXN,2023-11-21,142.82586669921875,143.9708669831144,141.93222387747196,143.9708669831144,3877600
TXN,2023-11-22,143.2913360595703,145.3672229488234,142.68626558409784,143.82194812308856,3159800
TXN,2023-11-24,142.97483825683594,143.75677942103803,142.5745639242798,143.65439555343463,1604800
TXN,2023-11-27,142.05322265625,142.75138722198346,140.93614798772086,142.02529720995622,4130700
TXN,2023-11-28,142.33250427246094,142.45352403228435,140.95479657709117,141.59711037277356,3883800
TXN,2023-11-29,142.61175537109375,145.07861219166335,142.37903383354165,144.1011788931054,3647100
TXN,2023-11-30,142.15567016601562,144.0174429892252,140.81519146063283,143.98950332901362,6641400
TXN,2023-12-01,144.48284912109375,144.57592921585046,141.4109219102068,142.52798247665777,4095500
TXN,2023-12-04,146.5401153564453,146.65181716383572,143.37510771067392,143.89640175075888,6572000
TXN,2023-12-05,146.38185119628906,146.83799053610278,144.13841210281112,145.64645736699327,4935600
TXN,2023-12-06,145.26478576660156,148.57873817009636,145.17169147042438,148.13191679767564,4952200
TXN,2023-12-07,146.78213500976562,147.72233919967817,143.98947629919144,146.00019397981208,6495400
TXN,2023-12-08,146.1770477294922,147.37789879048933,145.48818688038548,146.4190730095699,4732100
TXN,2023-12-11,148.9138946533203,150.08680637316124,147.07074360665635,147.61065940905263,7585500
TXN,2023-12-12,147.00555419921875,148.8487049883137,146.5587327785102,148.8487049883137,4714400
TXN,2023-12-13,150.626708984375,151.06422667896317,147.04280527440096,147.09865617937857,5940900
TXN,2023-12-14,157.114990234375,157.5245824833656,151.8834137185535,152.35816062304835,11428500
TXN,2023-12-15,156.9846649169922,159.26533350901937,156.14687292945493,158.44616322464003,16337400
TXN,2023-12-18,155.84896850585938,157.29184498082876,154.396788282245,156.8077801715585,5015200
TXN,2023-12-19,156.85430908203125,157.22665784327805,155.5324525141519,156.63089130276632,4379400
TXN,2023-12-20,153.76377868652344,156.9381040992264,153.66139483856185,156.43543179130282,5098700
TXN,2023-12-21,155.28114318847656,155.98862587517345,154.21993336262906,155.2532177354962,4040100
TXN,2023-12-22,156.61228942871094,157.24528518638868,155.290432813388,155.700010783782,3492400
TXN,2023-12-26,159.00466918945312,159.67490838827186,156.8077771942575,157.26391654473574,3202200
TXN,2023-12-27,159.39564514160156,159.7586902030332,158.55785321651214,159.38634139281493,3264900
TXN,2023-12-28,159.8517608642578,160.40098024956438,158.9115710247909,160.11240783369803,3023000
TXN,2023-12-29,158.67884826660156,159.83313792108186,158.17616182645514,159.68419273850554,2920600
TXN,2024-01-02,157.5618133544922,158.18550548416994,155.8396821856143,157.18016075861638,5652500
TXN,2024-01-03,155.21595764160156,156.8543121085726,154.72258913154226,156.37956529819334,5874900
TXN,2024-01-04,153.1028594970703,154.2571635366303,151.17591818153832,151.26901248628545,6445700
TXN,2024-01-05,153.68930053710938,154.74119216951468,152.8049473802185,153.50311195406206,3087200
TXN,2024-01-08,156.8915557861328,157.01257553893188,153.223876045522,153.79171720252305,5717500
TXN,2024-01-09,156.97532653808594,158.73470068714693,154.52709156612377,154.52709156612377,5018500
TXN,2024-01-10,155.6907196044922,156.87294907582387,153.69862367069524,156.85432737433143,4045200
TXN,2024-01-11,154.15476989746094,156.27718942786422,153.6241579127616,155.60695018624244,5635600
TXN,2024-01-12,153.47520446777344,155.65348898826554,152.56293996170186,155.14149873335936,4205000
TXN,2024-01-16,152.5536346435547,154.04304403754384,151.36210144668493,153.0376852393982,6682800
TXN,2024-01-17,151.1945343017578,151.65997739991772,149.21174215825388,151.32485780107476,4079000
TXN,2024-01-18,155.3742218017578,155.81173945983932,151.90200598726435,153.2890315633309,6583700
TXN,2024-01-19,161.6483917236328,163.0540390526259,158.47408040449994,159.08845453466301,13345800
TXN,2024-01-22,162.74684143066406,164.44104698448987,161.6204628415814,161.97420415461832,6850700
TXN,2024-01-23,162.2906951904297,164.36658162415466,162.2162225906184,162.75613828610318,9459400
TXN,2024-01-24,158.31582641601562,160.95022192162844,156.89155743009206,159.4514945377213,15100400
TXN,2024-01-25,155.84896850585938,159.67491142001094,155.2997490476815,159.23739376235835,7088200
TXN,2024-01-26,152.7490997314453,154.7132700090796,151.99508424834974,154.7132700090796,8800900
TXN,2024-01-29,154.5643310546875,154.82499224616376,152.1347176199524,152.73980214372207,6076600
TXN,2024-01-30,152.04049682617188,153.66363416013527,151.5619893489023,152.83798542781446,4897600
TXN,2024-01-31,150.22972106933594,153.09133187185222,149.47914683337862,150.50181639871346,8665200
TXN,2024-02-01,149.8262939453125,149.99516886006805,146.98345168330275,149.38532369062446,6542100
TXN,2024-02-02,149.3665313720703,149.92947629796336,148.0248664853659,148.59718857738628,4922400
TXN,2024-02-05,149.08506774902344,150.10775156891128,147.85598604810636,150.10775156891128,4190100
TXN,2024-02-06,148.58779907226562,149.83564936544943,147.6120440795218,149.3383875446832,4139800
TXN,2024-02-07,148.96310424804688,150.38920663392912,148.45645093188276,150.05144252858128,4627900
TXN,2024-02-08,150.3141632080078,151.11165186168304,148.97248393044777,149.46974577223497,3487700
TXN,2024-02-09,152.36888122558594,152.4439415085412,150.70822078266335,151.3180658967827,3919500
TXN,2024-02-12,151.13040161132812,152.78168466091998,151.10225579861736,152.36886031945124,3853000
TXN,2024-02-13,147.16168212890625,149.57293071474928,145.85754033496957,148.48457825348737,5357900
TXN,2024-02-14,148.1186981201172,149.2164279671249,146.89900783429914,148.09994378570687,4528000
TXN,2024-02-15,150.7832794189453,151.30868707760905,149.0850673786632,149.0850673786632,3725300
TXN,2024-02-16,150.47366333007812,152.13432377921458,149.58233141432754,150.44551751340023,3167600
TXN,2024-02-20,152.68789672851562,152.84739446716506,149.42283872090184,149.52604482429683,5406200
TXN,2024-02-21,153.94512939453125,153.98265238051323,151.52448878453907,152.48148956436998,4530000
TXN,2024-02-22,155.2117156982422,155.85909808056832,153.3915576109675,154.71445387454216,5041200
TXN,2024-02-23,153.57923889160156,155.74655309282943,153.5229472473548,155.58705532870098,3479100
TXN,2024-02-26,154.15151977539062,155.28677247320567,153.66363512900813,154.45174656958315,5251300
TXN,2024-02-27,154.7520294189453,155.42755778343354,154.1046468766201,154.4142652367012,2886600
TXN,2024-02-28,152.96934509277344,153.75747088463922,152.3501228284082,153.40093812918292,2933000
TXN,2024-02-29,156.99435424804688,157.53853049816757,154.13274393115495,154.71444316019142,7267200
TXN,2024-03-01,160.48458862304688,161.46034361701348,156.98498722450907,157.20077657885358,5233700
TXN,2024-03-04,161.7887420654297,162.36106420652604,160.30633366199515,161.8450336995891,4401600
TXN,2024-03-05,160.0998992919922,162.05142346493014,158.8239032680052,160.77542744094313,6215600
TXN,2024-03-06,161.25396728515625,164.93183587450474,160.13746865126186,162.4173803933707,6312700
TXN,2024-03-07,164.44395446777344,166.77076621284385,161.63863515933133,161.63863515933133,5980400
TXN,2024-03-08,161.65737915039062,164.73477901624167,161.6292333352255,164.6221957555812,5632600
TXN,2024-03-11,163.43063354492188,163.5150709885871,160.93493300162245,161.63860699806736,4207300
TXN,2024-03-12,164.00296020507812,165.45722270151478,162.52992905965368,165.11945860115713,5802600
TXN,2024-03-13,162.01390075683594,163.5244549042043,160.63471283785887,163.14916781712392,5199500
TXN,2024-03-14,160.5690155029297,162.9052182145117,159.31178812464302,162.60497711841035,5028200
TXN,2024-03-15,161.86378479003906,162.34227794477042,158.2703545977454,159.1241491333008,19078800
TXN,2024-03-18,158.7582244873047,163.99354583785512,158.61748111396315,163.7589878652351,5213800
TXN,2024-03-19,156.45956420898438,157.91382668193427,155.72774438940934,157.32273593678354,5640000
TXN,2024-03-20,159.48068237304688,159.6308029393298,155.9998494296079,156.75981511152318,4404600
TXN,2024-03-21,161.92945861816406,163.99356616987308,161.1132013534567,162.15463945365903,4371600
TXN,2024-03-22,161.82626342773438,162.9990535152539,160.6816191570125,161.12258937522265,4177200
TXN,2024-03-25,160.2969512939453,161.685530717869,160.07177044832866,160.27818264440603,3298600
TXN,2024-03-26,157.53854370117188,161.24455735895472,157.1632422991439,160.85050162403883,5898300
TXN,2024-03-27,162.19219970703125,162.23911418140932,158.4017478276561,158.5612455875115,4272300
TXN,2024-03-28,163.4494171142578,164.98811715429656,162.6237683018469,162.76449738746902,4417800
TXN,2024-04-01,162.47364807128906,165.0444091321942,162.18279841620748,163.36496568675105,2303200
TXN,2024-04-02,159.8372039794922,161.70429081203267,159.1241528138593,161.70429081203267,3304500
TXN,2024-04-03,159.81845092773438,160.33448144098563,157.51978516829027,159.10539969251434,3295800
TXN,2024-04-04,158.12026977539062,162.314168808402,157.71683680566153,161.16014722370033,7491300
TXN,2024-04-05,157.15386962890625,158.79577572950677,156.81610551555988,158.1577848022331,5012300
TXN,2024-04-08,158.99278259277344,159.77150246419401,156.9286609789665,157.2570478674219,3154000
TXN,2024-04-09,162.74575805664062,162.80204969607885,159.62144322123902,160.43770062566662,4830700
TXN,2024-04-10,158.48614501953125,159.8841158295553,157.52914438729053,159.37746254107563,5662800
TXN,2024-04-11,160.62533569335938,161.23519515966018,157.74497053637475,159.40563107704375,4352100
TXN,2024-04-12,156.05612182617188,158.9646322788805,155.53071422523269,158.017023164064,5473600
TXN,2024-04-15,156.0749053955078,158.88021002936023,155.1085275407561,157.89506352527104,4739500
TXN,2024-04-16,157.23829650878906,158.11085970806656,156.5158681808109,157.1350904167516,3389000
TXN,2024-04-17,155.4650421142578,158.54244197997647,155.27739857440363,157.97951136041394,4564900
TXN,2024-04-18,153.56045532226562,154.50806464638023,151.5714077318804,153.56983248996661,5605500
TXN,2024-04-19,149.81689453125,154.26411982946743,149.28210967987846,153.00689225410275,10497600
TXN,2024-04-22,153.33526611328125,154.00141720727916,150.16405133211234,150.36107205712577,5942400
TXN,2024-04-23,155.249267578125,156.59093261661747,152.42519409560185,152.9693561182351,6833600
TXN,2024-04-24,164.0123291015625,168.4032621848113,162.886453595901,167.2210807350255,13965900
TXN,2024-04-25,164.4251708984375,166.11399149417494,161.61985184451015,165.19452807060662,9130800
TXN,2024-04-26,166.51739501953125,167.28675205588965,164.19058389630283,164.42514187329755,5401900
TXN,2024-04-29,168.21560668945312,168.68472268306297,166.35791136331767,166.51740908319093,4191500
TXN,2024-04-30,165.5229034423828,168.1687248054829,165.41969733992957,167.39936762059773,6444300
TXN,2024-05-01,164.3782501220703,167.67145373642464,163.62766162874337,164.97871805347492,7167700
TXN,2024-05-02,164.9412078857422,168.7035134949064,162.92400025843745,168.7035134949064,4838300
TXN,2024-05-03,167.859130859375,168.58155936510758,166.47053685824494,166.52684281744285,4545100
TXN,2024-05-06,170.44862365722656,170.65503586424867,168.19687234680333,168.78794883392516,4127400
TXN,2024-05-07,172.62210083007812,173.49149382441257,171.6771065641318,171.86610253342744,5152700
TXN,2024-05-08,173.83168029785156,173.94508940714908,171.50700263952623,171.76214069164453,4220900
TXN,2024-05-09,175.12632751464844,175.53266808874537,173.55763372273918,173.87892828171815,5843300
TXN,2024-05-10,176.7611846923828,177.04468586305836,175.51378530919774,175.65554310426978,5606800
TXN,2024-05-13,177.48883056640625,178.018025050055,176.40207850512132,176.7139283443004,3686300
TXN,2024-05-14,180.6167755126953,180.9286253798835,176.80844941924394,177.12974403896408,4917500
TXN,2024-05-15,184.7747344970703,184.85033577147678,181.33495581865404,181.98700419337467,5936800
TXN,2024-05-16,184.24551391601562,185.0960028986327,181.99642318405202,182.00588235418184,5371800
TXN,2024-05-17,184.2928009033203,185.7386410952903,183.1682553274616,184.27389697899926,4534200
TXN,2024-05-20,188.24285888671875,188.3090154080834,183.8013886264263,184.29278969259593,5282800
TXN,2024-05-21,188.06329345703125,188.3373498541677,186.01265774167996,186.32450756283487,5489100
TXN,2024-05-22,191.39915466308594,192.41975031999615,188.66812149190326,188.97052661371512,9119000
TXN,2024-05-23,186.4379119873047,191.786582981853,186.01266745242725,191.4558436411564,7125400
TXN,2024-05-24,188.22393798828125,188.78149552553134,186.87260320252253,187.8931986696916,4354100
TXN,2024-05-28,188.62086486816406,194.66882251842483,187.02382222097077,194.66882251842483,8661000
TXN,2024-05-29,184.18885803222656,186.78759257674338,184.04710022357096,185.84259819691908,5607800
TXN,2024-05-30,184.9164581298828,185.15270667987673,183.09262624527412,184.69911350133924,5213500
TXN,2024-05-31,184.28330993652344,185.87090765778478,179.79458757943522,184.62350841826037,9137300
TXN,2024-06-03,183.0642852783203,185.81422197667098,181.15539287657023,185.5685142458761,4153500
TXN,2024-06-04,182.6674041748047,183.73523794669322,181.49560603190383,182.6768489269563,7221600
TXN,2024-06-05,185.2945098876953,185.42680853134706,182.89421595640815,184.06601424265997,5988600
TXN,2024-06-06,185.44566345214844,185.82365535713205,183.82027230567851,185.1999557363889,3905500
TXN,2024-06-07,184.850341796875,186.53243055370945,184.06599477124357,185.1716364089739,3308400
TXN,2024-06-10,186.74977111816406,186.91987759226112,183.32889632671012,183.4989883813383,4202400
TXN,2024-06-11,186.5796661376953,186.95765806810627,183.78247682646355,186.3056097315997,4193200
TXN,2024-06-12,188.03497314453125,190.2179078023894,186.51353165277112,188.49802557053462,4655700
TXN,2024-06-13,185.48345947265625,186.57965619971517,184.14156944586358,184.27386805640745,3409900
TXN,2024-06-14,183.23439025878906,184.86924079101794,182.45005767354277,183.17769290751525,3479100
TXN,2024-06-17,184.17938232421875,184.453438744666,181.5995519363689,182.54454623135098,3804900
TXN,2024-06-18,185.45513916015625,185.96542975901133,183.5462465565723,184.50070006809892,3036900
TXN,2024-06-20,182.15708923339844,183.80138444463145,181.60899082965412,183.80138444463145,5464900
TXN,2024-06-21,184.7747344970703,186.6174704998882,183.06429711959657,184.26444391916255,12516800
TXN,2024-06-24,183.2438507080078,185.74807986985482,182.71465619980384,184.82198948049788,3655700
TXN,2024-06-25,183.77304077148438,184.21718924144247,182.2138059604186,184.21718924144247,3456400
TXN,2024-06-26,182.47840881347656,184.26444750006576,181.60900135064094,183.14934670523598,3301000
TXN,2024-06-27,182.79022216796875,183.2343705979154,181.24989141892027,182.07203176311344,3874500
TXN,2024-06-28,183.82974243164062,187.0049238979802,182.85639944345778,183.47063997871024,8861000
TXN,2024-07-01,183.89590454101562,184.25499258538505,182.13821448983705,182.97925887661518,2873600
TXN,2024-07-02,187.50576782226562,188.1011188472311,183.75413928677168,184.26444428516174,4168700
TXN,2024-07-03,187.99716186523438,188.59251286793113,185.31338160646843,187.2317188157489,2454800
TXN,2024-07-05,187.85540771484375,189.14060052020943,186.3906781075437,188.99885714513795,2887900
TXN,2024-07-08,190.38800048828125,190.61480430856642,188.4318553894267,189.00830248228314,3927100
TXN,2024-07-09,189.15005493164062,191.26683284993845,188.12945939840353,191.26683284993845,3742300
TXN,2024-07-10,192.41973876953125,192.57094132136086,189.94385826606435,190.23680419806612,4559500
TXN,2024-07-11,188.98941040039062,192.77883225518244,188.8854604532782,192.59928103567296,5585400
TXN,2024-07-12,190.7659912109375,193.99786992703747,190.2367967198056,191.00223978158343,3683800
TXN,2024-07-15,190.6620330810547,191.90943240187943,189.78319535731092,190.75653827304487,3089500
TXN,2024-07-16,195.25469970703125,195.39645749068433,191.44637418159007,192.28741845451577,3134400
TXN,2024-07-17,193.02452087402344,199.24258478740038,192.80717623334388,193.85612043066595,7792500
TXN,2024-07-18,194.54595947265625,195.61380757752653,192.09842785301066,193.5631718081369,5497200
TXN,2024-07-19,188.1483612060547,194.81055914230245,187.80816269879995,194.06402002832377,4868000
TXN,2024-07-22,194.55543518066406,194.66882988481348,189.95330303785698,191.92835212509644,6063800
TXN,2024-07-23,187.38290405273438,191.81492940570803,186.57966758949405,189.55639371817918,6083300
TXN,2024-07-24,187.3734588623047,195.18856535250524,186.07882135316478,195.00901413776978,11049100
TXN,2024-07-25,186.3056182861328,190.63369385956796,183.44228674436502,187.37346644680417,9555400
TXN,2024-07-26,190.87937927246094,193.1379147818978,188.1294427528403,189.44298408394428,5384800
TXN,2024-07-29,190.77545166015625,192.9016888102124,189.71704825133415,192.08899314496776,3392000
TXN,2024-07-30,189.9344024658203,193.2418823924925,188.7248109604805,192.41028282527083,6062600
TXN,2024-07-31,193.85311889648438,194.47137267976504,189.74417455850678,194.47137267976504,7462400
TXN,2024-08-01,183.8850860595703,194.1479465841183,181.63087433889996,191.89373486344792,7958500
TXN,2024-08-02,178.30189514160156,180.3563601581517,176.9798023402379,178.34944084682434,8050200
TXN,2024-08-05,172.33819580078125,179.51935307600732,171.27291661759787,175.591114318008,8659900
TXN,2024-08-06,177.8167724609375,181.0221449027564,173.67929535545218,174.55434808475027,6210900
TXN,2024-08-07,175.0775146484375,182.1635520143146,174.744607622431,180.9460858540748,5013000
TXN,2024-08-08,183.85658264160156,184.53188838694317,176.48519881864897,178.08311763580159,6180400
TXN,2024-08-09,182.81982421875,183.99923626163533,180.68925142750655,181.68795787694378,3066500
TXN,2024-08-12,182.67713928222656,184.1704458025129,181.45967329108305,183.0480857246322,5235900
TXN,2024-08-13,187.61361694335938,188.05115064884404,183.95169770211945,184.33216494891948,4969000
TXN,2024-08-14,186.05374145507812,187.73727458863613,183.99926181887258,187.38534056372515,3072000
TXN,2024-08-15,192.06494140625,193.23486165874792,188.8025169710868,190.7048093335159,5081900
TXN,2024-08-16,190.73336791992188,192.55956708908494,188.49816829151501,192.0649669453509,4236400
TXN,2024-08-19,190.8570098876953,191.2279563444275,188.32695738109118,190.7428624686962,3788900
TXN,2024-08-20,192.6451873779297,194.46188050312287,188.41258875868195,190.64778862615444,7111400
TXN,2024-08-21,198.19033813476562,200.57772449474038,194.88985950840473,196.26903317229736,8119300
TXN,2024-08-22,193.81507873535156,199.39830267390835,192.89246569603205,198.2759570461491,6879900
TXN,2024-08-23,199.62660217285156,200.22581450905372,196.2310027098922,196.7160966407959,6112000
TXN,2024-08-26,198.0762176513672,199.75022992028073,197.41041814176185,198.78957737880307,5806000
TXN,2024-08-27,200.3970184326172,200.79649814132907,197.4199258372075,197.76233908943783,4373400
TXN,2024-08-28,197.59112548828125,200.94867056063123,195.9075925766287,200.33993754643762,3998100
TXN,2024-08-29,200.77745056152344,203.93526295418286,199.40779769306099,200.34943766846376,5622800
TXN,2024-08-30,203.86868286132812,204.1730566264168,201.07231057627072,202.19467069336028,5860900
TXN,2024-09-03,191.96986389160156,201.59546002500673,191.36113082611627,201.59546002500673,9284000
TXN,2024-09-04,194.0338592529297,195.68885915959598,190.50509983848886,191.77012625070947,4650400
TXN,2024-09-05,191.70355224609375,194.2906715129121,189.92489867931758,192.4169120179001,4107400
TXN,2024-09-06,187.8038330078125,192.00789788927733,187.11900651448116,191.6559784044662,6314400
TXN,2024-09-09,191.3421173095703,192.40739662084744,189.26862514821414,192.21717024573968,4864100
TXN,2024-09-10,190.0390167236328,191.44670905857157,187.40433764346096,191.3420823943528,4859400
TXN,2024-09-11,192.5215301513672,192.91150362584392,185.51157190254932,189.9439172378022,5900500
TXN,2024-09-12,186.40562438964844,192.13152845996242,185.1596252153344,191.75107579310006,7201000
TXN,2024-09-13,190.16265869140625,191.0662592200739,187.21411408805506,187.48043387123928,4617000
TXN,2024-09-16,188.7740020751953,189.75368157589838,186.41516338049337,189.01178864358616,3717800
TXN,2024-09-17,191.5513458251953,192.36933219404477,189.21151962623614,189.69661351017047,3478500
TXN,2024-09-18,190.90457153320312,194.95644936120146,190.19121184080862,192.77831630628646,4262100
TXN,2024-09-19,197.45797729492188,200.27336220988448,195.64128438231208,197.46748353310042,5155600
TXN,2024-09-20,193.3680419921875,195.23228057704077,191.25649608552885,194.39528171813012,14502900
TXN,2024-09-23,193.89117431640625,194.81378736589997,192.93050728837278,193.9292137816056,2757400
TXN,2024-09-24,194.92791748046875,198.23790241229807,194.61403747204716,195.99319665086435,5573200
TXN,2024-09-25,195.0420379638672,195.33689096450996,193.19681200887013,193.21583899665526,4124600
TXN,2024-09-26,199.036865234375,200.28287905179488,195.04205376292217,200.04509248190675,4521300
TXN,2024-09-27,198.9227294921875,201.3766886000866,198.60884948280432,200.5301690038739,3074400
TXN,2024-09-30,196.47828674316406,198.50421837539756,194.12895435757926,196.0312468470672,5459100
TXN,2024-10-01,191.7510986328125,196.90630980353762,189.94391196661263,195.99320297563213,9039900
TXN,2024-10-02,193.49166870117188,195.69833489949136,191.85571055391995,192.99708311603644,4389400
TXN,2024-10-03,191.81765747070312,193.5011903528335,190.48605856092405,191.2564846811062,3167000
TXN,2024-10-04,192.806884765625,196.27856316968158,191.5038043850818,196.03127034121272,4092900
TXN,2024-10-07,191.4372100830078,192.87343569781936,189.91537027543185,190.79042308511902,2772400
TXN,2024-10-08,192.33128356933594,193.3204692524582,189.5063781343214,191.16136326890478,6283700
TXN,2024-10-09,194.95645141601562,195.4605577762204,191.54183980229936,191.7035329260122,3214900
TXN,2024-10-10,192.57858276367188,193.42510234724318,191.0662637065063,192.09350340005463,3649400
TXN,2024-10-11,195.089599609375,195.73637206542645,191.5323075610739,191.5323075610739,2815800
TXN,2024-10-14,198.4661865234375,198.75153331047284,195.59372069040515,196.06929383101723,3291600
TXN,2024-10-15,190.07708740234375,198.45668461334387,189.1830074909756,197.8574722683556,6818800
TXN,2024-10-16,190.88555908203125,192.22667888907316,189.54443927498934,192.1125314605254,3311300
TXN,2024-10-17,188.61228942871094,194.88984547649122,188.43156933330417,194.88984547649122,4686900
TXN,2024-10-18,188.7740020751953,190.19121524760732,187.12852308566593,189.73465458669182,4029500
TXN,2024-10-21,186.20591735839844,188.26038235991115,184.63651723732656,187.12853044108712,4948100
TXN,2024-10-22,184.49383544921875,185.75886167709697,183.42855631556958,184.15142222578297,7910800
TXN,2024-10-23,191.88424682617188,193.08268585842183,188.32695467964297,191.218432850471,10548500
TXN,2024-10-24,196.51632690429688,196.80167368140042,191.38014296979296,192.91148900979732,9309300
TXN,2024-10-25,196.82070922851562,201.0628283782643,196.64950985018913,197.4674962999908,5103100
TXN,2024-10-28,195.77444458007812,197.1821370396918,194.98499140984225,196.2880571959707,4409000
TXN,2024-10-29,201.02476501464844,201.253030825284,195.27983355798835,196.06928668422944,5522800
TXN,2024-10-30,197.7718505859375,200.5111566766105,197.60065121194108,197.8384377958303,4914000
TXN,2024-10-31,194.50711059570312,199.1026742283991,192.82206231867465,199.1026742283991,6543000
TXN,2024-11-01,196.19210815429688,197.91544602548592,194.4304803788109,194.4304803788109,4208800
TXN,2024-11-04,194.9857940673828,196.84316866096208,193.92307018182422,194.82303639594136,3693800
TXN,2024-11-05,193.83689880371094,196.7665659845632,191.2135946948127,193.46351013573747,5253200
TXN,2024-11-06,205.81405639648438,206.49380808530933,199.49515598855487,200.03130228083674,8527500
TXN,2024-11-07,208.27459716796875,208.95436349545383,206.38851623891156,206.6087160595512,6020800
TXN,2024-11-08,210.90748596191406,211.0032326436343,207.00127262067883,207.80549215511593,5020700
TXN,2024-11-11,206.6757354736328,210.3713322824436,205.20133304515647,208.7245887546486,6154700
TXN,2024-11-12,203.71737670898438,206.23536570481153,200.09837379659012,206.21621344457986,4990800
TXN,2024-11-13,196.95803833007812,202.82695593414357,196.59421849811972,202.02272185250436,7921800
TXN,2024-11-14,197.22613525390625,198.250569279387,195.67513828258058,196.52723119519558,4783800
TXN,2024-11-15,192.553955078125,196.0485041830499,191.74973560199714,195.16769028887774,5970400
TXN,2024-11-18,198.35585021972656,198.82498555926196,192.94649901452965,193.58796084069536,7912100
TXN,2024-11-19,192.506103515625,197.54206616614513,192.4295090947295,197.12080415566587,6716000
TXN,2024-11-20,189.748779296875,191.09872869085856,188.10203562667377,189.64346378509842,7344400
TXN,2024-11-21,189.75833129882812,191.89334782040675,187.556289180746,189.80620463791746,8080300
TXN,2024-11-22,189.56683349609375,190.43807850970953,188.13072112112334,189.34663368908764,7861300
TXN,2024-11-25,194.28688049316406,195.44535109040416,191.4433909722696,192.85076788656005,9274400
TXN,2024-11-26,192.39120483398438,198.097365022655,190.6678668837891,197.22611991882127,5260500
TXN,2024-11-27,190.7061767578125,192.84119334585802,189.23175967775447,192.09441598127003,4732200
TXN,2024-11-29,192.46780395507812,193.88476425588908,191.1944490665853,191.55826892298106,3167400
TXN,2024-12-02,193.1858673095703,193.78903928118143,190.02641664283024,191.27105049444214,6373900
TXN,2024-12-03,188.82965087890625,191.45295510183593,188.60945104178393,190.19875246024992,4743400
TXN,2024-12-04,188.2743682861328,190.01685869995808,187.2786699131568,189.2796500934248,7172600
TXN,2024-12-05,184.77023315429688,188.7530405812229,184.02345584869255,187.41267480421288,6049100
TXN,2024-12-06,184.8755645751953,186.8286712483315,184.39686038376175,185.41171093217807,5140700
TXN,2024-12-09,185.21063232421875,189.38493308780698,183.4394357382736,183.85111429414113,3880300
TXN,2024-12-10,182.0799102783203,185.44042288645028,181.37143745956521,185.09575530122905,6064200
TXN,2024-12-11,183.53517150878906,184.75108416227724,182.10864246567036,183.95643350583325,6057800
TXN,2024-12-12,183.54476928710938,184.07133221567804,181.52463699531583,182.38629870469433,4025600
TXN,2024-12-13,183.42987060546875,184.0426113929562,180.28000341875045,180.76827644023658,4772800
TXN,2024-12-16,181.39060974121094,183.80326849521086,181.1225219374286,183.68838415708518,5829700
TXN,2024-12-17,180.10763549804688,183.3436800611779,179.5236158805982,181.06504374901908,5046100
TXN,2024-12-18,177.1205291748047,184.1670545955201,176.9386192668783,180.4235847700702,8281900
TXN,2024-12-19,176.61309814453125,179.38000735721647,176.04823079244554,178.93002431839827,6290000
TXN,2024-12-20,178.91090393066406,180.4427632219058,175.5408368641609,176.61312960269436,11462100
TXN,2024-12-23,182.0416259765625,182.30969915010974,178.1066770111961,178.1066770111961,4297600
TXN,2024-12-24,184.24365234375,184.27237342353274,182.35755685726454,182.3767091134167,1950900
TXN,2024-12-26,183.56390380859375,184.51174335987292,182.40544785481168,182.49161110250276,2019000
TXN,2024-12-27,183.0373077392578,183.6117585501273,181.61077875345387,182.32883496259524,3253500
TXN,2024-12-30,179.9544677734375,181.61078001689012,179.23641155930073,181.61078001689012,4065200
TXN,2024-12-31,179.5236358642578,181.04592625551408,178.13539666759448,180.62466424077107,3050500
TXN,2025-01-02,178.9874725341797,182.03203841884755,177.09180825664131,181.2565400602587,4500500
TXN,2025-01-03,182.39585876464844,182.99903069756445,179.22683947633527,180.88315182467426,4574100
TXN,2025-01-06,183.99473571777344,185.51702614689646,181.17996734804055,182.14694455401428,4682000
TXN,2025-01-07,184.02346801757812,186.7041997488664,182.95116071617056,185.564896067515,5035200
TXN,2025-01-08,183.49688720703125,184.4830166352724,180.05979474902978,183.63092379119337,4230400
TXN,2025-01-10,182.0511932373047,184.69364965227666,180.39488087020897,184.69364965227666,7223500
TXN,2025-01-13,182.95118713378906,183.5926490770363,179.65769954961658,181.7448576805189,4799600
TXN,2025-01-14,185.25851440429688,185.36382990640178,182.07991169268885,183.3819876237621,4254200
TXN,2025-01-15,189.0977325439453,190.47640301177444,187.33610455011618,187.33610455011618,6288600
TXN,2025-01-16,179.3896026611328,187.15418517159614,179.16940282523493,186.85739091258324,7463300
TXN,2025-01-17,184.22451782226562,184.71279083446763,181.92674356510128,184.3394021524561,5407500
TXN,2025-01-21,186.9148406982422,188.13075347531571,183.43945808717294,183.50646907957284,9621700
TXN,2025-01-22,188.65731811523438,190.2178837902481,186.98185350428005,187.43183659707628,8222000
TXN,2025-01-23,192.06570434570312,192.09442542968517,185.5553241467341,186.52231600377314,12694700
TXN,2025-01-24,177.61839294433594,183.3436905213,177.14925761539385,181.9075780629086,15856600
TXN,2025-01-27,179.06410217285156,181.99376970777624,175.87593026458245,177.83862051914312,11771300
TXN,2025-01-28,172.8792266845703,177.7428480754938,172.6685956862754,177.62796375238443,8720300
TXN,2025-01-29,172.59201049804688,173.93237636897697,171.9601174693688,173.31006677366494,4183800
TXN,2025-01-30,177.37904357910156,177.9534798059033,172.59200197796235,172.8122018011251,5807100
TXN,2025-01-31,178.05419921875,182.31723606354686,176.5785331846636,177.25367210272196,6333700
TXN,2025-02-03,174.51451110839844,176.80034361433755,172.0647026445584,176.53028807426554,6311500
TXN,2025-02-04,174.14801025390625,176.54959149016597,173.1738823401319,173.62719303191898,5785700
TXN,2025-02-05,175.1414337158203,175.34398274218964,171.3799350854539,173.13529620731686,5939800
TXN,2025-02-06,176.7714080810547,177.11862444522828,173.93581022645765,174.84243155051772,5089800
TXN,2025-02-07,173.60789489746094,176.90644313448186,172.9134621405172,176.7714153604608,5380500
TXN,2025-02-10,173.90689086914062,175.12215560083357,172.73986821493375,174.90996698790065,3827100
TXN,2025-02-11,172.884521484375,175.46934297019965,172.64339941814853,172.9809761976348,3795300
TXN,2025-02-12,173.59825134277344,174.03226812670755,170.48294359272282,171.17737633378673,5364200
TXN,2025-02-13,174.37948608398438,175.82621852154466,172.26725437043862,172.788071572514,3737300
TXN,2025-02-14,176.5303192138672,178.16030704342185,174.63027579660323,175.06429265421272,4137900
TXN,2025-02-18,179.8385009765625,180.51363986601467,176.1734423692056,176.1734423692056,4578700
TXN,2025-02-19,189.3483428955078,190.93010305847858,182.0278657929599,183.00200835762237,8438300
TXN,2025-02-20,196.71702575683594,197.00636045213705,190.88186902519683,192.24180096080187,9190100
TXN,2025-02-21,194.82664489746094,198.44347617649794,194.16114558741026,197.39218741678633,7349900
TXN,2025-02-24,193.61138916015625,198.11554781375196,193.2352393069372,194.96166691096218,7675900
TXN,2025-02-25,192.87835693359375,195.395671865464,191.3930514977303,194.3154497302906,7441700
TXN,2025-02-26,191.20016479492188,192.92659236658676,188.82751711506575,192.8783650084783,5611600
TXN,2025-02-27,184.50662231445312,191.09407944015155,184.36194023335426,190.48644707676942,7761700
TXN,2025-02-28,189.0300750732422,189.2808367435741,184.68987754281628,186.42594478144733,9024500
TXN,2025-03-03,187.4868927001953,193.13879510827036,186.71529906474242,191.94282423747214,6141300
TXN,2025-03-04,187.9208984375,191.86565208597366,186.16553736937746,189.3965643716911,7159200
TXN,2025-03-05,188.62498474121094,190.0041959522742,183.98578363518578,188.2874079479273,5484400
TXN,2025-03-06,182.61619567871094,187.03355348353602,181.80602910758728,184.95025540042752,7120200
TXN,2025-03-07,183.75430297851562,184.47766915604728,179.12475649892846,182.539038381432,7706800
TXN,2025-03-10,179.867431640625,182.7416027062274,176.89680585649666,180.95729343196427,9161400
TXN,2025-03-11,171.04234313964844,181.64207433106472,170.62762025526098,181.42988573819395,7981400
TXN,2025-03-12,169.46060180664062,173.24139440953456,168.5443408085769,171.9200500665455,5436100
TXN,2025-03-13,167.43515014648438,170.6854705301297,165.9787636088058,168.86258849984998,5277200
TXN,2025-03-14,170.15501403808594,170.57939121964884,168.85296374038805,169.3641413317463,4927900
TXN,2025-03-17,173.59825134277344,174.85207433704463,169.72100432465385,169.84639251085028,4940400
TXN,2025-03-18,173.07742309570312,173.38606641690365,171.30276814957074,173.31854517154468,4077700
TXN,2025-03-19,175.28610229492188,177.13791799468794,172.3637040340651,173.28960452548665,5675000
TXN,2025-03-20,174.2637481689453,175.35362471483091,172.161170628198,173.0388585595408,4980000
TXN,2025-03-21,172.64340209960938,173.4535687226521,170.75299859558643,172.19009143070906,11822900
TXN,2025-03-24,178.92221069335938,180.8222537310073,176.04803981730768,176.45312311793865,5694900
TXN,2025-03-25,177.43692016601562,180.20499697802984,177.03183683134947,177.93845822095074,4357200
TXN,2025-03-26,177.9384307861328,179.404442233105,176.77139360528028,177.7165879071032,5814200
TXN,2025-03-27,174.3408966064453,176.52064954322407,171.21596399069608,176.52064954322407,5035900
TXN,2025-03-28,170.0682373046875,174.31198027727274,169.34487102184286,173.2799853665486,5490600
TXN,2025-03-31,173.31854248046875,173.80078662466423,167.78238912393564,169.19053378350935,9222700
TXN,2025-04-01,171.6692657470703,173.18350461882196,168.08136834593878,172.91344909116023,5965400
TXN,2025-04-02,171.8621826171875,173.54038293883917,168.96871754738874,169.57634992146228,4368900
TXN,2025-04-03,158.3689727783203,168.00421600247742,158.1760780655275,165.73766265562284,11895300
TXN,2025-04-04,146.0138702392578,155.3501238106412,145.59914737104668,153.99983147986626,14976900
TXN,2025-04-07,148.53118896484375,157.11512841435464,140.04368950918246,145.55092383520798,18337200
TXN,2025-04-08,140.82492065429688,153.38256148416536,138.22080538611058,151.18352950508162,13902800
TXN,2025-04-09,163.4807586669922,166.68286672683436,139.1274303109948,140.01475773654894,21578500
TXN,2025-04-10,151.03887939453125,157.14407761416254,144.69254437383196,155.0800731625674,16019500
TXN,2025-04-11,142.35848999023438,144.55752230716158,134.98014509374147,138.88632595459953,21113300
TXN,2025-04-14,145.61843872070312,148.13575376040777,143.843783789205,145.67630566372014,10356600
TXN,2025-04-15,145.8113250732422,147.27735131892294,144.52856866480946,146.0428075489568,6958900
TXN,2025-04-16,141.34576416015625,144.4128299085156,137.49745052187325,142.00160914398518,10862500
TXN,2025-04-17,143.1686553955078,144.85651003591067,140.73814059258885,142.08843313506583,5739200
TXN,2025-04-21,140.4391326904297,141.5290091069734,137.57460145097707,140.29446534173917,8275000
TXN,2025-04-22,141.5482940673828,142.97574731184292,139.92796082805813,140.68990009054275,9139900
TXN,2025-04-23,146.74688720703125,149.82360720202308,145.90778710546016,147.7306693820299,14125000
TXN,2025-04-24,156.37249755859375,159.14057435461902,152.79423938099183,158.78371838214858,18950400
TXN,2025-04-25,157.07656860351562,157.88673526138675,154.81966946362155,156.09278639500133,8383300
TXN,2025-04-28,156.6714630126953,157.73239118527425,154.0480539740406,157.54915079247118,5170500
TXN,2025-04-29,155.060791015625,156.5846843241944,153.11252049240036,153.82624714585907,6566500
TXN,2025-04-30,155.6833038330078,156.2474812748451,150.67380414681332,152.10369881919024,6158600
TXN,2025-05-01,153.942138671875,157.6482017442444,153.74759830154207,156.451749523863,6124900
TXN,2025-05-02,160.02163696289062,161.81144717238007,156.6852254312105,157.3272220875769,7642400
TXN,2025-05-05,157.9886474609375,159.62281926427863,156.71439093592463,157.99836928481912,4803600
TXN,2025-05-06,156.6949462890625,157.5898439670446,154.7689711743289,155.93622836984986,4531400
TXN,2025-05-07,160.2939910888672,161.00408502238702,157.48284019812849,157.90111613016563,5669700
TXN,2025-05-08,161.1208038330078,163.83467706777495,160.1480870711948,162.36588010073007,5171200
TXN,2025-05-09,167.56991577148438,167.89091407451343,164.98248569917456,165.42994192710339,8655100
TXN,2025-05-12,182.17041015625,184.19366298174538,180.059616376606,180.58487694397903,16210400
TXN,2025-05-13,183.06529235839844,184.33954894682287,181.2560385802783,181.2560385802783,9837500
TXN,2025-05-14,182.228759765625,182.6081187197952,180.00124484857048,182.35521769784182,6552300
TXN,2025-05-15,182.70538330078125,184.58271944601262,180.44867338596546,181.09066998336783,5534000
TXN,2025-05-16,183.3571014404297,184.14499960763166,181.71320781133952,184.14499960763166,4518700
TXN,2025-05-19,183.2014617919922,183.33764153783633,179.2230540061006,179.9525915393683,6460900
TXN,2025-05-20,183.5614013671875,183.8434827200345,181.82022991217661,183.20148604357863,5289200
TXN,2025-05-21,180.36114501953125,184.7189120731439,179.68996806112727,181.4116809314922,8977400
TXN,2025-05-22,175.29330444335938,181.81050416070127,175.06956888845343,180.86696765908448,7500800
TXN,2025-05-23,171.48997497558594,172.4529551093367,169.00954416467306,172.18059559246979,7416700
TXN,2025-05-27,178.24061584472656,178.32815678670713,172.98793668870567,174.21356924635012,7939400
TXN,2025-05-28,179.1257781982422,180.84749094995155,178.09470084899138,178.34761669558597,5752800
TXN,2025-05-29,179.94288635253906,181.39222488677916,177.9390772748817,181.15878235373674,4533800
TXN,2025-05-30,177.8612518310547,180.08876650953772,174.85554599341424,179.93312827770623,15101100
TXN,2025-06-02,179.18417358398438,179.67053199843878,176.6551038918291,176.88856127406035,5648300
TXN,2025-06-03,182.9485626220703,183.35710186369295,177.6375227960173,178.24061725577582,5612600
TXN,2025-06-04,185.51654052734375,186.85889439758077,183.3376496548906,183.75592557723857,5780600
TXN,2025-06-05,185.29281616210938,188.98912788050075,184.15473936344938,187.6467888793138,6017700
TXN,2025-06-06,187.170166015625,189.5241389048738,187.01452776448116,188.4055205150485,5338800
TXN,2025-06-09,193.77491760253906,194.96161842719044,188.19151790378004,188.4541555920745,6869700
TXN,2025-06-10,196.7708740234375,197.62686955303832,194.03754220298447,194.52390060071576,6247700
TXN,2025-06-11,194.24180603027344,197.8019528213685,192.74381395550517,197.76303584041173,5062100
TXN,2025-06-12,194.21263122558594,194.85462784727142,192.7049172840445,192.8410970362978,3257600
TXN,2025-06-13,189.6797637939453,193.6095328823699,189.1642251105191,190.7400214755215,5138200
TXN,2025-06-16,193.78463745117188,194.4071755945915,191.23612424568526,191.8975645294836,5864500
TXN,2025-06-17,192.29638671875,195.14643982061148,191.50848848492427,192.5979265521914,4656300
TXN,2025-06-18,192.93838500976562,195.0978175132294,191.90729272450116,193.18156421202522,3742000
TXN,2025-06-20,192.79246520996094,195.4479778962823,191.21666875648148,194.9421758510175,12910000
TXN,2025-06-23,195.8954315185547,196.32342927608846,192.94810086574194,193.57063901056918,4565400
TXN,2025-06-24,200.19483947753906,200.574198430618,197.46150768196,197.68522838698598,7597800
TXN,2025-06-25,199.77658081054688,200.78819975021963,197.7630499134122,200.4088407925323,4748300
TXN,2025-06-26,200.6811981201172,201.66365157500164,200.1559375853863,200.6811981201172,4579200
TXN,2025-06-27,201.43019104003906,202.02354886499165,199.6890197053919,199.8932967583179,8585100
TXN,2025-06-30,201.95545959472656,202.69473387043706,200.80766088188435,201.4399208721814,5319900
TXN,2025-07-01,204.70823669433594,205.90467413875183,200.85628668317463,201.35236688147398,5856200
TXN,2025-07-02,209.70799255371094,210.2818918520771,203.76469284470872,204.69850741970245,5533400
TXN,2025-07-03,210.12628173828125,211.02117938953157,208.86174696320668,209.37728566618262,2561100
TXN,2025-07-07,207.5874786376953,209.74691094204042,206.4104848765965,209.15355314954056,5221400
TXN,2025-07-08,210.71963500976562,213.38486941452942,208.18084369004026,209.13410195234732,6844600
TXN,2025-07-09,210.48617553710938,212.92768922005789,209.328640237521,211.02117271454262,5231400
TXN,2025-07-10,213.66697692871094,214.75641500061627,211.62426570140786,213.29733979325138,3971400
TXN,2025-07-11,215.2135772705078,215.64157500801198,212.26624675562533,213.7545021703688,5396300
TXN,2025-07-14,214.04632568359375,214.2505878910969,211.37135459762914,213.4237875518321,4723600
TXN,2025-07-15,212.40243530273438,215.35948776414548,212.0230763546836,214.74668628958966,4419700
TXN,2025-07-16,210.72933959960938,212.6455926342234,205.93385352259116,212.44131560205298,6420900
TXN,2025-07-17,210.68072509765625,211.07954254207385,209.6107455386454,210.24300551249362,4920100
TXN,2025-07-18,210.7099151611328,212.68452914047228,210.0192945229793,212.52890572781294,4550100
TXN,2025-07-21,208.71583557128906,213.02496355441522,208.36565695530868,211.50752783265992,8269800
TXN,2025-07-22,209.05628967285156,210.10682558185846,206.37159668926515,208.20029415236883,11730800
TXN,2025-07-23,181.1685028076172,189.6797747515992,180.23468815507178,189.58249713524725,30755700
TXN,2025-07-24,180.623779296875,182.76375322120344,179.98178266683246,181.33385838269052,9049500
TXN,2025-07-25,179.94288635253906,180.80860371169257,178.20171496703492,180.63350696943027,7031800
TXN,2025-07-28,184.08663940429688,185.34143744338957,182.62756432315317,182.75402224644566,8586800
TXN,2025-07-29,186.15853881835938,187.62733578692698,183.7461905599767,184.53410360554517,7144700
TXN,2025-07-30,184.3492889404297,187.32579992274913,183.16257327731824,186.90752398780975,6985100
TXN,2025-07-31,177.39308166503906,183.12461057509603,176.1683972782543,182.37020080690365,10144000
TXN,2025-08-01,177.19712829589844,177.9123397641704,174.31666833768753,175.9920430918698,6625100
TXN,2025-08-04,179.0292510986328,179.734670473374,176.97179038043765,178.03971153534084,4682700
TXN,2025-08-05,181.64517211914062,182.71310820656728,179.87183161811797,181.20428875448323,5761900
TXN,2025-08-06,182.1448516845703,183.11479209045154,180.27353047054785,180.94955860177396,7089000
TXN,2025-08-07,182.1448516845703,187.61184423955046,180.9887419218081,186.8966178385306,6563900
TXN,2025-08-08,183.42831420898438,183.8398063337477,180.9201631915169,181.9293018438611,5946200
TXN,2025-08-11,179.98941040039062,185.04489587447813,179.68567613345868,183.64386419855194,6457800
TXN,2025-08-12,189.06185913085938,189.9142345946607,181.4688166942355,181.52759914694468,9961500
TXN,2025-08-13,189.37538146972656,190.18857366195698,187.0925830255828,189.65951660724897,4966300
TXN,2025-08-14,189.78689575195312,190.30616073356896,186.18141716004794,187.308120810778,3917300
TXN,2025-08-15,190.62945556640625,191.41324151332913,188.59157921493772,189.67909940851567,5872900
TXN,2025-08-18,190.3943328857422,191.5602347991324,189.58114066926197,190.62947766693563,2763600
TXN,2025-08-19,191.97171020507812,193.64706990691127,189.8652443004559,190.72742680651592,5491100
TXN,2025-08-20,196.7039031982422,197.1545786613403,189.53214456163067,193.50012479419786,8107300
TXN,2025-08-21,196.64512634277344,198.085341406962,195.4106349309542,195.53800688925563,5291100
TXN,2025-08-22,201.8867645263672,204.85539821227775,197.80121930466612,197.9873737189246,6177700
TXN,2025-08-25,201.798583984375,202.80772266445408,200.397537353446,201.82797521196878,3442600
TXN,2025-08-26,201.80838012695312,203.2094267859989,201.0833765654106,201.6124336224757,4549700
TXN,2025-08-27,201.3087158203125,201.53405355467748,199.1336752197178,200.80904998765268,4189700
TXN,2025-08-28,199.9566650390625,202.93510583106703,199.48639042181566,201.66143108250301,6166400
TXN,2025-08-29,198.3792724609375,199.9174832338968,197.47790654197357,199.38841120443846,5372700
TXN,2025-09-02,195.76333618164062,196.1160458626924,192.77510346019633,195.34205195275752,6238400
TXN,2025-09-03,191.77578735351562,196.02788805573726,187.50408751471502,195.18530457997235,7039600
TXN,2025-09-04,183.4969024658203,184.85875089111337,178.01032544259203,180.03839499116035,11335900
TXN,2025-09-05,184.12393188476562,185.4465969277881,181.53739920376853,183.29115551858382,9491200
TXN,2025-09-08,182.0566864013672,184.55503054975492,179.36238079448916,184.33948490522383,9701200
TXN,2025-09-09,181.28268432617188,181.89993005415283,179.9404349936529,180.6654385981909,6135000
TXN,2025-09-10,180.2833251953125,181.7333622036605,179.2350031842975,181.29246388572128,5957500
TXN,2025-09-11,180.616455078125,181.0671305499543,178.56877146995365,180.7732033141142,6596000
TXN,2025-09-12,178.90188598632812,180.60663693990156,178.64714208769536,180.38129921783045,6284200
TXN,2025-09-15,174.59100341796875,175.59035006482247,170.4858589561463,172.3179969670049,11658400
TXN,2025-09-16,174.0325469970703,177.47145521740944,173.6896294044061,175.1200672812432,7920300
TXN,2025-09-17,176.64846801757812,178.87249891239998,174.0129449882105,174.23828271551326,7209700
TXN,2025-09-18,177.94174194335938,179.99921774006418,176.65827506865037,179.52894311072856,7937100
TXN,2025-09-19,175.7373046875,179.53872977999848,174.5616106748,178.89209284059731,16206700
TXN,2025-09-22,175.9822235107422,177.73597973166326,175.67850420817436,175.76667788638588,7030300
TXN,2025-09-23,178.3532257080078,178.97047140788428,176.04102104390705,176.22717545814027,5900800
TXN,2025-09-24,180.70462036132812,181.41003971463888,177.43226749721185,178.03970612654518,5905100
TXN,2025-09-25,178.3532257080078,179.94042680058152,176.46232023660755,179.9306197578786,4042300
TXN,2025-09-26,180.81240844726562,183.49690709374025,179.36238629845565,182.193856043308,6206300
TXN,2025-09-29,179.5191192626953,182.33100458160476,179.2937815374061,181.7137589104218,5090700
TXN,2025-09-30,180.00901794433594,180.24416274447938,177.6380306044955,179.04886950583298,3873100
TXN,2025-10-01,176.73663330078125,180.77318781428585,174.71835604402895,178.2846359903677,7705000
TXN,2025-10-02,178.6275634765625,180.8809706671033,176.19777902018566,177.1089519287669,6798000
TXN,2025-10-03,176.66807556152344,181.70397709031974,176.51131237430354,179.07824602854777,5167600
TXN,2025-10-06,178.1278839111328,179.5191235150517,175.66872316015616,177.33429085781907,6019800
TXN,2025-10-07,173.46429443359375,178.33364060825235,173.37612074828047,178.07889669544483,5396100
TXN,2025-10-08,177.92213439941406,178.24543788667924,173.24873510025984,173.24873510025984,6377700
TXN,2025-10-09,175.3356170654297,177.04036812704396,174.02274406942942,176.83462952638857,5006100
TXN,2025-10-10,168.22262573242188,177.89274274444213,168.02667924220782,175.98222335301807,9630200
TXN,2025-10-13,171.56358337402344,172.53353876991847,168.9084611012911,169.32976029538057,8610300
TXN,2025-10-14,170.4172821044922,172.70009556760334,167.97770545384094,168.48717833846604,9919400
TXN,2025-10-15,171.72035217285156,172.59232686845593,167.66419803434493,170.4956677717353,9416800
TXN,2025-10-16,171.92608642578125,173.9051805537911,170.53484677532217,171.83791273907676,7188200
TXN,2025-10-17,173.00381469726562,174.03255255837217,171.03452761154077,171.5048022238499,5082600
TXN,2025-10-20,175.95285034179688,177.4420707311554,169.01623623186953,169.01623623186953,6620200
TXN,2025-10-21,177.1775360107422,178.15728352013548,175.21804099195558,175.83528670679675,10301500
TXN,2025-10-22,167.252685546875,169.57468210532508,159.73800981893504,160.6393905844204,25834500
TXN,2025-10-23,168.7027130126953,170.2409087098382,166.31212688233674,166.55706374077906,8412500
TXN,2025-10-24,165.70469665527344,170.6230182582301,165.37157114909184,170.48585420854127,7691800
TXN,2025-10-27,165.97901916503906,166.91956834558502,165.26379276239925,166.38071920765708,8606300
TXN,2025-10-28,163.52964782714844,166.07698218616423,163.11815569876342,165.71448041944015,9646600
TXN,2025-10-29,157.01431274414062,163.3434875180554,156.593028538556,163.3434875180554,11961900
TXN,2025-10-30,157.25926208496094,159.3461289940131,156.73020502549875,156.90655239539944,9477600
TXN,2025-10-31,159.6020050048828,160.13578431599547,155.98411885036862,156.5376722346924,8707900
TXN,2025-11-03,159.6020050048828,161.5690954182335,158.2280010390797,160.47186814459226,5208300
TXN,2025-11-04,157.5261688232422,160.44221874491032,156.3103272451417,159.32521736903652,11462300
TXN,2025-11-05,161.68772888183594,163.7141264831004,157.5558223012543,157.5558223012543,9770200
TXN,2025-11-06,159.52291870117188,161.92494814927224,159.2362474399595,160.8771485505191,5859500
TXN,2025-11-07,158.7024688720703,158.7518965121467,155.08458281653208,158.5344269623691,8837700
TXN,2025-11-10,158.73211669921875,161.49000395064874,156.66617113424095,160.1357741440782,7677900
TXN,2025-11-11,157.89190673828125,160.30383091172735,157.40755505445242,158.57396899359824,7274200
TXN,2025-11-12,161.21324157714844,162.6366732202343,158.55419428321707,158.99902798408056,6241200
TXN,2025-11-13,160.36312866210938,163.53619611707407,159.62175931202583,160.6596794187824,7719600
TXN,2025-11-14,157.49652099609375,159.02868747685508,156.47837486852706,158.65305547838213,6041500
TXN,2025-11-17,153.20645141601562,157.91167008370724,151.7731252860997,156.804563357944,7343400
TXN,2025-11-18,155.50965881347656,156.27078723472985,151.77314301125284,152.77153016316115,8164700
TXN,2025-11-19,155.28228759765625,157.33835386580208,153.34485068944124,154.76828234301902,5568500
TXN,2025-11-20,151.5655517578125,157.4174253518015,150.9724502444009,156.33997218286189,7890900
TXN,2025-11-21,157.56568908691406,159.3054454365943,151.64462901763886,151.65450851209926,11711300
TXN,2025-11-24,159.404296875,160.82772850398294,157.14065566168594,157.882025044848,9466500
TXN,2025-11-25,159.90843200683594,160.0863534125152,156.8638733718951,157.8820194151437,7406700
TXN,2025-11-26,163.44723510742188,165.11777470324648,160.18520695655386,160.45210414537706,7346300
TXN,2025-11-28,166.33363342285156,167.30235182756797,163.51642382851722,164.12928433798297,4018100
TXN,2025-12-01,166.2248992919922,167.71751750895302,164.6136517206887,164.9200819766106,6170800
TXN,2025-12-02,173.24319458007812,175.83305525332736,166.07662377057957,166.76858060495238,9438900
TXN,2025-12-03,180.4987335205078,180.8941244806288,173.55951206303735,174.7852481725296,9259300
TXN,2025-12-04,178.04727172851562,181.7936669069747,176.8808577696112,181.1313787142274,6724100
TXN,2025-12-05,180.4394073486328,182.6338618205852,178.55139820973875,178.78862674733492,6584600
TXN,2025-12-08,178.8578338623047,181.58606770945738,177.46405582903387,181.3982517227218,6427600
TXN,2025-12-09,177.45416259765625,179.78700530082534,177.33553325125968,177.83967403625127,3760400
TXN,2025-12-10,179.5794219970703,180.61734208861168,175.45741028101554,175.78361460025414,5268900
TXN,2025-12-11,179.5794219970703,179.92540038865005,177.11807036092344,178.20541809171874,4838000
TXN,2025-12-12,177.35533142089844,181.1214856211729,176.59418793448938,179.69805393658427,5980500
TXN,2025-12-15,175.92201232910156,177.29601630778293,171.99769587742622,173.3321667925133,9037500
TXN,2025-12-16,175.5167236328125,176.96980879580877,173.97467776592626,176.28774656625563,5746900
TXN,2025-12-17,172.4820556640625,177.57278582601322,171.69125867534834,175.82314993950283,8865600
TXN,2025-12-18,174.16249084472656,176.84129699402152,173.87581958160172,174.76547185524652,8546200
TXN,2025-12-19,174.26133728027344,176.18890973390998,173.5693955425776,173.69790439500633,19091700
TXN,2025-12-22,176.76222229003906,177.82978083347962,175.92199769735632,177.42451040335015,5373100
TXN,2025-12-23,175.04225158691406,176.55464388691453,174.64684554179078,176.2185600609585,3500300
TXN,2025-12-24,175.0916748046875,175.9714324934641,174.76547048190093,175.29924977533477,1266500
TXN,2025-12-26,174.8445587158203,176.46568581702812,174.39972502301688,175.67488879817583,3191100
TXN,2025-12-29,173.66824340820312,175.60568019099347,173.08503647442834,174.47879938539558,4163200
TXN,2025-12-30,173.40135192871094,174.4392720666916,173.23331001428718,173.92525174520813,3904600
TXN,2025-12-31,171.49356079101562,174.15259281489432,171.44413315181538,173.77697594000762,3426900
TXN,2026-01-02,175.47718811035156,176.8314179723563,172.89722215131602,172.95652928641138,6133600
TXN,2026-01-05,175.13121032714844,180.78538850182596,174.85443364026477,175.97143496581555,6755000
TXN,2026-01-06,189.88941955566406,190.69997558063778,178.01761471030935,178.01761471030935,13219400
TXN,2026-01-07,183.5729522705078,188.52529435886888,182.36699019112908,186.30118619196202,8341300
TXN,2026-01-08,186.28140258789062,186.90415766938722,180.44930305965894,180.72607974405787,6857300
TXN,2026-01-09,188.12001037597656,189.19746361030087,185.35222828409107,186.62739209034925,6018300
TXN,2026-01-12,186.89427185058594,188.6241336111436,185.83657770562442,186.67680230831715,6502600
TXN,2026-01-13,186.36048889160156,187.5664509422604,185.4906106693038,187.10185826291485,4135000
TXN,2026-01-14,191.22386169433594,191.3820241065172,185.28302749175697,185.3423346255255,7988800
TXN,2026-01-15,186.94369506835938,194.37716282385813,186.59773174643385,192.6868340276674,6942600
TXN,2026-01-16,189.37539672851562,190.25515445840352,187.8827784695279,188.0409258077739,6944800
TXN,2026-01-20,187.4082794189453,190.21559434864037,185.78715240908784,188.05080855945573,9516600
TXN,2026-01-21,192.17282104492188,193.87302926752812,189.05906077393118,189.2468767529583,7272000
TXN,2026-01-22,192.74615478515625,197.13504874195365,191.45121696190122,195.02957000870038,7264000
TXN,2026-01-23,191.08547973632812,194.1498124710915,188.93057336038098,193.50728330634522,6691300
TXN,2026-01-26,194.32772827148438,194.57485138544166,190.22549061307257,191.0854742230206,9169300
TXN,2026-01-27,194.36727905273438,196.12679444132075,192.10362285159025,192.4496012491025,10748800
TXN,2026-01-28,213.6824188232422,214.09758385725132,201.37569039294814,201.51407873761784,19603400
TXN,2026-01-29,216.4501953125,219.4453262615765,212.3479576341326,213.909762448726,14120000
TXN,2026-01-30,214.46031188964844,215.36571512060937,211.9828943665196,214.9677281710195,9086800
TXN,2026-02-02,223.8724822998047,224.12121845349253,213.75389738958157,214.3508702310924,11194900
TXN,2026-02-03,224.0714874267578,227.6731821392684,221.57416668224113,223.10638991843587,15207600
TXN,2026-02-04,221.79306030273438,227.13590823308968,217.55460154486235,221.007060706515,14542500
TXN,2026-02-05,222.8477020263672,224.6784117497513,217.79338130159417,220.52947913292903,11044200
TXN,2026-02-06,220.32054138183594,225.61363892103364,217.4849431125745,224.48936181221913,9397500
TXN,2026-02-09,217.66404724121094,221.0369090270394,217.13672778661612,220.14144972519205,9246700
TXN,2026-02-10,219.80316162109375,220.95730101334877,215.03738361474663,215.73384180605572,5101000
TXN,2026-02-11,225.41465759277344,230.15060384550554,222.0020047286817,222.0020047286817,9132600
TXN,2026-02-12,221.87265014648438,228.33979017317563,220.74835786833157,225.53403905901908,8474700
TXN,2026-02-13,225.0166778564453,225.7429831748059,220.42002340989816,220.54937106802473,5011900
TXN,2026-02-17,224.54905700683594,227.29509873287543,221.68361160112494,225.38480685628485,5454800
TXN,2026-02-18,222.1910400390625,228.83726281985582,220.2409419020629,228.71787432346915,6667800
TXN,2026-02-19,216.9476776123047,220.9174969332334,216.32085764304222,220.0319968279444,5002200
TXN,2026-02-20,218.6191864013672,219.08681160719104,215.43536651826378,215.64431157727793,5457500
TXN,2026-02-23,218.74851989746094,221.66370028206143,217.79336640356894,217.79336640356894,7877400
TXN,2026-02-24,212.2714385986328,223.03673138348594,208.53043714908574,219.60417551559937,9494300
TXN,2026-02-25,212.8186492919922,214.80853854271356,209.16720433871646,213.31612160467253,6997300
TXN,2026-02-26,211.55508422851562,214.9975841904209,209.08761058391195,213.36587558371224,6041500
TXN,2026-02-27,211.03770446777344,211.5550799222914,207.1972176179844,210.16214834191993,8275100
TXN,2026-03-02,208.75929260253906,210.40094519335386,206.26197182851172,209.9731111017476,6811300
TXN,2026-03-03,201.6454315185547,205.52572478419074,200.7400282384079,204.84915452395828,7496500
TXN,2026-03-04,201.36683654785156,204.27207295172158,200.4813364630475,203.32687862011161,5451500
TXN,2026-03-05,196.97914123535156,200.91912880286964,193.78537735092212,199.8943370087604,8051800
TXN,2026-03-06,192.25314331054688,194.06394979331805,190.18365669380125,191.5268379939513,7220500
TXN,2026-03-09,195.2081298828125,196.1632833904774,188.72108676022364,191.77557400695574,7597500
TXN,2026-03-10,196.46177673339844,199.16801220690311,194.4619282760934,194.6509701881422,5929200
TXN,2026-03-11,197.6656494140625,200.4116911496095,196.49162202838855,197.5761080402366,4995200
TXN,2026-03-12,189.0892333984375,193.77541418903377,188.79074696769206,192.67102502243105,8156800
TXN,2026-03-13,189.81553649902344,192.7705232833702,189.17877253905664,190.50205072713536,3688400
TXN,2026-03-16,193.1486053466797,195.26782707920563,191.45718733503006,193.3376472549217,4754900
TXN,2026-03-17,193.46697998046875,195.43696609408732,192.79042492026346,194.87979953117704,3385200
TXN,2026-03-18,189.81553649902344,194.55146750242332,189.02953691627158,193.45703751148213,5069200
TXN,2026-03-19,187.33811950683594,189.03948152044612,183.96525778592138,186.82075922504194,5868100
TXN,2026-03-20,186.24368286132812,189.36780831078156,184.90050157319965,187.56696100651365,15025200
TXN,2026-03-23,187.67640686035156,193.98435205148016,187.47740579280054,193.61622740348068,7452800
TXN,2026-03-24,193.6460723876953,195.40711339919454,186.0048899639918,186.0048899639918,7015200
TXN,2026-03-25,195.77525329589844,197.9641283807205,194.5315725452439,196.52146174629118,4505800
TXN,2026-03-26,192.4322509765625,196.07375208791453,191.9049315195343,195.10865454996085,6314400
TXN,2026-03-27,189.36781311035156,191.99446632435274,188.3728684810837,190.7408415568693,5792700
TXN,2026-03-30,185.47756958007812,191.73577958441862,184.01499981088057,190.6413344572471,6024700
TXN,2026-03-31,193.15855407714844,193.57642900907166,187.5172197237089,189.3180671142533,7277900
TXN,2026-04-01,195.30763244628906,196.2627707822296,193.2978400578411,193.2978400578411,5432000
TXN,2026-04-02,193.88485717773438,195.07880289129523,190.03442627828673,191.4074547398915,3408100
TXN,2026-04-06,198.41184997558594,198.55114161208505,194.90964073863037,195.99414188885524,4235600
TXN,2026-04-07,198.73023986816406,199.36700380489413,194.4718781947224,197.50644707938378,4659000
TXN,2026-04-08,207.84393310546875,208.79908665763537,205.11779445720592,205.6053076236555,7454600
TXN,2026-04-09,213.8931884765625,214.83838282180778,209.813924675596,211.49538349925183,5499100
TXN,2026-04-10,213.6444549560547,216.22137307141946,212.83855223931886,215.28612269537783,4268000
TXN,2026-04-13,215.6144561767578,216.10196932632908,211.03770483306536,212.8683992978823,4630500
TXN,2026-04-14,217.76351928710938,218.38039526133733,213.26638063533005,216.09201964980727,5495200
TXN,2026-04-15,215.19656372070312,217.20635609033747,210.62977158946492,216.46014763039722,4459600
TXN,2026-04-16,221.97215270996094,222.88749994646105,215.62440112146092,215.62440112146092,6709000
TXN,2026-04-17,228.65818786621094,229.36459006943437,223.53421378471188,227.10606145204898,7091700
TXN,2026-04-20,232.5185546875,232.7871939857965,228.85716577262232,231.39427759027782,6123300
TXN,2026-04-21,231.97132873535156,234.80692693412274,229.47402324055633,233.31451002564313,6833300
TXN,2026-04-22,235.1153564453125,237.592773969431,233.30456516431713,235.21485697816217,11463100
TXN,2026-04-23,280.80322265625,282.6836521430355,257.9990792863087,258.9940238766267,25659100
TXN,2026-04-24,275.7389831542969,286.37491384789786,270.63491208842174,286.37491384789786,13943600
TXN,2026-04-27,268.1375732421875,275.61954580223903,266.27703167373704,274.77386717170697,9962700
TXN,2026-04-28,263.66033935546875,269.3215769955994,262.9041716848342,266.1377418844767,8369400
TXN,2026-04-29,267.8590087890625,271.06273188306113,266.2073969715798,268.2669397527151,7821400
TXN,2026-04-30,279.6590270996094,280.49480732004685,264.9935527672942,268.86390200578603,11066700
TXN,2026-05-01,279.5993347167969,280.4450437422734,275.1420021156423,278.6840026419031,4494300
TXN,2026-05-04,279.4700012207031,282.3553344669023,275.2414867016855,282.25583393497146,5525700
TXN,2026-05-05,281.0,282.5,275.5799865722656,280.5,7295200
TXN,2026-05-06,289.44000244140625,292.6400146484375,279.04998779296875,279.04998779296875,10183200
TXN,2026-05-07,285.239990234375,287.6600036621094,281.0,286.2900085449219,7017900
TXN,2026-05-08,287.79998779296875,292.5,286.3800048828125,292.489990234375,8881500
TXN,2026-05-11,297.760009765625,298.17999267578125,289.0,291.2900085449219,9347300
TXN,2026-05-12,295.1700134277344,296.29998779296875,287.6300048828125,296.239990234375,6431000
TXN,2026-05-13,306.3399963378906,309.32000732421875,301.9200134277344,302.739990234375,7546500
TXN,2026-05-14,308.1700134277344,310.2900085449219,303.5,306.6700134277344,5767800
TXN,2026-05-15,302.7300109863281,307.55999755859375,297.79998779296875,302.69000244140625,6661600
TXN,2026-05-18,300.6000061035156,309.19000244140625,295.4599914550781,308.54998779296875,6513100
TXN,2026-05-19,302.30999755859375,305.5,291.95001220703125,292.6099853515625,7296900
TXN,2026-05-20,304.8800048828125,305.739990234375,298.95001220703125,305.2200012207031,7660700
TXN,2026-05-21,298.3900146484375,303.07000732421875,294.7799987792969,300.8900146484375,5663700
TXN,2026-05-22,309.2099914550781,315.57000732421875,303.0,305.3999938964844,7129100
TXN,2026-05-26,324.8900146484375,326.4200134277344,315.3500061035156,318.42999267578125,8480000
TXN,2026-05-27,317.45001220703125,331.510009765625,313.17999267578125,331.45001220703125,6740600
TXN,2026-05-28,315.95001220703125,321.2900085449219,313.1099853515625,320.1600036621094,5884400
TXN,2026-05-29,305.67999267578125,319.0,303.7699890136719,316.4800109863281,16785100
TXN,2026-06-01,293.20001220703125,302.0,289.92999267578125,297.3800048828125,9623100
TXN,2026-06-02,308.1199951171875,308.3999938964844,298.9800109863281,301.260009765625,11136800
TXN,2026-06-03,308.5899963378906,312.760009765625,301.6400146484375,308.6400146484375,6730100
TXN,2026-06-04,305.3699951171875,310.7200012207031,303.29998779296875,305.5299987792969,7924400
TXN,2026-06-05,285.05999755859375,298.80999755859375,284.17999267578125,298.7200012207031,11937400
TXN,2026-06-08,290.8999938964844,295.5799865722656,287.5299987792969,293.7300109863281,7791100
TXN,2026-06-09,288.6300048828125,298.0299987792969,273.8800048828125,297.8399963378906,8920600
TXN,2026-06-10,282.010009765625,292.5799865722656,281.8399963378906,285.82000732421875,7325400
TXN,2026-06-11,297.1000061035156,298.67999267578125,285.7900085449219,289.8900146484375,9862700
TXN,2026-06-12,301.1199951171875,303.0299987792969,295.8500061035156,298.989990234375,5368300
TXN,2026-06-15,313.3399963378906,315.8599853515625,307.8699951171875,310.1099853515625,7459200
TXN,2026-06-16,305.7099914550781,319.2200012207031,305.489990234375,311.55999755859375,7706700
TXN,2026-06-17,301.8800048828125,311.7300109863281,299.239990234375,307.1199951171875,7098300
TXN,2026-06-18,322.8599853515625,323.6000061035156,311.55999755859375,313.1099853515625,21929600
TXN,2026-06-22,332.2799987792969,334.0299987792969,326.0400085449219,328.0,8954600
TXN,2026-06-23,304.3599853515625,316.260009765625,301.0799865722656,313.9100036621094,10814300
TXN,2026-06-24,303.1099853515625,307.82000732421875,300.07000732421875,303.1300048828125,8761600
TXN,2026-06-25,311.80999755859375,316.5899963378906,305.0,315.70001220703125,8782800
TXN,2026-06-26,285.42999267578125,305.0,279.54998779296875,302.4599914550781,29822600
TXN,2026-06-29,285.4800109863281,290.2699890136719,275.7799987792969,280.3299865722656,12982600
TXN,2026-06-30,298.07000732421875,300.2300109863281,286.2300109863281,286.2300109863281,10944300
TXN,2026-07-01,298.4100036621094,303.29998779296875,293.07000732421875,294.1000061035156,8737100
TXN,2026-07-02,293.0799865722656,305.2699890136719,288.6199951171875,299.9800109863281,9766000
TXN,2026-07-06,303.5,306.0199890136719,299.239990234375,299.6600036621094,6726400
TXN,2026-07-07,293.29998779296875,296.3800048828125,285.3900146484375,292.67999267578125,8287400
TXN,2026-07-08,301.32000732421875,307.42999267578125,288.0,288.0,6535400
TXN,2026-07-09,308.5299987792969,315.3399963378906,305.4100036621094,309.8500061035156,6228700
TXN,2026-07-10,311.4599914550781,312.92498779296875,303.3999938964844,304.20001220703125,4016333
