symbol,date,close,high,low,open,volume
UNP,2018-01-02,112.6863784790039,112.6863784790039,111.35850327668825,111.79837191000601,4298000
UNP,2018-01-03,113.3171157836914,113.366921552772,112.25482065399552,112.9602567517334,4653700
UNP,2018-01-04,112.70295715332031,114.42918949482356,112.47058094038275,113.56606699229502,4384900
UNP,2018-01-05,114.13871002197266,115.95623387731868,112.91872860300215,114.23829620685073,5381200
UNP,2018-01-08,115.72390747070312,115.88159410698775,114.08067139529929,114.09726065754896,5472300
UNP,2018-01-09,117.01856231689453,117.1596470071533,115.54130772058852,116.03095682152606,6390800
UNP,2018-01-10,115.93968200683594,117.35054177703918,115.13465956208793,116.32974495072658,9513700
UNP,2018-01-11,116.47911071777344,117.01025825268117,115.76538003053278,116.67828312864125,3103200
UNP,2018-01-12,117.15966033935547,117.69080797753048,116.57871958878259,116.8525943705295,3268800
UNP,2018-01-16,116.44590759277344,118.00615902650699,116.0392554757027,117.90657282045802,5793300
UNP,2018-01-17,116.57042694091797,117.60782567871657,115.98947351690371,116.44593149424685,3376700
UNP,2018-01-18,116.54547119140625,116.91894471875614,115.86494447615279,116.75295085613229,3882100
UNP,2018-01-19,117.22603607177734,117.53310199003435,116.02265628729164,117.01855636191578,4592100
UNP,2018-01-22,117.8235855102539,117.91487709445124,116.28823050245047,117.3090398521728,3277400
UNP,2018-01-23,117.31732940673828,118.18043944071705,115.6408897801671,117.35052058884808,6179400
UNP,2018-01-24,117.17621612548828,118.71986531978972,116.11392126742638,117.36709386903985,5229100
UNP,2018-01-25,110.87718200683594,112.03076889511817,109.39992721935393,111.6822044393306,13806700
UNP,2018-01-26,111.40000915527344,111.73198430969498,110.14683618916996,111.05144474079877,5843300
UNP,2018-01-29,112.91046142578125,113.49969671430038,111.30041683987271,111.37510649668951,5754200
UNP,2018-01-30,112.33779907226562,113.76526029171116,112.16351056812954,112.27969868303535,5383600
UNP,2018-01-31,110.7941665649414,113.68228061949007,110.38750176923088,112.61169087408592,5699900
UNP,2018-02-01,109.86466979980469,110.99336002848443,109.43310841907365,109.97255064731921,5597600
UNP,2018-02-02,107.35830688476562,109.32521057915268,105.58228098709179,109.26712284256915,8181200
UNP,2018-02-05,103.02613067626953,109.366710500295,103.01782971445715,106.71926721044636,6744400
UNP,2018-02-06,108.8438720703125,109.13434878649863,100.83515876471166,101.48249457332633,15734300
UNP,2018-02-07,107.02633666992188,109.39990500323333,107.00973474771516,108.17161603106081,5053000
UNP,2018-02-08,103.62367248535156,106.81055796442739,103.58217400839104,106.81055796442739,6325100
UNP,2018-02-09,105.6320571899414,106.50347440770254,100.60275160524964,104.93492848115456,9156000
UNP,2018-02-12,106.76073455810547,107.75663440472914,104.69423889388409,106.02210746664126,4162000
UNP,2018-02-13,106.47858428955078,107.03462836444538,105.21710417110981,106.02212641805347,5078100
UNP,2018-02-14,110.53690338134766,110.82736740626511,106.4786003543903,106.89355981589333,4782100
UNP,2018-02-15,111.11784362792969,111.30042680330861,109.00985514431544,111.08465244311431,3454400
UNP,2018-02-16,111.43318939208984,112.47888241395295,110.45387872348869,110.74435533911686,3595800
UNP,2018-02-20,108.0803451538086,111.00166350742663,107.83136692724842,110.49541242339247,3412000
UNP,2018-02-21,109.9642562866211,112.37101607577313,108.28781653177609,108.28781653177609,3900700
UNP,2018-02-22,110.87718200683594,111.4000223587379,109.26713714184663,110.71118807817243,3585900
UNP,2018-02-23,112.01415252685547,112.1801337705592,110.8771677107499,111.62408963919526,2515500
UNP,2018-02-26,115.18445587158203,116.07247530656142,112.52871752512858,112.78599039662824,5433900
UNP,2018-02-27,111.58026123046875,116.11054369164431,111.56357152017087,115.40972862536061,10917200
UNP,2018-02-28,108.66850280761719,112.23933627682733,108.52667212432104,111.87223910570016,5271900
UNP,2018-03-01,107.13336944580078,111.07129967040234,106.43254822629595,108.78529381095942,5894300
UNP,2018-03-02,107.20845031738281,107.75909599690456,104.54700893020903,106.24899598701626,6923000
UNP,2018-03-05,108.72689819335938,108.90209554046321,104.58872972567855,106.58272301693125,5573100
UNP,2018-03-06,109.53619384765625,109.87826287734372,107.85090235945059,109.03561713324089,3021300
UNP,2018-03-07,109.38600158691406,110.08681647762997,107.73407713579351,108.18459735682067,3339900
UNP,2018-03-08,110.36213684082031,111.22982331201383,108.76026881382703,109.96167301670086,3429400
UNP,2018-03-09,114.53367614746094,114.61711194855855,111.37165788190971,111.63862953049345,6572100
UNP,2018-03-12,114.01641082763672,114.98421011460027,113.8996083433836,114.32510037948082,3279100
UNP,2018-03-13,114.1582260131836,116.42754202541717,113.39900360331931,113.39900360331931,4170300
UNP,2018-03-14,112.48963165283203,115.09266581974413,112.03909867439478,114.49196366883879,3960500
UNP,2018-03-15,113.68267059326172,114.30006237447417,112.19760510785937,112.71488411988085,3380900
UNP,2018-03-16,114.43356323242188,116.39417725068994,113.79114321019031,114.06646607686098,8320600
UNP,2018-03-19,114.28338623046875,114.55037062067863,113.21547413066202,114.133217058863,4154100
UNP,2018-03-20,114.94249725341797,115.30124320988345,113.79948782470072,114.63379495752261,4640400
UNP,2018-03-21,115.60160827636719,117.01158953834674,114.67552673764511,115.22617256726755,3465500
UNP,2018-03-22,112.52301788330078,115.02593970335862,112.13089244638356,114.4919835576337,3713900
UNP,2018-03-23,110.0784912109375,114.49197058548953,109.80316831426347,114.49197058548953,3955300
UNP,2018-03-26,110.96282958984375,111.64696743179644,109.2358080111444,111.47175736259669,4874000
UNP,2018-03-27,109.54452514648438,112.33944630262465,108.98554091525632,111.7220671940675,4077500
UNP,2018-03-28,109.09400177001953,111.03793901810454,108.29307401000789,109.56956297107169,3775400
UNP,2018-03-29,112.15591430664062,113.1987983393834,109.34430302813185,109.83654123626212,4360300
UNP,2018-04-02,111.0462875366211,113.79115247795941,109.75310889894114,112.86507102573874,5229600
UNP,2018-04-03,112.11419677734375,112.8734065943394,110.89610275987818,111.90561999377556,4495100
UNP,2018-04-04,110.87940979003906,111.14639417579835,108.83535991731988,110.57072023320657,5738000
UNP,2018-04-05,111.0462875366211,111.69704609974731,110.03677027660807,111.57189238805879,4850500
UNP,2018-04-06,108.6935043334961,111.25483268416738,107.34193119916901,110.12851325188596,3120000
UNP,2018-04-09,108.47662353515625,110.1786045876284,108.25969551997127,109.30257949907653,3007200
UNP,2018-04-10,108.56005096435547,110.19529871053214,107.88426415570437,109.6863707991192,5454900
UNP,2018-04-11,109.46109771728516,109.98671530603487,107.15841452034026,107.66734240121237,3394300
UNP,2018-04-12,112.1475601196289,112.73157255011475,109.76979249611168,110.17025634408536,3603300
UNP,2018-04-13,112.06415557861328,112.87342189649421,111.45510212205335,112.45626827280464,3027300
UNP,2018-04-16,114.36680603027344,114.98419779834721,112.65647412007397,113.19043009525426,3289400
UNP,2018-04-17,114.87576293945312,115.52652155136978,113.98304810510821,114.98422695161186,3265800
UNP,2018-04-18,115.93528747558594,117.72070365613735,115.65996468267925,116.03540022554748,5439800
UNP,2018-04-19,115.12605285644531,115.74343202482378,114.44191485519451,115.57657313419493,3174800
UNP,2018-04-20,113.18212127685547,115.08434073272548,112.87341894664043,114.517005199465,4246800
UNP,2018-04-23,113.49079132080078,113.80783208565539,112.88175071562053,112.97352500384078,3546900
UNP,2018-04-24,110.82100677490234,114.55036029996981,109.67801019227394,114.35847324336777,4430400
UNP,2018-04-25,113.5158462524414,113.79950767174847,110.31210935898592,110.80434759787501,4724200
UNP,2018-04-26,110.2787094116211,111.43005731516945,105.43139342895043,108.01774423729563,8308300
UNP,2018-04-27,112.7983169555664,112.8316963685316,109.04393501949012,109.85321392193006,3631500
UNP,2018-04-30,111.48845672607422,113.89960362510902,111.46342853266505,113.07363505106018,3835600
UNP,2018-05-01,110.7375717163086,111.93063742343355,109.7197160919558,111.93063742343355,3214100
UNP,2018-05-02,109.51947784423828,111.48844277259556,109.40267537944224,110.69584097878621,3490400
UNP,2018-05-03,109.90325927734375,110.50396134525094,108.00104030580918,109.81983621433785,5288800
UNP,2018-05-04,111.9056167602539,112.6481495790805,109.10234436087742,109.5778927938033,2737800
UNP,2018-05-07,112.54803466796875,113.1821162789375,111.98905037917926,112.16426049024099,3057600
UNP,2018-05-08,114.37512969970703,114.92577530823111,111.97233448794256,112.1809112126399,3473000
UNP,2018-05-09,116.71953582763672,116.9865201591149,114.27502260379335,114.36679687642477,3092200
UNP,2018-05-10,117.85420989990234,118.47160170303043,116.4275519662291,117.06997196254335,3073000
UNP,2018-05-11,118.7719497680664,119.08899051448056,117.60392501366955,117.97100941468354,3085300
UNP,2018-05-14,117.39537811279297,119.52285140435008,117.22016798981433,119.14741568998814,2919500
UNP,2018-05-15,117.04493713378906,117.92931335097607,116.27737613157431,117.00323196331728,2911300
UNP,2018-05-16,117.93765258789062,118.671846912287,117.22848645814265,117.22848645814265,2251000
UNP,2018-05-17,118.88043212890625,119.59793679764331,117.68736626705083,117.93766096182274,2742500
UNP,2018-05-18,119.97335052490234,120.51564498892888,118.47159536154045,118.73022849763048,2764000
UNP,2018-05-21,121.0412368774414,122.41783805989293,120.4071682672507,120.48225282690908,2673800
UNP,2018-05-22,119.23919677734375,122.13424410223902,119.13908397595868,121.0413035853888,2459000
UNP,2018-05-23,120.36547088623047,120.64913220249765,117.80414236151576,118.35478802051499,3455200
UNP,2018-05-24,121.52519226074219,122.05914837030129,119.7731420131638,120.34881602966864,3562900
UNP,2018-05-25,121.02461242675781,121.30827384763374,120.30710765420649,121.14141493714901,2200000
UNP,2018-05-29,120.18192291259766,120.60741488904962,118.83868816672275,119.87322067351128,4091500
UNP,2018-05-30,122.54666137695312,123.32652567086075,120.97856462480024,121.08756828228107,3925700
UNP,2018-05-31,119.71238708496094,123.10854533435123,119.46083023308029,122.57186939139956,4408500
UNP,2018-06-01,123.20075225830078,124.13155073302735,121.3223805916799,121.33915530884762,4504200
UNP,2018-06-04,119.88003540039062,124.06442388563859,119.25949902272698,123.93025178311305,6466600
UNP,2018-06-05,119.44400787353516,120.14839236860017,117.53209978958232,119.46078258875824,4724500
UNP,2018-06-06,119.37691497802734,120.46704108870105,118.52158368560855,120.39157406755297,3783500
UNP,2018-06-07,119.24271392822266,119.65361115817046,118.5551043545246,119.44397206448676,3654200
UNP,2018-06-08,121.1882095336914,121.46493476110672,119.18405967031293,119.37692411535066,4804800
UNP,2018-06-11,122.52153778076172,123.42718068401336,120.82764941753021,121.02890766115112,3201600
UNP,2018-06-12,122.51313018798828,123.93028016109173,122.07707715260935,123.12527295231713,2962000
UNP,2018-06-13,120.98694610595703,123.5193906391103,120.73537656505228,122.50473151575922,3007500
UNP,2018-06-14,121.5404052734375,122.23640884198211,120.68507389102183,121.81713050878844,2832600
UNP,2018-06-15,123.28462982177734,124.38313723155377,121.25532381063823,121.93455280169927,7915700
UNP,2018-06-18,122.89046478271484,124.33278307024428,121.71647793720898,122.17768659810923,3222600
UNP,2018-06-19,119.75430297851562,121.6494496687606,119.41888535308297,121.36433061224439,4280800
UNP,2018-06-20,120.2154769897461,120.74377175237673,119.44400643841666,120.19032131489307,3767900
UNP,2018-06-21,119.9974594116211,120.7353805485008,118.78154205635752,120.39996301313356,3276600
UNP,2018-06-22,120.71024322509766,121.52364430715406,120.39998131794485,120.75217362223307,3066300
UNP,2018-06-25,118.4293441772461,120.60959643959286,117.59078758332166,120.06452697632707,3589900
UNP,2018-06-26,118.4544906616211,119.29304719048949,118.09391749597914,119.27628527256931,2663100
UNP,2018-06-27,117.2386245727539,120.14003674090932,117.19669417353428,118.89896345988767,3085400
UNP,2018-06-28,117.99334716796875,118.51324835206513,116.4503927456752,117.08770417945826,3265100
UNP,2018-06-29,118.80671691894531,120.1819623039851,118.63900812417684,118.66416380362406,3629400
UNP,2018-07-02,119.9723129272461,120.15678362907911,117.80044135490536,118.20295778261315,2569400
UNP,2018-07-03,118.4293441772461,120.58444076540378,118.15261896580805,120.43349392491113,1311000
UNP,2018-07-05,119.28468322753906,119.47754767395864,118.23648741710375,119.14213013276294,2889100
UNP,2018-07-06,119.96391296386719,120.8108633740716,119.18406141683523,119.65365109616963,3335800
UNP,2018-07-09,121.63264465332031,121.91775084346168,119.92198192175401,120.7437766514919,4379600
UNP,2018-07-10,120.84437561035156,122.118985050728,119.85487230409616,121.59069037046638,3085000
UNP,2018-07-11,117.98490905761719,119.74588300586024,116.85286534405355,119.62848559566791,3994100
UNP,2018-07-12,117.62433624267578,119.23436335703072,117.19666419354402,118.96601910695918,2814500
UNP,2018-07-13,117.3476333618164,117.7669117358144,116.66840444319733,117.04575242072343,3852200
UNP,2018-07-16,116.4671401977539,118.90734327918707,115.3099278508145,118.21972063959703,5221300
UNP,2018-07-17,115.93885040283203,116.5845426760946,115.30993284709015,116.03109215615525,5107700
UNP,2018-07-18,118.44612121582031,119.06665771382869,116.95349147297706,117.38115073794054,5221600
UNP,2018-07-19,117.74177551269531,118.91575003573345,114.5971871880975,115.20094917004928,6186100
UNP,2018-07-20,118.58029174804688,119.18405352301954,116.84447344616089,117.05411259593312,4988700
UNP,2018-07-23,121.46490478515625,121.50682237064142,118.57187484675775,118.73959637012142,5786400
UNP,2018-07-24,119.402099609375,122.90727360973268,119.07506297639512,122.38735970434234,4122600
UNP,2018-07-25,122.4627914428711,122.63051298711757,118.67252509561888,119.59492961218776,3861800
UNP,2018-07-26,123.87162017822266,124.97850857800597,122.09388373247496,122.37059623589913,5378200
UNP,2018-07-27,124.57598876953125,124.76047227821456,123.26784228640263,123.95546496337876,3021700
UNP,2018-07-30,124.54242706298828,126.18599079727382,124.13152973173791,124.13152973173791,2812000
UNP,2018-07-31,125.69123840332031,127.04131493523846,124.5591819639723,125.40613225256922,4396500
UNP,2018-08-01,124.4166488647461,126.11891787891003,124.13154266821877,125.17135754393874,2822600
UNP,2018-08-02,125.73320007324219,126.11054804846178,123.26784120194561,123.87998404154006,2513100
UNP,2018-08-03,125.59901428222656,125.89251422849844,124.72692099431775,125.6241699581517,1739000
UNP,2018-08-06,125.03716278076172,126.06020275528635,124.3160036642174,125.36419931062733,2959200
UNP,2018-08-07,125.68284606933594,126.0350382463927,124.97844891986628,125.59898530536027,2188400
UNP,2018-08-08,125.76673126220703,126.48789054163458,125.3810023426062,125.3810023426062,1907400
UNP,2018-08-09,124.74364471435547,126.1104957327244,124.54239936858198,125.5822011093587,1946300
UNP,2018-08-10,124.81074523925781,125.2803348276745,123.65354598076145,124.11474181522715,2308600
UNP,2018-08-13,124.63470458984375,125.63258925561362,124.03932361606653,124.8107943571198,2735100
UNP,2018-08-14,125.94284057617188,126.70593029105143,124.8191775998599,124.8191775998599,3304300
UNP,2018-08-15,124.92817687988281,125.46485267023013,123.70389123097806,124.37473916775224,4189000
UNP,2018-08-16,125.15458679199219,126.00152444804066,124.53405023104912,125.36422596584812,3630000
UNP,2018-08-17,125.33069610595703,125.92606422650434,124.76885182972165,125.0036594888698,2783100
UNP,2018-08-20,126.49628448486328,127.28451704206233,125.90090359239002,125.9679896644546,3275000
UNP,2018-08-21,127.09166717529297,127.4354785358422,126.30342173222361,126.44597485346956,3061300
UNP,2018-08-22,126.05182647705078,126.9910057165938,125.95958474492727,126.73105523388868,2395700
UNP,2018-08-23,125.9847412109375,126.40401948771003,125.42290985550522,126.14405620801071,2012700
UNP,2018-08-24,125.89254760742188,127.00782978545622,125.71644503389541,126.85688289452462,2806900
UNP,2018-08-27,128.11468505859375,128.3327051831283,126.76460832873789,126.91555518061502,3140000
UNP,2018-08-28,126.82328796386719,128.90290447325074,126.63041075879948,128.5842489130142,4010000
UNP,2018-08-29,126.47111511230469,127.46060577855029,126.31178730782413,126.94070477054724,2618500
UNP,2018-08-30,126.21819305419922,126.69028682513283,125.65336565943291,126.2013288870686,3122700
UNP,2018-08-31,126.97698211669922,127.13715963221301,125.61127970206155,125.94006038942238,3622100
UNP,2018-09-04,127.52488708496094,127.8958215734427,126.20976507204578,126.29406017896149,6145800
UNP,2018-09-05,129.9696807861328,130.07084007303678,126.81675008717643,127.29728242715406,5658000
UNP,2018-09-06,130.3743438720703,131.47872194042387,130.0371376395121,130.5092315105309,3924900
UNP,2018-09-07,130.75369262695312,132.01823505907612,129.876936003737,129.97809528195776,5445900
UNP,2018-09-10,131.4786834716797,132.27955768737624,131.43652948904526,131.46181930590802,4210200
UNP,2018-09-11,131.7653350830078,132.19527491520012,130.5176567135069,131.47870852821293,3608100
UNP,2018-09-12,132.34703063964844,132.93714793575046,131.5630075534332,131.9002266252003,4142700
UNP,2018-09-13,132.0435028076172,133.15629327281576,131.57140910337606,132.87809244061893,3328700
UNP,2018-09-14,132.70108032226562,133.02986082621925,131.63885649134596,132.43974362214738,2585000
UNP,2018-09-17,132.1110076904297,133.07205970804537,131.74007307598248,132.77699457466383,2685700
UNP,2018-09-18,138.00375366210938,138.74562280892133,137.2871872031144,138.2566647679401,10399300
UNP,2018-09-19,137.24502563476562,138.00374604679695,136.48629235914183,137.8772969326559,6318300
UNP,2018-09-20,138.26510620117188,139.1924427405203,137.0174275638987,137.90261010353225,6496700
UNP,2018-09-21,139.0912628173828,139.63080048842218,138.7203282566196,138.85521589027763,13247500
UNP,2018-09-24,137.56536865234375,138.96479888884363,137.45578370717652,138.66130814916403,4956200
UNP,2018-09-25,137.59909057617188,138.79618930920338,137.3040255033887,138.43369328727337,5815900
UNP,2018-09-26,137.23655700683594,138.7118563782158,137.07639245193002,137.42202424261086,3497300
UNP,2018-09-27,138.0880126953125,138.52639093242715,137.00049918487656,137.50632121720798,2893000
UNP,2018-09-28,137.27032470703125,138.3831155772312,136.82352065550336,137.8351522275742,3666300
UNP,2018-10-01,138.50953674316406,139.0827897484092,138.33249516002095,138.6022703603172,3176400
UNP,2018-10-02,137.5400848388672,138.711893855909,136.9162520259745,138.711893855909,3833100
UNP,2018-10-03,137.46424865722656,138.9058332987086,137.12704234500433,138.09652014034046,3362900
UNP,2018-10-04,138.6276397705078,138.8046685917025,136.9752978789746,138.12181741132906,3177000
UNP,2018-10-05,138.06280517578125,138.79623598261148,137.45582352061268,138.4421654943625,2814600
UNP,2018-10-08,138.72877502441406,138.99855033278996,136.73080149318454,137.6075455182168,3245200
UNP,2018-10-09,136.8994140625,138.81309258942463,136.79825474668576,138.50960177838633,3558700
UNP,2018-10-10,130.21420288085938,137.38837161750135,129.96971738387506,136.89941348712827,8011000
UNP,2018-10-11,128.2161865234375,131.74847758462914,126.75775099034624,129.9528229727125,6631600
UNP,2018-10-12,128.68826293945312,130.82112347770794,127.84523465196612,129.85164609253422,5435300
UNP,2018-10-15,128.3004913330078,130.2731746568312,127.85368732026812,128.98334226328575,4717700
UNP,2018-10-16,129.10980224609375,129.58190898451414,128.07288085219903,129.15195624140188,6731800
UNP,2018-10-17,126.36151123046875,130.19729256387683,125.81354798152087,129.792642582137,6680200
UNP,2018-10-18,125.20653533935547,126.52165709959363,123.5794844390491,123.73123618408538,7973200
UNP,2018-10-19,125.35826873779297,126.22658660211437,124.54896901162313,125.05477812458247,5546500
UNP,2018-10-22,123.77342987060547,124.24552369357642,122.73649572701721,123.67225772026033,6467500
UNP,2018-10-23,121.32862091064453,122.18851330416287,119.34751229494947,121.90188679418672,6561800
UNP,2018-10-24,118.40335083007812,123.22547490269716,118.37806100404224,122.0536657965226,8014500
UNP,2018-10-25,121.52252960205078,122.3655579388353,114.49167636052994,115.0733679710859,9038100
UNP,2018-10-26,120.33386993408203,121.53096863376426,118.09141146145866,120.6120708300323,5664100
UNP,2018-10-29,119.15363311767578,121.99464762415646,117.45072498075042,121.96934493719499,5296200
UNP,2018-10-30,123.31819152832031,123.59639243990289,119.4402557993171,119.7100310579156,4934900
UNP,2018-10-31,123.2676010131836,125.57750322276897,123.00626429420684,124.17807313527729,4355300
UNP,2018-11-01,124.0769271850586,124.72606272521847,123.2844912085913,124.06007587701885,3561600
UNP,2018-11-02,125.24029541015625,126.43739417889074,124.5237289976703,125.04640248249444,5841200
UNP,2018-11-05,125.2487564086914,126.28567791146877,125.06328910073518,125.87258929582175,5036500
UNP,2018-11-06,126.59757995605469,126.99380435402308,125.26559347022796,125.26559347022796,4281000
UNP,2018-11-07,128.8737335205078,128.92431316088894,126.6397136464004,127.33942868671866,5780400
UNP,2018-11-08,128.46913146972656,129.23629060466783,127.63452850124801,128.83164046704002,2602100
UNP,2018-11-09,126.66496276855469,127.98852296335353,126.17600496265628,127.79461725274048,3807100
UNP,2018-11-12,124.5743408203125,127.29731961828763,124.27927566251397,126.88423097008881,3037900
UNP,2018-11-13,125.26559448242188,126.51328585204358,124.30454256255251,125.13070684296115,2725000
UNP,2018-11-14,125.24029541015625,127.71037527896452,123.62168244692684,126.24350125122893,4034400
UNP,2018-11-15,127.65982818603516,128.25838421513885,123.69759592091106,124.69237646288684,3435400
UNP,2018-11-16,127.65135192871094,128.93275862969747,127.30570721601197,127.97170681985554,3226100
UNP,2018-11-19,126.9937744140625,127.61761994675508,125.50161081741105,126.75772753436048,4401400
UNP,2018-11-20,119.33909606933594,124.61646198978731,118.84171240966936,124.35511238513605,7317700
UNP,2018-11-21,121.48037719726562,121.91874262990771,119.52454546299039,119.80274633193076,4779600
UNP,2018-11-23,121.00831604003906,121.49727415735038,119.91238918301201,120.19901581135461,1608600
UNP,2018-11-26,120.35077667236328,121.95253897497257,119.78594896779391,121.42142675956663,4868600
UNP,2018-11-27,124.24554443359375,124.24554443359375,120.29173871082463,120.71325296078136,4907500
UNP,2018-11-28,128.12344360351562,128.25833122527462,123.59638553080997,125.38360149654568,4358300
UNP,2018-11-29,127.53016662597656,128.54715104320817,126.90303291670726,127.86917005282608,2970200
UNP,2018-11-30,130.32696533203125,130.82698115258444,127.2421033341835,127.32685747704559,6214500
UNP,2018-12-03,133.16600036621094,135.28472365629048,132.53885361694952,133.05582261699539,5085400
UNP,2018-12-04,129.69129943847656,133.5558489616274,128.58956065260875,132.48801699286048,4385300
UNP,2018-12-06,128.54721069335938,128.60654116996128,124.47927113677456,126.66579576085437,5258600
UNP,2018-12-07,124.96237182617188,130.10664125944197,124.82677035087934,128.69133480670584,5287000
UNP,2018-12-10,125.46233367919922,125.9369386383018,122.17408337551147,124.07245148527028,4558100
UNP,2018-12-11,125.29283142089844,128.09801930229304,124.46229541896888,127.19968259568279,3333200
UNP,2018-12-12,124.86907958984375,127.87766941359779,124.60635995648683,127.24205239160727,5023800
UNP,2018-12-13,123.59788513183594,125.61491459909904,122.54700626183242,125.61491459909904,5340300
UNP,2018-12-14,120.82656860351562,123.62327324666795,120.2248454463656,122.36052233116247,4505800
UNP,2018-12-17,118.30952453613281,120.51298920081058,117.57219997006536,120.41129461169585,4226700
UNP,2018-12-18,118.46211242675781,120.03844382854302,117.54682197426959,119.19095410568359,2800300
UNP,2018-12-19,116.01286315917969,120.88592887719828,115.20775053992729,118.0129393450592,3597000
UNP,2018-12-20,114.13984680175781,116.09755784589855,112.80929539417413,115.49583478415092,5960700
UNP,2018-12-21,112.32623291015625,116.66538718152238,112.10589033425792,113.70764469064595,7588300
UNP,2018-12-24,108.6566162109375,112.31776351073653,108.546438456335,112.31776351073653,2466000
UNP,2018-12-26,115.2755126953125,115.31788975197077,109.25833273637672,109.57189967865615,3739700
UNP,2018-12-27,116.22471618652344,116.22471618652344,111.84319677172994,113.52122245721878,3224600
UNP,2018-12-28,115.91960906982422,117.44509270739125,115.23314466583483,116.89421679100319,2769400
UNP,2018-12-31,117.1484603881836,117.38575639425346,115.70773094228441,116.98743532727994,2552300
UNP,2019-01-02,116.76710510253906,117.22475668535093,114.21616630117663,114.96194828570172,3606300
UNP,2019-01-03,112.44490814208984,115.89419684402499,112.01269312370144,115.29247356901583,5684500
UNP,2019-01-04,116.77556610107422,117.44509001103164,114.00428489908685,114.25853432145469,5649900
UNP,2019-01-07,117.50443267822266,117.99597821814741,115.47893296856087,116.38575308488728,4034200
UNP,2019-01-08,127.7590560913086,129.57268330230337,126.30984319795223,128.02177579596233,10558800
UNP,2019-01-09,127.42854309082031,128.0217832538985,125.94543621729198,127.36921260867965,4284600
UNP,2019-01-10,131.07272338867188,131.60663295657645,126.28440016600761,127.03866527045139,6444600
UNP,2019-01-11,129.8438720703125,131.3862962368617,129.74216453671443,130.20828634835362,3845200
UNP,2019-01-14,130.42013549804688,130.71676194308358,128.52175469946667,129.01330007405426,3507100
UNP,2019-01-15,129.22518920898438,130.81847353153492,128.59805528499885,130.33539833225242,4685100
UNP,2019-01-16,128.79295349121094,130.28453004476057,127.8946168776151,129.58959552414638,4053200
UNP,2019-01-17,131.05577087402344,131.2930668906386,127.91157925637775,128.0641340851521,4075400
UNP,2019-01-18,134.19149780273438,134.58134870181755,131.36935593251795,131.81852437809312,5003900
UNP,2019-01-22,131.37782287597656,133.2253437360995,130.86085377565226,132.99651795551966,6052900
UNP,2019-01-23,130.79307556152344,132.22533509884903,129.1828375127654,131.74225980472198,4858000
UNP,2019-01-24,135.88645935058594,136.242403378372,132.2168283711537,135.63220992169215,9222400
UNP,2019-01-25,136.40342712402344,137.29329365068455,135.78476343399402,136.83565502844732,7770700
UNP,2019-01-28,135.51353454589844,136.2677995092419,135.03894260469275,135.59828864896826,3733800
UNP,2019-01-29,135.74241638183594,136.38650386372512,134.53898262449079,135.6322385886403,3436900
UNP,2019-01-30,136.29324340820312,137.2000502878002,135.12370396763782,136.52205622179625,4112200
UNP,2019-01-31,134.8101043701172,136.4372819751222,133.07274903823966,136.2338799251248,7438600
UNP,2019-02-01,135.31861877441406,136.0305067027815,134.12365572430102,134.81013293914907,4073400
UNP,2019-02-04,136.55599975585938,136.5814234086503,134.93729155929233,135.31865928282085,5339100
UNP,2019-02-05,136.70004272460938,136.73393661065785,135.59830391893564,136.24239120715225,3357100
UNP,2019-02-06,136.2254638671875,137.3102493686199,135.85256642638325,136.44580647690674,2379600
UNP,2019-02-07,136.92886352539062,136.95428717192192,134.69147917734435,135.12370703169944,3056300
UNP,2019-02-08,137.0559844970703,137.08987838256888,135.83559771253292,136.0813768761293,2986300
UNP,2019-02-11,139.28492736816406,139.52222343259484,137.62384198548293,137.89504487721277,4044800
UNP,2019-02-12,141.57315063476562,142.42064029683345,139.73409961987832,139.83579424119335,3781800
UNP,2019-02-13,143.12399291992188,143.3697591197754,141.1917184071875,141.41206096332033,3886900
UNP,2019-02-14,143.75961303710938,144.51387799128133,141.97141011002842,142.1239519757066,4157500
UNP,2019-02-15,144.27658081054688,145.21729443596774,143.84435299810525,144.81049026759206,3270900
UNP,2019-02-19,145.20037841796875,146.1410922856202,143.26810338144094,143.4969291686166,3889700
UNP,2019-02-20,144.9122772216797,145.70890672525434,144.71734526809163,145.31906868141294,3063600
UNP,2019-02-21,144.21731567382812,145.62415163042525,143.6749228019874,145.13260606974674,3056700
UNP,2019-02-22,144.12403869628906,144.3698178527669,142.46296679007108,143.98843729489863,4345600
UNP,2019-02-25,143.69183349609375,144.7003479731964,142.85281431636233,144.7003479731964,4804200
UNP,2019-02-26,144.20028686523438,145.11557678259877,142.98838347728426,143.6833179192691,3635200
UNP,2019-02-27,144.0214080810547,145.29073667606795,142.95653902450022,143.9532549015684,2544000
UNP,2019-02-28,142.86282348632812,144.13215202322283,142.71800286113438,144.11511047940908,3650700
UNP,2019-03-01,142.64138793945312,144.4303607320017,142.0876480521523,144.2088725764178,3116100
UNP,2019-03-04,142.58175659179688,144.91595512011114,141.4146638270871,142.55620076475176,4341000
UNP,2019-03-05,142.07913208007812,144.13220337836628,142.07913208007812,142.8714016635921,2794900
UNP,2019-03-06,141.33798217773438,142.4454489012874,140.97166036198445,142.1898776575608,3067800
UNP,2019-03-07,140.51162719726562,141.50834324008687,139.84714983538478,141.2016603808425,4141500
UNP,2019-03-08,139.96640014648438,140.11973506075032,137.8451761735709,139.42970194877225,2884600
UNP,2019-03-11,141.07388305664062,142.22393404418372,139.4382324540551,139.79603996010908,4051600
UNP,2019-03-12,140.4179229736328,142.06207488697987,140.16235174906436,141.4061247758882,4723500
UNP,2019-03-13,142.1217041015625,143.90216227962955,140.72459623472693,141.49982413005847,3855100
UNP,2019-03-14,140.70755004882812,142.54764708074208,140.22197647031513,142.41985498195044,3762100
UNP,2019-03-15,140.5626983642578,141.93425006219186,139.8897069219034,140.1282365216408,9732400
UNP,2019-03-18,141.6190643310547,142.7520865197498,140.2389852521844,140.5627095914942,4071700
UNP,2019-03-19,136.9421844482422,141.354996345271,136.56734839543515,141.30388470150496,5728000
UNP,2019-03-20,137.1551971435547,138.37340166132248,136.43960793036678,137.24890618329803,3802400
UNP,2019-03-21,138.52671813964844,139.08897225027502,135.87732279897293,136.2351173242191,3316700
UNP,2019-03-22,136.8314208984375,138.38187660625098,136.3543616033844,138.08370804739735,3556700
UNP,2019-03-25,137.58114624023438,139.45531405363485,136.8144453616738,136.9081544022886,3137200
UNP,2019-03-26,137.8451690673828,138.91003813563574,136.52472882297118,138.91003813563574,2628200
UNP,2019-03-27,138.86746215820312,139.37009031497777,137.5811048052597,137.74296700838275,2871900
UNP,2019-03-28,140.7331085205078,140.97163817741054,139.50637714278437,139.50637714278437,2829600
UNP,2019-03-29,142.43687438964844,143.2376579549376,141.2527405853498,141.5679376487082,3646900
UNP,2019-04-01,145.60594177246094,145.90411032426567,143.56991254420532,143.9191927337159,3372000
UNP,2019-04-02,144.6348114013672,145.92116887741605,144.08108454716768,145.3929978473246,2259900
UNP,2019-04-03,144.48995971679688,145.69113518761569,143.9191914360772,145.12888118014,2669100
UNP,2019-04-04,143.79139709472656,144.9670167285325,143.38249100427285,144.20883045718134,2788600
UNP,2019-04-05,143.73178100585938,144.81369171380845,143.55287726718626,144.1066170305908,2214400
UNP,2019-04-08,143.7062530517578,143.8084763514552,142.59027203374907,143.47623762854502,2580800
UNP,2019-04-09,141.4913330078125,142.74362054364494,141.2187331830918,142.74362054364494,3025000
UNP,2019-04-10,141.7127685546875,142.513539105737,140.53714904529807,142.14723041738458,3551500
UNP,2019-04-11,141.9854278564453,142.29211077029245,140.78425202730287,141.92580192816928,2378400
UNP,2019-04-12,144.3962860107422,144.51555085976287,142.26654727902033,142.93953899873122,3091700
UNP,2019-04-15,142.80320739746094,145.02665455853506,142.27502349404187,144.3962473829853,3052600
UNP,2019-04-16,143.1013641357422,143.41657422559425,142.21539877246755,142.93098768113825,2361400
UNP,2019-04-17,144.2088623046875,146.77306295747755,143.68920555457933,145.767832555012,5437200
UNP,2019-04-18,150.495849609375,151.4414540555364,148.74094710542866,149.25207656350156,8684600
UNP,2019-04-22,151.3988800048828,152.9578504399803,150.0358419089489,150.5384701686475,4969700
UNP,2019-04-23,150.5554656982422,151.19438722827925,149.37133164919587,150.99845493209094,3284900
UNP,2019-04-24,150.64918518066406,152.5744771776239,150.5554761631227,151.2455093837032,2859000
UNP,2019-04-25,149.4991455078125,150.90476787886615,148.3490813868459,149.200976884186,2199900
UNP,2019-04-26,150.9729461669922,151.00701627303428,149.19248740141177,149.55879628667174,2234100
UNP,2019-04-29,150.2828826904297,151.42441949827725,150.20621521801303,150.8451368192716,1836400
UNP,2019-04-30,150.81954956054688,151.34773352560455,148.96242390603314,150.00173729028288,2444100
UNP,2019-05-01,149.38841247558594,151.65445788433755,149.124326920223,150.79403501169614,2601300
UNP,2019-05-02,149.83984375,149.9079969247487,148.0679002032011,148.70682159271993,2313300
UNP,2019-05-03,152.65965270996094,153.3582131757349,151.24550322965666,151.54367181849037,2729500
UNP,2019-05-06,150.9217529296875,153.02593506031087,149.66093870641703,150.1465251975865,2706000
UNP,2019-05-07,148.86866760253906,149.69500688321952,146.8070830359498,148.94533504122796,4547300
UNP,2019-05-08,149.57579040527344,150.93030092185447,148.6898119423924,148.97946624692565,2314500
UNP,2019-05-09,149.618408203125,149.9762027469887,147.13087494657728,148.2298144028091,2138400
UNP,2019-05-10,149.8654022216797,150.15504347032808,146.36411242510886,148.51089197162761,2659600
UNP,2019-05-13,146.3470916748047,147.69308784368855,144.93295531917192,146.8497197940378,3649500
UNP,2019-05-14,148.64727783203125,150.09549784878666,146.90940341280785,146.94348651846107,2560600
UNP,2019-05-15,148.03384399414062,148.94536516922463,146.84971009450317,147.8038286326599,4089200
UNP,2019-05-16,149.618408203125,150.38510894013385,148.11906383010358,148.2979676014822,5131300
UNP,2019-05-17,148.7579803466797,150.01879498058986,147.62495783048786,147.84645896830907,4596300
UNP,2019-05-20,148.8602294921875,149.66100037078053,147.53978882179229,148.28093377275016,3065400
UNP,2019-05-21,149.11575317382812,150.21470543134024,148.62166532035843,149.9335784119509,2519400
UNP,2019-05-22,148.62168884277344,149.23504161982711,147.39495729087957,148.76650951224795,1995200
UNP,2019-05-23,147.07972717285156,147.30122828343562,144.62627740084648,146.85823906115897,3573600
UNP,2019-05-24,146.6707763671875,148.21270440322755,145.64850485700123,147.9571332759591,1815900
UNP,2019-05-28,144.66036987304688,148.23832830148828,144.60074394866783,147.37791854335129,3819300
UNP,2019-05-29,143.97032165527344,144.6347990230018,143.22917682178232,144.34515770863655,3116700
UNP,2019-05-30,145.13497924804688,145.46895703156284,143.85901921030026,144.6639815874642,2160500
UNP,2019-05-31,142.8228302001953,143.80763283966647,140.7761430704152,143.22531793871124,4215900
UNP,2019-06-03,142.44602966308594,144.398517224092,141.7952048317289,142.70293867204674,2788500
UNP,2019-06-04,145.93136596679688,146.08550349673237,143.045442564884,143.85041784414364,3288000
UNP,2019-06-05,147.70399475097656,148.19212300300538,146.18825695841738,146.43659397067265,3068200
UNP,2019-06-06,146.15402221679688,147.50706390658442,145.26341927850945,147.44711281893586,2276300
UNP,2019-06-07,147.26727294921875,147.74682934118783,146.03412047448012,146.39378776845695,2221200
UNP,2019-06-10,147.62696838378906,149.8021033096813,147.35294170768543,148.6032121012264,2182800
UNP,2019-06-11,146.44517517089844,148.80014999492178,144.66395628142342,148.26921439783308,1989900
UNP,2019-06-12,146.63357543945312,147.3186616437907,145.27197493850161,146.2739081222357,2239200
UNP,2019-06-13,143.13967895507812,145.77725292682024,142.48885410501268,145.11786923408624,4219700
UNP,2019-06-14,143.00262451171875,143.57638038587584,141.14433705057183,143.43936054720012,3579600
UNP,2019-06-17,141.07586669921875,141.95791092432032,140.5791794449102,141.95791092432032,4444100
UNP,2019-06-18,141.7609100341797,143.40512207859487,141.43550422839354,142.08632890689776,4132000
UNP,2019-06-19,142.0948944091797,142.6001534897017,140.01395926832848,142.00926680024543,3778000
UNP,2019-06-20,143.37940979003906,144.34709443583165,142.71145440865706,144.0473782383521,3405300
UNP,2019-06-21,144.61257934570312,145.93993142594013,143.01120062195358,143.5507081350596,5885200
UNP,2019-06-24,143.22525024414062,144.92939992871842,142.9255210258267,144.69818061935993,2542500
UNP,2019-06-25,142.46310424804688,143.66199506128166,140.3992872145436,143.24238981011442,2586600
UNP,2019-06-26,142.00930786132812,143.1996404252314,141.73526807286356,142.79715265275925,2423100
UNP,2019-06-27,142.16339111328125,143.72196241394647,142.15483227326368,142.50594071795393,3226500
UNP,2019-06-28,144.81809997558594,145.05787817360445,142.61726279107046,142.72003420945822,4759300
UNP,2019-07-01,146.86480712890625,148.51756515857863,146.2567896414874,146.52227053147232,3211800
UNP,2019-07-02,146.63357543945312,147.27584130596978,145.38330520344957,147.1131318624097,2267700
UNP,2019-07-03,147.1217041015625,147.30153122711008,146.0341302397365,146.66783726688956,1172300
UNP,2019-07-05,145.60592651367188,146.77056893178093,142.95122284878312,146.6763694322673,2605500
UNP,2019-07-08,145.2291717529297,145.64023136423984,144.40707866417753,144.98083467133046,2200700
UNP,2019-07-09,145.2377471923828,145.58028380986758,144.33857223781735,144.65541926233746,2057500
UNP,2019-07-10,145.21205139160156,146.470880593857,144.62972348645073,146.4280733187022,1703100
UNP,2019-07-11,147.0789031982422,147.50708050012938,144.82668640889673,145.4090143342691,2341000
UNP,2019-07-12,149.0485076904297,149.30541666131765,147.3957366623657,147.61839720170403,2036400
UNP,2019-07-15,147.88388061523438,148.98001347752566,147.66122005240575,148.62890494916851,1994400
UNP,2019-07-16,149.990478515625,151.3349612906103,148.1578804930055,148.508988957841,2958300
UNP,2019-07-17,140.9131317138672,146.87335155250386,140.2708658565268,146.43661547360804,10725700
UNP,2019-07-18,149.2197723388672,149.77639753975703,146.0084429485042,148.88579460494674,7476500
UNP,2019-07-19,150.1189422607422,152.07998826139146,149.0484991657097,149.3482153921594,4732600
UNP,2019-07-22,148.64601135253906,150.83827671803647,147.62694743648387,150.11037018744497,3757100
UNP,2019-07-23,148.33770751953125,149.22831032990814,146.82195660031667,149.09130355926388,2599000
UNP,2019-07-24,149.3225555419922,150.12753100048297,146.55653369229432,147.09604130105623,3149000
UNP,2019-07-25,148.32913208007812,149.95620000167074,148.02940285229187,149.05702538524136,1943400
UNP,2019-07-26,149.20265197753906,150.47862498157238,148.44906884698366,149.49382246007215,1627800
UNP,2019-07-29,152.0028839111328,152.2084136413607,148.98851320243662,149.10840227833725,3386100
UNP,2019-07-30,153.54434204101562,153.69847955637894,151.189367509917,151.4377045292015,2825000
UNP,2019-07-31,154.10101318359375,154.40074253111752,151.83167863897557,152.55957223492166,4508400
UNP,2019-08-01,149.87062072753906,154.60626083775793,149.49383566245282,151.87450051447505,4428000
UNP,2019-08-02,148.59463500976562,149.6993265542458,147.37861319998257,149.07419143425105,2329900
UNP,2019-08-05,142.87416076660156,146.78770653186655,141.73520787999792,146.1625584300241,4051400
UNP,2019-08-06,144.15016174316406,145.10927464958564,142.47170108999296,143.97032153974334,2055300
UNP,2019-08-07,142.9426727294922,143.2167124054964,140.2708512231059,142.51449553593383,2152500
UNP,2019-08-08,145.32333374023438,146.10261935173554,143.15675823299802,143.99598185549814,2395600
UNP,2019-08-09,143.87608337402344,145.29763466918234,142.1205674865153,144.38134234938798,2325900
UNP,2019-08-12,141.8722381591797,144.4755629678833,141.58963962664023,143.18245940381507,2861800
UNP,2019-08-13,144.5355224609375,145.28054675120063,140.67336807619975,141.4183923664629,2272500
UNP,2019-08-14,140.18524169921875,142.87419454942827,139.6371752923905,142.18910827415948,3113800
UNP,2019-08-15,139.11480712890625,140.40791098396275,137.56480733821505,140.1338712300395,2873600
UNP,2019-08-16,142.36895751953125,142.91702396113956,139.9711619373943,140.5363591303783,2171500
UNP,2019-08-19,144.5183868408203,145.82004939472796,144.0902095726735,144.6810962934254,2630100
UNP,2019-08-20,143.49078369140625,144.56979891796792,143.4051560661924,144.46702747400226,2362000
UNP,2019-08-21,144.32142639160156,145.17778091267766,143.68771934190937,144.3042956424388,1724100
UNP,2019-08-22,142.2147979736328,145.65733365269395,142.11202654820062,144.79242031247998,4017700
UNP,2019-08-23,136.9995880126953,141.69242003846065,136.203184607023,141.39269073939732,3590000
UNP,2019-08-26,136.2545928955078,139.08912477974673,135.5523757897058,138.26703160902792,3297700
UNP,2019-08-27,134.8501739501953,137.62476784722844,134.68746446854183,137.62476784722844,3994900
UNP,2019-08-28,135.64654541015625,136.785498445026,134.11367662905033,134.8501420099837,5841100
UNP,2019-08-29,139.3515625,140.25627757919113,136.31863118239605,137.37843351362002,4395000
UNP,2019-08-30,139.5497589111328,141.37641237638587,139.11894342235084,139.9374902215475,2987200
UNP,2019-09-03,137.28366088867188,139.67038230228187,136.74082918280175,138.76566717498,2682400
UNP,2019-09-04,137.92987060546875,138.63640107891035,136.67188375624727,138.06773469941373,3890400
UNP,2019-09-05,143.14271545410156,143.59937868305548,139.67034471076602,139.97190757373934,3802900
UNP,2019-09-06,141.824462890625,144.07332024774152,141.4281068596339,143.38401284239998,2055600
UNP,2019-09-09,143.13414001464844,143.42710455182785,141.3160980469732,142.27250899958807,3297600
UNP,2019-09-10,144.38351440429688,144.52136537359726,142.03987700939456,142.4706925136421,3006700
UNP,2019-09-11,144.1508026123047,144.74532983238126,142.78942468091887,144.6247020737744,2617900
UNP,2019-09-12,144.5041046142578,145.25371918938836,143.15994954695,144.5041046142578,2357500
UNP,2019-09-13,147.7266082763672,148.38145614414867,145.63285159792323,145.89995506085788,3160000
UNP,2019-09-16,145.57254028320312,147.24410635986686,143.89236263047982,145.45191248114722,2652500
UNP,2019-09-17,143.80618286132812,146.2015155601285,143.32367169141773,145.5208329770285,3135800
UNP,2019-09-18,144.6419219970703,144.81425863190302,142.22074215847948,143.17715263306783,1610000
UNP,2019-09-19,143.9871368408203,144.83153142169044,143.46154147827542,144.64197157635007,2463500
UNP,2019-09-20,143.35812377929688,145.24509716466977,142.6946644418615,144.94352115289695,3620400
UNP,2019-09-23,143.07383728027344,144.05609614312533,142.46207345503538,143.03075309864604,2116800
UNP,2019-09-24,142.238037109375,145.9172049033339,141.38501774595588,143.969910565165,3738800
UNP,2019-09-25,140.96279907226562,142.73775635287643,140.9197149043257,142.41894402807472,4675000
UNP,2019-09-26,141.07479858398438,142.67743229997183,140.96279552708802,141.18681478832258,4211400
UNP,2019-09-27,140.17874145507812,142.00539486314653,139.46358618839503,141.5918156881479,3212600
UNP,2019-09-30,139.56695556640625,142.09154068802363,139.46356407591094,141.32468978948347,3296600
UNP,2019-10-01,134.371337890625,140.60955041700808,133.99221818633592,140.3338222148181,6011600
UNP,2019-10-02,130.985107421875,133.30289619210288,129.53756095697096,133.12194795369928,5432000
UNP,2019-10-03,132.40679931640625,132.47573135594305,128.46052879815892,131.3556087214938,3277800
UNP,2019-10-04,134.6901397705078,134.76768339103862,132.20863873397568,132.6911499027584,3538000
UNP,2019-10-07,134.33685302734375,135.19848377503126,133.44074968718132,133.9404970985331,3249600
UNP,2019-10-08,130.51121520996094,133.38905885782475,130.34750325828108,132.99271606186102,4147700
UNP,2019-10-09,132.02769470214844,133.1650537628146,131.38147154880005,131.77782753439564,3682600
UNP,2019-10-10,134.21624755859375,134.3713348081847,131.45040661389194,131.72613480975681,3383500
UNP,2019-10-11,139.05860900878906,139.7910005253073,135.62069701972433,136.0515124653365,4844700
UNP,2019-10-14,137.47323608398438,138.49857913280206,136.87870855837102,138.30901925079647,2339200
UNP,2019-10-15,140.56643676757812,141.01448842846582,137.43010143624733,138.2141885559404,3840200
UNP,2019-10-16,140.71295166015625,142.09156647165406,140.01503267778438,140.39415240831855,3743700
UNP,2019-10-17,141.03170776367188,143.12547721764884,137.52487762402785,139.67895439080516,6315900
UNP,2019-10-18,139.15342712402344,141.2471844535667,137.74035260048854,140.6009611077895,5176700
UNP,2019-10-21,143.95265197753906,144.23697854791163,139.36877019572384,139.75650139367343,3144300
UNP,2019-10-22,147.14071655273438,147.2871922321011,142.80671405739992,143.91821216433303,4146500
UNP,2019-10-23,146.50308227539062,147.3388651940764,145.08139672986337,146.42553865962205,3150700
UNP,2019-10-24,146.8132781982422,148.15742020410406,146.28768286031485,147.21824574455226,1909100
UNP,2019-10-25,148.48487854003906,148.7864415152446,145.9602927589019,146.81331222065847,1868400
UNP,2019-10-28,147.1234893798828,149.11385483393448,146.96840211473634,148.95014284464966,2185200
UNP,2019-10-29,146.64097595214844,146.96839992584157,145.70180135622834,146.236008347037,2112300
UNP,2019-10-30,144.7108917236328,146.17566146925773,143.34090189288355,145.80516653220744,2891600
UNP,2019-10-31,142.56546020507812,144.71091281758592,140.98867401727375,144.19394214536058,3909500
UNP,2019-11-01,148.6572265625,148.6744628674005,143.6253036223246,144.06473079142418,3548300
UNP,2019-11-04,152.1898651123047,152.25017243666753,149.17415706062644,149.27754855807342,3683200
UNP,2019-11-05,153.17213439941406,154.64551592995414,152.03477525887223,152.18987566323912,5011400
UNP,2019-11-06,151.93997192382812,153.3616706304898,151.0266453805778,153.10317876132927,2855900
UNP,2019-11-07,152.51727294921875,155.09355393940294,152.22432161383077,153.0945640445222,2628100
UNP,2019-11-08,151.73321533203125,152.2243381361415,150.91465541277267,152.00031882254936,1441800
UNP,2019-11-11,152.3363494873047,152.60345296926744,150.29427526393712,150.70786757224505,1252100
UNP,2019-11-12,151.1903839111328,152.36220252951762,150.70787268252346,151.98308280776888,1775500
UNP,2019-11-13,151.2506561279297,151.99165909911056,149.63079925757108,150.19085398630838,2273200
UNP,2019-11-14,150.58721923828125,151.8193449767535,150.00130345511704,151.25066549094663,2152000
UNP,2019-11-15,151.87969970703125,152.59485501310374,150.58725320996072,150.9405119271013,2160300
UNP,2019-11-18,151.8624267578125,152.05198658343326,150.41489334119126,151.49193182883533,2930100
UNP,2019-11-19,152.65516662597656,152.75855814145817,151.16454863885062,151.7073803900211,3594000
UNP,2019-11-20,150.00131225585938,153.1204248883991,149.73420879464197,152.2157098619789,2915100
UNP,2019-11-21,150.07025146484375,150.63893101115917,148.4590058977275,149.78591169168604,1704400
UNP,2019-11-22,151.5953369140625,151.63842108692126,149.75144738372285,150.50967360677373,1935000
UNP,2019-11-25,155.0073699951172,155.0849267563387,151.3626755256238,151.8021024844823,2655900
UNP,2019-11-26,153.4478302001953,155.050464057787,153.421982327286,154.45593668598707,2946700
UNP,2019-11-27,153.50848388671875,154.0369576582342,152.41687495766806,153.75971944785766,2113500
UNP,2019-11-29,152.46885681152344,153.33520633168098,151.9923619315479,152.95401042770052,975600
UNP,2019-12-02,149.8784942626953,152.97136895784388,149.69655501379663,152.35625487003566,2099700
UNP,2019-12-03,145.54673767089844,148.2064373772425,144.8103351984755,148.0591463072009,3921600
UNP,2019-12-04,148.54429626464844,149.78316974750098,146.3697504834018,146.56034843760136,3623000
UNP,2019-12-05,147.70394897460938,148.91683313431682,146.72496969034458,148.6742563023753,2647600
UNP,2019-12-06,149.01214599609375,150.85747505754753,148.83020674547203,149.2807122836496,2123900
UNP,2019-12-09,148.45765686035156,149.51460435070663,147.7299264235498,148.39700604756234,2078900
UNP,2019-12-10,148.8822021484375,149.4453241691219,147.39207959771713,147.99852174755742,1811600
UNP,2019-12-11,151.1346893310547,151.33394604321958,149.02079413243018,149.6878870446559,2015800
UNP,2019-12-12,151.80178833007812,152.7547782428983,150.02576888497504,150.8228089850398,3377700
UNP,2019-12-13,153.36988830566406,153.80306316123438,150.88346886491377,152.33027129618486,2842400
UNP,2019-12-16,156.02088928222656,156.67065145303656,154.2275525649025,154.46145742839354,3625600
UNP,2019-12-17,153.6817626953125,156.51472973033196,153.40453768357028,155.7176896448342,3516500
UNP,2019-12-18,154.40084838867188,155.33650767401582,152.94537398276537,153.99366296210235,3786000
UNP,2019-12-19,153.7510528564453,155.2498338488199,153.36985694637437,154.08026990958746,2479200
UNP,2019-12-20,156.2894744873047,156.42809360655738,153.10131406117404,154.91198169077913,6140100
UNP,2019-12-23,155.4404296875,156.5320253264769,155.07656447450768,156.28944851781537,1888100
UNP,2019-12-24,155.84762573242188,156.35876881298807,155.38846151164944,155.73499605657165,666000
UNP,2019-12-26,156.64468383789062,156.73998283165844,155.5097678699402,156.25482912500303,1171700
UNP,2019-12-27,157.16445922851562,157.32039578649588,156.51469713137718,156.80925277608011,1363000
UNP,2019-12-30,156.0728759765625,157.13849550819182,155.59639426960248,156.93922558113837,1493000
UNP,2019-12-31,156.62734985351562,157.03453525293173,155.54441277409978,155.90829126589665,1588800
UNP,2020-01-02,157.90956115722656,158.00486015157824,155.91695423315775,156.76597322500638,2444800
UNP,2020-01-03,156.79193115234375,156.97387036661894,154.4614488473957,155.54438573858386,2344200
UNP,2020-01-06,155.4490966796875,156.01223183069519,154.15824428349046,155.68301476455053,3142500
UNP,2020-01-07,154.2708740234375,155.579057113002,153.872347405332,155.27582947621877,4096400
UNP,2020-01-08,155.9602813720703,156.8526205322722,153.75974566519454,154.11495222551312,2817500
UNP,2020-01-09,155.16323852539062,156.66201982395128,154.7040742361238,156.38478157110094,3311100
UNP,2020-01-10,154.158203125,155.88222984500953,154.05424543479208,155.16317152848242,2944300
UNP,2020-01-13,155.8562774658203,155.93425897145238,153.89833225804375,154.20155988580927,2035200
UNP,2020-01-14,156.63604736328125,158.30809614133307,156.07291205845036,156.37613977793228,2805900
UNP,2020-01-15,156.63604736328125,158.0395298169371,156.48876948278826,157.35511928765214,3450700
UNP,2020-01-16,159.3217315673828,159.55564972750673,156.73135398543283,157.29447609817424,3227400
UNP,2020-01-17,160.5519256591797,160.8378094144411,158.54198809860608,159.13109952325556,4008600
UNP,2020-01-21,158.0741424560547,159.86747912487752,156.91322402882648,159.5469340261696,3440900
UNP,2020-01-22,156.7486114501953,158.89716776603382,156.32410864816364,158.77587936267554,2993900
UNP,2020-01-23,162.1719970703125,162.59649994876304,156.74863966804503,158.97516466840847,4950500
UNP,2020-01-24,160.86378479003906,163.70542359413076,159.8674880538746,161.2623114161722,2734000
UNP,2020-01-27,154.61741638183594,159.3736805128895,154.4701385340622,157.70161888685368,4183900
UNP,2020-01-28,155.63104248046875,157.39838985773832,155.46643394044224,156.17684696172586,3264500
UNP,2020-01-29,157.48504638671875,159.64226188472426,156.3241409689178,157.32910978706514,2270800
UNP,2020-01-30,158.60264587402344,158.97516989957055,155.08525498880346,155.6570489632894,2994400
UNP,2020-01-31,155.4404296875,158.08279837411098,154.6433897134057,157.40704680434746,3653700
UNP,2020-02-03,156.19415283203125,157.71893648367634,155.4231022698043,156.69663715182838,2493100
UNP,2020-02-04,158.7499237060547,160.29202511371258,158.28208746540273,158.28208746540273,1857900
UNP,2020-02-05,160.35264587402344,161.01108003696754,159.7288730983111,161.01108003696754,2133500
UNP,2020-02-06,161.236328125,162.58783141556327,160.13606040739688,161.8427702144263,2932400
UNP,2020-02-07,159.26104736328125,160.83779674937753,158.74123231939043,160.06674613992175,2221400
UNP,2020-02-10,159.9888153076172,160.1187757087406,157.31179760953,157.66700419870565,1782800
UNP,2020-02-11,158.8018798828125,160.86378288392586,158.62861261154728,160.8551241471685,1521700
UNP,2020-02-12,160.15338134765625,161.10637115832068,159.13975394146513,160.11873318156177,2612200
UNP,2020-02-13,159.96282958984375,160.75121109552686,158.8105827475644,159.3737180599591,1861500
UNP,2020-02-14,159.40835571289062,160.73386978707782,158.23877825004394,159.89350946299206,2134800
UNP,2020-02-18,157.76229858398438,159.83287400785844,157.3811025696396,158.94053480130069,3164400
UNP,2020-02-19,158.97520446777344,160.70790424398896,158.264791214189,158.52469882451135,2807200
UNP,2020-02-20,158.88851928710938,159.85883987679028,157.3810793682732,158.82788168619294,2190900
UNP,2020-02-21,157.4330291748047,158.3946776301186,156.6186585453297,157.77956368037343,2890700
UNP,2020-02-24,153.17062377929688,154.04563218402205,151.09137664669564,152.64214995361516,6785100
UNP,2020-02-25,148.05047607421875,154.31417970403785,147.28808422967927,153.7337270840163,7631700
UNP,2020-02-26,143.59744262695312,149.72254049188007,143.41550339892405,146.9588832215351,4921400
UNP,2020-02-27,139.1007843017578,143.91118993474038,136.22501118917768,139.83281208959812,7914700
UNP,2020-02-28,139.2663116455078,139.41445643204923,133.14873378619467,135.08335231181283,7045800
UNP,2020-03-02,139.7282257080078,141.1486928114922,135.35355828893228,139.94608810806295,7064800
UNP,2020-03-03,137.11386108398438,146.07236087663117,136.2511345895774,140.0419319347074,5654000
UNP,2020-03-04,141.32298278808594,142.02885485026775,137.88075946051413,139.30122659129762,4415000
UNP,2020-03-05,135.0398406982422,139.25765372180305,133.95923836856485,137.37531932711326,4901900
UNP,2020-03-06,136.02455139160156,136.75656579170968,129.74140784477703,130.29913500161146,4643300
UNP,2020-03-09,118.37771606445312,126.86564035641203,116.05965682761143,126.53448523764429,9400200
UNP,2020-03-10,127.94625854492188,128.1031131170705,121.2796599859789,123.59771950991781,8090300
UNP,2020-03-11,123.36239624023438,124.99200264453162,121.05306025033373,123.76326888425771,7074800
UNP,2020-03-12,115.07492065429688,123.90269593088237,108.93119840481238,113.41915846018446,8805200
UNP,2020-03-13,125.3580551147461,125.3580551147461,117.48014172351131,121.61081843289337,7886400
UNP,2020-03-16,109.01834106445312,118.40385011016039,106.57828623106116,111.58912131312776,7102700
UNP,2020-03-17,112.09454345703125,115.65005869605024,104.90507907368989,110.96165654847286,8021700
UNP,2020-03-18,100.28640747070312,107.45843294760404,91.57191269532673,105.24495047682261,10869900
UNP,2020-03-19,106.01183319091797,107.78087461524386,97.32348059687725,99.58924797113026,8514300
UNP,2020-03-20,102.69160461425781,109.58477326505724,98.8746582451335,108.14688027817502,6668100
UNP,2020-03-23,99.38009643554688,103.9987745480854,95.51957509212826,96.19930460180751,6011000
UNP,2020-03-24,112.30368041992188,113.38428246771905,103.5281918376589,105.75910018397069,7018900
UNP,2020-03-25,115.82435607910156,122.95280659673729,110.67408634975013,111.00523476579302,6923200
UNP,2020-03-26,124.17286682128906,124.95716619626164,116.7916871384447,119.4147458276247,6068600
UNP,2020-03-27,121.17506408691406,125.15758166513379,116.91367626655523,118.18598517883613,4962400
UNP,2020-03-30,122.17721557617188,124.88742401614228,118.79600060437251,119.85915674640655,3309200
UNP,2020-03-31,122.90922546386719,126.10745667003086,119.85044265931603,120.01602018357264,4247100
UNP,2020-04-01,118.94416046142578,120.2339021437019,115.46707177712175,116.80038859876687,5125600
UNP,2020-04-02,123.57154846191406,124.06826778927855,117.47140163104504,117.88098398204171,6009000
UNP,2020-04-03,120.75675964355469,124.2251248167505,119.03128011602467,122.76108279011264,4088000
UNP,2020-04-06,128.8438262939453,130.09870252501383,126.97892471635616,127.039919272649,4865900
UNP,2020-04-07,127.0224838256836,133.77621795540654,126.58675904312082,132.74791385124564,4729000
UNP,2020-04-08,130.38626098632812,131.4058552356806,126.71746628958928,128.55622514028389,3625600
UNP,2020-04-09,129.61070251464844,133.49737379824978,128.14667348767017,131.81546906185244,4535900
UNP,2020-04-13,128.0159149169922,129.9156815736673,126.09872884588674,128.83507950215633,2525000
UNP,2020-04-14,129.81982421875,131.8764454302789,128.80893967639815,129.92439389648874,2235900
UNP,2020-04-15,127.80680847167969,128.46910541664974,125.16631710399082,126.58677098703004,3457000
UNP,2020-04-16,125.48003387451172,128.1205251236349,123.10968987637398,127.7370851684559,5015300
UNP,2020-04-17,130.62156677246094,131.4581641544613,128.63466294963243,129.4886797478359,5081400
UNP,2020-04-20,127.7632064819336,130.00282469041508,125.97673242081942,128.37321844743846,4289200
UNP,2020-04-21,125.84599304199219,127.0660167085523,123.06606772612238,124.19023144050557,4049200
UNP,2020-04-22,128.1902313232422,129.2882529452376,126.24688929516907,127.69349870790752,3970600
UNP,2020-04-23,132.7130126953125,137.91556626234552,132.46029824025445,136.74782735078077,6233300
UNP,2020-04-24,136.02455139160156,137.75003100262484,133.71521549938035,136.3644161700278,4800200
UNP,2020-04-27,138.52560424804688,140.5037848373403,137.70643967399883,139.3360458177352,4633800
UNP,2020-04-28,140.61709594726562,141.5756957440898,138.5604745354774,140.75653106266995,3173000
UNP,2020-04-29,142.08984375,144.86104677956678,141.8545486615747,143.92860272838584,2778600
UNP,2020-04-30,139.24893188476562,141.0441293097747,137.88947257627166,139.90251911363896,3757000
UNP,2020-05-01,136.50387573242188,137.42761025475815,134.84812667886817,137.42761025475815,3089000
UNP,2020-05-04,134.91783142089844,135.24897322176608,132.80020201024206,135.19668837411675,2416100
UNP,2020-05-05,136.27728271484375,138.7173307781908,135.8415579467797,136.44286025427044,2269500
UNP,2020-05-06,134.4646453857422,136.93084878903133,134.10734793958528,136.45154895848702,2095200
UNP,2020-05-07,136.1378631591797,137.65419031238417,135.54527049229767,136.43415284398762,2411500
UNP,2020-05-08,137.91558837890625,138.8741881151156,137.58444662234055,138.29031856570214,2309300
UNP,2020-05-11,136.68687438964844,137.6454609664553,135.77184965480942,136.5387162568018,2857400
UNP,2020-05-12,134.1945343017578,136.97444747228428,134.1945343017578,136.22501355032506,2683500
UNP,2020-05-13,133.10520935058594,134.15965586196702,131.18800969850236,133.2794966015213,3499700
UNP,2020-05-14,132.84376525878906,133.0529046306673,128.14665293790273,131.4232983042162,3930400
UNP,2020-05-15,131.7980194091797,133.22719597316558,130.5082646510665,131.5801570470034,5127700
UNP,2020-05-18,138.66502380371094,140.18135054159507,135.797961138207,137.21842791052498,5423000
UNP,2020-05-19,138.78701782226562,141.96781590814413,138.34258344357136,138.6650154459224,3136400
UNP,2020-05-20,144.6867218017578,147.01348976611175,143.04839291260916,143.78913011391845,4294300
UNP,2020-05-21,142.56040954589844,144.6431731587723,142.0549672791125,144.00701879594823,2277100
UNP,2020-05-22,143.92864990234375,144.16393177062076,141.31430054334038,142.63889464453547,1773900
UNP,2020-05-26,148.05929565429688,149.0266053332167,146.6475514245689,148.4253162223352,4150500
UNP,2020-05-27,151.49276733398438,151.70191998642755,149.10500438059154,149.7673011674335,3174400
UNP,2020-05-28,149.4246063232422,152.1675525579002,148.39053238785272,151.64174363937508,4065700
UNP,2020-05-29,148.85501098632812,150.23962884265075,147.54050188661554,149.14420459289025,3677000
UNP,2020-06-01,148.53955078125,149.38960119765417,147.03224571537126,148.4168637815566,2929800
UNP,2020-06-02,149.8014373779297,152.04486377598877,148.53950668605245,149.63493077665754,3000000
UNP,2020-06-03,156.03225708007812,156.73333138334806,151.62427028315804,152.1675965165492,3897900
UNP,2020-06-04,154.612548828125,155.71674499373734,153.5872333685404,154.56874255707112,2933300
UNP,2020-06-05,161.97378540039062,164.6028031539333,159.870563174431,160.46648081860943,5608600
UNP,2020-06-08,159.19581604003906,162.99036718533,157.61840247116046,161.21139930183517,3436600
UNP,2020-06-09,156.1286163330078,158.10913838071554,155.11205951338715,156.04097705232863,3569700
UNP,2020-06-10,153.73617553710938,156.6543866036974,153.31553647590627,155.85692811455445,3321200
UNP,2020-06-11,143.09744262695312,149.10037235746313,143.02734724814047,148.97768538672562,6234700
UNP,2020-06-12,145.6300506591797,147.71574236052246,142.37008093982888,147.40903164506815,3373000
UNP,2020-06-15,147.1636505126953,148.2240269369435,141.44992797114125,141.72159101146994,2948600
UNP,2020-06-16,149.82769775390625,152.90364319657613,147.5404521564727,151.86079752280634,3554000
UNP,2020-06-17,150.00302124023438,152.0887133989503,149.56485151760523,150.9056497991001,3463800
UNP,2020-06-18,149.72256469726562,150.6339516244244,148.7322970757789,149.00396010103174,2714800
UNP,2020-06-19,147.0935516357422,152.07115226466567,146.17339272900867,152.07115226466567,7119600
UNP,2020-06-22,147.4002685546875,147.96989712655835,145.38468547706103,146.4012422809946,2647600
UNP,2020-06-23,148.4168243408203,150.0818636615979,148.3116679038506,149.30192221969398,2881400
UNP,2020-06-24,145.07797241210938,148.0575206550731,144.62227223631004,146.97086849138995,3206300
UNP,2020-06-25,146.36618041992188,146.55897611827132,142.65049730940336,144.72741698395157,3441100
UNP,2020-06-26,142.52784729003906,147.34771425411327,142.08091898542855,146.3837355125469,8491200
UNP,2020-06-29,145.04290771484375,145.41974055419203,142.14222687162348,143.5794227390631,2658700
UNP,2020-06-30,148.1626739501953,149.16170009649457,144.03511046277143,144.22790615520415,4068600
UNP,2020-07-01,146.2435302734375,149.61742910001414,145.67390161334728,148.5307767505794,2914100
UNP,2020-07-02,148.1714324951172,149.58233913203674,147.12858671497557,148.25905839137388,2271400
UNP,2020-07-06,150.87054443359375,151.04580958127332,149.0740465831624,149.9240965898757,2498100
UNP,2020-07-07,148.7848663330078,150.90560556425675,148.32040763291764,149.328192350802,2380800
UNP,2020-07-08,148.1363983154297,150.97574263241094,147.9173134772271,148.61838763385083,3362600
UNP,2020-07-09,145.4635467529297,148.53073391352186,144.35059223910417,148.53073391352186,2977500
UNP,2020-07-10,145.81410217285156,146.57651311925937,144.30679743907535,145.47233036530213,2300300
UNP,2020-07-13,148.2503204345703,149.81897529794787,146.09453320616691,147.42655933829965,2975900
UNP,2020-07-14,150.6339874267578,151.24742236697944,147.23378608398826,147.4528709463445,3015300
UNP,2020-07-15,152.82481384277344,153.78002049459093,151.97476363060503,153.15782706416468,2493000
UNP,2020-07-16,154.99813842773438,156.32141942021985,152.45675963078776,152.67584447093412,3319700
UNP,2020-07-17,158.8364715576172,159.94942602658708,155.0156323138252,155.84815183520058,6132900
UNP,2020-07-20,155.45382690429688,158.6524599802206,154.48984833167185,157.97768835125953,2885700
UNP,2020-07-21,156.5667724609375,158.09159418670478,155.83940928417036,155.83940928417036,2230700
UNP,2020-07-22,157.19775390625,158.17049110121118,155.26103809578598,155.4100141778406,2951300
UNP,2020-07-23,153.35940551757812,157.32046362135824,151.4665090745102,156.6632090262829,4010600
UNP,2020-07-24,154.34088134765625,155.17341442390733,153.11401161193453,153.92024220567697,2720300
UNP,2020-07-27,154.95428466796875,157.07502366601173,153.4119193080296,153.8588608029544,2738200
UNP,2020-07-28,152.84237670898438,155.35746681645287,152.56194164808826,154.55123607419608,1965800
UNP,2020-07-29,155.9709014892578,156.3214453146856,152.7372065735396,152.86866552252988,2736700
UNP,2020-07-30,151.43141174316406,154.60375526988767,151.05457894546302,154.12176605044428,2775500
UNP,2020-07-31,151.91342163085938,152.21137378091632,146.8481815923857,151.08966055680372,5089500
UNP,2020-08-03,150.78294372558594,152.86863562029566,150.43241334060414,152.36035720175812,1982800
UNP,2020-08-04,152.20257568359375,152.22010621054923,150.24834314209167,150.625175926327,1719600
UNP,2020-08-05,155.52389526367188,155.97959532255845,152.72837150091976,152.89487806312098,3040300
UNP,2020-08-06,157.39930725097656,158.24059888955736,155.28732626105796,155.75178503518916,1971400
UNP,2020-08-07,160.30870056152344,160.33500303589508,156.9961399279743,157.46059856794625,2192500
UNP,2020-08-10,163.74398803710938,164.11204890360617,160.76442667633145,161.02733111579352,3368600
UNP,2020-08-11,166.8112030029297,169.91343846259645,165.33018734078385,166.21528528304518,4215200
UNP,2020-08-12,168.108154296875,169.5716391906916,167.1792368625139,168.1344434037437,2869900
UNP,2020-08-13,166.2591094970703,167.97672720657093,165.7070114045062,166.5044834555704,2248800
UNP,2020-08-14,168.18701171875,169.68555758144404,165.75954847636675,166.14513985024706,2502700
UNP,2020-08-17,169.8958740234375,170.96500890207474,168.57260666401754,169.13346320921454,3563000
UNP,2020-08-18,167.11788940429688,170.3515833202537,167.03026350394097,170.00981155355197,1688500
UNP,2020-08-19,167.3369598388672,168.41485326097063,167.14416415401948,167.9328774207258,1702000
UNP,2020-08-20,166.43434143066406,167.16170458077818,164.82188049087802,165.90854592692958,2082300
UNP,2020-08-21,167.88034057617188,168.07312293664654,165.41781569874033,166.90760333453156,2059300
UNP,2020-08-24,168.74790954589844,169.18607923764492,167.46846153425034,168.30098127419305,2045100
UNP,2020-08-25,170.79852294921875,170.96502955447892,168.94068792605555,169.74691847142594,2062000
UNP,2020-08-26,170.290283203125,171.1841397873956,168.52883240378333,169.79076331319874,1513300
UNP,2020-08-27,170.39544677734375,171.58726897806682,170.25522925446364,170.95630349698524,1536000
UNP,2020-08-28,171.85740661621094,172.30657553508618,169.8493367781898,170.4394261794672,1849500
UNP,2020-08-31,169.48828125,172.79103040102967,169.1359799438711,171.74295585354227,2061600
UNP,2020-09-01,172.44754028320312,172.52680303530653,168.2992815504948,169.3121326589682,1888100
UNP,2020-09-02,172.87025451660156,173.99759156639846,171.23209076628456,172.70291311345835,3394400
UNP,2020-09-03,167.8236846923828,174.34991979205614,166.722768384297,174.16495993917303,4180800
UNP,2020-09-04,168.34332275390625,170.9679036065184,166.16791094043376,169.09195125805948,3624500
UNP,2020-09-08,166.1591033935547,168.62515866519854,166.0181828777076,167.91175359331766,2692700
UNP,2020-09-09,169.85812377929688,171.69885205647313,167.45372706283024,167.50656887918316,2750700
UNP,2020-09-10,170.05191040039062,171.42585157784583,169.13594065614208,170.67722323527255,2084700
UNP,2020-09-11,172.57081604003906,173.7950343006187,170.74769238637825,170.87099446158345,1912900
UNP,2020-09-14,175.1249237060547,176.01447252120795,172.5355668727747,173.70694322301648,1663600
UNP,2020-09-15,178.23397827148438,178.65673989510222,175.72389664600044,175.72389664600044,2328200
UNP,2020-09-16,177.39724731445312,181.23724390663338,177.1242222222644,179.44055441805347,2994700
UNP,2020-09-17,177.5998077392578,179.07064370585775,173.3458790877255,174.94880619256446,2611300
UNP,2020-09-18,175.97042846679688,180.1362911400099,175.87354731444694,177.21226502721404,4164700
UNP,2020-09-21,170.86216735839844,173.42510309411435,167.98216726940927,172.62363300126853,2980600
UNP,2020-09-22,173.7862548828125,174.37634442384942,171.0559770050166,171.16166067239035,1864500
UNP,2020-09-23,171.14402770996094,176.86879169815217,170.53631984406454,174.473197077211,2199000
UNP,2020-09-24,172.33302307128906,174.64053921174047,169.9286257640826,171.12642317172768,1704900
UNP,2020-09-25,174.51724243164062,175.73265829895803,171.4434927946123,171.76935971136058,1712100
UNP,2020-09-28,175.66220092773438,178.08421677101677,175.38037334511787,177.54696908276827,2070900
UNP,2020-09-29,173.71578979492188,176.48129100531023,173.19614708730228,175.7855043773252,2294800
UNP,2020-09-30,173.389892578125,178.08420084169595,172.90550020393223,174.49962470251023,3606200
UNP,2020-10-01,171.0647430419922,174.38510975322055,169.18879115129246,174.38510975322055,3147100
UNP,2020-10-02,172.93191528320312,174.90474843525266,168.10548917584103,168.2464096692497,3231400
UNP,2020-10-05,177.30918884277344,178.12826415060877,173.9007427091885,174.56129251444418,3376200
UNP,2020-10-06,175.62698364257812,179.6695451838745,175.52128653635728,177.90807905462083,3403800
UNP,2020-10-07,180.21560668945312,181.0611163976634,177.0273570959411,177.09781735820204,2214500
UNP,2020-10-08,179.47576904296875,180.99063087283298,177.52054071463044,180.45338320713788,1720300
UNP,2020-10-09,181.23727416992188,181.85378471311975,180.15397611266553,180.23323887416484,1724600
UNP,2020-10-12,181.73924255371094,183.91465393088404,180.9553907961935,183.79133842130906,2035500
UNP,2020-10-13,178.78883361816406,182.18846419397764,178.56865032553085,181.00828497080485,1882400
UNP,2020-10-14,180.3828887939453,180.8760970286058,179.1762891170854,179.32601208554186,2053100
UNP,2020-10-15,183.90586853027344,184.45191872827175,177.1242266404996,178.0489990434051,2588200
UNP,2020-10-16,184.8218231201172,185.79062134468103,183.03393622753265,184.39906160936894,3329500
UNP,2020-10-19,181.1315155029297,185.52636368635257,180.69995158188945,183.53591234548784,2110300
UNP,2020-10-20,182.11798095703125,185.03320523356874,181.4398127383606,181.91541611625638,1569500
UNP,2020-10-21,175.68861389160156,178.14586647081532,174.95760389386393,176.19063814889518,4141200
UNP,2020-10-22,164.82037353515625,171.10000414285864,163.66661545221427,170.85339997729483,7578800
UNP,2020-10-23,165.7010955810547,167.11907615874622,162.93559467387644,162.9532130956572,3897100
UNP,2020-10-26,162.67140197753906,164.63543304086582,160.29342527931144,164.28314517406196,4007100
UNP,2020-10-27,158.1532440185547,162.66259304185982,156.8321444119845,162.47763318381513,4542000
UNP,2020-10-28,152.69265747070312,156.9642173804462,152.4284483537437,154.82402946065287,4092200
UNP,2020-10-29,155.04425048828125,156.47104726234312,151.04572808930467,152.21710473613712,5987900
UNP,2020-10-30,156.0570831298828,156.23322704289998,152.48130928384933,154.38368235892173,3747900
UNP,2020-11-02,157.86257934570312,160.0203723929331,155.80165402194888,158.28532740027805,3726500
UNP,2020-11-03,163.27029418945312,164.6618539962362,159.2541537035068,159.85304571611442,3983600
UNP,2020-11-04,164.4680938720703,168.8629431713435,164.16863442280754,167.0045959064553,4391900
UNP,2020-11-05,169.16238403320312,170.7741135042738,166.722750000594,167.0045775561499,3998900
UNP,2020-11-06,167.40093994140625,168.93340687200615,166.49377252159178,168.4401985063455,1999600
UNP,2020-11-09,174.38511657714844,182.99868338145174,172.91429422676887,176.14658240116003,4487000
UNP,2020-11-10,177.25631713867188,179.22916387883797,174.3410930852677,175.1425633333588,4279800
UNP,2020-11-11,176.1466064453125,177.8640331703704,174.1561546304915,177.5381662489008,3134800
UNP,2020-11-12,176.57815551757812,177.28273113256466,174.16494237560215,175.7326459651085,2923200
UNP,2020-11-13,179.1763458251953,180.12753919547967,177.10661764370795,178.04019258891645,2292000
UNP,2020-11-16,182.0563201904297,184.90108395264343,180.1275128141986,181.87136035152423,3066200
UNP,2020-11-17,181.2988739013672,181.95942358023214,177.54694312450698,180.64712671354343,2481000
UNP,2020-11-18,179.6959686279297,183.08679634999936,179.62550836909818,180.67358288097137,2244200
UNP,2020-11-19,180.15396118164062,180.37414446017135,176.70148898694902,178.45413928314443,1965000
UNP,2020-11-20,179.13230895996094,181.4222204503508,178.44533820062816,180.41818522987055,1911100
UNP,2020-11-23,182.6552276611328,182.7961481752136,180.23321176091392,180.6999992047516,2133300
UNP,2020-11-24,183.8089599609375,185.95795046220837,183.62401357127288,184.4783255892194,2726100
UNP,2020-11-25,182.52313232421875,183.7209298767401,181.49267621078008,183.7209298767401,2046900
UNP,2020-11-27,181.9656219482422,183.9212008598947,181.39930271400019,183.67343703879604,1429300
UNP,2020-11-30,180.58522033691406,182.9478340340528,179.53221734223203,182.70891409776902,2537000
UNP,2020-12-01,179.09864807128906,184.31055992720673,178.85974160488144,182.01873751310606,4481200
UNP,2020-12-02,180.1251220703125,180.98345175386052,178.24033432159715,178.65622658072326,2676300
UNP,2020-12-03,178.9747772216797,181.62940169635252,178.5765862509024,180.97460296728894,4152100
UNP,2020-12-04,182.32846069335938,182.65586005847325,178.8332078292497,178.8332078292497,2979900
UNP,2020-12-07,181.39047241210938,182.2222433011635,180.35517061739154,181.93024652752123,2071800
UNP,2020-12-08,181.58514404296875,182.90359871125818,179.8153946340507,180.20472816223483,2043600
UNP,2020-12-09,182.17800903320312,183.16022049824846,180.36401318307767,180.36401318307767,1937700
UNP,2020-12-10,179.20480346679688,182.05410069050535,178.20489087214526,181.3727434842843,2206000
UNP,2020-12-11,179.6826629638672,180.2932286962324,176.97494841347967,177.57665675706932,1919600
UNP,2020-12-14,175.20518493652344,181.80635592607297,175.12554945660557,181.63822757816908,2163000
UNP,2020-12-15,177.24041748046875,178.23147289295972,174.72737639758537,175.9219492246877,1959500
UNP,2020-12-16,175.9573516845703,177.85982702050993,175.74497688109702,177.7182438181944,2094900
UNP,2020-12-17,178.9216766357422,179.46145078806757,176.098923945817,177.00149999605821,2705900
UNP,2020-12-18,180.1604766845703,180.94801455039197,177.62087736273773,178.82430737701617,5918600
UNP,2020-12-21,179.1782989501953,180.33748275092697,176.62985526472156,176.62985526472156,2035100
UNP,2020-12-22,178.31996154785156,180.08085364070095,178.24916994833302,178.59427055716276,1444200
UNP,2020-12-23,178.01026916503906,180.0808730410867,177.90408850538077,179.47916463353172,1787600
UNP,2020-12-24,179.97470092773438,180.38174931261779,177.39971179179653,178.0899131165874,691700
UNP,2020-12-28,181.97447204589844,182.76200996887047,180.1162433242254,180.48788906856,1790200
UNP,2020-12-29,180.88609313964844,183.01864450837962,179.9658293488986,182.5496619752883,1735200
UNP,2020-12-30,182.26649475097656,182.7266333953251,181.0542206806051,181.2842832517209,1279700
UNP,2020-12-31,184.2486114501953,184.62910109087335,181.9833343744026,182.59390007885474,1739900
UNP,2021-01-04,179.63841247558594,184.96536208330446,178.19607585997963,184.08933124764965,2642400
UNP,2021-01-05,181.84178161621094,182.67356613528102,179.50571255305093,179.54110160610728,2127300
UNP,2021-01-06,185.646728515625,187.24834968095598,181.514364980698,181.88601076198054,2512400
UNP,2021-01-07,188.23056030273438,188.78803572302746,185.04500576122726,186.3634740163183,2023000
UNP,2021-01-08,193.62828063964844,195.80506475395134,192.0089583827512,192.90267693347025,3922900
UNP,2021-01-11,192.32752990722656,195.54847341684615,191.97357191038446,194.83171353653478,2969500
UNP,2021-01-12,193.46897888183594,195.06175583655568,189.23927944226133,192.07087541614385,3226000
UNP,2021-01-13,191.6727294921875,193.78757970781825,190.56663600070453,192.53105912174772,1466000
UNP,2021-01-14,191.27450561523438,193.0088523501936,190.8763147272571,192.85842528149618,1720000
UNP,2021-01-15,191.6638641357422,192.47794723402978,188.69952850977145,189.81446576353392,2325200
UNP,2021-01-19,190.49588012695312,193.62834504355308,190.36315428392786,193.08857077838306,2841900
UNP,2021-01-20,193.0619659423828,193.30974329364835,190.8763377378488,192.09745570804674,3239600
UNP,2021-01-21,183.96543884277344,191.9293108879518,183.95659495681832,185.82368105416143,6344000
UNP,2021-01-22,183.28411865234375,184.93883018065085,179.84195627662592,183.70885476881642,4290300
UNP,2021-01-25,182.6912078857422,183.30175999132607,177.96596746630672,181.54086825551087,4815200
UNP,2021-01-26,177.0191650390625,183.44334972380744,176.44398845231444,183.44334972380744,3867700
UNP,2021-01-27,171.95770263671875,175.91309363889494,170.90469957991743,173.45314304497498,3791000
UNP,2021-01-28,178.11642456054688,181.3816144030876,172.9399156046672,174.65657470361614,3406500
UNP,2021-01-29,174.73619079589844,177.6828248755303,174.11678126762337,176.34665556941363,3508000
UNP,2021-02-01,175.73611450195312,177.6032005919035,175.4441042411989,175.9307880091226,2228700
UNP,2021-02-02,182.22222900390625,183.28408937866675,177.01031788951514,177.45275521162682,3714100
UNP,2021-02-03,180.83299255371094,182.21339491256032,180.39055520781736,181.52319373313563,1731600
UNP,2021-02-04,180.9126434326172,182.85936521980773,179.96583445292413,181.20465372601336,2552100
UNP,2021-02-05,180.69142150878906,183.77078186261377,180.3905673338656,182.77088257511903,2097000
UNP,2021-02-08,180.62059020996094,181.6647492080648,178.85084109639405,181.6647492080648,1995400
UNP,2021-02-09,181.089599609375,181.93024136518335,179.2136695903421,180.90378348596616,1526600
UNP,2021-02-10,180.07205200195312,182.4523677735221,179.36414934279907,182.22229164557794,1766800
UNP,2021-02-11,183.37257385253906,183.93889310054112,180.8241439875878,181.49664387517902,2658000
UNP,2021-02-12,188.61988830566406,189.0977146875665,182.470012036286,182.470012036286,3318300
UNP,2021-02-16,189.3543243408203,190.61968856337288,186.23071801987447,188.80569289629665,2936300
UNP,2021-02-17,186.91207885742188,189.2570049106433,185.6555584053093,188.69068564346418,3042700
UNP,2021-02-18,183.22216796875,185.63787231359132,180.65603653305513,185.13350071509626,3621400
UNP,2021-02-19,184.99191284179688,187.20409971401222,183.96545489258085,184.0893368173402,3120800
UNP,2021-02-22,183.0186309814453,186.1510813956785,182.88589167868568,183.29293997085276,2775900
UNP,2021-02-23,183.13363647460938,184.12469161565372,181.11611014844763,183.47873699708828,2677500
UNP,2021-02-24,186.84130859375,188.43408593395702,181.81522621144995,182.5939203560218,2355200
UNP,2021-02-25,185.4989471435547,187.47243587078623,184.81444537956895,186.48569150717046,4150200
UNP,2021-02-26,183.0898895263672,186.86796296354711,182.99210355365122,186.86796296354711,3707900
UNP,2021-03-01,185.95233154296875,188.10362303837476,184.69891037351522,185.41896458442665,4118200
UNP,2021-03-02,186.05899047851562,187.25019144477258,184.30774139575843,186.28123007212005,2315500
UNP,2021-03-03,183.3298797607422,186.53013529955044,183.11653843444043,186.0856561171842,2307400
UNP,2021-03-04,178.75177001953125,183.7477122591898,176.53825855539571,183.1076610783417,3208800
UNP,2021-03-05,186.4235076904297,186.81463806712287,178.36064694928348,180.45858971714378,3187200
UNP,2021-03-08,187.4724884033203,191.73059435137597,186.83243709273518,187.18802868996718,3068500
UNP,2021-03-09,188.19252014160156,191.09941836446117,187.7747085427881,188.5036610562689,2814500
UNP,2021-03-10,189.45481872558594,191.2860709448999,187.90803971849869,188.9036688324334,2764600
UNP,2021-03-11,190.69937133789062,192.4950576484662,189.4992719992958,190.96606158695943,2573500
UNP,2021-03-12,190.31712341308594,193.34847517590478,190.16600209470306,191.89058376773033,2321100
UNP,2021-03-15,189.05477905273438,191.0282677624273,186.6457094134541,190.45933493576808,2881100
UNP,2021-03-16,188.19252014160156,189.49929028011502,185.71233178418817,189.45483964024385,2786100
UNP,2021-03-17,188.72593688964844,190.44162068941822,186.52132308637857,187.95253358795435,2795200
UNP,2021-03-18,191.44613647460938,193.53519473953673,187.96142017490087,187.96142017490087,2866600
UNP,2021-03-19,187.3924560546875,191.59722599624246,185.97901528352145,191.5083247197389,7005200
UNP,2021-03-22,183.36549377441406,187.57026414415446,182.04094058043765,186.75242386187384,5863500
UNP,2021-03-23,184.94781494140625,187.15242817930303,183.56992658105952,184.24553014436162,3661700
UNP,2021-03-24,189.25927734375,191.83726537922252,184.90338570249276,184.90338570249276,3245100
UNP,2021-03-25,192.09503173828125,192.48617563378434,188.29918885335272,188.93034176838114,2689300
UNP,2021-03-26,198.1666259765625,198.42443153606186,192.68175369294255,193.04622993116982,3653800
UNP,2021-03-29,198.21994018554688,199.08223091849058,195.78420285137616,198.05993418451175,2279800
UNP,2021-03-30,196.57542419433594,198.61113346799286,196.05092829899894,196.6909795912474,2601500
UNP,2021-03-31,195.93533325195312,197.85548674012983,194.8419046030465,196.5664861490332,3246500
UNP,2021-04-01,195.75753784179688,197.16208019582217,194.69967516138698,196.3531383500048,2551300
UNP,2021-04-05,198.6555633544922,199.6778602360083,197.41102684095682,197.56214816299823,1958400
UNP,2021-04-06,196.54872131347656,199.20669843280348,196.2820310620727,199.1000277580138,1590800
UNP,2021-04-07,196.76210021972656,197.2954808243425,195.54423123531998,196.3709562515992,1634200
UNP,2021-04-08,195.7308807373047,196.97543080596358,195.64199302382013,196.5309515452491,1983900
UNP,2021-04-09,198.45114135742188,198.557812058807,195.98872200646176,196.18429400195652,2383700
UNP,2021-04-12,198.7266387939453,200.26453291771378,197.8021145281082,197.84656515780904,2286500
UNP,2021-04-13,197.3399200439453,198.5844566300879,195.74867658977215,198.2199803568492,1799100
UNP,2021-04-14,197.88218688964844,198.59334290769482,196.94877766042308,197.7755026353962,1515300
UNP,2021-04-15,198.32666015625,199.5711967144429,197.67771064107765,198.58445217029313,2008800
UNP,2021-04-16,197.9799041748047,200.70899903632147,197.4731914451304,199.93560967463634,2539800
UNP,2021-04-19,198.6555633544922,198.69111572726575,196.85986332973633,198.4422084245587,1911000
UNP,2021-04-20,196.16647338867188,200.31790801564907,195.69532646204993,198.03329169129384,2766000
UNP,2021-04-21,198.62001037597656,201.09132772454416,195.29531394528945,195.64200725128174,3470200
UNP,2021-04-22,193.77516174316406,196.5576060697618,192.06836312390456,194.6552355037135,4831400
UNP,2021-04-23,198.7178192138672,199.0734108278464,194.29970701230275,195.14421505329958,2975600
UNP,2021-04-26,199.6511993408203,201.75804034767455,198.92226037656346,199.1089340777135,2767600
UNP,2021-04-27,200.66456604003906,201.6157579925396,199.08222125042354,200.63789837449494,2239600
UNP,2021-04-28,201.07351684570312,202.96700271184602,200.47791630343374,200.62013934849728,2172900
UNP,2021-04-29,199.55343627929688,202.34476593024613,198.60225756621796,202.31809825558997,2239700
UNP,2021-04-30,197.4287872314453,199.43784209441054,195.8019915716049,198.8155603016227,3674700
UNP,2021-05-03,198.8955535888672,200.602352057296,198.42440673081057,199.13556258600124,2771400
UNP,2021-05-04,200.61126708984375,200.82462201731676,197.9088391640051,198.38887079528118,2781500
UNP,2021-05-05,198.73556518554688,201.74024933320882,198.50444085281543,201.26020413481888,2649800
UNP,2021-05-06,201.98025512695312,202.1047087672121,199.22447850980916,199.55338879525874,1852100
UNP,2021-05-07,203.9982147216797,204.43380931672218,200.9135273097715,202.44253717936877,2073700
UNP,2021-05-10,203.0736541748047,205.58050974891827,202.8958652119729,204.57599600492586,1827200
UNP,2021-05-11,201.44688415527344,202.51363163141366,199.00224830542163,201.62467314055846,2085200
UNP,2021-05-12,197.3488006591797,201.20687756074702,197.25989937725444,200.48682329621846,2413100
UNP,2021-05-13,200.1756591796875,201.50909686747468,197.34877779250485,197.34877779250485,1915000
UNP,2021-05-14,202.55807495117188,203.90039734067526,200.75349036508317,201.58021522078556,1631800
UNP,2021-05-17,199.80230712890625,202.06915401171068,199.20670656297304,201.53578705156448,3062200
UNP,2021-05-18,197.73992919921875,200.2201174244078,197.331002324408,200.01566076921748,2937200
UNP,2021-05-19,197.61546325683594,197.65101562596683,193.81072223165242,195.80198044928608,2832300
UNP,2021-05-20,197.30430603027344,198.17548142830609,195.7664118597363,197.3665396266327,2456000
UNP,2021-05-21,196.92210388183594,199.4645259043683,196.6642983035213,198.24664345414305,2463200
UNP,2021-05-24,198.73556518554688,199.4734023871977,197.2687890487088,197.81105429019044,2021400
UNP,2021-05-25,197.2954864501953,200.3623911031086,197.1532498096509,199.526767795451,2372400
UNP,2021-05-26,198.99334716796875,199.8556379180323,197.19764736671561,199.44671107766473,5997100
UNP,2021-05-27,199.99375915527344,201.36933801380866,199.29704235196604,199.85085302274325,3558900
UNP,2021-05-28,200.73513793945312,201.69982587899486,200.39572054505072,201.22641609795753,1663800
UNP,2021-06-01,201.00311279296875,203.1022042227847,200.92272553725124,202.18218039514082,2133100
UNP,2021-06-02,200.4850616455078,202.18220335992658,199.80621313748853,200.29749136086184,2244600
UNP,2021-06-03,200.93165588378906,202.59306067442253,199.08268082703992,199.60968212842252,2260400
UNP,2021-06-04,202.0214080810547,202.8521173439522,200.55651446726353,202.325102379499,1842500
UNP,2021-06-07,199.1452178955078,202.50376453966163,199.02910750145244,202.50376453966163,1926800
UNP,2021-06-08,198.144775390625,199.60966881360815,196.18860382557293,198.45739702315754,2511500
UNP,2021-06-09,197.85003662109375,198.76113315680513,196.7870929343605,197.92149650914757,2117300
UNP,2021-06-10,196.1439666748047,199.3417250953005,195.97425114515016,198.5914167185352,3077100
UNP,2021-06-11,197.69818115234375,198.48422625828476,197.1265157015447,197.25156709298264,2029900
UNP,2021-06-14,198.85044860839844,198.96657263065862,196.68883809684954,197.02826915909924,1764200
UNP,2021-06-15,199.0469512939453,199.98484354729476,198.45741746274513,199.60968937187087,2030100
UNP,2021-06-16,198.35020446777344,199.70791482330455,196.84958799290544,199.70791482330455,2903500
UNP,2021-06-17,195.67950439453125,198.72540213700623,193.9734352956237,198.2251965357639,2962800
UNP,2021-06-18,191.8743438720703,194.0895459503502,191.60637269116685,193.24992290690395,4791300
UNP,2021-06-21,194.2860565185547,195.48299263819513,192.55320529826102,192.96408262848206,2962000
UNP,2021-06-22,195.60801696777344,195.94743436107484,192.96405592394885,193.5803854635662,2311100
UNP,2021-06-23,195.71522521972656,197.7607117356258,195.38473515770823,196.36727796869633,2625800
UNP,2021-06-24,195.1436004638672,196.37625995938163,193.8126853037888,196.1082887260633,3485900
UNP,2021-06-25,197.6446075439453,197.85004621357297,194.98277769580997,195.61697571454846,4337900
UNP,2021-06-28,195.7331085205078,197.86792346813755,194.83093927550837,197.6267480271437,2133400
UNP,2021-06-29,195.30433654785156,196.84963111605205,194.6790795463504,196.41194440021104,2203300
UNP,2021-06-30,196.44766235351562,197.16224760622003,194.51829988966782,195.206075758404,2828400
UNP,2021-07-01,199.6811065673828,199.7882895575666,197.68027109663376,197.86785495903197,2363900
UNP,2021-07-02,200.72622680664062,201.80702521322115,199.56502750974232,200.17242972656067,1706600
UNP,2021-07-06,199.9133758544922,201.42293350137703,197.68030563829066,201.18175810174517,2263600
UNP,2021-07-07,203.96864318847656,204.3170016041749,198.752180697822,199.02909285916414,2610100
UNP,2021-07-08,195.0274200439453,199.38637753253997,194.19672445330923,198.38596642220514,5669000
UNP,2021-07-09,198.0197296142578,198.87722091414994,196.2689966301455,196.51017202118072,4229900
UNP,2021-07-12,197.59994506835938,198.41278600793348,196.20651124599283,197.4034337724276,3412700
UNP,2021-07-13,195.77772521972656,197.76069265972092,195.6169507065492,197.28728286481567,3465700
UNP,2021-07-14,196.5548553466797,197.7696461648201,195.84027010725947,196.4387313267697,4597300
UNP,2021-07-15,196.4565887451172,197.29622533237216,194.6433368086321,195.47403239203604,2070200
UNP,2021-07-16,195.09886169433594,197.2426171113086,194.5539920591829,196.41190796872803,2958100
UNP,2021-07-19,191.45452880859375,192.83903524228037,190.2040147824398,192.186982473613,3682600
UNP,2021-07-20,192.4727783203125,194.4021541986837,191.14187723544842,191.14187723544842,3066400
UNP,2021-07-21,194.00021362304688,195.81346557945017,193.1337812738793,193.3392199210242,2320000
UNP,2021-07-22,196.0993194580078,200.52973747222728,195.661646348595,199.3506696673854,4194900
UNP,2021-07-23,196.64418029785156,197.98402258095186,196.03679167171143,196.9568156157405,3946800
UNP,2021-07-26,196.67996215820312,198.29670336980917,195.26865966083193,196.4477140529446,2840900
UNP,2021-07-27,194.7505645751953,196.867511278387,194.00025607654283,195.8403041882972,3199000
UNP,2021-07-28,193.43746948242188,195.68840804469187,192.526373030859,195.43830527439283,2366200
UNP,2021-07-29,194.1163330078125,196.17968769315556,194.04487312581884,194.90236445058483,1908000
UNP,2021-07-30,195.40261840820312,196.15294054024787,193.5893660457943,193.5893660457943,2324100
UNP,2021-08-02,194.29498291015625,197.3587487948246,194.16993151954895,196.9478714955061,1990900
UNP,2021-08-03,196.5637664794922,197.16222764955188,193.9555421562674,194.64333158496592,2278400
UNP,2021-08-04,194.38430786132812,196.17076418172877,194.0002262946404,196.00998965509115,2396900
UNP,2021-08-05,195.75987243652344,196.14395397491103,194.34857041184557,195.0720829875648,2051800
UNP,2021-08-06,196.95680236816406,198.0286733966327,196.17075725348326,196.41193266450207,2480700
UNP,2021-08-09,196.4655303955078,197.0282684958527,196.0099889421115,196.40301151190286,1990000
UNP,2021-08-10,198.03756713867188,199.12729265635048,196.0278043288359,197.06393835231776,2061300
UNP,2021-08-11,202.2178955078125,202.38761101621,198.1715735754301,198.62711496935628,3076400
UNP,2021-08-12,203.35231018066406,203.5398804469446,201.0567074478416,201.23535033987324,2015900
UNP,2021-08-13,203.47735595703125,204.16514538344478,202.40548500481995,203.73638609889736,1794100
UNP,2021-08-16,203.20046997070312,203.71854391596804,201.0031227979988,203.16473321333066,1803200
UNP,2021-08-17,201.74452209472656,202.62882292067982,199.3060129214127,202.5394946487158,2265100
UNP,2021-08-18,200.8155517578125,203.9061134093243,200.2528136827725,200.47612071196878,2277500
UNP,2021-08-19,199.87765502929688,201.43186319473665,198.65392326861559,199.27919384001407,2110400
UNP,2021-08-20,199.82406616210938,200.7708857764462,199.3059922235973,200.0384321852321,1608900
UNP,2021-08-23,199.88658142089844,201.9410087592725,199.64540601967556,200.41358272429963,1873200
UNP,2021-08-24,197.62669372558594,200.38676495668875,197.50164235157547,199.9490919624408,2390700
UNP,2021-08-25,197.6624298095703,198.32342347529882,196.91212151630774,197.92147357744946,1744000
UNP,2021-08-26,197.38552856445312,198.45739948708885,196.09927800545896,197.68923645668883,3064500
UNP,2021-08-27,197.7875213623047,198.82366938510552,197.54635955236233,197.68927934093787,1944800
UNP,2021-08-30,196.63861083984375,198.0208553987121,196.3334419197476,197.67978989215277,3485300
UNP,2021-08-31,194.62808227539062,197.32976295334507,193.46124449090036,197.09638717899017,5434800
UNP,2021-09-01,194.70883178710938,196.17186759246272,192.7970270325123,193.90999922683412,4309800
UNP,2021-09-02,195.2473907470703,196.65657492960923,194.64602360218925,195.06788041506647,2659400
UNP,2021-09-03,192.89578247070312,195.08584422746287,192.47392563907673,194.7716908606735,4355200
UNP,2021-09-07,191.18141174316406,194.54728166821977,190.91213941000765,192.70727003670405,3840100
UNP,2021-09-08,193.2009735107422,193.8113114756254,190.52623216059862,191.45969425270314,3319700
UNP,2021-09-09,188.5336151123047,193.1471007229984,187.6360497118136,192.75216975546056,3887600
UNP,2021-09-10,186.47817993164062,190.22102595312342,186.3345798784535,189.38629671691456,2981900
UNP,2021-09-13,185.57164001464844,188.0848257866471,184.19836609593244,187.6360431022102,3209600
UNP,2021-09-14,182.5737762451172,186.24481534247545,181.85572120584948,186.24481534247545,4362800
UNP,2021-09-15,183.3277130126953,183.68673365534656,181.8557064646098,182.59170289077275,5225600
UNP,2021-09-16,182.60073852539062,184.81772653977538,182.3045402490331,184.00093859852552,3481900
UNP,2021-09-17,180.83250427246094,183.61496252213627,180.26703368144197,182.0890903683239,7702800
UNP,2021-09-20,177.6012725830078,179.44128450889687,175.63560204097695,178.4898673158574,4370600
UNP,2021-09-21,176.47032165527344,179.13609180484355,176.0753907152245,178.72320572322144,3730300
UNP,2021-09-22,177.78074645996094,179.6656251701609,177.43966729993318,178.0769309248967,2907200
UNP,2021-09-23,181.05686950683594,182.48399501607506,178.77704602437916,178.88476317117255,3553500
UNP,2021-09-24,182.92381286621094,183.88420062584842,180.50038926903775,180.55424099630122,2908500
UNP,2021-09-27,183.06744384765625,185.33828319957553,182.6994387490104,182.7353353386476,2449600
UNP,2021-09-28,180.5183563232422,181.99036309222583,179.25279946573576,180.90431658298343,3792800
UNP,2021-09-29,181.02098083496094,181.87367890996754,180.34780679412052,180.67991530071922,3448800
UNP,2021-09-30,175.93177795410156,181.5864423542547,175.85997108316906,181.53259062499538,4098900
UNP,2021-10-01,181.07484436035156,182.13396493284844,177.08066747005128,177.5294501592301,3468600
UNP,2021-10-04,184.4586639404297,185.45496210125563,182.7443244025224,183.05846408105515,5531900
UNP,2021-10-05,188.4617919921875,190.2569226384372,184.11757911524555,184.11757911524555,4177300
UNP,2021-10-06,190.6787872314453,191.13654063447964,185.39212780993697,186.54998109796992,3074400
UNP,2021-10-07,190.17613220214844,193.3804330674957,189.65554270640462,192.57262980954502,2655200
UNP,2021-10-08,194.3049774169922,194.52039806947542,192.5008756756443,193.12916879235033,3352100
UNP,2021-10-11,192.89578247070312,195.7320924080071,192.85987218525008,194.64603225310995,2312000
UNP,2021-10-12,191.54942321777344,193.299672898213,191.18141814000506,192.66239547827848,1975500
UNP,2021-10-13,193.73947143554688,194.39469025604484,191.405796226,191.86354958896283,2206100
UNP,2021-10-14,198.66712951660156,198.89152087469722,195.22945226708447,195.47179876864104,2559400
UNP,2021-10-15,202.09579467773438,202.5804738858828,199.20563348135317,200.10319873002413,2747400
UNP,2021-10-18,202.78692626953125,203.34342608131112,200.06730444430596,201.0546317750768,2287000
UNP,2021-10-19,202.63436889648438,204.1871669693421,201.83553620234994,204.0166273443423,1933300
UNP,2021-10-20,204.6538848876953,205.01291927035214,201.2521179985596,202.98441267168454,3454200
UNP,2021-10-21,207.5889129638672,208.31593870573568,203.69348263350986,205.9912477372089,3361500
UNP,2021-10-22,213.25253295898438,215.10151525634797,208.64803235610339,209.22247359116548,3809000
UNP,2021-10-25,215.66700744628906,216.4748108063723,212.88454930242773,213.8898318366495,3158000
UNP,2021-10-26,216.0619354248047,218.9251711260548,215.20925106852357,217.13004039882694,2409700
UNP,2021-10-27,214.85922241210938,218.35075147466665,214.80537067627878,215.91834307214305,2886300
UNP,2021-10-28,217.48008728027344,217.60574588157945,215.5054462472816,215.72983758502525,1998200
UNP,2021-10-29,216.67227172851562,218.00964904108616,214.87714101429177,215.79266151335887,2387000
UNP,2021-11-01,214.93099975585938,217.45315613958383,213.30639500557277,217.35442340554164,2547300
UNP,2021-11-02,215.81063842773438,217.60576932306304,214.2847799058574,215.66702466912525,1933200
UNP,2021-11-03,214.93099975585938,216.13373401000212,212.75887960693166,215.25412382220102,2535600
UNP,2021-11-04,212.9025115966797,215.31696473051156,211.82543584846684,215.20027684507008,3007800
UNP,2021-11-05,214.36553955078125,215.66700660171233,213.5756776403632,214.51812402061006,2313900
UNP,2021-11-08,214.92205810546875,215.4157218739157,213.2525857131154,215.4157218739157,1612900
UNP,2021-11-09,216.31324768066406,216.4030096932755,213.94367572278097,214.5360721361918,1778800
UNP,2021-11-10,216.7979278564453,217.65959661557343,215.83754005709153,216.87871914644128,1613800
UNP,2021-11-11,215.91830444335938,216.42992323374295,214.52707550166443,216.3132353631447,1443600
UNP,2021-11-12,217.6057586669922,219.04185509547293,215.29003828192674,216.3222330178898,1803800
UNP,2021-11-15,216.72616577148438,218.13533644642536,216.19659173208402,217.67758298432904,1633800
UNP,2021-11-16,216.74407958984375,219.3111170707308,216.29529690923943,217.21978813562347,1986100
UNP,2021-11-17,215.19129943847656,217.17492495057184,214.23089790977033,216.6363802453099,3023200
UNP,2021-11-18,215.63108825683594,216.78894144436737,213.64746295767793,215.0027816028906,2754200
UNP,2021-11-19,216.59152221679688,218.10841005831867,213.82701891495307,216.48381874262188,2589000
UNP,2021-11-22,218.9251708984375,221.80634804301673,216.1516972147366,216.94154542077848,2381400
UNP,2021-11-23,222.03073120117188,222.38078113188652,217.90193890245556,218.4494543013436,3004500
UNP,2021-11-24,221.33961486816406,221.8332648408522,220.1009703356506,221.36654073228306,2145700
UNP,2021-11-26,215.22718811035156,216.92358606503566,213.31538323809502,215.75676207282436,2566700
UNP,2021-11-29,214.93099975585938,218.11734571790385,214.8232826032388,216.76202700128863,3749000
UNP,2021-11-30,211.50228881835938,214.90405531258608,211.19711990034892,213.47692975857265,4488300
UNP,2021-12-01,209.35714721679688,215.1554262162249,209.32125062390259,213.2884883831903,3934700
UNP,2021-12-02,215.4875030517578,216.70819254458675,210.11108137088596,211.21509667473703,3783200
UNP,2021-12-03,215.80160522460938,218.1352803392989,213.66540925518734,216.4658084362078,2961100
UNP,2021-12-06,220.85494995117188,222.2372083982488,217.00440024012383,218.38664499143906,2623700
UNP,2021-12-07,222.12046813964844,224.33745534917605,221.5280718019975,221.9319734155746,2270700
UNP,2021-12-08,222.23715209960938,223.20651047686962,220.0829873720933,221.9678797967001,1814500
UNP,2021-12-09,221.92303466796875,223.8438239854142,220.8549297010965,221.75249505870204,1983000
UNP,2021-12-10,223.00909423828125,224.1220665137378,221.76147894205272,223.1706494282951,1937800
UNP,2021-12-13,220.56768798828125,223.01803726955825,219.3559694305929,222.21023402827183,2548300
UNP,2021-12-14,219.553466796875,221.69864749402728,218.35970320533897,220.3612701555935,2682200
UNP,2021-12-15,221.80636596679688,222.02178660172183,219.01493691545897,220.87290394031217,2517600
UNP,2021-12-16,222.9103546142578,224.30156991559517,221.06135853474365,222.51542367874526,2297200
UNP,2021-12-17,218.87010192871094,223.04567418318098,218.45524464023936,222.38731340449462,4937100
UNP,2021-12-20,217.0212860107422,217.2557621675423,214.70353757119932,216.42606142677414,2769900
UNP,2021-12-21,218.44619750976562,220.4032111594243,217.1385172267668,218.879081833824,2746200
UNP,2021-12-22,219.05047607421875,219.69980956083967,217.42714235766638,218.2478296478605,1623000
UNP,2021-12-23,221.53054809570312,222.585711490433,219.28493547954713,219.39316689313333,1655700
UNP,2021-12-27,223.61380004882812,223.88435791636388,221.33211967729918,222.04458918718143,1176500
UNP,2021-12-28,224.76817321777344,225.76021417052416,223.0636764979709,223.53264256301173,1119700
UNP,2021-12-29,226.39151000976562,227.05888427510283,224.9575711435127,225.47161872752145,1106200
UNP,2021-12-30,225.04771423339844,226.95964619661504,224.181945665387,226.607925135646,1163300
UNP,2021-12-31,227.2031707763672,228.46576962700672,224.68701414760906,225.04774881285158,1516700
UNP,2022-01-03,223.4514617919922,228.6190603685031,222.30610801118743,228.39359778431327,2450200
UNP,2022-01-04,227.29335021972656,229.4307312172231,224.88541135594252,225.46259504882173,2647500
UNP,2022-01-05,227.97877502441406,229.71034004245593,226.9596933474603,228.0328976121591,3651300
UNP,2022-01-06,228.6100616455078,229.7012929175171,227.15808195871222,229.07000039307226,2342300
UNP,2022-01-07,229.77345275878906,230.97290172768956,226.8785205682978,227.97876543888935,2346800
UNP,2022-01-10,225.71511840820312,229.54798263192717,224.0196352421423,229.54798263192717,3341400
UNP,2022-01-11,222.2340087890625,226.53583972521554,221.01651881470406,226.1390232851649,3087200
UNP,2022-01-12,222.7570343017578,224.52466702561443,221.89125191920382,223.30716356039818,2480800
UNP,2022-01-13,223.31619262695312,224.3533288482032,222.47747835661266,223.20797498204342,2615100
UNP,2022-01-14,222.09872436523438,223.86634362209688,220.52949955622074,221.19687387385454,2525500
UNP,2022-01-18,214.6764373779297,221.44031456557144,213.55815182337133,220.77295415685586,5752100
UNP,2022-01-19,215.9841766357422,217.9772584923907,213.76561839771097,216.44411542701192,4910900
UNP,2022-01-20,218.31092834472656,221.54856791000063,213.73854030748285,213.93694849220415,4256100
UNP,2022-01-21,222.15281677246094,225.94058580405323,218.4642518380336,220.64672821451703,4932400
UNP,2022-01-24,221.04351806640625,221.7830281701007,215.65947057630694,219.07747722075,5093200
UNP,2022-01-25,220.15972900390625,221.55759996349894,215.71361285938391,218.82499418160904,3325400
UNP,2022-01-26,220.84512329101562,225.59786483895715,218.57245650259472,222.38727971944283,3529100
UNP,2022-01-27,220.58358764648438,224.26313895673087,218.8971317897175,223.0546627145679,3045500
UNP,2022-01-28,221.7920684814453,221.92735430192315,216.08336739929047,220.95335419129347,2659900
UNP,2022-01-31,220.5475311279297,221.30508220609946,218.97830638502444,220.9533610797245,3522000
UNP,2022-02-01,222.49551391601562,224.00160240341629,219.88916686110042,220.78198993262083,2438500
UNP,2022-02-02,226.5989227294922,227.08592964352238,221.88224907013668,221.88224907013668,2640200
UNP,2022-02-03,220.36712646484375,226.98670436883694,219.6366161619681,225.73313300139876,3666700
UNP,2022-02-04,218.59947204589844,221.93631507363813,217.49020013973154,220.62863502020338,3603500
UNP,2022-02-07,217.48123168945312,220.93532058297467,216.57938123457478,220.19581036577026,3067400
UNP,2022-02-08,219.10452270507812,221.1066314269419,218.29286295778988,219.32998527500743,3027700
UNP,2022-02-09,222.297119140625,222.41435033984044,219.79898957734594,221.1066699585932,3135200
UNP,2022-02-10,218.3560028076172,221.94537711635357,217.2918259976798,219.64565596668328,2034800
UNP,2022-02-11,215.3708953857422,220.49341289829474,214.37886818601513,217.65257583460325,2379100
UNP,2022-02-14,218.74380493164062,219.82602259835753,214.98309062714142,216.56132873810398,2429400
UNP,2022-02-15,224.84934997558594,225.44456078546295,220.48438354923522,220.95334961378103,3248500
UNP,2022-02-16,228.89865112304688,229.83658325881353,224.06473235889362,224.06473235889362,3493100
UNP,2022-02-17,226.35540771484375,228.43867966891375,225.06575465304508,227.54584293382234,2697500
UNP,2022-02-18,226.5358123779297,229.50289424642835,225.760220455409,226.77931584786464,3319300
UNP,2022-02-22,222.09872436523438,227.5188408644145,221.19687387385454,226.36447333634004,4360300
UNP,2022-02-23,220.79104614257812,226.89656412307082,220.3310935801793,223.69499209399666,3346900
UNP,2022-02-24,218.32894897460938,218.96926878107993,213.5671802046923,216.81384698470134,3944100
UNP,2022-02-25,223.31346130371094,225.0716231221822,218.91805675753284,219.55244147848902,2548100
UNP,2022-02-28,222.89651489257812,223.38590714372188,217.17796851224537,217.98454612830812,3358100
UNP,2022-03-01,219.7064971923828,223.44032995008396,218.39241164165648,221.90873514801459,3327000
UNP,2022-03-02,228.7147979736328,229.6301372927506,220.17775704243223,220.42245321797898,3528900
UNP,2022-03-03,231.51516723632812,238.88311469568762,229.5848124892116,230.12856484616162,7218000
UNP,2022-03-04,239.82565307617188,239.9706592434693,229.85670724553515,230.80827737562018,5924800
UNP,2022-03-07,236.95278930664062,244.81921542968368,236.7896677279097,239.2547174381014,5794000
UNP,2022-03-08,229.71168518066406,238.57498257221994,229.37637054197532,236.98901402710547,6229800
UNP,2022-03-09,229.89295959472656,235.04056807828965,227.96260468482168,233.22803241183993,6204400
UNP,2022-03-10,235.31240844726562,235.5480469052177,226.16817045263772,228.37946590652254,4501100
UNP,2022-03-11,237.0071563720703,238.71094434224227,234.73244289270642,234.73244289270642,3873800
UNP,2022-03-14,233.50897216796875,239.13688764276932,231.68736498118093,238.67468219965022,3839200
UNP,2022-03-15,235.74745178222656,237.70499358680217,232.72956446209372,237.03433659505103,2913800
UNP,2022-03-16,239.39059448242188,240.0974821439246,235.8652277016884,237.53275686069242,3958600
UNP,2022-03-17,238.85594177246094,239.63534647069167,234.2158550107575,236.4634091359383,3761500
UNP,2022-03-18,236.825927734375,239.39972518054108,235.31244821399002,239.25471900168796,6342900
UNP,2022-03-21,239.71690368652344,240.5597260995087,235.8471224951832,236.3999602327025,5158400
UNP,2022-03-22,240.94032287597656,242.15474595958642,239.06436971409602,241.0672136322417,3704700
UNP,2022-03-23,242.5897216796875,244.48381777873573,239.72591254238523,240.2153048249677,2877100
UNP,2022-03-24,244.8826141357422,247.20265748778004,243.12445239374657,243.78603784333407,3400200
UNP,2022-03-25,247.75546264648438,247.93669958812728,244.9550988356848,245.93385576042172,2814300
UNP,2022-03-28,249.53173828125,249.58611212917492,246.1876083483934,247.15732139821245,2548400
UNP,2022-03-29,247.96389770507812,250.8730370006928,244.1304029482991,249.40488771876926,2759500
UNP,2022-03-30,250.7552032470703,250.9183247895918,248.19045025890722,248.43516022978378,2770400
UNP,2022-03-31,247.6014404296875,252.79436535288178,247.6014404296875,249.74024701404412,3793000
UNP,2022-04-01,235.5933380126953,248.71610395692733,232.910793427709,248.49860856430792,6367000
UNP,2022-04-04,233.58143615722656,236.25493702673893,229.59386367191195,235.41211467454144,4633400
UNP,2022-04-05,228.4791717529297,235.1583747295548,228.0894694146648,232.33079600934005,5042600
UNP,2022-04-06,220.15963745117188,227.01103386652747,217.8305363173628,226.50351226540695,6794200
UNP,2022-04-07,221.90870666503906,222.9327935777445,217.5223743734127,220.77587205489502,4793100
UNP,2022-04-08,219.29867553710938,222.36186508664693,217.21425685834504,218.60991699629074,3530700
UNP,2022-04-11,220.32275390625,221.39214321670462,217.11457214633762,218.32896761607208,2912100
UNP,2022-04-12,222.08999633789062,224.89036066582278,219.76089516231744,220.76685302546926,3097700
UNP,2022-04-13,221.7002716064453,223.22279470289035,219.9149231333333,221.8180770038896,3062000
UNP,2022-04-14,223.1322021484375,224.6637831214978,221.60966504659189,223.3043814152478,3180200
UNP,2022-04-18,219.425537109375,223.69406417785956,217.70363396362765,222.03559258200497,3173200
UNP,2022-04-19,222.59747314453125,223.0234200795658,220.784937703039,221.82715387902584,2269000
UNP,2022-04-20,223.9115753173828,225.8781746375778,223.02342298293487,223.02342298293487,2937700
UNP,2022-04-21,221.49185180664062,227.03822032179303,219.80619309208788,222.46156502107,4179600
UNP,2022-04-22,212.3385467529297,219.91494605866728,211.92165748341665,219.55243064418877,5105300
UNP,2022-04-25,214.2598114013672,214.74920371118105,208.49594818404017,211.9125813396779,4129900
UNP,2022-04-26,211.695068359375,215.56483530370033,211.55006220877343,213.5166752835067,2316200
UNP,2022-04-27,214.5951385498047,215.71891555961486,210.51693359666203,210.7435005385033,3489800
UNP,2022-04-28,216.82455444335938,217.3955075385024,214.26887280657468,214.59512974257808,4531800
UNP,2022-04-29,212.32945251464844,217.39549944745096,211.92163481695943,215.78234405406943,4407100
UNP,2022-05-02,211.04257202148438,214.18732230228528,207.1909339835313,213.40793146381634,3665800
UNP,2022-05-03,210.34475708007812,211.56821028484748,208.0881453316318,211.1513348504101,2285000
UNP,2022-05-04,214.86700439453125,215.3654543922723,209.71941052689007,211.4050689919932,2598400
UNP,2022-05-05,209.78285217285156,214.18731393377794,208.04281977488102,213.3716785007927,3005500
UNP,2022-05-06,208.0699920654297,208.9762597399115,204.60805673975372,208.92188589201015,2774900
UNP,2022-05-09,204.13677978515625,206.41150651502937,203.3845760070995,205.72274810757145,3288900
UNP,2022-05-10,201.73519897460938,206.83747680877616,197.8201158064725,206.61998140735605,3845200
UNP,2022-05-11,202.8951873779297,206.7377530127411,201.60828909188004,201.9707905873562,2457500
UNP,2022-05-12,204.75306701660156,206.6109186779485,201.06456444879134,202.45115300608063,3230900
UNP,2022-05-13,209.13035583496094,210.5713321692947,205.45998225014222,205.60497459072252,3263800
UNP,2022-05-16,206.5293426513672,209.737524179005,206.01277726058666,208.54125802292813,3091900
UNP,2022-05-17,210.4263153076172,211.24195076756487,207.7981304827493,209.77380140823954,2916400
UNP,2022-05-18,203.90122985839844,210.57136248460012,203.07652270986074,210.54417555254295,2620700
UNP,2022-05-19,196.20697021484375,199.65079047162232,192.78127918527494,198.86232811630668,5428100
UNP,2022-05-20,193.56068420410156,197.06793627043444,190.53375297992878,195.75385068662766,3796000
UNP,2022-05-23,196.5604248046875,196.75074712939465,194.2403814231015,195.29165540180432,3079300
UNP,2022-05-24,196.74163818359375,197.21290122727265,193.2797029978231,195.52724286771618,2159700
UNP,2022-05-25,197.04074096679688,198.9710957819328,195.4366431087466,197.2763656135897,2006700
UNP,2022-05-26,200.5479736328125,201.7170667120399,197.774796678065,197.774796678065,2045300
UNP,2022-05-27,202.836181640625,204.43152239510184,201.31377241844208,202.07042141694032,1537400
UNP,2022-05-31,200.3565216064453,202.1797677864368,199.89159883824266,202.13418384988412,4405400
UNP,2022-06-01,201.760498046875,202.91824975224674,200.48421693766485,201.62374619038684,2796200
UNP,2022-06-02,205.4707489013672,205.92656049340272,201.11319119432875,203.2190385238904,2091900
UNP,2022-06-03,204.20359802246094,205.40694733059252,202.2709612781764,204.03038738778145,1964400
UNP,2022-06-06,205.27017211914062,206.345894612372,204.30385385708178,205.4251463771817,2151300
UNP,2022-06-07,208.5338134765625,208.81641445169683,198.00456240749585,199.57255547301529,3772300
UNP,2022-06-08,202.088623046875,205.89010400835414,200.55710275729245,205.6439618510048,2409300
UNP,2022-06-09,197.6308135986328,202.72679853378372,197.53053447693262,201.07676254875423,2198300
UNP,2022-06-10,192.46189880371094,196.14486457541477,191.44999642552568,194.93240396657896,2752200
UNP,2022-06-13,189.6814422607422,191.16737858924455,186.16257621986227,189.16181036978674,3374500
UNP,2022-06-14,190.06434631347656,193.5011561298398,189.23476577424367,191.02153964768786,2631600
UNP,2022-06-15,191.29501342773438,194.18485737015342,188.75159076071017,192.48923762204848,2236000
UNP,2022-06-16,189.79083251953125,191.057988186323,187.17447843801716,187.55735850529246,3124500
UNP,2022-06-17,188.20458984375,190.7480261315656,187.51176128207936,189.75434636159466,6079700
UNP,2022-06-21,190.95770263671875,192.79006016333855,189.6996582365009,191.486445733763,2956000
UNP,2022-06-22,190.52015686035156,192.55307290725102,188.25932108011574,188.70602150102704,2098400
UNP,2022-06-23,191.21298217773438,192.6715849837215,189.14359344594197,191.1856345922705,2504700
UNP,2022-06-24,196.71002197265625,198.59708837609577,191.49553697787698,191.49553697787698,5516500
UNP,2022-06-27,194.9506378173828,197.6581599860481,193.65612055974916,197.6581599860481,1827600
UNP,2022-06-28,194.5039520263672,199.50876905867025,194.3125050087332,197.02915251653553,2156400
UNP,2022-06-29,194.31248474121094,195.11471763006918,191.86022995189012,195.11471763006918,2179000
UNP,2022-06-30,194.43099975585938,194.55862645058158,190.547489836227,191.44087669928237,2314100
UNP,2022-07-01,196.2360076904297,197.10206087040905,192.62598755913183,193.71993263194128,1765900
UNP,2022-07-05,191.59588623046875,194.36722912615787,189.3168277551904,194.3489927634803,2236000
UNP,2022-07-06,191.18563842773438,193.79288160631106,188.87010747004692,190.985080190131,2655800
UNP,2022-07-07,193.8384552001953,194.3763095767379,190.32870013985897,191.46822919707637,2007200
UNP,2022-07-08,191.16738891601562,194.24867989061747,187.475312045373,193.31882029935736,1850900
UNP,2022-07-11,191.32235717773438,192.46188618157615,189.83642081570568,190.35603880811914,1818500
UNP,2022-07-12,188.2501983642578,190.22841911851464,186.97393139708137,188.23196200465054,2653900
UNP,2022-07-13,188.44161987304688,190.173698224232,186.23547969780108,186.87362700533066,1902500
UNP,2022-07-14,187.35679626464844,187.7670239057483,184.49430009061388,185.51531358139852,2306600
UNP,2022-07-15,190.6477813720703,192.21577452957087,189.4900159093219,190.66600382231363,3997500
UNP,2022-07-18,191.6414337158203,193.97518692478752,191.0306478299005,191.82375557709594,1990100
UNP,2022-07-19,197.7310791015625,198.0775003908975,192.9085981871266,193.3644098161392,2387700
UNP,2022-07-20,195.49758911132812,198.59711628442864,195.1694042085355,197.73106313104125,3152100
UNP,2022-07-21,193.1729278564453,195.4155267859025,191.26763893040217,193.71990727639033,4130900
UNP,2022-07-22,194.54037475585938,195.32437122171314,192.17016291067878,193.45555489136905,2612600
UNP,2022-07-25,198.15040588378906,198.34185286333567,193.81108475347236,194.5312609121636,2534200
UNP,2022-07-26,196.88328552246094,198.39658354129747,195.4976142094138,197.2388180536076,1927900
UNP,2022-07-27,200.45684814453125,201.65107244941836,196.6189079068141,197.2752777997741,2041500
UNP,2022-07-28,203.966552734375,204.2947375992758,199.74573342667438,200.8852622755988,2337200
UNP,2022-07-29,207.21194458007812,208.05974743184484,203.5472156256875,203.67484231015558,2337000
UNP,2022-08-01,207.01138305664062,207.83183831360498,205.41604257122594,206.10887114576772,2245100
UNP,2022-08-02,202.836181640625,205.69867820938987,201.97014229881967,205.69867820938987,2954300
UNP,2022-08-03,205.68951416015625,206.45527418718268,203.17342562812104,203.78421140517287,1922300
UNP,2022-08-04,207.2575225830078,208.74345881455244,204.59557082275236,206.0085894454884,1891900
UNP,2022-08-05,208.41529846191406,208.79817854941177,206.0268500497903,206.0268500497903,1482200
UNP,2022-08-08,207.72247314453125,210.88580691723487,207.6586528404586,209.67334633225548,1662500
UNP,2022-08-09,208.29678344726562,209.8191924743184,208.0506412961057,208.46086894119514,1778700
UNP,2022-08-10,214.92431640625,215.55333874461616,210.50295149631316,211.59689673638678,2411500
UNP,2022-08-11,218.10586547851562,220.51255033428166,216.05471313859226,216.22792378405074,2746600
UNP,2022-08-12,218.74398803710938,219.86528069863226,217.51330504088176,218.7804607555219,2186700
UNP,2022-08-15,217.1212921142578,217.60445128906827,215.580646707299,217.5132973168067,2070500
UNP,2022-08-16,220.02029418945312,220.9410287363935,216.73844466822456,216.73844466822456,2486800
UNP,2022-08-17,219.60092163085938,220.0840808350261,216.6654936865257,217.0757213622924,1686800
UNP,2022-08-18,220.53074645996094,220.86804255414756,218.83512694523534,220.19343645550978,1457500
UNP,2022-08-19,217.4403533935547,219.70117486660234,217.23067005775172,219.70117486660234,2082500
UNP,2022-08-22,216.5196533203125,216.86607463894978,214.01268914869016,214.6690590628091,2891100
UNP,2022-08-23,216.63815307617188,217.92354522385136,215.49862398998803,216.27350933269992,1638900
UNP,2022-08-24,217.2306671142578,217.89616200715653,215.91794150626177,216.3555167089271,1779700
UNP,2022-08-25,217.94175720214844,218.90807553348395,216.21877606273833,217.50416806661622,1624100
UNP,2022-08-26,210.83108520507812,217.98731843061063,210.53935912650232,217.45857534589078,1728800
UNP,2022-08-29,211.87034606933594,213.4201026893846,208.61584464799455,209.32690961378472,2139900
UNP,2022-08-30,206.48902893066406,212.21872347578258,205.82896699998543,211.74200897284533,3159400
UNP,2022-08-31,205.8197784423828,207.9741490601644,205.31557654284822,207.32324964313955,2420700
UNP,2022-09-01,207.24073791503906,207.44242426296935,204.25213455977033,205.04054101390403,2263200
UNP,2022-09-02,205.2972412109375,209.12925405037802,204.37131365793957,209.12925405037802,1571800
UNP,2022-09-06,209.00091552734375,210.57772856608386,204.89387444408456,205.2972471733221,2956400
UNP,2022-09-07,209.74349975585938,210.86193733287644,207.90999736580034,207.90999736580034,2858500
UNP,2022-09-08,211.16444396972656,211.3753067934094,208.3133475033229,208.78089951465205,2181800
UNP,2022-09-09,212.57626342773438,213.8597094561519,211.7603554549877,211.87036111784846,2016400
UNP,2022-09-12,214.66641235351562,215.70233144641006,213.19960519339512,214.8772611616609,2635500
UNP,2022-09-13,207.45159912109375,212.5762483731282,206.7732122634788,210.99025890713787,2378300
UNP,2022-09-14,199.805908203125,205.2422497383806,196.1939064726792,204.7838741682938,5915000
UNP,2022-09-15,200.18173217773438,205.98476720103014,199.88836516778468,202.9136460124733,4148500
UNP,2022-09-16,194.3512420654297,196.82646735063602,190.29920369721532,196.0563997487518,7984100
UNP,2022-09-19,198.20159912109375,198.55913151598585,192.99445921717665,193.3153137318932,2863800
UNP,2022-09-20,195.51548767089844,197.29398683072264,193.08608915284094,196.0655298721211,2094100
UNP,2022-09-21,194.25038146972656,198.89831605663804,194.1311993556485,197.00063464867696,1917600
UNP,2022-09-22,191.75682067871094,194.81876591196155,191.45429114534025,193.76450777111836,2508400
UNP,2022-09-23,186.98974609375,189.88668328498818,185.29375075375899,189.30912554429148,2585500
UNP,2022-09-26,184.1386260986328,186.87971691743977,182.51597273843527,186.04547006104048,3708100
UNP,2022-09-27,180.82919311523438,185.56879563638836,180.13246716621967,184.12950337586125,5466100
UNP,2022-09-28,185.0278778076172,186.61385330768553,181.02167994195162,181.76424610127518,3284900
UNP,2022-09-29,182.61680603027344,183.8269241285585,180.93914993320234,183.4877167284878,2072400
UNP,2022-09-30,178.60147094726562,182.7360137180422,178.51895271009838,181.53507191480736,3267600
UNP,2022-10-03,183.5885772705078,184.92704008263536,179.7198863614893,180.61831254557325,2489900
UNP,2022-10-04,188.2823486328125,188.30067358339932,185.3395713962511,185.95379296519442,2896500
UNP,2022-10-05,183.91860961914062,186.54051844462185,182.87351387687258,185.70628553672822,3065800
UNP,2022-10-06,181.709228515625,184.64282902529473,181.36085864655118,183.4968902333526,2586800
UNP,2022-10-07,179.33482360839844,180.74662796200525,177.49215916031204,179.7015323963203,2875700
UNP,2022-10-10,177.8955535888672,181.5808969242564,177.58386157239704,180.71914865288815,2859500
UNP,2022-10-11,176.60292053222656,179.49985718810902,175.69533196292804,176.85960970543024,3094700
UNP,2022-10-12,176.12623596191406,179.54572800759018,175.9428885197268,176.76797299233925,2381300
UNP,2022-10-13,180.36160278320312,181.6908889797759,171.33159953703498,172.66088573360776,3482900
UNP,2022-10-14,177.6571807861328,182.60764487603396,177.3179873721204,182.2409360609426,2719400
UNP,2022-10-17,182.06674194335938,183.08433604442155,179.77486459758956,179.82986741572657,3002200
UNP,2022-10-18,184.85366821289062,186.76051194193167,182.4426086439693,185.39454793725773,2551300
UNP,2022-10-19,183.4052276611328,184.97287823839036,182.1859469873796,183.34106235646792,2386900
UNP,2022-10-20,170.92822265625,178.5647602320631,170.3598415075722,176.52040940085823,6103200
UNP,2022-10-21,174.66856384277344,175.2644463869024,168.4071529441372,170.0114671659566,6711600
UNP,2022-10-24,177.3822021484375,178.76649148251406,175.96123493125836,176.78630545038752,2994300
UNP,2022-10-25,178.4088897705078,178.79392346246698,176.63039082061906,177.46463748078475,2770000
UNP,2022-10-26,179.48153686523438,181.73675082200538,178.20725334162952,180.78332180392687,4134600
UNP,2022-10-27,179.71987915039062,183.28604036313007,179.29818147875181,180.82915413424544,3148200
UNP,2022-10-28,182.1125946044922,182.2867795460921,178.87646444390717,180.2515910499975,3724100
UNP,2022-10-31,180.72830200195312,182.07592716874322,178.80311919553557,182.03926328157348,3130300
UNP,2022-11-01,180.43495178222656,181.5258738019748,177.45551081347259,180.78330767561638,3042400
UNP,2022-11-02,176.5020751953125,182.38761514624719,176.1628817895587,180.00407085448666,3020000
UNP,2022-11-03,177.10714721679688,178.95898835526265,174.38439533118276,174.43939815901146,3238800
UNP,2022-11-04,180.32492065429688,181.31501342253762,178.01470419506848,179.27982506368335,3334000
UNP,2022-11-07,179.95826721191406,181.9751170974068,179.19736202099597,181.9751170974068,3757800
UNP,2022-11-08,187.02638244628906,188.04397670273255,181.30586467040027,181.65422056796316,6285100
UNP,2022-11-09,186.47634887695312,187.51226813147886,185.12872361002312,186.5680155959445,4682700
UNP,2022-11-10,195.25881958007812,195.44216700026794,191.68348193807486,193.32447422177577,4923400
UNP,2022-11-11,199.39334106445312,201.28184587269507,196.8814383066741,198.11905774316782,5176500
UNP,2022-11-14,198.88917541503906,203.02373239137737,198.284116249451,198.79750868567072,3999000
UNP,2022-11-15,193.12277221679688,200.83265161177243,191.3626119462567,199.67753637998862,6235200
UNP,2022-11-16,194.5987548828125,195.4421641943864,192.95776262267063,193.5719841651697,3864600
UNP,2022-11-17,192.3527069091797,194.67208588490666,189.7766247768506,193.09527300176674,4561400
UNP,2022-11-18,193.04946899414062,194.52543898277216,191.87602857953442,193.99372160919853,2499500
UNP,2022-11-21,194.5987548828125,195.57967126042675,190.86757128778936,192.42604531979572,2365400
UNP,2022-11-22,195.4513397216797,199.60422125556684,195.1029838016102,195.7905471547506,2962500
UNP,2022-11-23,194.8279571533203,195.4788426323731,193.0402952191799,194.98380316926975,2405000
UNP,2022-11-25,195.5705108642578,197.48651727684577,194.79126684571636,195.26798132724213,1101900
UNP,2022-11-28,191.1609344482422,194.74542045220306,190.39085292858695,193.6453219807812,2755400
UNP,2022-11-29,195.05711364746094,195.4879877353504,190.7850506420305,191.56429458528,2280600
UNP,2022-11-30,199.32916259765625,200.72262803011978,193.1686087661814,195.01127323460605,5173000
UNP,2022-12-01,197.95408630371094,200.91520284720838,197.00067117982155,200.91520284720838,2638400
UNP,2022-12-02,196.85397338867188,197.8715677395273,195.4513452278323,195.94639868960664,1760000
UNP,2022-12-05,193.48948669433594,195.7722019900406,192.89360406930038,195.21298325439463,2504500
UNP,2022-12-06,193.56283569335938,195.47884222419333,191.3259606672033,193.9203680794409,3097600
UNP,2022-12-07,194.5529327392578,196.90897595181997,193.05862386871604,193.43449520241876,2828600
UNP,2022-12-08,195.2954864501953,196.6981145194024,193.92952227018137,195.02045832145612,1585400
UNP,2022-12-09,193.7553253173828,195.31379918647698,193.48029722554034,194.71790265606668,2334400
UNP,2022-12-12,197.86239624023438,197.9265615447158,193.22363780341246,194.93795792436526,3017500
UNP,2022-12-13,199.87010192871094,203.01455185206012,197.88075348951818,202.51033589085614,3585000
UNP,2022-12-14,199.46670532226562,203.2528918284094,198.34826786507804,201.061857266577,2749800
UNP,2022-12-15,194.63543701171875,197.20234306362346,193.21446991258287,196.88147456144313,3373200
UNP,2022-12-16,193.89752197265625,194.39561129627984,190.6137693375069,192.36633608107942,5194100
UNP,2022-12-19,190.37393188476562,194.08197986095226,188.86119806520418,193.8882698752004,2355300
UNP,2022-12-20,189.46998596191406,190.95504894620655,187.8650066011924,190.43850774726866,4081900
UNP,2022-12-21,192.2464141845703,192.9197615707251,190.67833856660897,191.360918951349,2756400
UNP,2022-12-22,192.46778869628906,192.48622654346687,189.22094010704467,190.96427374443897,2399300
UNP,2022-12-23,193.62078857421875,194.39560040073673,192.04348000087828,192.04348000087828,1639500
UNP,2022-12-27,193.99899291992188,195.04129437216827,192.64306506486125,194.1281282358946,1139700
UNP,2022-12-28,190.81668090820312,194.8383412014406,190.73366837426627,193.91594218074113,1631200
UNP,2022-12-29,192.9843292236328,194.03586357141526,191.06573752203647,191.89589103224117,1484800
UNP,2022-12-30,191.00119018554688,192.77219478520593,188.79664280414994,191.5546212059253,1554200
UNP,2023-01-03,191.4716033935547,191.73909293483723,189.21172845448882,191.2040997775791,1766300
UNP,2023-01-04,193.0027618408203,193.89748995050195,191.4623572794847,191.94199460088993,1830900
UNP,2023-01-05,187.32078552246094,192.48621133738408,187.02561109462405,191.60993512611682,2317500
UNP,2023-01-06,195.5578155517578,196.05591891556315,190.0142023840446,190.75212443154248,3375200
UNP,2023-01-09,195.05052185058594,199.12752422483624,194.71845760824144,195.72386925947853,2259500
UNP,2023-01-10,195.80686950683594,195.89911504185372,193.58388441501734,194.9767159904461,1225300
UNP,2023-01-11,197.63323974609375,198.01142678113473,195.66853909821856,196.6924027329062,1840500
UNP,2023-01-12,198.0298309326172,199.46877102889823,195.61315021064215,198.60171377224407,2034600
UNP,2023-01-13,196.68313598632812,197.50407053817068,195.69617636936078,196.3879756234312,1693500
UNP,2023-01-17,197.67933654785156,200.12370245531213,195.96367376579974,197.82692377257897,2186200
UNP,2023-01-18,193.22415161132812,199.0629393640954,192.9658809998841,197.99295307400283,2719400
UNP,2023-01-19,189.55299377441406,192.9843191672547,189.5437748513384,191.4992562199517,3065600
UNP,2023-01-20,192.46778869628906,192.52313038720752,187.7358770770649,189.8850685474513,5344000
UNP,2023-01-23,193.82369995117188,196.44330964643993,191.87743756267744,193.07655903788054,3155600
UNP,2023-01-24,187.41305541992188,190.93662698289916,185.4022319978876,189.09182865456197,4462600
UNP,2023-01-25,184.5904998779297,186.03867319324405,181.7402900910556,185.36532580396252,4163900
UNP,2023-01-26,185.84495544433594,185.95565290040688,179.4066140581253,183.06853938878328,4207000
UNP,2023-01-27,186.68434143066406,188.03105022400666,185.0885950299157,186.00176107312157,3429400
UNP,2023-01-30,184.66429138183594,188.1140689776761,184.4798143823921,185.26385922339443,2617500
UNP,2023-01-31,188.3446807861328,188.36313270966465,184.14776192569465,184.58129064318328,2958700
UNP,2023-02-01,191.79446411132812,192.87368359038268,186.89652647819912,187.44075271775418,3080100
UNP,2023-02-02,196.84918212890625,198.21432876458886,190.8904781490057,191.85899995409707,3446000
UNP,2023-02-03,193.97129821777344,196.36032255486336,193.32562167046257,194.2295829113909,2142100
UNP,2023-02-06,192.74452209472656,194.0543271275314,191.9235874588597,192.79986378876583,1665600
UNP,2023-02-07,192.81826782226562,194.0542930960507,190.53072239675387,190.9734699461163,2067500
UNP,2023-02-08,191.0657501220703,193.31640619110894,190.49386718064665,192.20029708075364,1805100
UNP,2023-02-09,187.07174682617188,192.44933491188786,186.73968260918227,191.98813539244077,2989900
UNP,2023-02-10,189.55299377441406,190.10643880217225,186.10321646073035,186.52752619197054,2599900
UNP,2023-02-13,190.06031799316406,192.72605055740314,188.6582675631899,189.01800261252694,4095400
UNP,2023-02-14,188.19708251953125,189.94963513562996,185.95565951868838,189.88507451909223,2174600
UNP,2023-02-15,187.3484649658203,187.35768388910412,183.94481034005022,185.96486643987748,2880000
UNP,2023-02-16,184.95945739746094,187.28389281879174,183.97248367971704,184.18463151565842,3375000
UNP,2023-02-17,185.9464569091797,186.00179861088301,183.15158837559912,183.3914211825739,7063800
UNP,2023-02-21,178.71484375,184.63664488361727,178.65026905059813,183.9356265634106,4462300
UNP,2023-02-22,176.5287628173828,179.39742488290443,175.32964104640078,178.6318318604674,5816000
UNP,2023-02-23,178.3181915283203,178.63180382814414,175.93840028466568,177.68173393034735,3125400
UNP,2023-02-24,178.96388244628906,179.4896426295,175.55100849352402,176.4549556964881,3371400
UNP,2023-02-27,197.02554321289062,199.46782131611272,194.79685817144602,198.65991129864108,12140400
UNP,2023-02-28,192.4845428466797,196.31045649649005,191.86236853166116,195.50256083170387,6091200
UNP,2023-03-01,193.14393615722656,195.1497472599382,191.2773984025553,191.3795473053962,2775200
UNP,2023-03-02,196.27337646484375,197.01627625523577,191.53740269952527,191.89956439901655,2812900
UNP,2023-03-03,194.41612243652344,197.68487281680987,193.1531971193424,196.87696278966143,3665800
UNP,2023-03-06,193.92396545410156,195.7626314489292,193.0046253718703,194.60185495756215,2300400
UNP,2023-03-07,190.73878479003906,192.8746163389278,190.04231890472542,192.62388465271718,3898000
UNP,2023-03-08,189.03941345214844,190.50662239323606,187.0800222677228,189.89374320592933,2980800
UNP,2023-03-09,185.324951171875,190.20021277404396,185.18564948146008,190.20021277404396,3342100
UNP,2023-03-10,182.06544494628906,188.59364994303778,181.2482538693776,184.68416316841004,3909500
UNP,2023-03-13,181.17398071289062,184.93488479969753,179.90176018152917,180.72823238660484,2774700
UNP,2023-03-14,181.22036743164062,185.44559546465823,178.88025290812416,182.81759655255993,3168900
UNP,2023-03-15,178.33241271972656,179.28890561167,175.88085326756004,177.52451679321888,5749600
UNP,2023-03-16,179.14028930664062,179.7810400952431,175.63938399724648,177.440911092844,6357200
UNP,2023-03-17,176.44728088378906,179.5395906854532,174.33002602006758,179.5395906854532,11852800
UNP,2023-03-20,176.150146484375,178.1559715494302,175.50011451967214,176.54944677353743,2956800
UNP,2023-03-21,176.01083374023438,178.94527976161007,174.93364405346895,177.7473647998385,3338900
UNP,2023-03-22,172.46353149414062,176.60517413747868,172.41709759991838,175.10081231819677,3325400
UNP,2023-03-23,172.9092559814453,174.44148938679928,170.57842198677477,172.73281569510448,3854900
UNP,2023-03-24,175.05435180664062,175.1007856938025,170.72698841403218,170.9962822881584,4263600
UNP,2023-03-27,179.43746948242188,179.89249896888848,176.59589089381254,177.01376759749598,3666800
UNP,2023-03-28,182.54830932617188,183.37478141065824,179.4374234540947,179.4374234540947,5635300
UNP,2023-03-29,184.87918090820312,185.60350426989058,183.38410029351303,184.3034403308706,3152100
UNP,2023-03-30,184.20127868652344,187.07071443377473,183.4026639879425,186.05852085348994,3050700
UNP,2023-03-31,186.894287109375,187.01501239287467,184.47058534677697,184.6748831328683,3422600
UNP,2023-04-03,185.29708862304688,187.51649297111493,183.85773693866287,186.57859055586525,1908400
UNP,2023-04-04,181.89828491210938,185.47346723866715,181.13680889530005,185.14845839241568,3556700
UNP,2023-04-05,180.34751892089844,182.28833371448252,180.21751252730033,181.20184867449095,2382200
UNP,2023-04-06,184.46133422851562,184.50776812738334,180.2361044850101,180.70971041596977,3280000
UNP,2023-04-10,184.21055603027344,185.0741809884661,183.02192220128606,183.10549469637903,2402000
UNP,2023-04-11,184.70272827148438,185.77993213157106,184.34056661485923,185.20419159273965,3598000
UNP,2023-04-12,184.5448760986328,186.3649797766856,184.08056552633337,185.5013547439989,2315400
UNP,2023-04-13,183.79269409179688,185.44563858529784,182.68763266947826,184.6934577300078,2894400
UNP,2023-04-14,184.35916137695312,185.38993145155436,183.28195740951432,183.98771857352202,1947800
UNP,2023-04-17,185.7613525390625,188.21291159616527,184.28484843902365,185.39919088868254,2740800
UNP,2023-04-18,185.2320556640625,187.5628895707225,184.82346010472972,186.3742556724637,2388100
UNP,2023-04-19,187.58145141601562,187.77646807044292,183.95053972304328,183.95053972304328,2619800
UNP,2023-04-20,188.1386260986328,192.98602900243378,187.04284591646385,187.94360944795082,2989200
UNP,2023-04-21,184.65631103515625,189.1879723587818,184.01556021029077,188.50080181471557,6029400
UNP,2023-04-24,185.9842529296875,187.30289333423357,183.25410433267783,183.79270632940256,2723700
UNP,2023-04-25,180.8489532470703,185.2970419344008,180.2824938280092,183.95054421783573,2594400
UNP,2023-04-26,177.83096313476562,180.49610149446028,176.7816166248046,179.7624969673428,2377500
UNP,2023-04-27,179.72532653808594,179.94820070945204,176.85589065871272,177.59879039363247,2287500
UNP,2023-04-28,181.7311553955078,183.0497957221614,179.10315585259013,179.10315585259013,1814900
UNP,2023-05-01,184.45199584960938,185.603476834063,181.57326504921102,181.57326504921102,2195000
UNP,2023-05-02,182.07476806640625,183.79270880897772,179.21461302950624,183.35625570522004,2693800
UNP,2023-05-03,181.3875732421875,183.93200032669222,181.32256295943432,183.1055138898073,2017400
UNP,2023-05-04,182.99407958984375,183.30980737674636,180.18035866908247,181.4618603766255,1866300
UNP,2023-05-05,186.8664093017578,188.04576199882786,183.99697366752457,184.5169991866517,2065000
UNP,2023-05-08,185.66851806640625,188.3522326674706,185.25992248651252,188.03650487196526,1973000
UNP,2023-05-09,186.27212524414062,186.37427414409783,183.70913580380744,184.7399059144175,1606700
UNP,2023-05-10,184.85133361816406,188.13866059783956,182.8548037080345,187.69291222015255,1703500
UNP,2023-05-11,183.94126892089844,184.6934497436634,182.98479032285988,184.5448669671674,1397200
UNP,2023-05-12,184.7863311767578,185.2599228709987,183.2819552504238,185.19491258786502,1459500
UNP,2023-05-15,185.389892578125,185.78920696923626,183.42122062739807,184.63771184863523,1630500
UNP,2023-05-16,182.817626953125,185.06488825982711,182.4740416888078,184.90702437704263,1893900
UNP,2023-05-17,184.64703369140625,185.83566767892734,182.80836770596497,182.9755127184438,2273000
UNP,2023-05-18,184.61917114257812,185.00919033066867,181.22970956559777,183.84841387695835,1947800
UNP,2023-05-19,184.76776123046875,185.77995493738874,183.17053163347802,184.8884865207081,1798800
UNP,2023-05-22,184.13626098632812,187.53501741557764,182.08401640955512,186.6621113651508,1744000
UNP,2023-05-23,182.3626251220703,184.0434271286018,180.95111701314573,184.0434271286018,2434100
UNP,2023-05-24,178.21168518066406,182.00046110676246,177.65450683255426,181.79616332376443,2970800
UNP,2023-05-25,179.41888427734375,179.9946248100167,177.09733158800694,177.42234046273424,2467500
UNP,2023-05-26,179.3167266845703,180.10604605883546,178.37881037505846,179.76246081178078,2287400
UNP,2023-05-30,181.560546875,182.0186605037779,178.77450329889552,179.60657733824814,2453400
UNP,2023-05-31,179.98988342285156,181.28941501722335,178.6716495295586,180.5040896506262,3569300
UNP,2023-06-01,182.9442138671875,183.29948623612617,179.73746132667253,179.93379981100048,2713800
UNP,2023-06-02,185.7303009033203,187.65622438748812,184.06615259569895,184.34661580937217,2522700
UNP,2023-06-05,185.79568481445312,187.188713531463,185.2721346100039,185.80504309603674,2140600
UNP,2023-06-06,183.57994079589844,184.86076999595036,182.45804546065293,184.21567625512407,2341900
UNP,2023-06-07,188.3480224609375,188.52564436576398,181.4950923333462,183.52385660537962,2582800
UNP,2023-06-08,187.90863037109375,188.74070441343034,184.67381717188874,188.35738571852772,2180700
UNP,2023-06-09,186.6745147705078,188.64718639726658,185.77700417450473,188.64718639726658,1806800
UNP,2023-06-12,186.01072692871094,186.6371183754385,183.12182823590408,186.5716674665682,2096400
UNP,2023-06-13,185.98268127441406,186.5529801396893,181.93451085144187,184.54291808613317,3577800
UNP,2023-06-14,189.5447235107422,191.6950171798969,186.33795677510793,187.1139381469047,3259400
UNP,2023-06-15,192.51776123046875,193.37788161409546,189.544737356564,189.9280417963442,2288600
UNP,2023-06-16,191.34912109375,193.43397830938935,191.17148489648605,192.93847432000882,4139800
UNP,2023-06-20,188.2732696533203,190.94712829402658,187.93669953541053,189.731735409037,2412600
UNP,2023-06-21,190.39547729492188,190.8816371997482,187.10458601862948,187.42245376707692,2191200
UNP,2023-06-22,190.13372802734375,190.39550318114726,188.7313550181067,190.37681514564412,1809300
UNP,2023-06-23,186.8802032470703,188.84353092050776,186.10422190054692,188.7406896754101,7413900
UNP,2023-06-26,188.22647094726562,188.67522622985018,186.81475419076358,187.16066823508154,1764800
UNP,2023-06-27,189.7690887451172,190.1430633952489,187.60009283705014,188.51630576494296,2433900
UNP,2023-06-28,189.87191772460938,190.180441441409,188.5162935864341,189.8251691131537,2498200
UNP,2023-06-29,191.3303985595703,191.52673703727737,188.525652833709,189.19879294916964,1957400
UNP,2023-06-30,191.30235290527344,193.17218339564866,190.12436483197988,192.1905338007413,2298700
UNP,2023-07-03,192.71408081054688,193.63029374101436,188.90896897918142,190.02152038472906,1057400
UNP,2023-07-05,190.6385498046875,192.39618056892198,190.23652887595057,191.32103386315612,1818100
UNP,2023-07-06,189.32969665527344,189.79715431610725,187.54401923280173,188.88094129526215,1518500
UNP,2023-07-07,189.61952209472656,191.10603395172117,187.45051181867726,187.98342037062338,2074800
UNP,2023-07-10,191.52671813964844,192.0502683409768,189.2548669077099,189.46990766342716,2025200
UNP,2023-07-11,193.33111572265625,193.7050903771323,191.68567003998473,192.59253896178691,2101000
UNP,2023-07-12,195.32249450683594,196.91184759651077,192.592543658126,194.5278250948359,3261500
UNP,2023-07-13,196.90248107910156,197.1923024942228,194.9952604425687,195.79927377965436,2214300
UNP,2023-07-14,197.25775146484375,197.88414289974986,196.2106368023931,196.67809437462213,1603000
UNP,2023-07-17,196.20130920410156,197.10817811136366,195.49077877050078,196.8557470068489,1471700
UNP,2023-07-18,198.78167724609375,199.1369496085333,195.49078581492864,195.82735587785174,1893600
UNP,2023-07-19,200.3055877685547,201.00677419014823,198.66948611816977,199.00605617116162,2036600
UNP,2023-07-20,202.6709442138672,203.45626966776115,200.651523676132,201.03484238541685,3137600
UNP,2023-07-21,202.6709442138672,203.12905786147655,198.23944041144986,199.63246938960228,6040100
UNP,2023-07-24,202.8205108642578,204.8399311707364,201.7266617646671,202.24086799071597,2165200
UNP,2023-07-25,201.52098083496094,203.29731406706037,200.77304579724958,202.21280897566263,2766100
UNP,2023-07-26,222.5098114013672,224.82839703838783,218.1905078627091,221.41596235972025,14540700
UNP,2023-07-27,216.99383544921875,221.00461559885036,215.41382639262383,220.12579298045972,5806700
UNP,2023-07-28,217.62022399902344,219.93880979546458,215.2642336042751,216.7694477084651,3595800
UNP,2023-07-31,216.91903686523438,219.27501298665,215.4231667826464,217.58281869344793,2988700
UNP,2023-08-01,216.43287658691406,217.04992406487617,214.2171320482107,216.42353257022046,3486300
UNP,2023-08-02,215.2174835205078,217.32104279218763,214.90895978211384,216.10565013763775,2740200
UNP,2023-08-03,214.92764282226562,216.64788327097756,213.6748599475954,214.647165424706,1914100
UNP,2023-08-04,213.6562042236328,217.666999071972,213.38508504848545,215.51669090951526,3176300
UNP,2023-08-07,214.7500457763672,216.74141996951067,213.721647485566,215.3203446911997,2211300
UNP,2023-08-08,213.7496795654297,215.37642298099874,211.636761956629,215.32033034814114,2513700
UNP,2023-08-09,214.32933044433594,214.85288072474538,212.001386234292,212.45949986248786,2562500
UNP,2023-08-10,215.31097412109375,216.28327965539427,214.58174140394988,215.00245039219843,2737700
UNP,2023-08-11,214.5537109375,215.95608384569985,214.35737245345504,214.79678377261166,2346200
UNP,2023-08-14,214.8435516357422,215.02118783586872,213.39442998098363,213.7870927185746,1682100
UNP,2023-08-15,210.8607940673828,214.20779261012547,210.78601339590668,213.94601746293225,2146200
UNP,2023-08-16,210.00067138671875,211.4404489461749,209.1031606820874,210.68316983111865,2169200
UNP,2023-08-17,209.77630615234375,211.9172559795331,209.48648468277025,210.62706826008906,2075400
UNP,2023-08-18,210.59898376464844,211.00100470151966,208.62631220680845,208.7291534450152,1660100
UNP,2023-08-21,209.3929901123047,211.09452861515737,208.8600815202899,210.58033659003206,2000600
UNP,2023-08-22,207.9344940185547,209.98196059854283,207.14916867068015,209.67343686923343,1636200
UNP,2023-08-23,208.60765075683594,209.11249873057122,206.96219073585425,208.32717332001633,2026500
UNP,2023-08-24,208.03732299804688,209.64537819595313,207.9999184033013,208.757197391659,1738900
UNP,2023-08-25,209.58929443359375,210.80468711483758,207.81296116031984,208.7011277969568,1609900
UNP,2023-08-28,209.92587280273438,212.45949951387837,209.2994812707241,209.33688587107778,1731300
UNP,2023-08-29,208.89747619628906,210.58032658363825,208.48611118319533,209.82303321007464,2362100
UNP,2023-08-30,209.60275268554688,210.75002539782352,208.4366682249425,209.52752004139566,2690700
UNP,2023-08-31,207.42108154296875,210.4867367271666,207.39285674342878,209.61216971793326,2410300
UNP,2023-09-01,207.85362243652344,209.1419473218351,206.61231974502323,208.42725876304158,2303700
UNP,2023-09-05,202.8507843017578,206.71577350643767,202.35236624060923,206.38663248191986,2679700
UNP,2023-09-06,200.14247131347656,203.3021706978912,199.079829919422,202.9636309656625,2344800
UNP,2023-09-07,198.01719665527344,200.97940845736858,197.3871250588135,199.75690310998533,2882100
UNP,2023-09-08,199.17388916015625,199.52182761812924,196.5784129032215,197.78212097910324,3188200
UNP,2023-09-11,198.9951934814453,200.1236544436108,197.5281927957142,199.84153561577952,1943900
UNP,2023-09-12,201.1204376220703,202.0984475274372,194.52833403049056,198.45914235051475,2828200
UNP,2023-09-13,199.48419189453125,201.2521087487528,198.21466438586376,201.148665660275,2919700
UNP,2023-09-14,202.8413543701172,203.65008729098366,199.11743206410586,201.37435380416372,2798700
UNP,2023-09-15,200.603271484375,201.4402149639016,199.5406300606806,200.35876179090312,4222800
UNP,2023-09-18,200.44338989257812,201.64708354365666,199.2396962414996,201.41198690322477,2206800
UNP,2023-09-19,199.14566040039062,200.7819237867247,197.3871278236981,199.9731907932038,2156000
UNP,2023-09-20,200.2835235595703,202.0890640150985,200.20829091361162,200.415177102708,2116800
UNP,2023-09-21,198.79774475097656,200.57507505888003,198.2899422412166,199.41840342336505,2370300
UNP,2023-09-22,196.7664794921875,200.3305380691012,196.30568493430897,198.14884881666364,2416500
UNP,2023-09-25,196.05177307128906,197.02037001622722,194.78225990857516,195.55336937531737,1427400
UNP,2023-09-26,192.62876892089844,195.82609165868917,192.42188274113485,194.99854693963474,1990200
UNP,2023-09-27,190.334228515625,193.2964547036987,189.45027722801024,192.97672672631722,2760800
UNP,2023-09-28,191.9423065185547,192.60998730781444,189.5725283055991,190.36244959353076,2112600
UNP,2023-09-29,191.4909210205078,193.60679079394367,191.2088021808843,193.60679079394367,2246700
UNP,2023-10-02,190.5599365234375,190.98310761577392,188.19957136681745,189.85464658648993,1888000
UNP,2023-10-03,191.6319580078125,192.91088420967077,189.58192234481743,189.9016503079922,2087500
UNP,2023-10-04,190.21202087402344,192.77927253439904,189.34686683625634,191.3686924914644,1911900
UNP,2023-10-05,188.6791534423828,190.35304032350257,187.6165120681633,190.11794369020868,2037200
UNP,2023-10-06,190.39065551757812,192.0363318788688,187.44724120536733,187.9174344514504,1760500
UNP,2023-10-09,192.12098693847656,192.45952669141857,188.8108220596169,189.4502924148011,1557700
UNP,2023-10-10,194.0487518310547,194.6976064353968,192.00810058485484,192.79803611690195,1972900
UNP,2023-10-11,196.99217224121094,197.4247563717171,194.6600175940805,194.88571553380027,2851100
UNP,2023-10-12,195.5910186767578,197.5846337236793,193.54096837922063,197.4811906212922,1851200
UNP,2023-10-13,195.36529541015625,197.89493739147696,194.67881728279733,196.4373354463828,1874600
UNP,2023-10-16,198.26168823242188,200.593842743074,196.28687083563108,196.73826668865482,2358900
UNP,2023-10-17,198.74130249023438,200.6596992080084,197.07682852380094,197.38714347749058,2479900
UNP,2023-10-18,193.6444091796875,197.8573371784294,193.22123807464735,197.6128418253122,3487200
UNP,2023-10-19,197.79150390625,206.9790844767705,197.6128281666768,205.54029420958392,6031000
UNP,2023-10-20,198.74130249023438,202.1455117720378,197.49058657844077,199.82275570001548,5485700
UNP,2023-10-23,195.37469482421875,199.0233990499547,195.11138775114082,197.7538715304181,2576500
UNP,2023-10-24,193.19300842285156,196.60661607260906,192.08334487080066,196.02356667441575,2937500
UNP,2023-10-25,192.9861297607422,194.735249325157,190.26841319363552,191.6978047734872,2457300
UNP,2023-10-26,190.1837921142578,193.99234638424514,189.88286151313443,192.15859537477704,2626300
UNP,2023-10-27,189.6947784423828,191.86706910482664,188.04910195881507,190.4846997106969,2427600
UNP,2023-10-30,193.53155517578125,194.6976253162225,190.34364534004322,191.12416789971667,2230100
UNP,2023-10-31,195.233642578125,195.51576139902494,192.4406935146181,194.08636989584866,2057800
UNP,2023-11-01,195.18663024902344,195.96715280832993,193.2118271012239,194.71643697347687,2444200
UNP,2023-11-02,198.78831481933594,199.277319849469,195.36530830672484,196.13643217536392,1776600
UNP,2023-11-03,199.48419189453125,200.68788546091324,198.95757775288402,200.3023235539361,1634800
UNP,2023-11-06,200.39637756347656,200.48100890834147,196.86992803584025,199.3619466290393,1547200
UNP,2023-11-07,198.80711364746094,200.18006990357998,198.32750734842327,200.04841636738828,2324200
UNP,2023-11-08,199.36196899414062,200.27414518888637,198.44979279939488,199.44660034849977,2483100
UNP,2023-11-09,197.69744873046875,200.16127110360534,197.02036930646346,200.11424890904624,1496400
UNP,2023-11-10,198.88233947753906,199.28669877157836,196.0705787697718,198.63782981215832,2673600
UNP,2023-11-13,196.91693115234375,198.52499841194017,195.73204930522394,198.52499841194017,2185100
UNP,2023-11-14,202.8319854736328,204.34600845436916,199.8039395121601,199.81333821234287,2610400
UNP,2023-11-15,205.07949829101562,207.26118760146437,202.944816828222,203.46203229486713,2709700
UNP,2023-11-16,206.28318786621094,206.61232888829767,203.8663876191091,205.34280134500267,1438200
UNP,2023-11-17,206.1421356201172,208.09812695689806,204.84439762916642,207.62793369631123,2002600
UNP,2023-11-20,207.9194793701172,208.46489096133473,203.988655989172,205.94466180492628,2548000
UNP,2023-11-21,208.7658233642578,209.7062099559887,206.03870798790248,207.91948117136425,2422300
UNP,2023-11-22,210.16700744628906,210.90990655035782,208.87866804044404,209.46171749277684,1716200
UNP,2023-11-24,210.90988159179688,211.5775623157408,209.82844286405063,210.00711859366209,1045600
UNP,2023-11-27,206.7439422607422,210.73117115255764,206.29254648686526,210.40204454357374,2369200
UNP,2023-11-28,208.04171752929688,209.4052751903297,206.3960410265289,206.61234026971673,1827600
UNP,2023-11-29,208.26736450195312,210.53369903205225,207.68432956110783,209.54629050221402,1228900
UNP,2023-11-30,211.84085083007812,212.18878921042804,207.49625585370066,209.00087985100888,4430100
UNP,2023-12-01,217.5772247314453,218.49881385324824,212.75305163704385,213.85330214450943,3239000
UNP,2023-12-04,219.95639038085938,220.71811547758,216.80610430457548,217.0035774284536,3881900
UNP,2023-12-05,218.32952880859375,219.23230614909747,217.1352339531942,218.9125638383855,2632400
UNP,2023-12-06,219.0818634033203,220.041061735806,218.01922197273166,219.22291565111504,1804900
UNP,2023-12-07,218.91162109375,220.2449954933776,218.01322933874957,219.7910811111571,2075100
UNP,2023-12-08,217.28509521484375,220.26392931414665,217.0392134825458,219.05348125102782,2544800
UNP,2023-12-11,219.4223175048828,219.71547090351814,217.06761001540153,217.4269667903382,1810200
UNP,2023-12-12,220.25448608398438,221.79590775465826,219.89512934164927,220.4246985852928,2427500
UNP,2023-12-13,223.8291015625,223.94257656775974,218.97784307212328,220.27339748110597,3926700
UNP,2023-12-14,229.66384887695312,231.7537716582883,226.0514072125647,226.6377284220375,4863600
UNP,2023-12-15,228.8316650390625,229.6638535923809,224.50052418698039,224.72748863688926,4768500
UNP,2023-12-18,227.99945068359375,230.6378452109505,227.8481410770206,229.84349142095903,2457600
UNP,2023-12-19,229.46522521972656,230.20284153979463,226.95922290535148,228.2169569971801,2314200
UNP,2023-12-20,224.9165802001953,228.96401840874992,224.78418790102498,227.16726371576968,2724800
UNP,2023-12-21,228.95458984375,229.17208840775714,224.68965266681772,225.18138729590518,2603100
UNP,2023-12-22,230.34471130371094,231.64026564882886,229.162631958259,229.7962247558597,1824800
UNP,2023-12-26,231.96176147460938,233.03981713827588,230.38250537965712,230.38250537965712,1454100
UNP,2023-12-27,232.45355224609375,233.29519221873693,231.03505693739083,231.3565790775735,2206000
UNP,2023-12-28,232.65213012695312,233.56942484406238,231.87667915798266,232.67103300691872,1208500
UNP,2023-12-29,232.2738494873047,233.14385812043835,231.4322096029933,232.6237547722442,1228700
UNP,2024-01-02,230.20285034179688,232.6237609329497,229.55980611189017,231.66863159837507,2622200
UNP,2024-01-03,228.56687927246094,230.70408815031132,227.8860003557611,229.60711495899704,1748200
UNP,2024-01-04,227.96160888671875,230.81751629469764,227.83866803154072,228.13183579617126,2305400
UNP,2024-01-05,226.8740997314453,228.85053268698294,225.45560469412928,228.75596057929081,2316900
UNP,2024-01-08,227.5455322265625,227.59281828447985,224.61398422151314,226.17432312503303,2567800
UNP,2024-01-09,224.5099639892578,226.28780146989908,223.22386111513478,226.28780146989908,2055200
UNP,2024-01-10,226.01356506347656,226.12704006023705,223.93310835468583,223.98039441322908,1683400
UNP,2024-01-11,223.53591918945312,225.4934349247206,222.0417692853573,225.4934349247206,2219300
UNP,2024-01-12,224.79367065429688,225.06790671257676,222.04178648304944,224.37757641717198,3018700
UNP,2024-01-16,223.37515258789062,225.30429952754668,222.5051295830989,224.87875389391291,2578700
UNP,2024-01-17,222.99688720703125,225.2759394964678,221.72970169618716,222.107961289679,2311100
UNP,2024-01-18,225.05844116210938,225.79605747088308,222.29710572393728,222.76047156194622,2326500
UNP,2024-01-19,226.26889038085938,227.1578163037682,223.65885010854353,225.53127406816455,2272100
UNP,2024-01-22,229.90023803710938,230.7418779162561,228.00891116894334,229.56925006330877,3005300
UNP,2024-01-23,230.10830688476562,231.2431002269307,229.0964399884623,230.7418997138938,2398300
UNP,2024-01-24,229.1626434326172,232.0847402577631,229.1626434326172,230.51493534527842,2843400
UNP,2024-01-25,228.4439239501953,232.11308828237313,224.2546274108054,230.8364512971688,4154600
UNP,2024-01-26,227.32803344726562,229.04914783191037,225.31376570537847,228.34935169260226,2493400
UNP,2024-01-29,231.8483123779297,232.19820324609736,226.1837829693696,226.65661470675485,2844600
UNP,2024-01-30,233.295166015625,233.5599506224685,229.14370412228985,230.61893676889767,2435400
UNP,2024-01-31,230.67567443847656,234.52453153958578,230.55274800428663,233.85310415265167,2798900
UNP,2024-02-01,235.7255401611328,235.8863012214858,231.4133169926442,232.00907517402777,2116300
UNP,2024-02-02,234.8365936279297,236.16998248377138,232.5197211860914,234.63799796506203,1994200
UNP,2024-02-05,233.23841857910156,235.5836597524942,233.08710897315927,233.9098459369216,2701300
UNP,2024-02-06,236.2929229736328,237.1913147999694,233.23843405312596,233.23843405312596,2357300
UNP,2024-02-07,235.6215057373047,237.97619846355082,235.43237593559064,237.11565570129997,2337200
UNP,2024-02-08,235.29998779296875,235.6971647124965,233.02093540335753,235.53640365671234,1871500
UNP,2024-02-09,235.89573669433594,235.99030880799143,233.10603249764267,234.65691992571368,2012500
UNP,2024-02-12,233.95716857910156,235.5364394872702,233.57890891144143,235.27164040429045,2259600
UNP,2024-02-13,232.26441955566406,232.8885609469083,230.49603337681899,232.63322775418473,2664100
UNP,2024-02-14,236.5198974609375,236.75631333483676,231.73484248196579,232.973659352449,2579500
UNP,2024-02-15,236.9359588623047,237.73031262536503,235.27158210578463,236.41584112589217,2252300
UNP,2024-02-16,233.19113159179688,236.15106261637408,232.68047971087978,235.8579092745811,2202400
UNP,2024-02-20,233.71127319335938,233.88150012415664,231.56461304129405,233.1911553904784,1907200
UNP,2024-02-21,237.66415405273438,237.79654636348968,233.88150011152018,235.88630208286622,1721700
UNP,2024-02-22,240.68080139160156,241.1063614912517,236.51988795016274,238.29773986789277,2507600
UNP,2024-02-23,242.95040893554688,244.06628491949277,241.09690215938903,241.39952140026364,1943500
UNP,2024-02-26,238.9123992919922,244.605296964397,238.67598344348326,243.02602639824053,2806400
UNP,2024-02-27,239.527099609375,241.80615208888182,238.49632986591794,238.94079286166178,2206300
UNP,2024-02-28,241.42819213867188,243.19620101706096,238.8712315802581,240.0213793938917,1885800
UNP,2024-02-29,241.14303588867188,243.09165016091185,240.91490055541252,241.74188207340154,3022100
UNP,2024-03-01,240.46812438964844,240.9433954159169,238.3674345758493,240.35406398466262,2811400
UNP,2024-03-04,240.9338836669922,242.23612157522257,239.97384146143577,240.82932346606069,1834900
UNP,2024-03-05,241.1525115966797,242.9775505650351,239.9073038503633,241.29510160453086,1368800
UNP,2024-03-06,238.58602905273438,242.36918194628177,238.43393885999905,240.90535372753158,1911000
UNP,2024-03-07,236.72299194335938,240.8198404695029,236.4283262208096,240.8198404695029,2395600
UNP,2024-03-08,238.5480499267578,238.80468584877747,235.36372811508554,235.9720744741491,2409100
UNP,2024-03-11,237.5119171142578,239.04229026426484,235.05951709414055,237.8446126050017,1539600
UNP,2024-03-12,238.75711059570312,239.7076525081073,236.89405656969734,237.08416205135447,1633900
UNP,2024-03-13,236.92262268066406,238.37695095945736,236.17170078998925,237.88266499742488,2129000
UNP,2024-03-14,233.890380859375,235.71541990448426,231.55205547512793,235.19261886195062,2519700
UNP,2024-03-15,232.05584716796875,234.19456688977664,231.20035057677276,231.40947099879034,3258900
UNP,2024-03-18,232.27444458007812,233.47212228313208,231.79917357827767,232.93982108177477,2280700
UNP,2024-03-19,230.70606994628906,233.05389549254883,229.34678725727468,232.21742834189155,3244300
UNP,2024-03-20,234.12799072265625,235.30666798901646,230.64900362533638,230.86763872178767,2564800
UNP,2024-03-21,235.8389892578125,237.97770887622653,234.43219108107616,235.2876731267935,3215400
UNP,2024-03-22,232.85427856445312,236.77050702475935,232.75921856130935,236.07661541499405,1676900
UNP,2024-03-25,231.78968811035156,233.0729111942918,230.64902603024356,232.37901954871876,1974700
UNP,2024-03-26,228.7859649658203,232.15087739145204,228.60535965832076,231.9132418824517,2801900
UNP,2024-03-27,232.5311279296875,232.66420324888236,230.0216972647831,230.20228808759458,2150500
UNP,2024-03-28,233.76681518554688,234.5557668808353,232.14139629255686,233.70978497935377,2265900
UNP,2024-04-01,231.2668914794922,233.78582219544947,230.63003002496944,233.35808115932176,2493800
UNP,2024-04-02,230.5349884033203,231.81822611817967,228.95708494016108,230.28785266374157,2019400
UNP,2024-04-03,229.6034393310547,232.88280656347123,228.89053278035018,230.85814731815174,2097200
UNP,2024-04-04,228.7859649658203,232.8162539158289,227.90195333019645,231.2383651591982,2062500
UNP,2024-04-05,230.04067993164062,230.80111648447297,228.81448704959064,229.62245360649766,1503700
UNP,2024-04-08,228.40574645996094,231.45699287099754,228.16811094366628,230.03117977322958,2139200
UNP,2024-04-09,228.88101196289062,229.88859871109867,226.2385062458654,229.10914727450537,1736900
UNP,2024-04-10,225.13589477539062,226.8468588957702,224.21386780841314,226.40010296314728,2181000
UNP,2024-04-11,224.48004150390625,225.97238516304978,223.4059242145269,225.14541811957923,1692400
UNP,2024-04-12,222.80703735351562,223.8336244464314,221.71391986323331,223.1967630516273,2595000
UNP,2024-04-15,222.3698272705078,226.15298087072156,220.991544088673,225.9533751465757,2298000
UNP,2024-04-16,219.82235717773438,222.8355738442515,219.5276914522822,222.8355738442515,2025400
UNP,2024-04-17,217.8927459716797,220.649326567426,216.60000822777255,220.3356459563176,1997000
UNP,2024-04-18,218.4440460205078,219.96491896173112,217.76916934962793,219.30904268713005,1570200
UNP,2024-04-19,220.601806640625,221.29569829464302,219.03340351344877,219.2805537357365,2971900
UNP,2024-04-22,222.87359619140625,223.9952288512847,220.56377146188123,221.46679801497743,2200000
UNP,2024-04-23,224.6035614013672,225.58263299906858,223.19676331126968,223.75757960679317,1980800
UNP,2024-04-24,220.5067596435547,222.55043392911742,217.97832859644623,222.30328369224532,2951100
UNP,2024-04-25,231.50453186035156,231.56156206581642,224.44199649981675,228.35823982315415,3897500
UNP,2024-04-26,230.78208923339844,232.72120306456944,228.82397500491092,231.83719144926852,2255500
UNP,2024-04-29,229.0330810546875,232.31244789715694,227.62628302306578,231.3524057445163,1625800
UNP,2024-04-30,225.4305419921875,228.1966226660738,225.05983119598457,227.86392716768566,1737000
UNP,2024-05-01,223.33937072753906,225.3545152708175,222.58843437134846,224.1568374863612,1651700
UNP,2024-05-02,225.93435668945312,226.27655242958588,221.67593209322908,224.32793820116666,2440900
UNP,2024-05-03,228.4722900390625,231.34293112037722,227.90195900162064,230.2878288539943,2174700
UNP,2024-05-06,227.37918090820312,229.85058165252858,227.21757598843953,229.85058165252858,1527700
UNP,2024-05-07,230.3924102783203,231.11481708870414,227.94000979806384,229.4323534270157,1585300
UNP,2024-05-08,233.73828125,234.2135522688118,229.2612363751002,229.52738698530518,1739000
UNP,2024-05-09,234.41317749023438,236.58991242111765,232.835274193055,233.43412033087964,1765100
UNP,2024-05-10,235.16409301757812,236.20019485604087,234.42267139262484,235.7344240386747,1299500
UNP,2024-05-13,233.52915954589844,236.1146350342215,233.2154934388487,235.1736077048315,1317200
UNP,2024-05-14,232.8257598876953,234.7838740877681,231.1337962873924,234.6127834896817,1357500
UNP,2024-05-15,234.3466339111328,234.66982923579624,233.2440161408039,233.69077207089782,1769200
UNP,2024-05-16,233.73828125,235.04053370434627,232.8257690161888,233.96641656051304,1526000
UNP,2024-05-17,232.85427856445312,234.7078325927961,231.29539024008773,234.12800138350727,2105700
UNP,2024-05-20,231.58056640625,232.81625947928393,229.87908799884107,232.81625947928393,1130300
UNP,2024-05-21,223.33937072753906,228.17762637371953,222.94013029526607,228.13009636948505,2967600
UNP,2024-05-22,223.1017303466797,223.61501667050774,221.0200409420314,223.1587605488694,2634200
UNP,2024-05-23,221.20066833496094,223.26334304342993,220.33567150440624,222.64548194840998,2815700
UNP,2024-05-24,220.5732879638672,222.5504171895206,219.61323120045557,220.52575796003438,2305500
UNP,2024-05-28,217.68362426757812,220.78240055660933,216.95171735013872,220.66832565062737,2480900
UNP,2024-05-29,214.7084197998047,217.0467448689708,214.50879960896413,215.57340194912956,3279100
UNP,2024-05-30,217.9022674560547,218.07335806519092,214.33773472450852,214.87003595842674,2840400
UNP,2024-05-31,222.56736755371094,223.02622582256507,217.08013332912685,218.1125753741797,5524500
UNP,2024-06-03,218.2655487060547,223.21743162215517,217.3286941650283,222.73944996985935,2593900
UNP,2024-06-04,217.5963592529297,219.68036680885982,216.2771398326862,218.06478651597195,1820800
UNP,2024-06-05,217.39559936523438,219.0016105731816,216.0476877241665,218.65746323050132,2920800
UNP,2024-06-06,218.25596618652344,218.83910434959262,216.4491962364962,217.62502694382403,2023200
UNP,2024-06-07,217.93093872070312,220.55983760333166,216.7073069531906,217.51986694662557,2555600
UNP,2024-06-10,218.8677978515625,218.90604455275934,216.28669982079336,217.33826530106793,1884800
UNP,2024-06-11,217.39559936523438,218.8486529571368,216.36315733719354,217.74930108885204,1619900
UNP,2024-06-12,216.4969940185547,221.08562044317654,215.82782267444847,218.85822436527624,1931900
UNP,2024-06-13,212.3385467529297,216.23887845921473,211.63114330239543,215.71309576838442,3283900
UNP,2024-06-14,212.31942749023438,212.4054606753404,208.92575529381622,211.5928861399866,2130500
UNP,2024-06-17,211.63113403320312,212.71136251049683,209.63315989555684,209.862596310645,3134500
UNP,2024-06-18,212.77828979492188,213.97324378924134,211.4112548402632,211.63113687774333,2057100
UNP,2024-06-20,215.25424194335938,215.50278713558527,211.7171808572326,212.52018648150843,2267800
UNP,2024-06-21,216.15284729003906,216.62127452567333,213.31363531986102,216.17197063902285,3322600
UNP,2024-06-24,216.39183044433594,219.27884339143543,215.9998820316592,216.6786223215833,2407600
UNP,2024-06-25,214.193115234375,215.21600287427188,209.91040412318102,214.94833434149982,3079500
UNP,2024-06-26,213.762939453125,215.22556203498394,213.05552140832182,214.13576453111176,1921500
UNP,2024-06-27,213.62908935546875,215.40718142339506,212.96947243863215,214.69020905063186,1815000
UNP,2024-06-28,216.2962188720703,217.42426298363725,214.4320936313879,214.99610839375126,3492600
UNP,2024-07-01,214.95790100097656,217.84491415431683,214.279160662565,216.18153281692705,1697300
UNP,2024-07-02,215.56971740722656,215.6079495198201,213.9637061151451,214.95790149783716,1530500
UNP,2024-07-03,215.63662719726562,218.05521293945884,215.1012755494107,216.0094522638176,1219800
UNP,2024-07-05,215.25424194335938,216.6977411908201,213.00773707162278,215.24468756218042,1659400
UNP,2024-07-08,213.55264282226562,214.78582907155754,212.34813430527058,214.62331705959457,1781600
UNP,2024-07-09,212.0135040283203,213.09374704433998,210.9141522520248,212.49148559833398,1514200
UNP,2024-07-10,214.52774047851562,214.64245141358361,212.15694085026047,212.5488893275337,1832700
UNP,2024-07-11,218.64791870117188,218.88690951694468,214.38431612957464,214.94834554079821,1517900
UNP,2024-07-12,220.08184814453125,222.19451863900727,218.6479033505673,219.5560654693763,1912300
UNP,2024-07-15,225.5977783203125,226.03751325779467,220.1392216066477,220.44513685606307,2569500
UNP,2024-07-16,232.35643005371094,233.08297147443162,225.51172954021663,225.60733170194572,3417400
UNP,2024-07-17,233.14988708496094,235.22432568158362,232.06964389543893,232.71970652022353,2933000
UNP,2024-07-18,232.30862426757812,235.0426797476564,231.51517301919145,231.95492253265985,2491300
UNP,2024-07-19,231.64901733398438,234.01980206455863,230.86512048221599,234.01980206455863,3870100
UNP,2024-07-22,232.55715942382812,232.65274698665792,230.25328473308136,232.08873222939,2187000
UNP,2024-07-23,228.95318603515625,232.20345507524053,228.7524273452662,231.56296148268206,2538300
UNP,2024-07-24,226.9265594482422,230.1385965304197,226.41033112803356,227.71044172288734,3288800
UNP,2024-07-25,224.98593139648438,229.14436231378176,220.73188374337198,225.47346734784145,3017600
UNP,2024-07-26,229.7753143310547,232.44244522918586,225.50215767878672,226.77359047964978,2818600
UNP,2024-07-29,231.4864959716797,233.1498772838271,229.44073519291618,230.37758968375638,2023000
UNP,2024-07-30,234.6220245361328,236.37143881849425,232.1174057975365,232.44242976164568,1914400
UNP,2024-07-31,235.86480712890625,238.2069141595475,233.71388982971382,234.708099772194,2285700
UNP,2024-08-01,233.70431518554688,238.35985111280272,233.05425265077386,236.47660251829123,2166100
UNP,2024-08-02,229.4025115966797,233.15944032024797,225.32054426889613,232.80573857115618,2114600
UNP,2024-08-05,224.52706909179688,227.4905608066145,221.0760414028091,226.57282972876652,2494400
UNP,2024-08-06,228.04505920410156,230.87470254085082,224.39327221912063,225.01465714639468,2514600
UNP,2024-08-07,226.41033935546875,231.28575791004675,226.0566376102501,229.28779815903235,1939200
UNP,2024-08-08,229.9473876953125,230.28198065875827,226.46768214020952,226.7927207226693,1444800
UNP,2024-08-09,227.06039428710938,229.88048294560096,226.51548823517456,229.88048294560096,1621100
UNP,2024-08-12,226.32427978515625,227.85382668707823,224.55574209148648,227.85382668707823,1782100
UNP,2024-08-13,226.82138061523438,228.47519277991182,224.8712076212022,227.54790735774907,1486200
UNP,2024-08-14,230.5974578857422,231.5820988729295,226.8596380522143,227.49057730230763,1903100
UNP,2024-08-15,232.97781372070312,234.46911408014023,232.0600825681347,233.18811221909905,2128000
UNP,2024-08-16,233.76170349121094,234.59338689054036,232.6814602994623,233.25504411152264,1951400
UNP,2024-08-19,235.23388671875,235.7979015420965,233.41754777010564,234.21099902743592,1686500
UNP,2024-08-20,235.64495849609375,236.35237660450562,234.50735981083847,235.23390126997572,1552000
UNP,2024-08-21,234.90884399414062,237.3656765342677,234.21099490994905,236.82077048320144,1482900
UNP,2024-08-22,233.56094360351562,236.1229180609547,232.1365531380389,235.19563255992188,2722300
UNP,2024-08-23,235.97950744628906,236.11334170270047,233.28368438406474,234.21096979878672,2449200
UNP,2024-08-26,236.92591857910156,238.560622087195,236.12291298315856,236.84943977184398,1680600
UNP,2024-08-27,239.3253936767578,239.46878232245408,237.12667539275634,237.54730153591987,1466200
UNP,2024-08-28,241.54322814941406,243.18748607588057,238.8091727216236,239.4401119557694,2359700
UNP,2024-08-29,242.04989624023438,243.43604005974802,240.3196050611936,242.6330344164653,1287700
UNP,2024-08-30,246.11512756347656,246.31693971737892,242.10755348418564,242.10755348418564,2386600
UNP,2024-09-03,245.2694091796875,246.94164031502945,244.15458842279284,245.90369060082827,2585800
UNP,2024-09-04,245.7403106689453,248.01800755213688,242.27092200218502,245.49044312242745,2880300
UNP,2024-09-05,241.7327117919922,246.13430436328673,240.1373665497794,245.83639611256928,2562500
UNP,2024-09-06,239.90673828125,243.78937094958357,239.53192964578105,241.60778496136768,2406200
UNP,2024-09-09,241.32911682128906,242.31899653587848,240.08936954045143,240.9447029248379,2162500
UNP,2024-09-10,242.74185180664062,242.78028732911008,239.8971392170635,242.04028987208852,1694700
UNP,2024-09-11,237.85971069335938,241.70390803789851,233.94823285635525,240.87740502224463,2372100
UNP,2024-09-12,239.195556640625,239.8010223845287,235.85110922531305,238.2633376583551,1867900
UNP,2024-09-13,239.41659545898438,242.18442211867847,238.86880498684818,240.20466291909946,2267800
UNP,2024-09-16,242.59768676757812,243.71250756239192,239.7625940433385,241.10807196742573,1651000
UNP,2024-09-17,243.674072265625,245.12525154446857,243.14549217583107,243.40497961344803,1640400
UNP,2024-09-18,241.4156036376953,244.64473017203272,240.77170230665584,244.11615007507498,1568200
UNP,2024-09-19,238.76309204101562,244.1161290524348,236.4661847851755,240.2623266127675,3406700
UNP,2024-09-20,235.83189392089844,236.05293116020795,233.09289747136927,233.99628618565467,6802600
UNP,2024-09-23,234.4960479736328,235.80307571285073,233.40045227049794,235.54358827503071,2740600
UNP,2024-09-24,239.26284790039062,239.3301137280478,232.15107405225365,233.71758915442223,2772700
UNP,2024-09-25,235.9376220703125,239.57999275704418,235.5339830916777,237.89815634717434,2347200
UNP,2024-09-26,233.7560272216797,238.62855442190943,232.9103137730044,237.37918734509802,2398600
UNP,2024-09-27,234.7074737548828,237.84048936101573,234.43838110966647,235.14954824440284,1954500
UNP,2024-09-30,236.8794403076172,237.3887952913066,233.97708182135477,235.4570913719062,2923200
UNP,2024-10-01,235.9856719970703,237.71556376854917,234.16928930312986,236.58151790440493,1925000
UNP,2024-10-02,233.87136840820312,236.60074508031315,232.77577272069703,235.50514939280706,2568300
UNP,2024-10-03,231.25729370117188,233.53497580965492,230.2674141126654,232.98717067931437,1990200
UNP,2024-10-04,229.5562744140625,233.70800045234574,227.95132357691182,232.30487645398813,2137900
UNP,2024-10-07,227.6437530517578,228.87389503692842,226.12529333096458,228.4414257657191,1684100
UNP,2024-10-08,228.30686950683594,229.63312223430265,228.0666071816832,228.42219073028573,1783200
UNP,2024-10-09,228.4221649169922,229.3640036835596,226.69228810293936,227.8743745030613,2046700
UNP,2024-10-10,229.51780700683594,229.6331282332984,227.08633872147715,228.2011594587774,1900700
UNP,2024-10-11,232.87185668945312,233.0928939254001,230.21936586474354,230.7287208274836,1663800
UNP,2024-10-14,235.71658325195312,236.5815218197824,232.53551218132475,233.19862392895408,1735800
UNP,2024-10-15,236.21629333496094,239.01295022674265,235.80304918829634,237.1004715670048,1858000
UNP,2024-10-16,238.43634033203125,240.4833653961316,235.93760625338493,236.35085041888522,1500100
UNP,2024-10-17,232.30484008789062,237.26385804058697,231.13235875804114,237.26385804058697,2177900
UNP,2024-10-18,234.5921630859375,235.17840380321724,232.0549932707899,233.08330849749046,2866100
UNP,2024-10-21,230.98822021484375,234.23655708928325,230.09443668192569,234.23655708928325,1547900
UNP,2024-10-22,232.0453643798828,232.51628384414678,229.33521281789592,231.68978081031685,1818400
UNP,2024-10-23,231.94924926757812,232.75652714217523,230.7575428828527,231.90119387075606,2156100
UNP,2024-10-24,221.7621307373047,224.88554102937943,218.69638105815648,220.4839333811218,5181100
UNP,2024-10-25,221.32965087890625,222.8481104925467,220.3493765127438,221.22393487211963,2952000
UNP,2024-10-28,222.94419860839844,224.3665620421235,221.09898582717287,221.09898582717287,2493000
UNP,2024-10-29,222.95384216308594,225.25074950423107,222.44448718490577,223.06916339151942,3682100
UNP,2024-10-30,223.12681579589844,225.51021397067277,222.2714824994402,222.48291452008817,3079400
UNP,2024-10-31,223.03073120117188,224.73177800376783,221.32004985531393,221.75253379729708,2594700
UNP,2024-11-01,223.62657165527344,225.6928218555657,223.2517630019593,224.45307466828015,2653300
UNP,2024-11-04,220.95484924316406,224.14552531041173,220.50315489663538,222.91538337310556,2195600
UNP,2024-11-05,224.76058959960938,224.77981469118464,220.56080895398054,221.61796902389653,1483700
UNP,2024-11-06,238.8111572265625,241.91534250757445,232.91031482969328,238.41712347530097,5318700
UNP,2024-11-07,233.11212158203125,240.15661488363006,232.76614323896334,239.5895993021837,2921300
UNP,2024-11-08,232.08380126953125,234.62097084078374,231.4302801185162,232.53549561472514,2209300
UNP,2024-11-11,232.52587890625,236.36047095353658,232.420162894988,234.3614866179589,3299100
UNP,2024-11-12,229.6042938232422,233.1890036380583,229.29675100557336,232.91030579093854,2362900
UNP,2024-11-13,231.04588317871094,231.54561829404292,229.02767363053678,230.08483380614223,2563900
UNP,2024-11-14,226.40399169921875,231.69936796584707,225.67359952382293,230.90169530175055,2766000
UNP,2024-11-15,226.39439392089844,228.56636009117364,224.88553945909646,225.73126754797647,2068500
UNP,2024-11-18,225.2795867919922,226.2886915654015,224.77023179802885,225.9234881114468,1401400
UNP,2024-11-19,224.20318603515625,224.97202841247142,222.82889256718113,224.05903450510593,1773900
UNP,2024-11-20,224.4626922607422,225.19309917939205,222.80968614357124,224.37620133546517,1158000
UNP,2024-11-21,229.71002197265625,230.58456574466325,224.56840203447095,224.95283057687186,3490700
UNP,2024-11-22,232.94873046875,233.21782308946143,230.14246837815347,230.65182331481785,2664900
UNP,2024-11-25,239.6088409423828,240.81975789452346,233.58305716132236,233.97709093067166,4224400
UNP,2024-11-26,236.0625457763672,237.5425552555693,233.01602123542332,237.14852152055659,3305300
UNP,2024-11-27,235.67811584472656,238.2345105034066,235.32253229618144,236.45656343178396,2040800
UNP,2024-11-29,235.1303253173828,237.02359361202113,234.59214005555745,235.5435694775528,1484900
UNP,2024-12-02,231.40145874023438,235.0438439482215,231.0458751773221,234.5248690929153,3100000
UNP,2024-12-03,227.7590789794922,232.314443278111,225.9523016021286,232.314443278111,4196800
UNP,2024-12-04,225.8466033935547,228.5855999813415,224.5107453472942,227.48038440010748,3264900
UNP,2024-12-05,225.4910125732422,226.36555633245615,224.47230261356822,226.16374418204109,2011400
UNP,2024-12-06,224.4722900390625,227.45153404383737,224.28006844921708,226.5097098442781,2585100
UNP,2024-12-09,225.738525390625,227.12076351568692,223.95033400036888,224.49162468604783,3095700
UNP,2024-12-10,229.16995239257812,231.03548798376534,224.04699711899983,225.5548973620026,3092600
UNP,2024-12-11,225.97052001953125,230.46517971823457,225.5162193060114,228.6093195636509,2862600
UNP,2024-12-12,225.90286254882812,226.71479858840192,224.143653047353,226.42481721739264,2242700
UNP,2024-12-13,227.13043212890625,229.60491234979511,225.3905586145108,225.3905586145108,2715600
UNP,2024-12-16,225.1102752685547,227.22712036158484,223.83437772902988,226.2218534525609,2839500
UNP,2024-12-17,222.2008056640625,224.74293982507422,221.66917560219358,222.97406966416418,3642400
UNP,2024-12-18,217.0391845703125,223.38971932984785,216.91353727876432,222.12348253280663,3582400
UNP,2024-12-19,215.69561767578125,219.0303814415817,215.60862768599492,216.92319716711845,2785300
UNP,2024-12-20,218.75973510742188,220.29661724970828,214.4487159499101,215.6666200486731,5949400
UNP,2024-12-23,219.5426788330078,219.919650210219,217.2518391569713,218.09278665157007,1939300
UNP,2024-12-24,222.07513427734375,222.32644359188984,219.06902414395336,220.1226088364403,669000
UNP,2024-12-26,222.53909301757812,223.09005907456026,220.90554561937932,221.0795403343975,1021700
UNP,2024-12-27,222.24911499023438,223.9889884211747,220.67357563946643,220.94422097882773,1455900
UNP,2024-12-30,220.1806182861328,221.9591638893266,219.20436286870807,220.55758966009543,1659700
UNP,2024-12-31,220.42227172851562,221.83350662627188,219.36868693616674,220.38361442610017,1784700
UNP,2025-01-02,221.4661865234375,222.9160786623372,220.7025831532058,222.2974586063693,3177200
UNP,2025-01-03,223.76669311523438,224.6076258599404,221.20522283017235,222.13314556590328,1994500
UNP,2025-01-06,222.3264617919922,224.53997211513067,221.26321637504412,224.45298212402025,2798800
UNP,2025-01-07,222.8387451171875,224.76227396158458,222.09447778588893,223.2833851876694,2752700
UNP,2025-01-08,224.0760040283203,224.34664938081528,221.35986036731663,221.9688197849631,2062800
UNP,2025-01-10,217.68679809570312,222.3264408398081,217.2324974084076,221.17620554014852,2711300
UNP,2025-01-13,219.18499755859375,219.4363216070339,215.0673096586132,216.2562169485611,2278100
UNP,2025-01-14,221.71749877929688,221.91081477103035,220.02595804076563,221.18586874023126,1823400
UNP,2025-01-15,223.14808654785156,225.50658032993758,222.74211848276465,225.2165989265707,1892300
UNP,2025-01-16,227.04345703125,227.275445098073,221.90118025040547,222.59711495274146,2296900
UNP,2025-01-17,226.43446350097656,231.2674368812088,224.4432808281712,231.2674368812088,3643700
UNP,2025-01-21,228.82196044921875,229.41158380939706,227.1400951014475,227.72004307517167,2630500
UNP,2025-01-22,227.92303466796875,229.08294536557645,226.3378199397898,228.8219606651687,2757500
UNP,2025-01-23,239.7638397216797,241.3297185559815,233.97393164135082,238.41059817124992,5226200
UNP,2025-01-24,240.4694366455078,242.13198076722796,237.50199848286445,239.21286054201258,4048500
UNP,2025-01-27,245.9210205078125,248.26017789959457,241.64867372622066,242.2576331037114,4537400
UNP,2025-01-28,240.8367462158203,247.7188959665539,240.4984321610465,245.5150611643737,3167200
UNP,2025-01-29,241.21371459960938,244.53880278624916,240.74007787857192,241.3586979075469,3026900
UNP,2025-01-30,241.57135009765625,243.22423355464838,238.8165640014226,241.0493954396437,2490500
UNP,2025-01-31,239.5125274658203,243.62055551098152,239.38688016674544,240.36313563957856,2987200
UNP,2025-02-03,234.90187072753906,238.44927184800554,229.15063465893027,234.1382525815825,3962300
UNP,2025-02-04,235.36582946777344,237.32801569573144,234.24457598063574,234.5828900540351,2895100
UNP,2025-02-05,236.3130645751953,237.0380105893016,234.88250857043033,236.07141590382656,2436900
UNP,2025-02-06,235.37548828125,237.53100524819237,234.66021758736278,237.16369451409955,1574500
UNP,2025-02-07,233.99325561523438,235.96510238838738,232.74634014549474,235.83945510198876,2185500
UNP,2025-02-10,236.1680908203125,236.33241015359897,233.50995532778737,235.62680013441232,2315000
UNP,2025-02-11,239.4545135498047,239.70583762448157,235.713796582912,236.61272262184434,2584800
UNP,2025-02-12,240.20846557617188,240.9044150038047,235.2208476768913,235.2208476768913,2656900
UNP,2025-02-13,242.58628845214844,243.42722117487816,239.08722013552855,240.84641493178904,2279800
UNP,2025-02-14,240.89474487304688,244.74178784987555,240.77875822270056,243.08891908617895,1696300
UNP,2025-02-18,242.77960205078125,243.36922543936873,240.14080250798534,241.64868796101157,1709300
UNP,2025-02-19,238.806884765625,241.89998486285134,236.2357393179981,241.3103615045469,2488500
UNP,2025-02-20,239.377197265625,239.4545266198183,237.1443656286586,238.34294849505537,1425400
UNP,2025-02-21,237.34735107421875,239.46419600133643,233.73228128894814,238.52659788522436,3292500
UNP,2025-02-24,234.2349090576172,237.78231004325266,234.1285830444645,237.04770333814847,5576700
UNP,2025-02-25,237.67599487304688,238.6135930093312,234.66022381559327,234.7762104719365,2911600
UNP,2025-02-26,237.2796630859375,239.67682856388748,236.60304974500997,237.7146277516006,2477000
UNP,2025-02-27,236.8833770751953,239.03887918893972,235.62680097895748,236.806047727066,3012400
UNP,2025-02-28,239.76023864746094,240.16843865646513,235.67822372726434,238.03995552867886,3252600
UNP,2025-03-03,238.90496826171875,242.6856939846444,236.92228026644506,241.36389704441007,2218000
UNP,2025-03-04,234.7354736328125,237.16524621355498,234.0842963607921,236.82507212018908,3037800
UNP,2025-03-05,236.76673889160156,238.1662901464494,234.41472102226422,235.02702840379854,3051700
UNP,2025-03-06,238.380126953125,238.5842195402682,235.0561999196872,236.4654650176714,2311100
UNP,2025-03-07,242.30661010742188,243.29796135677162,238.07881520988153,239.17706220332323,2835800
UNP,2025-03-10,241.31529235839844,244.20186343358804,239.20625149200814,240.66411507219863,2420700
UNP,2025-03-11,231.10052490234375,241.12090449593788,230.76035081429288,240.49888331819272,3357900
UNP,2025-03-12,230.8186798095703,231.70310575187574,227.44615430460397,230.04114962312346,1927500
UNP,2025-03-13,227.7085418701172,231.40179885425565,226.96018265468496,230.48820206642546,2399900
UNP,2025-03-14,230.8575439453125,231.06165136090024,228.31114710697202,229.02063652564047,2116800
UNP,2025-03-17,231.1782684326172,232.78191230268723,229.3413610706544,230.78951077628324,2139000
UNP,2025-03-18,230.42990112304688,233.25815987071638,228.91372545671194,231.78085403909193,2184200
UNP,2025-03-19,229.7495574951172,231.4406844172615,228.30140781195115,230.35213630213417,2058300
UNP,2025-03-20,228.19448852539062,229.31219268012998,226.70746906600235,227.6988203156456,2869500
UNP,2025-03-21,227.31007385253906,227.6696754245294,224.84141677250537,226.53254371323348,4167700
UNP,2025-03-24,228.59300231933594,231.14912782986866,227.31009010339457,230.30357171413107,3291100
UNP,2025-03-25,229.16641235351562,229.895344090057,227.75714729556648,228.59298961334008,1849000
UNP,2025-03-26,231.343505859375,232.04328154930784,229.06924228217082,229.23446503810564,1709900
UNP,2025-03-27,229.34136962890625,231.63507547923956,228.068171202224,231.63507547923956,1913900
UNP,2025-03-28,225.62867736816406,230.0508664596141,225.49261069597276,228.99148916682785,1918000
UNP,2025-03-31,229.60377502441406,231.41152625940458,223.81119117385893,224.0833244926615,3478100
UNP,2025-04-01,230.50765991210938,230.9936144208831,227.2712011040578,228.06817361692097,2367300
UNP,2025-04-02,231.7614288330078,231.8100124193387,228.01957321594725,228.5346838043529,2023600
UNP,2025-04-03,217.67845153808594,226.4353459521822,216.81345315458543,224.85114442766226,5754800
UNP,2025-04-04,207.26930236816406,215.5208148927674,206.579255301804,213.81997418899132,6784500
UNP,2025-04-07,204.0717315673828,210.1656050796807,199.03723529365362,205.17970722142294,5055900
UNP,2025-04-08,202.41949462890625,211.6137456023955,198.9109024928949,211.41936676550094,5126200
UNP,2025-04-09,217.25079345703125,218.3879250811298,200.5825618901658,200.81581053296378,5361000
UNP,2025-04-10,213.1590576171875,215.4624768624286,208.18287418527646,215.16118748960915,5088800
UNP,2025-04-11,212.4495849609375,214.0823997942331,209.05763203888068,212.61480771148243,2965000
UNP,2025-04-14,216.02621459960938,216.9981235861895,213.12991514188954,214.93766645013477,3197700
UNP,2025-04-15,213.89773559570312,218.0089065343269,213.4214948444071,216.53160069431345,2807000
UNP,2025-04-16,210.51548767089844,214.34479653421099,209.35891363016424,213.5283965631588,3293600
UNP,2025-04-17,214.0726776123047,215.9970681694464,211.19583518834628,211.39021402831835,4545800
UNP,2025-04-21,209.98094177246094,212.82862801525894,207.3665041976492,212.03167034938184,3379600
UNP,2025-04-22,210.80703735351562,212.47872187073096,208.92154651912443,211.9052991711457,3353300
UNP,2025-04-23,213.6061553955078,218.27132148645092,212.1968903342214,215.09317495516126,3879500
UNP,2025-04-24,209.3977813720703,209.76711152059013,200.82555210133182,202.40003986265742,5205100
UNP,2025-04-25,207.2984619140625,208.72716931551454,205.626792095309,207.98852382210467,3454900
UNP,2025-04-28,206.6375732421875,208.66885949451324,204.87842032365876,207.0749293264931,3053300
UNP,2025-04-29,208.51333618164062,208.92155098446844,205.35463214604144,205.35463214604144,2886400
UNP,2025-04-30,209.60189819335938,209.9129013612252,204.616000284986,207.4734151136408,3139100
UNP,2025-05-01,208.06626892089844,209.44637784447795,206.59869175142353,209.44637784447795,4458500
UNP,2025-05-02,212.1580047607422,213.440931733069,209.77683072530374,210.7293122036024,2926800
UNP,2025-05-05,210.4474639892578,212.64397308857227,210.18504439508607,210.70988358342953,1895600
UNP,2025-05-06,207.21099853515625,210.14616790586214,207.01661969865324,208.7271742220963,2265100
UNP,2025-05-07,207.8427276611328,208.87294873947883,206.72502350941252,207.73581708714485,3277100
UNP,2025-05-08,210.74874877929688,212.7703213247527,207.86217779743419,208.87297148523947,3335500
UNP,2025-05-09,210.2433624267578,211.60402909746784,209.0770597602584,210.65156242797082,2172900
UNP,2025-05-12,224.38461303710938,225.03579024962698,220.15681803103465,220.68164233524988,4965900
UNP,2025-05-13,221.83822631835938,225.47317126917838,221.63411890578874,224.52068978405444,3028100
UNP,2025-05-14,221.9257049560547,222.33390497014906,216.87178095230587,220.95379592340473,3253000
UNP,2025-05-15,224.3651885986328,224.94832507459273,221.29395273605448,222.8101283357655,2607600
UNP,2025-05-16,224.91917419433594,225.45372709894457,223.65568955530304,224.83170594544202,2006800
UNP,2025-05-19,223.05311584472656,223.60711109405688,221.75076134195083,222.64491584371422,2509400
UNP,2025-05-20,221.91598510742188,223.43216078387397,221.41058827188633,222.22698827764447,1982900
UNP,2025-05-21,217.33828735351562,220.51643395817368,217.20222068577073,219.29183394846947,2183600
UNP,2025-05-22,216.60934448242188,218.0477804163696,215.69574769009537,217.0855852101665,2848900
UNP,2025-05-23,215.87071228027344,216.74542446319225,213.82969741325664,213.9366079982938,3227900
UNP,2025-05-27,218.0477752685547,218.6406403114834,216.48300129165452,217.37715573128986,2613300
UNP,2025-05-28,215.93875122070312,219.11689804921613,215.7249448678911,218.67954193138448,3073200
UNP,2025-05-29,216.25946044921875,217.30912392067634,213.59643935196254,216.1914345327241,2980600
UNP,2025-05-30,216.7386016845703,217.62840100783515,215.408796461671,216.01502614916714,4179600
UNP,2025-06-02,214.03009033203125,215.11544613432739,212.5633941083881,213.92253201216386,4587000
UNP,2025-06-03,216.85592651367188,217.4328234529683,212.7296199051346,213.00340200920766,6229300
UNP,2025-06-04,215.96612548828125,217.2372652013152,214.4896566588374,216.92437776487924,3976800
UNP,2025-06-05,215.75100708007812,216.8363628750808,214.52876023525556,216.04434930683664,3084600
UNP,2025-06-06,218.4692840576172,219.18308696127986,217.21770447531196,218.0195055714792,2953400
UNP,2025-06-09,219.16351318359375,220.25864151990007,218.29327407634938,218.9972894125476,3128500
UNP,2025-06-10,221.5689239501953,224.11118854962015,218.40085461490528,219.51554319065445,3122200
UNP,2025-06-11,220.7084503173828,221.9795900365466,219.6426546356247,221.9795900365466,2655100
UNP,2025-06-12,220.4835662841797,220.4835662841797,218.54751646861163,219.58399436381745,1939200
UNP,2025-06-13,218.41062927246094,220.46401005130826,217.82395970708043,218.7137441192418,1670100
UNP,2025-06-16,219.66220092773438,221.16801742279708,218.80174927913285,219.06574385995086,2659500
UNP,2025-06-17,215.6923370361328,219.0364025421188,214.77320504115323,218.80174070170193,2767900
UNP,2025-06-18,217.080810546875,217.20792899214445,215.35989237402117,216.07368034821553,2414500
UNP,2025-06-20,217.56971740722656,218.81152441584078,216.29859258707668,217.66750312570235,4274300
UNP,2025-06-23,220.86489868164062,220.95289687369063,216.89504331577177,217.49148545300312,2665300
UNP,2025-06-24,222.84983825683594,222.96716918583058,220.82579021164122,222.49783054984584,2777100
UNP,2025-06-25,221.7742462158203,221.96003012603418,220.46400116063538,221.87203193277676,2005400
UNP,2025-06-26,224.29696655273438,225.1281003906399,221.83291269024318,222.3707042959464,2960200
UNP,2025-06-27,226.27210998535156,226.53610455269794,223.98406754832013,223.98406754832013,7430700
UNP,2025-06-30,224.97164916992188,226.8490185676674,224.7076396689872,225.8125556114126,3579000
UNP,2025-07-01,230.33975219726562,231.84555370375824,224.33606153785936,224.52184544034978,2687500
UNP,2025-07-02,231.8944549560547,232.1389043271283,229.30328267067128,231.01442826818644,1752100
UNP,2025-07-03,231.03399658203125,233.8793909429541,231.03399658203125,232.41269466454102,1327600
UNP,2025-07-07,230.12464904785156,232.23668032199942,228.6383926608538,230.4962019545966,2580900
UNP,2025-07-08,231.28822326660156,233.55672071825646,229.10773893264493,229.83131448257066,2574300
UNP,2025-07-09,231.23934936523438,233.18515695266473,230.9557797188206,232.0606957313861,2432800
UNP,2025-07-10,231.73802185058594,235.39499009824908,230.35932370940742,231.9042456454788,2630100
UNP,2025-07-11,229.88018798828125,231.0437544286974,228.87305780169925,230.3886319232512,3211700
UNP,2025-07-14,228.1299285888672,229.6455176729622,226.26233181375662,228.88283682909605,1973400
UNP,2025-07-15,226.00811767578125,228.81439177756823,225.91033195599525,227.86592699166698,2419300
UNP,2025-07-16,226.04721069335938,227.76814377977297,224.60007462342497,226.84901177589393,2356500
UNP,2025-07-17,222.4391632080078,225.22587718815456,221.71558767196655,222.44893581200614,5211300
UNP,2025-07-18,219.8773193359375,223.34850344944329,217.40349285132763,223.34850344944329,5794500
UNP,2025-07-21,220.8355712890625,222.27293480731188,219.9262118558816,220.952902214632,2814100
UNP,2025-07-22,224.15029907226562,225.4116512532073,220.98222987454366,221.7449107132536,3806300
UNP,2025-07-23,225.8712158203125,226.02766699648717,222.26314076481316,224.34585415262293,3740100
UNP,2025-07-24,215.6239013671875,225.53876707504176,214.342989074004,220.98222730294958,9784100
UNP,2025-07-25,219.75021362304688,221.25601519523752,216.2594694165964,218.12706620626588,8254700
UNP,2025-07-28,224.15029907226562,225.8418845304294,219.8284360129075,220.21954903583372,6858400
UNP,2025-07-29,218.80174255371094,225.264984383322,214.26476292051987,221.36356713331296,19091000
UNP,2025-07-30,220.27821350097656,221.53958059621866,217.56971032344617,220.8355652221313,8361200
UNP,2025-07-31,217.04171752929688,218.81152865999294,215.89769621696857,217.54038889518168,5546800
UNP,2025-08-01,214.52874755859375,215.9270056248495,213.77585428907597,215.65322354138766,4637300
UNP,2025-08-04,217.1297149658203,218.43996006219191,214.75367415314673,214.98833600920963,4181100
UNP,2025-08-05,218.01951599121094,218.43996176660832,216.67015062829614,217.78483921331082,2430000
UNP,2025-08-06,220.4542236328125,221.2657824014002,217.48171097579657,218.8995143199629,3135700
UNP,2025-08-07,217.71640014648438,223.33873590617483,217.1688359205677,222.12626160592632,3113700
UNP,2025-08-08,217.3057098388672,219.47642136327312,217.17859139644546,217.93149960770464,2345500
UNP,2025-08-11,214.77320861816406,218.80174434580735,213.834531400853,217.75549388984012,4419600
UNP,2025-08-12,213.9420928955078,216.29858841729055,213.33584830865567,215.41856172799123,3224200
UNP,2025-08-13,218.22483825683594,218.53774061753316,213.66831325922732,214.5678851662232,3096800
UNP,2025-08-14,216.60171508789062,217.45239417269747,214.43100335699847,217.2372775204464,6245600
UNP,2025-08-15,215.8781280517578,218.69418958957402,215.51634775585984,218.31284916632853,3739200
UNP,2025-08-18,215.1936798095703,216.47459217248345,214.0496585025409,215.79990949705444,3188400
UNP,2025-08-19,218.80174255371094,220.02398938291117,215.17410739984234,216.0150138151323,4899200
UNP,2025-08-20,220.66932678222656,221.8426956870921,219.45686746320678,220.00443166147448,4521500
UNP,2025-08-21,220.2977752685547,221.15822690550934,218.56706955103454,220.47377165338443,3435500
UNP,2025-08-22,222.79116821289062,226.18412675996822,217.24704321175363,221.6569195225695,5317300
UNP,2025-08-25,218.36175537109375,223.8667454154384,216.2203763558308,223.16272998795452,5993000
UNP,2025-08-26,217.79461669921875,218.03906606992902,215.46745391565526,217.6186053939045,3758000
UNP,2025-08-27,216.0443572998047,218.0488451834746,215.51635320810922,217.55994642745785,3464900
UNP,2025-08-28,217.4132843017578,219.8675507030662,215.93680049937186,219.29065374769982,6299300
UNP,2025-08-29,219.971435546875,220.10918151327377,217.63957274066004,217.83635054791765,5012800
UNP,2025-09-02,218.41685485839844,219.18429877907826,215.80950024459528,218.63331493994235,3955400
UNP,2025-09-03,218.1905517578125,218.91864614298936,215.2290060394558,217.85602799158963,5881000
UNP,2025-09-04,219.4696502685547,219.88288819673878,216.96069176376486,219.07609462643234,3601000
UNP,2025-09-05,216.76390075683594,219.57786696507327,215.34707651028504,218.59396290643343,4001800
UNP,2025-09-08,213.76296997070312,216.55726864053204,212.78891465406574,215.7898247491037,4131200
UNP,2025-09-09,212.57247924804688,215.11095357317987,212.17890860857773,213.979454874539,3111200
UNP,2025-09-10,211.72630310058594,212.59214342046366,207.4463147167709,211.53935893941383,5004700
UNP,2025-09-11,212.56263732910156,213.29073177528423,210.71290781117614,211.3130899188332,4126700
UNP,2025-09-12,211.45082092285156,212.79876465396356,210.4472345979647,211.7164642042636,6207200
UNP,2025-09-15,212.7692413330078,213.56620117589142,210.87031380743906,212.53309896678226,4484400
UNP,2025-09-16,212.5232696533203,215.49466401605363,211.972285800773,214.92399787929133,4425900
UNP,2025-09-17,213.6744384765625,216.13419857554194,212.65118488118813,212.8282804019862,4797500
UNP,2025-09-18,216.81309509277344,217.00003926268798,213.29071682412723,213.97944665024593,4349300
UNP,2025-09-19,217.05908203125,218.09218432903344,215.69145594582162,218.09218432903344,8632100
UNP,2025-09-22,222.21473693847656,225.31402870800727,215.7209641669458,217.0984238393629,8136000
UNP,2025-09-23,224.31044006347656,225.31402639346217,221.82116402970397,222.21473465576906,5183000
UNP,2025-09-24,226.65213012695312,228.32476395447316,224.71383801095197,225.63871018973634,5925900
UNP,2025-09-25,228.26573181152344,228.7576838197379,226.7701935028599,227.33102599855266,6034400
UNP,2025-09-26,231.41424560546875,231.70941984357535,228.05912895913403,228.28543771582082,4940900
UNP,2025-09-29,232.3784637451172,233.53947839303837,231.3060118764505,231.9553921873292,5097300
UNP,2025-09-30,232.5653839111328,233.18524823597883,231.04034472013637,233.18524823597883,3797500
UNP,2025-10-01,230.96163940429688,233.4312331362076,230.23354501105408,232.1226389634088,3950800
UNP,2025-10-02,230.74517822265625,233.17542238732537,229.7612741888043,231.65036813221798,3873400
UNP,2025-10-03,232.9884796142578,233.91335181372762,230.7451796046939,231.079703375043,3176600
UNP,2025-10-06,233.5886688232422,234.39546235365276,231.70940844668857,233.18526455144456,3261100
UNP,2025-10-07,228.12799072265625,234.3856210013374,227.53764229491523,233.9527008227519,3024100
UNP,2025-10-08,228.90525817871094,229.97772494209616,225.53047468591558,226.47501411268982,3580300
UNP,2025-10-09,227.81312561035156,229.7219017729314,226.41598373158922,228.99382242118946,2331300
UNP,2025-10-10,221.82115173339844,230.09578789957004,221.59485801919544,228.80687607367227,2762700
UNP,2025-10-13,222.21473693847656,223.74962486293688,221.20131696237303,223.0805622983454,2079700
UNP,2025-10-14,223.4249267578125,224.1825370572249,219.7352866812498,220.3157864501315,2306200
UNP,2025-10-15,222.08682250976562,224.33012253405138,220.9750061333384,223.48396445379032,2483700
UNP,2025-10-16,220.43385314941406,223.83816771251307,219.62705964847083,222.6279699545062,2971200
UNP,2025-10-17,222.40167236328125,224.98934490634613,221.20132319389353,221.48664877222348,3237300
UNP,2025-10-20,223.64137268066406,225.52063284381492,222.16551674350154,223.01167474800204,2922100
UNP,2025-10-21,222.89361572265625,224.47770183544998,221.791647996603,222.64763971143478,2727700
UNP,2025-10-22,221.6145477294922,225.1664418560022,221.58503180983237,223.33637977117354,3756800
UNP,2025-10-23,216.4982452392578,222.30328826773692,215.57338802332714,219.68609983496046,5148500
UNP,2025-10-24,213.1234588623047,217.70845538130794,212.52327678566962,216.96067868788325,4128600
UNP,2025-10-27,214.71739196777344,215.40612184934122,212.91684562605565,214.6878760452195,4692000
UNP,2025-10-28,214.08767700195312,217.35424562934406,214.0581610817332,214.84528731836102,2782500
UNP,2025-10-29,212.88731384277344,214.64851049426682,212.06083804646698,213.15297213915207,3587900
UNP,2025-10-30,215.30770874023438,216.7540487851396,212.228084492987,212.57245688965327,2806900
UNP,2025-10-31,216.8229217529297,217.4329524477386,212.85778979599868,213.99912205009664,2586300
UNP,2025-11-03,215.2978973388672,217.44280102043237,214.52060471064146,216.39986510090546,3552700
UNP,2025-11-04,217.354248046875,217.57070813968483,213.95978206517074,215.09126572134403,2737800
UNP,2025-11-05,213.88107299804688,217.77732473440966,213.78267658510262,216.21292085561527,2707600
UNP,2025-11-06,214.4812469482422,215.04206444383053,212.83812900406699,213.43829605542928,3429800
UNP,2025-11-07,217.91506958007812,218.11184739176642,214.68786542619898,215.6914517829494,3735400
UNP,2025-11-10,220.2764434814453,221.0242051545741,217.18698536548845,217.50182685458003,4095300
UNP,2025-11-11,221.18162536621094,221.28000675970793,219.84351530654453,220.88645115935233,2698000
UNP,2025-11-12,219.95175170898438,223.40524949349896,219.9123871399002,221.18163176213997,1945700
UNP,2025-11-13,217.91506958007812,220.02062369283078,217.393601623171,218.8104258884223,2682200
UNP,2025-11-14,219.43028259277344,220.6207980704714,216.87212609063127,218.15120434170237,2886400
UNP,2025-11-17,217.4427947998047,220.08949909336883,217.31488246923288,219.26302329548403,2921100
UNP,2025-11-18,217.2657012939453,218.3971849553718,216.35066271314915,218.14137530503817,3863100
UNP,2025-11-19,217.6100616455078,218.41687019029382,216.4293797625974,217.74780761496095,3396500
UNP,2025-11-20,217.64942932128906,219.88288078549132,216.90165260800117,217.99378674324305,3955100
UNP,2025-11-21,222.5787811279297,223.77914530091792,218.121696867625,218.74156123931795,3595600
UNP,2025-11-24,220.88645935058594,222.94281521309085,218.91865124946713,222.94281521309085,4483200
UNP,2025-11-25,225.4419403076172,225.75678179749715,221.6342214162525,222.10650617084906,2582500
UNP,2025-11-26,226.9473114013672,228.09847733638395,224.753194563998,225.31402707790028,3233700
UNP,2025-11-28,228.09848022460938,228.7183445871535,226.76037010134843,227.2129575619485,1207600
UNP,2025-12-01,227.6360321044922,230.351601764368,227.41957202147486,227.73442851065778,3463000
UNP,2025-12-02,228.5018768310547,230.04659834791286,225.67806206217952,227.8623302050462,5190100
UNP,2025-12-03,231.44374084472656,232.063605188037,228.60025879767525,229.03317897311848,3576500
UNP,2025-12-04,233.4705810546875,233.89366759513507,230.54839989293825,231.92585953191715,3162200
UNP,2025-12-05,232.87680053710938,234.61861111628275,232.55021105351437,233.32214434164538,2494700
UNP,2025-12-08,233.0054473876953,234.9055919158113,231.7089957904656,232.3423772998376,2461800
UNP,2025-12-09,229.1655731201172,232.3423870606021,229.10619596065135,231.7386941043545,3785200
UNP,2025-12-10,233.02525329589844,234.3217049403566,229.45258157824333,229.6109156355995,4938300
UNP,2025-12-11,233.6784210205078,233.75759560100164,230.32347556474338,231.3824185902153,2888600
UNP,2025-12-12,237.4688262939453,237.50842113589223,232.7976316107125,233.3716360108818,2928000
UNP,2025-12-15,237.9834442138672,238.67620291073675,235.6775355434959,237.5183029957533,3289100
UNP,2025-12-16,233.44090270996094,239.02258204499938,232.7283466160406,239.02258204499938,2755700
UNP,2025-12-17,234.29202270507812,235.47961122294566,232.10486831135782,232.85700418243889,2530100
UNP,2025-12-18,231.99600219726562,235.54887654586625,231.6595215566699,234.35139688344995,3053400
UNP,2025-12-19,231.80796813964844,233.06484008302795,229.64061115965782,231.99600588326513,4721900
UNP,2025-12-22,232.1840362548828,232.7877292068495,230.1057450822744,232.3126968334844,2095600
UNP,2025-12-23,231.72879028320312,232.7976244678608,230.8381026798253,232.25330866534895,1980700
UNP,2025-12-24,232.61949157714844,233.03514679627165,231.4022144996442,231.4022144996442,921900
UNP,2025-12-26,231.02613830566406,232.51062769837418,230.3234733486715,232.23352421981554,902500
UNP,2025-12-29,232.1048583984375,232.23351897522238,230.67974619745834,231.02613308833762,1554100
UNP,2025-12-30,230.65005493164062,232.2038276913056,230.51150319710416,231.5605399158812,1884300
UNP,2025-12-31,228.92807006835938,231.07562962714948,228.77961206506527,230.72924272047055,1768600
UNP,2026-01-02,229.511962890625,230.3135847554598,227.265431356342,228.95775592733216,2569900
UNP,2026-01-05,229.57135009765625,232.0158106399493,227.68109654291004,228.63117645085305,2560800
UNP,2026-01-06,231.2042694091797,231.85744836515406,228.80929500494733,229.0963047436362,2240400
UNP,2026-01-07,222.15878295898438,232.8174210878671,222.1390006396935,231.48137458638618,4476700
UNP,2026-01-08,227.4732666015625,228.58168052855495,222.0004501855264,222.16869050651584,2198200
UNP,2026-01-09,226.0778350830078,229.06661121924745,224.5141711468561,228.22539454249906,2620800
UNP,2026-01-12,227.1268768310547,227.31491457008246,222.67340865789674,223.67295941150968,3279400
UNP,2026-01-13,226.91903686523438,228.37383764573073,225.4543449253697,227.8592255404581,2249700
UNP,2026-01-14,224.79129028320312,227.997792956841,223.51463599058326,224.97932803117988,3015200
UNP,2026-01-15,228.1264190673828,228.37383395665415,224.66261061758408,225.4246527048216,2426800
UNP,2026-01-16,227.1169891357422,229.52185473744606,226.5429847503256,227.65139868022953,3863400
UNP,2026-01-20,219.39764404296875,225.642393842357,217.7053194447078,222.3072457481498,6026700
UNP,2026-01-21,227.0180206298828,227.5524301825986,220.8425391374598,221.15923746574134,3477800
UNP,2026-01-22,228.9775390625,230.44224615757182,226.91904526221631,227.09719184448494,3785800
UNP,2026-01-23,227.2753143310547,231.26364119219676,226.93883370131718,229.52184578443214,3189000
UNP,2026-01-26,228.50250244140625,229.8781286693343,227.01801305439005,227.4732631108514,4165200
UNP,2026-01-27,230.1453399658203,234.43056778944202,226.80028572960134,232.5700029336506,5212400
UNP,2026-01-28,225.3553924560547,231.90693412618236,225.27621787653263,229.35361056537258,4248100
UNP,2026-01-29,231.16468811035156,231.35272584801564,225.54341380447602,227.48315323916023,3539900
UNP,2026-01-30,232.66897583007812,232.93617304686063,228.26497857035275,230.06616627403474,3841100
UNP,2026-02-02,232.79762268066406,233.30235873957614,228.34415449595014,232.46114204206071,5532400
UNP,2026-02-03,238.99290466308594,239.73514937061023,231.5803487475807,232.38197061554578,4636700
UNP,2026-02-04,247.17738342285156,249.0577457779488,240.03203969569856,240.03203969569856,5382000
UNP,2026-02-05,248.8498992919922,249.52287566140694,245.94029769986034,248.0779660248152,4418600
UNP,2026-02-06,250.00779724121094,250.6708673449688,247.25654482818302,249.28534997905786,4345000
UNP,2026-02-09,251.7100067138672,252.30380848519235,246.49451174998785,249.10721236200723,3412100
UNP,2026-02-10,258.61785888671875,258.84546126980035,251.46260896859147,252.2048536828448,4828100
UNP,2026-02-11,260.0924377441406,261.19097560807825,258.11311853893307,259.5778256235118,4634600
UNP,2026-02-12,259.0632019042969,262.62598276991804,256.9651282284357,261.7056065218874,5965900
UNP,2026-02-13,257.98443603515625,260.3200482038719,255.49050492125022,258.15269144218706,3976700
UNP,2026-02-17,260.08251953125,261.4284722339846,257.79640837045577,258.2912381490175,3257800
UNP,2026-02-18,262.2597961425781,262.32907956362754,257.87561132724414,258.44960061104723,3266200
UNP,2026-02-19,260.25079345703125,262.8931979513964,259.3996704723162,262.50721619969636,3243200
UNP,2026-02-20,263.3484191894531,264.40736218415765,258.8256676790715,259.9736764113661,3374900
UNP,2026-02-23,261.0326232910156,265.0407325522892,259.88461454163524,263.4078002681412,2758900
UNP,2026-02-24,263.90264892578125,264.486544501749,261.06233052996527,261.06233052996527,2385400
UNP,2026-02-25,261.5175476074219,265.11001676449314,258.8157660441831,264.0906685911711,3540000
UNP,2026-02-26,262.7051696777344,263.8432722500133,261.1018956536539,262.2103398461335,3821900
UNP,2026-02-27,263.6104431152344,265.0032010445482,260.18822056900854,261.43175985586834,3819800
UNP,2026-03-02,265.59014892578125,266.7541150609136,260.9741165031813,263.6104440889386,2687500
UNP,2026-03-03,264.4659729003906,264.54557641305126,257.243487298593,262.1878005180332,3146100
UNP,2026-03-04,265.3215637207031,265.6001153163636,260.9144372595739,264.8440336882079,2327600
UNP,2026-03-05,258.85516357421875,265.5105886128012,257.9896346832292,263.7198737305803,3137600
UNP,2026-03-06,252.79661560058594,258.55668290832205,250.69752067346437,258.55668290832205,4099100
UNP,2026-03-09,252.29920959472656,253.36367137356353,246.3700073571608,249.95140671943858,2863900
UNP,2026-03-10,248.91677856445312,253.20449959526175,248.63821179876464,251.26458134442203,2320000
UNP,2026-03-11,249.81211853027344,250.0110817783262,245.27568968300983,248.91677632407453,2228300
UNP,2026-03-12,242.83836364746094,247.52401128836948,241.99275084079613,246.9768509534642,3028500
UNP,2026-03-13,241.1869354248047,244.87775154628514,239.34649119888962,244.39029385849886,2785400
UNP,2026-03-16,240.9581298828125,244.35049355817793,240.67956311394306,243.9028224459373,2218000
UNP,2026-03-17,241.06756591796875,244.47983052871024,239.04804409496916,243.9426282211603,2465600
UNP,2026-03-18,235.34727478027344,241.17697229071254,234.82000016558462,240.3313746971832,2974200
UNP,2026-03-19,232.96961975097656,235.10851645876937,230.52234290494107,234.99908439297604,3514400
UNP,2026-03-20,233.70579528808594,234.9095479850568,231.83550736152466,233.1884786994774,5047600
UNP,2026-03-23,237.13796997070312,239.72453783548838,236.37196067699094,238.03332739155496,2434100
UNP,2026-03-24,238.43124389648438,240.4905522160864,234.27285585968815,235.81483241213672,2481600
UNP,2026-03-25,240.08267211914062,241.15709189092968,237.34688567187646,240.29157821981119,2800600
UNP,2026-03-26,237.9537353515625,240.3413247435117,237.04843509497852,238.11291202567196,2225700
UNP,2026-03-27,237.5557861328125,239.91354690100937,237.0683284562051,237.38666661440558,2675000
UNP,2026-03-30,237.99351501464844,241.19687338338488,237.62543224889862,240.40100521588667,2770500
UNP,2026-03-31,241.36599731445312,242.47026081181141,236.89921389732947,239.54545397124497,4177200
UNP,2026-04-01,241.86341857910156,244.85787097500437,240.7492122066298,241.8733766088065,2444500
UNP,2026-04-02,243.44520568847656,243.5645806023904,238.75954297836017,239.23705781393846,2327900
UNP,2026-04-06,244.27090454101562,244.6091587665853,241.3461128652253,242.17180960020877,1450900
UNP,2026-04-07,244.8379669189453,245.47465843494336,242.07233672321092,243.6640579232445,2878900
UNP,2026-04-08,247.8224639892578,251.31431692627996,245.74326989461875,249.195336252667,3297300
UNP,2026-04-09,249.85191345214844,250.82685920603578,246.81768966318418,247.72297474904627,2999100
UNP,2026-04-10,249.21522521972656,250.92633655657997,247.98164391636027,249.70269810310668,2431600
UNP,2026-04-13,250.04092407226562,250.67761557033603,247.38472601719428,249.7026850345238,1590900
UNP,2026-04-14,250.7373046875,251.42374079682645,247.77271130308762,249.80217590282868,2264700
UNP,2026-04-15,246.748046875,250.7174298823144,245.71342883129824,250.53835232518088,2971200
UNP,2026-04-16,249.7723388671875,250.00114584978624,245.60399267242357,246.18099673369602,2639000
UNP,2026-04-17,249.8419647216797,254.766377264169,249.682788049699,251.1352486166574,4482800
UNP,2026-04-20,250.8765869140625,252.26936004723888,247.53396782625492,250.09067675042462,2637200
UNP,2026-04-21,249.95140075683594,252.2096723891767,247.2156142808905,252.2096723891767,3233000
UNP,2026-04-22,248.1109619140625,253.44325918687744,247.62350421015518,251.93112628587397,3844700
UNP,2026-04-23,269.8580017089844,269.8580017089844,253.68203184556302,261.40193398079896,8477300
UNP,2026-04-24,267.31121826171875,273.3697380471092,267.01275061583226,271.4696063663952,3565700
UNP,2026-04-27,267.5201416015625,269.4202734047253,264.3864284568094,268.05735911090096,2829300
UNP,2026-04-28,266.3561706542969,270.1166324330923,265.54043191444356,270.02710124310283,2703900
UNP,2026-04-29,263.4114685058594,266.41584853694303,261.7401589664425,265.44093315220636,3243900
UNP,2026-04-30,268.0871887207031,268.8333123044324,261.8396484606704,262.9737405208188,3317000
UNP,2026-05-01,264.9435119628906,268.36573448813084,264.6052729221204,268.36573448813084,2069200
UNP,2026-05-04,262.0485534667969,265.43097429357977,260.60603573368473,264.32672596700746,2778000
UNP,2026-05-05,262.64544677734375,263.6900076000181,260.5861384996597,263.0334152349661,1768000
UNP,2026-05-06,266.8436584472656,268.8830508345548,263.7497167615501,264.0680701210808,3019900
UNP,2026-05-07,263.5209045410156,267.4405123322394,262.7349792329996,266.76403426551815,2032500
UNP,2026-05-08,263.2821350097656,264.8241419605182,261.5511380161228,262.76483358955585,1787800
UNP,2026-05-11,261.9888610839844,265.6199897027077,261.97890305461266,264.2570755119957,1609700
UNP,2026-05-12,264.22723388671875,265.6001061177291,259.6908049945905,263.0831838141587,2542400
UNP,2026-05-13,263.2821350097656,267.20177331938476,262.47632397066667,263.7994667898216,1866400
UNP,2026-05-14,267.9479064941406,268.03743768392974,262.3171566885722,263.9984243142564,3947000
UNP,2026-05-15,269.1615905761719,269.32076724892465,265.7393680116026,267.60965596664,3314100
UNP,2026-05-18,273.7079772949219,274.9714022865616,268.17671695065087,269.59931861491265,3197000
UNP,2026-05-19,270.15643310546875,274.0561858484469,269.7684646170762,272.0864085970657,2578700
UNP,2026-05-20,264.4261779785156,273.21055637499245,263.32192968052686,268.57463833764007,3795100
UNP,2026-05-21,264.06805419921875,267.2515268828849,262.5559213723924,263.6104402473896,2308800
UNP,2026-05-22,264.50579833984375,267.0028350658287,263.0732385821314,264.47595460988504,2597300
UNP,2026-05-26,269.6988220214844,271.25075671140274,264.77439402011225,264.8440395105202,3092300
UNP,2026-05-27,277.94598388671875,278.2543792190796,271.1612258550837,271.1612258550837,4045800
UNP,2026-05-28,265.6199951171875,274.8619877177148,263.4711555584512,274.2352390514359,6081800
UNP,2026-05-29,262.6400146484375,269.010009765625,259.510009765625,264.2900085449219,6342500
UNP,2026-06-01,263.5,263.7900085449219,258.6600036621094,260.19000244140625,2578700
UNP,2026-06-02,264.67999267578125,266.239990234375,262.3699951171875,263.5400085449219,2523500
UNP,2026-06-03,262.1300048828125,267.2200012207031,262.1300048828125,263.9599914550781,2876300
UNP,2026-06-04,263.8999938964844,268.8299865722656,260.6199951171875,267.1199951171875,2325200
UNP,2026-06-05,272.32000732421875,274.1300048828125,264.489990234375,264.489990234375,2784100
UNP,2026-06-08,268.6700134277344,274.0,268.3900146484375,271.7799987792969,2424400
UNP,2026-06-09,271.2799987792969,271.5199890136719,267.82000732421875,269.4100036621094,2848700
UNP,2026-06-10,267.0299987792969,272.7699890136719,266.6400146484375,270.4800109863281,1914000
UNP,2026-06-11,268.2799987792969,269.75,264.55999755859375,267.54998779296875,2908500
UNP,2026-06-12,272.70001220703125,273.739990234375,267.75,269.9700012207031,1927100
UNP,2026-06-15,267.32000732421875,272.6400146484375,267.0400085449219,272.3900146484375,2552700
UNP,2026-06-16,267.45001220703125,270.7900085449219,266.20001220703125,269.489990234375,2011300
UNP,2026-06-17,258.04998779296875,266.3500061035156,255.49000549316406,265.92999267578125,3676100
UNP,2026-06-18,256.8800048828125,263.67999267578125,256.1199951171875,258.0799865722656,3443000
UNP,2026-06-22,259.9100036621094,262.6400146484375,255.22000122070312,256.5400085449219,2323200
UNP,2026-06-23,258.6099853515625,262.8699951171875,258.1300048828125,261.0400085449219,2090000
UNP,2026-06-24,259.9599914550781,263.2900085449219,258.3999938964844,260.9200134277344,3236900
UNP,2026-06-25,267.7300109863281,267.9800109863281,262.010009765625,262.010009765625,3089400
UNP,2026-06-26,268.3500061035156,270.7799987792969,266.739990234375,269.5400085449219,4584200
UNP,2026-06-29,272.70001220703125,273.5,268.2099914550781,268.29998779296875,2828200
UNP,2026-06-30,272.0,273.3399963378906,268.7799987792969,273.2900085449219,3219900
UNP,2026-07-01,277.7300109863281,278.79998779296875,270.0,270.760009765625,2223300
UNP,2026-07-02,282.25,282.79998779296875,278.5799865722656,279.0,2272500
UNP,2026-07-06,282.5899963378906,283.989990234375,279.42999267578125,282.80999755859375,2393300
UNP,2026-07-07,283.1199951171875,285.7900085449219,280.20001220703125,284.42999267578125,2037000
UNP,2026-07-08,280.94000244140625,284.1199951171875,280.1600036621094,284.1199951171875,1944900
UNP,2026-07-09,285.0400085449219,285.42999267578125,280.9599914550781,282.0,2025700
UNP,2026-07-10,286.9599914550781,288.8999938964844,285.0,285.0400085449219,1876200
UNP,2026-07-13,289.1300048828125,290.4100036621094,286.67999267578125,289.8399963378906,2276600
UNP,2026-07-14,288.29998779296875,291.6600036621094,288.0,291.6000061035156,2945700
UNP,2026-07-15,288.3599853515625,289.1000061035156,285.45001220703125,288.239990234375,2602300
UNP,2026-07-16,299.4200134277344,300.05999755859375,290.1700134277344,290.9700012207031,3630800
UNP,2026-07-17,301.75,303.1499938964844,298.1000061035156,300.1300048828125,3521900
UNP,2026-07-20,296.25,301.989990234375,295.5199890136719,300.95001220703125,3295800
UNP,2026-07-21,293.1300048828125,296.8599853515625,291.6700134277344,296.8599853515625,2868100
UNP,2026-07-22,292.55999755859375,295.9200134277344,290.9100036621094,293.5,3381400
UNP,2026-07-23,304.3299865722656,315.989990234375,302.82000732421875,309.8999938964844,7447500
UNP,2026-07-24,307.32000732421875,309.32000732421875,302.6400146484375,304.489990234375,3661900
UNP,2026-07-27,299.29998779296875,306.70001220703125,296.9800109863281,306.70001220703125,3061600
UNP,2026-07-28,294.45001220703125,303.04998779296875,293.94000244140625,301.5400085449219,4835200
UNP,2026-07-29,292.19000244140625,295.4200134277344,290.5,295.4200134277344,3054900
UNP,2026-07-30,289.4599914550781,293.8699951171875,284.7900085449219,293.8699951171875,3453800
UNP,2026-07-31,292.1300048828125,293.94000244140625,287.9100036621094,289.70001220703125,2450205
