symbol,date,close,high,low,open,volume
V,2018-01-02,107.88824462890625,108.42528301303304,107.36062280034966,107.94477271516895,6080900
V,2018-01-03,108.96233367919922,109.09423735415372,108.02958420967491,108.30280811621554,6946100
V,2018-01-04,109.36746978759766,110.57345036663536,109.32035825101818,109.52763751082989,7805300
V,2018-01-05,111.9866943359375,112.11859799381457,109.68778969029083,110.22482806542187,8590500
V,2018-01-08,112.43892669677734,113.51301057126533,111.24237010354106,111.75114440570596,6660700
V,2018-01-09,112.22223663330078,113.0325060607637,111.79826162069794,113.0325060607637,6562400
V,2018-01-10,112.09976196289062,112.16571379434022,110.66765478254133,111.82653089311069,7490300
V,2018-01-11,112.91002655029297,113.04193740410172,111.81710943702151,111.9301728024816,5982100
V,2018-01-12,113.14559936523438,113.39056646022259,112.78757606349203,113.17387060513545,5585800
V,2018-01-16,113.42820739746094,114.88857842921459,112.97596838085474,114.17252493334361,8803800
V,2018-01-17,114.9262924194336,115.09588388638646,113.74857589565283,114.191391270497,7991500
V,2018-01-18,115.99092864990234,116.07572077690479,114.97337999661207,115.43504279389352,8661000
V,2018-01-19,115.6046142578125,116.49968284356949,114.86972053128522,115.93438052994918,8250700
V,2018-01-22,117.140380859375,117.140380859375,115.32198652592835,115.7648090240117,9355000
V,2018-01-23,117.44188690185547,118.25215640189607,117.02732840745027,117.39477536814185,5683300
V,2018-01-24,117.34767150878906,118.19562161346047,116.55624230602865,117.81875809503356,6425200
V,2018-01-25,117.97891998291016,118.21446326440032,117.4230341007239,117.77164074508514,7166400
V,2018-01-26,119.01530456542969,119.07183265066139,117.54551684372366,118.49710649010501,5604900
V,2018-01-29,117.62089538574219,119.54292951992001,117.47957516045848,119.41102585084798,6257900
V,2018-01-30,116.40550994873047,117.10271615322549,115.73656060390441,116.65989356786663,8154400
V,2018-01-31,117.04615783691406,117.28170109271801,115.92496963906012,116.62217566354111,7338200
V,2018-02-01,118.45000457763672,118.95877891978657,116.92368155118716,117.52667176672541,11169700
V,2018-02-02,113.91815185546875,116.56565594030813,113.72028918078182,116.56565594030813,13937700
V,2018-02-05,109.54646301269531,114.12542484700188,108.35933008395678,111.8359439298486,16623900
V,2018-02-06,113.03251647949219,113.34343535110519,106.70111162000592,108.53834642824486,19053300
V,2018-02-07,112.73101806640625,115.37852229962496,112.3164595830058,113.14556936159607,9294000
V,2018-02-08,107.27584075927734,112.8911921494406,106.97434562383941,112.61796105979201,12673400
V,2018-02-09,109.59357452392578,110.43210800648755,104.60005422686805,107.92593130248561,17695500
V,2018-02-12,111.61924743652344,111.9678468803499,110.12118848133841,110.97856944599208,11526300
V,2018-02-13,111.50619506835938,111.93017731476884,110.35674263191422,111.0351084756006,7803900
V,2018-02-14,113.84278869628906,113.95584487905452,110.70535023674927,110.81841360772574,9206400
V,2018-02-15,115.40950012207031,115.43781337164086,113.22929349644149,114.86208662795732,6921300
V,2018-02-16,115.00366973876953,116.07961651719623,114.73940311960864,114.79602962350731,6371400
V,2018-02-20,115.15467071533203,116.1362374793214,114.22029029917249,114.53175043789234,6182800
V,2018-02-21,113.6634521484375,115.92860583025801,113.6445790480759,115.19243250382948,7676100
V,2018-02-22,113.61626434326172,114.56007782503214,112.8989712816385,113.88997111706219,4994000
V,2018-02-23,116.02298736572266,116.0513006170259,114.4090672349113,114.73940050132443,5036900
V,2018-02-26,117.58972930908203,117.59916946099169,116.3910892426949,116.63648278726335,6270500
V,2018-02-27,116.43827056884766,118.25983085683463,116.41939026701185,117.69353701336587,7287200
V,2018-02-28,116.03243255615234,117.95781293637667,115.97579885036086,116.70253926876012,6780900
V,2018-03-01,113.63513946533203,117.03286640467765,112.89896613522507,116.3344464762076,8819600
V,2018-03-02,113.98434448242188,114.18255163885499,111.2378511524952,112.39873763603198,7581900
V,2018-03-05,115.03199768066406,115.43783781212402,112.7290974190849,113.68234395982994,5810200
V,2018-03-06,114.258056640625,116.31557029805587,113.88996996252398,115.92861051882994,7464400
V,2018-03-07,115.00366973876953,115.37175641556153,112.97446934060505,113.28592951349839,7254100
V,2018-03-08,115.3528823852539,115.91916902185474,114.3618753706585,115.10748886912761,6948900
V,2018-03-09,117.51419830322266,117.7784648802881,115.96634503693288,116.32499150570396,6397700
V,2018-03-12,117.25938415527344,117.95781131151891,116.54209109856644,117.74073104388037,8636000
V,2018-03-13,116.27781677246094,117.97668390092439,115.99467705153393,117.26882379751885,9479500
V,2018-03-14,115.69266510009766,117.07063200010754,115.05087160687276,117.07063200010754,7855000
V,2018-03-15,116.47600555419922,117.42925182514195,115.8058917587703,116.21173177536322,5861900
V,2018-03-16,117.53308868408203,118.02387571427843,116.40051541562534,116.8912952450965,9447100
V,2018-03-19,116.28726959228516,117.32546308357415,115.40952268040719,116.97625666964736,17387800
V,2018-03-20,117.89173126220703,118.13711755338404,116.37219116355334,116.44769076044842,7779700
V,2018-03-21,116.29667663574219,118.3919433257062,116.15510319979683,117.88228327673733,7359500
V,2018-03-22,113.24816131591797,115.78702151966976,112.97445458162257,115.33398794548873,10501500
V,2018-03-23,110.42616271972656,113.56906292530805,110.1996495303505,113.15378274418151,10024300
V,2018-03-26,113.86162567138672,113.95600555273361,111.18119959737301,112.39871230797785,8735400
V,2018-03-27,110.80370330810547,114.76771701934372,110.18078295880284,114.69221021323575,9008600
V,2018-03-28,110.4167251586914,111.43604533586853,109.51066517921996,110.36009866020089,9420400
V,2018-03-29,112.89895629882812,113.81444920604109,110.46391611084032,111.06795608295326,12918100
V,2018-04-02,111.73804473876953,113.09713805789542,110.19963180722581,112.5685977667224,9877100
V,2018-04-03,112.50254821777344,113.24816162688947,110.88862825654418,112.20996838408243,7084800
V,2018-04-04,113.07829284667969,113.370879927438,110.15247244417537,110.33179931295703,8425700
V,2018-04-05,114.3807601928711,115.15468697364877,113.60683341209341,114.20143332391541,6816000
V,2018-04-06,111.08684539794922,113.7861525676841,110.5394390438109,113.4275060321141,8383800
V,2018-04-09,112.11559295654297,113.88995952947964,111.96457935847619,111.96457935847619,7024800
V,2018-04-10,113.9371566772461,114.35243688431983,112.9178364602787,113.78614307441022,8947200
V,2018-04-11,113.04997253417969,114.82434640738106,112.89896612836633,113.24817249221759,5874900
V,2018-04-12,114.26750946044922,115.12638327172563,113.6257159401664,113.63515609213816,5666000
V,2018-04-13,113.96548461914062,115.58884505527267,113.87110470556394,114.89042505393418,9174300
V,2018-04-16,115.03199768066406,115.9663783186674,114.6827912610604,115.24907797453967,6903200
V,2018-04-17,116.8441162109375,117.27826956439564,115.63602886133255,116.0041227573972,5979600
V,2018-04-18,117.48591613769531,117.85400285323472,116.44771545209586,117.08950896650003,5171000
V,2018-04-19,116.9950942993164,117.71239441429441,116.23060784037965,117.3254275099234,7294100
V,2018-04-20,117.22163391113281,117.80680087385039,116.38164047153573,117.0895005970878,7479400
V,2018-04-23,117.46700286865234,117.94834966955456,116.93846972301795,117.31599648449568,8004300
V,2018-04-24,114.45625305175781,118.01443376388426,113.77671342148133,117.85398720676585,9434400
V,2018-04-25,114.3996353149414,114.53176863101324,112.66302190329688,114.33356865690548,8001200
V,2018-04-26,119.93982696533203,120.42116668851281,116.8252393881372,118.10882638473772,14345800
V,2018-04-27,118.92992401123047,119.92092372297398,118.3447571333025,119.33576404577053,6842700
V,2018-04-30,119.75106048583984,120.71375433807347,119.5434275537026,119.61892716505889,8449200
V,2018-05-01,120.34562683105469,120.40225332055614,118.45800037328898,119.73214679213613,6407300
V,2018-05-02,119.27914428710938,120.90251181571054,118.92049775914451,120.69486449852776,8515300
V,2018-05-03,120.03418731689453,120.29845391417378,118.27869383413982,118.74116037937851,6778600
V,2018-05-04,120.9591064453125,121.14786621013698,118.9865330594964,119.231926514347,5798400
V,2018-05-07,121.9972915649414,122.24269221893113,121.04404539779155,121.18561162013421,5737300
V,2018-05-08,122.60134887695312,122.66742272440322,121.10068910101697,121.8840559127101,5044700
V,2018-05-09,123.4885482788086,123.63956188707984,122.30878146690898,122.70518138753322,6119400
V,2018-05-10,123.63954162597656,124.34740159711765,123.37527505553307,123.91324114484733,6585800
V,2018-05-11,124.41349029541016,124.66830954640379,122.91281603231023,123.63955638852657,5437100
V,2018-05-14,123.8377456665039,125.05525844986946,123.32807843518056,124.98918460818221,5017000
V,2018-05-15,123.73395538330078,124.01708791161983,122.60136766422028,123.22428802942433,5532300
V,2018-05-16,123.5357437133789,124.01708339544402,123.20540324043485,123.72450352586814,5124200
V,2018-05-17,122.82675170898438,123.64919883018884,122.5242535316201,123.44122502249068,4911700
V,2018-05-18,122.82675170898438,123.21434057102138,122.01378154655767,122.53370164120828,6082700
V,2018-05-21,123.5168228149414,124.32034467028986,122.88345343792867,123.79096217156822,5591800
V,2018-05-22,123.5641098022461,124.57560555826504,123.36558412464974,123.83824919792426,6645500
V,2018-05-23,124.67012786865234,124.69848661533399,122.70383969270753,122.94962030547886,6569100
V,2018-05-24,124.6795883178711,124.98210087854238,123.36558003471492,124.61342271059476,6035200
V,2018-05-25,124.10293579101562,124.87811340567089,123.77206448240076,124.67013962732888,7509600
V,2018-05-29,122.59986114501953,123.88551063879277,122.00429857504894,123.26158932021332,10401900
V,2018-05-30,123.49791717529297,123.93277534518478,122.77000899778776,123.08196964528999,10631300
V,2018-05-31,123.57354736328125,124.38653179690516,122.87399792169117,123.5073673348668,11086000
V,2018-06-01,123.69644165039062,125.26567855596016,123.23322473738881,124.63230915936074,8323400
V,2018-06-04,125.79505920410156,126.2677241634474,124.24470428984102,124.72683178011125,7178000
V,2018-06-05,126.2582778930664,126.31499538755806,125.4452934813054,126.08812540959143,6198200
V,2018-06-06,128.82960510253906,128.85796385602447,126.3055750701732,126.67425329007845,8065800
V,2018-06-07,126.5229721069336,129.11318167111526,125.77616770435644,128.90520790339158,8309200
V,2018-06-08,127.373779296875,127.5439317863016,125.94632165414392,126.14484731640047,5261000
V,2018-06-11,126.5892105102539,127.79923239431072,126.49467169056877,127.525078471983,7988700
V,2018-06-12,127.48722839355469,127.74247158052394,126.23938563467719,126.7120507237198,5743300
V,2018-06-13,127.0523452758789,128.3474571748733,126.96726903841977,127.78970151637337,4881600
V,2018-06-14,127.61953735351562,128.28126540302333,127.38320487693504,127.58173050408217,6464100
V,2018-06-15,127.7140884399414,128.30963652968114,126.67421967279104,127.7140884399414,10044500
V,2018-06-18,128.7539825439453,128.8579694527733,126.78769381084966,127.02402638322276,8713300
V,2018-06-19,127.7235336303711,127.84643114311629,126.26773181419628,127.20359925866913,6557600
V,2018-06-20,128.0922088623047,129.21715381633615,128.0922088623047,128.11111950028408,7192000
V,2018-06-21,127.17527770996094,128.6783493494753,126.92003450290919,127.87482728963818,8689800
V,2018-06-22,127.93151092529297,128.42308656530946,126.920000899162,128.18675406476572,6031900
V,2018-06-25,123.77206420898438,127.53448842733835,122.448607826634,127.53448842733835,10086200
V,2018-06-26,125.30347442626953,126.47567420782036,124.41486205987535,124.8875269845881,7733900
V,2018-06-27,123.85717010498047,126.35284132172656,123.84770757099102,125.73836802078637,7282100
V,2018-06-28,125.48313903808594,125.84235471422826,123.50738790862802,123.83825925663238,6576500
V,2018-06-29,125.2089614868164,126.85384095680661,125.2089614868164,125.99358715456273,7259000
V,2018-07-02,125.2562484741211,125.77618295647959,123.98004696511329,124.74577652527422,7554400
V,2018-07-03,124.2636489868164,126.11650248212455,124.23529023544992,125.73836175624851,3621600
V,2018-07-05,126.0030288696289,126.04085014725476,124.62285515269647,124.90645703652633,4729300
V,2018-07-06,126.75933074951172,126.93894580634817,125.25625910218827,126.27721751110467,4839800
V,2018-07-09,128.11117553710938,128.53657131787924,127.42107398261506,127.5628821926028,8960700
V,2018-07-10,129.2172088623047,129.8222197140632,127.94100710996263,128.1584434778764,6561900
V,2018-07-11,130.59732055664062,131.22124175560674,129.13207074411514,129.16042948728727,10648700
V,2018-07-12,132.25167846679688,132.29894785787582,131.0794783457599,131.41033523412653,11816100
V,2018-07-13,131.79795837402344,132.37461047635543,130.02073266363698,132.14772599483905,7865700
V,2018-07-16,130.89041137695312,131.9208177192026,130.60680946336902,131.79792019091124,4969900
V,2018-07-17,132.00588989257812,132.261133049387,129.90725599124303,130.6257016488401,5412600
V,2018-07-18,133.1969757080078,133.45221881714846,131.7506221305264,132.2611083488077,7008600
V,2018-07-19,132.46908569335938,133.28206999778635,132.2800081705612,133.2442487233908,7937000
V,2018-07-20,133.28211975097656,133.73587424097778,132.2706094398584,132.34623759229112,7153600
V,2018-07-23,132.37461853027344,133.26323143953152,132.00594024075122,132.97018131511612,7723600
V,2018-07-24,132.37461853027344,133.73589665300094,131.88304266937794,133.28214208695763,8336700
V,2018-07-25,134.84185791015625,134.96475541443866,132.2516487615078,132.66759623022693,8376000
V,2018-07-26,134.70956420898438,134.98370364195617,131.90193213781896,133.868220841084,10520800
V,2018-07-27,133.01742553710938,135.31457111584382,131.59943016517113,135.25785360890146,7014900
V,2018-07-30,129.0186309814453,132.74323339181316,127.91259664136903,132.46909404581436,12812400
V,2018-07-31,129.2644500732422,130.47447151286033,128.21513302838343,129.63312825524156,7683300
V,2018-08-01,130.69190979003906,131.15512681506056,129.89783582536953,130.20979654533153,7087700
V,2018-08-02,131.3252716064453,131.58051480312827,129.51023932639893,129.93563503780766,12300000
V,2018-08-03,132.17605590820312,132.21386276378126,130.39883077959823,131.6750177057967,4617500
V,2018-08-06,132.07208251953125,132.59200256596336,131.44816115430058,132.01535059347927,5143000
V,2018-08-07,132.6109161376953,132.9985049723493,132.2233273030413,132.32731419954374,10034500
V,2018-08-08,132.98902893066406,133.28209337256246,132.1855070162106,132.327300758587,5389500
V,2018-08-09,132.3556671142578,133.518433566944,132.25168022234098,133.03630596596915,5679300
V,2018-08-10,132.0909423828125,133.04573480989734,131.63718807143337,132.23275052202374,6523500
V,2018-08-13,132.54470825195312,133.51839687020114,132.18547828322852,132.8472063114666,4817500
V,2018-08-14,133.06463623046875,133.2820725008522,132.23275569781086,132.6297925388819,5888700
V,2018-08-15,132.27056884765625,132.9984769699145,131.24961074002658,132.67706823915813,5288400
V,2018-08-16,133.16055297851562,133.95583498047972,132.94280424342261,133.55820120263624,5931700
V,2018-08-17,133.80430603027344,134.1640759940043,133.08478054908394,133.28359014757672,7699600
V,2018-08-20,133.43508911132812,134.05994824246076,133.20786366920518,134.0031310472246,4662200
V,2018-08-21,132.5829620361328,133.9273607465457,132.35575111312048,133.49184906698994,6854300
V,2018-08-22,133.62448120117188,133.9937136394311,132.4031783504002,132.4031783504002,4191700
V,2018-08-23,134.53334045410156,134.86469467962579,133.27415972604788,133.50137075011574,4426800
V,2018-08-24,136.52151489257812,136.6919376140782,134.74163252859907,134.74163252859907,5714000
V,2018-08-27,137.6575927734375,137.84695453479236,137.0043467033501,137.26943583371795,7194900
V,2018-08-28,137.46826171875,138.3866114741061,137.1558321110878,137.87537221828893,4925700
V,2018-08-29,139.20082092285156,139.45644777921615,137.67655098809055,137.7144291241396,5192900
V,2018-08-30,138.92623901367188,139.8445885869737,138.56646903139236,139.001980822903,7804600
V,2018-08-31,139.0682373046875,139.77830047040268,138.6990050363665,138.9262304500533,5786600
V,2018-09-04,139.9298095703125,139.98661232251385,138.85997624960476,139.10612632456883,7638100
V,2018-09-05,135.072998046875,139.94877561398408,134.9593925205729,139.17243266084643,11363400
V,2018-09-06,136.80551147460938,136.99485877424698,134.94987326710577,135.6599364754515,9589200
V,2018-09-07,135.5747528076172,136.74872935648938,135.14871770760132,136.3226942564735,13626200
V,2018-09-10,136.4078826904297,136.74871362047716,135.5842139620956,136.45522312860058,5362700
V,2018-09-11,137.7428436279297,137.77124500953465,135.6221156416688,135.82093975918102,9895900
V,2018-09-12,138.7653350830078,138.98308382152715,137.3452082342448,138.0836730398994,6964100
V,2018-09-13,139.76885986328125,140.18543262991653,139.25760621467458,139.31440896534767,5803400
V,2018-09-14,139.9676513671875,140.4694281948608,139.5037526659079,140.03393086524028,4928300
V,2018-09-17,138.3960723876953,140.02448547686078,138.0647181620234,139.95822041023666,7708600
V,2018-09-18,139.76885986328125,140.20435724929135,138.17831061306242,138.41499837171662,5692100
V,2018-09-19,139.5700225830078,140.89548257381585,139.40907665590518,140.38422897358592,7432300
V,2018-09-20,141.29312133789062,141.529809082693,139.36174125039,140.10968261387868,7172700
V,2018-09-21,142.0599822998047,142.25879190850037,141.3972595270307,141.96530142671998,15628100
V,2018-09-24,141.1700439453125,141.68128313531656,139.42802555073138,141.2173843851566,6706700
V,2018-09-25,141.61497497558594,141.9747448733753,141.16053867319434,141.73805719246536,4230700
V,2018-09-26,141.32151794433594,142.4102757551902,141.10375482514667,142.01264209088848,5852400
V,2018-09-27,142.03155517578125,142.61853603291814,141.59604346333523,141.91793525942512,5868500
V,2018-09-28,142.09783935546875,142.36292845221763,141.58660022495943,141.83275025871987,6035900
V,2018-10-01,142.76055908203125,143.48956130582926,142.5901508575515,142.85523994870132,9802100
V,2018-10-02,141.7002410888672,142.80793818675812,141.226865519874,142.80793818675812,8047500
V,2018-10-03,141.41616821289062,142.68482531644486,141.2457599960637,142.68482531644486,7521100
V,2018-10-04,138.94515991210938,141.33097627707235,138.32031528365576,141.23629540649955,9208900
V,2018-10-05,137.6197052001953,139.5605473469882,136.71081802079334,138.8315451418835,7085700
V,2018-10-08,134.33450317382812,137.28836176692874,132.71555255490227,137.28836176692874,11637300
V,2018-10-09,134.73214721679688,135.6599592531948,133.60551109231884,133.92741744665213,10798000
V,2018-10-10,128.3037109375,135.09191447563776,128.01022041288948,134.97830896837564,15450100
V,2018-10-11,126.60899353027344,129.93209842749206,125.21726855466896,126.9498244313658,15657200
V,2018-10-12,132.6019744873047,133.47298388223072,130.11201413851705,131.10610581571086,12993300
V,2018-10-15,129.9226531982422,132.60196062295796,129.91319088762526,132.45047697543268,7953000
V,2018-10-16,134.19248962402344,134.57118423897631,131.29541947916707,131.32383529924843,11059500
V,2018-10-17,134.86468505859375,135.2528564587191,133.23627208632246,134.76054186456682,9170600
V,2018-10-18,131.8729705810547,134.87418464988173,130.6043274181365,134.87418464988173,10222600
V,2018-10-19,132.6209259033203,134.61857175528775,131.9582028722531,132.45050315460097,8696900
V,2018-10-22,133.15109252929688,134.00316285855354,132.0812590156244,133.46352216903162,6099500
V,2018-10-23,131.7119903564453,132.58299951550975,128.36996058721357,129.60073973777523,10736100
V,2018-10-24,127.11075592041016,132.71551886611226,126.86460591555978,132.26108253166902,13849600
V,2018-10-25,133.0374298095703,133.3971852991614,125.4444841574965,128.23739619854126,14985900
V,2018-10-26,130.405517578125,132.4220878429679,128.81496802457593,130.63272862414837,12034900
V,2018-10-29,127.17709350585938,133.9747603520763,125.22678829808744,132.17593880707506,12768200
V,2018-10-30,125.69065856933594,127.67884146382161,122.87880692103923,125.99362582598187,15107600
V,2018-10-31,130.50962829589844,131.71199163848493,127.80191991681622,127.80191991681622,13205300
V,2018-11-01,133.33096313476562,133.36882682353706,130.1688178332852,131.59840683638814,16024000
V,2018-11-02,132.33688354492188,133.91795633884067,130.50966063600848,133.59606439316843,17063100
V,2018-11-05,132.35580444335938,132.74397585493736,130.71792911286147,132.35580444335938,6280000
V,2018-11-06,133.29310607910156,133.40672605593562,132.28008972366175,132.3558315594584,4732700
V,2018-11-07,137.0706024169922,137.18420790903988,134.74160315237532,134.76052777020118,20502100
V,2018-11-08,137.4966583251953,137.7144214796991,136.00078985236775,136.90021495515435,5927400
V,2018-11-09,136.2659149169922,136.8718496496234,134.7795228090588,136.5215418265361,8339800
V,2018-11-12,132.28004455566406,135.9913065647956,131.75932864128794,135.78302019904515,11335100
V,2018-11-13,132.28004455566406,134.34395470284375,131.60784502141976,132.8765022799743,6287000
V,2018-11-14,132.06228637695312,135.00668221222946,131.03979368583794,134.45756496443028,6613900
V,2018-11-15,134.52828979492188,134.59468831327655,130.81984281708634,131.69243049487102,8565000
V,2018-11-16,132.95376586914062,134.52819695606803,132.70717398302833,133.18139916784713,8628000
V,2018-11-19,127.81324768066406,133.3237599805018,127.3295428953044,133.22890909448773,16253000
V,2018-11-20,126.49491882324219,127.59512557472523,122.86234936647314,123.59266076712149,12720200
V,2018-11-21,127.49076080322266,128.7806545308557,126.74149100371021,127.43385606809657,7416300
V,2018-11-23,126.0206527709961,127.32951950201246,125.66025130922586,125.75508770560302,3676000
V,2018-11-26,128.93240356445312,129.4825067629719,127.32951940315395,127.6614829707429,9144600
V,2018-11-27,128.9039764404297,129.28335104435453,127.20624107816434,128.30644769064526,7877900
V,2018-11-28,134.0919952392578,134.2437363870541,129.81447234256203,130.00417410367922,11265100
V,2018-11-29,131.9295654296875,133.44707864014106,131.55967004696643,133.43759933830287,8751500
V,2018-11-30,134.4049530029297,134.92658930216018,131.48372315507777,131.8441245744468,11362800
V,2018-12-03,137.5253448486328,138.20823047738202,136.43463238526843,137.5253448486328,11285600
V,2018-12-04,131.49325561523438,136.90891758650312,131.36047304447513,135.75180612465186,13988900
V,2018-12-06,133.77899169921875,133.83589643313883,126.59921201060665,128.078792981373,16391900
V,2018-12-07,130.04209899902344,134.8033264052583,128.97983865871734,133.56085808460492,14007700
V,2018-12-10,130.77239990234375,131.14229513253412,127.90807445674551,129.22642047944555,15744300
V,2018-12-11,129.75753784179688,132.8305233171954,128.91341729839854,132.7261931613952,12466300
V,2018-12-12,130.69651794433594,133.6177480289959,130.64909251177713,132.11919408783987,10387200
V,2018-12-13,130.44992065429688,131.95796847130364,129.13157458086107,131.17075254655978,8780900
V,2018-12-14,128.12623596191406,129.6722156487588,127.61407881429042,128.69531232346304,9351200
V,2018-12-17,124.62643432617188,127.50023920757779,123.95304233562017,127.29159333764905,11796200
V,2018-12-18,125.82147216796875,127.25362750168604,125.00580399464809,125.47053557112248,12761900
V,2018-12-19,124.49364471435547,128.8660034080638,122.84334961219129,126.07755578718029,13819000
V,2018-12-20,122.12255096435547,125.20501685101783,120.59555144387366,123.45039110655405,18091700
V,2018-12-21,117.85453033447266,123.61162795933515,116.61205452961295,120.62400568343718,25448600
V,2018-12-24,115.45490264892578,118.75550691132446,115.33159943135344,115.78685893449686,8617700
V,2018-12-26,123.51676940917969,123.52626318137584,116.65947274631147,116.6784385823832,13499500
V,2018-12-27,125.20500946044922,125.20500946044922,119.99801557306203,121.39223968035473,10883000
V,2018-12-28,124.1901626586914,126.73200411373728,122.9761466693841,126.21984699758445,7381300
V,2018-12-31,125.13859558105469,125.61282096102096,123.51673841379758,124.89198912125777,7976000
V,2019-01-02,126.06806945800781,126.84580600427446,122.91922055588368,123.29859505949057,8788000
V,2019-01-03,121.5250244140625,124.51263910684678,121.2879044413156,124.44625506613818,9428300
V,2019-01-04,126.76045227050781,127.65199839882509,123.42191564696067,123.71593309944579,11065800
V,2019-01-07,129.0461883544922,130.0989691159746,127.13031406007575,127.51918228553498,12928000
V,2019-01-08,129.7480926513672,131.06643889091526,128.95139732794524,130.8577785244648,9243000
V,2019-01-09,131.27505493164062,132.28988957833715,130.52577083087388,131.17072478364304,9987600
V,2019-01-10,131.5216827392578,131.66395905560867,129.33076350624765,129.75756351087617,12514900
V,2019-01-11,130.94314575195312,131.4553174081564,130.32665837667912,130.64912825075433,5860100
V,2019-01-14,130.0326385498047,131.0095419269929,129.60582401986431,129.92830836038584,8666700
V,2019-01-15,130.26028442382812,130.6207005111842,128.27802488780335,129.89988280868886,7594900
V,2019-01-16,130.26028442382812,131.71141360304404,130.00421301964894,131.26564038096157,7258000
V,2019-01-17,130.20333862304688,130.8008673222049,129.5489051853428,129.9093211590841,5864900
V,2019-01-18,131.36041259765625,131.4552634497869,129.59629384236618,131.1802046619329,10263500
V,2019-01-22,130.93362426757812,132.32784797818726,129.91877505457023,130.7913479768206,8102300
V,2019-01-23,129.94725036621094,131.81569976488365,129.13158202733752,131.61653318374465,5465800
V,2019-01-24,130.6016845703125,131.18973396281936,129.4825194675305,130.0421020189215,4924800
V,2019-01-25,131.5216827392578,132.6882732778323,130.60168422126128,131.83467326857527,9756300
V,2019-01-28,128.97984313964844,130.42147808808767,127.8606635517627,130.42147808808767,9857200
V,2019-01-29,128.0408172607422,129.6437009183,127.19669689620775,129.54885007959479,7457700
V,2019-01-30,130.50685119628906,130.79137489193644,128.5245777926004,129.08417482920254,8078100
V,2019-01-31,128.05032348632812,128.73320914644802,126.42848089770018,127.46228868486175,20095700
V,2019-02-01,132.9253692626953,133.11507099394413,128.28744558898134,128.41074881985105,13248300
V,2019-02-04,134.20584106445312,134.22481414014572,132.00542739503638,132.58398318982128,11882700
V,2019-02-05,135.18270874023438,135.58105639076572,134.51879598934883,134.68003090940587,8455700
V,2019-02-06,134.19635009765625,135.07840266576804,133.7790293019932,134.64212326827678,6146900
V,2019-02-07,132.9443817138672,133.78850256803113,132.0338768118686,132.70726895177378,10675300
V,2019-02-08,133.1435546875,133.16251328731764,131.37943526614893,131.54067019788042,5950700
V,2019-02-11,133.5419158935547,134.95509875043277,133.20995222434416,133.97819528896932,7600100
V,2019-02-12,134.67056274414062,135.43880573883825,133.96870379391362,134.48086096630743,6090000
V,2019-02-13,136.09326171875,137.24087951420157,135.50521216034267,135.5241852357019,6885600
V,2019-02-14,136.01722717285156,136.32125366309802,135.2951370757558,135.84620049289174,6314000
V,2019-02-15,137.6798858642578,137.6798858642578,136.64427363873358,137.3378470698911,6536000
V,2019-02-19,137.23338317871094,137.65143235221166,136.83434019422603,137.21437698969515,8406700
V,2019-02-20,137.50885009765625,137.61336234726593,136.35922984941823,137.14781964238787,5283100
V,2019-02-21,136.81532287597656,137.79393131730546,136.03622866192342,137.1478659180672,8573400
V,2019-02-22,138.59201049804688,138.98155758617594,137.2143591715251,137.2143591715251,9680800
V,2019-02-25,138.7725372314453,139.85565793792313,138.5350106335557,139.58013346325927,9731200
V,2019-02-26,139.70359802246094,140.04563680682438,137.78439409114236,137.95540623458962,7332500
V,2019-02-27,139.87464904785156,140.13118180521295,138.63950797246764,139.1905713598688,9731200
V,2019-02-28,140.72976684570312,141.39485297811026,139.8841726604012,139.91267469493587,6250200
V,2019-03-01,142.0124053955078,142.44944622285462,140.97679289432384,142.00290955055615,7016800
V,2019-03-04,140.57774353027344,142.69647665567692,139.61812682743238,142.58246853156612,6979700
V,2019-03-05,140.56822204589844,141.84136098912663,140.4542139308247,140.61573025966965,9678600
V,2019-03-06,140.4351806640625,141.10976237559464,140.06463986405714,140.61570314309793,8186400
V,2019-03-07,139.50408935546875,140.43518933393153,138.75349736971657,139.9126280459021,8761700
V,2019-03-08,139.9981231689453,140.12162708914153,137.29031530342053,138.18341725197865,5168100
V,2019-03-11,143.1525421142578,143.43757695877284,140.63476573223622,140.72027183634842,9361500
V,2019-03-12,144.15960693359375,145.49926012958815,143.34251503718613,143.46603348003478,9465100
V,2019-03-13,144.8627166748047,146.3543761090223,144.45416340468694,144.7012003346329,8308900
V,2019-03-14,146.50640869140625,146.97196606146653,144.70121227234958,144.94823472520224,9364900
V,2019-03-15,147.70352172851562,148.99566678850897,145.70829283526376,146.0503316598935,20162000
V,2019-03-18,147.22845458984375,148.6061056004292,146.71538915302455,148.14054837034794,9689400
V,2019-03-19,146.87693786621094,148.16908308826018,146.44939290617037,148.16908308826018,9236100
V,2019-03-20,146.078857421875,147.1429719391877,145.0907531554379,146.63941671242557,6391400
V,2019-03-21,148.0265350341797,148.8626185538119,145.6607655980475,145.6702759375401,7027100
V,2019-03-22,145.43280029296875,147.91256419340013,145.22377571556112,147.25700292513855,8119800
V,2019-03-25,145.39479064941406,146.3733991450006,143.97912680263127,144.75822105988027,7568000
V,2019-03-26,147.551513671875,147.8365484659715,146.09785216920176,146.09785216920176,15594400
V,2019-03-27,146.52540588378906,148.08357975433333,145.70831382377972,147.71303884906587,12253800
V,2019-03-28,146.95294189453125,147.34248896279132,145.94583152095882,147.19996431716183,16902200
V,2019-03-29,148.39703369140625,148.49203557706974,147.19989105283628,147.95997862546736,12164400
V,2019-04-01,149.41366577148438,149.86021675555727,148.73909862360722,149.67019845323134,6420100
V,2019-04-02,149.90774536132812,150.25927999335624,148.9291371985451,149.79373726390693,6215100
V,2019-04-03,150.5538787841797,151.17144219548555,149.97431325308023,150.63938488774986,8209300
V,2019-04-04,149.7747802734375,150.77239494593408,148.72016153350808,150.62037443446388,5100200
V,2019-04-05,149.78424072265625,150.7153552622699,149.38519784745205,150.11678370072835,4178300
V,2019-04-08,149.8792724609375,149.97428889223116,148.52062737776436,149.68925409582215,5604700
V,2019-04-09,149.63223266601562,150.10728577239357,148.66312026971292,148.74862634946808,6364100
V,2019-04-10,150.64883422851562,150.85785874881134,149.66073017595662,150.10728124227296,3918600
V,2019-04-11,149.98377990722656,151.35193528796069,149.58473700409104,151.17141277279833,5771400
V,2019-04-12,151.6749725341797,151.6749725341797,149.98378444226697,150.79138061426355,6745100
V,2019-04-15,152.4350128173828,152.47301067945895,151.2473802873265,151.85544756281664,8142800
V,2019-04-16,152.2355499267578,153.06215238297952,151.5894845101441,153.00513381903684,6021400
V,2019-04-17,152.4350128173828,153.03358425172075,152.3114943950674,152.84355144893783,4609100
V,2019-04-18,152.16900634765625,153.06210845931037,151.0668797206163,152.90057765403716,7859400
V,2019-04-22,152.39703369140625,152.47304392960166,151.13340516163532,151.25690911341613,4602600
V,2019-04-23,153.59417724609375,153.8032017773418,151.89347896889092,152.96710365234955,6522900
V,2019-04-24,153.43263244628906,153.94568333845828,152.63453233990552,153.67965480215307,7376500
V,2019-04-25,152.9861297607422,153.5371931878494,150.6393658976617,152.51107658194002,8862500
V,2019-04-26,154.8008270263672,154.89584346427196,152.39705902160085,153.21415109617377,7525400
V,2019-04-29,155.95999145507812,156.29253456164653,154.9623911303251,155.06690343546293,10003600
V,2019-04-30,156.2259521484375,157.43259105578701,155.74140321594427,156.7485134466967,6432700
V,2019-05-01,154.66781616210938,157.4706416706227,154.6298182845836,157.28060879057392,5248100
V,2019-05-02,153.0811309814453,154.94334581252065,152.42555527817146,154.0122456457192,6054900
V,2019-05-03,153.95523071289062,154.62031677374372,153.13813865003115,154.20226764891245,4317500
V,2019-05-06,154.1832733154297,154.53480806221188,150.30683726553485,150.3163476084039,10442400
V,2019-05-07,152.216552734375,153.7082122438015,150.76287660459,152.91962219204524,6413600
V,2019-05-08,152.73907470703125,153.63217689680917,151.56095224176744,151.7984788029862,5445900
V,2019-05-09,151.8364715576172,151.87448392471495,149.32819173556467,150.93387355489392,6813700
V,2019-05-10,152.69155883789062,153.34711987385998,149.4231915101507,150.93385674091823,5192500
V,2019-05-13,149.48023986816406,150.80088716850776,148.61563957508653,149.34722555365005,9730000
V,2019-05-14,152.216552734375,153.46118979887322,150.05980714691975,150.21182765032478,9756700
V,2019-05-15,154.66781616210938,155.019365392221,151.1619356857927,151.37096025586771,7547000
V,2019-05-16,156.88494873046875,157.5796035467157,154.97230304300246,155.5337244535832,9745500
V,2019-05-17,156.14268493652344,157.19892528907107,155.29579056518457,155.3814281430157,4582500
V,2019-05-20,155.55274963378906,156.76124449616592,154.46796320009204,155.43856617332685,4747400
V,2019-05-21,155.92388916015625,156.87545689224075,155.2863405220322,156.6090190888388,9095700
V,2019-05-22,156.2854461669922,157.60812436668388,155.5336997362239,155.6764435682802,5416400
V,2019-05-23,153.6876983642578,156.2949991634166,153.03112882922025,155.58132336814987,6138000
V,2019-05-24,154.76292419433594,155.49563517131207,153.88748391264792,154.86759719104683,4105600
V,2019-05-28,155.7811279296875,157.74135473348346,155.41952761916534,155.4861297965009,10202300
V,2019-05-29,154.84857177734375,155.58128280163865,153.65911242870737,155.39097220981031,6456000
V,2019-05-30,154.87713623046875,155.5813014765007,154.0968583543834,154.9152070652646,4750600
V,2019-05-31,153.51641845703125,154.27767551936714,152.783707264053,153.11676176625332,5079000
V,2019-06-03,150.91864013671875,154.94376736507246,149.15823411753502,153.71623692451695,8034600
V,2019-06-04,154.46795654296875,154.50601285489316,150.96618053543443,152.52675068015952,6684800
V,2019-06-05,157.3797607421875,157.38927119082635,154.81053119211117,155.58129860515717,7769300
V,2019-06-06,158.8356475830078,159.29239592387216,156.95154797214545,157.8460237578404,13738500
V,2019-06-07,161.8140869140625,163.29853017193872,159.67305963371706,159.86337026579366,10528800
V,2019-06-10,162.54676818847656,163.6886462906276,162.25177006529455,163.5173565894326,7565900
V,2019-06-11,162.06149291992188,163.84091987540702,160.26303054487084,163.62206336959702,6082900
V,2019-06-12,163.2794647216797,163.30801058525236,161.48100271776184,162.12807617153413,6772000
V,2019-06-13,161.14796447753906,163.85992318350202,160.548472296747,163.80283145576334,6901400
V,2019-06-14,161.4429168701172,162.37544878900866,160.66262468917165,161.54758985732295,4999900
V,2019-06-17,161.3478546142578,162.16620360839028,160.84352477692,161.5096194187082,6410200
V,2019-06-18,161.08140563964844,162.40408437982697,159.43519731289922,162.38504895715423,6969300
V,2019-06-19,162.42308044433594,162.90837470659608,161.01476442305128,161.1860396262832,6323900
V,2019-06-20,165.3253631591797,165.5156737788036,163.4317383724632,164.15492453494193,11474100
V,2019-06-21,165.03985595703125,166.3434986785473,164.77341824051362,164.87809123770032,11728200
V,2019-06-24,165.43003845214844,166.26740809395915,164.35476238282533,166.1437141753764,5554900
V,2019-06-25,162.98448181152344,166.46722237988266,162.32789790702333,166.34351395736297,9899900
V,2019-06-26,162.77520751953125,164.0407946067585,162.54684050935595,163.0892266782966,7129900
V,2019-06-27,162.93692016601562,164.05025254354584,162.07100466333858,163.78381477044988,5873400
V,2019-06-28,165.14459228515625,165.14459228515625,162.2613430530472,163.6316029890539,8442700
V,2019-07-01,165.51564025878906,167.0381394272154,164.37376225252765,166.83831839899713,6103200
V,2019-07-02,166.790771484375,166.82884232029446,164.90667165991167,165.66792866083483,5238100
V,2019-07-03,168.3037567138672,168.41795469927513,167.20945978211174,167.4758975484482,4066600
V,2019-07-05,168.1039276123047,168.45600296103817,166.05804865888203,167.34267066497924,5840400
V,2019-07-08,167.65672302246094,168.0563797322917,166.90497637414933,167.76139605501933,6720300
V,2019-07-09,169.12208557128906,169.2743398541084,166.80978354501156,166.93347744500565,4894300
V,2019-07-10,170.6255645751953,171.5295507881535,169.93092437194545,169.93092437194545,5110600
V,2019-07-11,171.98629760742188,172.17660818402666,170.7682924934317,171.39631594425086,6986600
V,2019-07-12,171.59622192382812,172.56682513861895,170.2545078504073,172.56682513861895,7196700
V,2019-07-15,171.8245391845703,172.3003229033915,171.22504705253024,171.81501421754314,4490400
V,2019-07-16,170.6255645751953,172.11953250631683,170.0736536877613,171.63422379300766,6800200
V,2019-07-17,170.47329711914062,171.4819707787792,170.34007826141726,170.86344324524705,3994200
V,2019-07-18,171.78652954101562,171.87216715616086,169.93097528067563,169.9785565734581,4736300
V,2019-07-19,170.5589599609375,173.03302669154488,170.4637974052433,173.03302669154488,5327100
V,2019-07-22,171.8245391845703,172.2146707989809,170.463790198463,170.93957391728418,4862100
V,2019-07-23,172.13856506347656,172.4906549326208,170.38768424527274,172.12905461503377,7193000
V,2019-07-24,174.45086669921875,174.5460147347302,170.56846966407443,172.03387718490356,8169300
V,2019-07-25,172.79515075683594,175.0789216261937,172.51920255150335,174.96472364487613,6085800
V,2019-07-26,174.79348754882812,174.9171960063552,173.38517130224068,173.57548195397865,5056300
V,2019-07-29,174.33673095703125,175.15507978916628,173.87996799041775,174.9837900467434,4621800
V,2019-07-30,172.73806762695312,174.4984735189175,172.49066527468923,173.6991456889697,5236600
V,2019-07-31,169.3790283203125,173.2328799023408,167.53298490197304,172.98546304023208,7981200
V,2019-08-01,170.4923553466797,173.56591445242117,169.5407878013928,170.5113907631206,8417300
V,2019-08-02,168.82708740234375,169.63592550521707,166.22931244992614,169.3789982401048,8264600
V,2019-08-05,160.68170166015625,165.0969746373914,158.89274996876796,163.67913372030506,16858300
V,2019-08-06,164.1263427734375,164.57358061761573,161.89016807231272,163.4697589375262,10281300
V,2019-08-07,166.82884216308594,167.21897385239012,162.09002495968397,163.19384688399387,8292800
V,2019-08-08,171.18702697753906,171.23460826748146,168.0183192481253,168.86521393792395,7602800
V,2019-08-09,170.37818908691406,171.3773380142811,169.2363108212531,170.96815637822206,5373700
V,2019-08-12,167.79942321777344,169.9975419997642,167.09527250271398,168.84615336146854,7394400
V,2019-08-13,169.95948791503906,170.2544715449224,165.77259632486883,165.94387152166465,6667700
V,2019-08-14,165.10647583007812,168.6653435962639,164.77343590860363,167.70426562432698,7293500
V,2019-08-15,167.97486877441406,168.68957433138496,165.35428173218745,166.05944857567013,6698000
V,2019-08-16,169.84259033203125,170.33812348994874,168.86106272776627,169.6234180767042,8312200
V,2019-08-19,171.2815704345703,171.92956314533188,169.73779657879328,171.92956314533188,5285000
V,2019-08-20,170.80508422851562,172.12967112625225,170.09037875403786,170.98613073451176,3793600
V,2019-08-21,172.425048828125,173.13975417175385,171.7579934155482,172.18681371358204,3695900
V,2019-08-22,171.6150665283203,173.74965867419328,170.20471853338393,173.387536598725,6659900
V,2019-08-23,166.98374938964844,172.00574958465666,166.04034765920431,171.10045907393348,7051900
V,2019-08-26,169.2327117919922,169.3089487822332,167.0981342281208,168.10824890255554,7754400
V,2019-08-27,169.9855194091797,170.75739883483718,168.61328285658098,169.92834530960758,4022100
V,2019-08-28,170.2619171142578,170.5668651249505,167.74615418892893,168.66098368028554,4401900
V,2019-08-29,172.64427185058594,172.8539199763154,170.8718014953324,171.91050341053278,4679200
V,2019-08-30,172.31077575683594,173.60676138593442,171.2148850276794,173.4257148341448,4061200
V,2019-09-03,170.7669677734375,172.72049908502612,170.67168242940934,172.02485645666482,4644000
V,2019-09-04,173.2160186767578,173.62577615933645,171.5769596650037,172.38695045872421,4154800
V,2019-09-05,176.03672790527344,176.9420186439535,174.75026671053465,175.08378722440582,6386800
V,2019-09-06,176.99916076660156,177.9235141472918,175.86515932797843,176.04622033625836,7990900
V,2019-09-09,173.00640869140625,178.24758319874823,171.06240127678726,178.1236962391797,7290500
V,2019-09-10,168.05108642578125,171.24342882151817,165.63060907544687,170.967082435898,15255200
V,2019-09-11,166.74554443359375,169.55671633451217,166.24048707183334,169.05165897275177,9113600
V,2019-09-12,169.6043243408203,170.96703664201675,168.36549894174613,168.52751160177507,7748800
V,2019-09-13,168.92774963378906,170.35716024101862,167.73657412776444,170.24279750475296,6103200
V,2019-09-16,167.82237243652344,168.86107421801202,167.25060225073383,167.8795465469584,4253600
V,2019-09-17,168.14639282226562,169.87121325728054,166.80274287185264,168.50851496114282,5924700
V,2019-09-18,167.0409393310547,168.84199635355483,164.69671376689564,168.75623519551164,9542500
V,2019-09-19,167.67942810058594,169.0611890107467,167.34589308677653,167.90812452996926,6964500
V,2019-09-20,165.8688507080078,169.2708558797475,165.76402665266994,169.0516690563097,12820400
V,2019-09-23,166.67881774902344,167.00281401254236,164.6585741055206,164.76339813674346,8803500
V,2019-09-24,166.2690887451172,168.8610886042766,165.23991104744616,167.82238673429492,10039900
V,2019-09-25,167.0314483642578,167.4030946637091,164.2774502630106,165.62110016899663,7797300
V,2019-09-26,167.384033203125,168.14638869433526,166.3929812430568,167.384033203125,10419000
V,2019-09-27,165.8116912841797,168.50851536432052,164.24886902841746,168.38462841320361,9212600
V,2019-09-30,163.91529846191406,167.1934162742509,163.91529846191406,165.97365353580727,16464000
V,2019-10-01,166.08798217773438,166.59305398622914,164.68717311439886,164.87775829343846,8146200
V,2019-10-02,161.83792114257812,164.80156730700637,160.6562694376062,164.5156821883027,10596200
V,2019-10-03,164.7348175048828,164.9921155080397,160.6943591418872,161.91412180325017,7242800
V,2019-10-04,167.69850158691406,168.21309771162208,166.23097929569738,166.45967575937095,6027600
V,2019-10-07,166.66928100585938,167.42211211372404,165.6210552219745,166.4405846010134,5248300
V,2019-10-08,164.30599975585938,166.42152883543542,163.79141828223837,165.4018900585634,5336500
V,2019-10-09,166.65025329589844,167.70801792140634,165.4686017419511,165.91648497784215,6277300
V,2019-10-10,166.65025329589844,167.62224221825326,165.42095180480365,165.70683688696892,4762400
V,2019-10-11,168.72767639160156,170.76696888834599,168.52756698933132,168.54661533382878,8754400
V,2019-10-14,169.01353454589844,170.01412501979817,168.77529941119462,169.03259742807597,7240900
V,2019-10-15,170.33811950683594,170.98611208681356,169.19459378052815,169.74730103206593,4400200
V,2019-10-16,169.4995574951172,169.87120378613565,167.97486110099678,169.5472074382162,6509000
V,2019-10-17,169.56625366210938,170.75742941893466,169.14695746919173,170.47154432915266,4887900
V,2019-10-18,167.44119262695312,169.81400532140685,166.33577808473228,169.52812024452643,6311900
V,2019-10-21,168.12725830078125,168.41314331278483,166.39291443186676,167.71750093145818,4898200
V,2019-10-22,162.8194122314453,169.42328282847353,162.74317524757998,168.67046624146985,10094700
V,2019-10-23,163.25775146484375,164.06774205638712,162.17138548198062,162.94327939728592,7122300
V,2019-10-24,167.87001037597656,168.54659002205463,165.23988515821168,165.25894804056733,7872600
V,2019-10-25,169.48048400878906,170.71929510126452,165.33518676637058,166.69788478438116,10130100
V,2019-10-28,171.37686157226562,171.70085793859275,169.9569891560054,170.5096819970472,10086500
V,2019-10-29,169.27085876464844,171.5293235382041,169.02308488014296,171.3387383090836,7572800
V,2019-10-30,170.81459045410156,170.97658859974362,168.08917994946734,169.42329087870706,5374800
V,2019-10-31,170.4429473876953,171.2434139600781,169.63294210375065,170.81459362063868,6830800
V,2019-11-01,172.41549682617188,172.78715753529673,171.10997315214738,171.65315615097632,7000200
V,2019-11-04,170.52871704101562,173.8163591947583,170.39530593897365,173.51142576468501,7154800
V,2019-11-05,168.0701446533203,171.11002777751816,166.93614290697982,170.64309614600452,7447500
V,2019-11-06,168.45132446289062,169.80449845458793,167.85096719433344,168.0701394746319,6992500
V,2019-11-07,170.033203125,172.14873265474367,168.52756960594826,169.00403995876042,7227200
V,2019-11-08,170.5477752685547,171.00518267153754,169.43283654462945,169.98554382106335,3894100
V,2019-11-11,171.09092712402344,171.87234529599297,169.81399037251575,170.09987542422945,3617300
V,2019-11-12,171.2815704345703,172.53944462516927,170.46204083284618,171.4721556706342,6118700
V,2019-11-13,170.967041015625,172.36786456984717,169.52809170252087,170.95750230554623,6138300
V,2019-11-14,171.5780029296875,171.5970977453699,169.9648332838306,170.86210027490438,9811000
V,2019-11-15,171.59707641601562,172.46569379305913,170.9384437250703,171.84525072873163,7808800
V,2019-11-18,171.49208068847656,172.122078456316,170.8429881068942,171.4061758742463,7173700
V,2019-11-19,174.46067810058594,174.66112265271084,172.00751177117948,172.18887607600868,8549900
V,2019-11-20,173.40110778808594,174.89018242946935,172.15066727679783,174.02155070030523,6040500
V,2019-11-21,171.7116241455078,173.5443330513091,171.16754574405658,172.9334300827087,5112200
V,2019-11-22,171.31069946289062,172.26523614477443,170.2416230400044,171.94069716855165,6865600
V,2019-11-25,172.74252319335938,173.1052518325816,171.92162097543442,172.19843023452606,5457800
V,2019-11-26,174.25070190429688,174.60387587194018,172.97162604276195,173.21026025118607,7079000
V,2019-11-27,175.9879150390625,176.1501845194849,173.97384215311976,174.68020450767003,11452700
V,2019-11-29,176.1215362548828,176.44608975623518,175.02382503184626,175.56790329971943,3139100
V,2019-12-02,173.52523803710938,175.98794472286892,171.6925291334204,175.86386484342518,6883200
V,2019-12-03,173.6302032470703,173.85929727651927,171.4920505658376,171.7211300302138,4543300
V,2019-12-04,172.38937377929688,174.3557175063802,172.26527931872718,174.3557175063802,10650400
V,2019-12-05,173.62069702148438,173.75433159015176,171.88344762880854,173.00979405542273,4638600
V,2019-12-06,173.8879852294922,174.94752177051217,173.09571785511895,174.4320782534298,14526700
V,2019-12-09,174.6038818359375,174.9284208748614,173.0575367733547,173.6302501540892,10233100
V,2019-12-10,173.97384643554688,174.8233834804776,173.63021265528985,174.2506702234316,8625700
V,2019-12-11,173.73521423339844,174.75657546253396,172.95250173707032,174.74703533925114,7138800
V,2019-12-12,174.33656311035156,174.99519569124575,172.60885420399,173.40112132556763,11192100
V,2019-12-13,176.72293090820312,177.08565952909242,173.76386119742926,174.20295450508868,8558100
V,2019-12-16,177.77293395996094,178.32656703646194,177.32430051115972,177.8588387739675,8249900
V,2019-12-17,177.085693359375,178.2884046343508,175.73025268168172,178.02113546213394,10208700
V,2019-12-18,176.4938201904297,177.9638147831355,176.4938201904297,177.08564281577316,8968500
V,2019-12-19,178.0592803955078,178.0974700222627,176.11203181818368,176.11203181818368,5854200
V,2019-12-20,179.45289611816406,179.61516560620672,177.8301866726635,179.07108727160175,11259500
V,2019-12-23,178.57473754882812,179.84427317848102,178.49837286075783,179.59608430098385,5831700
V,2019-12-24,179.04246520996094,179.4720038344969,178.41246745926827,178.59383177220175,2420900
V,2019-12-26,180.56015014648438,180.57923039199082,179.1665202756496,179.34788456347118,5237000
V,2019-12-27,180.7797088623047,181.25697722242114,179.90153682749937,181.113802540416,5448600
V,2019-12-30,179.29063415527344,180.86561391978995,178.61290667434497,180.70334442493655,4833600
V,2019-12-31,179.35745239257812,179.45291189514816,178.0592818090315,178.55564500526037,5273000
V,2020-01-02,182.43104553222656,182.45014034403798,180.14016332736807,180.40743243243244,8733000
V,2020-01-03,180.98016357421875,182.27833406472013,179.3765343494469,179.8442625743958,4899700
V,2020-01-06,180.58883666992188,180.6079314859562,178.65112794713605,179.45293543965218,10109500
V,2020-01-07,180.11151123046875,181.45741131599064,180.02560643311352,180.97058833416605,4392300
V,2020-01-08,183.19467163085938,183.74830463418937,180.21652195163782,180.87515456879026,5712000
V,2020-01-09,184.46421813964844,185.1037559838373,183.76741042360302,184.22558396352989,6748000
V,2020-01-10,184.96060180664062,185.7242341678817,184.33060401623604,184.70287278964312,6586400
V,2020-01-13,186.4496307373047,186.7073596904912,185.44736442164358,185.6000937690928,11290500
V,2020-01-14,187.1368865966797,187.99596363377432,186.2682548727936,187.7955191221522,6236500
V,2020-01-15,190.71646118164062,191.05054033245491,187.39467709782582,188.04375514974575,10831100
V,2020-01-16,191.814208984375,192.33920725217337,190.69740243201053,191.86193874782555,9983700
V,2020-01-17,195.39366149902344,195.44139124750777,190.8882470654989,192.5873212430063,12518900
V,2020-01-21,197.8659210205078,198.91591729553232,194.53459700852818,194.84959589103553,14861700
V,2020-01-22,198.44818115234375,200.57680855580057,197.8659131620601,198.07591240872466,8065000
V,2020-01-23,197.1309356689453,198.92545487272525,195.96639965703835,198.44818649292978,8520800
V,2020-01-24,195.6800079345703,198.5340776839691,194.92593041018628,197.98998481701355,7812900
V,2020-01-27,192.52053833007812,194.08597817109276,190.04829140059292,190.90736873386476,7198900
V,2020-01-28,193.62779235839844,194.5727744524122,192.60643100882044,193.18869902935663,7215700
V,2020-01-29,195.54641723632812,196.55822395430482,193.3032498407562,195.0118789374028,7041700
V,2020-01-30,198.7440948486328,199.020904085971,194.07641091814034,194.72548888987092,8571900
V,2020-01-31,189.9241485595703,194.70637168446987,189.24642116460876,192.32958487096047,16699600
V,2020-02-03,191.6804962158203,193.06457140096836,190.76414921761557,190.8500540177461,10885900
V,2020-02-04,194.3054656982422,195.60363604169677,193.03593028724765,194.2481958333221,10205900
V,2020-02-05,193.58961486816406,196.2527808175363,190.85963891359745,196.15732130717134,8672400
V,2020-02-06,193.80917358398438,195.3268983856552,193.27463522883798,193.81872827501914,7001200
V,2020-02-07,193.52276611328125,194.56320756857681,191.94777189808417,192.79730893595166,5691100
V,2020-02-10,196.62506103515625,196.75869561839053,192.68281898212882,192.78781862360415,6239500
V,2020-02-11,194.66824340820312,198.22866170528906,194.3818794462356,198.0663921920252,10231900
V,2020-02-12,198.0090789794922,198.68679182392316,195.68000729397178,195.68000729397178,7355800
V,2020-02-13,198.2576141357422,199.28045456703583,196.96713211135906,197.5119984097872,9495300
V,2020-02-14,201.02024841308594,201.4886540867006,198.840753736075,199.10840995352055,6548800
V,2020-02-18,201.89012145996094,202.17690012204864,200.13123372553707,200.7430213977788,7651500
V,2020-02-19,203.9071044921875,204.72919551616837,202.3871965969966,203.15193480775037,5927500
V,2020-02-20,202.1290740966797,204.27033795498824,199.09881255009793,202.7791066158418,8531900
V,2020-02-21,199.60549926757812,200.95334893107653,198.2767720734956,200.64744776510366,9231500
V,2020-02-24,190.0271759033203,194.7876641354282,185.4578831847292,189.16685443717395,13316800
V,2020-02-25,180.0951690673828,191.07868578136691,179.4451510213276,190.02716884078438,18539000
V,2020-02-26,178.95762634277344,184.97990517929583,178.78555331495286,181.6246342915618,14214700
V,2020-02-27,172.0749969482422,178.1259667776965,172.06544300798458,174.09198689139365,17536600
V,2020-02-28,173.74789428710938,174.2927753132117,165.35492363432445,166.12921596727273,22659000
V,2020-03-02,183.85189819335938,183.9570498640453,175.02877013913474,178.10683040521442,17434500
V,2020-03-03,177.54286193847656,185.48654784378843,176.3670854529177,184.68357924809794,15226400
V,2020-03-04,185.72557067871094,185.9167662244274,177.96350994907257,181.968814501373,10789100
V,2020-03-05,178.7186737060547,183.46002513209302,177.45685326427594,182.81000702778556,10106900
V,2020-03-06,176.23324584960938,177.79139865009614,172.04631552426935,175.44938518629255,15183200
V,2020-03-09,163.58645629882812,171.65441662810278,160.89075717101247,163.6629315846707,20486400
V,2020-03-10,174.5508270263672,174.5603809659927,164.30337348720013,171.5587956866652,16119400
V,2020-03-11,165.3262176513672,170.8514292909872,162.6974399320052,169.81903483631567,14598200
V,2020-03-12,153.02352905273438,164.41808280866948,150.06974257737514,151.5131751463611,27467700
V,2020-03-13,168.07928466796875,168.5476903548067,155.0596690583545,161.28269816889696,19948900
V,2020-03-16,145.30926513671875,158.02299278362116,141.4569121186074,144.47762014152494,23692000
V,2020-03-17,150.93008422851562,156.48397253224513,142.67094279679137,148.88441769246404,22298000
V,2020-03-18,141.93487548828125,144.03789476298775,133.63750402325968,141.9157676067599,22787500
V,2020-03-19,145.53871154785156,150.31830798620464,135.23390279365597,140.4436599942267,19362800
V,2020-03-20,140.35763549804688,151.2837863236702,139.24876558622813,147.995436115439,18692100
V,2020-03-23,129.75648498535156,137.0310311027475,128.02625888061007,135.10007012261755,30344100
V,2020-03-24,147.7182159423828,148.40647904106117,137.25090198039257,138.45535510999383,24488300
V,2020-03-25,154.64859008789062,160.76646646402196,146.81005642279493,152.29703728144582,20619600
V,2020-03-26,161.4356689453125,162.0570107054702,154.6581894815107,154.93541426890815,17062900
V,2020-03-27,154.43829345703125,159.7340936448519,151.17860569881992,153.97945635534762,14950700
V,2020-03-30,158.2715606689453,158.55832478125112,153.60666995983055,153.94123295291087,15714500
V,2020-03-31,154.0177001953125,160.7760560880631,153.46326529688082,159.0936289242235,20613100
V,2020-04-01,146.36077880859375,151.10214411878613,144.74527314255874,149.42928563864763,12595200
V,2020-04-02,150.45213317871094,151.36982209495287,144.62101980279053,145.80636494748416,14051100
V,2020-04-03,145.15634155273438,150.76758279010713,143.96144250994325,148.70279374348328,11994700
V,2020-04-06,161.97093200683594,163.20406120789193,151.27419511779993,152.9661759814435,16479100
V,2020-04-07,161.15841674804688,170.9183583385074,160.69002566845035,169.92419418793628,15379000
V,2020-04-08,167.22848510742188,168.24175699188163,160.52748306481394,163.47171556251197,11146500
V,2020-04-09,166.0335693359375,169.37928575316087,165.23060089648374,168.49984204525921,12231800
V,2020-04-13,161.540771484375,164.72398378893178,158.82595019649258,164.6666163914299,14043700
V,2020-04-14,166.92259216308594,167.69688431694553,163.2996651141107,165.46003707553598,9980500
V,2020-04-15,158.6444091796875,161.89452969729072,157.67892113406725,161.2636193165006,12118700
V,2020-04-16,155.26040649414062,160.59443778520392,152.75590266768404,159.74367021609817,20308200
V,2020-04-17,162.06649780273438,163.45259199567303,157.6788331756994,162.17164947420903,15375800
V,2020-04-20,156.9810791015625,160.0495720913277,156.00603726628736,159.9539889066439,10505200
V,2020-04-21,153.45370483398438,155.40378812988993,152.13453169770528,154.8589071958028,10562100
V,2020-04-22,159.2466278076172,160.30769904807966,155.73840495323117,157.40171015308897,14502500
V,2020-04-23,159.04583740234375,162.898190520347,158.8833328925271,160.47971616843435,11411300
V,2020-04-24,159.94439697265625,161.31135433693578,156.78029237742876,161.0150217383112,8391400
V,2020-04-27,164.1886749267578,164.75267833470159,161.12018249318058,161.2157656605392,9903300
V,2020-04-28,163.70114135742188,167.2953918232127,162.8694964309461,167.2858378834968,8614400
V,2020-04-29,173.7765350341797,174.21626425900274,168.3373673489277,169.05430670801823,12862800
V,2020-04-30,170.8418731689453,173.81478233523887,169.8286011947524,173.76698346008155,11331600
V,2020-05-01,167.8307342529297,171.72131765698037,166.58803642524973,166.76009487302738,10109600
V,2020-05-04,168.3851318359375,169.14031604029438,164.15041752092014,165.32619384743546,9386200
V,2020-05-05,170.57420349121094,173.11695175247596,170.40213047147697,171.19554506064617,13513000
V,2020-05-06,170.89923095703125,172.5529670651759,170.038909523843,171.79779732592567,8540500
V,2020-05-07,174.6655731201172,176.825945455645,173.70009989219406,173.7383302457223,9262200
V,2020-05-08,176.9310760498047,177.5619862040231,175.5258737000314,176.8737232332701,6470100
V,2020-05-11,175.46852111816406,176.4817931080808,173.43240861144932,175.7648537281017,8683100
V,2020-05-12,171.55880737304688,175.87956592339017,171.46320962561015,175.46851311281426,8219700
V,2020-05-13,169.56719970703125,173.39727940014942,167.6042809421893,170.91730630539809,13377100
V,2020-05-14,173.2152862548828,173.35892295830035,166.43606048278318,168.46599731789834,9695100
V,2020-05-15,175.6953582763672,176.31774046123516,171.2716057342813,172.33445356841017,10785900
V,2020-05-18,183.25010681152344,184.6385073176498,179.50620164675072,180.01368586891698,11802200
V,2020-05-19,181.31602478027344,186.2376780000672,181.19154247948336,183.02040955918966,7446800
V,2020-05-20,185.6248016357422,186.70680375871282,184.23640075344323,184.80133396731898,9545600
V,2020-05-21,182.52239990234375,185.3949589923301,181.9478968507011,185.28006130411978,11338100
V,2020-05-22,182.7522430419922,183.24057291606383,181.19148097790978,182.88629523941933,5807600
V,2020-05-26,185.01197814941406,187.93241648086254,184.57151260983792,187.4823810030364,9662200
V,2020-05-27,184.62896728515625,186.05566237792772,180.5116293917179,186.05566237792772,7650300
V,2020-05-28,186.00778198242188,189.86658541867186,184.52363805355031,185.3183665913239,8352200
V,2020-05-29,186.9461669921875,188.38244666130532,185.0694217958796,186.2375970956095,10211900
V,2020-06-01,186.09397888183594,187.55898300626112,185.29923569495944,186.4386865940885,6011300
V,2020-06-02,188.01858520507812,189.1293116600821,186.63975437963765,187.61642864942337,8462100
V,2020-06-03,188.5069122314453,189.72296642893664,187.262148220326,189.58891424571183,8879400
V,2020-06-04,185.4141082763672,188.1143207582972,184.91619395710387,187.65470079716613,7829800
V,2020-06-05,191.1304931640625,191.28369981079118,187.1759324325948,187.86534773228385,8561200
V,2020-06-08,191.1209716796875,191.46567941692066,188.75589643461976,191.10181719134295,7628100
V,2020-06-09,190.62301635742188,193.1029887792745,189.81870334664652,189.93360103087426,6892300
V,2020-06-10,191.9635772705078,193.59135810893633,190.49857305486282,191.40821399893224,8405300
V,2020-06-11,180.85633850097656,188.0185822764624,180.73185625571557,186.85040699035957,11974600
V,2020-06-12,184.09274291992188,186.71635230962406,179.87009190250797,185.9599181314917,11706300
V,2020-06-15,183.6139678955078,184.30338323139634,178.2997453797041,179.05617949543665,6752700
V,2020-06-16,184.68638610839844,189.95274393648612,183.65226318161228,188.4973100457586,11057200
V,2020-06-17,185.33750915527344,187.07061745925213,184.85874930950735,185.43326696866305,5968900
V,2020-06-18,185.67266845703125,185.99822168342266,183.9491298899698,184.41831985312874,5803200
V,2020-06-19,184.03533935546875,188.72719607791444,183.24059600963537,188.52611045113431,11483300
V,2020-06-22,186.67803955078125,188.01856123204243,183.1639295373363,183.83420498855742,6674500
V,2020-06-23,189.5601806640625,191.64756664637977,187.50151910457777,187.9132455722381,9866800
V,2020-06-24,183.27886962890625,189.09100725559085,182.58945419952855,188.65055632662845,9453100
V,2020-06-25,185.7397003173828,185.9886648343973,181.83301749396998,182.98205302660423,9936600
V,2020-06-26,181.22976684570312,185.88331340671064,181.04783575583744,184.89706923484167,11836000
V,2020-06-29,183.25010681152344,183.3171255864148,179.3434250670549,181.84255182231823,8020400
V,2020-06-30,184.96409606933594,185.51945930077193,182.08196676143146,183.35546983532203,9040100
V,2020-07-01,185.54818725585938,187.05150036775075,184.47576974611297,185.61522065551492,6394100
V,2020-07-02,187.35787963867188,189.51229898313895,186.71634318714598,187.673862895798,6299300
V,2020-07-06,189.35910034179688,190.71877663238854,187.36745751019177,190.28789566736734,7292200
V,2020-07-07,185.95034790039062,190.45068817531524,185.57691575144267,188.44947523891707,7660100
V,2020-07-08,186.78335571289062,187.2142366115289,184.91618080114202,186.79292564909517,8368000
V,2020-07-09,184.04489135742188,187.1855552037471,181.88088720960266,186.71636523130113,8548200
V,2020-07-10,184.37046813964844,184.62900261549544,181.3925805293793,183.50869142368998,7674200
V,2020-07-13,180.99037170410156,186.89826630133885,180.6839583973126,185.38538347289733,8564100
V,2020-07-14,185.1173095703125,185.25136176142485,179.2285538786228,181.45000688630495,8003900
V,2020-07-15,188.20054626464844,189.3687217549302,186.23762747454586,186.93661293656862,7681100
V,2020-07-16,185.28005981445312,187.39618475572266,184.3416946102343,187.0323225985274,5064000
V,2020-07-17,186.8025360107422,187.2621560386385,184.91622081837204,186.55358612024295,6395000
V,2020-07-20,190.03895568847656,191.00604542571477,185.4428577308654,186.4674109289451,6985300
V,2020-07-21,188.13348388671875,191.6667342427241,187.36746513407223,191.503957632008,7218700
V,2020-07-22,190.41236877441406,190.5464209484466,187.91324176448566,188.1334672052696,6823400
V,2020-07-23,189.04312133789062,192.41359502210688,188.08560156708086,190.01022565718753,6106700
V,2020-07-24,186.8599853515625,189.09100826540865,185.78756783817795,187.3578997444594,7160300
V,2020-07-27,188.5452423095703,189.4070043538236,185.9503570166756,186.86958252639374,5604700
V,2020-07-28,188.38246154785156,190.90072883150302,188.3537371210467,189.2921024880569,6897300
V,2020-07-29,190.14430236816406,190.4411311977095,184.84921852139894,184.8875128885105,9471300
V,2020-07-30,185.81629943847656,188.21009905942074,183.95870859492894,186.9078714812034,10499400
V,2020-07-31,182.31178283691406,186.4195513835639,181.39257191625273,186.16101691999296,14180800
V,2020-08-03,182.58941650390625,185.12683762249202,182.12981118273763,183.6522638538891,11405200
V,2020-08-04,184.1214599609375,184.74385654336825,182.00534956821053,183.01074819322068,8204000
V,2020-08-05,187.76963806152344,189.76126638223334,184.897078670132,185.33752959488018,8876800
V,2020-08-06,190.32618713378906,190.46980923872235,186.5152483628662,187.65469909730547,7480300
V,2020-08-07,188.01858520507812,189.56976257840245,187.00361657262678,189.196330447395,5654000
V,2020-08-10,188.43028259277344,189.88571652932322,187.0323121072346,188.01855616269793,5525400
V,2020-08-11,189.3686981201172,194.27119490313495,187.9994371855927,189.4165770330405,11549600
V,2020-08-12,190.2974853515625,191.72418046559528,189.81872546404173,190.54643523326007,5432500
V,2020-08-13,189.4727325439453,191.73589561867308,188.945297681316,189.04120025004045,7014800
V,2020-08-14,188.57138061523438,189.9427118364999,187.73708351959883,188.92619393035594,5014400
V,2020-08-17,191.24679565429688,192.23454519798324,188.6384186872154,189.20420574640056,6256200
V,2020-08-18,190.84410095214844,191.88938656059867,188.74397459417827,191.77430051999585,6519900
V,2020-08-19,192.74285888671875,194.51693975930712,190.73860594258844,190.75778938733043,9467600
V,2020-08-20,195.77316284179688,196.05127154514219,191.40987345775346,191.69755193338057,8849200
V,2020-08-21,195.75401306152344,196.72256483320803,194.99642064824675,196.10882630440855,9998300
V,2020-08-24,197.94046020507812,197.9788124618573,196.27185169790488,196.5978970949113,6159600
V,2020-08-25,199.56112670898438,199.65701467173767,197.10615781305734,198.688462841644,5828300
V,2020-08-26,201.63246154785156,202.15031209010453,198.79392650152536,199.56110327687944,7035200
V,2020-08-27,202.370849609375,203.473656050276,200.47209862646818,202.54347131655476,8619600
V,2020-08-28,206.85885620117188,207.29038858775638,202.55308747582518,203.3010808479532,7349800
V,2020-08-31,203.29150390625,207.09860564573464,202.87914031624462,206.69582646194104,9326900
V,2020-09-01,204.59568786621094,205.11352379149267,202.45718016222878,203.50246568378918,5642900
V,2020-09-02,207.5972442626953,208.43155579307802,204.9984509831641,205.3436798085376,9863800
V,2020-09-03,200.38584899902344,206.11087133369688,198.59256987963596,206.11087133369688,11310200
V,2020-09-04,196.2622528076172,201.8626183756495,191.93730088272972,199.93509935393658,13243600
V,2020-09-08,191.90855407714844,193.95115935004208,191.03590485183784,192.541476081803,14186900
V,2020-09-09,195.68685913085938,197.82535204969838,193.66343760217228,195.96496783396557,7532600
V,2020-09-10,193.270263671875,198.50623158093975,192.22499282418565,196.45404213927492,7243000
V,2020-09-11,192.44557189941406,194.1045960463507,190.74821012732113,193.3086513439162,7439000
V,2020-09-14,196.569091796875,197.9404224965519,194.8045956675576,195.00598521715537,11730500
V,2020-09-15,196.9622802734375,199.66657490616788,196.36772526879983,198.26647630140445,6328600
V,2020-09-16,196.71298217773438,199.22547201600787,196.54036044136183,198.2569202357048,6135000
V,2020-09-17,196.8472442626953,197.14452181843768,193.71141673620107,194.526544887421,7474900
V,2020-09-18,194.29637145996094,197.27876044376856,193.44289112093844,197.03901861109168,9084100
V,2020-09-21,189.34811401367188,192.99219313353709,186.71095361060492,191.7071803035226,9656000
V,2020-09-22,192.33050537109375,192.47435926516653,188.72479310296802,189.96185464897624,7543100
V,2020-09-23,187.35345458984375,192.8387492396903,186.58629238280935,192.5606551345425,6310600
V,2020-09-24,187.4972686767578,189.55904227768698,185.2053376829668,187.1424408670111,9865300
V,2020-09-25,189.15631103515625,190.0097913969785,185.5697678547348,187.01781792770151,5496100
V,2020-09-28,192.100341796875,193.4428902004047,191.63044253929954,192.39761932675086,5565300
V,2020-09-29,191.25643920898438,194.0758053909231,191.18930447480506,192.34966133742188,5513500
V,2020-09-30,191.76467895507812,194.22921713748426,190.72899258642866,192.60857480346186,9157600
V,2020-10-01,195.00599670410156,196.78007734212093,193.366156263484,193.91277462124953,7234600
V,2020-10-02,193.19354248046875,194.50732288873763,191.21805771683222,191.79344390160847,6019700
V,2020-10-05,195.18821716308594,195.2937041618557,192.8003977141685,194.39228710190093,6090500
V,2020-10-06,192.2250213623047,196.6842287597393,191.51539481814785,195.7348457217271,5841100
V,2020-10-07,194.16212463378906,194.46898658328874,191.78388965261365,193.71140879913702,6713400
V,2020-10-08,194.65118408203125,195.91702797829888,193.9319585862465,195.62933485344894,3955600
V,2020-10-09,198.16102600097656,198.5829740047006,195.32247601490312,195.62935261131386,5562900
V,2020-10-12,197.93087768554688,199.4364636198721,197.28837124393542,198.44872830771155,6622700
V,2020-10-13,195.93624877929688,196.7897292783792,194.69917249638473,195.03481697815047,5621700
V,2020-10-14,193.90321350097656,196.55955740774277,192.87712594885622,196.31023114103175,5320000
V,2020-10-15,191.3619384765625,196.30061449812138,189.49195506221886,192.76202261953543,8885500
V,2020-10-16,192.04278564453125,194.334716899234,191.22767222162508,191.7838750098503,6385900
V,2020-10-19,188.88775634765625,192.81952742500425,188.437040626942,192.60855348625813,7449600
V,2020-10-20,189.5878448486328,191.46742731958355,188.6384765236273,189.44400559717158,7427000
V,2020-10-21,190.28785705566406,192.196207077336,189.71248550745975,189.71248550745975,6067200
V,2020-10-22,189.86593627929688,191.5728968602888,187.72742871787895,191.1605333225367,4908200
V,2020-10-23,189.88511657714844,191.67839544232476,187.9767809470061,191.55372500642108,5877200
V,2020-10-26,185.14784240722656,188.36037440834428,182.8942631706594,187.95760985742868,12608700
V,2020-10-27,182.2613067626953,185.75194684422118,181.4557778129613,185.08067271944284,8690400
V,2020-10-28,173.44839477539062,177.12124094953262,171.98117611313873,176.43078338698132,17809500
V,2020-10-29,177.28428649902344,179.32689160457062,171.98119830828344,175.49102226543542,16820900
V,2020-10-30,174.25396728515625,176.66097011669999,171.8757176714245,175.1649833603505,10252900
V,2020-11-02,177.15963745117188,179.2501792970305,176.34450933245108,176.93906442023092,8057100
V,2020-11-03,180.61187744140625,181.75305074119038,177.56236879432964,179.1638422491544,6467900
V,2020-11-04,186.0108642578125,188.80146225119228,183.67098200766637,184.97517795204234,8102700
V,2020-11-05,189.53036499023438,192.7429124577491,189.19472046102476,190.2208228660424,7132100
V,2020-11-06,190.3262481689453,191.48659045012164,187.41097927592452,189.25220943608517,6180500
V,2020-11-09,203.95314025878906,208.71920848786627,203.56955922586744,205.88067372581804,17916900
V,2020-11-10,204.55728149414062,205.27650686039877,201.91053741407453,203.24350117423253,7943600
V,2020-11-11,203.9723663330078,205.48753660529104,202.98463106574115,203.46411477345046,5337200
V,2020-11-12,200.01548767089844,204.1260517045675,198.9398304373344,203.0599933196136,7302500
V,2020-11-13,202.14755249023438,202.91588516877977,199.09344877779333,201.6001251655274,6377500
V,2020-11-16,204.27967834472656,206.57506298772813,203.4441243943248,206.07565917964286,12083200
V,2020-11-17,202.3684844970703,203.69384352102276,201.20637915269006,202.2244138575843,7268800
V,2020-11-18,199.60247802734375,202.7910390505476,199.44880855147835,201.4176565786612,6977900
V,2020-11-19,199.3527374267578,200.46680427372766,197.39348862657386,199.0357996898244,5657200
V,2020-11-20,195.80886840820312,199.87140841675884,195.74163251156168,198.9302084468815,9653500
V,2020-11-23,199.9193878173828,200.72613047056092,196.5963554773028,196.5963554773028,6101900
V,2020-11-24,201.3792266845703,205.35534733263935,201.1103124361107,202.50292187494566,10110800
V,2020-11-25,202.54135131835938,203.55938602144204,200.60131435028504,201.36964712865665,6772900
V,2020-11-27,202.64697265625,203.636196042336,200.5436676095165,203.60738484893366,3512900
V,2020-11-30,202.02273559570312,202.2052016249247,198.42118942740365,201.2447893133782,7725500
V,2020-12-01,202.83905029296875,205.2112695593955,202.68538082642223,203.7322412443843,8047900
V,2020-12-02,201.8594512939453,203.03115547879113,200.22675330587896,202.64699641856217,9728900
V,2020-12-03,199.81381225585938,202.75267199490074,199.39122843500073,201.47532168357102,9203300
V,2020-12-04,204.2604522705078,204.2988769637646,200.25553529999414,201.4368528146514,5720100
V,2020-12-07,204.23167419433594,206.00844285003907,203.41533251434103,203.57860085034002,10624500
V,2020-12-08,204.346923828125,204.69267283326855,201.58093178697672,201.63855417871258,8646200
V,2020-12-09,201.283203125,205.04801742405462,200.67813871194062,204.78870201063944,6251100
V,2020-12-10,199.39117431640625,201.01427325383185,199.04542534361306,200.25553942102573,10492000
V,2020-12-11,198.07542419433594,198.6996862838467,196.40430163334293,197.2302567398483,9227600
V,2020-12-14,199.04542541503906,202.93509769667642,198.77651117551753,199.62167858814345,11967700
V,2020-12-15,200.1114959716797,201.14874295493667,197.9985919634427,200.28436314152526,9796100
V,2020-12-16,200.0250701904297,200.85102533961356,198.93979962163283,200.2267485631177,7504400
V,2020-12-17,202.81988525390625,203.39613856050389,200.58213723979594,200.72619323908017,6517200
V,2020-12-18,202.9447021484375,203.58817657183246,201.56170621856828,202.66618905507121,13298200
V,2020-12-21,200.73573303222656,201.49446681785625,196.68279269110317,200.02503743853285,7576700
V,2020-12-22,197.6912384033203,200.14989122430617,197.46074886055712,200.14029237826662,7396200
V,2020-12-23,197.17263793945312,199.1222736354006,196.99015726711937,199.1222736354006,6523100
V,2020-12-24,200.4380340576172,200.55329349307002,198.42117712129257,198.45958716329153,3367900
V,2020-12-28,204.21249389648438,205.00963794937445,200.67816863372744,201.54254858908394,5816200
V,2020-12-29,205.883544921875,206.7191134454781,205.0864010903618,206.11404911023556,6093400
V,2020-12-30,209.71560668945312,211.66524226551618,207.11288320281375,207.44903333167719,8875100
V,2020-12-31,210.0709228515625,211.1177831199577,207.64108154601857,209.7539851176144,5922200
V,2021-01-04,209.13937377929688,211.5308056432015,205.7587330895478,211.5308056432015,10318300
V,2021-01-05,206.01805114746094,209.81169171312382,205.182497079396,207.74679633546572,6869700
V,2021-01-06,204.20285034179688,207.6123168009202,203.67463532177717,205.33614443077653,7206200
V,2021-01-07,205.3457489013672,206.69993374424467,203.79948453188328,203.79948453188328,10967900
V,2021-01-08,206.9208221435547,207.56429661056129,204.3277119266649,205.69149560140355,6513000
V,2021-01-11,204.462158203125,206.3541714606878,204.06838567333776,205.48980631919503,7353100
V,2021-01-12,200.59170532226562,204.36611847191253,199.2567328663062,203.93393588561582,9331600
V,2021-01-13,201.0623321533203,202.64700667538293,200.37083408612548,201.11995454979828,6688500
V,2021-01-14,193.86883544921875,202.8486966859709,193.74397715556293,202.23403337484342,12887500
V,2021-01-15,193.60951232910156,195.2133991139302,192.49543054230233,193.5614887830841,8755000
V,2021-01-19,193.6767578125,196.08738753273792,192.14970569475642,195.01173039139343,9772000
V,2021-01-20,197.85455322265625,198.9878474749691,194.22419552350516,194.99252837435162,12675700
V,2021-01-21,197.0189666748047,198.96860235306417,196.64440648673335,197.8929453318804,6513500
V,2021-01-22,194.0225067138672,197.2014692420978,193.81121482485523,195.91452021246457,7316200
V,2021-01-25,193.02365112304688,193.65752672919245,188.00069912708761,192.40898786534666,19282400
V,2021-01-26,194.0128936767578,195.43431450710784,193.01407128017487,193.77279058909824,9605300
V,2021-01-27,187.2515869140625,191.79433298029363,186.2815757687816,189.8158859911636,13772400
V,2021-01-28,190.37289428710938,194.003250979597,190.32487074948602,192.08242671247228,11041300
V,2021-01-29,185.59967041015625,195.01171354818874,185.17708666834687,189.98876150017955,21503000
V,2021-02-01,190.50741577148438,191.32377222274715,187.29964167862343,187.4148864840794,12970700
V,2021-02-02,194.58914184570312,196.26026456768935,192.0824650900883,192.89882142861282,11305100
V,2021-02-03,193.38861083984375,195.45349131111388,193.02364949609768,195.03092223197325,13458600
V,2021-02-04,200.96627807617188,201.37924833974068,195.05974816664911,195.19420530533768,14534800
V,2021-02-05,200.50526428222656,201.81142549419192,200.39961835130555,201.66735486763005,10284000
V,2021-02-08,198.69969177246094,202.31083659230973,197.75849186151888,201.68657448555518,8637100
V,2021-02-09,198.34432983398438,199.41038795242716,195.63596042047627,197.6144071896322,7619400
V,2021-02-10,198.26747131347656,199.7369006173732,197.7872652754783,199.7369006173732,8467600
V,2021-02-11,202.63453674316406,203.5290996965272,199.29673138081722,199.43139724511312,8411100
V,2021-02-12,201.96119689941406,203.08662185185437,199.7680441591075,201.3840491239422,6911000
V,2021-02-16,199.97967529296875,203.00967926860673,199.4506402593855,202.63453759666814,9652700
V,2021-02-17,199.60455322265625,200.34522289087812,197.2478930173829,197.44027074643952,8373200
V,2021-02-18,201.37448120117188,201.7111385822427,197.15172589288306,198.0366752531701,7328600
V,2021-02-19,196.93045043945312,201.54758902598152,195.99740310244198,201.36482505806484,15011500
V,2021-02-22,200.3837127685547,202.62493465620958,195.3721898606807,195.7954296827636,8337700
V,2021-02-23,204.02931213378906,205.7607410312106,198.68113206646004,199.49874107532597,10571700
V,2021-02-24,211.0704345703125,212.1285340737933,203.24054227699338,204.26978585560465,12039000
V,2021-02-25,205.60679626464844,212.05154436996307,204.48137135165499,210.93573320448203,11404300
V,2021-02-26,204.29861450195312,207.01118849733368,202.71148013613012,205.89537729310007,11730000
V,2021-03-01,208.37713623046875,209.50256143632424,206.60722283664145,206.7803730792628,6982000
V,2021-03-02,207.54986572265625,209.627565561349,206.63606058227342,208.69453292399544,6155200
V,2021-03-03,206.66490173339844,208.91575162629385,204.75070914317098,206.95346094212024,6484600
V,2021-03-04,203.4425506591797,208.7522610555817,200.72036252263163,207.7422596416359,10658900
V,2021-03-05,207.20358276367188,207.86729835507643,201.64378314861517,205.58757767014615,7582000
V,2021-03-08,211.87843322753906,217.51518686603228,207.58833826958193,208.7137633120611,14750400
V,2021-03-09,211.9649658203125,216.42819557756863,211.80144405606217,213.60019814029218,9228600
V,2021-03-10,214.66793823242188,215.64908361914044,211.0415590105878,212.3112782966328,7822900
V,2021-03-11,217.53440856933594,219.53516903961358,215.28355854432797,215.97613004086557,10053400
V,2021-03-12,215.8126220703125,217.90956419089795,214.90843063208598,216.69757133310375,8172400
V,2021-03-15,214.7641143798828,218.4385766774203,213.2924037759048,215.68753315856708,9306100
V,2021-03-16,216.13966369628906,216.9861432779777,213.8311016993845,215.18738884436857,8949300
V,2021-03-17,214.52369689941406,217.62102697139252,213.31168924147764,216.47635959555515,8675600
V,2021-03-18,212.2536163330078,214.04275731631557,211.2147588577825,212.99427141311378,9321800
V,2021-03-19,199.0177764892578,211.78223672229896,198.9985489920488,210.7722353746318,32209700
V,2021-03-22,200.0758819580078,204.20244056530086,198.37330904511327,198.68112513946946,11371600
V,2021-03-23,200.2201690673828,201.96122639592994,199.59493778387102,201.08589085702963,8820700
V,2021-03-24,200.14321899414062,203.0962543795056,200.00853844692966,200.79730616784477,10101600
V,2021-03-25,200.04702758789062,200.86465125208156,197.94045704289834,199.75845366655975,8390800
V,2021-03-26,205.39520263671875,205.55872443018106,199.7873048504241,200.31635458073094,7399900
V,2021-03-29,206.337890625,207.08817409398338,203.0770387244243,204.35637199268592,7792300
V,2021-03-30,203.82728576660156,205.99156800437686,203.35596258396103,204.8949989243365,5498000
V,2021-03-31,203.66378784179688,205.95312246276063,203.4906522876803,204.45255561716354,13180000
V,2021-04-01,208.59837341308594,209.44485310797486,204.21209622590007,205.6357091584559,6138400
V,2021-04-05,210.69528198242188,212.10928093788183,209.03119346518898,210.27205688037816,10440500
V,2021-04-06,210.32015991210938,211.04158741879738,207.1362621976566,209.32940064378965,7828100
V,2021-04-07,210.91650390625,212.619061882453,210.31050023617405,210.77220962993445,5614300
V,2021-04-08,212.29208374023438,214.33132898939735,209.8007573829471,211.58989834710508,11042000
V,2021-04-09,214.04270935058594,214.11966336974453,211.14737125497263,212.58061234152945,5724900
V,2021-04-12,213.03273010253906,213.45596991302313,210.86844762595638,211.84959312503491,6315200
V,2021-04-13,212.59988403320312,213.1770172408046,211.83035841225413,212.5806418563723,4764000
V,2021-04-14,213.5232696533203,214.60061122520543,211.6860456839251,212.58060862071417,4972600
V,2021-04-15,217.6594696044922,218.9580448830816,215.3316654647625,215.3605213885108,8698100
V,2021-04-16,217.78456115722656,219.12160635040263,217.159315115357,218.51560248700886,6829400
V,2021-04-19,217.18814086914062,218.90995600520287,216.50519774169217,217.1496711950155,6541600
V,2021-04-20,214.7737579345703,216.79376064418787,213.3693873994852,216.21661281930318,5799100
V,2021-04-21,218.784912109375,219.1889097515456,214.37939304359062,214.80263286228748,9490600
V,2021-04-22,218.90036010742188,222.1323413867687,218.24625817411538,218.64064208408834,7303000
V,2021-04-23,221.23776245117188,222.98843352967143,219.0350103179013,219.90071743041398,5345200
V,2021-04-26,221.5648193359375,224.07538772567966,220.77606620264615,221.9784454184713,5650000
V,2021-04-27,221.15118408203125,222.35356316819235,220.2662348359142,222.22851104643829,6642100
V,2021-04-28,224.5563507080078,227.26892540055243,221.88226037169468,222.15159215538944,10111400
V,2021-04-29,227.83641052246094,228.45202803195315,224.26774291069202,226.26850348591145,7411400
V,2021-04-30,224.662109375,226.9418152655698,223.44048819950416,226.3550684030832,10260200
V,2021-05-03,223.748291015625,226.75905255451943,222.57476800520826,225.13343389201702,8174400
V,2021-05-04,223.19039916992188,223.53668491033687,221.45897046784688,222.77678783753962,5884500
V,2021-05-05,220.47787475585938,224.94110574199712,219.9488249743977,224.94110574199712,6523200
V,2021-05-06,222.50746154785156,222.75755110301643,219.948795441057,220.88184274558375,6124100
V,2021-05-07,223.27699279785156,224.3350923154233,221.92072027848388,223.48861270136592,4528700
V,2021-05-10,217.36126708984375,223.1615422066193,216.5821278469154,222.77678679794388,9627400
V,2021-05-11,216.88995361328125,217.7941450705107,213.58100388787975,215.21625125222047,7633300
V,2021-05-12,212.22470092773438,216.42821308055048,211.91688486838615,215.11041043547505,7721300
V,2021-05-13,215.52879333496094,216.64621040259308,212.78338186894234,213.38062329291768,6650100
V,2021-05-14,218.61141967773438,219.16049332402025,216.66554853555093,217.53252781219072,4777200
V,2021-05-17,218.12977600097656,218.82335356368233,217.05088410290077,217.87930845406632,5534200
V,2021-05-18,217.2916717529297,220.76917198157105,217.15679559013756,220.00817115591315,6900000
V,2021-05-19,216.34768676757812,216.59815434069887,213.6504420413322,214.584844836126,9311900
V,2021-05-20,218.12977600097656,219.2472081518692,216.9738182960668,217.16647546375182,7478600
V,2021-05-21,218.4476318359375,220.89440833980103,218.2357045759024,218.55359546595506,5603900
V,2021-05-24,220.90408325195312,221.66508419855452,219.2761030143431,219.58435153869323,4040100
V,2021-05-25,220.6150360107422,221.74209558352646,220.03704995858806,221.46273026876014,4689100
V,2021-05-26,218.73667907714844,220.93300331723736,218.0719992968161,219.68070957011275,4295600
V,2021-05-27,218.53436279296875,220.03710929525505,218.0623402331276,219.40132740619552,5969600
V,2021-05-28,218.9582061767578,221.01002624270424,218.8137022827509,219.2375568537593,5779700
V,2021-06-01,218.3127899169922,221.63617359412407,217.97562887344023,221.01966188213092,5091500
V,2021-06-02,221.23159790039062,224.55498170880523,220.38388875086372,220.80774332562717,9081100
V,2021-06-03,219.7384490966797,221.93477277545085,219.4109304969395,220.59578584235092,6382400
V,2021-06-04,221.6939697265625,222.23341563831656,220.33571253523968,220.93296882222342,5085700
V,2021-06-07,222.83065795898438,226.06733322664437,221.6361601586829,224.30450641079304,5421300
V,2021-06-08,223.53387451171875,224.3045178188888,221.71323723166378,223.63019573836596,4170600
V,2021-06-09,223.78436279296875,226.23115457846077,223.6013333249043,223.9673922610332,4659000
V,2021-06-10,225.3641357421875,225.66275652776557,223.6109365789751,224.5453391847635,4452500
V,2021-06-11,226.3370819091797,226.79946201300888,225.13295633758395,225.78799359310875,5378300
V,2021-06-14,225.4893798828125,226.5875418506347,223.07150095070196,226.08662148145996,5805800
V,2021-06-15,224.42974853515625,226.18296251745986,224.08295976386538,225.836173746169,7093800
V,2021-06-16,221.17379760742188,225.5857009011974,219.63251094931064,225.04625498049816,8905400
V,2021-06-17,223.63021850585938,224.7765485208963,220.79812721428573,220.79812721428573,6876700
V,2021-06-18,221.9540557861328,223.65908696549724,220.80772592168452,221.99258133589328,8840000
V,2021-06-21,225.72056579589844,226.3852307514469,221.944415142184,222.955883542329,7298400
V,2021-06-22,227.27146911621094,227.42560071660287,224.6802032412642,225.7012993709634,8858400
V,2021-06-23,226.06735229492188,227.2618501959766,225.35451933842708,226.8090977890574,6814700
V,2021-06-24,227.57008361816406,229.50631206108943,226.7705425510106,228.3021866043156,4611500
V,2021-06-25,228.6105194091797,229.72793700233436,227.64721875034874,227.72426986810984,7825200
V,2021-06-28,225.49899291992188,229.62191756227543,223.35083708822222,229.26550110870497,9301700
V,2021-06-29,227.290771484375,227.83985987661535,225.55682748098513,225.96142666410987,11897700
V,2021-06-30,225.2389373779297,227.72423981477655,225.2389373779297,226.4815885963531,7797100
V,2021-07-01,226.52011108398438,227.57974753403295,225.4604893327352,225.6049785310148,5329600
V,2021-07-02,229.8723907470703,230.01687993483722,227.16551883838227,227.1751465513006,4383700
V,2021-07-06,230.80677795410156,231.77970605066193,228.50449062361335,230.71044203615418,8048700
V,2021-07-07,231.19212341308594,232.19394948040429,229.5545154786698,231.4425762552157,4366100
V,2021-07-08,227.926513671875,228.369638333922,225.94211715232103,228.27330241210373,6388000
V,2021-07-09,229.71826171875,230.6622920532562,228.70679329666552,229.99761238449216,5615900
V,2021-07-12,229.14024353027344,229.75675515012284,228.56227215473763,228.86089290358393,7010700
V,2021-07-13,233.45590209960938,233.58112118017758,229.5063638309728,229.5063638309728,8079200
V,2021-07-14,236.9622802734375,237.75217899001663,233.90861964576303,234.29393394183117,8693400
V,2021-07-15,239.4283447265625,239.66916985408898,236.3072457822519,236.3072457822519,10135100
V,2021-07-16,239.0140838623047,241.2682179063724,238.43611245774153,240.8154655551261,8674500
V,2021-07-19,231.58709716796875,235.4788250639034,230.13250387738393,235.03571502613084,11474600
V,2021-07-20,233.79298400878906,235.2475768947674,230.72005364558538,231.80858770746912,7072300
V,2021-07-21,234.7178192138672,237.83890363747784,233.40772985741327,234.36138800960538,11241400
V,2021-07-22,235.18016052246094,236.34576048114025,234.22648782899606,234.83337178836442,10293600
V,2021-07-23,239.88108825683594,240.83474631928493,237.7040197774055,237.7040197774055,6766000
V,2021-07-26,241.0659637451172,241.17192739405604,238.60954439157078,240.06413763598607,4879000
V,2021-07-27,241.72096252441406,243.39711051342238,239.11042666949612,240.04482923420335,7038300
V,2021-07-28,237.87742614746094,242.27007404473457,236.88522781534866,240.8732912693259,9036500
V,2021-07-29,238.82147216796875,241.19119800407694,238.03157335513268,239.0045016254844,7495300
V,2021-07-30,237.34756469726562,239.34160341038665,236.97187816130324,238.13747801322558,5804700
V,2021-08-02,230.98016357421875,238.73473456068137,229.62190651286127,237.20309048662153,9989500
V,2021-08-03,228.38890075683594,232.5310956423696,225.4412037239766,231.79899259003278,9839000
V,2021-08-04,227.9843292236328,228.83203837339295,226.42378710593732,228.30222015479285,8171800
V,2021-08-05,231.3944091796875,231.43293473048556,227.75311993033617,227.92652165592358,5337500
V,2021-08-06,232.54074096679688,233.69671335638984,231.0572646250585,231.1921261106711,4509700
V,2021-08-09,231.19212341308594,233.29211147866445,229.31369035011448,232.87789931297303,5226900
V,2021-08-10,229.33291625976562,232.48289775080445,226.91502302801828,231.68335671429963,7185700
V,2021-08-11,226.43341064453125,229.61230519872106,225.97103052536877,229.34258223764303,7375700
V,2021-08-12,223.58782958984375,225.82574070455814,222.84508755023208,225.61352448785803,9867000
V,2021-08-13,224.4173583984375,225.01542886655105,223.21159134338714,223.79036541734578,5445400
V,2021-08-16,227.0314178466797,227.1471667484434,222.05400900717942,223.992891424719,7575900
V,2021-08-17,226.2308349609375,227.3304939176487,224.96719345230326,226.68420454753945,6850500
V,2021-08-18,223.43348693847656,226.05723750795084,223.279145206428,225.64244594292512,4996500
V,2021-08-19,223.3755645751953,224.2051180897086,220.80003347021727,220.93507877709555,5761300
V,2021-08-20,223.1730194091797,223.94471328939383,222.15053127340147,223.66496708238338,5522200
V,2021-08-23,225.85462951660156,226.34657715774443,223.7903569848909,224.46558356650922,6342000
V,2021-08-24,225.95114135742188,227.83213531988005,225.67139511343362,226.72282062080274,5081800
V,2021-08-25,224.3594970703125,226.68421962107502,223.86754938183105,226.68421962107502,5277100
V,2021-08-26,222.36270141601562,224.39803642821119,222.00578442300335,223.91572969279835,5889100
V,2021-08-27,224.45594787597656,224.80320937146234,222.08299187035115,222.84504488045076,6369000
V,2021-08-30,223.04757690429688,225.40123621430055,221.78393556626227,224.4559190995534,6448000
V,2021-08-31,220.9929962158203,223.6360282339994,220.56856384882724,222.73894459190294,9405100
V,2021-09-01,221.97689819335938,222.61354676288803,220.67467853987282,220.99300282463713,8177600
V,2021-09-02,216.24708557128906,222.39168466071806,214.10565676427066,222.27592101145797,19708800
V,2021-09-03,217.14418029785156,219.25668655568143,215.44646556514573,216.07345855287628,11532000
V,2021-09-07,218.2631072998047,219.9318845834847,217.86761222044572,218.71647683588264,9662600
V,2021-09-08,220.98333740234375,222.07335553616284,219.00587647736182,219.33385630446415,10652600
V,2021-09-09,219.43997192382812,221.86114696804603,219.06377317641838,221.195561172128,5853000
V,2021-09-10,216.95127868652344,221.89973713860954,216.8644669828884,221.71647289277027,6715400
V,2021-09-13,216.68116760253906,219.160217014291,215.50433777913065,217.54931399476806,6808100
V,2021-09-14,215.13780212402344,217.81942715455236,214.41434181610006,217.03809237700915,6575700
V,2021-09-15,215.89016723632812,216.88371806578738,213.5268668625545,214.6458221699106,6535800
V,2021-09-16,216.3917999267578,217.23100916225488,214.8677084663254,215.9384302959212,5928500
V,2021-09-17,213.90309143066406,215.78408523228464,211.53979077125166,214.57831808780514,13787400
V,2021-09-20,212.2632293701172,212.6973025540113,208.65556914366283,209.28257682603052,8822600
V,2021-09-21,212.37896728515625,214.30819441920193,211.2310747853855,212.9384449202897,7033600
V,2021-09-22,214.86769104003906,216.16992535811926,213.27608440135106,213.56545672195887,6005900
V,2021-09-23,220.23094177246094,220.60714051010456,216.4207207693861,217.0380729213868,7952700
V,2021-09-24,223.39488220214844,223.7421437212723,220.52997834908567,220.8290062396685,6461200
V,2021-09-27,221.47531127929688,225.0733162569392,220.6746801425,223.52028761208496,6881100
V,2021-09-28,217.57826232910156,220.77113129925357,216.07346732240586,220.77113129925357,6951400
V,2021-09-29,218.65859985351562,220.91580682326702,218.08948137226358,218.77436349224337,6432700
V,2021-09-30,214.86769104003906,220.69395102337776,214.75194211179593,219.5267767466962,7128500
V,2021-10-01,222.3048553466797,223.3659214687649,215.56220102592533,216.23742759794962,7925400
V,2021-10-04,216.77764892578125,222.17949193814854,212.99636470465936,221.86116762703182,10283400
V,2021-10-05,216.3435516357422,219.33385988515064,215.9962901275453,217.50108509011963,5814000
V,2021-10-06,218.49465942382812,218.60076752712618,213.42079629984292,214.1828347007378,5420900
V,2021-10-07,222.39169311523438,222.9801080653177,220.40459123362623,220.80972722434697,6561900
V,2021-10-08,222.12161254882812,224.49455413357643,222.03478612492736,222.82577646573532,3735200
V,2021-10-11,217.14418029785156,222.1698239128024,216.91266772204955,221.8707813161612,5620200
V,2021-10-12,216.12168884277344,218.21489867392816,215.03167072026707,217.57825013942872,5448200
V,2021-10-13,214.58798217773438,217.86766305359455,210.89350973388446,215.23427162661352,9076000
V,2021-10-14,217.2117156982422,217.66508533519828,215.16673927203183,216.18922748513702,5590500
V,2021-10-15,222.8161163330078,222.91256886844658,218.7068526898008,219.17951868561113,6355100
V,2021-10-18,222.4881134033203,224.52344861901366,220.0669386482529,222.03474384919656,5580200
V,2021-10-19,225.256591796875,225.3723407290238,222.51707774571364,223.74214124668993,4409700
V,2021-10-20,223.23089599609375,225.52668126387104,223.12478790257035,225.19871614528475,5401800
V,2021-10-21,222.09266662597656,222.6617851842437,218.29208624095415,222.5363806914998,5982200
V,2021-10-22,223.04757690429688,224.58132356537897,220.61676146637566,222.14083785350851,3788000
V,2021-10-25,225.6038360595703,226.54915327711348,224.070089231705,225.1890445530295,4938700
V,2021-10-26,223.61672973632812,228.57484300544036,223.14406377794543,227.19543791648104,7814500
V,2021-10-27,208.1443328857422,216.79691853144516,208.0285839573993,216.79691853144516,22958100
V,2021-10-28,202.41452026367188,212.20535742384948,201.6138891857892,211.49153804000764,23199400
V,2021-10-29,204.2762451171875,206.1090052394381,201.16053230298996,201.80683642743801,14329800
V,2021-11-01,204.94183349609375,207.63309924697884,203.96756423752726,205.9353844311275,13210300
V,2021-11-02,201.7393035888672,205.80033364069217,200.4660211904749,205.61705468725742,14688700
V,2021-11-03,200.73611450195312,202.71356078867876,199.4145837396518,202.26984673443434,11486700
V,2021-11-04,201.3920440673828,204.8453628274966,200.51424208111715,201.75860197787546,11368200
V,2021-11-05,209.0028076171875,209.92884306383547,203.88071222989188,204.44983066873937,14273600
V,2021-11-08,212.6876678466797,213.76803041885833,210.4304607314691,210.64267691083793,13500100
V,2021-11-09,205.83889770507812,212.61048937039212,205.3855281307481,211.91596639349655,11535000
V,2021-11-10,208.2981719970703,209.64134482700186,206.14330078316894,206.35589056155362,10063600
V,2021-11-11,203.3313446044922,209.47708876874162,203.08010882307997,209.17753444424073,13546900
V,2021-11-12,204.945068359375,206.38487826519375,204.30729902567694,204.37494792989403,7660500
V,2021-11-15,205.1479949951172,209.10986446851956,204.67449691214873,206.42351888461212,9596900
V,2021-11-16,207.93096923828125,208.3851369708326,204.52956226628783,205.01271817370431,8719600
V,2021-11-17,198.1519012451172,200.3261028598135,192.74056385094428,199.01191818291824,38379600
V,2021-11-18,196.48020935058594,200.86725908882772,194.48960910502797,199.5434164438159,18292200
V,2021-11-19,194.09339904785156,196.64446174557173,193.1174293861182,195.2336399549411,18032600
V,2021-11-22,188.9912567138672,194.90507999565193,188.04427531296804,193.26235294457254,21185800
V,2021-11-23,191.8032684326172,192.21877550266848,187.8317256420023,190.33447010816155,14742700
V,2021-11-24,196.4028778076172,197.0792931340197,190.98186789679045,191.49401198283437,12026800
V,2021-11-26,190.9915008544922,192.47962912368615,186.06332005075973,186.80738418535668,10987600
V,2021-11-29,189.6773681640625,194.47028197394278,188.77870511863205,194.22870398391302,14633500
V,2021-11-30,187.24224853515625,191.0012009863003,186.07300472625096,188.69171628872976,16023000
V,2021-12-01,183.7538604736328,190.17982822222612,183.69588412320013,189.4261061771046,13204900
V,2021-12-02,191.6099853515625,192.72125291350213,185.38694893264994,185.53188982367476,13976300
V,2021-12-03,189.70635986328125,191.78392455670925,187.5031551594013,191.5906651250705,10660500
V,2021-12-06,195.8520965576172,197.34022519951068,191.07852796848164,192.0738280852513,10722100
V,2021-12-07,200.3840789794922,200.93488379872647,198.95394160311378,199.06023649394416,11897200
V,2021-12-08,201.94949340820312,202.42297671843843,198.77999211891685,200.66429704017747,11749200
V,2021-12-09,204.26866149902344,205.05137173881317,200.1908243101016,201.49535120625026,10176800
V,2021-12-10,206.21090698242188,207.0322778097874,203.75648179852624,204.76143945983293,8882700
V,2021-12-13,203.91111755371094,206.13363761420402,202.90614503751948,205.29293633253954,8844300
V,2021-12-14,202.9061279296875,206.1819240237597,201.4276721988516,203.630861709303,9832300
V,2021-12-15,205.15765380859375,205.33159759809044,200.8575692913547,202.34568296050398,10892500
V,2021-12-16,207.14825439453125,208.98425564850044,204.4812391533497,208.03725947492512,8548400
V,2021-12-17,204.74217224121094,206.02736885108234,200.78994532268177,205.63117742918033,11578400
V,2021-12-20,201.7079620361328,202.7032621664592,199.8912908492457,202.0461623722606,9434400
V,2021-12-21,208.12423706054688,208.87795907358912,203.27334776924485,203.51492571559805,6993700
V,2021-12-22,210.6173095703125,211.56429093004257,206.64576780017035,206.64576780017035,6003400
V,2021-12-23,209.3224334716797,211.1584345286696,209.3224334716797,211.08112782413616,4798200
V,2021-12-27,210.29847717285156,210.77196059796162,207.6411192752733,210.34678097518903,4818400
V,2021-12-28,210.7042999267578,212.32769674252646,208.31750849936694,208.7330155136118,4279800
V,2021-12-29,210.8202362060547,211.5643003943588,210.00853786140334,210.42404484327938,3223100
V,2021-12-30,210.5303497314453,211.76722767104525,209.83460404732685,210.62698681053047,3812800
V,2021-12-31,209.40940856933594,210.63661377446394,208.2305071519287,209.5060308895234,4723300
V,2022-01-03,213.9703826904297,214.5791637514019,209.69928694467407,210.19211532536423,7694500
V,2022-01-04,214.9657440185547,219.14986141946193,214.3376324593298,214.52123407287633,10629300
V,2022-01-05,212.5885772705078,217.6810441363804,212.51127056394893,215.13963960796403,9594600
V,2022-01-06,212.34703063964844,214.43426779013623,210.22114750255847,210.46272546688118,7877500
V,2022-01-07,209.65101623535156,212.78185705490026,208.37547757201835,209.9892165211156,10702100
V,2022-01-10,204.82913208007812,206.9840034618003,199.5434048731088,206.7714136668592,11978600
V,2022-01-11,207.157958984375,207.70874912441744,201.70796021759932,204.29766914643062,8803100
V,2022-01-12,208.4431610107422,210.25015967176515,206.60715942552187,207.25458667441913,6923300
V,2022-01-13,207.7570343017578,213.05241876845463,207.42849183276425,209.54471700643947,8867700
V,2022-01-14,207.4381561279297,210.89755420452605,206.51050504003405,206.95500021909916,8838100
V,2022-01-18,208.4431610107422,209.6027324228679,207.10964577718485,208.60743227585786,9099300
V,2022-01-19,207.4477996826172,210.878209348533,204.96438614915232,205.82440301798218,9399800
V,2022-01-20,207.12892150878906,212.20205800030843,206.73273016785504,207.48645212415818,8532700
V,2022-01-21,198.99258422851562,208.3368324193991,198.88630408422813,208.20154935560362,16200200
V,2022-01-24,195.05006408691406,195.89075072665435,189.05891847505353,195.36893404045384,16054000
V,2022-01-25,195.19496154785156,198.46109978117897,190.35374528489717,192.89513500535512,12125500
V,2022-01-26,198.93460083007812,203.75650190583917,196.8087178694416,197.39816864325311,10817600
V,2022-01-27,199.2052001953125,203.85317300442108,198.91531840960408,202.44235108672336,12009800
V,2022-01-28,220.31907653808594,220.43502922847117,208.81997273947937,213.20702154776836,26425300
V,2022-01-31,218.55078125,218.7537132558142,214.56958056512883,217.9516725338594,12380600
V,2022-02-01,224.5322265625,226.7064282686396,218.7923316991316,219.25615726791168,12247200
V,2022-02-02,227.48910522460938,227.90462693489619,222.26135523766087,223.50790562377452,10590500
V,2022-02-03,223.73980712890625,225.62412676158854,222.78316797143322,225.1892746957409,9968000
V,2022-02-04,220.69598388671875,222.46433651029434,217.37186844642915,220.80227879014953,10848100
V,2022-02-07,219.50738525390625,222.17440043150705,218.3961178713453,220.31908360212205,5984500
V,2022-02-08,220.26113891601562,220.80227122594334,217.17860156687425,218.63772724148288,7542000
V,2022-02-09,223.09239196777344,225.29558160746117,222.36765814564598,222.37733069991265,7772800
V,2022-02-10,218.3449249267578,222.56489931126882,217.64804733894965,220.70656400002582,6794600
V,2022-02-11,217.4738311767578,221.74220262845407,216.3607558544551,219.95161154447004,7535200
V,2022-02-14,218.10296630859375,219.96130172511752,215.6542210903043,216.118801252251,8280800
V,2022-02-15,220.50332641601562,221.92610222132762,217.68678060463424,219.97098729498768,9461700
V,2022-02-16,221.47120666503906,222.4971612618813,218.35461924704478,220.19359279586726,9561300
V,2022-02-17,217.39642333984375,221.46153313951856,216.9705520217253,221.0646971595684,8131200
V,2022-02-18,215.53807067871094,218.49011956340675,214.71536344619793,217.38673249471972,8121200
V,2022-02-22,214.21205139160156,217.13504985712692,212.8570051996917,213.92168329556839,9928800
V,2022-02-23,209.01454162597656,217.07701691685946,208.50156430028753,215.68326162867137,8669900
V,2022-02-24,210.3211669921875,210.86317959403803,194.98020181175588,196.83853706184448,13463400
V,2022-02-25,212.22793579101562,213.59264105163172,207.36915381606462,210.31151477453312,8463600
V,2022-02-28,209.17909240722656,211.62783782829575,206.39159643597785,209.06295104930652,8409400
V,2022-03-01,202.25869750976562,208.24021285609166,200.62297137400253,207.59173242256912,9317800
V,2022-03-02,201.784423828125,203.7782622249342,199.5679762778455,200.2551655507821,8865700
V,2022-03-03,200.57460021972656,204.7074690975092,199.92611970216268,203.78798223734364,8610000
V,2022-03-04,193.85745239257812,199.7421880509725,190.53761783198556,198.41619188485933,10912300
V,2022-03-07,184.57546997070312,193.7510058633738,183.94635129822484,193.4219288583463,13412400
V,2022-03-08,185.55303955078125,190.1117647093086,180.67489614605037,183.9076250119414,11070900
V,2022-03-09,193.34446716308594,194.06070650884075,188.96964291667516,190.1891712168938,8457600
V,2022-03-10,191.61196899414062,193.51870138032152,189.9956047197803,190.5763261746857,7061600
V,2022-03-11,190.3924560546875,194.38980667824765,190.15048507004457,194.30270066827305,5432100
V,2022-03-14,193.89617919921875,197.86449424079044,191.79587295461224,192.0475174463384,7994700
V,2022-03-15,199.51959228515625,199.7809250809075,194.9318171506571,195.59965942383437,8277700
V,2022-03-16,205.06556701660156,206.80776107402895,200.3519769231966,203.2556287626632,9232300
V,2022-03-17,206.5948486328125,206.68195465328495,202.016761186872,203.18789262319373,6668500
V,2022-03-18,212.0730743408203,212.21825104052,203.53632994875602,204.90105000088687,14620800
V,2022-03-21,210.0695037841797,211.0567494439744,207.6594824556542,209.39198804460898,6101500
V,2022-03-22,211.45359802246094,212.51827622603759,210.2050195138359,210.8438264359819,6259900
V,2022-03-23,207.78530883789062,210.311486410982,207.32072870052218,208.38540689942516,6008000
V,2022-03-24,210.3308563232422,210.66962160922932,207.1271628496405,208.08537326555,5487000
V,2022-03-25,211.41488647460938,211.89882845502322,208.76289387393317,211.40521295174648,5051400
V,2022-03-28,213.6797332763672,213.88298062538672,210.52442230242977,211.48263268258796,4316800
V,2022-03-29,220.79368591308594,221.4615282135772,216.5930730391469,217.6190276815734,8032500
V,2022-03-30,216.75758361816406,218.8966134087672,215.57676414857534,218.5868834901113,7084000
V,2022-03-31,214.64761352539062,218.66432574464508,213.36032618481073,216.71888445060327,10759500
V,2022-04-01,219.09017944335938,219.35151220685307,215.092814588979,215.91552173354978,6559600
V,2022-04-04,220.42588806152344,221.8777139336459,217.7351719600221,218.50946727683154,8521200
V,2022-04-05,218.82887268066406,221.63574491955637,218.0739244019674,219.54511210067176,4658000
V,2022-04-06,211.9762420654297,215.71227441224136,211.59876794507437,215.6251684080215,7430000
V,2022-04-07,209.2081298828125,211.65687532888447,206.8174551162935,211.29876295914903,6995100
V,2022-04-08,210.0113983154297,212.3633633550895,206.2366578428066,207.91109248643346,5438600
V,2022-04-11,207.85308837890625,210.32119552527877,206.55612736727883,208.33703037746017,6942700
V,2022-04-12,204.61065673828125,210.02113912709015,203.9331409415459,209.54687068500704,7446600
V,2022-04-13,206.4206085205078,206.98198296844174,200.5165106790792,203.6718069532561,8052900
V,2022-04-14,205.95602416992188,209.01454106989328,205.70437965362197,207.38850308382487,8191600
V,2022-04-18,206.32382202148438,208.89839690008708,204.7268193946655,204.87199608119914,4744400
V,2022-04-19,208.77256774902344,209.55655139561864,205.61727134814697,206.25607830786797,5028800
V,2022-04-20,210.79542541503906,213.72812718216167,210.4082777674331,211.63749444012294,7178300
V,2022-04-21,209.49847412109375,216.72856827440634,208.43381065716915,212.46019658992316,8850300
V,2022-04-22,201.48435974121094,209.60490386438732,201.27142413336375,209.29518874216762,6201100
V,2022-04-25,203.20721435546875,203.76858876900945,198.73559562841072,199.72284130523994,6839400
V,2022-04-26,194.6414794921875,201.8618859056416,194.6414794921875,200.33262740408517,8155300
V,2022-04-27,207.23361206054688,214.67664124248222,206.20765754083013,210.38890810007473,15955800
V,2022-04-28,213.57325744628906,217.70611092120436,212.22789946310806,213.32159818910256,10799100
V,2022-04-29,206.28512573242188,214.09594208740737,205.53017737896567,211.59879954569143,7965000
V,2022-05-02,204.73651123046875,205.32692108974427,200.31328881650174,204.96880871843794,8803700
V,2022-05-03,201.86187744140625,206.7496944199535,199.64542965909789,206.7496944199535,6616900
V,2022-05-04,207.63043212890625,207.9014384051654,198.73557784878335,202.62647477041028,7191100
V,2022-05-05,198.64852905273438,207.6885625950337,196.54822242259024,205.45275278774278,7749600
V,2022-05-06,196.30621337890625,199.11307069121642,193.78970941227686,197.2063382879883,8825300
V,2022-05-09,186.80157470703125,194.30267420951566,185.91112337704902,193.6251584985221,10314100
V,2022-05-10,187.36294555664062,191.39901918257883,184.83676827781775,190.39242654074678,11016500
V,2022-05-11,190.40213012695312,191.95075034063294,185.25298046989406,187.27586913158834,9427300
V,2022-05-12,188.0989990234375,190.1257362335516,184.2006705450071,188.64204681208602,9308600
V,2022-05-13,193.19979858398438,194.47014577011765,190.55243304663333,191.03729928848225,6684500
V,2022-05-16,191.82276916503906,193.88830397116087,189.9511926820206,191.34760974548647,5161300
V,2022-05-17,197.825439453125,198.60122844958497,194.0919632309427,196.71025294361309,7265600
V,2022-05-18,193.93679809570312,199.24123578351052,193.10282759642416,196.68114270615658,8748200
V,2022-05-19,191.3960723876953,194.35375906408362,187.4589613483142,190.4069560279392,9012400
V,2022-05-20,193.00584411621094,195.55624513892243,188.1474899749254,193.62647227875206,6966600
V,2022-05-23,201.27767944335938,201.66558132944803,194.69320214453404,194.79987331359044,12187400
V,2022-05-24,196.49691772460938,198.47516568021607,193.0058745124271,197.73817424517532,7458500
V,2022-05-25,197.67025756835938,198.7466611716322,194.40226397148774,194.51862712958985,5457200
V,2022-05-26,202.2377166748047,203.39170072211115,198.47514982414705,198.90183449343115,9212300
V,2022-05-27,206.4366455078125,206.77604298191332,203.2947070913611,203.64381135985568,4897200
V,2022-05-31,205.74815368652344,207.86217834331143,202.78077444629452,204.01233892990624,9586400
V,2022-06-01,203.57594299316406,207.62943266442448,202.4995540895455,205.6317860194212,5246100
V,2022-06-02,208.54095458984375,208.73489810953507,204.6911157963562,205.4765966691183,5337200
V,2022-06-03,206.21359252929688,207.7263875290506,204.87537185593277,206.5045152137473,4352500
V,2022-06-06,206.49484252929688,210.99440077254022,205.67056397908553,208.9288657963958,3965100
V,2022-06-07,208.00762939453125,208.46340487113264,204.3420415847608,204.72992868117103,4493300
V,2022-06-08,207.03790283203125,209.04525634609774,206.38818378847276,207.29002797228026,3646300
V,2022-06-09,199.87155151367188,207.2415238921337,199.78427914633656,206.15541350983816,5138600
V,2022-06-10,193.47132873535156,197.2629864201623,193.15131522977723,195.5465557255159,5162500
V,2022-06-13,186.44076538085938,189.960899095748,185.29648813181035,187.14868076063752,7119200
V,2022-06-14,187.66262817382812,188.45780108971732,185.94619759137908,186.88683925317173,6441200
V,2022-06-15,190.22271728515625,192.81190110123137,186.4116611355351,190.04815775310286,6490000
V,2022-06-16,183.32794189453125,186.06257999645496,181.85394427251128,185.61651130887364,9887200
V,2022-06-17,184.2588653564453,185.51952055460222,180.28297102003475,181.27208750742278,15089300
V,2022-06-21,188.5063018798828,190.7754724002451,187.86627487251587,189.7863558946167,6241600
V,2022-06-22,187.95355224609375,190.4457569705202,185.24799040005675,185.4613327247243,5138500
V,2022-06-23,190.68820190429688,191.48338967224322,187.5947528018245,190.20333564489854,4752800
V,2022-06-24,199.28973388671875,199.41580385505216,191.53187337526455,191.74521572308512,7754800
V,2022-06-27,197.3987274169922,200.82188164755834,196.477484584991,199.5224437667591,6121200
V,2022-06-28,192.1234130859375,200.53099273826555,191.52218362426595,197.82544536379874,4354200
V,2022-06-29,193.46163940429688,194.56713389472938,191.34762959504374,191.34762959504374,4324600
V,2022-06-30,190.93063354492188,192.83131577759517,187.01292071019307,189.4566359847024,7045200
V,2022-07-01,193.1512908935547,193.7525350390056,188.81660071096613,190.83363106666218,4131800
V,2022-07-05,194.47015380859375,194.4992593974957,188.26387157516635,190.29060899860423,4110200
V,2022-07-06,195.03256225585938,196.38048960808138,192.6567209972302,193.94646677692973,4111200
V,2022-07-07,196.66172790527344,197.27264923741575,193.9852570898134,196.40958801863346,4650700
V,2022-07-08,197.40846252441406,197.92241959272707,194.39259369870004,196.19629683557312,3621800
V,2022-07-11,198.85333251953125,200.48249071920938,195.8859536095899,195.8859536095899,5353600
V,2022-07-12,198.62059020996094,201.82069517864977,196.62292910754246,197.0981032935501,6779500
V,2022-07-13,197.97088623046875,199.34791941759823,193.46163597244492,194.36348010527217,7597300
V,2022-07-14,199.6776123046875,199.84246504553283,191.98762628278155,193.94648997466973,5605500
V,2022-07-15,203.68260192871094,205.30206817842387,200.90916646663428,203.03288294803878,7245700
V,2022-07-18,200.93826293945312,206.46573482029507,200.38550835289766,205.09840854539289,4648900
V,2022-07-19,207.19302368164062,207.62940029287228,201.6073557076619,201.91767717152376,4927100
V,2022-07-20,206.91180419921875,207.64881031729138,204.81719339260118,205.58327550292432,4460300
V,2022-07-21,209.64646911621094,210.33497089695425,206.29118819438736,206.69847406404048,4801300
V,2022-07-22,207.23184204101562,211.46958332732603,205.6996628432923,211.33380656587173,5071500
V,2022-07-25,207.7845916748047,208.29854872781485,205.21479161280993,208.08520638917545,4357200
V,2022-07-26,206.05845642089844,208.63793352719136,205.34084907127053,207.3772931626554,6141000
V,2022-07-27,204.09959411621094,210.28649200897053,195.11016997741967,204.39051681655903,17432200
V,2022-07-28,204.95294189453125,206.28147050366314,201.62675217789857,204.26442540260044,7477100
V,2022-07-29,205.68995666503906,207.67791120591838,203.47896779718542,205.58328550049598,6059700
V,2022-08-01,204.96266174316406,207.51306295257987,201.27767528465114,202.14073661756828,8028400
V,2022-08-02,200.0170135498047,202.5189250932159,197.75753512342624,201.51040983701463,9939400
V,2022-08-03,202.16981506347656,203.9638259972779,200.61825203675642,201.69465563764865,9520100
V,2022-08-04,207.00877380371094,208.37610002042945,202.23769223606303,204.1577582188738,6789700
V,2022-08-05,209.33615112304688,209.4137314990815,204.12869230612637,204.33234264283524,5553700
V,2022-08-08,206.86331176757812,210.0731234748908,205.63174754134525,208.7154893082811,4063400
V,2022-08-09,203.8959197998047,206.9893683822596,203.40136162525485,205.58325942576414,4596800
V,2022-08-10,205.6802978515625,208.3373558020539,204.91420078343933,208.32766380260205,5746400
V,2022-08-11,205.05368041992188,207.40458778607248,204.57766455424223,207.20057675130934,6639600
V,2022-08-12,205.2965545654297,207.13259468970782,204.10167507455722,206.9188744785726,6443700
V,2022-08-15,210.24124145507812,210.55211262081,204.36396503344338,204.36396503344338,5290600
V,2022-08-16,210.94068908691406,211.39727185215992,206.0737290769473,208.42463670696145,6564400
V,2022-08-17,208.39547729492188,210.00807317746998,206.67600648647897,208.86176918727602,4902500
V,2022-08-18,209.1046142578125,209.83320176393727,206.36511811967094,207.76400850313465,4516400
V,2022-08-19,206.74400329589844,209.08518661161966,206.32627207335113,207.99716731723797,4178800
V,2022-08-22,202.65420532226562,205.21883298534576,202.25590722495056,203.9462357300167,5139500
V,2022-08-23,200.89585876464844,203.32448371387497,200.6335631196499,202.0615957756471,3525500
V,2022-08-24,200.76956176757812,202.40160541096176,199.80782096934402,200.73071029130355,4230800
V,2022-08-25,203.8296661376953,203.91709308872728,200.60444470576326,201.4690346977676,4495000
V,2022-08-26,197.09750366210938,204.2570859183539,196.91292577752395,203.78108487195118,5060200
V,2022-08-29,196.5535125732422,198.1369810768201,194.8923262781169,195.50434462208196,4476200
V,2022-08-30,195.630615234375,198.5741076913257,194.49402045801148,198.09809183189768,3918200
V,2022-08-31,193.036865234375,197.36952458907018,192.96885660897098,195.26147954883868,6559000
V,2022-09-01,194.4163055419922,194.70772870190683,191.04537264289823,193.04655739778713,5608300
V,2022-09-02,192.11395263671875,196.6991979651316,191.22994437482836,196.66034648610992,4508100
V,2022-09-06,192.9688262939453,194.32885035683984,190.7927729701635,192.24994796175787,4547800
V,2022-09-07,194.69802856445312,195.39747382697993,191.5893911883075,193.0368571833162,4098300
V,2022-09-08,194.97975158691406,195.36832568867266,191.33681379610778,191.76423937878153,4377600
V,2022-09-09,199.34158325195312,200.50732055759474,195.60150877872155,196.30095412673734,4885600
V,2022-09-12,200.73072814941406,201.27473780455668,199.09868436083482,200.60443489977334,3812300
V,2022-09-13,193.96945190429688,197.66096548141653,193.1922888107212,196.28150803131743,5217900
V,2022-09-14,193.71685791015625,195.14489066863925,192.4053944141939,194.2900098817511,4632800
V,2022-09-15,189.7921905517578,194.59115614585093,188.976176071499,192.43453586005887,6099300
V,2022-09-16,187.78131103515625,188.2864692477014,182.84634265007548,184.78924288877724,9398200
V,2022-09-19,187.61618041992188,188.45162817839352,185.265272732863,186.12013882251395,8133600
V,2022-09-20,186.58644104003906,187.5190249011388,184.8572461022416,185.64413319043308,5292500
V,2022-09-21,181.6805877685547,187.57728171040227,181.66115461757855,187.0332720682784,6705900
V,2022-09-22,180.48568725585938,181.86515928707087,179.38795884607487,181.02971170211555,6604700
V,2022-09-23,178.7079620361328,179.31025633827028,177.02734273637543,178.23194616380212,10755800
V,2022-09-26,175.43417358398438,179.23254711010748,174.7638706295918,177.81422341295695,9914600
V,2022-09-27,172.79180908203125,179.5725408459551,171.96608546480903,177.29933654976773,9799600
V,2022-09-28,174.06442260742188,174.95816974792672,169.83862354678132,172.19924018557919,9751000
V,2022-09-29,174.9193115234375,177.03708055709853,173.62728104600015,173.7244319901981,9105200
V,2022-09-30,172.57814025878906,177.69768750193242,172.52957960220263,174.91933904467845,9472300
V,2022-10-03,176.46389770507812,178.12508383208024,173.06382249054366,174.21985043518964,8842300
V,2022-10-04,180.34970092773438,180.89372542248876,177.84337277258712,179.76683977522526,7081400
V,2022-10-05,182.31201171875,183.42918806360262,177.1536148168787,178.10563162460835,6119900
V,2022-10-06,180.29141235351562,182.68118601370128,179.96112289199894,181.32114704127437,5163000
V,2022-10-07,178.5816650390625,179.33939489462378,176.7359010442929,178.21250927547828,5610300
V,2022-10-10,176.97874450683594,179.50452030225605,175.7352897585783,178.87308376497595,4743800
V,2022-10-11,174.02557373046875,176.45419902804878,173.10269908201883,175.22045322639542,6294500
V,2022-10-12,173.15127563476562,175.4341745348671,173.13184248178084,173.976999347212,4884300
V,2022-10-13,179.38800048828125,180.07772184084484,169.61521368461987,170.00378784185395,8426400
V,2022-10-14,177.4062042236328,181.7874534565967,176.87191855213607,181.45714917244504,6449400
V,2022-10-17,179.96112060546875,183.18634186584538,177.62964642971914,180.6897081382844,13952100
V,2022-10-18,181.8263397216797,184.76012359824819,180.43717299298515,184.08011139458114,5209200
V,2022-10-19,181.08799743652344,182.2828767819435,179.48509604813012,180.19426521836652,4927000
V,2022-10-20,181.87486267089844,185.52750918363918,181.1074089016448,181.13656603773862,5706700
V,2022-10-21,184.93495178222656,185.49839462201692,179.76684493063775,180.49543250953266,7582500
V,2022-10-24,185.26527404785156,187.61618175159688,183.70123863390754,185.9452862227938,7299200
V,2022-10-25,188.83047485351562,189.6561985431905,185.27496393613305,185.42067552161916,11907200
V,2022-10-26,197.52499389648438,200.47819632544844,190.88998648074153,190.9677042845505,15450000
V,2022-10-27,198.45753479003906,200.42959213414713,195.83462247960458,197.51524182851946,7946700
V,2022-10-28,203.3633575439453,205.4811264404876,197.50551470838707,199.14726772622464,8455600
V,2022-10-31,201.24560546875,203.63536440422783,200.31300685429264,202.95535230157773,8674100
V,2022-11-01,201.0221405029297,203.97535679093718,199.4678294036394,202.94562216715912,5919500
V,2022-11-02,195.212890625,201.09016657404072,194.8534588387835,199.88556313842196,6985600
V,2022-11-03,189.1898956298828,193.17284673029874,188.6361619909754,192.61911309139134,8236200
V,2022-11-04,191.3562469482422,195.69863031711452,189.7630692905748,191.37568010178103,9680100
V,2022-11-07,194.3871307373047,194.71742014543975,191.54077482493147,192.6579511027752,7821300
V,2022-11-08,196.0192108154297,198.2924006173883,194.0374590241934,195.90264154040196,6943700
V,2022-11-09,188.81439208984375,196.0191994063075,188.2302281601523,195.405813166662,7320200
V,2022-11-10,200.14735412597656,200.33232970881392,194.743752498194,197.73276240815815,8048900
V,2022-11-11,199.59237670898438,200.9846481081825,196.81754991954148,200.5659980587843,9601000
V,2022-11-14,201.4033203125,203.65238333503615,197.84960819946076,198.1319518643701,5796100
V,2022-11-15,204.45079040527344,208.09212541895752,202.03619831467486,204.45079040527344,7316100
V,2022-11-16,204.5968017578125,205.32701781265234,202.72745044017648,203.07795474075098,6125300
V,2022-11-17,205.42442321777344,205.70676694017686,201.85123378965952,202.47435100874748,5385600
V,2022-11-18,205.2393798828125,208.5204790196557,204.20734364726434,207.54685768705818,8028500
V,2022-11-21,200.8776092529297,204.99602433015914,200.45894425297874,204.75261893790207,10450900
V,2022-11-22,204.78179931640625,204.92783658993426,199.93316870358186,202.06538717851174,5273100
V,2022-11-23,206.1448516845703,207.2158411505747,204.38259935474036,204.46049084829372,3807300
V,2022-11-25,208.1505126953125,208.3549797262011,205.8138272764106,206.12539325561542,1993500
V,2022-11-28,205.687255859375,208.81258715462005,205.0933461988704,206.66087727946226,10229400
V,2022-11-29,203.5452880859375,204.60653184944792,201.88040380672086,203.8276466122594,8986900
V,2022-11-30,211.27586364746094,211.27586364746094,202.5230010909464,202.727468140919,13918100
V,2022-12-01,211.27586364746094,212.8823331658608,209.6207100832309,211.27586364746094,11261500
V,2022-12-02,211.91845703125,212.71681892760228,208.58867331895303,210.0393598307044,5132800
V,2022-12-05,208.04339599609375,211.1882035481981,207.4300246683298,209.96143118010554,9006300
V,2022-12-06,203.56475830078125,206.53430645751706,202.16274114768086,206.40773092510898,5986000
V,2022-12-07,202.32826232910156,203.50635076902017,199.7189640878432,203.29215287085316,7923800
V,2022-12-08,203.58424377441406,204.75258650090134,202.2698489219385,203.98341726370091,4896500
V,2022-12-09,203.19479370117188,204.96679187168917,202.04592752086364,202.42563929221959,4928400
V,2022-12-12,208.9293975830078,209.15334118537098,203.94446112875875,204.46047924501738,5941700
V,2022-12-13,207.42030334472656,214.1772384600795,207.01138412602447,213.74884265297712,14585000
V,2022-12-14,207.69293212890625,210.57484326369877,206.04750952291883,207.23532886488783,7001700
V,2022-12-15,202.42564392089844,206.23250744403063,201.36440008134028,204.07106658649334,10831800
V,2022-12-16,201.43252563476562,202.9026885624272,199.88447121436738,202.01670440214917,12472900
V,2022-12-19,199.41712951660156,201.99722011896597,198.57006885053943,201.17938176081452,4893600
V,2022-12-20,199.94290161132812,201.0820369253308,198.1806491634363,198.50194602476287,5024900
V,2022-12-21,201.35462951660156,202.4743029856522,200.1570794128864,201.1209699000422,4086900
V,2022-12-22,199.6508331298828,201.19888783247112,196.79812911277176,200.3226343779495,5690300
V,2022-12-23,200.4005126953125,200.7997010709756,198.151449434617,198.7453591366596,3246000
V,2022-12-27,200.8483428955078,201.42279078604548,199.20293528393984,200.48810774797226,2904900
V,2022-12-28,199.58262634277344,203.02923904753644,199.3976359273814,201.228033783887,3139200
V,2022-12-29,202.57167053222656,203.02927378872573,200.0792020707833,200.5173287390976,3675500
V,2022-12-30,202.27957153320312,202.5521843297159,200.27391387759477,200.86782351062973,4159400
V,2023-01-03,201.91932678222656,206.72901852342386,200.72177670758154,203.7594704993767,4202800
V,2023-01-04,207.00161743164062,207.576050411611,204.09048450544884,204.09048450544884,6606200
V,2023-01-05,205.54124450683594,208.51079318380755,204.90839644649304,208.16028883412753,5246000
V,2023-01-06,212.00608825683594,212.38580005946244,207.46900835940156,208.3550075176252,6829700
V,2023-01-09,212.83364868164062,216.3484226074942,212.5902433262665,213.29125193824666,6294500
V,2023-01-10,215.25796508789062,216.52367595751207,212.42472307296632,213.21336893507242,10857000
V,2023-01-11,216.24134826660156,216.31922491565436,213.90464767530744,215.45270234615774,5408200
V,2023-01-12,217.72120666503906,217.90619710290483,214.7906116807219,216.24131287467912,4264400
V,2023-01-13,217.1759796142578,217.85751159948774,214.33300700709657,216.05632098540033,4283200
V,2023-01-17,217.11758422851562,218.4806483215172,216.5041979585227,216.5139436810841,6101100
V,2023-01-18,213.67095947265625,219.05508463854835,213.65148288485202,218.16908559700065,6558000
V,2023-01-19,214.5959014892578,215.67662186344367,211.76265958175924,212.34683837829144,4853100
V,2023-01-20,218.3929901123047,218.50981991359168,214.59587300765816,215.3066123926239,5211000
V,2023-01-23,218.2664337158203,220.23315306208426,217.2636048834815,218.67536776872183,5501500
V,2023-01-24,217.98411560058594,223.93294352053502,210.91562890554817,216.16344816162584,5274900
V,2023-01-25,218.96742248535156,219.03558310676237,215.3358192283211,215.77394583817872,4729600
V,2023-01-26,218.78248596191406,221.08996408021665,217.769911318679,220.03845111514235,7043400
V,2023-01-27,225.3349609375,226.69802508652026,221.2554845008311,221.9857006212959,11382600
V,2023-01-30,223.05665588378906,224.34182833277995,221.9175058376226,224.1276304485677,5677400
V,2023-01-31,224.1373748779297,224.71180790214987,222.42379181410996,222.7742960902292,11294200
V,2023-02-01,224.80918884277344,226.52277211788993,221.79097123495734,223.31954919965435,5792700
V,2023-02-02,223.50453186035156,228.1195027613454,222.3459199880401,227.7884750424804,7190000
V,2023-02-03,224.05953979492188,224.77027939121203,221.6352167034186,222.657522337488,5243600
V,2023-02-06,223.38771057128906,224.18607244469317,222.0246316110051,222.6672253412982,3402400
V,2023-02-07,225.2180938720703,226.00672477476533,221.93697987771208,222.00514050203515,4042600
V,2023-02-08,224.12762451171875,225.7438394656789,223.92317235438443,224.26393090203572,4978600
V,2023-02-09,223.73744201660156,226.79083575273006,223.52282458014756,226.72255650588485,5238400
V,2023-02-10,221.64004516601562,224.28373362785376,220.62550219943566,223.3569846430642,4509700
V,2023-02-13,223.2789306640625,224.2056796076683,220.73280110761556,221.32787398894243,4946700
V,2023-02-14,223.77645874023438,225.75678019839185,221.61078450469768,223.07407710247207,4829400
V,2023-02-15,223.3179473876953,223.4642855709601,221.24983205557456,222.0204929000633,4407300
V,2023-02-16,220.30357360839844,222.77165919394858,220.1474854966891,220.53770577596245,3865900
V,2023-02-17,218.08914184570312,219.26953784112567,216.31368777498318,218.69396473232223,4520200
V,2023-02-21,215.2210693359375,216.99653815647451,214.60649657030558,214.77233461089716,7276100
V,2023-02-22,214.63575744628906,216.32341736879033,214.0796991270095,215.0162129174976,4621800
V,2023-02-23,215.71861267089844,216.6551116547207,213.5724381550912,216.13808276283524,5533800
V,2023-02-24,214.17726135253906,214.85037832440318,212.13841058658974,213.13343882854528,4414400
V,2023-02-27,214.95767211914062,216.02099441966865,213.97237898538705,215.3283627601526,4255300
V,2023-02-28,214.55772399902344,216.34294280154546,214.12848911071663,214.61625332281392,5385400
V,2023-03-01,213.01638793945312,214.87965080772764,211.1336103347293,214.08947516342863,4792700
V,2023-03-02,213.69924926757812,214.22604294024313,211.77745712564283,212.55788282398004,5539300
V,2023-03-03,218.29396057128906,218.5378426336783,214.518656123445,214.81131757538807,6055400
V,2023-03-06,221.2010498046875,221.85465200242916,218.21593548336128,218.4500527569517,5737600
V,2023-03-07,217.70863342285156,221.81561382298221,217.62083945459423,221.20102627442205,4386800
V,2023-03-08,216.75265502929688,217.47453651016517,215.76736183023644,216.52828766784174,4194900
V,2023-03-09,214.62599182128906,218.87929611974016,214.28456582222847,215.98197566330953,5066700
V,2023-03-10,210.8507080078125,213.75777847503838,210.20685569062695,213.66998449143549,6638900
V,2023-03-13,209.22158813476562,212.51887906338166,207.29979589493257,209.37767625946074,6810800
V,2023-03-14,213.30905151367188,214.48943258611163,210.7531568877889,212.6651991730415,7985600
V,2023-03-15,211.0750732421875,211.6018669092533,208.44114956300436,209.16304593123522,8372200
V,2023-03-16,212.12864685058594,212.25547030545843,203.65130270299065,209.9044432973049,13674600
V,2023-03-17,212.07009887695312,213.30902399950304,209.61176336597478,209.61176336597478,18801200
V,2023-03-20,212.81150817871094,215.15278520033127,211.5335683943667,211.68965650621774,9817400
V,2023-03-21,216.5185089111328,217.06480239186158,213.3285271182005,215.92343603704305,8971400
V,2023-03-22,214.65525817871094,219.39632670077333,214.53819953643688,217.05506454300155,6700600
V,2023-03-23,217.1428680419922,219.73777721893399,214.86988503079573,215.0454878872852,6427700
V,2023-03-24,215.6307830810547,215.91369464249667,212.9090654944054,215.26984234960963,4791500
V,2023-03-27,216.38192749023438,218.59638087507972,215.97220739493187,217.14283836513624,7210900
V,2023-03-28,214.93817138671875,217.8647565489818,213.29927595545286,217.36724243013455,6418400
V,2023-03-29,217.8354949951172,218.07937709545087,215.5137326366183,216.8502017831246,4483000
V,2023-03-30,216.9185028076172,218.7525010237141,215.79665106459433,218.44032478038588,5383900
V,2023-03-31,219.94261169433594,220.31330231722114,217.82570223591748,218.12812850524884,9509000
V,2023-04-03,223.39598083496094,223.55206893554657,218.63539796476311,219.71823497383252,6421500
V,2023-04-04,222.08880615234375,224.4203185067916,221.27911576844662,223.39601067726474,5254700
V,2023-04-05,222.5863494873047,222.87901103203757,221.00599798528543,221.230365385914,4813600
V,2023-04-06,220.45965576171875,221.18153720944625,219.1817011276923,220.6254937939097,4285200
V,2023-04-10,220.88888549804688,220.93766489446764,218.83053489168,220.0401805647766,4952200
V,2023-04-11,222.85943603515625,223.53255294042597,220.66449737121437,221.4449229843587,4513300
V,2023-04-12,222.23513793945312,225.92263435809446,221.76688844266553,224.3032535285328,4373000
V,2023-04-13,226.9956817626953,227.14200505306223,223.20087728358124,223.8447295319567,7615500
V,2023-04-14,228.29315185546875,229.2394155591483,226.55671255880307,227.2883588316245,9781300
V,2023-04-17,227.766357421875,228.32241573229487,225.2885219359878,228.29315107231292,4865000
V,2023-04-18,227.8834228515625,228.59555436146024,226.0201601768705,228.02974614627405,4796200
V,2023-04-19,226.87864685058594,228.3321746381322,226.17626521262963,228.2736453158662,3833900
V,2023-04-20,228.8589630126953,228.92724225863142,225.83481909229587,226.77133288302412,4925700
V,2023-04-21,228.32240295410156,229.8052101468536,227.66880077544826,229.24915186755385,6771500
V,2023-04-24,227.06396484375,229.39547691710922,225.84455445213155,228.49799265512374,9124100
V,2023-04-25,223.97157287597656,229.26870009072198,223.8154847517544,227.3176431940935,6076500
V,2023-04-26,222.56678771972656,227.0737388313687,221.17178932031493,225.56166690757092,8400400
V,2023-04-27,223.40576171875,224.01059947099245,221.06449942703617,223.07408562307734,7128200
V,2023-04-28,227.03472900390625,227.85418420398102,222.4790129887842,223.05457119419538,11627900
V,2023-05-01,226.82009887695312,228.84919969898337,225.84457049436446,227.1712896901003,4571100
V,2023-05-02,221.4254150390625,226.6835121153609,220.67426894629196,226.27379200510944,5244000
V,2023-05-03,220.44989013671875,223.0740637533538,220.3913608179714,221.4254184768578,4093300
V,2023-05-04,220.0791778564453,220.52791251298663,218.01104785658185,219.337766864174,5648700
V,2023-05-05,226.1079559326172,226.65424941767955,221.72782835675912,222.75213608394156,6237500
V,2023-05-08,226.5469207763672,227.73706642929125,225.59090726160812,225.59090726160812,2938400
V,2023-05-09,227.5517578125,228.36144820130153,225.1714809303952,225.4251129652291,4352100
V,2023-05-10,225.61045837402344,229.0638223778762,223.29844593230044,228.566308250104,5245000
V,2023-05-11,225.796142578125,226.2946415197017,223.11799340564278,225.5420160981847,3818000
V,2023-05-12,226.15780639648438,227.47732822920855,224.6330176576557,226.7638083530954,3432700
V,2023-05-15,227.55552673339844,227.57507951379665,225.3465398092514,225.97209455237987,2843200
V,2023-05-16,225.26834106445312,227.83898728220203,224.44730326979615,227.31116661820727,4289700
V,2023-05-17,227.39915466308594,228.61117361138022,225.34655996968777,227.47735087727295,4990100
V,2023-05-18,228.3277130126953,228.86528772019685,225.91345909520268,227.15478477785038,6621900
V,2023-05-19,228.0442352294922,229.05098713198225,226.70516064187748,228.7186644468576,5399400
V,2023-05-22,226.06005859375,228.5915992673552,225.9623096066357,228.04424073407856,3987800
V,2023-05-23,219.51129150390625,224.31047770201369,218.61205744655535,224.09544184977736,8537200
V,2023-05-24,217.23385620117188,218.0646778149457,215.06396002144342,217.5270882362921,6730800
V,2023-05-25,218.33834838867188,219.61877947956833,215.5135758943247,217.42933060738494,6827600
V,2023-05-26,219.9315948486328,221.10452318503252,218.29928797490734,218.76846527522855,5067300
V,2023-05-30,216.63763427734375,220.3811938254509,214.79029175033332,219.93156936001907,6916000
V,2023-05-31,216.04139709472656,216.53011219740014,211.2617639871551,214.99555453049382,20460600
V,2023-06-01,221.38795471191406,221.59322162961305,217.40980638003194,217.703038442001,7003600
V,2023-06-02,223.62623596191406,225.07284331261633,222.2871614379698,223.64578874081556,5897100
V,2023-06-05,221.65185546875,223.17664422773234,220.2248007832605,222.76612532449874,4858900
V,2023-06-06,223.0691375732422,224.0758895589152,221.0556336018961,221.5736704522171,6020100
V,2023-06-07,220.18568420410156,222.41422365313008,216.03160625266864,221.87663411182936,8517200
V,2023-06-08,218.0158233642578,220.05864903652548,217.39026859188488,220.00977454044587,6248200
V,2023-06-09,218.51431274414062,220.09774503769444,217.73236553105633,218.59250895688933,6385000
V,2023-06-12,221.06539916992188,221.33907844840036,218.58273288246656,219.3451272888569,8621100
V,2023-06-13,218.35789489746094,222.0232580498203,217.60528440187844,220.52779107680973,6868700
V,2023-06-14,218.3970184326172,220.38120065592588,217.55642781724487,218.69025049182187,9160700
V,2023-06-15,221.06539916992188,221.98418599670052,216.37373095908762,217.0090695740143,12534000
V,2023-06-16,223.74354553222656,224.61345779370814,220.9774163399108,221.33906073301185,13628900
V,2023-06-20,221.35861206054688,224.38865155696874,221.0751489588399,221.8766488581208,12312300
V,2023-06-21,222.1210479736328,223.46990663492673,219.90227689374876,221.01654690086875,7032100
V,2023-06-22,223.2352752685547,223.7630809964551,220.41050268219703,221.25109322248343,6275500
V,2023-06-23,224.36911010742188,224.78939794334053,221.28042703106482,222.0916959038397,5424400
V,2023-06-26,221.19244384765625,224.90668136560546,221.09469486781535,224.2615738932163,5165400
V,2023-06-27,222.208984375,223.45032494015078,221.40749934381404,222.34582401029525,4628500
V,2023-06-28,222.8150177001953,222.91275178153165,220.9188005323176,222.36539319995927,5324500
V,2023-06-29,229.03147888183594,229.40289226024808,223.44057627926446,223.62627551126903,7118900
V,2023-06-30,232.1201629638672,232.90211025242394,230.6246956724143,230.9374805535986,6879400
V,2023-07-03,232.5990753173828,233.0193631615099,230.0968562902399,231.6509667917917,3087400
V,2023-07-05,234.045654296875,234.58324388031423,228.7088938506624,229.11941273772482,7601200
V,2023-07-06,233.48854064941406,234.1922916158051,231.3479660361749,232.8923076060662,6441800
V,2023-07-07,231.11337280273438,233.0584643119628,230.8006028874624,231.38705207149798,5729500
V,2023-07-10,232.7847900390625,233.70357685294505,231.1622522577126,231.6607363120012,4858900
V,2023-07-11,235.12086486816406,235.26747344941097,232.7457014511437,233.42013075368533,3856500
V,2023-07-12,236.74339294433594,238.44411207384152,235.78550053859348,236.09828538481202,6116000
V,2023-07-13,237.8185577392578,238.75689736526073,237.66216531585692,238.28772009505806,5819600
V,2023-07-14,237.67193603515625,239.21627757352732,236.49902275324447,239.20649372610373,4941200
V,2023-07-17,238.48321533203125,239.83205895370645,237.51555400209716,237.62307192764538,4328100
V,2023-07-18,235.3358917236328,237.69148735379773,232.31562083591012,237.61330605639347,7674000
V,2023-07-19,235.97122192382812,237.11481358843193,234.7005595472452,235.80506056207233,4835500
V,2023-07-20,234.21180725097656,236.15689861434709,233.67423260118915,235.71705803070262,4695000
V,2023-07-21,233.85018920898438,234.92536845846467,233.34192129882985,234.32913540455326,5427400
V,2023-07-24,235.3065185546875,235.83432422596562,232.8140689130761,234.2704301606097,6010000
V,2023-07-25,233.30284118652344,235.36521972045955,233.1757704746459,234.602825278,4997500
V,2023-07-26,231.74871826171875,233.45922119937345,222.54131218121233,226.19690668572764,7551400
V,2023-07-27,229.14874267578125,233.2734993885614,227.7021501292901,232.0614805491544,8160100
V,2023-07-28,230.42918395996094,230.5562546664606,228.43523279047045,229.2855923446705,6794800
V,2023-07-31,232.3644561767578,233.03888533983977,230.67350626028852,230.67350626028852,4799600
V,2023-08-01,234.3682403564453,235.29679617526676,231.6509852667221,231.7878249146073,4627300
V,2023-08-02,232.19830322265625,233.40053812685238,231.44567783379833,233.24416063835238,4868200
V,2023-08-03,233.37124633789062,233.65470946879265,229.94047145287948,230.6735441567675,5033800
V,2023-08-04,233.5960693359375,236.45016398029816,232.47201555880204,232.62840798396215,5169700
V,2023-08-07,236.0591583251953,236.71403475862664,233.81108083393002,233.82084976658385,5649800
V,2023-08-08,233.8892822265625,235.91257003988247,232.03217068344753,234.99378320181845,5080600
V,2023-08-09,234.34864807128906,236.50877527136075,234.08475266839565,235.07195175356114,4055000
V,2023-08-10,235.1810760498047,238.89249629323666,235.1125200971478,235.6315310953134,4778000
V,2023-08-11,235.06353759765625,235.72944775915187,233.47712785849623,235.0243734434258,3607100
V,2023-08-14,237.86424255371094,238.2853356546529,235.2789750735125,235.7294450253984,4351100
V,2023-08-15,234.8578643798828,237.63898212858524,234.3878198874481,236.9926616124594,3770100
V,2023-08-16,234.32908630371094,236.07219748619025,231.1268899758409,231.62631138985662,3218600
V,2023-08-17,232.4488983154297,235.3965052932737,231.5871524215046,235.02437857894049,4177600
V,2023-08-18,233.23231506347656,234.0940758967614,230.42181999462372,230.69601390658752,4344800
V,2023-08-21,234.4955596923828,235.5433688513843,232.83079186980433,234.41721644664824,3573600
V,2023-08-22,235.58255004882812,236.42470632748962,233.72193156652418,235.02436002140303,3848400
V,2023-08-23,237.27670288085938,237.51171770058244,235.72945723374193,236.31702416794525,4947700
V,2023-08-24,234.50538635253906,238.51059020483098,234.39766623938078,237.22775109332247,4570700
V,2023-08-25,237.54107666015625,238.36365830037704,235.2300032835032,236.37574519862056,3541500
V,2023-08-28,238.7749786376953,240.14594820754166,237.57048287686973,237.97197150217983,3741500
V,2023-08-29,240.253662109375,240.73350891765585,238.35387936703296,238.45181216625673,3975600
V,2023-08-30,241.12522888183594,243.08376547823542,240.94896776053523,241.31129224928563,4573300
V,2023-08-31,240.58660888671875,242.87810787558314,240.36138138021977,240.49847833319052,5532600
V,2023-09-01,242.9662322998047,243.71047074823574,241.6540165055525,242.33950125311358,4112900
V,2023-09-05,240.253662109375,243.534216631557,240.11656515593006,243.20126902211177,4459600
V,2023-09-06,241.05667114257812,241.54630525769917,239.14710108209553,240.33200727291793,4520300
V,2023-09-07,242.01637268066406,242.27097706529113,240.02845918092734,240.41037322909233,4007900
V,2023-09-08,242.16323852539062,242.9956225133489,241.33086947987996,242.65287264949606,3309100
V,2023-09-11,242.0946807861328,243.21104591423966,241.16437900311823,242.20240088368902,2995800
V,2023-09-12,242.1730194091797,242.6234743958518,240.90975511264836,241.82048227322284,3499600
V,2023-09-13,242.69204711914062,244.8758110871219,241.4973386837102,242.02613695298314,5657000
V,2023-09-14,236.49331665039062,240.44955437909812,233.80032857259116,239.92075602213544,12000000
V,2023-09-15,236.0722198486328,239.0394016474256,235.05377243335127,236.88499940065643,13077900
V,2023-09-18,239.5877685546875,240.14594367528784,235.7784157405998,235.94488954647875,4771600
V,2023-09-19,238.51055908203125,240.03821507479046,236.45410483887343,239.92070767302337,4709000
V,2023-09-20,236.84579467773438,239.46043883764546,236.65973133897637,238.57910348215043,5756600
V,2023-09-21,231.7046356201172,235.78818197817318,231.371688038105,235.77839467603613,6881500
V,2023-09-22,230.20635986328125,232.86016819778382,230.01050922060648,231.84173589040728,5935500
V,2023-09-25,228.52203369140625,230.58829024482802,227.39588120910437,230.50015969072382,5921600
V,2023-09-26,224.88893127441406,227.84632535814325,224.8399798194335,227.12166152658278,6193200
V,2023-09-27,224.74203491210938,225.89756412839026,223.19478947996956,225.4862733085727,6006700
V,2023-09-28,226.8572998046875,227.71904575481395,224.90855049259582,225.88781880054066,4203900
V,2023-09-29,225.24147033691406,228.1988644458585,224.88893319185811,228.01280109951693,6045200
V,2023-10-02,226.4753875732422,226.57330543935052,224.0272167838039,224.4874740876142,5175200
V,2023-10-03,224.06637573242188,226.9454269046578,223.05773058601926,225.69196468500314,5585700
V,2023-10-04,226.42640686035156,226.89645143833445,224.13492273243125,224.72247471929794,5430900
V,2023-10-05,228.6395263671875,229.33481333714937,225.44711753712906,225.63318087877153,6126200
V,2023-10-06,230.1671905517578,231.68505924628008,227.9246729542955,228.33596380412692,6401300
V,2023-10-09,229.57965087890625,230.2945125173905,226.89645049511464,227.97365154689717,5372200
V,2023-10-10,231.69485473632812,233.2812643883469,229.42294541212928,230.03008689525817,4644000
V,2023-10-11,230.79393005371094,233.56526094706695,230.02031472407427,232.62517181086156,4760900
V,2023-10-12,231.87112426757812,232.8014260733696,230.02030795875933,231.80258326333512,4472800
V,2023-10-13,232.74266052246094,233.70233913013254,231.3325119889742,231.48919847990524,4966800
V,2023-10-16,235.09292602539062,235.71965708123517,233.38899396304123,234.0451018697498,6227300
V,2023-10-17,236.19947814941406,236.4736720399164,233.3498042062149,234.66203490212916,4527600
V,2023-10-18,232.54681396484375,235.83715561996084,232.0767694262403,234.9851970920334,9528300
V,2023-10-19,228.96270751953125,232.98750063137066,228.57100619586396,232.54683290663303,5927400
V,2023-10-20,228.5416259765625,230.88207646574438,227.81696210176216,229.27607715445365,5748300
V,2023-10-23,226.72998046875,229.59924425867325,226.48516340220988,226.56350665659647,5071700
V,2023-10-24,229.78526306152344,231.62629194620604,228.06175651449774,228.06175651449774,6844100
V,2023-10-25,231.93966674804688,233.53586366785416,226.49492329545424,227.4350272918752,10365300
V,2023-10-26,226.4851531982422,230.72538639277332,225.58422822705816,229.70695401652748,6414500
V,2023-10-27,224.51683044433594,226.59287430266275,223.30253246435285,226.377434097465,5540900
V,2023-10-30,228.2478485107422,228.54163197810294,225.26107732039563,227.3763003544556,5170300
V,2023-10-31,230.22596740722656,230.83310892971295,228.15971083922742,228.72768820709584,4828400
V,2023-11-01,233.6337890625,234.08424402838762,230.79390255875919,231.2443724670924,4996200
V,2023-11-02,238.2069854736328,238.2069854736328,234.24094634467806,234.9362333291646,6286700
V,2023-11-03,238.54974365234375,240.23408618107953,237.23751288522598,240.03822058371017,5029800
V,2023-11-06,238.44203186035156,239.7052813297034,237.58027101772538,238.94145328917483,5254100
V,2023-11-07,239.69546508789062,239.98924851626705,238.33428298077754,238.36365982937062,4219700
V,2023-11-08,239.36184692382812,240.18617996399848,238.27254434422423,238.94968040374292,5117500
V,2023-11-09,237.1341552734375,239.92119439885724,236.47665051334437,239.7739974280377,4866600
V,2023-11-10,240.6768341064453,240.6964653601232,237.45799731919078,239.43051154743387,4094400
V,2023-11-13,240.10765075683594,241.0988119540753,239.55809544057414,240.43149906268863,4088500
V,2023-11-14,242.33531188964844,243.30684177481518,241.0006712124748,241.57966588787335,14092000
V,2023-11-15,243.48350524902344,243.6110859369796,240.76515311426704,242.20774329223912,13258900
V,2023-11-16,243.9349365234375,244.79851703095002,242.65917455470893,243.95455280310736,7051600
V,2023-11-17,244.90647888183594,245.57380678092449,244.02326707561934,244.7985294411419,7238200
V,2023-11-20,245.30882263183594,246.25091317242808,241.02031460339595,244.95553493554908,8604200
V,2023-11-21,247.5266571044922,248.61595950753016,245.36768355074122,245.36768355074122,7213700
V,2023-11-22,248.98890686035156,249.79360860646224,247.9486749822218,248.28233143855402,5701400
V,2023-11-24,249.5580596923828,249.95059488505882,248.772974332773,249.45011026825824,1640900
V,2023-11-27,249.4010772705078,250.22541028410794,247.81129003367042,249.55809736098212,5478900
V,2023-11-28,248.22344970703125,249.4108785446865,246.91824831763242,249.1164846009767,5234900
V,2023-11-29,249.4893798828125,251.29508086203438,248.79262760799682,249.18516283542039,4955100
V,2023-11-30,251.8937225341797,251.98204072497202,248.44917832493073,249.5090415372214,6874700
V,2023-12-01,251.66798400878906,252.11939799455766,249.16551593761292,251.0202724731153,3939400
V,2023-12-04,249.6954803466797,252.59048391528273,249.60716216320455,251.1380705738127,5247500
V,2023-12-05,249.86231994628906,250.0684106913712,247.43837652774465,249.45015343038511,4199100
V,2023-12-06,249.54824829101562,252.04087832743298,248.80242540022533,251.0301009075676,3874000
V,2023-12-07,251.0497283935547,251.36376853712818,248.77298227542167,250.13706232877024,3589300
V,2023-12-08,250.97122192382812,251.2656308190471,249.136081629043,250.2450153121891,3732300
V,2023-12-11,251.73667907714844,252.82599655955917,250.2450331901875,250.2450331901875,6479300
V,2023-12-12,254.719970703125,254.876990769808,251.61889177029536,252.50210344043623,5946600
V,2023-12-13,257.4873962402344,257.58553752662493,253.86620139658703,254.31761537576477,4859900
V,2023-12-14,253.90548706054688,258.3411920939507,251.61891766799414,258.28231330644894,8168700
V,2023-12-15,253.21852111816406,253.55217755452244,249.70527547405828,249.76415425997342,13374000
V,2023-12-18,253.55218505859375,254.7494369884981,253.14003354498985,253.87604833922975,6041100
V,2023-12-19,255.14198303222656,255.4854626071281,252.4040294445861,253.78771096168444,8731200
V,2023-12-20,252.315673828125,255.95651528618012,252.28623443392192,255.64247511566793,7240900
V,2023-12-21,254.7003631591797,255.14195403513457,252.24698068659748,252.70821778938358,6246700
V,2023-12-22,253.61106872558594,256.3392290841161,253.4049929648192,255.15180024548212,5111500
V,2023-12-26,254.3274383544922,254.89660989763135,253.70918119392573,253.70918119392573,2085100
V,2023-12-27,254.1017303466797,254.9260632898708,253.4932962658851,254.4157705008051,4034700
V,2023-12-28,255.54437255859375,256.1037510817714,253.71906994425436,253.71906994425436,3020500
V,2023-12-29,255.4952850341797,256.58457259758563,254.82797211523624,255.71118391366372,4074900
V,2024-01-02,254.04286193847656,255.24011387003222,252.86525623517966,254.76905361960223,5471000
V,2024-01-03,253.16944885253906,254.03301430553284,252.07030837428954,253.72879728207138,4148300
V,2024-01-04,254.76907348632812,256.17243123292155,253.18910931126496,253.2578112184906,3843000
V,2024-01-05,254.84762573242188,256.5846101887585,253.9251512893439,255.91729717204973,3748400
V,2024-01-08,257.6444091796875,257.7229042375185,255.10270865963435,256.0742384864324,4659000
V,2024-01-09,258.41973876953125,258.70433959830575,256.2706026994811,257.1145521212285,7055800
V,2024-01-10,259.62677001953125,260.4216636232584,257.95845779403106,260.02912837858764,4355800
V,2024-01-11,259.10662841796875,261.22635446746,257.5070182545668,260.509956004217,5599000
V,2024-01-12,259.24407958984375,260.59832180503986,258.7926355695897,260.1861702456173,4656100
V,2024-01-16,260.2940979003906,260.706279397538,257.45800289215384,258.60616929756236,6196400
V,2024-01-17,261.65814208984375,262.1193791747067,259.4599210633559,259.48936045394225,5118700
V,2024-01-18,263.1400146484375,263.7680650115655,261.45208624653685,262.88485327826675,6694300
V,2024-01-19,265.8484802246094,266.09381843632434,262.0702657744968,263.1791992832103,7226500
V,2024-01-22,266.1429748535156,267.2715249379459,265.3186118881459,267.16356052284175,5984300
V,2024-01-23,266.20184326171875,266.80045425892723,264.87701062796293,266.48641408898885,5883000
V,2024-01-24,266.5845642089844,267.7719930769987,266.02518575311484,267.48742224030997,5021700
V,2024-01-25,267.526611328125,267.6934545057269,265.7503648977593,266.8789447406509,6894900
V,2024-01-26,262.9437561035156,265.81911354363575,260.6473934075871,260.98104987295926,8586500
V,2024-01-29,268.55706787109375,269.9407792067522,261.7366524833443,261.9918138490524,6574500
V,2024-01-30,271.9819641113281,273.4442003718644,269.0771677648213,269.4697029551305,6549000
V,2024-01-31,268.16455078125,274.76903780705686,268.08602576410175,271.9525592743763,6139300
V,2024-02-01,271.8838806152344,272.0212844327311,268.26268506405853,268.2921544093978,7065000
V,2024-02-02,272.01141357421875,273.3068067038703,270.5393840946647,272.43338817071367,4848700
V,2024-02-05,270.4412536621094,272.8161411618009,269.99966276962715,272.2273233566402,4899100
V,2024-02-06,271.5992431640625,271.717000722458,268.92013891650805,269.6757698818886,4400000
V,2024-02-07,274.1802673339844,274.32746431483673,271.8936977535003,274.1704442190872,4785900
V,2024-02-08,271.1421813964844,274.95693588343585,270.65058994207027,274.83895873507424,5833400
V,2024-02-09,271.78125,272.51863719712327,269.48060554549886,270.37530561186514,4618300
V,2024-02-12,270.4441223144531,272.0172209251389,269.62806372067047,271.78123663070176,3676200
V,2024-02-13,271.171630859375,273.32480347414213,268.1729354848724,269.1462768023252,5493800
V,2024-02-14,272.89227294921875,272.9709443922016,270.0901953791491,271.82060707240055,4218400
V,2024-02-15,276.2547302246094,276.3923602224535,272.8922316485478,272.98071450523895,4834800
V,2024-02-16,273.87548828125,276.39243467521743,273.19708952618237,276.23512177504847,6630700
V,2024-02-20,270.5227966308594,272.1843783023247,268.74323780001305,269.9525636923965,6157200
V,2024-02-21,272.10577392578125,272.31223398281844,268.93008159953837,270.01158904844215,4770100
V,2024-02-22,278.9781799316406,279.2829642653137,274.2884077613213,274.4850263612977,5100200
V,2024-02-23,278.8306884765625,281.14117439216653,278.73236418144614,279.9318485713962,5107700
V,2024-02-26,279.3714599609375,280.5512916324152,277.9065268057514,278.28014116853154,3856900
V,2024-02-27,278.40789794921875,279.39108078902274,276.80530511964076,279.39108078902274,4145200
V,2024-02-28,280.8265686035156,281.31816010966486,277.33625090723734,277.3559337702765,4358800
V,2024-02-29,277.8868408203125,280.85604250028405,277.4345550643541,280.69872962921534,6633700
V,2024-03-01,278.3981018066406,280.118672056184,277.3657416542962,278.4374375278521,3955700
V,2024-03-04,275.81231689453125,278.2407800263848,273.4526837715052,278.05397286206045,5920300
V,2024-03-05,274.681640625,276.26455067589967,273.01021771015775,275.55665779488373,6227900
V,2024-03-06,275.7139587402344,277.25756301194997,274.61279875166457,275.29119731682977,4535200
V,2024-03-07,273.58050537109375,276.44157144085415,271.51581511407085,276.1564399756878,5668500
V,2024-03-08,275.33056640625,276.9331594427294,274.1408934133569,274.30804771962187,3928800
V,2024-03-11,275.841796875,276.04825688641006,273.31500957651366,274.7504782388998,4614000
V,2024-03-12,279.1453552246094,279.69593535290437,275.57639581859104,276.5792317656213,7988700
V,2024-03-13,280.34478759765625,281.28863478410346,279.04697896356566,279.8728490022521,5783800
V,2024-03-14,281.59344482421875,284.1792208983303,279.76470885368,284.1005494563911,5484500
V,2024-03-15,278.2801208496094,280.826561183658,277.88685365595353,278.781523769666,9845000
V,2024-03-18,280.2562561035156,281.4164346562206,278.48653899601715,279.09610755516974,4095600
V,2024-03-19,282.5176086425781,283.215660091281,280.452918578551,281.8392100500498,6595200
V,2024-03-20,284.4151611328125,284.9952354698459,281.8982151939315,282.8027567052617,6105000
V,2024-03-21,285.48687744140625,286.0669518810476,283.05841393748807,285.09361019471,5057600
V,2024-03-22,278.4964294433594,285.60482341382533,278.1326565297968,285.1230733395792,8744100
V,2024-03-25,276.48089599609375,278.73239357291385,275.33058863458666,278.2506434817156,8519200
V,2024-03-26,275.88116455078125,279.3517994506821,273.7279913121416,279.3517994506821,8752400
V,2024-03-27,274.3277282714844,276.5202373102181,272.32205642000446,275.53705424422617,5190700
V,2024-03-28,274.38671875,275.0946117625775,272.4596883285704,273.8066443375827,5844400
V,2024-04-01,273.60015869140625,276.16628187351216,272.13522565143967,275.64516608950964,5084000
V,2024-04-02,273.7574768066406,274.6324940740079,272.3220380284588,273.3248738864712,6912300
V,2024-04-03,272.3023681640625,275.76319169062083,271.909100946326,275.76319169062083,4536600
V,2024-04-04,269.39215087890625,274.3867074816019,268.95954794429895,273.67881449809585,4018600
V,2024-04-05,272.4793395996094,273.28552682249693,270.4048079543056,271.456820921252,4392100
V,2024-04-08,273.08892822265625,273.30522968959593,270.52280491012766,271.6043122448262,5542400
V,2024-04-09,272.0663757324219,273.3248486555536,268.72355984326214,272.96107577998316,7313900
V,2024-04-10,269.86407470703125,272.1647192759144,269.51011323254585,270.7882691070565,5276000
V,2024-04-11,271.0438537597656,271.83041807973797,267.602713621334,269.39211369436504,8102300
V,2024-04-12,271.31915283203125,272.34167147996436,269.4511112667956,270.9160442304003,9038400
V,2024-04-15,266.7178955078125,273.23640390322475,265.793701044261,273.2167510438771,10267500
V,2024-04-16,266.7867126464844,269.5199601821668,265.62656390929027,265.99033681804065,8237100
V,2024-04-17,268.1041564941406,269.39212373647337,266.93416640311136,268.7038836813872,5940900
V,2024-04-18,266.80633544921875,268.55639978924717,265.32171968731416,267.9861669162683,8231800
V,2024-04-19,265.2430725097656,267.4257396734513,263.77813964015553,266.904653954409,7905400
V,2024-04-22,267.75018310546875,269.1561574408196,264.8301287233719,266.3934159215718,6463700
V,2024-04-23,269.50030517578125,270.2672167980786,268.1238548364663,269.40201086926146,6438000
V,2024-04-24,270.39495849609375,278.2407690758451,269.873872743582,277.8180076171654,8807200
V,2024-04-25,270.5326232910156,271.5747948144634,265.9411457267085,268.37945023678463,8064600
V,2024-04-26,269.9033508300781,272.11551228888334,269.22495224902906,270.3851308396272,6840600
V,2024-04-29,267.2684631347656,269.8542392256118,266.53107588472346,267.7404017763637,4128600
V,2024-04-30,264.0927734375,267.5044196762189,264.0632791474278,265.98049801521427,6376400
V,2024-05-01,262.824462890625,266.3540859395315,262.22470571282724,263.64049150459095,6119900
V,2024-05-02,263.10955810546875,264.93829387837286,262.16571093474823,264.82031673257785,5061700
V,2024-05-03,263.9748229980469,264.9187003846301,262.0182982150245,264.47625598439623,3862000
V,2024-05-06,268.08447265625,268.1926083643276,265.0365999142318,265.115241337892,3958700
V,2024-05-07,271.8107604980469,273.2068935431158,268.24180145042567,269.11684871195865,6377100
V,2024-05-08,272.5284729003906,273.8655872543132,270.29665849890466,273.12820007268675,9029700
V,2024-05-09,273.85577392578125,274.1015696512826,271.75174811339656,272.1450152733265,8948800
V,2024-05-10,276.0187683105469,276.3038997636827,274.5439939040928,274.848778214411,8986400
V,2024-05-13,274.6915283203125,277.4050931509394,274.40639683295143,276.7266944421913,10528400
V,2024-05-14,273.0692138671875,275.28137543125575,269.65756794376114,274.7406368284503,18526100
V,2024-05-15,276.7660217285156,276.99216462599304,272.41052812580716,272.4891695659409,21288400
V,2024-05-16,275.64312744140625,278.1450424936234,275.07183915257895,277.5146263929506,10341500
V,2024-05-17,275.89923095703125,276.6970806486535,273.929225780701,275.84996279168695,6177800
V,2024-05-20,274.36260986328125,276.066644981605,274.00799332555073,275.03240436134945,5460900
V,2024-05-21,271.8114318847656,274.2542186665667,270.7574720729977,273.83067483712716,6578200
V,2024-05-22,271.447021484375,273.90952814950606,270.9939286747617,271.3977833750307,4202500
V,2024-05-23,270.11724853515625,273.2790981684201,268.9352335018416,271.1120806273069,6115900
V,2024-05-24,270.3733215332031,271.112073394343,269.25043433541344,270.8855420619231,4339700
V,2024-05-28,266.9159851074219,270.3437745284573,266.17723324117935,270.11724319447274,6212100
V,2024-05-29,264.8277893066406,267.0736241319912,264.2368117840687,264.96570410183693,5469700
V,2024-05-30,267.2311706542969,267.56609796255077,264.2860227496583,264.6701881597718,4901900
V,2024-05-31,268.3737487792969,268.66926753885457,264.9755084935442,267.36905714053216,8910000
V,2024-06-03,266.324951171875,269.03370774594225,264.03973841137986,268.994299233551,4838800
V,2024-06-04,268.3343505859375,268.8957790740083,265.27097767857515,265.5861856416265,4188500
V,2024-06-05,270.3831787109375,270.80672255975406,267.9403617574896,269.4277251101827,5368700
V,2024-06-06,272.88507080078125,272.9934066350379,269.9694420805013,270.67864500436843,4862400
V,2024-06-07,274.49066162109375,276.125739328634,272.70777942982414,273.5450375720479,4515600
V,2024-06-10,270.91510009765625,274.38229812832316,269.27999231583914,273.9686139056305,5213800
V,2024-06-11,270.5506896972656,270.7378125446905,268.1374211933362,270.42263454384715,6244600
V,2024-06-12,266.2658996582031,273.4367171040431,265.8521853559906,272.61914814439945,7536600
V,2024-06-13,267.1228332519531,267.78276810051005,265.2808833667306,266.2658858773216,7361200
V,2024-06-14,266.6007995605469,267.47743621787697,265.23163155766406,266.0492005253993,8537300
V,2024-06-17,267.1031494140625,267.7532246314684,264.965680696589,264.965680696589,9258200
V,2024-06-18,269.516357421875,269.7921568971522,267.23114459249933,267.23114459249933,6707500
V,2024-06-20,272.66839599609375,273.87010023408544,269.00418553761835,269.0928321543689,10164400
V,2024-06-21,271.0924072265625,273.3776203924522,270.46199115601667,273.0131742528709,14594700
V,2024-06-24,272.1561584472656,276.1848448247858,271.141607150257,271.19087530752046,24149600
V,2024-06-25,269.427734375,273.7617393912108,269.427734375,272.69794991064373,18325800
V,2024-06-26,269.4967346191406,270.34382248060325,267.6744736805414,268.8170803768528,12172000
V,2024-06-27,262.59185791015625,266.5318685859857,262.5032112771376,264.4830762609086,10529100
V,2024-06-28,258.5335998535156,264.5716698123774,257.33189563609216,263.19267236448735,13957300
V,2024-07-01,259.2920837402344,261.78413920171675,257.38117622559156,259.8338532248404,7955800
V,2024-07-02,264.20721435546875,264.20721435546875,258.4646333173205,259.29203175676724,8697800
V,2024-07-03,264.955810546875,265.7044220595163,264.1284120612723,265.034627579727,5017800
V,2024-07-05,266.30523681640625,266.49238967887067,264.21703651931676,264.9656479691745,7986400
V,2024-07-08,262.4046325683594,267.36905306637755,261.98108875199085,266.19689780906924,8561100
V,2024-07-09,261.4590759277344,263.5374168528644,259.9618828924733,262.9956774812605,6431300
V,2024-07-10,259.0556335449219,259.5284455227612,254.63298234805293,255.2338193887455,9635500
V,2024-07-11,258.61236572265625,259.67618513843024,256.84923308595637,258.1986815519899,8803600
V,2024-07-12,261.7545471191406,263.3896548287794,259.70575520507043,260.37554967121935,6627800
V,2024-07-15,264.4239196777344,265.20204996997074,261.2718998143595,261.6856140696345,6845200
V,2024-07-16,265.2119140625,266.1575080134189,263.36010461619526,264.49285144051026,7869900
V,2024-07-17,268.6101379394531,268.8169800046886,264.2170060595078,264.4140185425122,5324700
V,2024-07-18,265.1134338378906,269.51639649720227,264.53228593286735,268.206356314674,5550800
V,2024-07-19,261.4787902832031,266.8864751738029,260.346043268342,266.26591870603784,6839900
V,2024-07-22,263.6949768066406,264.37463084866647,261.0453180190064,263.2221949060222,5313600
V,2024-07-23,260.81884765625,263.68520883806957,259.90277238997186,263.517745169212,8109200
V,2024-07-24,250.3580780029297,253.3426493385004,249.3336820390949,252.22959172889685,13065900
V,2024-07-25,249.93453979492188,254.34734678713997,248.91012877801253,251.55978790816573,8573300
V,2024-07-26,255.56871032714844,257.2826349173145,251.75675590779738,251.75675590779738,7062200
V,2024-07-29,257.6766357421875,258.76997398546166,254.701909234038,256.4158338633343,6068100
V,2024-07-30,259.1541748046875,260.3361598191181,257.09552309915404,259.2822299447265,5941800
V,2024-07-31,261.6856384277344,262.3652625262715,260.28692159244616,260.5725807462521,7642500
V,2024-08-01,261.9417419433594,262.9957019708758,260.2179873424267,262.33573698302223,7269700
V,2024-08-02,262.58197021484375,263.94127856238464,258.9374787649499,259.8732131645651,7017900
V,2024-08-05,252.59405517578125,258.97688249225746,250.69299244737195,257.52892754795977,9631300
V,2024-08-06,254.3867645263672,256.5833009429697,251.93410280133386,252.65315044411548,21586800
V,2024-08-07,252.67283630371094,258.1002098230019,252.46599419071168,255.76575865376458,12908600
V,2024-08-08,255.9331817626953,256.5439085520602,254.05185347410983,254.25869557863413,8223700
V,2024-08-09,256.37738037109375,258.1144409353002,255.63714697084168,255.795067043983,7228100
V,2024-08-12,256.5056457519531,258.1933691645224,255.86408615871832,257.10768768385816,26769400
V,2024-08-13,256.7425231933594,258.2723266355458,255.89370667821356,256.7425231933594,12005700
V,2024-08-14,257.7393798828125,258.09467740932723,255.3706092253671,257.4728766177563,8552300
V,2024-08-15,263.32568359375,263.9080270426393,259.41725966329983,259.41725966329983,7397800
V,2024-08-16,263.8980712890625,264.9442651187268,261.93399553490957,263.37497437423036,5111100
V,2024-08-19,262.9999694824219,264.8160049779604,261.7761266772086,263.9376104187846,6555900
V,2024-08-20,264.549560546875,264.549560546875,262.31898088985514,263.5230951135329,6803600
V,2024-08-21,264.70745849609375,265.7635018527099,263.90800888623363,265.06275604706616,6639700
V,2024-08-22,264.4508056640625,265.99048845664703,263.09865104289764,265.4377833577792,4425200
V,2024-08-23,263.95733642578125,265.7042762301738,261.8550689627667,265.20093805070167,3697400
V,2024-08-26,264.71728515625,266.849160640303,264.18433887536395,264.23367571316726,4612200
V,2024-08-27,267.194580078125,267.42159577193473,264.40144669162356,265.0232172856683,6594100
V,2024-08-28,265.6845397949219,268.43821611855435,264.18434447589755,267.6288871442699,5455100
V,2024-08-29,270.7477111816406,272.3959469594374,266.9281125658377,267.45120950588,5565100
V,2024-08-30,272.77105712890625,273.3829785621946,270.6885483723816,271.4189023256389,6296100
V,2024-09-03,274.91278076171875,278.4165395967006,272.77102587047295,272.77102587047295,7278300
V,2024-09-04,276.8373718261719,277.9822695990256,275.07070338890475,275.08055268441717,6107500
V,2024-09-05,274.99176025390625,277.8342612450191,273.797525504228,277.340772326289,6447400
V,2024-09-06,275.7319641113281,276.63011746167865,273.81722490203924,274.15279371642794,7187700
V,2024-09-09,281.8907165527344,283.23302203061616,277.98229287685825,278.4165655208636,10933900
V,2024-09-10,281.62420654296875,282.6704004702405,279.8772668991663,282.2065197575696,5314400
V,2024-09-11,280.26214599609375,281.45641055787695,274.67584926267006,281.30833982431517,6281800
V,2024-09-12,281.65380859375,282.2756093356393,277.8046017632066,280.3016540255998,4160800
V,2024-09-13,283.6080627441406,284.979946155398,281.83148472042456,282.7592462158809,4987600
V,2024-09-16,286.69732666015625,287.11184047532686,283.99298696424756,284.2989476774072,4458900
V,2024-09-17,287.7632141113281,289.2535600680241,286.3024762806514,287.1118052187359,5135700
V,2024-09-18,284.72332763671875,288.2172068842273,284.37787942994214,288.03955813337126,5890000
V,2024-09-19,281.5255432128906,287.684305279913,279.18641060308414,287.2993694731486,10382100
V,2024-09-20,281.0616760253906,283.2626475095814,279.561480512505,281.7821807107509,27810900
V,2024-09-23,284.8713684082031,285.11811282457444,280.91357833115393,281.1899308726831,6505600
V,2024-09-24,269.227783203125,277.3407413249829,269.15868753338475,276.53141235989125,13690200
V,2024-09-25,266.1188049316406,270.67863713544267,264.73704216081717,270.6194208824195,11671300
V,2024-09-26,268.1520080566406,269.68181163944814,266.484013120458,266.97750203364404,9552500
V,2024-09-27,271.586669921875,274.3600748794886,269.2277787354845,269.60283508479927,6509600
V,2024-09-30,271.3695068359375,272.09986063135597,269.6422960125923,271.41884366853793,5969900
V,2024-10-01,273.98504638671875,275.4260255572834,270.78721779702204,273.36324554649514,5781600
V,2024-10-02,273.3928527832031,274.0245330379301,271.7840741371285,272.9684595546554,4741600
V,2024-10-03,273.2546691894531,274.0738776605467,272.24796264009797,273.06717111119156,3036700
V,2024-10-04,274.31072998046875,274.81409829188726,271.5175960872919,273.7382961150721,4259300
V,2024-10-07,270.224609375,274.0047203838068,269.6817536151915,273.98499167478644,4339300
V,2024-10-08,271.3793640136719,272.5045329832446,270.4417533258619,271.13261960316913,4370900
V,2024-10-09,273.3236999511719,273.87640499839176,270.84640665315044,271.4188404091403,4115800
V,2024-10-10,273.8567199707031,274.0541275705543,271.76433194103254,273.17570290743873,4063900
V,2024-10-11,274.221923828125,275.16941413599966,271.78408731960695,272.44537573583824,4746300
V,2024-10-14,277.02490234375,277.70591938784094,274.36992983740606,275.4457319499136,3996600
V,2024-10-15,275.65301513671875,278.95939651416774,275.19898370017546,277.3407385998891,5807000
V,2024-10-16,283.77581787109375,283.8547929545026,274.7252492163008,274.9917223524253,9442700
V,2024-10-17,286.6084899902344,287.14143630118883,283.8646628656324,284.81218321433846,8815800
V,2024-10-18,286.83551025390625,287.2500542215679,284.32857797370247,286.14464380137014,5350900
V,2024-10-21,283.11456298828125,286.6578093634082,282.6013153006306,285.82875169893725,6313100
V,2024-10-22,281.0813903808594,282.7987219572939,279.83778882817546,281.3379841036678,5736500
V,2024-10-23,280.0647888183594,282.3348253751478,279.83777311461347,282.3150966653224,5249300
V,2024-10-24,279.5318298339844,279.9266148962144,278.0612426761055,278.7126515828613,4679900
V,2024-10-25,278.0612487792969,281.37747951902077,277.12360788077183,280.301677399759,4464600
V,2024-10-28,280.4892272949219,280.93337935917157,277.8638626959665,278.36723101942647,4306200
V,2024-10-29,278.20928955078125,281.9795517380247,277.68619255455314,280.5681506816389,7534800
V,2024-10-30,286.3814697265625,291.92827990440657,284.57528356306744,288.533074009041,9606800
V,2024-10-31,286.0754699707031,292.4809451037312,285.8484542742165,288.2862902071525,7950200
V,2024-11-01,286.9538879394531,288.85877779895037,283.4501291393349,284.73318810609584,5470700
V,2024-11-04,288.0494689941406,289.332528050616,286.97366683628974,287.75335759022,4281600
V,2024-11-05,289.4707336425781,290.9413209578591,287.7829798816316,287.9112918176282,3753700
V,2024-11-06,303.3969421386719,304.97611249927155,298.87659747812677,302.3310194643645,10320500
V,2024-11-07,301.8177795410156,303.62396566471386,300.4557755666383,303.4956537398405,6237300
V,2024-11-08,303.86083984375,307.0981257097671,301.70923554381176,302.8936209104743,6240600
V,2024-11-11,306.8711242675781,308.3713195504664,305.2721950690292,306.0519158971885,4674100
V,2024-11-12,306.3964538574219,307.08863363211555,304.67582717504365,305.5954844377105,4616400
V,2024-11-13,306.03057861328125,307.4841953515651,304.40884339944296,306.04044663365573,4046400
V,2024-11-14,304.8143005371094,307.82042568957394,304.3989685040484,305.85258535360987,4415800
V,2024-11-15,306.1888427734375,307.25679207949963,303.24204626074544,304.13200904536995,5106300
V,2024-11-18,308.6806945800781,308.9279081011561,305.25926789804004,306.030572876706,4585600
V,2024-11-19,308.3741760253906,308.74994543481637,305.07140675020594,306.5447897927535,4885500
V,2024-11-20,303.9638977050781,308.8092771010547,302.8069250484739,308.3840468732394,6349900
V,2024-11-21,306.4459228515625,307.45457348962907,303.2321465724953,303.87489579282146,5757100
V,2024-11-22,306.4657287597656,308.117098491965,304.46822382000204,304.5374508615149,5919200
V,2024-11-25,309.6991882324219,310.16395082185744,306.4062874964935,308.3839955064442,14189300
V,2024-11-26,308.344482421875,310.9946040789147,308.06760449020567,310.6979599297801,7071500
V,2024-11-27,311.1924133300781,312.84378286256367,306.040461476619,307.3061935825552,5204300
V,2024-11-29,311.5681457519531,312.72511836119395,310.20355240269356,310.78697271763275,3853300
V,2024-12-02,313.12066650390625,313.88210352741316,310.2134328335428,313.36788004609747,5597500
V,2024-12-03,309.521240234375,313.7831991114791,309.2838947230217,313.5656499962413,5009900
V,2024-12-04,306.4459228515625,309.36305492969035,305.3581771523909,308.9378548491986,5981800
V,2024-12-05,305.6350402832031,307.6226468652385,305.3878267352857,306.5250331976539,5200100
V,2024-12-06,307.5435485839844,309.0762604940309,305.3581591155506,305.4273861508262,4302700
V,2024-12-09,304.8637390136719,309.5212640421347,304.2111217951934,308.3543931465965,5785300
V,2024-12-10,308.8982849121094,309.4916034773687,303.2222713674017,303.9342174327899,4539500
V,2024-12-11,310.29254150390625,312.0329042273816,307.74128098530844,309.5509009169192,4321800
V,2024-12-12,310.7276306152344,312.0328950751982,309.9365292391922,311.31105090526006,3218500
V,2024-12-13,311.23193359375,313.4173229092999,310.83639798438617,312.30978095467543,4682200
V,2024-12-16,312.369140625,314.02051009637916,310.59908331087144,311.23193425170496,6562500
V,2024-12-17,314.75225830078125,315.28624798200747,311.62750579825223,312.29991936576187,8843900
V,2024-12-18,306.3272399902344,318.03526960471095,306.1096908682832,314.95004945881,10479200
V,2024-12-19,311.3703918457031,313.33820189854237,307.76108032334804,308.35436865666327,8317100
V,2024-12-20,314.16888427734375,316.43336902410505,308.799412789301,310.075043257862,24387000
V,2024-12-23,313.6842956542969,314.425936221838,309.85743515417374,312.1317874903271,7984600
V,2024-12-24,317.0760803222656,317.9561750097056,313.74364663194115,314.6237413193811,2684100
V,2024-12-26,317.3332214355469,317.867211180981,315.8993707000535,316.2059131037901,2856000
V,2024-12-27,315.1083068847656,317.9166494044016,314.0205611468058,315.7114935073302,3489200
V,2024-12-30,311.7956237792969,313.57554931622667,309.73882026601274,311.1726407881406,3478500
V,2024-12-31,312.5174865722656,314.1194255312402,311.6769544755073,312.5965816293727,3963800
V,2025-01-02,310.8957214355469,316.11686985010056,308.92791144325594,314.2380531050686,5369500
V,2025-01-03,311.40008544921875,312.39883786629866,308.53241425216015,310.6782110061148,4271300
V,2025-01-06,309.5509338378906,311.87474729307587,308.59174403627947,311.49897786064986,6567300
V,2025-01-07,308.1961669921875,311.67692251928224,307.8500620257808,309.4025701870642,4958600
V,2025-01-08,309.1158142089844,310.53976660324895,306.7524382985613,307.5336415289756,5161600
V,2025-01-10,304.2803039550781,308.37417464692055,302.5794735993142,307.7314254808764,6660100
V,2025-01-13,303.4991455078125,303.4991455078125,300.45345766075025,301.6005321584484,9568400
V,2025-01-14,305.6449279785156,306.70300916982603,304.09241970836115,305.30872118619374,5107600
V,2025-01-15,312.7547912597656,313.6546521630384,309.63990670378087,310.1837644186198,5222000
V,2025-01-16,313.7139587402344,315.6224398833675,312.2306776114389,312.2306776114389,4606700
V,2025-01-17,316.0575866699219,317.0167764877238,313.1800172165161,313.9612205140916,5805800
V,2025-01-21,320.0229187011719,320.96231217020926,316.43337280008086,316.7399152157859,5653000
V,2025-01-22,319.9536437988281,322.1093385859894,318.78680315375186,321.15014886106957,5026500
V,2025-01-23,324.5518493652344,324.84852375073905,319.96358127498075,320.1514659992359,5297100
V,2025-01-24,326.5196228027344,327.39968722419303,324.15624711330065,324.3638980162961,4327500
V,2025-01-27,330.8112487792969,331.7506420386333,324.3935653491583,326.3218428551842,6636500
V,2025-01-28,330.7519836425781,334.0646212705658,329.179708990975,330.9398683661128,5999600
V,2025-01-29,332.1363830566406,333.3526545172281,330.77175931091404,330.77175931091404,5087300
V,2025-01-30,339.2264099121094,340.60093168938243,335.2215626068071,335.72588788874674,8081300
V,2025-01-31,337.9903259277344,347.33500942669986,337.9013326782835,342.60828794323595,8624100
V,2025-02-03,341.9655456542969,342.1435321567655,335.45886851912053,336.2104073216771,8004500
V,2025-02-04,341.3030090332031,342.1534393074161,338.72211414757834,340.7591513133966,5532600
V,2025-02-05,345.5451965332031,345.58475914887805,341.4018952311918,342.14353584356945,4939100
V,2025-02-06,343.6070861816406,346.74173725959065,342.73688961191414,345.8814388891592,4294500
V,2025-02-07,344.1410217285156,346.84060451060725,343.34005225488835,344.1212555087422,4261200
V,2025-02-10,347.3153076171875,347.97782310066145,343.82465313559334,344.81350743833883,6067000
V,2025-02-11,347.39447021484375,348.78118935341706,342.96685359611354,344.99740338171625,5154800
V,2025-02-12,348.15716552734375,348.49393802322834,344.1950934888747,345.84927186534827,6760100
V,2025-02-13,352.2579345703125,352.7036495503335,347.4044022314102,349.77172462275274,4279200
V,2025-02-14,350.4552001953125,352.0598346517353,349.8707981542828,351.0693165696755,5720300
V,2025-02-18,353.3475341796875,353.35741880554383,349.0585738608686,350.33635067913673,5822000
V,2025-02-19,351.86175537109375,353.7635331943534,350.82169322968014,352.6442429053929,4152300
V,2025-02-20,347.16668701171875,352.75322373103063,345.7502533516019,351.861763466604,5697000
V,2025-02-21,345.22528076171875,349.96987104250786,344.1852488221624,347.1666878220573,6924100
V,2025-02-24,346.5426330566406,347.473722448865,344.0663379131105,345.4530873760571,5055900
V,2025-02-25,348.7514953613281,349.2467543845732,342.71924408558857,348.0383211587267,6191900
V,2025-02-26,347.3053283691406,348.4939318226065,345.6808643527306,346.6812971976712,5960600
V,2025-02-27,352.3668518066406,356.89352616930455,348.3453512800291,348.5632664418351,7298100
V,2025-02-28,359.2707824707031,360.54855918004796,350.35612029317446,351.34663831289987,15857300
V,2025-03-03,358.3892517089844,363.06449816111734,356.1308717414073,359.55805576496454,9099600
V,2025-03-04,348.8902282714844,356.85397264807176,347.0775630802691,356.6954861124092,8955800
V,2025-03-05,349.3359069824219,350.7523405730608,345.6313790597623,347.5034425004098,8244200
V,2025-03-06,340.896728515625,345.56206051611235,337.16248598998175,342.6796490858884,8611100
V,2025-03-07,342.0456848144531,343.1055463348001,335.9242907970158,337.6378675999771,6358700
V,2025-03-10,338.24212646484375,341.73865409490605,334.43854064676395,336.7167201504189,8204300
V,2025-03-11,328.99072265625,336.3898644381981,326.45496830671294,335.2012607597003,9776100
V,2025-03-12,329.6839904785156,332.97251732357415,325.9893476470304,332.7843164950298,6295400
V,2025-03-13,325.4346923828125,333.01217962801127,324.5927762250899,327.8515588367316,7915300
V,2025-03-14,328.65386962890625,329.6146733252818,323.28527884445793,324.10739550735946,7810600
V,2025-03-17,331.3778076171875,332.92301338528597,326.63324783493476,326.90067683118593,6149400
V,2025-03-18,331.59576416015625,332.6159966884999,329.14918301747764,332.11085296590943,7778300
V,2025-03-19,336.6473693847656,337.7963739657413,331.328292220608,333.6064716752345,5614900
V,2025-03-20,336.2808837890625,338.994893619958,334.4583341729373,335.7856247554998,5432700
V,2025-03-21,332.477294921875,336.2115371177744,332.33860788423556,334.17107233688154,17279700
V,2025-03-24,340.60943603515625,341.946641444444,334.44841257278733,335.4389306199321,5675100
V,2025-03-25,341.3523254394531,342.2537004920348,337.43979728019883,341.29289677473014,3931200
V,2025-03-26,340.91650390625,344.08617383853476,339.7476998321524,342.70933920430844,6187100
V,2025-03-27,346.5426330566406,347.51335163506087,340.06466672547856,340.73821174974785,7254800
V,2025-03-28,339.59912109375,348.2859535511646,338.3708581507587,345.8790019330555,5687600
V,2025-03-31,347.136962890625,348.52368217710676,331.318387714334,336.1323213716655,9950800
V,2025-04-01,343.0659484863281,347.1270787242815,339.32179129376533,347.11716387029634,7473300
V,2025-04-02,343.0461120605469,344.8984062549049,339.79721397944945,340.1835305387441,5682500
V,2025-04-03,336.17193603515625,341.4711834285377,327.8614750728613,330.73397137679984,8792900
V,2025-04-04,310.16094970703125,331.4768891765283,309.160516713595,326.87098587574036,13201700
V,2025-04-07,309.3586120605469,319.1251057585642,296.16490406290654,299.2058018042098,12163400
V,2025-04-08,305.34698486328125,323.18622441068965,301.0481402033367,319.184523071027,9569300
V,2025-04-09,329.2779235839844,330.8627585841198,302.7419655415108,302.7419655415108,11361800
V,2025-04-10,321.5320129394531,327.0294056253506,310.29954316407304,324.9096827311617,8709800
V,2025-04-11,330.23870849609375,333.78478000715387,319.4816970910485,321.35376046801093,6804500
V,2025-04-14,332.0018310546875,336.38981873908637,329.9811960072831,333.2201791321437,5011800
V,2025-04-15,332.6258850097656,336.17195678105526,331.82356775673037,333.52726011971436,4386200
V,2025-04-16,328.1883239746094,334.0224896523211,325.74174324334496,331.82353842734574,5850600
V,2025-04-17,326.4846496582031,331.1500115767292,325.32576043304505,327.93082781851444,5655900
V,2025-04-21,317.0648498535156,326.0290265671701,313.64755031725315,325.88045489781376,6362300
V,2025-04-22,328.2576599121094,329.406664422147,319.333113266691,320.7891457109701,5435500
V,2025-04-23,331.1995544433594,338.01432426430887,330.04066511653957,334.0423367442473,8906000
V,2025-04-24,332.52679443359375,333.5767411114953,328.10909254950553,330.119842911322,8055200
V,2025-04-25,331.991943359375,333.1805468654076,329.0203892519761,331.5858273373118,4452800
V,2025-04-28,334.30975341796875,336.1223881311056,331.84334294270866,333.586664366473,5422900
V,2025-04-29,338.28167724609375,339.0245657038596,333.2696588692903,335.2903239383118,5519500
V,2025-04-30,342.2239990234375,343.2343165899173,330.08023760503346,331.26887140059694,9526700
V,2025-05-01,339.2029113769531,342.44189445205836,336.89498743985234,342.30320741835277,5849900
V,2025-05-02,344.3040771484375,346.7704573978665,342.8380995653833,343.92767545628766,6113700
V,2025-05-05,345.334228515625,347.7213504225848,342.83810367595026,343.7097643991248,3865300
V,2025-05-06,344.40313720703125,346.3346292627291,342.4815297766243,343.11544560835415,3438500
V,2025-05-07,346.5327453613281,347.82040673327157,343.9177632033845,345.3936556510379,5454000
V,2025-05-08,347.93927001953125,351.96077094759147,347.6223272119822,348.66235908957236,4156400
V,2025-05-09,349.197265625,350.44529789792756,347.3450015816956,348.49397599722533,3086600
V,2025-05-12,352.4758605957031,358.45859819120966,347.80061410492146,355.7346735038058,7985400
V,2025-05-13,353.3489990234375,356.0575850466581,351.80119665220457,352.73383243613455,5406200
V,2025-05-14,353.66644287109375,355.6011729876512,352.4262390216119,353.87481891826496,6207600
V,2025-05-15,359.4606628417969,360.87947902254115,353.88471131527825,354.0930873573594,5826100
V,2025-05-16,362.2585754394531,363.32019719165777,358.0617450296196,360.10559853248077,5838100
V,2025-05-19,365.0168151855469,366.2570191174619,359.4805581559814,360.175054190804,5081500
V,2025-05-20,363.96514892578125,365.36410268760835,361.83200407643204,364.89778476699934,5281400
V,2025-05-21,355.49200439453125,363.1217405788203,355.27372731504056,360.8695413828492,6125500
V,2025-05-22,355.16461181640625,357.1787016171665,353.7656582683294,354.9562660517521,4936600
V,2025-05-23,350.76934814453125,353.2100608737363,349.4596855958203,350.97769391596694,5345900
V,2025-05-27,356.48419189453125,357.17871818013646,351.7019887349371,352.6246931567495,6316000
V,2025-05-28,356.9108581542969,358.08160339563534,355.23410002118663,356.5238999950793,3299000
V,2025-05-29,359.5599060058594,360.19490493166035,355.90875301774946,357.52598373608265,4590400
V,2025-05-30,362.3280334472656,364.16354117987345,358.5181308972202,358.5181308972202,8726900
V,2025-06-02,362.45703125,362.5959183393358,357.139021284952,359.92699717591853,3845700
V,2025-06-03,362.9927673339844,364.00479304657324,358.6669508695834,361.7227998117515,5221300
V,2025-06-04,365.1159973144531,366.76299158792244,363.4392393610349,363.83609851982453,4202300
V,2025-06-05,363.8956604003906,368.09252134179496,363.0622470043474,367.10035821149364,6881900
V,2025-06-06,367.318603515625,368.0924894791346,364.6695148645267,366.11809470983474,5008500
V,2025-06-09,363.78656005859375,366.89203569791187,359.2126719930832,366.89203569791187,4999900
V,2025-06-10,367.7948913574219,368.52908239841247,363.80637612121234,364.1238755956361,4109300
V,2025-06-11,370.3843994140625,372.56717031581684,366.48520575077885,367.1003420198875,5562700
V,2025-06-12,368.4893798828125,371.23769112704497,366.6538720393366,369.31289223541074,4874000
V,2025-06-13,350.08477783203125,360.16515919322273,342.2962909532096,358.6769144499479,14181700
V,2025-06-16,352.69415283203125,357.3969962788581,351.5531410341287,353.6962169826412,7234700
V,2025-06-17,355.03564453125,356.7818612982822,350.55107816313534,350.71972893634194,5559600
V,2025-06-18,337.71246337890625,355.6706206170083,335.3908054782351,355.04555305174813,15008600
V,2025-06-20,335.91668701171875,337.3354730580547,332.2952975478082,336.29371385556556,19332100
V,2025-06-23,341.0560607910156,341.6017383769155,332.99970137774943,334.85504150390625,7553300
V,2025-06-24,348.87432861328125,351.78135933708336,345.1934118539656,348.7651749234645,10172000
V,2025-06-25,342.5542297363281,348.5369718110771,342.5542297363281,347.70355846933853,6836300
V,2025-06-26,343.31817626953125,344.1912845911833,339.3495241008676,341.08580942465795,8829500
V,2025-06-27,345.8779296875,349.25130811794554,342.9510669978524,343.8737713231441,6601900
V,2025-06-30,352.26751708984375,352.82312603597677,346.3244694633048,346.61220525704334,7080100
V,2025-07-01,352.6842346191406,354.2022430209509,348.6659859903535,351.0471714843909,6653400
V,2025-07-02,351.4440002441406,353.567213447281,347.2570709207595,351.8210270514008,5131400
V,2025-07-03,356.04766845703125,356.1865858375165,350.8388117003545,351.81114252849784,3702800
V,2025-07-07,353.8450622558594,356.8413839154133,351.7118873697056,356.1071929110492,5138000
V,2025-07-08,351.7714538574219,355.4722335295142,350.48165379629046,353.8847663384475,6966800
V,2025-07-09,354.956298828125,354.956298828125,350.9777149008622,352.28737752787765,7297100
V,2025-07-10,353.0910339355469,354.81738816299367,350.6800846982332,354.0335707804008,6121300
V,2025-07-11,345.2032775878906,351.0372010797097,341.6910422435611,349.7474012452492,7580200
V,2025-07-14,347.7531433105469,349.2116241812169,342.30617794464644,344.66753080938963,5598900
V,2025-07-15,344.3004150390625,347.4654176306237,344.04247323214094,345.3918004634653,4891700
V,2025-07-16,347.1578674316406,347.9218524073836,343.0899926097443,344.5683362384954,5544200
V,2025-07-17,347.068603515625,348.6163756717316,345.7490397937407,347.25711694423956,4747100
V,2025-07-18,346.3145446777344,346.76103021856727,344.4393720187543,346.76103021856727,4927600
V,2025-07-21,348.189697265625,350.87845060742626,345.669594683543,346.32442591881215,5216300
V,2025-07-22,349.10247802734375,351.7019706655247,347.4555140009124,348.348454694803,4614200
V,2025-07-23,352.5056457519531,352.99179599492754,348.45760323923344,350.2335837139262,4385600
V,2025-07-24,351.19598388671875,354.3808190519768,351.08683019778255,352.03932860182005,5887200
V,2025-07-25,354.2419128417969,354.84711778402055,350.24349685994025,351.2257286152803,3915400
V,2025-07-28,352.6842346191406,355.51190564011716,351.9500435804033,353.587106715153,3921000
V,2025-07-29,348.5369873046875,355.5118927551465,348.0607381117744,353.49780285347526,7402300
V,2025-07-30,348.15997314453125,353.8252162293928,344.50882003461373,348.94379050771136,12129700
V,2025-07-31,342.7626037597656,350.05500894918674,342.385576919189,346.1954797719768,8641700
V,2025-08-01,336.6905212402344,343.4570801898546,335.4503174860552,341.4032955061151,8658700
V,2025-08-04,339.4685974121094,341.6811320175358,337.33545281031536,339.02214218573283,7335300
V,2025-08-05,334.78558349609375,339.7761626172852,332.920312046224,339.4685944822976,7295600
V,2025-08-06,337.0774841308594,338.7542422032053,332.80126356389377,335.6487668351514,5944100
V,2025-08-07,329.4874267578125,339.4685847129542,326.1240097312719,338.75422609906036,8797100
V,2025-08-08,334.1406555175781,334.735959376091,330.12240745983763,331.0649441472719,6073900
V,2025-08-11,333.267578125,335.2122093165709,331.8884871653662,334.09109045117117,5715800
V,2025-08-12,334.6888732910156,336.587242929882,332.7706363935579,333.1582754237832,5682800
V,2025-08-13,340.4634704589844,341.38782875792515,334.7286272124208,334.9274211186147,5693400
V,2025-08-14,343.38555908203125,343.97196166407275,339.5888503248866,340.85110364571915,6224000
V,2025-08-15,342.3717956542969,346.2380854537843,340.77158657311065,344.14095226059266,4946600
V,2025-08-18,340.6523132324219,343.624121351659,338.87323821047045,341.74561904560153,3999600
V,2025-08-19,340.3641052246094,344.23039496279586,339.80751868302826,340.4734206412774,4457200
V,2025-08-20,341.8350830078125,345.32371297653333,340.7616747345022,341.30831250051983,5834400
V,2025-08-21,341.5965270996094,342.42145807988595,337.6507078440592,340.80141217086833,6073600
V,2025-08-22,347.9078674316406,349.060805354294,343.11721942501816,343.11721942501816,4973200
V,2025-08-25,346.6953125,348.5837333584902,345.3833454620917,347.4804786983468,8019800
V,2025-08-26,349.0408935546875,351.247372357374,345.3336330532158,346.56607028891256,5876200
V,2025-08-27,348.2159729003906,351.27719882331735,347.70906967894945,348.57376552844954,5531100
V,2025-08-28,347.72894287109375,348.9017783903599,346.47663831982425,348.46445606080806,4987100
V,2025-08-29,349.63726806640625,350.4820966891371,346.87420256582584,348.3253010521672,3671900
V,2025-09-02,347.93768310546875,348.0370800581514,343.97196611477676,347.18230266311,4940300
V,2025-09-03,348.7327880859375,348.7526856749196,345.14479175077264,347.21210878164396,4176400
V,2025-09-04,348.8520812988281,350.4821064829821,347.0232925301605,348.5936856057911,4324000
V,2025-09-05,341.1294250488281,350.47216294861687,338.1278309918862,349.239725578376,5448300
V,2025-09-08,340.2149963378906,342.28234378702916,338.9229269309479,340.2547611858296,4711600
V,2025-09-09,341.89471435546875,344.2105390887196,339.2111785123135,339.6087360077781,4646200
V,2025-09-10,336.06048583984375,340.52312727297533,334.3907261007465,340.52312727297533,6557900
V,2025-09-11,341.3977355957031,341.4375004419261,335.8119728031468,336.66675017264345,5157600
V,2025-09-12,337.36248779296875,341.0995949314907,337.10409210670593,339.14159320178965,3518300
V,2025-09-15,336.98480224609375,340.62251247969215,336.32884906041363,338.53529771199567,4367500
V,2025-09-16,337.9588623046875,338.4657655802034,331.4388219565332,334.1919388550944,5527700
V,2025-09-17,344.0912780761719,344.0912780761719,337.45194348017264,337.8693985698965,5763500
V,2025-09-18,336.1200866699219,343.1668967568389,336.1200866699219,342.6302078181629,7526600
V,2025-09-19,339.5292053222656,340.60264392176015,336.189685972044,338.37629768827907,13674300
V,2025-09-22,342.2624206542969,342.7593750555245,336.5971586793153,336.9450328265126,5621800
V,2025-09-23,336.6369323730469,343.1569718620027,335.5734426468596,342.49103960090974,10142700
V,2025-09-24,336.6170654296875,337.82963552421586,335.8617152767486,337.0643365759445,5207400
V,2025-09-25,332.8899230957031,338.12784276499025,332.47249831523936,336.289105109381,5398700
V,2025-09-26,335.3150329589844,337.4320637199297,334.1819926117565,335.175901488693,9619200
V,2025-09-29,338.0880432128906,338.5651303875767,333.5061075720199,335.32497778101134,7217800
V,2025-09-30,339.3006286621094,343.5048439405291,336.4481149425282,337.75013318852734,8164400
V,2025-10-01,345.7113037109375,347.2319830459177,338.23712004026567,338.23712004026567,8381000
V,2025-10-02,343.8428039550781,345.06529251776647,341.46734707051337,344.11114844480875,5198000
V,2025-10-03,347.7091064453125,351.00889146755173,343.8924996839986,344.001815110234,5199700
V,2025-10-06,347.1524963378906,348.98128505806847,342.25253278341745,347.8780607479444,4735600
V,2025-10-07,350.27337646484375,352.28106145798284,347.9277357648328,347.9277357648328,5044600
V,2025-10-08,349.2198181152344,352.83766108671625,348.96142242562325,351.62509100999563,3927500
V,2025-10-09,344.9261474609375,350.72062290644016,343.47501865204845,349.32915653572434,4434800
V,2025-10-10,341.5567932128906,348.26567840170134,341.15923571248493,345.5125616214063,6296200
V,2025-10-13,341.20892333984375,345.542382044629,338.6546004433016,341.62637843614846,4030700
V,2025-10-14,346.25799560546875,347.87807200376733,338.1476951502928,338.922942897318,5731000
V,2025-10-15,343.5843505859375,347.94759463705685,341.90464221364334,346.25796780187596,3778200
V,2025-10-16,333.3570251464844,343.5843557955295,332.134536662548,342.89855625648124,6241500
V,2025-10-17,339.8075256347656,341.3580210797031,334.947296593821,335.7125955212286,6267100
V,2025-10-20,342.3121643066406,342.8588020632433,336.8754814672657,339.8174432876053,4665000
V,2025-10-21,345.0950622558594,347.5202021283981,340.9107147455868,341.029978947238,4121800
V,2025-10-22,343.2563781738281,346.0492902102693,342.4016310416165,345.7014160136996,5074400
V,2025-10-23,343.85272216796875,345.0354762117039,342.36185878494393,344.0912809348041,7217200
V,2025-10-24,345.2640686035156,346.95369548589787,343.2166187549461,346.07908115767793,3576700
V,2025-10-27,345.7013854980469,347.39101235386323,342.90850403983194,346.87419066826493,5400300
V,2025-10-28,344.7869567871094,347.7587647258084,344.3893993332934,346.4567162921502,7445400
V,2025-10-29,339.20123291015625,348.8421615073119,336.9351217998146,343.89248419686095,8361700
V,2025-10-30,342.9283752441406,347.5898102579444,339.7081202204845,340.13549375378375,6411800
V,2025-10-31,338.6645202636719,340.9107641593183,336.1101973568976,339.99635459463684,7301600
V,2025-11-03,334.8478698730469,339.13161439011145,332.78055290746187,338.9229020342244,5538000
V,2025-11-04,338.2271728515625,338.2470704410406,332.2140363825504,334.4304640592759,5920200
V,2025-11-05,337.9687805175781,340.02614882560056,334.31117282530045,338.0582286760407,4984600
V,2025-11-06,334.90753173828125,336.5872401922106,331.67732783944683,336.52760808522896,8507900
V,2025-11-07,333.9732360839844,336.229428553518,332.8103797318525,334.6789331962151,5318400
V,2025-11-10,332.8103942871094,336.6170519487371,332.28362379436834,334.5994181371036,5295800
V,2025-11-11,336.8555908203125,337.02453833406634,331.17043115327,333.456409307951,4453300
V,2025-11-12,337.4830017089844,342.84082799232743,336.00909193847133,336.8555939661864,6389600
V,2025-11-13,334.69451904296875,340.05234521127755,334.2165172619738,337.64233852070424,4961700
V,2025-11-14,328.6595153808594,334.69453121965483,327.673606279917,334.5053424356423,6422300
V,2025-11-17,324.4071350097656,331.9857491168007,323.5905080665981,329.79483658587384,6494800
V,2025-11-18,319.85595703125,323.66021671870755,316.6890735893815,323.16227792375565,9170400
V,2025-11-19,322.7838439941406,323.2320010724391,318.5513641791292,320.1945561466027,7066700
V,2025-11-20,322.4352722167969,327.04619026174174,321.8078948722729,322.783835447158,6510300
V,2025-11-21,326.6279602050781,329.71515658413585,322.9531692720462,324.03867225561385,8930000
V,2025-11-24,327.9424743652344,329.36660239989675,324.65609051367585,327.8827241418804,9337100
V,2025-11-25,333.15093994140625,334.67463148862754,327.54414406232837,327.54414406232837,5854300
V,2025-11-26,332.41400146484375,334.3260694883636,331.6869998564479,333.150941183099,4309900
V,2025-11-28,333.0613098144531,333.63890545499686,330.6313660183978,332.0554637045118,4586200
V,2025-12-01,329.02801513671875,331.92599221046623,328.77904573650335,331.56749086220685,7082300
V,2025-12-02,328.26116943359375,331.42805290548716,325.8611007721583,330.0836424597886,8201900
V,2025-12-03,328.2511901855469,330.97991538482256,327.9922826845987,328.2511901855469,6296700
V,2025-12-04,325.7515869140625,331.00981971493854,322.94320463392637,329.91434821646976,6277500
V,2025-12-05,329.8744812011719,332.73264500458896,325.05443734158973,325.4826574086876,5266600
V,2025-12-08,325.49261474609375,329.9740637204206,323.37139070222906,328.5200910073348,6059400
V,2025-12-09,325.1540222167969,326.87690133068304,323.72992460494135,325.2635541599683,4325400
V,2025-12-10,324.38720703125,327.40471480815995,323.9589565847219,325.29345925359206,5467500
V,2025-12-11,344.2051696777344,345.8882052038232,328.69934860547716,331.2288861451481,12953600
V,2025-12-12,346.3960876464844,348.39781132133226,344.54376992307505,346.56540020862116,6942300
V,2025-12-15,345.4599914550781,347.013558062661,342.41257807214174,346.3960884283587,7004600
V,2025-12-16,343.68731689453125,346.18697949005985,342.30306278210855,344.57366257997035,7269300
V,2025-12-17,342.9902038574219,346.356274968795,342.26320227687404,344.1254885044418,7263500
V,2025-12-18,344.5836181640625,346.09734117529985,342.8507704733419,343.74708462692297,6805000
V,2025-12-19,347.81024169921875,348.46752454314327,344.62342131505847,344.62342131505847,18623900
V,2025-12-22,350.6385192871094,351.9829600439862,348.14882543799325,348.55713887626075,5043500
V,2025-12-23,351.9232177734375,354.9108504598721,350.54890187499416,350.54890187499416,3703200
V,2025-12-24,353.6759948730469,354.5224665421767,351.55477066585945,351.92324052499094,2023600
V,2025-12-26,353.5365295410156,355.25940864009806,352.25183899439605,353.6361233741701,2017000
V,2025-12-29,353.1481628417969,355.0801679358215,352.34150436758574,354.0245400463162,3989900
V,2025-12-30,352.1622314453125,353.40707844317745,351.2061974606485,352.540669795347,3366500
V,2025-12-31,349.26422119140625,353.7357322383478,349.2443145806378,352.1921037382886,3503200
V,2026-01-02,345.05169677734375,348.6069568660295,342.06406384756735,348.4277061842687,5403800
V,2026-01-05,352.34149169921875,356.0660946845086,342.63168485186065,343.07984193998647,7592200
V,2026-01-06,356.08599853515625,357.1416263785221,350.5489214123709,352.2219885159953,6775400
V,2026-01-07,354.4129333496094,356.803033566547,353.0485858687304,355.67768698982985,6333900
V,2026-01-08,350.7779846191406,354.8809955460086,348.05922777871496,353.53655468224264,6357600
V,2026-01-09,348.3280944824219,353.23779410971,347.72062373923114,350.7082565158282,4902900
V,2026-01-12,341.7851867675781,345.0815390214404,335.92942192030296,341.36690482487097,13281300
V,2026-01-13,326.5283508300781,336.1285950456492,322.49502833379734,335.6107496370988,20383500
V,2026-01-14,327.8130187988281,328.53998994250327,322.6045683937439,327.30511153490255,9388400
V,2026-01-15,326.39886474609375,330.3226246971901,325.0245488739532,327.97233789178887,8587700
V,2026-01-16,326.94659423828125,327.8926900869644,324.058555362187,325.4328712721598,8341600
V,2026-01-20,324.4768371582031,326.9665310832551,320.23438898454765,320.90164032884104,8279900
V,2026-01-21,323.9390563964844,327.3150959639532,321.668456741042,325.0843095294372,8974600
V,2026-01-22,325.0146179199219,327.0362787420332,322.6643612347819,325.11421176408993,6938700
V,2026-01-23,324.8353576660156,326.44867456197824,323.28179099643876,324.5166695307759,5667900
V,2026-01-26,327.13580322265625,330.63134311164293,323.69007544570655,326.6478329536713,7540200
V,2026-01-27,323.9191589355469,327.5740127198232,323.5705956960795,327.1258860334559,6365800
V,2026-01-28,325.632080078125,327.03627119068096,323.5407309659827,325.38311066934074,8106000
V,2026-01-29,330.4321594238281,331.9857259727928,322.1763564041472,328.6395919878754,10214200
V,2026-01-30,320.5032653808594,331.6272312240268,320.2742329902072,330.8504479341279,11199100
V,2026-02-02,332.4637756347656,333.31027767642445,322.7738756079028,323.49090869837266,8502400
V,2026-02-03,327.57403564453125,334.4057722841721,327.51428541550075,330.28282413042047,9081200
V,2026-02-04,328.5898132324219,329.9441921266053,323.0826115387165,325.7614942159401,8472300
V,2026-02-05,327.773193359375,336.19830919167754,327.46447374035984,331.62723473824406,8339000
V,2026-02-06,330.21307373046875,333.74845736517926,325.7515616346053,330.41226140265053,7798800
V,2026-02-09,324.2378234863281,331.44799815131194,322.28591185276315,329.39649267698104,8513400
V,2026-02-10,327.4910888671875,329.1975426584034,323.8785524124587,324.03822505585356,5801800
V,2026-02-11,328.558837890625,330.3551322103828,325.74469522888825,326.24366079752514,8264300
V,2026-02-12,323.50933837890625,331.55266164507725,323.3297180668246,328.20961639281825,9392600
V,2026-02-13,313.4302062988281,325.8045770845193,312.1728337423736,323.1600351388152,11653900
V,2026-02-17,318.8390197753906,320.71513531219466,313.7595536000123,313.7595536000123,8591700
V,2026-02-18,319.6373596191406,321.61327441091976,316.0647792287517,318.83902681983574,7091900
V,2026-02-19,318.2701721191406,319.5375641615583,315.07681073429376,316.83314883690497,5967600
V,2026-02-20,320.2860107421875,321.68310824371105,317.162481409299,317.4518595119579,6831100
V,2026-02-23,305.8858642578125,319.85690123125556,304.0796111997443,318.3799825277642,13048000
V,2026-02-24,306.58441162109375,308.6301583134982,302.45296200827346,304.86796881092005,9120200
V,2026-02-25,312.34246826171875,313.2905150583614,307.6122842445478,307.9116514148336,7624200
V,2026-02-26,316.0448303222656,318.7592044654264,313.29053040296367,313.82942179031494,8725500
V,2026-02-27,319.4776916503906,319.56750179898404,311.3046331295279,313.80941959658975,12412900
V,2026-03-02,319.846923828125,321.9325962848922,313.94914705503476,314.84727900250533,6674900
V,2026-03-03,320.166259765625,321.37377846847016,313.6996849538386,315.1566560071252,5474300
V,2026-03-04,319.8070068359375,325.09602991416637,319.13837954462343,320.7750012998144,5257900
V,2026-03-05,319.13836669921875,322.1321601221174,314.11877427833633,318.669337844787,8267200
V,2026-03-06,316.70343017578125,317.032764525398,311.65390075349916,315.39614274359616,6439700
V,2026-03-09,315.3163146972656,315.74541779360504,309.5083479475934,312.8114977016857,8381500
V,2026-03-10,313.77947998046875,316.47390623113745,310.8056646841637,314.7774111170955,5271300
V,2026-03-11,308.32080078125,314.42813457039836,307.75200316890374,312.6019339587185,6376700
V,2026-03-12,305.86590576171875,310.3067116813087,305.3868878331418,307.5025275101912,7514900
V,2026-03-13,306.5046081542969,309.7079588288859,305.78609646094156,306.95365892861656,4814100
V,2026-03-16,309.4684143066406,310.48632357047774,306.74408175799863,307.2131106166737,6401200
V,2026-03-17,307.82183837890625,312.04309816703056,306.7440861215353,310.67593734480056,6872200
V,2026-03-18,298.4013671875,307.3029266148368,297.88245394322496,306.7740243134503,7191700
V,2026-03-19,299.0899353027344,301.8442350116896,296.41548713996315,297.4234073430545,6826400
V,2026-03-20,300.9960021972656,302.2933310235784,298.3914163961535,299.22967494551517,14398100
V,2026-03-23,303.8101806640625,307.2131297520358,302.2234736912733,304.5686181307204,7824500
V,2026-03-24,303.131591796875,305.4068737202475,299.99807320309833,301.37522313516865,5375900
V,2026-03-25,304.2792053222656,307.851785612155,301.5448835843987,304.84803341435196,6280900
V,2026-03-26,304.8979187011719,307.2330740575747,302.37315398017523,303.53075782816387,7652700
V,2026-03-27,294.9085998535156,303.95984261233536,293.71110075686363,303.690412167838,9974400
V,2026-03-30,298.9203186035156,300.05794432922346,295.2778758335563,298.1119967721213,9330300
V,2026-03-31,301.6147155761719,302.71244598499914,295.9764103976488,300.97605544568177,10246900
V,2026-04-01,297.8924560546875,304.41890425868155,293.2820187246287,304.41890425868155,7707600
V,2026-04-02,300.17767333984375,301.84423173587874,295.23793249238884,297.18387993371056,4376000
V,2026-04-06,302.70245361328125,303.79022540723855,298.84046479152994,300.1178154929676,5501000
V,2026-04-07,301.924072265625,304.3490682260976,300.4970379592236,301.81431445179874,4413900
V,2026-04-08,308.32080078125,310.4364099548042,307.0634282363584,307.09336495279763,6879300
V,2026-04-09,307.6522216796875,308.93953101515194,302.9619328044834,307.36281310114674,4811500
V,2026-04-10,303.7303161621094,308.3607314071977,302.8820990315011,308.0713228407691,5190000
V,2026-04-13,308.74993896484375,309.10917956751626,301.7145059514164,303.30121285543817,6787200
V,2026-04-14,310.725830078125,311.47427847139704,306.8538521842199,307.83183571502826,5571000
V,2026-04-15,315.2564392089844,316.07475007651544,310.87550675955816,312.3524558530697,4831400
V,2026-04-16,314.4481201171875,317.3421144410126,313.91921781129685,315.6955340890468,5695800
V,2026-04-17,316.3641357421875,318.7791426284462,314.52794600217567,315.9450216957469,8082300
V,2026-04-20,313.29052734375,316.8930444033761,311.70382037012894,315.74542959968784,5506800
V,2026-04-21,309.2987976074219,316.23443160774116,308.1811195395908,313.3603848879222,6806900
V,2026-04-22,310.64599609375,310.7158281288479,307.42266751686486,310.3665765900329,5666600
V,2026-04-23,308.2409973144531,311.5541362439113,304.37900840074366,309.8576410034995,7275000
V,2026-04-24,308.7798767089844,309.33871572907344,303.87004194169583,306.4646690803624,5616900
V,2026-04-27,309.0093994140625,310.17699235362977,305.42682995132543,306.8738424172374,6261500
V,2026-04-28,308.66009521484375,313.31045806908014,308.1012562023077,311.55411993872787,8839900
V,2026-04-29,334.167236328125,341.27253225190367,333.09947305974015,335.70405894620507,16658600
V,2026-04-30,329.1576232910156,331.8121239370452,327.401254633927,331.4329052084062,11241100
V,2026-05-01,327.35137939453125,335.1552089039801,327.2515801808754,332.19135193962137,6726100
V,2026-05-04,326.173828125,329.1077483731355,324.72681566190226,327.32144294688226,6712400
V,2026-05-05,321.36376953125,324.90641295969726,318.9886885029524,324.4373840973491,5893200
V,2026-05-06,318.14044189453125,323.9084827860181,317.3421091476348,323.08021332247415,7808400
V,2026-05-07,320.6153259277344,323.02034370833087,318.87893543276164,318.87893543276164,7186100
V,2026-05-08,318.1304931640625,320.4057750632095,315.5059292568937,320.3259235133766,5950200
V,2026-05-11,323.1899719238281,324.5072483684324,317.352098982156,318.43984029560517,9586200
V,2026-05-12,326.4200134277344,328.9100036621094,324.20001220703125,324.32000732421875,6235200
V,2026-05-13,320.30999755859375,325.4200134277344,319.79998779296875,323.7900085449219,7950400
V,2026-05-14,322.5199890136719,323.3299865722656,320.25,321.3699951171875,5277400
V,2026-05-15,325.75,329.010009765625,323.8399963378906,324.0,6054500
V,2026-05-18,332.6400146484375,333.42999267578125,323.7699890136719,324.42999267578125,5305800
V,2026-05-19,329.9100036621094,335.1700134277344,329.489990234375,333.3299865722656,12858100
V,2026-05-20,330.75,331.6600036621094,326.82000732421875,330.0899963378906,9422500
V,2026-05-21,331.1199951171875,332.5199890136719,327.239990234375,329.8399963378906,7034500
V,2026-05-22,328.8800048828125,333.42999267578125,328.82000732421875,330.5199890136719,7462100
V,2026-05-26,326.4800109863281,328.5,324.510009765625,326.4599914550781,8705100
V,2026-05-27,327.6099853515625,331.4599914550781,325.6600036621094,325.8299865722656,5917400
V,2026-05-28,324.95001220703125,327.0799865722656,320.8999938964844,326.010009765625,8105400
V,2026-05-29,326.3599853515625,331.6700134277344,325.3500061035156,325.5,14104500
V,2026-06-01,322.7699890136719,327.8599853515625,318.67999267578125,327.260009765625,10079300
V,2026-06-02,317.32000732421875,323.5,313.3900146484375,322.510009765625,10125300
V,2026-06-03,312.3999938964844,317.6499938964844,309.0,317.6499938964844,8992800
V,2026-06-04,320.17999267578125,324.760009765625,316.70001220703125,316.7900085449219,6981700
V,2026-06-05,323.57000732421875,325.9800109863281,320.9700012207031,322.3999938964844,7176300
V,2026-06-08,319.6700134277344,323.9200134277344,318.42999267578125,321.3500061035156,5582000
V,2026-06-09,325.04998779296875,325.489990234375,317.0,318.6600036621094,6340400
V,2026-06-10,322.9599914550781,326.8999938964844,320.17999267578125,326.6199951171875,5793100
V,2026-06-11,319.04998779296875,323.7099914550781,317.9599914550781,322.0,5958900
V,2026-06-12,322.3900146484375,325.92999267578125,319.79998779296875,321.760009765625,5543200
V,2026-06-15,323.82000732421875,326.44000244140625,322.75,323.3599853515625,6803000
V,2026-06-16,333.1199951171875,333.2900085449219,324.3800048828125,325.69000244140625,9248400
V,2026-06-17,330.3800048828125,336.82000732421875,329.9700012207031,333.5,6895200
V,2026-06-18,327.239990234375,332.3299865722656,327.0,331.0,14716700
V,2026-06-22,326.6000061035156,333.0,325.8599853515625,328.3299865722656,15132400
V,2026-06-23,328.4800109863281,331.2799987792969,328.0899963378906,328.82000732421875,11113400
V,2026-06-24,332.2300109863281,334.79998779296875,327.2200012207031,329.0,8197200
V,2026-06-25,330.5199890136719,339.94000244140625,330.07000732421875,332.55999755859375,7050200
V,2026-06-26,336.2300109863281,339.7200012207031,331.44000244140625,332.239990234375,16717400
V,2026-06-29,341.6499938964844,345.80999755859375,338.2699890136719,338.2699890136719,11710900
V,2026-06-30,343.0899963378906,344.2900085449219,339.0799865722656,341.760009765625,7957900
V,2026-07-01,351.0799865722656,353.3599853515625,340.9800109863281,344.55999755859375,13025900
V,2026-07-02,362.1300048828125,362.1300048828125,352.510009765625,352.510009765625,9814800
V,2026-07-06,357.25,365.0199890136719,348.8500061035156,363.0,11623800
V,2026-07-07,352.20001220703125,356.0799865722656,346.9200134277344,348.3900146484375,7332500
V,2026-07-08,347.5299987792969,351.6000061035156,345.69000244140625,350.29998779296875,10215200
V,2026-07-09,348.20001220703125,348.5,344.4200134277344,345.29998779296875,6606300
V,2026-07-10,348.9700012207031,351.1700134277344,345.3299865722656,350.6300048828125,4702800
V,2026-07-13,357.75,359.489990234375,351.04998779296875,351.7300109863281,9964600
V,2026-07-14,356.0199890136719,359.94000244140625,353.67999267578125,355.7699890136719,6632400
V,2026-07-15,355.1400146484375,360.42999267578125,349.1199951171875,354.0,8850000
V,2026-07-16,365.1400146484375,365.1400146484375,357.1099853515625,358.0400085449219,9073200
V,2026-07-17,358.55999755859375,364.6300048828125,357.0,363.57000732421875,7400400
V,2026-07-20,360.57000732421875,363.0,356.42999267578125,357.1000061035156,7616800
V,2026-07-21,355.82000732421875,359.1199951171875,354.69000244140625,356.989990234375,6027300
V,2026-07-22,353.4200134277344,357.5299987792969,352.2699890136719,356.57000732421875,4622200
V,2026-07-23,351.6000061035156,352.04998779296875,348.5,352.04998779296875,4183300
V,2026-07-24,355.739990234375,355.8399963378906,351.04998779296875,353.4700012207031,4482800
V,2026-07-27,362.5299987792969,363.6600036621094,358.25,359.3500061035156,6631100
V,2026-07-28,366.5899963378906,371.1600036621094,362.7300109863281,365.05999755859375,11061900
V,2026-07-29,368.7300109863281,373.9700012207031,355.4800109863281,357.0,11289900
V,2026-07-30,366.2699890136719,367.0,360.75,365.0,8391400
V,2026-07-31,366.1300048828125,366.8800048828125,360.1000061035156,363.760009765625,7828400
V,2026-08-03,365.6700134277344,371.9700012207031,364.3500061035156,368.5,5521300
V,2026-08-04,369.5899963378906,371.1099853515625,360.0899963378906,361.760009765625,7497500
V,2026-08-05,368.5400085449219,372.3999938964844,366.7200012207031,372.29998779296875,6065300
V,2026-08-06,370.4700012207031,371.1000061035156,365.25,369.57000732421875,5022300
V,2026-08-07,362.5,369.8085021972656,361.5199890136719,368.510009765625,4066533
