symbol,date,close,high,low,open,volume
WFC,2018-01-02,48.376747131347656,48.590558619937546,48.06790932143969,48.337153082534485,13819300
WFC,2018-01-03,48.74892807006836,48.91522485426855,48.38465503979863,48.47968436291161,14203700
WFC,2018-01-04,49.35868453979492,49.92884535783628,49.02608796017516,49.081520219973186,18740500
WFC,2018-01-05,49.6912841796875,49.738798845685515,49.16863493703721,49.69920178027118,14217900
WFC,2018-01-08,49.129051208496094,49.67545638846271,49.049860081870975,49.620024110241424,15569400
WFC,2018-01-09,49.303260803222656,49.70712795726456,49.1528022086607,49.33493725076168,15766500
WFC,2018-01-10,49.98429489135742,50.20602702800799,49.38245742520907,49.477483757583514,18107500
WFC,2018-01-11,49.89717102050781,50.41982022122326,49.643765530514365,50.403985021326434,22075000
WFC,2018-01-12,49.532901763916016,50.206012561432985,49.13695530214078,50.04763337255654,25886100
WFC,2018-01-16,49.493316650390625,50.008048351887616,49.23991111080721,49.722966364648194,17907800
WFC,2018-01-17,50.58612060546875,50.71282335191071,49.485389929348266,49.77046884321886,23892900
WFC,2018-01-18,50.641563415527344,50.92664238877231,50.570292917008004,50.578210518695755,16305900
WFC,2018-01-19,50.85536575317383,50.88704219588541,50.54652798881558,50.799933488844495,16524000
WFC,2018-01-22,51.25923156738281,51.275066767511866,50.657391254198735,50.68114707522408,12245200
WFC,2018-01-23,51.069190979003906,51.354273015468515,50.85538247248828,50.9266499607716,12937100
WFC,2018-01-24,51.85315704345703,51.97193616183258,51.31466955405246,51.433448672428,20180300
WFC,2018-01-25,51.98777389526367,52.146150070180575,51.78980065578564,52.027364918161,17568700
WFC,2018-01-26,52.209503173828125,52.29661188289364,51.67101571854304,52.17782673038032,16251900
WFC,2018-01-29,52.12240219116211,52.51042810800534,51.995702440253275,52.090725743018716,16105200
WFC,2018-01-30,51.694766998291016,52.20949858617671,51.694766998291016,51.81355214036668,16158900
WFC,2018-01-31,52.09070587158203,52.34411131839592,51.599736216815245,51.68683886390095,18147900
WFC,2018-02-01,52.186317443847656,52.64835011880445,51.827836586361215,52.07479168668243,15717600
WFC,2018-02-02,51.0391845703125,52.20224314842744,50.84799844070802,52.04292238670662,18905300
WFC,2018-02-05,46.3311882019043,47.709333569697414,45.80542174344652,46.76136158760129,103394400
WFC,2018-02-06,45.63017272949219,46.6020454183407,44.506944064040006,45.33542560080105,83076900
WFC,2018-02-07,45.8372917175293,46.29932748131722,45.20796426104727,45.35932022802363,45551000
WFC,2018-02-08,44.13252639770508,45.75762068333555,44.09269316772517,45.66999547838662,43569700
WFC,2018-02-09,44.71406173706055,45.040674210613204,43.590833177881976,44.72202656082316,48904600
WFC,2018-02-12,45.00881576538086,45.502716963609785,44.51491456715193,44.897289982443645,24401300
WFC,2018-02-13,46.203731536865234,46.27542710390743,44.57066921962516,44.65829747254887,24234200
WFC,2018-02-14,47.438472747802734,47.47830293210325,46.04439502534678,46.0842252096473,23681800
WFC,2018-02-15,47.812889099121094,47.876616794140666,47.11983408197173,47.65356530329919,22397300
WFC,2018-02-16,47.757137298583984,48.13951267389855,47.534082717180134,47.534082717180134,18661900
WFC,2018-02-20,47.757137298583984,48.80867034041139,47.621710977140644,47.685441725784415,18517600
WFC,2018-02-21,47.58187484741211,48.18730472866153,47.58187484741211,47.68543578162433,19987800
WFC,2018-02-22,46.84899139404297,47.93238667864962,46.745430455782,47.701370331704666,17948600
WFC,2018-02-23,47.135765075683594,47.191530988838714,46.48254022908131,47.05610469491697,21099200
WFC,2018-02-26,47.773075103759766,47.79697261763669,46.96052620459798,47.5978185650632,16478300
WFC,2018-02-27,47.167640686035156,48.179343543477124,47.167640686035156,47.82086567448597,17024400
WFC,2018-02-28,46.53034210205078,47.653570580655746,46.45864653793349,47.37475618622681,17869100
WFC,2018-03-01,45.65406799316406,46.95254999723004,45.45491397598042,46.40288600378887,28491000
WFC,2018-03-02,45.733726501464844,45.901015139687395,44.94507528879579,45.34338330676321,22428500
WFC,2018-03-05,45.877113342285156,46.17982825851925,45.080497380820816,45.25575386477457,20560900
WFC,2018-03-06,45.46287155151367,46.100163697129204,45.120326453461196,45.9727052680061,23975900
WFC,2018-03-07,45.08847427368164,45.20000309077623,44.618470609042134,44.92915346981703,24788700
WFC,2018-03-08,45.18405532836914,45.42303949328599,44.79371219588775,45.20795283320627,16828400
WFC,2018-03-09,46.386959075927734,46.418824451956475,45.407121554415454,45.53458001968088,19051500
WFC,2018-03-12,46.219661712646484,46.649835091537824,46.1718636575978,46.41881571707592,12414800
WFC,2018-03-13,45.85321807861328,46.538305286348184,45.74168928592032,46.51440777876699,13810600
WFC,2018-03-14,45.112361907958984,46.12406452482802,44.96897079445952,46.09219915763955,12212900
WFC,2018-03-15,45.27169418334961,45.50271054160817,44.80169056526961,45.223896123615475,13277700
WFC,2018-03-16,44.53083038330078,45.542529910242116,44.506929839691786,45.39914184283075,37095000
WFC,2018-03-19,44.19626235961914,44.60253828612935,43.78998947195829,44.51491002594678,17982200
WFC,2018-03-20,43.73423385620117,44.522882251244056,43.543044616852974,44.427289150994895,26874600
WFC,2018-03-21,43.64657974243164,44.27590694411063,43.44742579548371,43.829801008961965,18997300
WFC,2018-03-22,41.84623336791992,43.24031123001044,41.567419011041245,43.18454835863471,32656300
WFC,2018-03-23,40.61148452758789,42.02149525433847,40.57961915731298,41.997597746056776,30975800
WFC,2018-03-26,41.65505599975586,41.86217484568596,41.041661246908205,41.384206408093895,26718000
WFC,2018-03-27,40.70707702636719,42.06132485549199,40.38046458277081,41.742680273776635,23669300
WFC,2018-03-28,41.009796142578125,41.368273992544125,40.587590585312185,40.75487923567991,23342500
WFC,2018-03-29,41.75063705444336,42.021486568094964,41.200973205642306,41.47182271929391,17706800
WFC,2018-04-02,40.90623474121094,41.74268406137673,40.165381539197874,41.71878351241394,23359800
WFC,2018-04-03,41.487762451171875,41.57538765793165,40.675213772140296,41.200980206943214,16646400
WFC,2018-04-04,42.14896011352539,42.25252106326092,40.635388222373244,40.73098434775193,15952700
WFC,2018-04-05,42.427764892578125,42.98539667497743,42.26047626951296,42.49149562832604,16488800
WFC,2018-04-06,41.60725402832031,42.156917983753765,41.39216733997272,41.9418343342551,22943800
WFC,2018-04-09,41.62319564819336,42.48354258626793,41.55150007002048,41.822349694356966,17032000
WFC,2018-04-10,41.917938232421875,42.26845126046008,41.51963018335974,42.21268837669932,14594700
WFC,2018-04-11,41.36827087402344,41.798444261554295,41.20098223626666,41.67895064095716,14673200
WFC,2018-04-12,41.98167037963867,42.43574132761166,41.447935995885736,41.55149694297499,19967800
WFC,2018-04-13,40.539798736572266,41.6630274793164,40.476071019508964,41.432008047406335,32054900
WFC,2018-04-16,40.46809387207031,40.898267259250645,40.07775371762257,40.300805234449854,31879100
WFC,2018-04-17,40.28487014770508,40.75487370075161,40.22114244906002,40.58758507310339,25507100
WFC,2018-04-18,40.1414794921875,40.60351822782392,40.03791856198471,40.45215924394702,21055700
WFC,2018-04-19,41.05759811401367,41.113361002782476,40.221151743632156,40.237081392837936,23678400
WFC,2018-04-20,41.870140075683594,42.077258908590814,41.280642870126236,41.36827112057318,31149300
WFC,2018-04-23,41.909969329833984,42.09319064990947,41.56742419786928,41.86217127461253,17723900
WFC,2018-04-24,41.83030319213867,42.818108330722275,41.567421502588616,42.18081616333709,23052100
WFC,2018-04-25,42.30827713012695,42.610992067329,41.368269987380266,41.77454281877468,20978500
WFC,2018-04-26,41.7745475769043,42.308281949049025,41.63115643446835,42.21268886704149,17025800
WFC,2018-04-27,41.71080780029297,42.17284342868929,41.59131420321977,41.64707707149435,12304300
WFC,2018-04-30,41.392173767089844,42.26048547834919,41.392173767089844,41.87014527280611,17050500
WFC,2018-05-01,41.870140075683594,41.90200240769692,41.10538636923234,41.23284481383271,13903800
WFC,2018-05-02,41.57538604736328,42.11708514573305,41.47182816006372,41.72674502531435,16397200
WFC,2018-05-03,41.36671447753906,41.56736792021817,40.7808067923235,41.43092198709753,19216100
WFC,2018-05-04,42.064998626708984,42.45828082460635,40.989495769572784,41.06975594299052,16660500
WFC,2018-05-07,42.2656364440918,42.5305004292353,42.040905592499655,42.5144477881604,16259100
WFC,2018-05-08,42.69102096557617,43.10838045077365,42.241559259769836,42.31379461416417,20786200
WFC,2018-05-09,43.14850616455078,43.32508213784123,42.819434708154546,42.89969790589017,16286700
WFC,2018-05-10,43.86284637451172,43.9270538878471,43.04417991281669,43.44548682178119,20699000
WFC,2018-05-11,43.70232391357422,44.08757818683875,43.55785317838392,43.894949519342084,14424000
WFC,2018-05-14,43.72639083862305,43.99927959930895,43.60600062938777,43.967174318821655,12809100
WFC,2018-05-15,43.9431037902832,44.36848810749537,43.64613755345935,43.68626762950659,14991100
WFC,2018-05-16,44.17586898803711,44.40059989619993,43.79061469044556,43.90298014452697,16450200
WFC,2018-05-17,43.517723083496094,43.87889685961442,43.36522449544464,43.66219381863495,21622400
WFC,2018-05-18,43.100364685058594,43.67824457947687,43.092336831929394,43.46154153265057,21492700
WFC,2018-05-21,43.77455139160156,43.8467867461776,43.39732197751244,43.40534982898103,11491400
WFC,2018-05-22,44.35242462158203,44.66544648637239,43.694281737776706,43.846780275893806,17398200
WFC,2018-05-23,45.090850830078125,45.090850830078125,43.846799850986315,44.16784358593272,23566100
WFC,2018-05-24,43.878883361816406,44.86610076882538,43.69428260408688,44.84202027922389,24673400
WFC,2018-05-25,44.06349563598633,44.135730995195296,43.766526347167,43.82270906413748,17741900
WFC,2018-05-29,42.49839782714844,43.54981985916994,42.249586467389115,43.37324691966734,31604000
WFC,2018-05-30,43.525753021240234,43.69430121158872,42.84353240598444,43.0682633264491,16416200
WFC,2018-05-31,43.33311462402344,43.64613347435763,43.18061606287623,43.50968755447478,17515900
WFC,2018-06-01,43.89493942260742,44.159803396775104,43.565867948529096,43.790601852536604,14100200
WFC,2018-06-04,44.0073127746582,44.28019850663198,43.822708920385395,43.97520749028654,10593700
WFC,2018-06-05,43.74245071411133,44.08757488211508,43.573902556266304,43.83073871919069,11883900
WFC,2018-06-06,44.609275817871094,44.64940589493545,43.8708695406268,43.919027470141195,15848200
WFC,2018-06-07,44.649410247802734,44.93835172960075,44.34441612126828,44.76177569922886,17299600
WFC,2018-06-08,44.68954086303711,44.76177623435017,44.127710537460906,44.593228055196,12965900
WFC,2018-06-11,44.55309295654297,45.03466309806994,44.54506816529549,44.77782691394709,13518400
WFC,2018-06-12,44.448753356933594,44.90624298062657,44.21599461877999,44.657431598973204,13608300
WFC,2018-06-13,44.27217483520508,44.890187797199324,44.25612219261358,44.4567756324145,14901100
WFC,2018-06-14,43.93507385253906,44.424665621722845,43.72639258277584,44.408616042567076,18189100
WFC,2018-06-15,44.12770462036133,44.44072350016882,43.64613758400034,43.782580455002154,35715800
WFC,2018-06-18,44.20796585083008,44.32835607365469,43.68626570007154,43.750473206565644,17856700
WFC,2018-06-19,44.20796585083008,44.32835607365469,43.822708564951775,43.886919133174295,16654800
WFC,2018-06-20,43.72639083862305,44.61729247091315,43.694285558135746,44.512951840193466,16545600
WFC,2018-06-21,43.63810729980469,43.951126162167704,43.24482828976391,43.541794510245694,21191600
WFC,2018-06-22,43.29298782348633,44.18388964275737,43.164569736313034,44.11165427736435,24015000
WFC,2018-06-25,43.309043884277344,43.45351462646244,42.61879546311051,43.16457314209224,21069600
WFC,2018-06-26,42.8836555480957,43.29298723864069,42.55458401280152,43.260885013577564,14409100
WFC,2018-06-27,42.763267517089844,43.292992567441935,42.586694541458506,42.73116528807535,19520900
WFC,2018-06-28,43.04418182373047,43.22878264264191,42.55458688318198,42.979971245815776,13837300
WFC,2018-06-29,44.496910095214844,45.84530158856034,44.47283265981793,44.641380831053915,43888500
WFC,2018-07-02,45.20319747924805,45.251355397227385,44.19993048430428,44.30427110906224,21204900
WFC,2018-07-03,44.59321594238281,45.45201231153693,44.488875309555006,45.29148896758526,12830400
WFC,2018-07-05,44.336387634277344,45.01058334836811,44.183889052856586,44.88216220118066,16788600
WFC,2018-07-06,44.858089447021484,45.05071812617106,44.167841017518214,44.38454713341312,12389100
WFC,2018-07-09,45.56438064575195,45.72490399996249,44.95439251209757,45.09886322471422,16684000
WFC,2018-07-10,45.44398880004883,45.8131934449132,45.21925793409275,45.79714080281228,15581400
WFC,2018-07-11,45.00255584716797,45.54833348006119,44.93032048217538,45.26741987271704,15641400
WFC,2018-07-12,44.97043991088867,45.33161665032312,44.625315811176634,45.3155640106007,18236100
WFC,2018-07-13,44.432701110839844,44.777825294849926,43.04417958384219,43.93508140481107,34323400
WFC,2018-07-16,45.740966796875,45.933592415311345,44.64941141997237,44.73769943747611,25538700
WFC,2018-07-17,45.39583206176758,45.77305841951982,45.29149142328244,45.70885091549471,21649000
WFC,2018-07-18,45.40385437011719,45.604507784537624,45.058730252375796,45.15504303401373,19913900
WFC,2018-07-19,45.21123504638672,45.652672006688206,44.96242367594512,45.155049265805,22219400
WFC,2018-07-20,45.27543258666992,45.47608598460087,44.82596787308256,45.00254384301472,17250400
WFC,2018-07-23,46.55159378051758,46.623829134715095,45.187149902191244,45.25938525638876,24584100
WFC,2018-07-24,46.83251190185547,47.10540070406799,46.43120501987992,46.551598309164,27245000
WFC,2018-07-25,46.7361946105957,46.952900673418874,46.43120055235626,46.63185397403753,15531100
WFC,2018-07-26,46.8004150390625,47.13751138890567,46.71212702503818,46.928833133535456,14165300
WFC,2018-07-27,47.0572509765625,47.27395708390183,46.6800214865575,46.85659751366262,17662900
WFC,2018-07-30,46.944881439208984,47.57091920918737,46.79238286117833,47.21777024745854,22699900
WFC,2018-07-31,45.98173522949219,47.121445105340875,45.90949988090121,47.04118496767446,21633800
WFC,2018-08-01,46.27067947387695,46.7763238834307,45.9175274982453,46.51948775300487,19192700
WFC,2018-08-02,46.78435134887695,46.912769413030745,45.81318954735589,45.81318954735589,13489100
WFC,2018-08-03,47.21776580810547,47.298025954038785,46.5756723937257,46.59975288688834,13720400
WFC,2018-08-06,47.26591873168945,47.37828415607715,46.704088548022774,47.0171104524676,13360500
WFC,2018-08-07,47.209739685058594,47.48262847764332,47.113426894066464,47.30605247605072,13810900
WFC,2018-08-08,47.50670623779297,47.75551759977876,47.16158208415041,47.16158208415041,13778600
WFC,2018-08-09,47.247989654541016,47.61989610101219,47.21565251130625,47.41777430615922,15859500
WFC,2018-08-10,46.932682037353516,47.231821442220586,46.39099708572574,46.39099708572574,16170100
WFC,2018-08-13,46.57695388793945,46.98119753829944,46.53653013973031,46.61737763614859,19541100
WFC,2018-08-14,46.94886016845703,47.102471654670865,46.6254639947985,46.6254639947985,14860400
WFC,2018-08-15,46.88417434692383,47.09437966307916,46.609288574022905,46.633542203235535,17378400
WFC,2018-08-16,47.42584991455078,47.5471242048984,46.93267232386598,47.00543628124789,19992500
WFC,2018-08-17,47.58755874633789,47.733086694147744,47.304586365981386,47.304586365981386,13737600
WFC,2018-08-20,47.72499465942383,47.870522590659725,47.43393879695203,47.54712958668391,11403400
WFC,2018-08-21,47.66840362548828,48.12924107360896,47.65223351171322,47.7007438530384,17943500
WFC,2018-08-22,47.83817672729492,48.10497893116267,47.56329409417054,47.73307563255912,20829600
WFC,2018-08-23,47.39352035522461,47.74117010936025,47.35309661072526,47.7007463648609,19655600
WFC,2018-08-24,47.45011520385742,47.63606689973942,47.43394508889368,47.61989986890974,14366600
WFC,2018-08-27,47.78158187866211,48.08880781130029,47.50669616717178,47.59563023326177,19915200
WFC,2018-08-28,47.7573356628418,47.96754404877653,47.69265829464676,47.85435325720121,19330200
WFC,2018-08-29,47.66840362548828,47.84627179288007,47.555215913196726,47.74116759540912,14436600
WFC,2018-08-30,47.264156341552734,47.76542057702257,47.2399027148516,47.43393789672787,14800900
WFC,2018-08-31,47.28032302856445,47.328833362585705,46.94884345641934,47.11054148569014,16720200
WFC,2018-09-04,47.53904724121094,47.66032155613502,46.948851949123885,47.256077951900004,19003700
WFC,2018-09-05,47.66032791137695,47.86244974044629,47.547140180559616,47.60373404596828,22332300
WFC,2018-09-06,46.83566665649414,47.830105604264595,46.83566665649414,47.62798379169009,20756900
WFC,2018-09-07,46.40716552734375,46.94885045944683,46.36673870089583,46.82757614837076,21482400
WFC,2018-09-10,46.45566940307617,46.76289537374187,46.33439818496097,46.58502721954589,15623000
WFC,2018-09-11,46.39098358154297,46.53651148406374,46.34247325265836,46.40715369117117,22160300
WFC,2018-09-12,45.22677230834961,46.39907935093657,45.113584595185905,46.35057209337148,23868800
WFC,2018-09-13,44.466793060302734,45.47740199349143,44.45870954585605,45.28336372130037,26954800
WFC,2018-09-14,44.248504638671875,44.9195505034391,44.22425100929174,44.62040801512569,20997600
WFC,2018-09-17,43.908939361572266,44.27275612116778,43.60979688776494,44.26467260647771,21959500
WFC,2018-09-18,44.06254196166992,44.22423998019076,43.69063867796522,43.86042020955217,22055200
WFC,2018-09-19,44.64466857910156,44.830620283366216,43.88468856221604,44.05447323492222,17046200
WFC,2018-09-20,44.911468505859375,45.12167692913835,44.458717595660225,44.97614896967883,20308000
WFC,2018-09-21,44.458709716796875,45.121668932787,44.40211277891769,45.07315859351929,36158500
WFC,2018-09-24,43.868499755859375,44.59613923134059,43.852332731189044,44.305083441148106,19604700
WFC,2018-09-25,43.84425735473633,44.21616069998446,43.82000372739127,43.900851207963925,15207400
WFC,2018-09-26,42.97917938232422,44.02212860939257,42.8659916679076,43.96553475218426,22025100
WFC,2018-09-27,42.70429229736328,43.33491130635855,42.65578195661987,43.076195657327986,19991000
WFC,2018-09-28,42.49408721923828,42.8336503538799,42.3728129087898,42.599188331884214,18588600
WFC,2018-10-01,42.24345397949219,42.68812129929167,42.170690011951635,42.63961404368714,17209000
WFC,2018-10-02,42.146446228027344,42.32431134700971,41.944324391443466,42.235380329585766,17509600
WFC,2018-10-03,42.566864013671875,42.78515290363338,42.30814828529143,42.44558966668458,18444900
WFC,2018-10-04,43.262149810791016,43.54512218843892,42.63153076574058,42.63153076574058,21417500
WFC,2018-10-05,43.00341796875,43.545105806433185,42.83363645651477,43.41574802318736,14793000
WFC,2018-10-08,43.391510009765625,43.625972056686784,42.833654907491905,42.833654907491905,12858200
WFC,2018-10-09,43.278316497802734,43.63405282048598,42.83364917858243,43.1570452748156,15918300
WFC,2018-10-10,42.38899230957031,43.71491107956591,42.37282219235884,43.41577162148995,21875900
WFC,2018-10-11,41.588592529296875,42.72047617149317,41.24094268565665,42.34857269173589,33147900
WFC,2018-10-12,42.13026809692383,43.116623458750226,41.12774262115049,42.12218149788342,32067300
WFC,2018-10-15,43.043853759765625,43.65021907347825,42.45365547371455,42.45365547371455,34118900
WFC,2018-10-16,43.44002151489258,43.48853186235007,42.4698361546824,43.10045833509285,28227200
WFC,2018-10-17,44.03020477294922,44.47487204140032,43.00342583139362,43.302568265701986,23524200
WFC,2018-10-18,42.930667877197266,43.9817036749018,42.65578211357411,43.79574891010141,22533300
WFC,2018-10-19,42.76088333129883,43.35916515778864,42.73662970459438,42.914497858116626,19521000
WFC,2018-10-22,41.75836181640625,42.98725954933444,41.68559785078635,42.90641206937173,17621500
WFC,2018-10-23,41.68560028076172,42.000909788783716,40.8043491276094,41.103488521869515,25529800
WFC,2018-10-24,40.577972412109375,41.629008264136964,40.44053106526102,41.48348031798342,31161500
WFC,2018-10-25,41.92814636230469,42.534511757631186,40.76392282943211,40.85285691420809,29366100
WFC,2018-10-26,41.434967041015625,41.98473855775395,41.063063686790805,41.49156089560924,30053800
WFC,2018-10-29,42.227291107177734,42.971101023374274,41.709859731111074,41.94432178718324,30541300
WFC,2018-10-30,42.59918975830078,42.777057930478705,41.93623049635351,42.40515455604662,24910900
WFC,2018-10-31,43.035770416259766,43.6825595163048,42.87407237021508,42.882158968790854,23667400
WFC,2018-11-01,43.30257797241211,43.625971020080456,42.97109832517496,43.19747376695621,17654800
WFC,2018-11-02,43.34299850463867,44.16765580387857,42.93875491192111,43.82808958224621,18285600
WFC,2018-11-05,43.3834114074707,43.9008425834044,41.36219394889653,43.44000524958013,18990000
WFC,2018-11-06,43.29447555541992,43.42383334405385,42.8174681315574,43.14086414520869,20696800
WFC,2018-11-07,43.31874465942383,43.80383573460612,42.680039045931196,43.512779855843206,20668500
WFC,2018-11-08,43.326900482177734,43.68551178327696,43.08239263556072,43.11499451086591,22429200
WFC,2018-11-09,43.22909164428711,43.51435023878144,42.97643181124534,43.26984242791694,18972200
WFC,2018-11-12,42.66673278808594,43.669220392449056,42.60968105243424,43.30245701391211,19003300
WFC,2018-11-13,42.98458480834961,43.46545152789331,42.886779194517096,42.886779194517096,28102000
WFC,2018-11-14,42.50371551513672,43.43284702668618,41.965797107972016,43.31059157134109,24788400
WFC,2018-11-15,43.049781799316406,43.123134448941535,41.79463784310211,42.0065468793904,23220100
WFC,2018-11-16,43.14759826660156,43.34320643196655,42.77268598449551,42.91124241602203,18872500
WFC,2018-11-19,43.45729064941406,43.58769499886354,42.87046952234894,43.17203210658237,20215500
WFC,2018-11-20,42.82157897949219,43.392099296081255,42.674873666395406,43.237241960542654,22999200
WFC,2018-11-21,42.731929779052734,43.35950188089282,42.601525388351284,42.886784021421356,16946300
WFC,2018-11-23,42.2429084777832,42.617820662594276,42.06360129848856,42.3570119158487,11139400
WFC,2018-11-26,43.098690032958984,43.343197859491404,42.65042516613528,42.65042516613528,20581700
WFC,2018-11-27,43.35133743286133,43.45729194152841,42.74821846463182,42.943823440079484,18044600
WFC,2018-11-28,44.29677963256836,44.304931655326314,42.85418251298185,43.3187483194424,23713300
WFC,2018-11-29,44.04411315917969,44.353821555666954,43.84035616245042,43.987061448822296,14978400
WFC,2018-11-30,44.239723205566406,44.45978116034656,43.905561816993306,44.076720076768126,18939000
WFC,2018-12-03,44.20711135864258,44.85913300807414,43.68549093001286,44.64722402883109,21261700
WFC,2018-12-04,42.2021484375,44.003362663008346,41.98209050653513,43.970760797142795,33280500
WFC,2018-12-06,41.639793395996094,41.680544186658466,40.76771341766001,41.28118208544678,40310200
WFC,2018-12-07,40.96330642700195,41.93319174901001,40.79215129103057,41.47677494400121,28510500
WFC,2018-12-10,39.773372650146484,40.808458762076796,39.36585857973702,40.808458762076796,34524600
WFC,2018-12-11,38.925743103027344,40.41724611092397,38.75458793758907,40.27054079509526,32388600
WFC,2018-12-12,38.90944290161133,39.36585664826131,38.18406528024103,39.357707735250614,42820000
WFC,2018-12-13,38.33076477050781,39.21914538996588,38.249263216426705,39.096893058844216,35227100
WFC,2018-12-14,37.93141174316406,38.70568912577052,37.80100736044719,37.93956065685886,25913000
WFC,2018-12-17,37.988460540771484,38.558980837128864,37.589095400595674,37.67060007669558,29443300
WFC,2018-12-18,37.91511535644531,38.73014362349938,37.752109081217284,38.257425736246695,26740000
WFC,2018-12-19,37.22233200073242,38.65678320422109,36.920772472930736,37.80915323025828,34287600
WFC,2018-12-20,37.52388381958008,38.11885379061638,36.94521477900725,37.00226648108713,43969900
WFC,2018-12-21,36.77407455444336,37.923264287110776,36.61922030290878,37.157138835027865,55577900
WFC,2018-12-24,35.535221099853516,36.75776315295516,35.535221099853516,36.244297729193825,18049900
WFC,2018-12-26,37.157127380371094,37.157127380371094,35.06250562760767,35.73082835211899,27770000
WFC,2018-12-27,37.10822677612305,37.10822677612305,35.73897937924487,36.44805603379326,27005300
WFC,2018-12-28,37.311988830566406,37.84175838758118,37.108231786958534,37.230487256757556,23635000
WFC,2018-12-31,37.55649185180664,37.88250118739244,37.140825829397,37.47498718609637,16544500
WFC,2019-01-02,38.257415771484375,38.26556779311981,37.010423842598414,37.10822633862655,20295200
WFC,2019-01-03,37.95585250854492,38.59157333349326,37.79284629189318,38.02105623883961,22262000
WFC,2019-01-04,39.08060073852539,39.21100511924379,38.469329620954355,38.6486337012636,23343600
WFC,2019-01-07,38.827938079833984,39.308804781875814,38.74643651369217,38.942041516066716,21858000
WFC,2019-01-08,38.74644088745117,39.25175749455939,38.24112117125715,39.03985153321911,19702900
WFC,2019-01-09,38.95833969116211,39.10504498709262,38.37152161652532,38.721980813375716,18837700
WFC,2019-01-10,38.91759490966797,39.16210273754508,38.558983636053924,38.71383786825609,16208400
WFC,2019-01-11,39.01539611816406,39.19470330353554,38.45302782188843,38.71383657747298,20006900
WFC,2019-01-14,39.463653564453125,39.52070838379476,38.63232775526104,38.72197822203213,23827600
WFC,2019-01-15,38.85239028930664,39.325108107100256,38.31447183645378,38.79533856772267,27447600
WFC,2019-01-16,39.88747787475586,40.213490389285354,39.113203593648386,39.24360797764303,32026400
WFC,2019-01-17,40.12383270263672,40.22978722542205,39.44736100120447,39.64296600271614,25738800
WFC,2019-01-18,40.75955581665039,40.88181128099444,39.82227532332661,40.01788033537435,36380300
WFC,2019-01-22,40.63730239868164,40.832907405614094,40.44984630491907,40.56394974381059,33975200
WFC,2019-01-23,40.849212646484375,41.01221890883238,40.34389603138281,40.75141013270991,16806700
WFC,2019-01-24,40.735111236572266,41.02852190168266,40.46615353294508,40.58025698958001,17862100
WFC,2019-01-25,40.85736083984375,41.191522247246,40.71880444165544,41.077418807023605,20183400
WFC,2019-01-28,40.604698181152344,40.66990191908518,40.09938164851429,40.563947399487,19913100
WFC,2019-01-29,40.629150390625,40.84105944214233,40.523198973951864,40.5720986711593,11927600
WFC,2019-01-30,40.82476043701172,41.03666638946298,40.41724635922525,40.62100339811848,16885100
WFC,2019-01-31,40.22438430786133,40.643815273833845,40.018780216502954,40.52867748463627,24934700
WFC,2019-02-01,40.22438430786133,40.36419672136514,40.12569522244476,40.298401906241125,21123500
WFC,2019-02-04,40.34775924682617,40.42177686580592,40.059911556451475,40.17504937769322,17547800
WFC,2019-02-05,40.52046585083008,40.56158605296233,40.092808846659935,40.52046585083008,14784900
WFC,2019-02-06,40.479339599609375,40.734286697093154,40.35597587437733,40.37242458022626,12145700
WFC,2019-02-07,39.54179000854492,40.54513608595906,39.23749362021821,40.37242936000296,24189700
WFC,2019-02-08,39.18815612792969,39.50889813174767,38.70293016035948,39.42665458123622,20641200
WFC,2019-02-11,39.18815612792969,39.44310329133851,38.96610324745478,39.36908566451354,15995900
WFC,2019-02-12,40.339534759521484,40.676725449701614,39.48422071804539,39.48422071804539,22033000
WFC,2019-02-13,40.31486511230469,40.882331479168876,40.20795006790282,40.49579778171237,13770900
WFC,2019-02-14,39.90364456176758,40.224386459480144,39.50065914075075,39.99411086876746,16456500
WFC,2019-02-15,40.479339599609375,40.64382038355897,39.87897595383778,40.37242458022626,19346200
WFC,2019-02-19,40.61093521118164,40.8083134510671,40.150380755997986,40.3230875002154,15121700
WFC,2019-02-20,40.96457290649414,41.02214181882099,40.54513867408949,40.65205371295525,16742600
WFC,2019-02-21,40.75896453857422,41.030360363308006,40.602703389322244,40.92344533549404,16938800
WFC,2019-02-22,40.31486511230469,40.915228898564926,40.2572961969969,40.791865144465035,15848200
WFC,2019-02-25,40.84120559692383,41.30998277771379,40.50401493815789,40.5122377232287,16564100
WFC,2019-02-26,40.78364181518555,41.235970345411054,40.5780376526039,40.70140140506111,16997800
WFC,2019-02-27,41.038597106933594,41.14550902566893,40.594491308696114,40.783646784848166,17455000
WFC,2019-02-28,41.030364990234375,41.22774636097468,40.89877845549766,41.10438261210318,17786600
WFC,2019-03-01,41.14549255371094,41.811650984381,41.01390605179373,41.30997646542487,19051400
WFC,2019-03-04,41.21131134033203,41.86102144395193,40.86589461112377,41.35934663323964,16697000
WFC,2019-03-05,41.030364990234375,41.161951524971094,40.5698136872911,41.1455028159702,14235400
WFC,2019-03-06,40.97279357910156,41.30176146452017,40.85765576038613,41.096157320451105,14211000
WFC,2019-03-07,40.85765838623047,40.997467707292984,40.53691640283249,40.88232988117786,19047300
WFC,2019-03-08,40.95635986328125,41.0386034333765,40.43823635213113,40.51225399658115,17400000
WFC,2019-03-11,40.92344284057617,41.20306457047074,40.816530956550245,41.12082417702465,19471500
WFC,2019-03-12,40.832984924316406,41.16194967776013,40.74251859750653,40.939896822118705,18299300
WFC,2019-03-13,41.05503845214844,41.18662813046039,40.800091293595536,41.013918246311256,21647300
WFC,2019-03-14,41.40867233276367,41.77053762519605,41.06325888519115,41.17839670104866,20160700
WFC,2019-03-15,41.66362380981445,41.77876162903049,41.1208289926029,41.30176164409684,46117300
WFC,2019-03-18,42.543601989746094,42.823223704344066,41.803429077412474,41.81165186139929,23843300
WFC,2019-03-19,42.280433654785156,43.11107296915541,42.22286474870356,43.11107296915541,19911900
WFC,2019-03-20,41.44980239868164,42.412028419343585,41.392233481408056,42.09950919895077,20632400
WFC,2019-03-21,41.00570297241211,41.23597867710398,40.43823336117689,41.1043921119556,24132800
WFC,2019-03-22,39.7309455871582,40.68494868193192,39.47599532129091,40.504016032782864,27975800
WFC,2019-03-25,39.54179000854492,40.20794541930992,39.35263143752227,39.8214086292718,17227600
WFC,2019-03-26,40.306640625,40.33131525906152,39.81319186555938,39.90365820348666,16989600
WFC,2019-03-27,40.109249114990234,40.45466250494204,39.846076111997526,40.249058400274635,16912000
WFC,2019-03-28,40.37242889404297,40.47934392485001,39.763839261683835,40.07635843166664,15881600
WFC,2019-03-29,39.739166259765625,40.95634234098995,39.31150929004842,40.95634234098995,53590800
WFC,2019-04-01,40.142154693603516,40.21617231183714,39.615805443236454,39.829635512475946,42015500
WFC,2019-04-02,39.64870071411133,40.199721428315435,39.44309657872937,39.94477117102456,35393600
WFC,2019-04-03,40.18327331542969,40.19149610056775,39.541789407475186,39.86253136145243,30366300
WFC,2019-04-04,40.4382209777832,40.85765518262429,40.19972255836106,40.257291466904704,19260100
WFC,2019-04-05,40.11747360229492,40.63559684649347,39.96943838966677,40.51223312354674,23734900
WFC,2019-04-08,40.199729919433594,40.380659463442555,39.953005532315345,40.00234852737652,18875200
WFC,2019-04-09,39.59114456176758,40.05169910281147,39.492455423426435,40.03525039020943,22903500
WFC,2019-04-10,39.30329132080078,39.63225608893322,38.982549338531705,39.541792895354355,30977800
WFC,2019-04-11,39.26216506958008,39.689818888555735,38.96609462777387,39.45132048800738,33662700
WFC,2019-04-12,38.2341423034668,40.15037100873414,37.88050297748157,39.270385654474104,70271400
WFC,2019-04-15,38.464412689208984,38.702914181317496,37.55153004768767,37.72423672655133,34954000
WFC,2019-04-16,39.18815612792969,39.36908566451354,38.54666898302306,38.55489490670954,25217100
WFC,2019-04-17,39.10590362548828,39.44309426222054,38.587780356319705,39.44309426222054,25144000
WFC,2019-04-18,39.130584716796875,39.36908315490014,38.75227068310148,39.015443753420605,22416800
WFC,2019-04-22,38.86739730834961,39.064778622842574,38.73581081111082,38.99076102206641,15972600
WFC,2019-04-23,38.9414176940918,39.01543530016147,38.612452996103094,38.8180571088222,16434300
WFC,2019-04-24,39.04834747314453,39.22105424017464,38.67825930288647,38.702933939084325,17831800
WFC,2019-04-25,39.07301330566406,39.44310142225158,38.579564575061056,38.793391521716885,23042800
WFC,2019-04-26,39.443092346191406,39.45954105172931,38.98254114020929,39.08123023616692,13035500
WFC,2019-04-29,39.69804763793945,40.12570462464521,39.44309737549847,39.451323297951184,16918700
WFC,2019-04-30,39.81318283081055,39.936546561311296,39.56645850707904,39.76383671115625,18525100
WFC,2019-05-01,39.665157318115234,40.17505479693931,39.46777906572497,39.73917494707927,17542100
WFC,2019-05-02,39.722721099853516,39.87898226149926,39.352633002890364,39.76384130234489,16883000
WFC,2019-05-03,40.010562896728516,40.10925199562118,39.76383544359202,39.903647876187364,16571300
WFC,2019-05-06,39.82963943481445,40.07636380746667,39.377310895406964,39.467777230742584,19279900
WFC,2019-05-07,38.79338455200195,39.60757826221444,38.57955764376279,39.5171119458275,23919100
WFC,2019-05-08,38.65358352661133,38.90853382397023,38.49732548858075,38.702929656275494,19814400
WFC,2019-05-09,38.81135559082031,38.886088748712474,38.014200850771005,38.19688260730713,23246900
WFC,2019-05-10,39.151798248291016,39.33447680134178,38.288215963984705,38.53732538548895,19983400
WFC,2019-05-13,38.47090530395508,39.01894740684566,38.4127766987466,38.429384419149194,23304700
WFC,2019-05-14,38.603755950927734,38.96911622175956,38.180267086856304,38.51241509132024,21267600
WFC,2019-05-15,38.06401824951172,38.48750396839133,37.77339110592751,38.21348454266883,20123300
WFC,2019-05-16,38.11384201049805,38.63697087728647,37.997587983613386,38.18857515826759,20764100
WFC,2019-05-17,37.9477653503418,38.387858763404395,37.70695820570077,37.73186819735394,22273500
WFC,2019-05-20,37.74016189575195,38.12212976436532,37.615605641048965,37.88132269465801,18854000
WFC,2019-05-21,38.47090530395508,38.49581530075958,37.7983068818444,37.8813423162586,18416300
WFC,2019-05-22,38.27991485595703,38.45429432159284,38.163663990598835,38.25500486126556,13155000
WFC,2019-05-23,37.831520080566406,38.080629536644345,37.42463887381352,38.05571954131613,17643700
WFC,2019-05-24,38.33803939819336,38.48750569806767,37.8564282289527,37.99758908572375,13425500
WFC,2019-05-28,37.85643005371094,38.40447212380069,37.84812777780593,38.25500581672179,19984600
WFC,2019-05-29,37.76508712768555,37.93116114514453,37.474459972831134,37.690353978208925,16058800
WFC,2019-05-30,37.40803909301758,38.07233217273257,37.26687819940282,37.93947355678957,13775900
WFC,2019-05-31,36.843379974365234,37.250261165765394,36.71882683482529,36.97623855710026,17540500
WFC,2019-06-03,36.96794509887695,37.45786183348908,36.70222787002962,36.73544331553534,20172500
WFC,2019-06-04,37.93116760253906,37.99759532027225,37.37482002447872,37.49937635067701,21082000
WFC,2019-06-05,38.080623626708984,38.11383906039079,37.61561705795805,38.088925901330384,13705400
WFC,2019-06-06,38.130435943603516,38.354635324483795,37.74016576289854,37.98097285728079,16020500
WFC,2019-06-07,37.88964080810547,38.32973423142834,37.8232099386841,38.113840241005285,14979900
WFC,2019-06-10,38.42107391357422,38.869472765608215,38.2466976380937,38.2466976380937,15242700
WFC,2019-06-11,38.41276931762695,38.57884332214257,38.00589133254178,38.06401675898252,15078300
WFC,2019-06-12,37.29178237915039,38.42108202219335,37.183833780671605,38.20518482523579,22470400
WFC,2019-06-13,37.607322692871094,37.88964760334851,37.300084618093564,37.44955093349918,15629400
WFC,2019-06-14,37.85643005371094,38.02250408019844,37.23365483008173,37.623928317187584,16147500
WFC,2019-06-17,37.5906982421875,38.213473223335214,37.48274969186131,37.848113041396935,13420400
WFC,2019-06-18,38.27991485595703,38.52072202996959,37.41633564146821,37.574104220511686,18611100
WFC,2019-06-19,37.906246185302734,38.819648410269885,37.88963846897268,38.595448991211114,17787600
WFC,2019-06-20,38.080623626708984,38.188572202375795,37.565797075033444,38.07231818448948,19205200
WFC,2019-06-21,38.93590545654297,38.93590545654297,38.02250308613954,38.06402079977633,39186200
WFC,2019-06-24,38.42107391357422,38.769826464535264,38.387858479883235,38.653575614214915,21854400
WFC,2019-06-25,38.31312942504883,38.636972019087594,37.72356966833219,38.30482714953946,20814000
WFC,2019-06-26,38.03079605102539,38.42937170603553,38.01418833611692,38.37124628765475,17106800
WFC,2019-06-27,38.43768310546875,38.636969380066084,38.28821681572164,38.37955767807801,13391600
WFC,2019-06-28,39.292964935302734,39.60850527218196,38.86117372894133,38.86947917253213,31030900
WFC,2019-07-01,39.6002082824707,39.957266410733055,39.35940421610715,39.75798006839086,15089100
WFC,2019-07-02,39.218223571777344,39.691532394223344,38.960808723521566,39.45903070392649,12107200
WFC,2019-07-03,39.57529067993164,39.68323927573176,39.01064087242151,39.276358056238195,10438400
WFC,2019-07-05,39.666629791259766,40.01538239165571,39.58359119526177,39.94064923905679,10801600
WFC,2019-07-08,39.467342376708984,39.84931360292593,39.284663791229974,39.359396947707346,13189300
WFC,2019-07-09,39.71645736694336,39.76627736248562,39.2016275172814,39.2763606781937,12595000
WFC,2019-07-10,39.151798248291016,39.69984024263961,39.06045738796656,39.58358622284602,12784900
WFC,2019-07-11,39.14348602294922,39.50884940093499,39.077058333604825,39.201611438974666,19751400
WFC,2019-07-12,39.326171875,39.37599185538282,38.96080845833696,39.12688245067489,12792600
WFC,2019-07-15,38.78643798828125,39.400910901482774,38.562238540259,39.35939318909312,21338400
WFC,2019-07-16,37.61561965942383,39.00233401936117,37.54919195506424,38.79474229589018,37548300
WFC,2019-07-17,37.540897369384766,37.98929638198612,37.482771923410425,37.5325950917881,24502100
WFC,2019-07-18,38.04740905761719,38.21348306220197,37.52427705183449,37.54919021146102,19409100
WFC,2019-07-19,38.22178268432617,38.53732295437817,38.08062184916483,38.163657261895274,21847900
WFC,2019-07-22,38.595458984375,38.65358442278108,38.00589915619972,38.105542312381736,17972100
WFC,2019-07-23,39.19331741333008,39.51715999007635,38.744918537405276,38.76152625513563,21150200
WFC,2019-07-24,40.23128128051758,40.247889000421786,39.25975025551306,39.27635797541727,29357200
WFC,2019-07-25,39.93234634399414,40.47208612301604,39.865915468225936,40.28940438225198,20562000
WFC,2019-07-26,40.93708801269531,40.945393455647,39.91573709392589,39.98216796714588,21641500
WFC,2019-07-29,40.09012222290039,41.161296532733246,40.007086780668,41.003527925452076,19148600
WFC,2019-07-30,40.31430435180664,40.34751978143098,39.76626243339592,39.86590555467122,14207000
WFC,2019-07-31,40.19805908203125,40.67136793312616,39.948949660549424,40.07350278749126,23422800
WFC,2019-08-01,39.077056884765625,40.38903458475051,38.98571604365578,40.198050629519685,22668600
WFC,2019-08-02,39.39259338378906,39.53375736376227,38.50410130707854,39.11857403193128,20159000
WFC,2019-08-05,38.31312942504883,38.861171469021755,38.07232225649749,38.612062024961055,27113500
WFC,2019-08-06,38.96913146972656,39.05216691953386,38.047423405908454,38.70341422922397,19446100
WFC,2019-08-07,38.039100646972656,38.321425458947395,37.557486428122594,38.25499460078973,27830000
WFC,2019-08-08,38.96279525756836,39.16432515672344,38.249035256305795,38.366594898022925,20671300
WFC,2019-08-09,38.87881851196289,39.18111653841407,38.41697572855569,38.64369924839407,19786100
WFC,2019-08-12,38.14827346801758,38.55133650298895,38.06430320362114,38.21544903888268,17364400
WFC,2019-08-13,38.59333038330078,38.979598812297915,38.005528789505455,38.29943118803361,16649100
WFC,2019-08-14,36.922298431396484,37.87117481663779,36.89710478349078,37.803999229831625,28786700
WFC,2019-08-15,36.42686080932617,37.367341311719414,36.39327141913984,37.19939756404833,27900000
WFC,2019-08-16,37.27497100830078,37.400929616212835,36.63678862958884,36.729157848289624,21196600
WFC,2019-08-19,37.99711990356445,38.18185830714428,37.72841124559009,37.89635495763903,15378100
WFC,2019-08-20,37.518489837646484,37.820787938558915,37.476504702133205,37.820787938558915,13345800
WFC,2019-08-21,37.787193298339844,38.02231258715296,37.62764852425381,37.75360391329224,13513700
WFC,2019-08-22,38.30781555175781,38.4841582197782,37.837576979063535,38.06430052086686,14703900
WFC,2019-08-23,37.30016326904297,38.33301621650592,37.02305880267679,37.95514357758784,21152500
WFC,2019-08-26,37.77041244506836,37.78720714374582,37.358953538884975,37.54368881781454,15973100
WFC,2019-08-27,37.577266693115234,38.06430319564121,37.308558003190655,37.98032972800211,15038200
WFC,2019-08-28,38.1818733215332,38.44218313447471,37.3589523324792,37.48490776360089,14740000
WFC,2019-08-29,38.78645706176758,39.038374269634204,38.44217384137827,38.62691227294437,16196600
WFC,2019-08-30,39.10554122924805,39.38264881556118,38.97118690950037,39.080350795314,15250600
WFC,2019-09-03,38.702484130859375,38.91241298745912,38.19025720823437,38.887222549710394,17224200
WFC,2019-09-04,39.0467643737793,39.21470808700667,38.8620259689032,39.08035375707675,17123100
WFC,2019-09-05,39.987247467041016,40.449090308123026,39.71853878847475,39.72693773651377,19243400
WFC,2019-09-06,39.59259033203125,40.11321308753503,39.550601991002,39.95366828271019,18846100
WFC,2019-09-09,40.65061569213867,40.843749817945046,39.37424810992045,39.7353259287244,27651400
WFC,2019-09-10,40.56664276123047,41.087265292117394,40.36510970232559,40.36510970232559,25822400
WFC,2019-09-11,41.02009963989258,41.12926354846884,40.130003287185566,40.54986102435237,19190000
WFC,2019-09-12,40.85215759277344,41.21323548960839,40.49107969593848,40.74299368824514,24305900
WFC,2019-09-13,41.07889175415039,41.448368723459915,40.860567074954,41.15446629757631,25142400
WFC,2019-09-16,41.12926483154297,41.146059525944814,40.64223150693129,40.69261238687639,17759700
WFC,2019-09-17,40.944522857666016,41.02849632241763,40.566653477694246,40.89414198207519,18346100
WFC,2019-09-18,41.0872802734375,41.32239959184008,40.667422517284045,40.83536626039752,20511700
WFC,2019-09-19,41.07048034667969,41.40636779011669,41.03689096168397,41.13765911667111,16887500
WFC,2019-09-20,40.83536148071289,41.397969270541545,40.818566788041274,41.20483510970812,30229400
WFC,2019-09-23,41.112457275390625,41.22162115322121,40.566644292756564,40.575040035700724,20603400
WFC,2019-09-24,40.85215759277344,41.33079513913415,40.7010085567374,41.1292620233327,21629300
WFC,2019-09-25,41.364383697509766,41.59950621332213,40.85215993848731,40.91933551210485,21313100
WFC,2019-09-26,41.03689193725586,41.45674964990338,40.99490680664314,41.35598469578082,19984000
WFC,2019-09-27,42.581966400146484,43.16976781023745,42.195698091868984,42.321656680909896,59467400
WFC,2019-09-30,42.355247497558594,42.699530714923824,42.03615792271495,42.632355142473706,26897100
WFC,2019-10-01,41.19644546508789,42.64075401284894,41.14606137961252,42.53159329920982,27249300
WFC,2019-10-02,40.70100784301758,41.17964538098506,40.61703437821442,40.91093670013525,23515900
WFC,2019-10-03,40.70939636230469,40.73458679564448,39.73532676629796,40.558247355746786,20212200
WFC,2019-10-04,41.32240676879883,41.35599616390749,40.75139986499567,40.86056379746831,15779500
WFC,2019-10-07,40.986515045166016,41.38957810408876,40.936130961578,41.10407470361093,15691900
WFC,2019-10-08,40.155189514160156,40.60023764382886,39.92007023105367,40.51626738650797,19734000
WFC,2019-10-09,40.43229675292969,40.659017086238265,40.37351693270006,40.44908824162962,13467800
WFC,2019-10-10,40.85215759277344,41.204836541350716,40.440695616173066,40.58344890721164,18267800
WFC,2019-10-11,41.32240676879883,41.91860411730297,41.272025879396864,41.532335683336434,23024600
WFC,2019-10-14,41.37278366088867,41.523932709310444,41.12926539362464,41.22163461246689,16870500
WFC,2019-10-15,42.07814407348633,43.03541922768787,40.96132092474426,41.38117867330707,38478400
WFC,2019-10-16,41.6414909362793,42.22089346646154,41.523931281163506,42.01936354433744,23728400
WFC,2019-10-17,41.658287048339844,42.128525684809446,41.54912313490492,41.96898089075876,20560100
WFC,2019-10-18,41.960575103759766,42.170503931449964,41.41475887046138,41.43155356106775,21199500
WFC,2019-10-21,42.372039794921875,42.405629180877284,42.13692049975432,42.22089076138269,19409100
WFC,2019-10-22,42.50639724731445,42.84228472493807,42.178908718424644,42.355248202709866,18526900
WFC,2019-10-23,42.76670455932617,42.800293943308304,42.464406510006945,42.590365098309945,14173700
WFC,2019-10-24,42.909461975097656,42.993435449414825,42.53998829788364,42.53998829788364,16695400
WFC,2019-10-25,43.304115295410156,43.43846960761849,42.82547785796426,42.89265661569816,17433300
WFC,2019-10-28,43.371299743652344,43.707183966612945,43.30412097710428,43.61481476423931,23914800
WFC,2019-10-29,43.807952880859375,43.96750086423132,43.24534507473356,43.24534507473356,21063000
WFC,2019-10-30,43.69038772583008,43.900316558959396,43.34610456762839,43.56443234790836,16155900
WFC,2019-10-31,43.35451126098633,43.690395532050246,42.951448213753416,43.47207091602172,18814700
WFC,2019-11-01,43.81635665893555,43.908725879856895,43.589633081199665,43.774371523042355,16359300
WFC,2019-11-04,44.26979446411133,44.336970026700065,43.86673147879931,44.15223482713614,17559900
WFC,2019-11-05,44.756839752197266,44.92478350877005,44.28660107770635,44.28660107770635,25965300
WFC,2019-11-06,45.176692962646484,45.210282351208384,44.647671304207954,44.748439469893654,22051100
WFC,2019-11-07,45.77859115600586,46.11769312480195,45.592084749776404,45.592084749776404,23452500
WFC,2019-11-08,45.863365173339844,45.97357379862743,45.40558171813768,45.634475062696794,14722100
WFC,2019-11-11,45.820980072021484,45.89727785659908,45.54969977883806,45.60056604652853,10659400
WFC,2019-11-12,45.9650993347168,45.98205475720203,45.456446361908256,45.5666549911042,15187600
WFC,2019-11-13,45.17668914794922,45.693818205567275,45.10886745925093,45.61752042273976,16846800
WFC,2019-11-14,45.34624481201172,45.40558717878422,45.015618896386655,45.11735143992504,16491400
WFC,2019-11-15,45.60904312133789,45.72772784791755,45.295375881960744,45.5920876984099,15225300
WFC,2019-11-18,45.77859115600586,45.87184435912059,45.48187935874631,45.64295101527063,14374600
WFC,2019-11-19,45.80402755737305,46.05835567805545,45.66838740217008,45.86336992315457,14434100
WFC,2019-11-20,45.388633728027344,45.65991405475675,45.142784921329884,45.54970541142399,14994700
WFC,2019-11-21,45.40558624267578,45.719253493994586,45.21907981728366,45.64295570487202,16186100
WFC,2019-11-22,46.01596450805664,46.075306872556375,45.6175233798322,45.69382116760562,13823400
WFC,2019-11-25,45.95662307739258,46.22790338745128,45.812506827512316,46.22790338745128,15561000
WFC,2019-11-26,45.617523193359375,45.880324168236406,45.54970150054188,45.871848073592375,18078900
WFC,2019-11-27,46.06683349609375,46.11769976891621,45.787073846444976,45.90576181636405,16352900
WFC,2019-11-29,46.16856002807617,46.41440881437442,45.837937359427784,45.837937359427784,10508600
WFC,2019-12-02,45.456451416015625,46.15160764562084,45.39710904767736,46.041402238087805,20252700
WFC,2019-12-03,44.574790954589844,44.97323209936624,44.22720961391466,44.93932125141016,25560700
WFC,2019-12-04,45.134307861328125,45.337766485068485,44.540880946571804,44.59174398554864,18867400
WFC,2019-12-05,45.12582778930664,45.380152681753344,45.01561915014369,45.278423371557956,13499700
WFC,2019-12-06,46.09226608276367,46.12617693209715,45.5157945797609,45.65991407246989,18325700
WFC,2019-12-09,45.71076202392578,46.24484640592453,45.70228593134857,45.92269991142673,15070800
WFC,2019-12-10,45.51579284667969,45.66838842895345,45.25299185914324,45.34624507430126,15959100
WFC,2019-12-11,45.07496643066406,45.76164662564682,44.9901925352465,45.55818798307796,16834200
WFC,2019-12-12,46.08378601074219,46.24485768030218,45.015616986327835,45.24451034870234,19119500
WFC,2019-12-13,45.600563049316406,46.13464427233958,45.29537193106547,45.8209770603221,19179300
WFC,2019-12-16,45.9650993347168,46.25333504913345,45.9650993347168,45.98205475720203,19793500
WFC,2019-12-17,46.06683349609375,46.210949751549286,45.77012165608733,45.871850967815746,16723400
WFC,2019-12-18,45.49884033203125,46.16856507106683,45.464932715737255,46.16856507106683,18857000
WFC,2019-12-19,45.464935302734375,45.63448632951863,45.286904945956636,45.558188529161555,18133300
WFC,2019-12-20,45.210601806640625,45.82098085983972,44.99018454344176,45.82098085983972,66318000
WFC,2019-12-23,45.617523193359375,45.77859486292647,45.142781045385824,45.21907883284735,17637700
WFC,2019-12-24,45.625999450683594,45.81250587268039,45.558180991540596,45.736208084946824,4635500
WFC,2019-12-26,45.905765533447266,46.10922417337855,45.73621451089335,45.82098840521192,12517100
WFC,2019-12-27,45.71076202392578,46.04986393749351,45.668375093208695,46.02443242584636,9892000
WFC,2019-12-30,45.439491271972656,45.999007282415555,45.35471739284223,45.9227094976317,10900500
WFC,2019-12-31,45.60904312133789,45.625998544265876,45.3208073993946,45.38014976268443,12566000
WFC,2020-01-02,45.566654205322266,45.81250297624434,45.363192372924246,45.65142808237037,16803100
WFC,2020-01-03,45.28689193725586,45.456442915336446,44.846063921728636,45.02409099345108,15608800
WFC,2020-01-06,45.01561737060547,45.1003944873473,44.69347402873549,44.71042945208385,13200300
WFC,2020-01-07,44.642601013183594,44.97322363372878,44.481529366586564,44.97322363372878,13278600
WFC,2020-01-08,44.77824401855469,45.2105991915584,44.761288596680416,44.79519944042895,16585600
WFC,2020-01-09,44.70195007324219,45.10039443669046,44.49001213250014,45.10039443669046,20817400
WFC,2020-01-10,44.5069694519043,44.846071465104444,44.490014027852645,44.75281824977858,13777600
WFC,2020-01-13,44.17634201049805,44.50696465911057,43.93897256716928,44.50696465911057,25197600
WFC,2020-01-14,41.794151306152344,43.01491562357082,41.75176437488989,42.58256051651326,56668300
WFC,2020-01-15,40.9633674621582,41.40419879424419,40.67513171556031,41.39572269901331,47148000
WFC,2020-01-16,41.75177764892578,41.811120018342905,40.55644769736904,41.082052926742115,37020200
WFC,2020-01-17,41.69243240356445,41.895891017840995,41.14139245822577,41.85350407602641,29669200
WFC,2020-01-21,41.48897171020508,42.28586046773241,41.37028697625414,41.616135773104766,30858300
WFC,2020-01-22,41.166839599609375,41.61614713911253,40.9379461642255,41.565280853276995,20367700
WFC,2020-01-23,40.87858963012695,41.07357214079017,40.675127791134436,41.02270587256298,17297900
WFC,2020-01-24,40.327545166015625,40.870105696977284,39.996922544580606,40.85315027614525,21239600
WFC,2020-01-27,39.929107666015625,40.20038797772835,39.62391974077612,39.751080567813474,18156200
WFC,2020-01-28,40.15800094604492,40.51405837557352,40.08170315642568,40.27668567791566,16673300
WFC,2020-01-29,40.07322311401367,40.60730758873684,40.064743786048815,40.2003839282418,16166300
WFC,2020-01-30,40.615787506103516,40.64969835332294,39.87824436562118,39.988449768209726,14760200
WFC,2020-01-31,39.79346466064453,40.22581984979429,39.632392997697934,40.20038509907502,23080400
WFC,2020-02-03,39.9460563659668,40.45470929024836,39.86975858902036,40.04778889117263,15471100
WFC,2020-02-04,40.06474685668945,40.55644443102124,40.05627076199105,40.43775970174566,14973300
WFC,2020-02-05,40.95487976074219,41.03117753186424,40.5055692268387,40.607301744278516,20141800
WFC,2020-02-06,41.10910415649414,41.55463882059545,40.997719673363825,41.503229843361474,18259200
WFC,2020-02-07,40.989158630371094,41.12624598625513,40.68071126252692,40.894910460371996,13174600
WFC,2020-02-10,40.92918014526367,41.006291981626916,40.629299328997675,40.843498511293326,18124800
WFC,2020-02-11,41.11768341064453,41.417561009098065,41.07484095221915,41.19479526002125,13686100
WFC,2020-02-12,40.94632339477539,41.54608186028727,40.92061726602813,41.314746312086086,16668100
WFC,2020-02-13,41.229061126708984,41.28047011137259,40.740687211876214,40.80066272644021,12530000
WFC,2020-02-14,41.31473922729492,41.40041759263819,40.912043719657255,41.2461939202842,15526400
WFC,2020-02-18,40.26087951660156,41.2290574618856,39.86675053938864,41.10053991428106,22423800
WFC,2020-02-19,40.3465576171875,40.56932332596049,40.25230945517659,40.48364496145244,15602500
WFC,2020-02-20,40.56075668334961,40.62073219202139,39.99527098128699,40.26944566904947,15965500
WFC,2020-02-21,40.869205474853516,40.99772302581765,40.355125465736364,40.68070914466854,21729100
WFC,2020-02-24,39.74680709838867,40.2266145321434,39.63542258782725,39.90960059884477,23075900
WFC,2020-02-25,38.65867233276367,39.986706775140696,38.521584969713544,39.66112633065947,31110100
WFC,2020-02-26,37.819007873535156,39.112772791269784,37.8104413441737,38.967115644763275,27372600
WFC,2020-02-27,36.38816833496094,37.973241420923635,36.35389567176516,37.11644445155546,41180000
WFC,2020-02-28,35.00014877319336,35.874081921393355,34.0576735790042,35.39427779420782,71703000
WFC,2020-03-02,36.208229064941406,36.225365392079915,33.80919882869337,35.11153027543835,44231200
WFC,2020-03-03,34.725975036621094,36.75658590988298,34.297576614680366,36.03687643028572,45091000
WFC,2020-03-04,35.47139358520508,35.497096446758114,34.23760393592576,35.137240042911365,33881500
WFC,2020-03-05,33.32939529418945,34.280436952967634,33.04665079435413,34.27187042346668,45037900
WFC,2020-03-06,31.778600692749023,32.28411105081365,31.127436414296522,31.701488832419805,56766500
WFC,2020-03-09,27.828760147094727,29.542353776362287,27.60599441339495,28.89118963534562,53277200
WFC,2020-03-10,30.056432723999023,30.056432723999023,27.657399116262738,29.670873517868525,40078700
WFC,2020-03-11,27.70024299621582,29.362427664592335,27.426065004525373,29.173931316686566,44769500
WFC,2020-03-12,23.30487060546875,26.440746357950047,23.236326935684843,25.541108853550007,68447600
WFC,2020-03-13,26.466449737548828,27.211863591163606,23.79324492875864,25.832420370922822,78365700
WFC,2020-03-16,22.705120086669922,25.04417546187859,22.53376003610517,22.568032699902343,57466700
WFC,2020-03-17,25.38689422607422,26.235124688670773,22.18247366299034,23.673300237203016,58112800
WFC,2020-03-18,24.093122482299805,24.75285465984865,23.047829524913215,23.733267824450472,51904100
WFC,2020-03-19,24.238779067993164,24.941352090101375,22.52518569340339,23.69899623983979,53123500
WFC,2020-03-20,22.705120086669922,24.632913301575858,22.430945313134764,24.572937774141362,73915800
WFC,2020-03-23,21.634119033813477,23.022130558203695,21.514168005682166,22.499483991271237,47064100
WFC,2020-03-24,24.778562545776367,24.992761737342825,22.559458790411043,23.099240034106057,48630300
WFC,2020-03-25,24.821399688720703,25.960939228753002,23.793244634298706,24.847104177910005,53341100
WFC,2020-03-26,26.47501564025879,26.89484579444096,24.91564602923647,25.129845187546348,45494700
WFC,2020-03-27,25.94380760192871,26.809172563019047,24.91565079182668,25.7210402385996,38942800
WFC,2020-03-30,25.635358810424805,26.115164532566283,24.752857570123602,26.012349837783876,41232800
WFC,2020-03-31,24.590065002441406,25.48970084932172,24.12739401773042,25.198389851735534,36920300
WFC,2020-04-01,22.765092849731445,23.450531334546863,22.448078919155492,23.150652099578267,48497400
WFC,2020-04-02,23.322010040283203,23.587618244646663,22.60230054407896,22.67941239254444,33113500
WFC,2020-04-03,22.473783493041992,23.44196495682111,22.19960873189726,23.133517533428048,32735800
WFC,2020-04-06,24.530094146728516,24.701454177749593,23.476234368316906,23.484802533288995,36056100
WFC,2020-04-07,24.650047302246094,26.37220927413068,24.598638311412234,26.34650477871375,39229900
WFC,2020-04-08,25.94380760192871,26.115165980805585,24.572932399862733,25.138418155155794,42213700
WFC,2020-04-09,28.445659637451172,29.053984692743217,26.646385700190077,26.663522031547444,62462000
WFC,2020-04-13,26.929122924804688,28.47992626563038,26.91198659707829,28.462789937903977,36068900
WFC,2020-04-14,25.858129501342773,27.845897955458796,25.326914728986097,27.511747702940593,64267100
WFC,2020-04-15,24.367298126220703,24.94135196929621,24.17880181003443,24.65004096629013,41883900
WFC,2020-04-16,23.039262771606445,24.230211297500333,22.84219992254696,24.230211297500333,52962100
WFC,2020-04-17,24.315893173217773,24.658613210568642,23.818951080111315,24.1188302956882,46985000
WFC,2020-04-20,23.716140747070312,24.75286431191124,23.064974843990573,23.4162614762268,45441600
WFC,2020-04-21,22.99642562866211,23.34771217654487,22.705114593704188,23.04783297771052,41918700
WFC,2020-04-22,22.9621524810791,23.630454541227405,22.87647411257122,23.561910865895026,28043300
WFC,2020-04-23,22.730819702148438,23.31344015366389,22.636571531160403,23.09067442367251,38331500
WFC,2020-04-24,23.06496810913086,23.381983619275125,22.593730559840544,22.962151782156752,35135900
WFC,2020-04-27,24.34160041809082,24.487255960168167,23.270604265819276,23.450532469190325,39606100
WFC,2020-04-28,24.73573112487793,25.635367358139163,24.49582736670996,25.36119256835329,35188000
WFC,2020-04-29,25.703908920288086,26.09803473931145,25.40402965604262,25.789588943531147,38515200
WFC,2020-04-30,24.889944076538086,25.36975141664349,24.50438653284381,25.121279583280685,29506100
WFC,2020-05-01,23.639022827148438,24.44441224212586,23.373416288138383,24.41870775091451,35197600
WFC,2020-05-04,23.433393478393555,23.519073487691003,22.790795859978065,23.09924160555453,34343900
WFC,2020-05-05,22.550893783569336,23.818952782949413,22.490918263008307,23.579050700705295,56753400
WFC,2020-05-06,21.942575454711914,22.833643637684272,21.76264720407609,22.670851722196783,57732900
WFC,2020-05-07,22.056215286254883,22.816775181518892,21.9775366189029,22.370929955662817,52387000
WFC,2020-05-08,22.23105239868164,22.53702474341765,22.056210582428168,22.414634805074165,53725300
WFC,2020-05-11,21.662818908691406,22.056210492535705,21.505461608187634,21.951306737143277,51444200
WFC,2020-05-12,21.015907287597656,22.091179973079548,20.98093825681036,21.820174986723497,53560500
WFC,2020-05-13,19.69585418701172,20.9372262951275,19.232524585367564,20.9372262951275,90209900
WFC,2020-05-14,21.033390045166016,21.496719696615123,19.250011168058712,19.346172667480108,87965500
WFC,2020-05-15,20.421449661254883,20.832325819975527,20.176671417331626,20.709937531721582,51616700
WFC,2020-05-18,22.213565826416016,22.370923112988546,21.278166031140398,21.461748420531695,55684400
WFC,2020-05-19,20.937227249145508,21.98627309206246,20.911000477791937,21.855142570124723,48234300
WFC,2020-05-20,21.43552589416504,21.627850563417468,21.295653104269604,21.409299120778954,45297100
WFC,2020-05-21,21.383073806762695,21.724015214389954,21.260685524105128,21.32187966543391,28376500
WFC,2020-05-22,21.12955665588379,21.409302276914445,20.911005181026663,21.365592648909193,30415300
WFC,2020-05-26,22.95664405822754,23.175195503944767,21.890113603396937,21.898854193900245,57720300
WFC,2020-05-27,24.43405532836914,24.705058687791034,23.463686255470368,24.30292311074413,61963000
WFC,2020-05-28,23.795883178710938,24.80122126304101,23.708463925652122,24.757509969096233,51490200
WFC,2020-05-29,23.14022445678711,23.664748214306158,22.808027021893576,23.16645122825833,51336900
WFC,2020-06-01,23.682231903076172,24.119334741202472,23.0528044164437,23.262613578654523,34201700
WFC,2020-06-02,23.9532413482666,24.469022963128168,23.743432132165946,24.110598677195952,39058000
WFC,2020-06-03,25.20335578918457,25.518070443746655,24.77499510237252,24.81870472998818,50814000
WFC,2020-06-04,26.418500900268555,26.444727676746435,25.037255686659076,25.771588753885926,61839200
WFC,2020-06-05,27.68609619140625,29.626832357693647,27.502512116703105,29.626832357693647,107651200
WFC,2020-06-08,29.128538131713867,29.224701307058524,28.210622672676827,28.761373282031293,69051300
WFC,2020-06-09,28.52533531188965,28.918728576776708,27.546224112290297,28.35923408069824,51480400
WFC,2020-06-10,25.972654342651367,28.263076012483612,25.92020245986152,28.236847569965754,82090000
WFC,2020-06-11,23.419971466064453,24.85366827820857,23.341292819796543,23.778395669100483,75621300
WFC,2020-06-12,24.4515323638916,24.67882604166041,23.909525773947912,24.47775913466243,51301200
WFC,2020-06-15,24.661344528198242,24.818701837137827,23.218905308610747,23.481168045981793,48311400
WFC,2020-06-16,24.93235206604004,25.9202039755197,24.276697656874706,25.727879282434078,52985600
WFC,2020-06-17,23.996946334838867,24.95857123896371,23.90952543425979,24.914861622381668,38660800
WFC,2020-06-18,24.084369659423828,24.416568804574865,23.542362985105175,23.690978041111634,33670200
WFC,2020-06-19,24.128084182739258,24.521475853745223,23.61230254677134,24.47776622388306,71903000
WFC,2020-06-22,23.909530639648438,24.154307213662623,23.507395076401007,23.839594237442192,32808300
WFC,2020-06-23,23.80462646484375,24.731285927480734,23.7696590955942,24.285440714494737,47279100
WFC,2020-06-24,22.83425521850586,23.62978232788475,22.720607535785927,23.568586523965852,57380900
WFC,2020-06-25,23.927013397216797,23.961980762040387,22.633187550439384,22.69438168944209,45102200
WFC,2020-06-26,22.152376174926758,23.07903390079023,22.07369751573487,22.816772815094158,81172300
WFC,2020-06-29,22.467090606689453,22.641930773086365,22.082439572751756,22.370927431351202,43769200
WFC,2020-06-30,22.379669189453125,22.6157051595981,22.00376042235156,22.038727787883076,46610000
WFC,2020-07-01,21.933820724487305,22.69437873510524,21.79394794857102,22.493311828152454,37509300
WFC,2020-07-02,22.152376174926758,22.87796695726222,21.942566972886837,22.510800436838533,37013300
WFC,2020-07-06,22.283506393432617,22.74683608332813,21.837661220306437,22.571994250465405,46983100
WFC,2020-07-07,21.383073806762695,22.047470437817893,21.27817004088915,22.029987588449167,36920500
WFC,2020-07-08,21.461750030517578,21.66281861589649,21.042131679789172,21.365588533943427,38413400
WFC,2020-07-09,21.015907287597656,21.662819350426155,20.72741778584796,21.418041137160575,38118900
WFC,2020-07-10,22.266021728515625,22.31847527847462,21.112070308062325,21.13829708304182,56483300
WFC,2020-07-13,22.213565826416016,22.764316329419874,21.802689763910504,22.571990015869012,51038800
WFC,2020-07-14,21.199493408203125,21.321881702553828,20.3952239008654,20.911005523365432,118952600
WFC,2020-07-15,22.161121368408203,22.335961559555923,21.71527612974588,21.837664430290836,61714300
WFC,2020-07-16,22.257278442382812,22.808029019612448,21.697787274645584,21.776465928535533,48676800
WFC,2020-07-17,21.811439514160156,22.41464043003634,21.732760843843167,22.28350986864654,39184100
WFC,2020-07-20,21.47924041748047,21.750243801321357,21.330625335874387,21.610370979505703,38682200
WFC,2020-07-21,22.904193878173828,22.974130279297697,21.60162569769187,21.63659473196147,58395200
WFC,2020-07-22,22.95664405822754,23.03532271207896,22.57199304688896,22.842996372702064,41030500
WFC,2020-07-23,23.035320281982422,23.17519305909244,22.467086916546087,22.869220733883637,50791000
WFC,2020-07-24,22.95664405822754,23.472425603513415,22.904192178131662,23.14022647227071,39357000
WFC,2020-07-27,22.283506393432617,22.74683608332813,22.073697194446524,22.74683608332813,34761000
WFC,2020-07-28,22.3184757232666,22.46709078294831,22.143633888082714,22.143633888082714,30505200
WFC,2020-07-29,22.53702735900879,22.571994725868628,21.855146197380986,22.248539495899973,31442100
WFC,2020-07-30,21.54917335510254,22.064954927695176,21.418042814212868,22.021245303203713,51019200
WFC,2020-07-31,21.208234786987305,21.557916804483575,21.050877462260136,21.418043997485068,45537900
WFC,2020-08-03,21.23445701599121,21.418039410579826,20.89351566296017,21.199487988022888,27863700
WFC,2020-08-04,21.173261642456055,21.234457442630156,21.007163758514395,21.15577879553566,28106900
WFC,2020-08-05,21.330617904663086,21.636590221070307,21.278166031609413,21.330617904663086,32935400
WFC,2020-08-06,21.277950286865234,21.50617932964406,21.172614835906884,21.242839027971385,44670300
WFC,2020-08-07,22.006532669067383,22.138202854377184,21.067283226439642,21.181396940567534,46272400
WFC,2020-08-10,21.681743621826172,22.366429169829352,21.26039673735071,22.138200095735947,50602600
WFC,2020-08-11,22.22597885131836,22.945777275288172,22.120643394983546,22.1996458243731,55000100
WFC,2020-08-12,22.111867904663086,22.945780122171946,21.699299239046475,22.80533171344883,42868500
WFC,2020-08-13,21.9626407623291,22.146978666737883,21.664187482001207,21.90119479419284,27387800
WFC,2020-08-14,22.208425521850586,22.375208637936588,21.62907540731724,21.760747257756105,26743400
WFC,2020-08-17,21.47984504699707,22.067973294815044,21.453512020884386,21.9714160752738,36661700
WFC,2020-08-18,21.10239028930664,21.46228947687523,21.076055589871093,21.435954777439687,29680700
WFC,2020-08-19,21.12872886657715,21.409625703928675,20.92683447401539,21.076061128143042,33667800
WFC,2020-08-20,20.847829818725586,21.01461292607296,20.716159649462725,20.839051584204455,36022100
WFC,2020-08-21,20.75126838684082,20.988275667224983,20.64593293396575,20.75126838684082,27198000
WFC,2020-08-24,21.497407913208008,21.514964385360514,20.724941555548398,20.891723018165205,36906700
WFC,2020-08-25,21.602741241455078,21.8485251109008,21.33062099417298,21.716854941658156,35077300
WFC,2020-08-26,21.10239028930664,21.57640315920905,21.10239028930664,21.51495720146955,28348200
WFC,2020-08-27,21.58517837524414,21.751961433136625,21.040939716252282,21.05849618008866,36706600
WFC,2020-08-28,21.67296600341797,21.74319020711394,21.37451271914081,21.725633737620676,25797300
WFC,2020-08-31,21.198951721191406,21.51496148015581,21.14628398612304,21.497405010373985,27615500
WFC,2020-09-01,21.111169815063477,21.365733589218916,20.83905124642736,21.084836786203955,30508800
WFC,2020-09-02,21.567630767822266,21.64663321325055,21.005837088578676,21.076061298484127,40334000
WFC,2020-09-03,21.52373504638672,22.26108987451445,21.330617269229567,21.769518872911465,42349300
WFC,2020-09-04,21.7607421875,22.11186313354578,21.28672765463065,21.945080056320258,48745000
WFC,2020-09-08,21.040939331054688,21.5500650530532,20.83904502346208,21.31305949270717,49082900
WFC,2020-09-09,20.926834106445312,21.128728495460887,20.803942160831863,21.076060757951865,49427900
WFC,2020-09-10,21.023393630981445,21.655411522275664,20.944391185285014,21.093617841125248,54211700
WFC,2020-09-11,21.304288864135742,21.348178364310165,20.812717755941218,20.99705734008344,34861100
WFC,2020-09-14,21.778301239013672,21.918749644904228,21.269175349091142,21.400845520328904,49787100
WFC,2020-09-15,21.839746475219727,21.98019655067934,21.55884967285451,21.90997067581103,41954800
WFC,2020-09-16,22.56832504272461,22.82288883725471,21.72563456623285,21.830971712932893,51768200
WFC,2020-09-17,22.041643142700195,22.3225399530404,21.857303564491275,22.146978609439245,51531300
WFC,2020-09-18,22.059200286865234,22.296207623684122,21.857305892216807,21.892418834387264,115153200
WFC,2020-09-21,21.10239028930664,21.523735434614732,20.821491851491135,21.46228947687523,56188400
WFC,2020-09-22,20.760053634643555,21.383295026128028,20.654718146178016,21.049728739339887,39839500
WFC,2020-09-23,20.040252685546875,21.181396500210646,20.040252685546875,20.874166632300778,45697700
WFC,2020-09-24,20.470367431640625,20.821488326622802,19.80323689403624,20.15435778901842,43329100
WFC,2020-09-25,20.75126838684082,20.81271434673075,20.19825307355461,20.29481196725412,30229900
WFC,2020-09-28,20.90927505493164,21.304287223184296,20.856607323923612,21.058501688018534,41103500
WFC,2020-09-29,20.41770362854004,20.821492316577125,20.250920543609723,20.821492316577125,38416300
WFC,2020-09-30,20.63715934753418,20.953169125871305,20.40893024921039,20.50548916465278,43071500
WFC,2020-10-01,20.68104362487793,20.90049443232355,20.32992266782029,20.68982185808897,38879800
WFC,2020-10-02,21.058502197265625,21.14628286725308,20.25970128150613,20.321147248214242,26238600
WFC,2020-10-05,21.462295532226562,21.593965718000042,21.26039946147816,21.26039946147816,22607500
WFC,2020-10-06,21.225284576416016,21.945083031980666,21.10239264720555,21.664186237055628,30991300
WFC,2020-10-07,21.778301239013672,21.883638380570122,21.4096237549817,21.435958458940075,34647300
WFC,2020-10-08,22.208425521850586,22.234760226793785,21.65541011226044,21.839748024031447,26483400
WFC,2020-10-09,22.208425521850586,22.39276510789872,21.95386340450818,22.287427962403054,28211300
WFC,2020-10-12,22.541990280151367,22.59465801231704,22.076753902236348,22.120645074271923,25855600
WFC,2020-10-13,21.716856002807617,22.383986790415612,21.681744737289893,22.313762585103042,29939600
WFC,2020-10-14,20.408933639526367,21.444742152341565,20.391377165751788,21.304293710699927,75388100
WFC,2020-10-15,20.145584106445312,20.268476018656838,19.970022796763075,20.242141319921483,60328600
WFC,2020-10-16,20.066585540771484,20.39137184953902,19.847134698634534,20.198255711198243,43141200
WFC,2020-10-19,19.785690307617188,20.11047664226982,19.759355601722167,20.09292017167314,37423600
WFC,2020-10-20,20.022695541381836,20.303592367897203,19.91736006857715,19.952471334752996,34751200
WFC,2020-10-21,19.926137924194336,20.145588775014637,19.83835724901079,20.031473394992894,29528300
WFC,2020-10-22,20.408933639526367,20.4703796234599,19.847139872959815,19.891029383118767,32238300
WFC,2020-10-23,20.43526268005371,20.70738125094546,20.29481427738203,20.698603016493852,24558300
WFC,2020-10-26,19.926137924194336,20.207034745359984,19.83835724901079,20.16314357062965,34034100
WFC,2020-10-27,19.153669357299805,19.847134826575868,19.153669357299805,19.847134826575868,49636500
WFC,2020-10-28,18.591875076293945,18.85521540953512,18.258308868292982,18.635764573741806,54835900
WFC,2020-10-29,18.556764602661133,18.767437232080088,18.223200024650428,18.477762157344372,46184000
WFC,2020-10-30,18.828882217407227,18.837658777399042,18.293421646948854,18.521650715106897,34592400
WFC,2020-11-02,19.223892211914062,19.294116409954015,18.600652663594104,19.048332553952655,38401200
WFC,2020-11-03,19.39068031311035,19.750579630207497,19.302899624342842,19.58379648897697,38427000
WFC,2020-11-04,19.206331253051758,19.803237633962457,18.5830918504563,19.092217585772502,47203200
WFC,2020-11-05,19.691349029541016,19.902988943389854,19.276887741832603,19.30334167983588,38319700
WFC,2020-11-06,19.32097816467285,19.902988330320703,19.259250068613905,19.84126023426176,29502900
WFC,2020-11-09,21.35800552368164,21.93119861095264,20.546718683535477,21.190458379429458,102118900
WFC,2020-11-10,21.331554412841797,21.49028472368984,21.0405494036084,21.481466186202276,49029100
WFC,2020-11-11,21.331554412841797,21.640196497050322,21.172824101993754,21.366826880828004,38309200
WFC,2020-11-12,20.9964599609375,21.296283553992826,20.776001535571186,21.084643667476886,34505900
WFC,2020-11-13,21.225738525390625,21.322740778093507,20.925914909731198,21.084645257076122,30056100
WFC,2020-11-16,21.957658767700195,22.072298090464944,21.507923379395102,22.0370239351637,36954800
WFC,2020-11-17,22.081117630004883,22.17811819755077,21.62256368209285,21.631382221317814,29490400
WFC,2020-11-18,22.0987491607666,22.88358219485444,22.0987491607666,22.17811431794362,44318300
WFC,2020-11-19,23.06876564025879,23.12167518255385,22.01938323994988,22.213387698305155,44560000
WFC,2020-11-20,22.46912956237793,23.13050505195945,22.451492478984193,22.962957805613488,38469100
WFC,2020-11-23,23.192224502563477,23.31568235825918,22.813037442964745,22.883584068234768,40691400
WFC,2020-11-24,25.229259490966797,25.33507857962715,24.10933043053283,24.215149519193183,80523400
WFC,2020-11-25,25.211624145507812,25.29980784675183,24.69134215832875,24.982347195059056,38875500
WFC,2020-11-27,25.096986770629883,25.246898569751583,24.85007440640426,25.211626095704066,20281400
WFC,2020-11-30,24.118146896362305,25.185164638839105,24.05641881961921,25.07052702231106,48211000
WFC,2020-12-01,24.7442569732666,25.290994691784835,24.726621574835352,24.823622153083193,41924200
WFC,2020-12-02,25.458539962768555,25.5643590661309,24.559069174367007,24.682525355611183,35508000
WFC,2020-12-03,25.714271545410156,26.005276610312283,25.387994005774267,25.52026872946353,41264600
WFC,2020-12-04,26.05817985534668,26.428550001197674,25.87299562340316,26.014088852111733,47168800
WFC,2020-12-07,25.87299919128418,26.12873007284722,25.634903704268662,25.943545815366832,31713000
WFC,2020-12-08,25.520265579223633,25.83772454049763,25.0440746143664,25.599630740033174,32209500
WFC,2020-12-09,25.61726951599121,25.784818397814476,25.2292638807728,25.784818397814476,35276000
WFC,2020-12-10,26.005271911621094,26.06699999272529,25.167531024977762,25.326259655546814,31730200
WFC,2020-12-11,25.643726348876953,25.91709435072636,25.282174632312245,25.590816792833557,29779100
WFC,2020-12-14,25.255718231201172,26.26100985668103,25.14108058299645,26.049369957096957,28378000
WFC,2020-12-15,26.2169132232666,26.252187375549777,25.484991383032266,25.68781271276806,38866200
WFC,2020-12-16,26.146364212036133,26.375641135038475,25.996452442456295,26.137545674770966,35204800
WFC,2020-12-17,25.98763656616211,26.366825297570838,25.961182633621892,26.27864159785371,42870500
WFC,2020-12-18,25.581993103027344,26.119912140729387,25.3968071712102,25.987635754303945,53716400
WFC,2020-12-21,26.05817985534668,26.35800338684339,25.432078863197876,26.075816929426242,52731600
WFC,2020-12-22,25.537904739379883,26.208098595066073,25.529087881957896,26.14637050132573,25655900
WFC,2020-12-23,26.763652801513672,26.88710897976342,25.811272484530942,25.820091023257966,38383700
WFC,2020-12-24,26.313915252685547,26.790104531006197,26.15518493259062,26.710741052922874,14443700
WFC,2020-12-28,26.393281936645508,26.878289780971144,26.37564485962459,26.525556650373932,21658500
WFC,2020-12-29,26.261005401611328,26.60491996984623,26.234549787914748,26.58728289404851,19584400
WFC,2020-12-30,26.23455047607422,26.490283035956903,26.1463667767366,26.278641484760946,18519300
WFC,2020-12-31,26.613744735717773,26.66665429352835,26.164009289416565,26.234555927152176,21081200
WFC,2021-01-04,26.190460205078125,26.843016907414015,25.925909099613815,26.73719612883545,31421600
WFC,2021-01-05,26.922380447387695,27.292750627132357,26.296277715978437,26.534373191949456,37360000
WFC,2021-01-06,28.8271427154541,29.100512376061715,28.033494396282325,28.130494960466795,73507500
WFC,2021-01-07,29.479700088500977,30.15871242339967,29.382697845811375,29.611976485610164,50634100
WFC,2021-01-08,29.26805877685547,29.673704828301666,28.80950485725478,29.63843067357964,32324700
WFC,2021-01-11,29.312149047851562,29.594335518258116,28.50086042248666,28.783046892893218,33739300
WFC,2021-01-12,29.92943000793457,30.440895090710516,29.682517686003063,29.982341232889077,59146400
WFC,2021-01-13,29.80597686767578,30.211619541652848,29.65606676100408,29.82361394444806,35734800
WFC,2021-01-14,30.643714904785156,30.952355292067935,29.99115661805137,30.044067840411817,55856900
WFC,2021-01-15,28.253950119018555,29.54142640265724,28.059945645290313,29.171057895279667,91993100
WFC,2021-01-19,28.774232864379883,29.13578452535498,28.46558906934898,28.58022838544208,43806800
WFC,2021-01-20,28.624319076538086,28.95059994456269,28.48322582904282,28.90650557152862,29949800
WFC,2021-01-21,28.218679428100586,28.597868202029986,28.14813279680891,28.500865953267294,28240600
WFC,2021-01-22,28.130489349365234,28.271584261967124,27.469114200013557,27.636663042132565,24476100
WFC,2021-01-25,28.430320739746094,28.52731962367868,27.883583090842983,28.11285837893708,28515500
WFC,2021-01-26,27.671939849853516,28.6860482348885,27.654304454730205,28.650777444641882,28026500
WFC,2021-01-27,26.604923248291016,27.363300781404277,26.384464819545467,27.26629853452765,45074900
WFC,2021-01-28,27.169294357299805,27.380934232023005,26.72837753113541,26.92238201110484,28770200
WFC,2021-01-29,26.349193572998047,27.504397078192945,26.29628401520702,27.13402680972674,39500800
WFC,2021-02-01,26.44618797302246,26.649009285930536,26.172820043365316,26.578462669181466,23713400
WFC,2021-02-02,27.116384506225586,27.504391779866268,26.790105318444155,26.860651942563898,25302900
WFC,2021-02-03,27.954130172729492,28.015858265286994,26.9929312635686,27.089931831031368,28507800
WFC,2021-02-04,28.89183235168457,29.05990977041001,28.13105483874185,28.19297996316856,30825400
WFC,2021-02-05,28.803373336791992,29.360684311177778,28.75913941458643,29.192606880349846,24908100
WFC,2021-02-08,29.546457290649414,29.696841823845904,27.21989409653638,28.997987714749023,29223800
WFC,2021-02-09,29.4226016998291,29.55529668999825,29.1129845555328,29.378371161297313,23539800
WFC,2021-02-10,29.369531631469727,29.80299571064518,29.27222240463358,29.61722539099856,22687000
WFC,2021-02-11,28.94490623474121,29.493372319078922,28.635285725760845,29.369525465316247,22393200
WFC,2021-02-12,29.661449432373047,29.74106574827163,28.882982537557623,28.882982537557623,34473100
WFC,2021-02-16,30.77607536315918,30.89992220573554,30.077221466251608,30.139144887539786,36468200
WFC,2021-02-17,32.36839294433594,33.129170139529776,30.10375424405808,30.377988904405782,80157700
WFC,2021-02-18,32.69572448730469,33.049575678013525,32.00571837745501,32.23571928921322,43334700
WFC,2021-02-19,33.46535110473633,33.48304062756855,32.757648706742835,32.84611319377959,39023000
WFC,2021-02-22,32.961097717285156,33.54494958105112,32.81955797378352,33.323793520918954,34690000
WFC,2021-02-23,32.85493850708008,33.41225263450276,32.377240683574925,33.253020026667706,36792500
WFC,2021-02-24,33.872257232666016,33.91648776227316,32.85493817883616,32.943402612623544,42764300
WFC,2021-02-25,33.22649002075195,34.21726829479069,32.99648581231284,34.21726829479069,37233100
WFC,2021-02-26,31.996856689453125,33.093792216385175,31.78454876461055,32.81955749100876,39468000
WFC,2021-03-01,32.81071090698242,33.102635131033026,32.50109379441763,32.82840379549662,28066100
WFC,2021-03-02,32.85493850708008,33.12917319270114,32.72224691693296,32.86378663783377,19701200
WFC,2021-03-03,33.341495513916016,34.199582341376065,33.04072305503334,33.04072305503334,35365100
WFC,2021-03-04,32.87263870239258,33.61572324597068,32.16493994055008,33.27956506863028,42932500
WFC,2021-03-05,33.11149215698242,33.72188178910444,32.147251408671956,33.50072568513024,34558300
WFC,2021-03-08,34.20841598510742,34.39418963064776,33.412256234718015,33.730721484703174,38255200
WFC,2021-03-09,33.7307243347168,34.32342097537746,33.15571720981796,33.76610674081422,35854100
WFC,2021-03-10,35.013431549072266,35.1195855206017,33.86341725496999,34.217268326166675,38437200
WFC,2021-03-11,34.394187927246094,35.022270264403005,34.15533900158642,34.694960273494566,30598700
WFC,2021-03-12,35.35843276977539,35.4026633078828,34.871886726872674,34.94265828750352,28754000
WFC,2021-03-15,35.11958694458008,35.58843676453811,34.650733750048,35.44689700523527,25892200
WFC,2021-03-16,34.80996322631836,34.93381345716515,34.252652373089646,34.82765611643933,24668300
WFC,2021-03-17,35.24342727661133,35.774200431926964,34.686113101328516,35.1018875435556,33537000
WFC,2021-03-18,36.10151290893555,36.74728813585847,35.517661102774184,35.517661102774184,57420600
WFC,2021-03-19,35.05766677856445,35.4469003092847,34.69497090063271,35.33189818957726,60291800
WFC,2021-03-22,34.473812103271484,34.77458451816101,34.1641915550938,34.74804349287063,32206000
WFC,2021-03-23,33.828033447265625,34.54457694364686,33.65995267684631,34.05803427182131,32494400
WFC,2021-03-24,33.72187805175781,34.51804128765704,33.71303329339181,33.93418937285559,24201700
WFC,2021-03-25,34.76572799682617,34.81880666002636,33.421098900247706,33.58917964642832,28773000
WFC,2021-03-26,35.17266082763672,35.58843533020789,34.65073235351027,35.296511064787424,29156100
WFC,2021-03-29,34.00495529174805,34.809963232233386,33.527260756695654,34.12880552261588,38426900
WFC,2021-03-30,34.84535217285156,35.45574512648148,34.03149940077707,34.09342283454039,36134200
WFC,2021-03-31,34.5622673034668,35.0576580714518,34.42957232333242,34.73919281878812,25832800
WFC,2021-04-01,35.05766677856445,35.07535967194824,34.42958087445025,34.46496666121783,22706900
WFC,2021-04-05,34.92496109008789,35.67689364347376,34.78342136085588,35.41150369841208,21293400
WFC,2021-04-06,35.25226974487305,35.296503650422075,34.730341380382605,34.87188110424918,20969600
WFC,2021-04-07,35.376121520996094,35.464582586861134,35.05765628456458,35.24342654762518,19393200
WFC,2021-04-08,35.41151428222656,35.5619021876811,34.79227989086772,35.269974510691064,20845000
WFC,2021-04-09,35.8272819519043,36.083823793062535,35.60612589047279,35.68574220757108,28363600
WFC,2021-04-12,36.06612777709961,36.172281732505006,35.73881777943182,35.791893069847816,21093000
WFC,2021-04-13,35.19919967651367,35.83612684106376,35.1195833591232,35.827282083386464,29333200
WFC,2021-04-14,37.14537811279297,37.31345552522222,34.553428485361394,35.11958753204319,64926900
WFC,2021-04-15,37.36652755737305,37.38421707168423,36.296129714576956,37.242677335180204,44146300
WFC,2021-04-16,38.78192901611328,39.03847087016082,37.66730389530935,37.7469168418339,57060200
WFC,2021-04-19,38.81732177734375,39.27732689589526,38.37500955272589,38.57847277110117,39124200
WFC,2021-04-20,37.631919860839844,38.39269732563793,37.4638390781769,38.39269732563793,29734000
WFC,2021-04-21,38.251155853271484,38.357309823381904,36.9507570647669,37.366531561679004,27258000
WFC,2021-04-22,37.77345657348633,38.49884819665459,37.75576368333909,38.26884399931417,24638300
WFC,2021-04-23,38.79961395263672,39.08269339749224,37.71152670374083,37.78229487766813,28024200
WFC,2021-04-26,39.04730987548828,39.5250077317005,38.91461827625602,39.03846511870214,24606600
WFC,2021-04-27,39.88771438598633,40.00271650302571,39.10039920883254,39.26847663021757,29130200
WFC,2021-04-28,39.87887191772461,40.40079710483626,39.74617690008893,39.9407953594014,20795100
WFC,2021-04-29,40.905033111572266,41.03772474478651,40.268102473506374,40.35656356231587,26880700
WFC,2021-04-30,39.85232162475586,40.71040822361346,39.684244232789126,40.51578980954505,34176500
WFC,2021-05-03,40.23270797729492,40.38309584519938,39.87001219238516,40.206170331312634,16522700
WFC,2021-05-04,40.462711334228516,40.551172402084795,39.51616036038451,40.03808875971278,26137600
WFC,2021-05-05,40.639644622802734,40.86964886166731,40.223873440288756,40.630799863419185,19620200
WFC,2021-05-06,41.34001541137695,41.39320648879699,40.51551989201397,40.87900690943693,34271500
WFC,2021-05-07,41.26022720336914,41.331149770317886,40.38253718657267,40.71942867990151,25140400
WFC,2021-05-10,41.31341552734375,41.978331035070966,41.304551475292186,41.52618997786793,28193100
WFC,2021-05-11,40.53325271606445,41.56165529065712,40.347073793144695,40.799218257747235,31478500
WFC,2021-05-12,40.46232223510742,41.8098846615323,40.32047373663823,41.517323613036126,33392900
WFC,2021-05-13,41.136112213134766,41.48186777623932,40.16976809428422,40.329348105245636,23553400
WFC,2021-05-14,41.6325798034668,41.765564271493766,41.198170187524994,41.31341978575049,17078500
WFC,2021-05-17,42.4659423828125,42.53686495160486,41.49073085191756,41.597116396073844,25212800
WFC,2021-05-18,41.54392623901367,42.66985036734568,41.51733069786691,42.46594332737091,24126000
WFC,2021-05-19,40.93219757080078,41.06518202686963,40.222955029615726,40.728290551581026,28911100
WFC,2021-05-20,40.5421142578125,40.941064236597086,40.1343002270261,40.84354275490139,26107000
WFC,2021-05-21,40.67510223388672,41.047453325041516,40.58644479651503,40.75489223655352,27312700
WFC,2021-05-24,40.9942626953125,41.23362932400947,40.56871375512007,40.781488225216286,25707400
WFC,2021-05-25,40.86127853393555,41.68577411607103,40.816951505398954,41.12724408709059,29415300
WFC,2021-05-26,41.136112213134766,41.31342033026029,40.42686621689045,40.87901070859298,26170600
WFC,2021-05-27,41.45527267456055,42.004938710512874,41.05632599231678,41.65918311553581,42572900
WFC,2021-05-28,41.4198112487793,41.56165977845584,41.02972525571701,41.53506085406068,15760100
WFC,2021-06-01,41.898536682128906,42.03152112262028,41.481858640329875,41.80988264309119,17878600
WFC,2021-06-02,41.499595642089844,42.075853736320816,41.29568861964486,42.00493117204812,18492600
WFC,2021-06-03,41.189300537109375,41.66804053793308,41.09177905005988,41.393207563696805,20206400
WFC,2021-06-04,41.6325798034668,41.75669683659303,41.23362978132141,41.72123724279661,18190300
WFC,2021-06-07,41.76556396484375,41.82762248095122,41.47299949010669,41.75669653000812,16644300
WFC,2021-06-08,41.32229232788086,41.676911983222816,41.047459304893714,41.43754532228656,21271700
WFC,2021-06-09,40.71055603027344,41.08291045034549,40.45345795334138,40.994256407532355,22617500
WFC,2021-06-10,39.97472381591797,41.35774940559923,39.90379786581026,41.19816939979234,21640000
WFC,2021-06-11,40.49779510498047,40.50665915870508,40.054518016162326,40.054518016162326,19389300
WFC,2021-06-14,40.02791976928711,40.67510386941396,39.753086775287116,40.43573385178859,25452300
WFC,2021-06-15,40.3027458190918,40.53325176321744,39.89493177263598,40.072243256901416,23865400
WFC,2021-06-16,40.40027618408203,40.74603179432861,39.29208339127325,39.85061350579096,38287700
WFC,2021-06-17,37.9356575012207,40.74603287499099,37.820404500769776,40.5953202745011,48910400
WFC,2021-06-18,37.01362609863281,37.51009751050621,36.765392083663514,36.951567594890484,61292200
WFC,2021-06-21,38.37007141113281,38.39667034150582,37.43919001455291,37.50124854886248,26444700
WFC,2021-06-22,38.60056686401367,38.89312796248746,37.99770979705099,38.48531388246434,26455200
WFC,2021-06-23,38.97292709350586,39.2832231346515,38.56511291799181,38.56511291799181,18778500
WFC,2021-06-24,40.05451965332031,40.26729077076562,39.194560983644365,39.238888017950806,27951000
WFC,2021-06-25,41.118385314941406,41.357755358103596,40.08998256391269,40.40027518545483,49074700
WFC,2021-06-28,40.59531784057617,40.84355193564638,39.97472922096475,40.78149341187883,27127500
WFC,2021-06-29,39.70876693725586,41.11838837504927,39.540319459937436,40.81695978514577,39534000
WFC,2021-06-30,40.152042388916016,40.24069646024681,39.407336691154775,39.55804928880434,18168100
WFC,2021-07-01,40.2584228515625,40.462329895344254,39.86834025240639,40.320481370020616,18658000
WFC,2021-07-02,39.95698547363281,40.25841394600858,39.75307847495727,40.160892472308355,13218500
WFC,2021-07-06,38.556243896484375,39.73535923153637,38.3877964329513,39.65556921774068,25486900
WFC,2021-07-07,38.47644805908203,38.98178360932433,38.22821061932527,38.37005913549968,21884000
WFC,2021-07-08,37.51897048950195,38.07750053802322,37.20867789695437,37.74947645705355,29148700
WFC,2021-07-09,38.928592681884766,39.105904188684846,37.9888440631993,38.2814085567098,25055900
WFC,2021-07-12,39.15022659301758,39.23001659255103,38.08636105988337,38.37005808446112,17618900
WFC,2021-07-13,38.32573318481445,39.12363322441682,38.130690201370435,38.82220469633765,25387800
WFC,2021-07-14,39.85060501098633,40.010185009688605,37.68741097610454,38.65375502071928,49618000
WFC,2021-07-15,39.894935607910156,40.24069117540235,39.33640556245744,39.53144855209329,33388100
WFC,2021-07-16,39.256614685058594,40.36480731624869,39.10590211054579,40.258421770596385,27838200
WFC,2021-07-19,38.16615295410156,38.3877914769267,37.49237333276475,37.86472442778196,43362200
WFC,2021-07-20,39.75308609008789,40.02791907935076,38.00657342600018,38.12182640626339,34556200
WFC,2021-07-21,40.60417938232422,40.91447536389936,40.08111229869221,40.152038254001624,29654600
WFC,2021-07-22,39.921531677246094,40.737163241286964,39.71762463171979,40.63964174517968,23309500
WFC,2021-07-23,39.53145217895508,40.34708042510742,39.38073620533551,39.98359333594198,23946500
WFC,2021-07-26,39.9037971496582,40.10770756159056,39.42506052276483,39.42506052276483,22976700
WFC,2021-07-27,40.01905059814453,40.23182506522627,39.24774949610215,39.53144653092085,22124500
WFC,2021-07-28,40.347076416015625,40.81695239820063,39.877203815766194,40.231826815686695,23252800
WFC,2021-07-29,41.224769592285156,41.41094515942443,40.49779543132016,40.68397099845943,24487400
WFC,2021-07-30,40.72829055786133,41.53505458269659,40.542115024884396,41.0119875743791,25794000
WFC,2021-08-02,40.59531784057617,41.499603535106665,40.40027483334335,40.816956391727686,23960700
WFC,2021-08-03,41.51732635498047,41.614844456296304,39.99245235927753,40.763753409272184,24050300
WFC,2021-08-04,40.914466857910156,41.64144083901758,40.816945380601965,41.02085238682137,22178000
WFC,2021-08-05,41.840511322021484,41.84941395812211,40.967903531283966,41.003520868999026,28092600
WFC,2021-08-06,43.42543411254883,43.62132602201472,42.250089449064234,42.29460941121865,33583900
WFC,2021-08-09,43.31858444213867,43.932968056497934,42.99803528798417,43.327487075685056,29795200
WFC,2021-08-10,44.191184997558594,44.24460758780959,43.354194852639424,43.389812177243435,28708100
WFC,2021-08-11,45.108306884765625,45.17063550153391,43.78159047786596,44.191182898042385,29203900
WFC,2021-08-12,45.544612884521484,45.633652799614815,45.01926923349874,45.19734906368541,21729900
WFC,2021-08-13,44.850093841552734,45.776124011213426,44.68091662459096,45.598040763716305,15843300
WFC,2021-08-16,43.995304107666016,44.50283922186379,43.57680893058313,44.45831925330635,22615500
WFC,2021-08-17,43.37200164794922,43.95967389199837,42.76652074236465,43.5233735726728,16887000
WFC,2021-08-18,42.71310806274414,43.61242360064367,42.65077943123901,43.06036855160293,16319300
WFC,2021-08-19,42.07200622558594,42.6952958860368,41.698034467308645,42.161046149940894,20259400
WFC,2021-08-20,42.22337341308594,42.25008810685422,41.706935754521325,41.96515628213127,15357400
WFC,2021-08-23,42.39255905151367,42.73091690728339,42.25009312224048,42.51721631504576,15551900
WFC,2021-08-24,43.06037139892578,43.069274034019905,42.4816016147868,42.51721894847508,15109100
WFC,2021-08-25,43.88844680786133,44.1822812594456,43.158308598888034,43.29186847809717,21357400
WFC,2021-08-26,43.67475128173828,44.404889574900366,43.53228535616167,44.10214905846812,21627600
WFC,2021-08-27,44.35146713256836,44.387081066596764,43.73708006656376,43.8261233932738,16873300
WFC,2021-08-30,43.10488510131836,44.35146442593918,43.05145910855276,44.30694106697347,16054100
WFC,2021-08-31,40.69186782836914,43.62132691315803,40.255564038369656,43.10488583098131,73514300
WFC,2021-09-01,38.688446044921875,40.932287242423676,38.52817143105346,40.69187532162105,84960500
WFC,2021-09-02,39.68570327758789,39.961732503531564,38.76857906373692,38.89323632814513,37629000
WFC,2021-09-03,39.329532623291016,39.62337048424289,39.017889494998435,39.61446785057254,21687500
WFC,2021-09-07,39.45419692993164,40.03296327852453,39.400770932989175,39.46309956442755,19733500
WFC,2021-09-08,39.01789093017578,39.65898927099357,38.84871371097352,39.28501410663137,21252400
WFC,2021-09-09,39.49871063232422,39.819259769837494,38.96446093758372,39.04459822196204,19776900
WFC,2021-09-10,39.47200012207031,40.29117824832689,39.347339479824356,40.06857505358475,23367400
WFC,2021-09-13,40.74528884887695,40.78981220687364,39.67679619006296,39.67679619006296,28027200
WFC,2021-09-14,41.00350570678711,41.795972496300486,40.74528519882173,40.976794411706216,36053200
WFC,2021-09-15,41.52885055541992,41.751453745272435,40.82542366028875,40.84323232307557,31535600
WFC,2021-09-16,41.20830535888672,42.089815569520525,40.96789348325932,41.760363768100206,24102400
WFC,2021-09-17,41.37748336791992,41.57337187166151,40.72748243992305,40.72748243992305,34912100
WFC,2021-09-20,40.7898063659668,40.84322895326444,39.92610497366995,40.09528216120389,30603100
WFC,2021-09-21,40.8254280090332,41.27954046683148,40.71857941758587,40.941182631150184,23049100
WFC,2021-09-22,41.92063903808594,42.46378802896268,41.37748665055369,41.395295315334884,29430700
WFC,2021-09-23,42.56173324584961,42.89118504692661,41.991869569395746,42.258992743151566,21852800
WFC,2021-09-24,42.668582916259766,43.2473526379296,42.499405694484295,42.54392565846147,20384700
WFC,2021-09-27,42.34803771972656,43.57680504633312,41.101458331297664,43.07817600828602,48927500
WFC,2021-09-28,40.887752532958984,41.876111245442154,40.13090304147186,41.85830258254591,49349100
WFC,2021-09-29,41.87611389160156,41.982965875731026,40.89666114700229,41.35967622159724,21730200
WFC,2021-09-30,41.324058532714844,41.982965509138246,41.06583800163977,41.97405947887755,22947500
WFC,2021-10-01,41.867218017578125,42.1254385925989,41.39530023310672,41.448722837141425,18021700
WFC,2021-10-04,41.867218017578125,42.46379307367173,41.555571441866746,41.867218017578125,22315200
WFC,2021-10-05,42.70419692993164,43.14050069500026,42.16104458028397,42.294607858499226,20250500
WFC,2021-10-06,42.624061584472656,42.81995349567266,41.90282935988248,42.36584444302905,17425700
WFC,2021-10-07,42.526119232177734,43.265163580394216,42.330230701035205,42.97132568869686,19272300
WFC,2021-10-08,42.73981475830078,43.04255524870496,42.437074267896605,42.6240601422669,14295400
WFC,2021-10-11,42.09872055053711,43.14940803741784,42.04529795074511,42.91790217945602,15387900
WFC,2021-10-12,41.53776550292969,42.32132645384242,41.42201086829146,42.10762924783198,18995700
WFC,2021-10-13,41.00350570678711,41.46652073590105,40.26446490409054,41.46652073590105,24150300
WFC,2021-10-14,40.3446044921875,41.75145492556569,39.91720676318696,41.56446905600081,53257700
WFC,2021-10-15,43.07817459106445,43.398723760209364,40.70077051767665,40.70967654829482,60096600
WFC,2021-10-18,44.01311111450195,44.26242564634564,42.86447762709797,42.90899759397637,33842700
WFC,2021-10-19,44.82337951660156,44.832282149880335,43.879540746257426,44.20008989077639,26500300
WFC,2021-10-20,44.66311264038086,44.86790720763338,44.26242614068863,44.689823941475076,24227900
WFC,2021-10-21,44.814483642578125,45.05489214057235,44.30694515610222,44.47612578381276,20448300
WFC,2021-10-22,45.108306884765625,45.51789590828718,44.95693835737261,45.001458312684974,21517200
WFC,2021-10-25,45.072696685791016,45.51790310259124,44.98365676109314,45.313108558461785,19330300
WFC,2021-10-26,45.08160400390625,45.50009573792604,44.84119212436867,45.17064393114735,18196300
WFC,2021-10-27,44.565162658691406,45.40215291522306,44.47612273196294,44.75214854281446,21988300
WFC,2021-10-28,45.731605529785156,45.76722285976934,44.832286629289996,44.8590013251059,26785500
WFC,2021-10-29,45.55352020263672,45.98091795302246,45.4288629500228,45.63365749312501,19788500
WFC,2021-11-01,46.043251037597656,46.301471598246785,45.651470577639316,45.909691138288444,18699000
WFC,2021-11-02,45.67817687988281,46.052152029669315,45.606945620710114,45.891877450711576,21672500
WFC,2021-11-03,46.30147171020508,46.80900680144987,45.4288674586499,45.44667612459867,24225700
WFC,2021-11-04,45.24671936035156,46.212079707833055,44.61208621141631,46.07800074520407,32005700
WFC,2021-11-05,45.08583068847656,46.13163784105167,45.05007924983358,45.586388336948495,23443200
WFC,2021-11-08,45.470176696777344,45.917101973477884,45.18414479247054,45.18414479247054,19509500
WFC,2021-11-09,44.594215393066406,45.19309719578975,43.98639658273682,45.13946492084178,28324800
WFC,2021-11-10,45.01432418823242,45.380802858304975,44.406505407170144,44.460137679535634,19827800
WFC,2021-11-11,45.219905853271484,45.50593779692402,44.889182057755065,45.0679494652106,16069700
WFC,2021-11-12,45.55064010620117,45.586394959808686,45.023267949687074,45.30036295048957,17124700
WFC,2021-11-15,45.657894134521484,46.21208059851454,45.568507021122784,45.756214844605466,20110200
WFC,2021-11-16,45.023258209228516,45.74727849417686,44.844487389637216,45.68470921878537,19244900
WFC,2021-11-17,44.549522399902344,45.30929418856223,44.272427434389755,45.06795407210353,17802700
WFC,2021-11-18,44.603153228759766,44.85343034449026,44.04002630859619,44.361813120118235,19198200
WFC,2021-11-19,43.63780212402344,44.013221287654346,42.699259329602214,43.798695564183724,30548400
WFC,2021-11-22,44.99644470214844,45.6847101553342,44.45119522561363,45.25566222538136,28549400
WFC,2021-11-23,45.94392776489258,46.24783714206809,45.318231587205354,45.327168593988524,28024400
WFC,2021-11-24,45.86348342895508,46.24783952607147,45.74728187616476,46.04225085199245,18901900
WFC,2021-11-26,43.2891960144043,43.88807443443326,42.627744899222,43.88807443443326,29919300
WFC,2021-11-29,43.941707611083984,44.48695717466921,43.181935753158264,44.397570043885345,27677000
WFC,2021-11-30,42.70819091796875,43.36070160479129,42.29702036075514,43.00316332408086,40671700
WFC,2021-12-01,42.198699951171875,44.20092745705698,42.17188551543793,43.52159886711877,29365100
WFC,2021-12-02,43.71823501586914,44.15622333327281,42.4668427459469,42.66349097944687,29184900
WFC,2021-12-03,42.68137741088867,44.03109067269322,42.34171313853753,44.03109067269322,29221900
WFC,2021-12-06,43.62886047363281,44.60315801994508,43.53947334429158,43.780813478857404,31650100
WFC,2021-12-07,44.9160041809082,45.15734431403776,44.102600062480576,44.209861207281385,28370200
WFC,2021-12-08,44.16516876220703,44.969635861973025,44.08472205223043,44.853434300946766,19990300
WFC,2021-12-09,44.41544723510742,44.71935665862427,43.566291660659815,43.81656880599002,16927200
WFC,2021-12-10,44.87130355834961,45.228841774451126,44.31711710704197,44.951750253682135,20040900
WFC,2021-12-13,43.4053955078125,44.6567845655833,43.28919395059666,44.60315570053765,19598900
WFC,2021-12-14,43.70035934448242,44.23667180012188,43.4411418280785,43.45008224437919,17602900
WFC,2021-12-15,43.74505615234375,44.04002854782692,43.02103919937622,43.81656585177124,20284300
WFC,2021-12-16,44.960693359375,45.42549617215559,44.0757830004384,44.44226168227711,32781100
WFC,2021-12-17,42.86014938354492,44.45120282190393,42.788639678114194,44.42438838725261,74833400
WFC,2021-12-20,41.87690734863281,42.16293932319407,41.34059824877299,42.06461860237685,29134900
WFC,2021-12-21,42.73500061035156,43.02996955043462,42.31488971562913,42.538352377116446,21249400
WFC,2021-12-22,42.93164825439453,43.19086577709493,42.56516960186874,42.672434141463974,15688000
WFC,2021-12-23,43.226627349853516,43.73612205801575,43.10148877729021,43.26238220194885,16025600
WFC,2021-12-27,43.59309768676758,43.6377895384179,42.97634195054589,43.39644944778253,11900400
WFC,2021-12-28,43.280250549316406,43.96851601803495,43.226621687968155,43.405392515258804,14320500
WFC,2021-12-29,43.307071685791016,43.67355037523247,43.2355619855243,43.44114725913583,14390700
WFC,2021-12-30,42.99422073364258,43.718241085879484,42.94059186961991,43.34282539864041,13701300
WFC,2021-12-31,42.886962890625,43.22662716453375,42.76182431859819,42.931654750667384,12649300
WFC,2022-01-03,45.34504318237305,45.41655287124705,43.7271722741799,43.736112690173975,38978100
WFC,2022-01-04,47.150630950927734,47.50817264432156,46.051194846931615,46.10482712387178,43855100
WFC,2022-01-05,46.73944854736328,47.499220191098765,46.480231055822685,47.30257196858253,35072600
WFC,2022-01-06,47.937217712402344,47.97296915174916,47.07018137505297,47.50816975230979,29720800
WFC,2022-01-07,48.956199645996094,49.33161527568366,48.0891634396659,48.1427957052368,35149300
WFC,2022-01-10,49.47463607788086,50.10927268165775,48.696986904805115,49.60871505003215,34733500
WFC,2022-01-11,50.109275817871094,50.17184509951911,49.3673780358016,49.66235042908806,25073700
WFC,2022-01-12,50.41318893432617,50.690280513541744,49.8411215303129,50.422125942461676,34159400
WFC,2022-01-13,50.055641174316406,51.11038531469967,49.84111549755627,50.59195025156181,34037300
WFC,2022-01-14,51.8969841003418,52.621001141770826,50.40425133522499,50.815421927860065,56739600
WFC,2022-01-18,50.672401428222656,51.94167135743567,50.51150800888903,51.59307008546957,41689600
WFC,2022-01-19,49.671287536621094,51.55731322664787,49.58190382259249,51.04781855519051,34970200
WFC,2022-01-20,49.16179656982422,50.39531169303915,49.08134985722823,49.80537027059207,26972800
WFC,2022-01-21,47.97297668457031,49.161800031103255,47.49029978478151,48.714874576275044,38357600
WFC,2022-01-24,47.66012191772461,47.812078318944295,45.74728185024049,47.132749836615154,48451400
WFC,2022-01-25,47.90146255493164,48.02660111626516,46.078006178948776,47.07911807938699,40858700
WFC,2022-01-26,48.39307403564453,49.09027645714,47.75844088737201,48.18748879365919,39687100
WFC,2022-01-27,48.05341339111328,49.61765215710977,47.579673598823575,48.80424813518239,34209200
WFC,2022-01-28,48.43776321411133,48.464581050991306,47.16849698759506,47.91933163461451,35519700
WFC,2022-01-31,48.08917236328125,48.31263506330558,47.4009068380339,48.10704978845562,34657500
WFC,2022-02-01,49.6981086730957,49.88581995351003,48.259011588389754,48.911522336177946,35870200
WFC,2022-02-02,49.993064880371094,50.10032599881481,49.126028697713274,49.40312361427646,29037100
WFC,2022-02-03,49.53516387939453,50.54077420092146,49.140104883488924,50.13673464540439,25227400
WFC,2022-02-04,50.57668685913086,51.21416955393607,49.80452317806325,50.31630544573276,33622100
WFC,2022-02-07,51.47455978393555,51.977361578598625,50.19959075086771,50.6485228818628,37480100
WFC,2022-02-08,52.74951171875,52.95602003446919,51.896540205941555,52.07611369680851,39099600
WFC,2022-02-09,53.02785873413086,53.315174992470425,52.38139544032685,52.70462708722885,25883100
WFC,2022-02-10,53.01887893676758,54.14120915738111,52.79441289264487,53.46781102501299,36092000
WFC,2022-02-11,52.354454040527344,54.08733193275481,51.99530705013882,52.543004669195525,38650500
WFC,2022-02-14,51.94144058227539,52.65973465443697,51.33987323568204,52.53403079425271,32680500
WFC,2022-02-15,52.41730880737305,53.261299855561326,52.15692738795715,53.0817263447545,18224600
WFC,2022-02-16,52.201812744140625,52.86623361540316,51.67207284376679,51.99530443383616,22057200
WFC,2022-02-17,50.41506576538086,51.654115638871005,50.06489592278992,51.312929779545584,24946500
WFC,2022-02-18,49.94818115234375,50.9268531644273,49.71473456684873,50.415070898254044,22137900
WFC,2022-02-22,49.63391876220703,50.38812462788088,49.11315944488037,49.89430013340996,26887800
WFC,2022-02-23,48.43977355957031,50.29835215211307,48.26917717203872,50.145713459325854,21860700
WFC,2022-02-24,47.326412200927734,47.434158350588696,45.50374931598974,46.47344068738216,40917600
WFC,2022-02-25,48.58342361450195,48.87971696581954,47.6676018852921,47.739429227246866,27493500
WFC,2022-02-28,47.919010162353516,47.945948416715055,46.877487854147866,47.254592589489235,31094800
WFC,2022-03-01,45.15359115600586,47.33540142228881,44.9021868525327,47.08399711881566,54135500
WFC,2022-03-02,46.88645935058594,47.42517638255987,45.791064170482336,46.078380377545685,34894300
WFC,2022-03-03,46.00655746459961,47.19173778903166,45.73719549761803,47.00318372712862,24159700
WFC,2022-03-04,43.80678939819336,44.94707719374363,43.25909175996814,44.92911950108776,35871600
WFC,2022-03-07,41.131160736083984,43.618245011390975,41.09524534562724,43.618245011390975,56332500
WFC,2022-03-08,41.71476745605469,43.27705257918645,41.616001851851884,41.91229866446029,60018100
WFC,2022-03-09,44.13900375366211,44.668743766489,43.41173252162109,43.806794960049345,34560200
WFC,2022-03-10,44.00432205200195,44.507127226941826,42.96279973790369,43.330923915513935,26178800
WFC,2022-03-11,43.51947021484375,44.89320107160958,43.483554831967396,44.596904300498835,23707100
WFC,2022-03-14,44.76750564575195,45.23439539993892,44.26470050468604,44.587932136437,28166600
WFC,2022-03-15,44.991973876953125,45.45886365397847,44.2916409239551,45.03686640020787,25080600
WFC,2022-03-16,46.32978439331055,46.88646257978011,45.548643615625316,45.83595984247689,34672800
WFC,2022-03-17,46.222042083740234,46.23102264251807,45.0997119920845,45.80902543203003,29930300
WFC,2022-03-18,46.16816711425781,46.27591326469847,44.9291172099057,45.656384887442925,60963400
WFC,2022-03-21,45.916770935058594,46.50936112224053,45.44090404348094,46.38366069239585,23411500
WFC,2022-03-22,47.93696594238281,48.66423712965806,46.9582938916405,47.05705949516824,28625600
WFC,2022-03-23,45.8988151550293,47.63169326745744,45.880857460719994,47.37131183759249,27988700
WFC,2022-03-24,46.087371826171875,46.52732337372693,45.71026707461594,46.42855776200799,19677800
WFC,2022-03-25,47.19173812866211,47.21867295552224,46.159193048014195,46.21306612681416,19130900
WFC,2022-03-28,46.518333435058594,46.78769194055827,45.59353121856811,46.71586117904943,24115400
WFC,2022-03-29,46.32978439331055,47.856153989134256,46.25795704913745,47.640668531535376,20915000
WFC,2022-03-30,44.991973876953125,46.40162034264811,44.70465761802676,46.266939347803884,30913800
WFC,2022-03-31,43.510494232177734,45.27928763643207,43.4835594047277,44.6687397636462,31238500
WFC,2022-04-01,43.73495864868164,44.417337269615444,42.94484072191993,44.219806075385186,29989900
WFC,2022-04-04,43.510494232177734,43.69006774036413,42.74731110373529,43.50151709805432,23778300
WFC,2022-04-05,43.20521545410156,43.90555171503911,42.89096441880096,43.0166648329212,21757300
WFC,2022-04-06,42.99870300292969,43.16929934145511,42.5587515958547,42.8191295321509,26001200
WFC,2022-04-07,42.8640251159668,43.36682671991541,41.82250310411447,43.24112631892826,29486500
WFC,2022-04-08,43.75291442871094,43.89657253866765,43.034623878927405,43.097474087966,23659800
WFC,2022-04-11,44.29164505004883,45.06380542717089,43.923517419858136,43.941475115848924,27041000
WFC,2022-04-12,43.47457504272461,44.803416832019856,43.09747379109072,44.60588564778526,25791900
WFC,2022-04-13,43.58232116699219,43.65414850889272,42.603649229906175,42.68445713021895,20645300
WFC,2022-04-14,41.61600875854492,42.93587036997538,40.4308281615757,41.20299200431514,65583200
WFC,2022-04-18,42.35225296020508,42.72038057280479,41.43643448399939,41.4992847044237,26120900
WFC,2022-04-19,42.944847106933594,43.26807534771367,42.49591499881217,42.54978465973543,19753300
WFC,2022-04-20,43.681087493896484,44.32754728219456,43.384790712738564,43.52844882403586,25893000
WFC,2022-04-21,42.89994430541992,44.435294473078,42.73832849829802,44.13002055130103,19027600
WFC,2022-04-22,41.607025146484375,43.025648732619764,41.535194369930714,42.819140387647906,21676800
WFC,2022-04-25,41.149112701416016,41.27481312543104,39.9818866496658,41.08625906432883,30045500
WFC,2022-04-26,40.02678298950195,41.30174836005675,40.00882529659671,40.547542383435136,21527400
WFC,2022-04-27,40.02678298950195,40.57447721025314,39.63172059574605,39.874144312347255,19520900
WFC,2022-04-28,40.5565185546875,40.68222240204045,39.78435832856855,40.43979869119348,17431000
WFC,2022-04-29,39.17380905151367,40.76302881443038,39.06606290058137,40.439797211792474,27149400
WFC,2022-05-02,39.209716796875,39.54192892226648,38.257983208129495,39.38929027072029,25009300
WFC,2022-05-03,39.649681091308594,40.08065547625891,39.200749012183685,39.41623791719882,21545300
WFC,2022-05-04,41.283790588378906,41.41847157237138,39.66763590586768,39.78435919698918,29468000
WFC,2022-05-05,40.40810012817383,40.67893466366923,39.2254702242345,40.624767067809316,29978600
WFC,2022-05-06,40.21852493286133,40.5164415904922,39.28867011141596,40.27269253710459,27035300
WFC,2022-05-09,39.68588638305664,40.20949619307894,39.02686273664562,39.69491603843192,27132700
WFC,2022-05-10,38.89145278930664,40.36296993261156,38.08798212698204,40.07408292019557,25276100
WFC,2022-05-11,38.431026458740234,40.182403933192916,38.358806446869934,38.91852445312943,25291600
WFC,2022-05-12,37.74492645263672,38.28658867539527,36.94145588609186,38.12408931980682,30171700
WFC,2022-05-13,38.494224548339844,38.990748808093095,38.16922584921283,38.32269898771361,21253200
WFC,2022-05-16,38.10603332519531,38.521307924168774,37.64562078177769,38.27756233540935,16837400
WFC,2022-05-17,39.460182189941406,39.559487708504534,38.78310286570575,38.810188380461575,23340500
WFC,2022-05-18,38.0157470703125,39.09907466059693,37.81713603634937,39.08101879898179,27351300
WFC,2022-05-19,37.91645050048828,38.19631125585667,37.52825799366941,37.64561939995994,25211900
WFC,2022-05-20,37.61853790283203,38.62964583719646,36.77896243453648,38.37686713170303,35410400
WFC,2022-05-23,39.55949401855469,40.01088030671145,38.57547177262077,38.57547177262077,27979100
WFC,2022-05-24,39.08102798461914,39.514358433822565,38.494224397516255,39.44213497038652,23996000
WFC,2022-05-25,39.83032989501953,40.13727274564924,38.84630753068937,38.90047513155503,22343900
WFC,2022-05-26,41.16643142700195,41.310874913125296,40.39907605268498,40.47129951764884,23502500
WFC,2022-05-27,41.42823028564453,41.57267375072229,41.03101161763167,41.2567047470534,19482600
WFC,2022-05-31,41.31990432739258,41.771290649373526,40.624768978285395,40.93171181498462,40727400
WFC,2022-06-01,40.76920700073242,41.59072985890633,40.083101398529415,41.49142433036818,20417900
WFC,2022-06-02,40.92267608642578,41.01295195230477,40.18239952224327,40.73309125799426,14633300
WFC,2022-06-03,40.46226119995117,40.922677081013155,40.27267981071559,40.47129085304065,12572400
WFC,2022-06-06,40.73310089111328,41.428236242947854,40.588657405264826,40.93171197558154,11867200
WFC,2022-06-07,41.049076080322266,41.112269894294066,40.290746868856075,40.40810484120109,13281600
WFC,2022-06-08,40.29073715209961,40.68795580752737,39.929626778944375,40.5164302743707,12364400
WFC,2022-06-09,38.521305084228516,40.290741992708305,38.494223008319494,40.245604051591876,20142400
WFC,2022-06-10,36.18312072753906,37.41088834226252,36.12895314184986,37.040751782895136,27619300
WFC,2022-06-13,35.1991081237793,35.82202002994118,35.000497033204006,35.19007846849617,27553800
WFC,2022-06-14,33.790775299072266,35.478958927221626,33.411609054383014,35.000490599303205,36817600
WFC,2022-06-15,34.45882797241211,34.901188055054654,33.70050230583194,34.30535828573873,31358100
WFC,2022-06-16,33.98939514160156,34.06161517024214,32.9873168461538,33.727590219694456,37991500
WFC,2022-06-17,34.73869323730469,35.18105337754686,33.8539764006249,34.15189304597659,59114300
WFC,2022-06-21,35.1991081237793,36.0567394102356,35.090772923208526,35.98451938699288,24884700
WFC,2022-06-22,34.847015380859375,35.27131953667029,34.58521398623483,34.65743399184738,18631700
WFC,2022-06-23,34.215084075927734,34.63035865947452,33.53800460300413,34.35952755906593,23143800
WFC,2022-06-24,36.7970085144043,37.1039513265944,34.765770227682616,34.9192433556797,39407700
WFC,2022-06-27,36.327571868896484,37.00465133622295,36.02062903928965,36.86923406523596,16996800
WFC,2022-06-28,36.27340316772461,37.51923031395254,36.183127285683746,36.98659434478151,18136600
WFC,2022-06-29,35.849090576171875,36.58936365625062,35.704647132346835,36.35464435146118,15778700
WFC,2022-06-30,35.36159896850586,35.84909696978591,34.55813195369465,35.27132309144095,20425700
WFC,2022-07-01,36.0386848449707,36.183131784281606,34.72063751799995,34.95536035057558,15333900
WFC,2022-07-05,36.20117950439453,36.21923536946246,34.76577094763372,35.20813103228756,19144500
WFC,2022-07-06,35.65951919555664,36.13798759160622,35.1359094125705,35.75882473673017,17014100
WFC,2022-07-07,36.21923828125,36.55326664615409,35.86715749363081,36.30048795868554,21060400
WFC,2022-07-08,36.27340316772461,36.74284533070621,35.984516212628876,36.38173491493447,14437500
WFC,2022-07-11,35.921321868896484,36.11992949517515,35.42479763749367,35.812986679503645,13111600
WFC,2022-07-12,35.74979019165039,36.535204758693695,35.21715427041815,35.2803515147238,15127300
WFC,2022-07-13,35.27131652832031,35.524091692110034,34.67548689667075,35.28034618062899,14116800
WFC,2022-07-14,34.973411560058594,34.98243777066108,33.790778230493856,34.38660800057747,24355300
WFC,2022-07-15,37.13104248046875,37.744928198011,35.415772956076346,35.5692461073642,40328300
WFC,2022-07-18,37.18520736694336,38.62964579571076,37.031737656455604,37.85326069986654,17991300
WFC,2022-07-19,38.72895050048828,38.88242020762302,37.69076051011304,37.8081219262661,25724200
WFC,2022-07-20,38.56644058227539,38.846297840761665,38.241441945759014,38.4039412640172,19111200
WFC,2022-07-21,39.07199478149414,39.153244448578924,38.16922223335386,38.34977743174271,17809000
WFC,2022-07-22,38.97269058227539,39.29768926172297,38.53936015761331,38.97269058227539,15965400
WFC,2022-07-25,39.270606994628906,39.6407436124583,39.00880212148507,39.29768906984928,20297900
WFC,2022-07-26,38.72895050048828,39.43311210979748,38.64770081912148,38.91853194240928,15446700
WFC,2022-07-27,39.460182189941406,39.69490495087308,38.53935389572449,38.80115872760845,19498400
WFC,2022-07-28,39.10810470581055,39.56852061265256,38.55741292584067,39.31574196904768,14527300
WFC,2022-07-29,39.60463333129883,40.03796376969199,39.099082875075574,39.099082875075574,17512700
WFC,2022-08-01,39.30672073364258,39.86643879423776,38.963666173495234,39.21644140528578,13668300
WFC,2022-08-02,38.71088409423828,39.306713780781436,38.69282823176078,39.261575846489485,17764000
WFC,2022-08-03,39.6226921081543,40.23657780193687,39.04491814784234,39.17130577118502,17359500
WFC,2022-08-04,38.877323150634766,39.63177956286181,38.75915402552487,39.54088236970383,15062800
WFC,2022-08-05,39.777217864990234,40.26807103885006,38.6591657250911,38.704617789989975,16021000
WFC,2022-08-08,39.25909423828125,40.16808001014009,39.20455731117326,39.968105498234905,12879700
WFC,2022-08-09,39.44997787475586,39.80448171696483,39.07729390377912,39.28636018335095,10489500
WFC,2022-08-10,40.29533767700195,40.631661414529574,40.03173099224816,40.03173099224816,14037600
WFC,2022-08-11,41.131614685058594,41.45885018542028,40.804379184696906,40.904368195085894,14038800
WFC,2022-08-12,41.75880813598633,41.77698826884118,41.07706875770561,41.377035748551904,10706000
WFC,2022-08-15,41.586097717285156,41.64972644185653,40.82254955492331,41.27704242615047,11070300
WFC,2022-08-16,41.86788558959961,42.104220362827654,41.22250306106222,41.431572838444026,12234100
WFC,2022-08-17,41.94060516357422,42.09513455601668,41.40430339128402,41.55883278372648,13151700
WFC,2022-08-18,41.94060516357422,41.99514556105492,41.59518958120789,41.94060516357422,7885900
WFC,2022-08-19,41.222503662109375,41.83152593672064,40.940720290018014,41.72244861421771,13142900
WFC,2022-08-22,40.368064880371094,40.668031900691474,40.10445812933308,40.54077095820317,12391400
WFC,2022-08-23,40.331695556640625,40.867997271884676,40.249886702874406,40.41350441040685,10475100
WFC,2022-08-24,40.57712936401367,40.631669765432505,40.01355908604292,40.295345958781276,11706700
WFC,2022-08-25,41.25886535644531,41.377034482633576,40.3862398111451,40.7134752575091,11783200
WFC,2022-08-26,39.96810531616211,41.5588304096686,39.94083338522682,41.43157295698897,13405200
WFC,2022-08-29,39.92264938354492,40.28624504238623,39.613597581286555,39.81357207289461,12504900
WFC,2022-08-30,40.122623443603516,40.395318427481826,39.58632180605741,40.23170074365387,14365000
WFC,2022-08-31,39.73176956176758,40.53167805833134,39.640872366308265,40.24989120439829,22609100
WFC,2022-09-01,39.72267532348633,39.75903558326652,38.904586815958226,39.68631506370614,13173000
WFC,2022-09-02,39.43180465698242,40.72256281817297,39.24091500521718,40.268069921837316,13025900
WFC,2022-09-06,38.97731399536133,39.88629984014817,38.50464093997147,39.73177044343138,14708700
WFC,2022-09-07,39.84992980957031,39.91355852571373,38.40464253180343,38.66824919440043,19475800
WFC,2022-09-08,41.1134147644043,41.14068322047639,39.395432681770714,39.64994751845581,18500300
WFC,2022-09-09,41.20432662963867,41.64063938325593,41.13160610361636,41.367940878177805,12875500
WFC,2022-09-12,41.3861198425293,41.940601701542775,41.14069327538372,41.522469091223094,12127900
WFC,2022-09-13,39.28636932373047,40.4771385612715,39.122751594258204,40.31352083179924,21124900
WFC,2022-09-14,39.340904235839844,39.640871213643564,38.40464997331122,39.3136357714961,15067800
WFC,2022-09-15,40.122623443603516,40.622564825297886,39.40452399430359,39.44997604787068,13173200
WFC,2022-09-16,39.94083023071289,40.04991101082786,39.386351868902075,39.72267560549345,21238800
WFC,2022-09-19,40.28624725341797,40.54985394717019,39.45907037828594,39.47725050897631,11324100
WFC,2022-09-20,39.45907211303711,40.25898056105289,39.168196944214195,39.89538486627148,19503900
WFC,2022-09-21,38.42283248901367,39.822671537261584,38.39556402297827,39.68632227207289,19207100
WFC,2022-09-22,37.741092681884766,38.640986726187634,37.66837214991784,38.62281006070172,15499000
WFC,2022-09-23,36.732112884521484,37.250234468621585,36.08673385415193,37.104796891812875,23316200
WFC,2022-09-26,36.36851501464844,36.85027977611069,35.75949628209927,36.48668412227183,21420000
WFC,2022-09-27,36.38669967651367,36.895732961793556,35.82312946361829,36.55031739437129,17541400
WFC,2022-09-28,37.095706939697266,37.32295336025225,36.268530107577334,36.268530107577334,16033500
WFC,2022-09-29,36.81391906738281,36.98662509371808,36.15035995461455,36.50486380564779,14811300
WFC,2022-09-30,36.55941390991211,37.395679271274645,36.52305364180782,36.94118632248909,21182200
WFC,2022-10-03,37.795631408691406,37.995605927741465,36.941182533412,37.53202469323262,16827600
WFC,2022-10-04,39.57724380493164,39.62269240285531,38.32284239070509,38.32284239070509,18601300
WFC,2022-10-05,39.3681755065918,39.57724182056286,38.686436169401375,38.931862746890594,15873400
WFC,2022-10-06,38.39555358886719,39.213638555164636,38.36828166273717,38.968212025023924,15634800
WFC,2022-10-07,37.98651123046875,38.286474692535485,37.62291558265535,38.204665845152725,17186700
WFC,2022-10-10,37.67745590209961,38.27738629265574,37.404760900484106,38.122856928987076,10973700
WFC,2022-10-11,36.56849670410156,37.55929132107721,36.41397078932363,37.468394132090836,19135900
WFC,2022-10-12,36.82301712036133,37.468399741810195,36.323075571074696,36.577593979852594,16469900
WFC,2022-10-13,38.5228157043457,38.786418927293155,36.132182294818485,36.132182294818485,23808700
WFC,2022-10-14,39.24091339111328,40.84073026221234,39.204556596206174,39.813575387842356,33954200
WFC,2022-10-17,39.959014892578125,41.07706700926814,39.8953861640474,40.59530564539103,24507000
WFC,2022-10-18,40.60438919067383,41.177051147442725,39.831752739600816,41.004345114292526,24810400
WFC,2022-10-19,39.64995193481445,40.46804038314483,39.35907681263143,40.158985132387244,17876800
WFC,2022-10-20,39.67722702026367,40.38623475359313,39.54087777885174,39.70449548154396,17572700
WFC,2022-10-21,40.749839782714844,40.79528838446047,39.60451560069122,39.66814433663631,18632800
WFC,2022-10-24,41.086158752441406,41.38612226260065,40.74983497817024,40.858912303000366,16154300
WFC,2022-10-25,41.24068832397461,41.449754659864674,40.33170244575384,40.70438651712412,16362200
WFC,2022-10-26,41.54065704345703,42.004238334788866,41.33159069893435,41.50429677462541,15010800
WFC,2022-10-27,41.495201110839844,42.25874928388888,41.404300454818845,41.83152486935386,14655500
WFC,2022-10-28,42.131492614746094,42.258753546010745,41.33158756611752,41.73154009043181,14990400
WFC,2022-10-31,41.80424880981445,42.28601006291304,41.79515701211174,41.94059456781159,14000000
WFC,2022-11-01,42.6768798828125,42.77686886595892,42.04967752216874,42.340556140188,22409100
WFC,2022-11-02,42.61325454711914,43.222273358315135,42.258750645974544,42.61325454711914,29246700
WFC,2022-11-03,41.66181945800781,42.26561379117439,41.54288926652162,42.26561379117439,17140100
WFC,2022-11-04,42.7596321105957,42.91515326811687,41.99116620970443,42.38454777146058,27082500
WFC,2022-11-07,43.06151580810547,43.74764576488196,42.82365895861809,43.11640746098906,17713300
WFC,2022-11-08,43.16215896606445,43.42746344964502,42.741333330629374,43.22619749798552,14842700
WFC,2022-11-09,42.055206298828125,42.99749061469982,42.03690907553061,42.81452187156319,18318700
WFC,2022-11-10,43.86658477783203,44.01295905852585,42.933447429719614,43.015783180724775,23091900
WFC,2022-11-11,43.500648498535156,44.241670277467186,43.299386038329025,44.00380988380782,18076600
WFC,2022-11-14,42.87855529785156,43.518944077587996,42.87855529785156,43.180454211522004,13929900
WFC,2022-11-15,42.732181549072266,43.464052953637434,42.30220906192418,43.34512624965931,19076000
WFC,2022-11-16,42.274757385253906,42.86025445212551,42.110085898966545,42.69558296583815,14713300
WFC,2022-11-17,42.0734977722168,42.23816577971331,41.5977805010101,41.826490526214975,11350900
WFC,2022-11-18,42.54005813598633,42.787065343943524,42.055194073980076,42.741324043915334,10515300
WFC,2022-11-21,42.85111618041992,43.07982623614594,42.43029051544529,42.43029051544529,11656800
WFC,2022-11-22,43.098121643066406,43.36342613408889,42.91515290822889,43.116418865533994,11684900
WFC,2022-11-23,43.29938507080078,43.45490621793213,42.988339286699954,43.107265991033984,10878500
WFC,2022-11-25,43.4000129699707,43.58298168744215,43.015781804134875,43.32682757688493,4913300
WFC,2022-11-28,42.979190826416016,43.68361817705701,42.92429915979939,43.1072678920165,12492600
WFC,2022-11-29,43.518943786621094,43.59213267059905,43.034079644700405,43.16215670182375,13344900
WFC,2022-11-30,43.86658477783203,43.86658477783203,42.21072289198969,43.29023452079593,26417000
WFC,2022-12-01,42.87855529785156,44.07699710721777,42.50347098955192,43.84828707801463,15980300
WFC,2022-12-02,42.02775955200195,42.55836856863164,41.05803112688209,42.43943835975972,29820400
WFC,2022-12-05,39.94192886352539,41.97287552280532,39.905334412585105,41.80820398341295,32574600
WFC,2022-12-06,39.70405578613281,40.11573097757131,39.027072678052555,39.960209858998994,25961400
WFC,2022-12-07,38.83495330810547,39.64916023672853,38.82580295506635,39.420450268470944,24114900
WFC,2022-12-08,38.953887939453125,39.23748609914503,38.52391203303306,39.07281462391341,17161400
WFC,2022-12-09,38.88070297241211,39.264934126664336,38.71603148063604,38.72518183564466,16023700
WFC,2022-12-12,39.21005630493164,39.27409484754246,38.523926071382455,38.97219586965818,18428900
WFC,2022-12-13,38.9904899597168,40.326159359244976,38.523922973945794,40.143190613708654,31496000
WFC,2022-12-14,38.58796310424805,39.5485446956666,38.37755025963931,38.96304747765296,22044400
WFC,2022-12-15,37.84694290161133,38.15798874869293,37.51759982942624,37.89268421945062,16766600
WFC,2022-12-16,37.68225860595703,37.92011896192181,37.3712128641984,37.53588434453165,29836200
WFC,2022-12-19,38.25860595703125,38.34094169110728,37.60907043811889,37.819483205238214,17454200
WFC,2022-12-20,37.490142822265625,38.93559169897025,37.480995957784174,37.77374447891768,25415400
WFC,2022-12-21,37.61822509765625,38.09394238314163,37.435256374032924,37.83778826397186,20170800
WFC,2022-12-22,37.215702056884766,37.270593728828,36.61190762486375,37.24314614793706,17382700
WFC,2022-12-23,37.490142822265625,37.50844004106617,37.005278738482815,37.22483838441412,10167500
WFC,2022-12-27,37.545040130615234,37.636522748551926,37.151658591778734,37.517592553363684,10297400
WFC,2022-12-28,37.61822509765625,37.856085485318005,37.380368199832624,37.45355359537907,11889400
WFC,2022-12-29,37.81034469604492,37.87438322671668,37.56333743923751,37.645673191506646,11597100
WFC,2022-12-30,37.77376174926758,37.901838849591265,37.49931032145408,37.60909019461163,10021500
WFC,2023-01-03,38.231163024902344,38.551355617136025,37.92011729680212,38.06649155180002,15944300
WFC,2023-01-04,39.0179328918457,39.39301720508508,38.633698223008366,38.66114231012598,18943600
WFC,2023-01-05,38.80751419067383,38.99963325812786,38.35924450956958,38.95389195248182,12380700
WFC,2023-01-06,39.15515899658203,39.33812773050553,38.51477017276893,38.9630433963896,15247000
WFC,2023-01-09,38.78006362915039,39.45704670510741,38.56965086644631,39.44789635160352,21225600
WFC,2023-01-10,38.752628326416016,39.22834561109323,38.441582543736224,39.03622653220415,18348800
WFC,2023-01-11,39.10026931762695,39.182605070238466,38.44158329673482,38.770926307180886,18272100
WFC,2023-01-12,39.18260192871094,39.84128440695395,39.15515435348228,39.383864371306174,20940400
WFC,2023-01-13,40.4542350769043,40.58231214753109,37.01443394371221,37.85608874900585,41649700
WFC,2023-01-17,40.36274337768555,40.591453397828566,39.502794958289456,40.10658927187351,25473900
WFC,2023-01-18,39.685768127441406,40.81102113408387,39.61257923765734,40.21637361902253,20278000
WFC,2023-01-19,39.29238510131836,39.52109513859048,38.89900355802325,39.255790657793646,18565300
WFC,2023-01-20,40.17978286743164,40.198080091559525,39.11856829688487,39.41132039309239,23237200
WFC,2023-01-23,41.195247650146484,41.332475057963386,40.13403329785464,40.19807182421241,19692000
WFC,2023-01-24,40.66463851928711,41.350768516272254,40.59144964448663,41.085464079876964,13697200
WFC,2023-01-25,41.47885513305664,41.552040534914916,40.28041320531126,40.29871042823544,17285300
WFC,2023-01-26,41.90882110595703,41.99115684446923,41.31417371783142,41.65266353623153,16724600
WFC,2023-01-27,42.19242477416992,42.42113480100928,41.90882657438547,41.90882657438547,18161800
WFC,2023-01-30,42.34795379638672,42.67729682754499,41.90883091812183,42.00031354240427,19427400
WFC,2023-01-31,42.87855529785156,42.88770565332902,42.137537036729746,42.375393931572255,22840400
WFC,2023-02-01,43.29938507080078,43.729357559235645,42.51262199984938,42.68644036837938,21874600
WFC,2023-02-02,43.483516693115234,43.796546598980385,42.74697677110882,43.56637765384717,19058000
WFC,2023-02-03,43.805755615234375,44.22926563419551,43.22572888624884,43.27176197316211,17346900
WFC,2023-02-06,43.897823333740234,43.97147557297326,43.409866273510374,43.51113766344335,15948900
WFC,2023-02-07,44.312129974365234,44.56991809041592,43.5940004177817,43.67686138538366,21764800
WFC,2023-02-08,44.422611236572266,44.75405511550649,43.83337923495577,43.91624020468932,18070500
WFC,2023-02-09,43.796546936035156,44.77246453526635,43.722894699317386,44.6251565497314,17362100
WFC,2023-02-10,43.74130630493164,43.92544216984472,43.25334924819655,43.64924012852485,18929000
WFC,2023-02-13,44.312129974365234,44.33054391295452,43.39145411749889,43.584795204536896,16451700
WFC,2023-02-14,44.65278244018555,44.965812395714146,43.96227549523422,44.12799744299054,16844400
WFC,2023-02-15,44.164817810058594,44.43181111415878,43.91623493071069,44.11878121187986,12854000
WFC,2023-02-16,43.47431182861328,44.01751068395955,43.44668916674861,43.824166099304534,12631700
WFC,2023-02-17,43.722896575927734,43.7965488158067,43.2901778133028,43.35462484023422,13463800
WFC,2023-02-21,42.572052001953125,43.33621111595119,42.32346910594906,43.33621111595119,13652700
WFC,2023-02-22,42.360294342041016,42.56284415305092,42.06567835080823,42.305056038747146,13402900
WFC,2023-02-23,42.58124542236328,42.75617251758074,42.157735499985066,42.46155661400471,14783600
WFC,2023-02-24,42.921905517578125,43.05079956975922,42.07488545347408,42.20377950565517,16040300
WFC,2023-02-27,43.069210052490234,43.66765068915198,43.013971755757865,43.21651803060862,15468200
WFC,2023-02-28,43.06000518798828,43.2993793373257,42.84825018723999,42.967935505859074,18627200
WFC,2023-03-01,42.977149963378906,43.19811020576712,42.58125905765864,42.81142802553788,13382200
WFC,2023-03-02,42.16695785522461,42.92191185410963,41.78027564159571,42.77460384242719,19115000
WFC,2023-03-03,43.1336555480957,43.2533443736154,42.268221646266554,42.369496536160206,14947200
WFC,2023-03-06,42.931114196777344,43.43748519213493,42.82063057036879,43.16128315031256,14236000
WFC,2023-03-07,40.924034118652344,42.59966355236482,40.6202094626006,42.526007813164775,24056800
WFC,2023-03-08,40.36241912841797,41.02530669552206,40.14145543535035,40.74910120116286,14852000
WFC,2023-03-09,37.86739730834961,40.07701716024157,37.591195265875555,39.9941561962894,33599800
WFC,2023-03-10,38.07914352416992,38.999819127705564,36.57844130701919,37.361017677283705,55435400
WFC,2023-03-13,35.3631591796875,37.33340493238751,35.17902330767543,36.64289804641697,78806900
WFC,2023-03-14,36.983543395996094,38.300110006736986,36.24700349434717,38.2080438360681,52855100
WFC,2023-03-15,35.768253326416016,35.88794216347344,35.05933605302062,35.26188234023383,47324600
WFC,2023-03-16,36.18255615234375,36.88227168679415,35.123781150621674,35.565705087701225,40388800
WFC,2023-03-17,34.76472091674805,35.68539682940885,34.55296587828805,35.68539682940885,47403800
WFC,2023-03-20,34.506935119628906,35.39999193920128,34.479315964252486,35.096167181660114,34283700
WFC,2023-03-21,35.4276008605957,35.86952477946041,35.3171207589043,35.538080962287104,34664700
WFC,2023-03-22,34.2491455078125,35.639364625288046,34.23993678168023,35.639364625288046,22994400
WFC,2023-03-23,33.70594787597656,34.6542430026771,33.61387817157353,34.516143714222714,30239900
WFC,2023-03-24,33.35608673095703,33.586255701095105,32.453824789467774,33.14433169988198,35694800
WFC,2023-03-27,34.49772262573242,34.700268909253154,34.02817601081295,34.083417822009174,27454600
WFC,2023-03-28,34.23072814941406,34.60820510484355,33.945317373513866,34.39645008224649,15270000
WFC,2023-03-29,34.95806121826172,34.99488558103283,34.34120660652778,34.61740864385814,20789100
WFC,2023-03-30,34.41486740112305,35.44602346395933,34.221522785760015,35.26188757471357,22340400
WFC,2023-03-31,34.41486740112305,34.93965240260847,34.350420366702025,34.73710257322814,30287900
WFC,2023-04-03,34.7278938293457,35.132989934831,34.43327784133828,34.543757958816165,21541000
WFC,2023-04-04,33.89008331298828,34.80155054556421,33.50339758394087,34.7094843545101,21942700
WFC,2023-04-05,33.9637336730957,34.07421379863167,33.39291559371002,33.60467063102891,15486900
WFC,2023-04-06,34.89361572265625,35.07774808088061,34.12024787697528,34.16628096653137,23484900
WFC,2023-04-10,35.56570816040039,35.639360400227204,34.62661839593646,34.709479360803854,27005800
WFC,2023-04-11,36.24700164794922,36.40351834463261,35.63935582102952,35.69459762787644,25116100
WFC,2023-04-12,36.08127975463867,36.6889255818132,35.805077744486454,36.293034746158675,20252900
WFC,2023-04-13,36.513999938964844,36.53241387533327,35.943181959940674,36.20097004490012,22397800
WFC,2023-04-14,36.49559020996094,37.296577217782676,36.01683834548712,36.59686511561304,40963100
WFC,2023-04-17,38.02391052246094,38.02391052246094,36.42193656838212,36.670519460311496,31445100
WFC,2023-04-18,38.54869079589844,38.72362142764148,37.876597952509655,37.94104497091001,27892300
WFC,2023-04-19,38.88934326171875,39.04585644550842,38.47503849271802,38.64076040031831,23310500
WFC,2023-04-20,38.36456298828125,38.7144208129496,38.16201667892575,38.548698870322475,19265500
WFC,2023-04-21,37.96866989135742,38.11597787248755,37.02037147023914,37.94104723032725,23975300
WFC,2023-04-24,38.16201400756836,38.3001132753574,37.784537056252326,37.86739802176558,17327800
WFC,2023-04-25,37.33340072631836,37.8029473226539,37.18609274772469,37.47150349279334,20728000
WFC,2023-04-26,36.329864501953125,37.2413350460454,36.127318223787626,37.04799398011953,26915600
WFC,2023-04-27,36.513999938964844,36.62448004507614,36.20097004490012,36.3943111086197,21695800
WFC,2023-04-28,36.59686279296875,36.75337599206177,35.86952807317318,36.13652489620185,20193000
WFC,2023-05-01,37.186100006103516,37.91343482892211,37.00196411889502,37.278169705757726,26564300
WFC,2023-05-02,35.75904846191406,36.83623746962004,35.28029662112269,36.83623746962004,36239500
WFC,2023-05-03,35.58412551879883,36.52321186143004,35.54729763929567,35.93397983777913,25202700
WFC,2023-05-04,34.07168197631836,35.3335966479707,33.77476129352648,34.96244402469399,53247000
WFC,2023-05-05,35.20368576049805,35.519164383678586,34.63768322263798,34.75830479946198,27039700
WFC,2023-05-08,35.61195755004883,35.983106615038075,35.398546041275964,35.658350740725794,22735400
WFC,2023-05-09,35.76041793823242,35.88103952626087,35.045951474087495,35.203689030543266,18999100
WFC,2023-05-10,35.51917266845703,36.40065757467552,35.166581537628886,36.37282236423489,17941600
WFC,2023-05-11,35.5655632019043,35.704742769405634,34.71191365502096,35.036669518764185,18536200
WFC,2023-05-12,34.78614807128906,35.751138509365404,34.4985046146125,35.68618733198258,17658600
WFC,2023-05-15,35.97382736206055,36.2800252349029,34.75830601332669,34.8882083557188,24405800
WFC,2023-05-16,35.62123107910156,35.973825662921435,35.55627991097332,35.89031651253181,21821200
WFC,2023-05-17,37.54194259643555,37.681125710655756,36.08517443644486,36.17796435911621,29241600
WFC,2023-05-18,37.30996322631836,37.41203034446147,36.716122036655904,37.41203034446147,27213900
WFC,2023-05-19,37.14295196533203,37.54193975367247,36.762522160120604,37.42131817269391,19774900
WFC,2023-05-22,38.024436950683594,38.25640643198809,37.207903385411235,37.30069330167706,27519400
WFC,2023-05-23,38.23784637451172,39.082215099074105,38.02443488803696,38.05227009162009,26116600
WFC,2023-05-24,37.92237091064453,38.31208149109856,37.746075373994785,37.940928894435054,21193700
WFC,2023-05-25,37.95021438598633,38.312086266069194,37.59761972916823,37.69040612011166,17691800
WFC,2023-05-26,38.25640869140625,38.52549415510922,37.82030490813409,37.950210798578475,17399400
WFC,2023-05-30,38.024436950683594,38.432701963533084,37.43059564487584,38.26568719340136,14752600
WFC,2023-05-31,36.938819885253906,37.5512191479228,36.46560018162558,37.384200845415535,27221100
WFC,2023-06-01,37.1707878112793,37.60688799229785,36.81819323846962,37.309967364533826,17079400
WFC,2023-06-02,38.26568603515625,38.55332591794043,37.46771047729058,37.69039919044135,16906100
WFC,2023-06-05,37.532657623291016,38.19145001013264,37.52337686315359,38.19145001013264,18443900
WFC,2023-06-06,38.284244537353516,38.618281182069104,37.35636654184295,37.486272434456296,18825100
WFC,2023-06-07,39.03582763671875,39.100778814318055,38.03372122549115,38.46054426102191,17781800
WFC,2023-06-08,39.31418991088867,39.342028657828486,38.562610995413486,38.69251334922037,17157300
WFC,2023-06-09,39.09150314331055,39.40698182113272,38.99871321479,39.2770794607778,11098900
WFC,2023-06-12,38.81313705444336,39.67606030725317,38.4234264677669,39.072941752511966,19433400
WFC,2023-06-13,39.573997497558594,40.214232033309585,38.53477160530154,38.67395471895653,18864000
WFC,2023-06-14,39.04510498046875,39.88947375490627,38.96159582521346,39.6667814943677,14826100
WFC,2023-06-15,39.30491256713867,39.36058298169936,38.61828129110971,38.80385759865054,14188200
WFC,2023-06-16,39.13789367675781,39.65750662242232,39.02654930967742,39.50904628645726,36422100
WFC,2023-06-20,38.86880874633789,39.10077824569734,38.35847655566183,39.08222026099975,16679600
WFC,2023-06-21,38.646114349365234,38.93375422111876,38.53476645748663,38.831687090016615,11686500
WFC,2023-06-22,38.098670959472656,38.6275611224972,37.96876506962268,38.55332918544007,11504400
WFC,2023-06-23,37.68111801147461,37.80174311651387,37.39347461932651,37.60688608850494,18952000
WFC,2023-06-26,37.66256332397461,38.24712737997028,37.541938208387805,37.83885884708362,13618500
WFC,2023-06-27,37.9594841003418,38.09866719879853,37.43059398952337,37.690398664431164,11749600
WFC,2023-06-28,37.69040298461914,37.98732365842577,37.467714249050985,37.96876567386616,13959600
WFC,2023-06-29,39.3884162902832,39.4440866971576,38.386306491665984,38.48837362369994,23956300
WFC,2023-06-30,39.60183334350586,40.102888313260884,39.546159389230745,39.852360828383375,20062200
WFC,2023-07-03,40.2698974609375,40.45547018709077,39.65749826174227,39.7874005858787,9249100
WFC,2023-07-05,40.3441276550293,40.474029984998644,39.68533524471444,40.11215819734888,15722200
WFC,2023-07-06,39.79668426513672,40.18639484036673,39.1935657281101,40.10288568421554,14978600
WFC,2023-07-07,39.68534851074219,40.2977479421486,39.51833016221551,39.51833016221551,13506500
WFC,2023-07-10,39.26779556274414,39.88947564568439,39.2306795942995,39.62966740614547,16675800
WFC,2023-07-11,39.657508850097656,39.83380440284243,39.035828724865574,39.29563344250499,15401100
WFC,2023-07-12,40.13999557495117,40.687443666328235,39.90802610469942,40.186392300660096,13998300
WFC,2023-07-13,40.55754470825195,40.603937898252774,40.17711488692761,40.33485598041862,18034800
WFC,2023-07-14,40.418365478515625,42.04215191922892,40.17711522516275,41.52253898395419,30897600
WFC,2023-07-17,41.51326370239258,41.875135559765354,40.409086605761736,40.418367368018,25173900
WFC,2023-07-18,42.31122970581055,42.40401961710192,41.38335183033599,41.54109290974473,24183200
WFC,2023-07-19,42.92362976074219,43.21127318173797,42.25556008487917,42.61743189671607,18932700
WFC,2023-07-20,43.73088455200195,43.83295168297828,42.877235079850664,43.02569539593265,18927200
WFC,2023-07-21,42.645267486572266,43.80511486298844,42.63599026497319,43.77727965861791,16215400
WFC,2023-07-24,43.07209014892578,43.45252348353067,42.64526716709972,42.65454792820257,12053200
WFC,2023-07-25,42.19989013671875,43.276228452728205,42.153496945599315,43.04425895755743,13537400
WFC,2023-07-26,43.09065246582031,43.45252785419191,42.784454570519564,43.12776843481847,19520900
WFC,2023-07-27,42.46896743774414,43.767994237273136,42.29267192954623,43.20199175108841,19509600
WFC,2023-07-28,42.81229019165039,42.89579935291731,42.28340001681781,42.72878103038347,12616400
WFC,2023-07-31,42.830848693847656,43.313345682600485,42.55248599945241,42.997867018399546,11696600
WFC,2023-08-01,42.413299560546875,42.830845339223316,42.06998571566776,42.69166223314003,12699200
WFC,2023-08-02,41.8472900390625,41.91224120604837,41.346238685110556,41.8472900390625,13911700
WFC,2023-08-03,42.221351623535156,42.445782052165434,41.62286215692061,41.80988989228407,12145400
WFC,2023-08-04,41.94081115722656,42.73567819605403,41.809892803533415,42.17459495089507,10840800
WFC,2023-08-07,42.13719177246094,42.51124369769228,42.00626985300954,42.24940699330458,10860300
WFC,2023-08-08,41.59481430053711,41.66027348078155,40.5661669819036,41.12724668892955,14520000
WFC,2023-08-09,40.88410949707031,41.37972998016916,40.74383779904811,41.351677067467705,11973800
WFC,2023-08-10,40.837345123291016,41.51064348765764,40.79058908515601,41.14594139604473,11982200
WFC,2023-08-11,40.89345169067383,41.005666887914394,40.566155879031825,40.68772085635211,7316000
WFC,2023-08-14,40.90281295776367,41.061784220697014,40.46329829652385,40.70643186549764,10677000
WFC,2023-08-15,39.95832824707031,40.45394878113463,39.761950703451376,40.33238376875595,13835900
WFC,2023-08-16,39.48140335083008,39.95832066154832,39.40659083379192,39.8928614927685,10076700
WFC,2023-08-17,39.715187072753906,39.9770237475901,39.51880599936961,39.715187072753906,12686000
WFC,2023-08-18,39.74324417114258,40.01443422280512,39.32243263705545,39.36918868145234,10797300
WFC,2023-08-21,39.733890533447266,40.08923929018718,39.387887990519246,39.883512001352805,12600400
WFC,2023-08-22,38.80810546875,39.8086997099131,38.742646299123045,39.705834281282975,13634500
WFC,2023-08-23,38.91096878051758,38.9390216896152,38.54626669322042,38.86421274293587,11927400
WFC,2023-08-24,38.742645263671875,39.44399654857939,38.70523900566844,38.7613483926736,10363300
WFC,2023-08-25,38.55561828613281,39.088644987584544,38.125457012550214,38.939023519935944,12534700
WFC,2023-08-28,39.16345977783203,39.34113416620796,38.61172991499823,38.72394513043264,10314500
WFC,2023-08-29,39.275672912597656,39.62167188942424,38.94837706522889,39.15410435475046,14404800
WFC,2023-08-30,38.84550476074219,39.39723449668508,38.78004560285545,39.331775338798344,12536300
WFC,2023-08-31,38.61172866821289,39.00448369317983,38.44340406686784,38.976430782041405,21534900
WFC,2023-09-01,38.9483757019043,39.26632175704357,38.8174538002823,38.85486005788859,12890300
WFC,2023-09-05,38.84550476074219,39.537502591903845,38.63042416093483,38.94837017092322,14337200
WFC,2023-09-06,38.35924530029297,38.714597665566934,37.966486671883295,38.53691969930115,18775400
WFC,2023-09-07,37.807518005371094,38.359247939176775,37.68594942544568,38.0880578636731,13801000
WFC,2023-09-08,38.340545654296875,38.452760886647965,37.71400674247388,37.82622197482497,13921200
WFC,2023-09-11,38.64913558959961,39.013837709672046,38.536916808610144,38.69589163138322,15053800
WFC,2023-09-12,39.78064727783203,40.18275564881033,38.59302529462372,38.72394363545252,18393900
WFC,2023-09-13,39.50945281982422,40.09858885478606,39.38788427385438,39.93961405355522,15274200
WFC,2023-09-14,40.257564544677734,40.575510615074506,39.930268693059254,40.033134122784276,20764500
WFC,2023-09-15,40.1640510559082,40.50070024420798,39.84610499665365,39.902210816532204,47371800
WFC,2023-09-18,40.612918853759766,40.77189011307705,39.99572981258798,40.20146068206438,15849700
WFC,2023-09-19,40.416542053222656,40.90281275602942,40.11729909261195,40.7251347956773,15318100
WFC,2023-09-20,40.0892448425293,40.884111899262656,40.042488796193844,40.584868922006564,16788100
WFC,2023-09-21,39.574913024902344,40.36977635021461,39.54686011634639,39.97702136140345,14990500
WFC,2023-09-22,38.55561828613281,39.64037481839951,38.480809335937096,39.58426899756701,16780300
WFC,2023-09-25,38.86421585083008,38.920321673512,38.12545826928824,38.22832370054815,10624000
WFC,2023-09-26,38.013240814208984,38.63042979810227,37.74205079638663,38.38729268996599,15219400
WFC,2023-09-27,38.20962142944336,38.52756751173111,37.83556595595517,37.99454078072773,11815500
WFC,2023-09-28,38.256378173828125,38.52756821872059,38.078703782652426,38.19091899985511,12454600
WFC,2023-09-29,38.20962142944336,38.705241899646445,37.94778473835605,38.52756751173111,13124500
WFC,2023-10-02,37.04069900512695,38.11610214625521,36.881724195499366,38.059996327657146,15102000
WFC,2023-10-03,36.161678314208984,36.909789366132536,35.974654118485965,36.82562705115403,19252900
WFC,2023-10-04,36.44221496582031,36.5731333053851,35.899834910757974,36.01205012077676,14343500
WFC,2023-10-05,36.75080871582031,36.86302392898604,36.09621343238182,36.24583490568856,11820600
WFC,2023-10-06,37.11550521850586,37.30253292365648,36.245829421723755,36.36739796516017,13976800
WFC,2023-10-09,37.1248664855957,37.218378574491545,36.563783250448076,36.57313659969218,12096600
WFC,2023-10-10,37.23707962036133,37.76075656372051,37.14356753670238,37.33059170402028,14429700
WFC,2023-10-11,37.11550521850586,37.60177582499475,36.70404712097992,37.414748119844134,14835900
WFC,2023-10-12,37.162269592285156,37.41475292431487,36.76951100430861,37.11550998455047,14878100
WFC,2023-10-13,38.303131103515625,38.9390232280702,37.844916922951306,38.18156611445162,28077900
WFC,2023-10-16,38.9483757019043,39.43464278175771,38.71459194275062,38.78005110993309,18419000
WFC,2023-10-17,39.25697708129883,39.621679255384024,38.742653410992574,38.742653410992574,16982300
WFC,2023-10-18,38.836158752441406,39.219563992764,38.667834152567366,38.99513357110344,16053200
WFC,2023-10-19,38.50886154174805,39.48140284729777,38.49015841272704,38.789401342548935,16120300
WFC,2023-10-20,37.65789031982422,38.42470080452652,37.34929402933665,38.3872945449661,17498900
WFC,2023-10-23,36.91913604736328,37.76075912644186,36.86302665300552,37.64854033772633,13785800
WFC,2023-10-24,36.73210525512695,37.24643240929319,36.69470256257991,37.05005132894914,15097800
WFC,2023-10-25,36.498329162597656,36.666653799880464,36.077521136648656,36.5357354302734,13849000
WFC,2023-10-26,37.0781135559082,37.386706328993945,36.45157109244905,36.48897735805273,15480300
WFC,2023-10-27,36.24583435058594,36.8536735831678,36.11491600935471,36.82562067212032,13582800
WFC,2023-10-30,36.87237548828125,37.02199695432706,36.18037397828369,36.563779207979636,14141900
WFC,2023-10-31,37.19032669067383,37.22773295417055,36.69470618474393,37.06875811793829,11919200
WFC,2023-11-01,37.04069900512695,37.38669796642413,36.73210273380948,37.36799483780577,19850300
WFC,2023-11-02,38.22003936767578,38.24834596780168,37.16335200549348,37.493569280528604,19998500
WFC,2023-11-03,39.26729965209961,39.493734492734426,38.74839082450862,38.84273657532164,16147500
WFC,2023-11-06,39.00312423706055,39.42768726557812,38.82386589126837,39.42768726557812,15148600
WFC,2023-11-07,38.72008514404297,38.871040494350645,38.43704431209851,38.852170625679754,13796900
WFC,2023-11-08,38.66347122192383,38.86159942226143,38.14456248810958,38.74838382193409,19418700
WFC,2023-11-09,38.11625671386719,39.0408585138801,37.9936043896542,38.96537905311556,14006500
WFC,2023-11-10,38.57856750488281,38.63517711761074,38.07852852249569,38.333266381181545,14706600
WFC,2023-11-13,38.46533966064453,38.73894730333301,38.23890488071575,38.43703666280046,12159700
WFC,2023-11-14,39.701297760009766,39.98433859936464,39.11634261307554,39.1540823514054,20183800
WFC,2023-11-15,40.41832733154297,40.597585656928466,39.69185369857194,39.69185369857194,17268100
WFC,2023-11-16,40.125850677490234,40.53154380074416,39.616378689338354,40.399458337184086,16931200
WFC,2023-11-17,40.53154754638672,40.559854147664744,40.04094177992596,40.40889880406599,13893800
WFC,2023-11-20,40.37115478515625,40.52211011273914,40.10698026259201,40.43719751603258,10369100
WFC,2023-11-21,40.19189453125,40.31454686471925,39.76733512911478,40.229634264480396,16078400
WFC,2023-11-22,40.36172103881836,40.40889750641366,40.00320435869644,40.248505434519814,11862200
WFC,2023-11-24,40.49380874633789,40.673070695356536,40.31455039637861,40.380593135787784,5287200
WFC,2023-11-27,40.58815383911133,40.59758697272835,40.116417978962275,40.22963357766153,15715000
WFC,2023-11-28,40.918365478515625,40.99384493995595,40.371153779308514,40.540978968490435,15332900
WFC,2023-11-29,41.305198669433594,41.64484912960493,41.163680043735326,41.22028605439076,16746000
WFC,2023-11-30,42.06941223144531,42.220367591721484,41.02215784494077,41.33350529998144,23247500
WFC,2023-12-01,42.475093841552734,42.68265875491581,41.87127256528782,41.99392128767627,18116100
WFC,2023-12-04,42.56944274902344,42.76757454434637,42.00336115996671,42.18261949005424,13424000
WFC,2023-12-05,41.975067138671875,42.42793322659682,41.89958765782118,42.40906335638415,14531700
WFC,2023-12-06,41.98448944091797,42.69209319554018,41.9184467117446,42.267530222955095,18923800
WFC,2023-12-07,42.8336181640625,42.871354298138364,42.12601436354864,42.25809983046178,18787800
WFC,2023-12-08,43.49404525756836,43.72048005606379,42.56944339524182,42.795878193737245,20238400
WFC,2023-12-11,43.39970397949219,43.60726893283224,42.99401080654175,43.30535823655183,21116900
WFC,2023-12-12,43.84313201904297,44.11673608280117,43.22044082725222,43.343089559638685,19787100
WFC,2023-12-13,45.060211181640625,45.07908104935907,43.72991609949391,43.87143830785263,26549100
WFC,2023-12-14,47.65475082397461,47.692490553246664,45.70176482237941,45.70176482237941,41115400
WFC,2023-12-15,47.466064453125,47.900060589001654,47.098107451950554,47.26793265278212,44099200
WFC,2023-12-18,46.852813720703125,47.626460379395866,46.73016136777097,47.56041763529232,20531700
WFC,2023-12-19,47.25849914550781,47.47549721173124,46.522592347092804,46.86223914701271,20556400
WFC,2023-12-20,46.550899505615234,47.71136940641625,46.50372663466742,47.01320227864622,20481500
WFC,2023-12-21,46.65468215942383,47.01320245830408,46.352771465332886,46.815070641071166,11127700
WFC,2023-12-22,46.39994812011719,47.041509297141005,46.31503550553875,46.852814198182294,10450400
WFC,2023-12-26,46.83393859863281,46.8622416003431,46.258420236795544,46.38107257597215,8856600
WFC,2023-12-27,46.54146194458008,46.76789314321787,46.37163674607223,46.61693781110634,12536700
WFC,2023-12-28,46.682979583740234,46.84337164528032,46.31502619422801,46.362199059718996,9872600
WFC,2023-12-29,46.43768310546875,46.77733352900936,46.428246372004125,46.560331848034515,11733600
WFC,2024-01-02,46.54146194458008,46.94715147539437,46.0602893491215,46.27728741409064,14916000
WFC,2024-01-03,45.92820358276367,46.315026843708544,45.5885531879713,46.315026843708544,21653600
WFC,2024-01-04,46.49428939819336,47.04150477263586,46.01312036123471,46.06029323167234,15917500
WFC,2024-01-05,47.098106384277344,47.617018707865554,46.503721793900084,46.60750425861772,15074800
WFC,2024-01-08,47.098106384277344,47.16415271560046,46.3716363293718,46.58863439239097,15119700
WFC,2024-01-09,46.50372314453125,46.66411161352841,46.27728834229275,46.64524174675361,13625200
WFC,2024-01-10,46.30559158325195,46.343327715005316,45.862158743855886,46.23011212162759,11849800
WFC,2024-01-11,46.26785659790039,46.30559633258335,45.60742563718544,46.1263343923689,21049200
WFC,2024-01-12,44.72056198120117,46.02255039298786,44.343171845024145,45.239470719150276,30454100
WFC,2024-01-16,44.173343658447266,44.39977844466299,43.60726209149619,44.12617079437781,25209900
WFC,2024-01-17,44.03183364868164,44.39979072796067,43.59783742068257,43.62614402620239,17445600
WFC,2024-01-18,43.8148307800293,43.98465599847999,43.512920080352394,43.91861325786688,17901300
WFC,2024-01-19,45.39985656738281,45.456466164259865,43.75821784759585,43.9940857693286,25606900
WFC,2024-01-22,45.78668975830078,46.164079954652436,45.43760616606427,45.50364891056687,19372200
WFC,2024-01-23,46.343326568603516,46.43767589330003,45.66402942608225,45.899897339235444,16422100
WFC,2024-01-24,46.69241714477539,47.25849873882958,46.46598234771832,46.57919794671735,17776000
WFC,2024-01-25,47.06037139892578,47.11697739992796,46.70185112998932,46.87167633111401,17979600
WFC,2024-01-26,47.475502014160156,47.64532723082846,46.95659322947787,47.022635969397825,19211100
WFC,2024-01-29,47.50380325317383,47.80571393847044,47.16415643150958,47.32454490848498,16725200
WFC,2024-01-30,48.29631423950195,48.37179370181897,47.75853566719922,47.76797239951827,14736800
WFC,2024-01-31,47.34341049194336,48.53218325784056,47.32454062593751,48.12649013636208,20394400
WFC,2024-02-01,46.29830551147461,47.47642939991498,45.49072313082968,47.333913156582994,27566100
WFC,2024-02-02,46.70684814453125,47.096388434844464,45.661741109351006,46.07978319855538,19329000
WFC,2024-02-05,46.26979446411133,46.47881365505711,45.83275005427989,46.18428546007144,14202700
WFC,2024-02-06,45.8802604675293,46.66884038999864,45.61423040539475,46.09878270205305,13926600
WFC,2024-02-07,46.0607795715332,46.174790388417556,45.08217917590388,46.03227777339674,15839600
WFC,2024-02-08,45.93727111816406,46.07978737421164,45.66174524712514,45.77575607735983,10839200
WFC,2024-02-09,45.66173553466797,45.86125535122465,45.10117727076717,45.813751150759465,16594000
WFC,2024-02-12,46.47882080078125,46.830359884956856,45.49072103193256,45.60473184673463,14101900
WFC,2024-02-13,45.832759857177734,46.27930375214983,45.215194293209166,45.984775494169256,13660100
WFC,2024-02-14,46.108280181884766,46.28880122091143,45.566724313481245,46.17478678857725,12683400
WFC,2024-02-15,49.44313430786133,49.83267460696134,46.19379506044524,46.298306491188434,46473600
WFC,2024-02-16,49.319618225097656,49.7091585064722,48.75905990562321,49.34812002333479,24359700
WFC,2024-02-20,49.18660354614258,49.633151035122964,48.711554259768015,48.9300764965797,19839100
WFC,2024-02-21,50.03219223022461,50.05119463718291,48.57854252913081,49.063091221382564,18562500
WFC,2024-02-22,50.70676040649414,51.21981451162686,50.11770029930757,50.193709925699885,20467900
WFC,2024-02-23,51.17230987548828,51.324325502651675,50.754264182535124,50.85877560577341,20863500
WFC,2024-02-26,51.428836822509766,51.83737949925361,51.001291739366394,51.06779834959554,18099900
WFC,2024-02-27,52.07489776611328,52.15090375806596,51.533341935225245,51.57134311903259,19548200
WFC,2024-02-28,51.98938751220703,52.654453517098794,51.846871297251425,52.00838991582364,20045200
WFC,2024-02-29,52.81597900390625,52.9204904252194,52.1984134912404,52.29342552167889,28335600
WFC,2024-03-01,52.31243133544922,52.967998078656336,52.16041570118357,52.635465011306046,17761000
WFC,2024-03-04,53.02500534057617,53.73757930629667,51.99889709025613,52.131910317296445,19483500
WFC,2024-03-05,53.775577545166016,54.25062682957327,52.663963959335476,52.92999039881525,21786100
WFC,2024-03-06,54.2601318359375,54.52615828517897,53.46204886387455,53.984602371029666,25418600
WFC,2024-03-07,54.15562057495117,54.80168791737136,54.032106741281225,54.20312478041237,18116300
WFC,2024-03-08,54.22211837768555,54.668665810012456,54.041600976527285,54.35513158110089,17872500
WFC,2024-03-11,54.24113082885742,54.48815487748018,53.69957490073106,53.946598949353806,16622000
WFC,2024-03-12,54.735172271728516,55.210221496618594,54.25062003271138,54.39313624991359,23622800
WFC,2024-03-13,54.93470001220703,55.523760121351714,54.74467956993306,54.74467956993306,17444900
WFC,2024-03-14,54.50715637207031,55.22923334703777,54.269631718998646,54.98220567821364,24851100
WFC,2024-03-15,54.640167236328125,55.39074597743554,54.0226053396362,54.0226053396362,40782800
WFC,2024-03-18,54.88719940185547,54.944206625572164,54.26013443832674,54.725680746827535,16376500
WFC,2024-03-19,54.165122985839844,55.048715029161976,54.07961396150742,54.77318917239195,14504800
WFC,2024-03-20,54.440650939941406,54.640170783007804,53.47154989946919,53.7945835796266,22841600
WFC,2024-03-21,54.963199615478516,55.219726658655084,54.58316237044305,54.71617558742238,18141700
WFC,2024-03-22,54.279136657714844,55.124723872712664,54.2696336416257,54.92520402690528,13736600
WFC,2024-03-25,53.89909362792969,54.4691549676608,53.557057548958724,54.23163031552414,15028200
WFC,2024-03-26,53.85158920288086,54.298136706866075,53.76608018348664,54.288633691189744,11445900
WFC,2024-03-27,54.735172271728516,54.763674065433776,53.566551613419485,53.566551613419485,13762800
WFC,2024-03-28,55.067718505859375,55.18173295674089,54.68768120927081,54.78268962733324,14619000
WFC,2024-04-01,54.735172271728516,54.99169928808971,54.40263563970269,54.99169928808971,11039500
WFC,2024-04-02,54.4881477355957,55.10571321271484,54.33613211998243,54.49765075026175,14632900
WFC,2024-04-03,54.279136657714844,55.06771664919397,54.01310657229962,54.34564327298397,13226500
WFC,2024-04-04,53.85158920288086,55.10571907110373,53.71857597812064,54.849192012921065,12361900
WFC,2024-04-05,54.53566360473633,54.74468284182539,53.74707999068702,53.80408721407787,11081000
WFC,2024-04-08,54.906192779541016,55.08671018844676,54.45014593782799,54.516652542390005,15308800
WFC,2024-04-09,54.70668029785156,55.09622058721024,54.03210752292525,54.82069111747545,10643800
WFC,2024-04-10,54.098609924316406,54.440645980895965,53.60455824529463,53.95609731696714,16475200
WFC,2024-04-11,53.861087799072266,54.155619666934996,52.85398561256204,54.13661726020142,18995600
WFC,2024-04-12,53.652069091796875,54.15562018991477,52.57845665918202,53.17701979188534,27876700
WFC,2024-04-15,54.12711715698242,55.08671512620481,53.908594918928586,54.73517966710414,19407500
WFC,2024-04-16,53.59505844116211,54.11761191275562,52.882484536896875,54.06060831999091,25620000
WFC,2024-04-17,54.326637268066406,54.754182355301246,53.82308617884451,54.04160841802266,18867700
WFC,2024-04-18,55.80878448486328,56.17932230005195,54.364634407568964,54.75417462665679,24468500
WFC,2024-04-19,57.33844757080078,57.81349685846057,55.92280272320414,56.05581594385473,34334300
WFC,2024-04-22,58.051021575927734,58.42156306521668,57.32894825247783,57.38595547183115,21753400
WFC,2024-04-23,57.899009704589844,58.67809029793235,57.77549949115314,58.11753195644555,21731200
WFC,2024-04-24,57.57597351074219,57.90851019419294,57.05342000742073,57.57597351074219,19731600
WFC,2024-04-25,56.93941116333008,57.91801159205472,56.62587687587151,57.58547852142168,24002500
WFC,2024-04-26,56.92041015625,57.41446189073059,56.416859029948455,56.79689631654517,18785900
WFC,2024-04-29,56.815895080566406,57.29094437659847,56.39785300482006,56.87290230085212,15338400
WFC,2024-04-30,56.35984420776367,56.99641210410982,56.34084180234487,56.625870634950466,18007700
WFC,2024-05-01,56.54986572265625,57.14842881964963,56.369348304221305,56.60687294000648,16365400
WFC,2024-05-02,56.844398498535156,57.1484297473284,56.3598462040383,57.1199243260214,15329500
WFC,2024-05-03,56.948909759521484,57.25294102680781,56.16982918405795,57.03441877996693,17298500
WFC,2024-05-06,57.18642807006836,57.84199836220889,56.853895040966776,57.45245811768782,16240100
WFC,2024-05-07,57.2529411315918,57.5854778225276,57.06292430744402,57.27194353887429,16268200
WFC,2024-05-08,58.17453384399414,58.36455427906568,57.10092146652754,57.148429293549185,18718400
WFC,2024-05-09,58.556758880615234,58.64275948993783,57.792311045067024,58.04075886985445,14224300
WFC,2024-05-10,59.139652252197266,59.21609885931913,58.728760851854354,58.728760851854354,14428200
WFC,2024-05-13,58.53764724731445,59.40720734399169,58.489869941048084,59.20654047056806,15203500
WFC,2024-05-14,59.139652252197266,59.2352105110996,58.30831544820864,58.82431911075669,14499600
WFC,2024-05-15,59.56965637207031,59.77032325159977,59.120541660116366,59.43587845238401,17489600
WFC,2024-05-16,58.346534729003906,59.703429105290816,58.26053412450864,59.67476345218393,21104100
WFC,2024-05-17,58.36565399169922,58.89121168985982,58.184095111210496,58.680987152525546,15795800
WFC,2024-05-20,58.00253677368164,59.044098110405685,57.89742451063634,58.27009261039703,15029000
WFC,2024-05-21,58.728759765625,58.95809593757402,58.0789781978067,58.11720150066066,18422100
WFC,2024-05-22,58.22231674194336,58.719208768961785,57.82097933177753,58.57587319850792,10340500
WFC,2024-05-23,57.02786636352539,58.07898173989075,56.722087212394555,58.05031608358942,13056100
WFC,2024-05-24,57.53430938720703,57.70631060636077,57.2094186004916,57.37186581643673,9913000
WFC,2024-05-28,56.83675003051758,57.505643249928404,56.559636552519905,57.304976377657596,11276300
WFC,2024-05-29,56.139190673828125,56.3207458931061,55.82385389567848,56.25385693625765,12835000
WFC,2024-05-30,56.57875061035156,56.750751835377734,55.99585797500454,56.20608250451984,13580800
WFC,2024-05-31,57.25719451904297,57.324087120581204,56.349414784059746,56.636082260642596,25386600
WFC,2024-06-03,56.702964782714844,57.52474746212981,55.99584835188648,57.52474746212981,13206500
WFC,2024-06-04,56.0914192199707,56.836755471281776,55.7474167516194,56.20608549436276,12520700
WFC,2024-06-05,56.07229995727539,56.30163247493735,55.54674232202754,56.24430116810918,11199100
WFC,2024-06-06,55.164520263671875,56.37808282287336,54.94474173415624,56.167858296738885,18587400
WFC,2024-06-07,55.76652526855469,56.07230441318649,55.011631410480895,55.011631410480895,14466700
WFC,2024-06-10,55.35563659667969,55.54674948281834,54.82052124452649,55.32697093957018,12787500
WFC,2024-06-11,54.591190338134766,55.18363702231401,53.998740008780295,55.18363702231401,19197800
WFC,2024-06-12,54.753631591796875,55.85252793937749,54.61985366673664,55.69008071239358,16929800
WFC,2024-06-13,54.7249641418457,55.059408943537356,54.1707371616996,54.8969653670514,15963700
WFC,2024-06-14,54.84918975830078,55.04985664553278,54.10384987759254,54.457409987677565,15375400
WFC,2024-06-17,55.65185546875,55.66140947164938,54.53384758043804,54.667625492077576,18361100
WFC,2024-06-18,56.425865173339844,56.425865173339844,55.32697242754521,55.6231939461104,15547400
WFC,2024-06-20,56.33985900878906,56.5691951847839,55.98630256408959,56.12963812973322,11985500
WFC,2024-06-21,55.5180778503418,55.862080301917956,54.77274163537677,55.709190728459106,62732600
WFC,2024-06-24,56.387630462646484,56.817633469768744,55.680517646644965,55.89074214905462,16198300
WFC,2024-06-25,54.6580696105957,56.37807804216934,54.6389579602791,56.15829953129031,26726900
WFC,2024-06-26,54.47651290893555,55.23140672300081,54.30451533963529,54.677183422606184,30425700
WFC,2024-06-27,54.86829376220703,54.916074713449525,53.826736096336916,53.90317905701028,13832200
WFC,2024-06-28,56.750755310058594,56.80809027030275,55.50852699950325,55.50852699950325,31074500
WFC,2024-07-01,57.89741897583008,57.916530625936296,56.922746691460404,56.96096999167283,14470200
WFC,2024-07-02,58.260528564453125,58.46119540740004,57.467411549223506,57.80185993264263,9543700
WFC,2024-07-03,57.96431350708008,58.42298221824771,57.48653314396693,58.28920429980401,6698800
WFC,2024-07-05,56.97052764892578,57.96431164715514,56.48319329806462,57.81142208167176,11436300
WFC,2024-07-08,56.387630462646484,57.725416785876966,56.0531857044261,57.30497142623213,12480000
WFC,2024-07-09,57.21897506713867,57.7349750687682,56.3016340355395,56.454527245118314,12233800
WFC,2024-07-10,57.06608200073242,57.32408380830164,56.74119124066466,56.894080795686286,12097200
WFC,2024-07-11,57.48653030395508,58.0120879483804,56.64563588576975,56.760305791777775,16852800
WFC,2024-07-12,54.027400970458984,54.390511399281905,53.12917161084256,53.7025101979716,53042800
WFC,2024-07-15,55.164520263671875,55.651858275133634,54.50518467512496,54.51473867850613,27277300
WFC,2024-07-16,57.56298065185547,57.926091108973466,54.97340827295641,55.46074629225022,25577300
WFC,2024-07-17,58.20319747924805,58.289198081240464,57.22852520505882,57.486527011036074,17371100
WFC,2024-07-18,56.607418060302734,58.11720208650583,56.36852788281951,57.92608921548428,17739000
WFC,2024-07-19,56.597862243652344,57.11386591855814,56.48319597539826,56.66475120389847,12362800
WFC,2024-07-22,56.51185607910156,56.750746240846276,55.93852114898409,56.62652233609014,13638600
WFC,2024-07-23,57.0182991027832,57.2476352500585,56.416298550887554,56.56918810067962,10927800
WFC,2024-07-24,56.79853057861328,57.534312805334,56.731641616654585,57.113867380854316,10777100
WFC,2024-07-25,57.04697036743164,58.03119665034847,56.808080209816914,56.91319246239532,14119600
WFC,2024-07-26,57.7063102722168,57.76364522666099,56.92275078735347,57.190306617743445,12538900
WFC,2024-07-29,56.94186019897461,58.12675702798869,56.71252403539378,58.04075642229271,8986200
WFC,2024-07-30,57.343196868896484,58.031201749739985,57.228530603814185,57.773199919423675,11503900
WFC,2024-07-31,56.702964782714844,57.448300866289195,56.5691868851681,57.161633422235546,11535800
WFC,2024-08-01,54.352291107177734,56.702969444938866,54.0082886879591,56.62652284281267,17752700
WFC,2024-08-02,50.893165588378906,53.10051230458696,50.453608503993784,52.72784418325283,27642600
WFC,2024-08-05,49.80382537841797,50.07138486772289,47.92137317551451,49.020265853316026,28594000
WFC,2024-08-06,50.033164978027344,50.606500010348384,49.73693981239551,49.95671836295775,18723500
WFC,2024-08-07,49.966270446777344,51.11294402886877,49.832492530482064,50.78805324136245,18407500
WFC,2024-08-08,50.415382385253906,50.950497704983,50.310273767162826,50.61605290838663,16176000
WFC,2024-08-09,50.80052947998047,50.867933108909256,50.13615691189094,50.357614434587454,11669000
WFC,2024-08-12,50.12651824951172,51.48415138855679,49.76063023619551,50.944948193828765,18090100
WFC,2024-08-13,50.906436920166016,50.993094517727606,49.885807074464616,50.4153796493314,12268600
WFC,2024-08-14,51.66709899902344,51.782641241123656,50.762011368698715,51.06049580020942,13217200
WFC,2024-08-15,52.543304443359375,53.121019353888975,52.40850454243726,52.475904492898316,16549400
WFC,2024-08-16,53.27507781982422,53.37136240891445,52.581817024705316,52.74550156076304,19173900
WFC,2024-08-19,54.353477478027344,54.3631044671669,53.20767110028436,53.29432869462609,12792900
WFC,2024-08-20,54.06462478637695,54.61345504090184,53.84316361354883,53.94907886846096,12533500
WFC,2024-08-21,53.400245666503906,54.353479235077465,53.14990353754706,54.34384857260516,13691700
WFC,2024-08-22,53.881675720214844,54.276448400433246,53.59281828861968,53.63133359230478,15683000
WFC,2024-08-23,54.59419250488281,55.2681956070214,54.2283044769182,54.324589060214535,17074400
WFC,2024-08-26,54.61345672607422,55.02748709549432,54.44014151687409,54.902314183733814,9478800
WFC,2024-08-27,54.170536041259766,54.806023893874574,54.074251449932746,54.603824048274795,7638500
WFC,2024-08-28,54.95045852661133,55.22968900438562,53.94908254129647,53.97797085925305,11905200
WFC,2024-08-29,55.22005081176758,55.624454150823496,54.41124780667723,55.18153918144632,9283300
WFC,2024-08-30,56.2984619140625,56.40437717048648,55.24894368598585,55.31634363588806,20377300
WFC,2024-09-03,56.202171325683594,56.76063222811029,55.74962934832647,56.44288647196648,15933600
WFC,2024-09-04,55.961463928222656,56.80878238891023,55.576321844653506,56.317725038627366,10985800
WFC,2024-09-05,54.74825668334961,56.50066275767727,54.44014157179894,56.44288979687832,18301000
WFC,2024-09-06,51.994476318359375,54.67122781271529,51.69598818757718,54.574943214667854,21853800
WFC,2024-09-09,52.56256103515625,53.03436435187632,52.408503483925124,52.697360933355775,17134800
WFC,2024-09-10,51.94633102416992,54.016479147003125,51.39750076629614,53.920194554507354,24650000
WFC,2024-09-11,51.7344970703125,51.85966997064462,50.48277908605588,51.72487008091227,17322000
WFC,2024-09-12,49.654720306396484,52.321844580059214,48.35485997978739,51.73449903278402,42594200
WFC,2024-09-13,50.81978225708008,51.07012807472324,49.828036995625894,49.933952251319404,24762000
WFC,2024-09-16,51.79227066040039,51.927070551784475,50.84866774769026,50.84866774769026,18066200
WFC,2024-09-17,52.485530853271484,53.024734123511344,51.965588909242875,51.965588909242875,15885200
WFC,2024-09-18,52.24481201171875,53.140272620228714,52.09075447009454,52.437384857004396,20109000
WFC,2024-09-19,53.727622985839844,53.929822838746375,52.62033545347892,52.96696219859505,21399000
WFC,2024-09-20,54.19942092895508,54.19942092895508,52.84178770819293,53.29432966643266,45276000
WFC,2024-09-23,53.06325149536133,54.42088487737941,52.86105163853398,54.17053904919342,14759300
WFC,2024-09-24,52.148536682128906,53.140282052809106,51.79227924257754,53.072882095948636,16365600
WFC,2024-09-25,51.61895751953125,52.312218329125585,51.42638466430819,52.26407236055354,10555700
WFC,2024-09-26,54.295711517333984,54.988972361358776,51.33972961287101,52.0329904568958,34463400
WFC,2024-09-27,53.82390594482422,54.5171630396999,53.72761768649323,54.5171630396999,13530400
WFC,2024-09-30,54.391998291015625,54.420882934382,53.41950700343419,53.592822209675994,16284200
WFC,2024-10-01,53.33283996582031,53.949070068771384,53.149897801825816,53.92018543051466,11069400
WFC,2024-10-02,53.246185302734375,53.73724621819853,52.88029728162676,53.27507361559902,9007200
WFC,2024-10-03,52.938072204589844,53.15952968868051,52.38924198901267,53.03436046268675,8135300
WFC,2024-10-04,54.84454345703125,55.00823168261987,53.90094043129485,53.910571094988185,14582800
WFC,2024-10-07,55.037109375,55.489655012845944,54.690478986268765,55.1045093202509,11177800
WFC,2024-10-08,55.171913146972656,56.11551611989147,55.14302850355347,56.11551611989147,12073000
WFC,2024-10-09,55.40299987792969,55.58594206988096,54.95045421997133,55.191169370285905,12415300
WFC,2024-10-10,55.605201721191406,56.22143194046137,55.220055997636756,55.57631707748245,12744000
WFC,2024-10-11,58.7248649597168,59.42775270129262,57.694600820123284,57.733116122598474,37049200
WFC,2024-10-14,59.85141372680664,60.99721649894832,58.67672263950362,58.99446839512689,30758800
WFC,2024-10-15,60.6890983581543,61.449759062485754,59.9188106646003,60.57355612237656,24693400
WFC,2024-10-16,61.51716613769531,61.70011201132526,60.775762998880694,60.89130892107494,17412600
WFC,2024-10-17,61.98896408081055,62.31634051160488,61.141649379652456,62.094879336710754,15073500
WFC,2024-10-18,61.96971130371094,62.37411100897511,61.45939634049038,62.017857274070636,19234000
WFC,2024-10-21,61.642330169677734,62.28745233154114,61.5460455823385,62.08525249431582,15603400
WFC,2024-10-22,62.40298843383789,62.78813411402977,61.62307375733039,61.642327735620704,26164900
WFC,2024-10-23,62.16227340698242,62.63408035538484,61.48827397504019,62.3644732365651,18380900
WFC,2024-10-24,62.999969482421875,63.134769379017804,61.94082428943526,62.21042408262712,18393300
WFC,2024-10-25,62.133392333984375,63.500652600738405,61.8637925457279,63.40436801151013,14855500
WFC,2024-10-28,63.17329025268555,63.308090161162674,62.402998764778495,62.58594464601633,16158900
WFC,2024-10-29,62.874794006347656,63.5487934224107,62.817017380654626,63.05773250725466,13205500
WFC,2024-10-30,62.9807243347168,63.93395440747623,62.71111715767328,62.71111715767328,16021700
WFC,2024-10-31,62.508907318115234,63.308083365475035,62.2296768673735,62.68222251698792,12963200
WFC,2024-11-01,62.27782440185547,63.144400418021675,62.220055116125536,62.797770011555194,13313900
WFC,2024-11-04,61.3342170715332,62.24893531822671,60.7083562519478,62.162274049770666,12607400
WFC,2024-11-05,61.69047927856445,62.10450963665053,61.257191267425334,61.623079329389675,13447200
WFC,2024-11-06,69.77850341796875,71.51164795524002,67.35209078132901,70.57767941672152,63689100
WFC,2024-11-07,67.2269287109375,69.00821940241113,67.14989809769537,68.97933475895623,18681200
WFC,2024-11-08,67.82734680175781,67.91450003906799,67.1688285847166,67.79829572265443,14270900
WFC,2024-11-11,70.26773834228516,70.9359427612437,68.77638794233826,68.77638794233826,17117800
WFC,2024-11-12,70.30647277832031,71.05215164276633,69.83195456627341,70.48078664639073,17848200
WFC,2024-11-13,70.47109985351562,71.62350860358883,70.36458169078671,70.45173492984826,18823000
WFC,2024-11-14,70.50016021728516,71.14899230898644,70.21932079213703,70.54857622194159,13654800
WFC,2024-11-15,71.99149322509766,72.05928892129724,70.58730368221246,70.69382922142405,18837000
WFC,2024-11-18,71.7493896484375,72.34011948567891,71.39108319489097,72.14644072097113,18439600
WFC,2024-11-19,71.11023712158203,71.81717858413627,70.81971161349222,71.29423710259695,15412900
WFC,2024-11-20,71.25550842285156,71.44918719256316,70.1418370260812,71.34266165271035,14415400
WFC,2024-11-21,72.46602630615234,73.63779997099577,71.60414313623964,71.60414313623964,20068200
WFC,2024-11-22,73.56031799316406,73.67652968754298,72.19486567897617,72.21423060052027,14997400
WFC,2024-11-25,74.47061920166016,74.86766286642815,73.56999895185605,73.79272878155321,28636600
WFC,2024-11-26,74.9063949584961,75.66175239588124,73.94767262553576,75.05165770915563,19139100
WFC,2024-11-27,74.77082824707031,75.33250701675053,74.0154707098176,74.92577717182543,19793900
WFC,2024-11-29,73.7636947631836,75.57462183579878,73.73464368201624,75.23568024155867,9785000
WFC,2024-12-02,72.90180206298828,74.51904273690134,72.43697004801014,74.51904273690134,18274500
WFC,2024-12-03,71.79781341552734,73.45379124420847,71.68160172306204,73.41505401338671,15047900
WFC,2024-12-04,70.7519302368164,71.90433883973886,70.4129887031249,71.71066007430693,14301100
WFC,2024-12-05,71.33297729492188,72.25296246149965,70.79066348316795,71.08118900333508,17766700
WFC,2024-12-06,71.9818115234375,72.35949027856167,71.40076785312118,71.65254876428988,14798100
WFC,2024-12-09,70.32583618164062,72.19486510148181,70.13215002589175,71.96244171458316,15517500
WFC,2024-12-10,69.77385711669922,71.17804692379225,69.62859431877202,71.17804692379225,12277100
WFC,2024-12-11,69.33805847167969,70.61635760537872,69.19279569522877,70.29678097486102,11867400
WFC,2024-12-12,68.5633316040039,69.78352111625945,68.55364544929263,69.60920727331276,12446700
WFC,2024-12-13,68.21470642089844,68.80543627764871,67.80796918018554,68.61175011817315,16794500
WFC,2024-12-16,69.70606231689453,70.00626665323317,67.61429595326858,68.24376309352854,24602500
WFC,2024-12-17,68.57300567626953,69.27994715437481,68.15658971264494,68.80542904320238,15595900
WFC,2024-12-18,66.58777618408203,69.24121363069627,66.44251341907068,68.37933058356568,21201200
WFC,2024-12-19,66.6749267578125,68.4568023202199,66.50061292440712,67.20755441220976,16444600
WFC,2024-12-20,68.11785888671875,68.79574935476003,66.59745764656942,66.98482257282568,50113400
WFC,2024-12-23,68.31153869628906,68.45680145368327,67.42060462054837,67.51744399602092,11817000
WFC,2024-12-24,69.328369140625,69.328369140625,68.31154452878967,68.43743498881555,4442700
WFC,2024-12-26,69.49300384521484,69.57047091876663,68.8635367717392,69.17342723106042,6964300
WFC,2024-12-27,68.86354064941406,69.47363544757741,68.39870124007169,68.9313289603211,7219500
WFC,2024-12-30,68.18565368652344,68.56333245285525,67.56586537963982,68.18565368652344,8443800
WFC,2024-12-31,68.02101135253906,68.67952943176512,67.84669752602716,68.30185070571774,7031500
WFC,2025-01-02,67.97260284423828,68.96037637764836,67.55618684552088,68.25344222833805,8303300
WFC,2025-01-03,69.05721282958984,69.16373836346314,67.53681166874587,68.12754148809013,9152800
WFC,2025-01-06,69.75447082519531,70.93593050863902,69.27026652138208,69.65763144210693,15565600
WFC,2025-01-07,69.328369140625,70.81971929302154,69.2509020666552,70.66477775671055,13522000
WFC,2025-01-08,69.30900573730469,69.8028962100832,68.81511526452617,69.25090358346188,16544700
WFC,2025-01-10,67.74987030029297,68.68922790111873,67.14945425946313,68.66017682288648,14466600
WFC,2025-01-13,68.3018569946289,68.37933145540559,67.36249947573259,67.69176223984786,10439800
WFC,2025-01-14,68.9410171508789,69.20248424684706,68.06944785036507,69.20248424684706,21909800
WFC,2025-01-15,73.5506362915039,74.39315450292756,71.32330076050121,72.97927871671578,33482900
WFC,2025-01-16,73.5506362915039,74.02516186433716,72.33044667431751,73.45379690117716,22897900
WFC,2025-01-17,74.64494323730469,74.809570940599,73.11485574129742,73.57969516113235,20673700
WFC,2025-01-21,75.39061737060547,75.81671957166354,74.88704808711408,75.23567581736665,21057700
WFC,2025-01-22,75.09040832519531,75.35187541231045,74.43189014136742,75.11945940283347,11669500
WFC,2025-01-23,74.98388671875,75.8264049563529,74.5965217570347,75.25503997543909,12981800
WFC,2025-01-24,74.87734985351562,75.19692645276174,74.56745940865088,74.56745940865088,10393200
WFC,2025-01-27,75.47776794433594,75.5746073257585,74.4609359684709,74.9548264186086,10637100
WFC,2025-01-28,75.41967010498047,75.68114460259346,74.73210078533188,75.40999133719654,11562000
WFC,2025-01-29,75.89418029785156,76.48491010110962,75.15818773523368,75.29376434040397,9175400
WFC,2025-01-30,76.3299560546875,76.73668584284748,75.61333584863846,76.64953262611478,11276000
WFC,2025-01-31,76.31060028076172,76.78511842381285,75.83607474933935,76.204074744187,14980600
WFC,2025-02-03,75.67144775390625,76.02976159733447,74.58682745720529,74.7901997658884,12395200
WFC,2025-02-04,76.95943450927734,77.32742712647774,75.96197480898375,77.31774097149652,14665200
WFC,2025-02-05,77.52111053466797,77.8116286784572,76.67859240209971,77.14343177588215,17931000
WFC,2025-02-06,78.84782409667969,78.92529855558747,77.38553247374321,77.95688998435328,16988900
WFC,2025-02-07,78.5072250366211,79.12033940666915,76.96958325994588,79.09113747369348,17951400
WFC,2025-02-10,76.97930908203125,78.40989922744689,76.15209926507998,78.30284775909274,18357400
WFC,2025-02-11,77.50482940673828,77.82598379920215,75.72389042109148,76.65815166974676,16682800
WFC,2025-02-12,77.12528991699219,77.58269030069022,76.71655199214028,77.07662745814605,13440500
WFC,2025-02-13,76.73600006103516,77.524288702224,76.50243663116507,77.30045182266481,10093400
WFC,2025-02-14,77.8357162475586,78.18605771218489,76.77493560308059,77.10582396529466,17521300
WFC,2025-02-18,78.6142578125,78.7796982690867,77.35884228781421,77.84543710707935,15318300
WFC,2025-02-19,78.19579315185547,78.48775304016505,77.82598372819861,78.16659864799419,13917400
WFC,2025-02-20,76.52190399169922,78.12766849328673,75.92825767641627,77.96222802505332,14807100
WFC,2025-02-21,75.42220306396484,77.31992004208657,75.2567625940462,76.79440412879771,18205400
WFC,2025-02-24,75.14971160888672,76.41485379406038,74.36143030909437,75.8796039012421,12989700
WFC,2025-02-25,73.9624252319336,75.94773332650948,72.92111243684639,75.78229284150707,15683000
WFC,2025-02-26,74.40035247802734,75.68496263481126,74.22517802824552,74.30303498922599,13466800
WFC,2025-02-27,74.5657958984375,75.83093802657672,74.33222502952268,74.92587132786383,13744400
WFC,2025-02-28,76.22021484375,76.31753232601834,74.53659344360078,74.97453325108022,24698800
WFC,2025-03-03,74.96480560302734,76.86253007925879,74.27384176829696,76.7457446357704,18013400
WFC,2025-03-04,71.33480834960938,73.62180267149137,69.42734999385819,73.44662822758966,28858200
WFC,2025-03-05,72.1717529296875,72.6291458595073,70.4978654295609,71.24721824423008,20422000
WFC,2025-03-06,70.70223999023438,71.90899325534453,69.70958224284385,71.81167576095399,19460400
WFC,2025-03-07,69.14513397216797,70.3129586898102,66.27421978528739,70.3129586898102,21256900
WFC,2025-03-10,64.98960876464844,67.68534846567178,63.763387629981,67.68534846567178,27582900
WFC,2025-03-11,65.47620391845703,66.1866356890719,64.02615329811933,65.03827150941461,24310700
WFC,2025-03-12,67.08197021484375,67.62695410255091,65.88494354737423,66.9554582194399,18462300
WFC,2025-03-13,66.62458038330078,67.85080174951545,66.47860041175264,67.76321079664666,17471500
WFC,2025-03-14,68.95049285888672,69.16459579359007,67.39339073129229,67.5977596894595,15762300
WFC,2025-03-17,68.94076538085938,69.64146326053836,68.2011464410643,68.58068988841552,11185000
WFC,2025-03-18,69.20352935791016,69.56361226770935,68.502831492814,69.10621185994661,11102100
WFC,2025-03-19,70.80928802490234,71.85060075652524,68.93103151741262,69.23271796283606,14453200
WFC,2025-03-20,70.5757064819336,71.40292358130596,69.85554825733101,69.91393725734416,12388300
WFC,2025-03-21,70.5757064819336,70.82873785673623,69.24244148265079,70.03072268221784,32647100
WFC,2025-03-24,72.28853607177734,72.53183351812815,71.37373529754667,71.66569520310718,10688900
WFC,2025-03-25,72.24959564208984,72.65834092725365,71.85059175697572,72.4734325226521,9499100
WFC,2025-03-26,71.50025177001953,73.35904032248749,71.15963684415875,72.39558455366743,10848100
WFC,2025-03-27,70.34215545654297,71.59757115205483,70.28376644623735,71.59757115205483,10457600
WFC,2025-03-28,68.79478454589844,70.60491804179749,68.07461879817194,70.33241867990593,13555200
WFC,2025-03-31,69.86528778076172,70.13777970226003,67.69507153480353,68.02595988580006,14855300
WFC,2025-04-01,69.39816284179688,69.70958328340451,68.2303380419805,68.94076244399994,10661000
WFC,2025-04-02,70.32269287109375,70.52706182603427,68.33738490543773,68.66826585395614,8854100
WFC,2025-04-03,63.909366607666016,66.87759819932559,63.656342628426515,65.96279749405709,25880300
WFC,2025-04-04,59.34510803222656,61.86566952800605,58.1091566558288,61.06765426331208,31050800
WFC,2025-04-07,60.503204345703125,62.60529774774782,56.85374282119371,59.062883976187656,41305800
WFC,2025-04-08,60.415618896484375,63.87043790737036,59.247790503590004,62.955644630113014,27374200
WFC,2025-04-09,64.55167388916016,65.38861761615252,57.83666354636366,59.014222179725444,42744800
WFC,2025-04-10,61.417999267578125,63.25732710796022,59.84143307759688,63.20866465563037,29026000
WFC,2025-04-11,60.83408737182617,61.914328548054876,58.05076790899325,59.890095873956014,33867000
WFC,2025-04-14,61.408267974853516,62.293874156980905,60.72703816156175,61.466660692745975,28057800
WFC,2025-04-15,62.809661865234375,63.666066097423034,61.60290504726096,61.73915100636262,20903300
WFC,2025-04-16,62.264678955078125,63.23787240492919,61.671032621259876,62.17709173021274,17351000
WFC,2025-04-17,62.9751091003418,63.94829886994964,62.35226824178067,62.65395469440752,18961800
WFC,2025-04-21,62.29387664794922,63.41304632155099,61.700230319121715,62.478777647608915,17859100
WFC,2025-04-22,64.45436096191406,64.62953541540953,62.97510837131922,62.97510837131922,17536600
WFC,2025-04-23,66.11851501464844,67.63668867220241,65.63192013211462,65.63192013211462,20678800
WFC,2025-04-24,67.69507598876953,67.97730190456114,65.6903074988308,65.88494247703609,18420900
WFC,2025-04-25,67.86052703857422,68.30819344911185,67.15009522792501,67.21821821594489,17775900
WFC,2025-04-28,67.56856536865234,68.66826712507417,66.82893907171317,67.93837480469762,16694100
WFC,2025-04-29,69.19378662109375,69.42735007160819,67.10142726793794,67.10142726793794,24563600
WFC,2025-04-30,69.106201171875,69.49547852837209,67.47124221446563,67.80212314133695,23953000
WFC,2025-05-01,69.88475036621094,70.52705913567807,68.54175124575448,68.86290563048806,19672500
WFC,2025-05-02,71.8214111328125,72.17176005930224,70.91634431018883,71.04285631286885,18347400
WFC,2025-05-05,71.87004852294922,72.8821665704405,71.0817673443111,71.38345373616575,16070400
WFC,2025-05-06,71.50997924804688,72.20094301338781,70.6146391209134,71.17909090381654,18095100
WFC,2025-05-07,71.21802520751953,72.30800038524481,71.0233902301768,71.62676311484834,14310300
WFC,2025-05-08,71.34453582763672,72.00630513265739,70.68276652261605,71.71435267226046,19957500
WFC,2025-05-09,70.8944091796875,71.66744783416438,70.48342887191468,71.56959644644452,11136900
WFC,2025-05-12,73.2722396850586,73.63429805746927,72.47963368299462,73.37987845886764,20425500
WFC,2025-05-13,74.35840606689453,74.93574197706417,73.36030991339848,73.82021967262276,13635100
WFC,2025-05-14,74.64218139648438,74.84767156438089,74.20184638893225,74.6030393456113,14067100
WFC,2025-05-15,73.96699523925781,74.87702740592115,73.7027957237156,74.42690501222293,15303900
WFC,2025-05-16,74.54432678222656,74.71067489206477,73.75172081663541,73.93763621827354,13864600
WFC,2025-05-19,74.42689514160156,74.76938618027417,73.81042471003845,73.97677280759932,12720500
WFC,2025-05-20,73.89849090576172,74.2409819545876,73.45815593667444,73.85935632389004,10655600
WFC,2025-05-21,71.6185302734375,73.516871201703,71.52067141412272,73.33095579328706,17711300
WFC,2025-05-22,71.8142318725586,72.30349629870524,70.92377449907468,71.56959965948526,9717000
WFC,2025-05-23,71.26625061035156,71.61852155738117,70.35621857478871,70.35621857478871,9260900
WFC,2025-05-27,72.4013442993164,72.49919568684554,71.48153229784376,72.02950604047277,11014100
WFC,2025-05-28,72.14693450927734,72.76340498959635,71.75552148096799,72.60683679203959,8711100
WFC,2025-05-29,72.9101791381836,73.46794022618302,71.75551491637647,72.81232775645388,14016600
WFC,2025-05-30,73.17438507080078,73.19395982822272,72.14693427362505,72.60683655488512,17042000
WFC,2025-06-02,73.11566925048828,73.14502391843736,71.69679808643367,72.66554692224464,11237500
WFC,2025-06-03,74.02571105957031,74.20184655610456,72.77319529114142,73.11567890507388,13193500
WFC,2025-06-04,73.7614974975586,77.10807163297277,73.7614974975586,76.03168399158044,29578000
WFC,2025-06-05,73.29180908203125,74.1333444526619,72.58726714703049,73.98656363860636,20138400
WFC,2025-06-06,74.69110107421875,75.11186873418706,74.20183670056174,74.51496560107896,10988000
WFC,2025-06-09,74.81831359863281,75.05315842794903,74.29969451216752,74.90638507561547,13453200
WFC,2025-06-10,73.83000183105469,74.71067932596796,73.51687288459475,74.52476391329618,14892900
WFC,2025-06-11,73.32117462158203,74.09421338900064,72.9689036018575,73.9180778791384,16442400
WFC,2025-06-12,72.4209213256836,72.91996565739584,71.59895322039908,72.73405025493899,14522500
WFC,2025-06-13,70.80635070800781,72.20564731202622,70.38558298888108,71.35432449456061,21168300
WFC,2025-06-16,71.57938385009766,72.13714497243785,71.36410631768875,71.82401605227463,16231500
WFC,2025-06-17,70.9433364868164,71.63809102412779,70.74763371722355,71.21732335047925,14156800
WFC,2025-06-18,73.13523864746094,73.52665165108218,71.01183299471204,71.0901170885527,23498300
WFC,2025-06-20,73.78107452392578,74.15291278793026,73.45815822157371,73.62450632924026,27677500
WFC,2025-06-23,75.35651397705078,75.3760812705312,73.2135332601607,73.51687483539787,17375700
WFC,2025-06-24,76.4328842163086,77.05914204328683,76.05125858629317,76.05125858629317,16342300
WFC,2025-06-25,77.37227630615234,77.60712114111038,76.31546335046717,76.59923761443352,13954500
WFC,2025-06-26,78.2431640625,78.3801575009484,77.48970015103382,77.73433235763203,18214800
WFC,2025-06-27,77.79303741455078,78.42908260979874,77.2646309815255,78.28230180080583,21324200
WFC,2025-06-30,78.39972686767578,79.3586808708798,78.19423672413207,78.75199781820271,21685800
WFC,2025-07-01,79.74031066894531,79.75988542587939,78.19424082235955,78.33123425856863,20967100
WFC,2025-07-02,80.59162902832031,80.63077107447235,79.50546151074238,80.16107398622977,15195100
WFC,2025-07-03,81.80500793457031,82.1474915287707,80.72862772469092,80.86562116237108,11237300
WFC,2025-07-07,80.57205963134766,81.79522065901992,79.75009900423147,81.18853756726725,18156000
WFC,2025-07-08,79.8381576538086,80.65033831338684,79.29018393919289,80.53291964058744,18303400
WFC,2025-07-09,80.03386688232422,80.74818868484954,79.7109506050053,80.66012468135266,16135400
WFC,2025-07-10,80.59162902832031,80.96346726839182,79.85773246052884,79.85773246052884,14348100
WFC,2025-07-11,80.77755737304688,80.90476343250305,79.68160240302373,79.99473132794714,12583100
WFC,2025-07-14,81.63866424560547,81.72672826077401,80.35679380982215,80.4350704458888,20194200
WFC,2025-07-15,77.16677856445312,79.33911360484021,76.05125637597034,79.01619732249468,53938000
WFC,2025-07-16,78.1942367553711,78.36058485274694,76.53073338486666,77.19613323995205,30567500
WFC,2025-07-17,77.99853515625,78.91835468096592,77.40163194964704,77.75390293930069,21837600
WFC,2025-07-18,78.90856170654297,79.03576776272666,77.18634893097818,78.13552305992913,21236000
WFC,2025-07-21,78.55628967285156,79.71095393788575,78.44865090924465,79.01619939633888,14506600
WFC,2025-07-22,80.6112060546875,80.81669622261803,78.5562969097994,78.5562969097994,22437000
WFC,2025-07-23,81.9028549194336,82.12791982099583,80.83626214547957,81.21788776786514,19379200
WFC,2025-07-24,82.0692138671875,83.0086006275999,81.33531726071698,82.03985173183952,19031200
WFC,2025-07-25,82.50955200195312,82.64654544315624,81.44295914321708,82.31384921897228,14072400
WFC,2025-07-28,81.28639221191406,82.68568878223677,80.93412122458928,82.50955328857437,10627100
WFC,2025-07-29,80.87540435791016,81.90285508736956,80.43506193192866,81.83435837207227,12478200
WFC,2025-07-30,80.02409362792969,81.30596412005549,79.56418384250291,81.20811272148416,15579100
WFC,2025-07-31,78.89877319335938,80.17086359922835,78.60521903740803,79.60331511257407,14813900
WFC,2025-08-01,76.10997009277344,77.64626003484194,75.73813183040674,77.48969930642843,16071300
WFC,2025-08-04,75.91426849365234,76.8438678967828,75.25865596868317,76.8340805181106,13892100
WFC,2025-08-05,76.2861099243164,76.667735586945,74.52476243501121,76.65794820786707,15765100
WFC,2025-08-06,75.9436264038086,77.1276454438482,75.89469697394283,76.23718805183748,14157000
WFC,2025-08-07,75.39564514160156,76.61880611102676,75.13143819147975,76.59923135478998,13105600
WFC,2025-08-08,76.62599182128906,76.95080515594587,75.1495757649658,75.89762866947956,14123000
WFC,2025-08-11,76.37008666992188,76.86222541379644,76.01575368301818,76.78348892195187,14408100
WFC,2025-08-12,78.23036193847656,78.30909841412503,76.92127134678412,76.99017045637638,14365200
WFC,2025-08-13,76.66535949707031,78.4665887865489,75.88777951675813,78.42721679279943,14415100
WFC,2025-08-14,78.16146850585938,78.32879385424509,76.48819249368145,77.04923028666434,16051500
WFC,2025-08-15,75.88778686523438,78.39769726636685,75.7992055028004,78.28942615043152,15380400
WFC,2025-08-18,76.22244262695312,76.37992310267205,75.70077681763348,75.77951330077272,11660900
WFC,2025-08-19,76.31102752685547,76.54725200611334,75.81888881456109,75.94684968579973,10118500
WFC,2025-08-20,76.93112182617188,77.2460902800282,75.38579916664892,76.25196804683404,12101900
WFC,2025-08-21,76.60630798339844,76.84253244484964,75.86809997060325,76.65551734525397,9102700
WFC,2025-08-22,77.85633087158203,78.06302819798947,76.90158071429083,77.10827804069825,11282600
WFC,2025-08-25,78.92919921875,79.23432277922689,77.62995348100858,77.63979084722794,12017000
WFC,2025-08-26,80.22845458984375,80.34656307417664,78.52565134945063,78.56502334737517,14936600
WFC,2025-08-27,81.202880859375,81.90171687230468,79.96268930360675,79.98237905576825,15567700
WFC,2025-08-28,80.6910629272461,81.82297590684372,80.63200117801875,81.57690656181111,13963200
WFC,2025-08-29,80.8879165649414,81.50800861995938,80.51389385850143,80.68121921326875,12041200
WFC,2025-09-02,80.49420928955078,80.53358128899188,79.17528110075867,80.42531016788912,13326000
WFC,2025-09-03,79.24417114257812,80.72058715996606,78.7618698367678,80.4449907048974,11174000
WFC,2025-09-04,80.54341888427734,80.83869758922785,78.95873171988973,79.48039752379863,10822300
WFC,2025-09-05,77.71854400634766,80.73043050171682,77.46262977508286,80.35640778636115,20661400
WFC,2025-09-08,77.89571380615234,78.53549562601484,77.32483110477101,77.74807069242397,17107000
WFC,2025-09-09,79.49024963378906,80.17924085081256,77.7579192045629,78.0630428136103,17157300
WFC,2025-09-10,79.03746795654297,79.96268348593475,78.6536004211639,79.39180837526821,16460200
WFC,2025-09-11,79.9725341796875,80.11033240705729,78.52564528286457,78.93903996497393,17785800
WFC,2025-09-12,80.17923736572266,80.35640760089079,79.51977329960158,79.8248968953864,10498300
WFC,2025-09-15,80.13002014160156,80.53356993746907,79.85441618436131,80.32687260161887,9563200
WFC,2025-09-16,80.1103286743164,80.32687088136205,78.8209278171044,80.27765401269174,10705900
WFC,2025-09-17,81.18319702148438,81.41942147669955,79.27369660910831,79.94300549008466,14746100
WFC,2025-09-18,82.1871566772461,82.20683891960199,80.65168645252434,81.27177846417581,13021100
WFC,2025-09-19,83.30923461914062,83.59467595285581,81.62612124539135,82.5119723656384,36482400
WFC,2025-09-22,83.8210678100586,83.93917629317419,82.42338818118512,82.56118641778043,14545000
WFC,2025-09-23,83.04348754882812,85.29748371244807,82.35448885812401,83.8112227249333,14818500
WFC,2025-09-24,82.78756713867188,84.02775868178324,82.34464534228073,83.31907780000532,9478700
WFC,2025-09-25,82.9942626953125,83.32892088649422,82.24620983511802,82.37417069179337,8514900
WFC,2025-09-26,83.67342376708984,84.29351582487934,83.2304944320054,83.35845529987985,8502600
WFC,2025-09-29,83.31907653808594,83.85058719136931,82.71866677286434,83.3682858983618,9833700
WFC,2025-09-30,82.50212860107422,83.78169218194279,81.36037076026996,83.32892549425831,11429000
WFC,2025-10-01,79.59851837158203,82.28559154695722,79.50008462114798,81.79345283255026,16961900
WFC,2025-10-02,79.23432159423828,79.77567710580091,78.78155494340398,79.43117404783938,11420000
WFC,2025-10-03,79.40165710449219,80.40562427103958,79.17527750478885,79.74615269715424,10124900
WFC,2025-10-06,79.42134857177734,80.1792388919875,78.31895514203079,79.2933876992841,12837700
WFC,2025-10-07,79.86426544189453,80.08080766545802,79.27370052000161,79.59851385534687,10371300
WFC,2025-10-08,78.4764404296875,80.05128276827165,78.28942532061042,79.9823836506286,11277400
WFC,2025-10-09,78.63391876220703,79.48039790410819,78.17130719518659,78.65360851496217,8432200
WFC,2025-10-10,76.39961242675781,79.17527431937006,76.39961242675781,78.35832229718181,16004300
WFC,2025-10-13,77.67916870117188,77.98429979411019,77.04923178137211,77.50199847313816,14229300
WFC,2025-10-14,83.2304916381836,84.70690768669124,79.12605682559801,81.22256491108035,36260600
WFC,2025-10-15,85.10062408447266,86.09474637258288,83.8210679553778,83.83090532269404,22909400
WFC,2025-10-16,82.67929077148438,86.05536211169758,81.69501350039528,85.62227770939768,22715600
WFC,2025-10-17,81.97061920166016,83.2009659296136,81.0158689392578,83.12222193675886,18799000
WFC,2025-10-20,84.66752624511719,84.78564221921889,81.78359358506322,82.30526683859941,15777200
WFC,2025-10-21,83.4273452758789,85.9372478619063,83.32891904868093,84.76596299220276,20101100
WFC,2025-10-22,82.5611801147461,83.82106141084013,81.83281698985681,83.81121653485187,18955000
WFC,2025-10-23,83.13207244873047,84.13603965208586,82.43323636101182,82.98442932947927,14157800
WFC,2025-10-24,85.0514144897461,85.51401856390191,83.4273552635135,83.46672726099413,14011400
WFC,2025-10-27,85.64198303222656,85.96678888357069,84.95298431152106,85.53371191196486,11682000
WFC,2025-10-28,85.53370666503906,85.92741912279898,84.43131328519941,85.69118714247871,13201000
WFC,2025-10-29,84.6478500366211,85.86835181822684,84.3230367167731,85.45495714356942,16444400
WFC,2025-10-30,84.63800811767578,85.88804457066331,84.52973700727718,84.72659698502025,14830000
WFC,2025-10-31,85.60260772705078,85.97663044022916,83.67342490057577,84.13603648574735,14776700
WFC,2025-11-03,85.92742156982422,86.50814164174133,84.50021480848086,85.76993357845913,12769300
WFC,2025-11-04,85.76008605957031,87.10854878368814,84.52973932533743,85.63213270260869,16737700
WFC,2025-11-05,85.58291625976562,86.91169674697052,84.55927438004474,86.00615583884736,15609400
WFC,2025-11-06,84.68722534179688,85.96678140996883,84.17539690697582,85.53370447601294,16800200
WFC,2025-11-07,85.13247680664062,85.18194489229253,83.15357220643676,84.21228586558895,15612100
WFC,2025-11-10,85.19184875488281,86.08235741029104,84.54870319548118,85.37984712350305,13138200
WFC,2025-11-11,85.28089904785156,86.14171774676538,85.14237632506261,85.20174104942295,13851500
WFC,2025-11-12,85.35016632080078,87.70506032024056,85.03354185407844,85.39963441155327,16775200
WFC,2025-11-13,83.80661010742188,85.973513145841,83.57904029681117,85.25121716564946,15708000
WFC,2025-11-14,84.15292358398438,84.44975475327098,82.08496429135344,83.5592461475668,15397300
WFC,2025-11-17,82.54011535644531,84.15292755989844,81.66939998357547,83.79672410078747,14457100
WFC,2025-11-18,82.97547149658203,83.86598008725605,82.05528054437256,82.54011006360318,14233900
WFC,2025-11-19,83.27230834960938,83.92534293556785,82.72810657054241,83.09420663545308,10959600
WFC,2025-11-20,81.53087615966797,85.13248215436553,81.45171815894612,84.1628155178289,12135800
WFC,2025-11-21,82.23338317871094,82.74789506520943,80.19511380873153,81.89696546340942,16169500
WFC,2025-11-24,83.76703643798828,84.1924936855924,81.54076873384656,82.21358905968866,27574500
WFC,2025-11-25,84.202392578125,84.63775402314182,82.72811070603024,83.6384050465906,12966400
WFC,2025-11-26,84.65753936767578,85.4787866174742,84.23207456166521,84.51901664468836,9304300
WFC,2025-11-28,84.9444808959961,85.60741214438143,84.41017573270993,84.73669681287184,6545000
WFC,2025-12-01,84.49922943115234,85.64699019410614,84.27165207658312,84.9246942296688,9794000
WFC,2025-12-02,85.4095230102539,85.87456680330779,84.38049170303132,84.78617077320072,9484000
WFC,2025-12-03,88.40756225585938,88.44714125407054,85.35015824603653,85.35015824603653,14439300
WFC,2025-12-04,89.25849151611328,89.67405967241582,88.37787956869609,88.45703756482666,13433000
WFC,2025-12-05,88.88250732421875,90.14900513738606,88.6054618712037,89.04081577640345,11210900
WFC,2025-12-08,89.11007690429688,90.05995026166352,88.20967918437614,88.88250708945948,13267300
WFC,2025-12-09,87.9524154663086,89.29807121540745,87.84357510800486,89.28817457858291,17101700
WFC,2025-12-10,89.73343658447266,89.91153831051585,87.25980569438507,88.00189496141134,22729100
WFC,2025-12-11,91.61338806152344,92.43463531120143,89.26839085920732,89.58501530440672,15505100
WFC,2025-12-12,91.78160095214844,92.4346355695439,91.14835205997977,92.1378043976086,12532800
WFC,2025-12-15,91.92012023925781,93.26577597204223,91.51444117251279,92.59294810565002,13885200
WFC,2025-12-16,91.21761322021484,92.18727228155328,90.46562733157937,92.09822519484601,12981100
WFC,2025-12-17,91.61338806152344,92.34558822454639,91.49465861265006,91.78160069563113,14819000
WFC,2025-12-18,90.51509857177734,92.89967465894298,90.32710022151862,92.04874508787557,11844100
WFC,2025-12-19,92.02896118164062,92.14769062716263,90.63382980538094,90.64372644214845,37783900
WFC,2025-12-22,93.28556823730469,93.39440860192028,92.0685460495813,92.21695786594573,9512300
WFC,2025-12-23,93.47356414794922,93.68134823432398,93.03820270092271,93.24598678729747,8642100
WFC,2025-12-24,94.29481506347656,94.83900934444986,93.47356777433279,93.65166950512395,5506800
WFC,2025-12-26,94.25523376464844,94.46301785401918,93.72092858529976,94.3541774906932,5169400
WFC,2025-12-29,93.52303314208984,94.60154013296898,93.37462132818561,94.35417704456542,8624200
WFC,2025-12-30,93.31524658203125,93.87923410669595,92.99862213921813,93.73082229672275,6417800
WFC,2025-12-31,92.21695709228516,93.68134990914947,92.13780664052899,93.50324818208385,7919300
WFC,2026-01-02,94.19585418701172,94.34427353903334,91.83106383794514,92.3159008911439,9242600
WFC,2026-01-05,95.36341094970703,96.7288599692398,93.97818375441588,94.08701656354128,14384000
WFC,2026-01-06,95.3733139038086,95.53162990742665,94.06723706964978,94.39375816542012,12329200
WFC,2026-01-07,93.29545593261719,94.87857806312124,92.66220708041556,94.70047635163192,14589500
WFC,2026-01-08,94.59163665771484,95.1457350689503,93.19651286541179,93.26577422320099,12406000
WFC,2026-01-09,94.93795013427734,95.55141330999658,94.25523314481235,94.79942740894113,10261300
WFC,2026-01-12,93.95838928222656,94.5322734266247,92.89967562566129,93.82976320113951,15958100
WFC,2026-01-13,92.57315826416016,94.74006129854972,92.07843209549932,94.28491412925243,21998600
WFC,2026-01-14,88.30862426757812,89.8422784649034,87.1311735283552,89.79280282669708,33803900
WFC,2026-01-15,88.02168273925781,88.96166702876054,87.42801282157967,88.39767192570537,21738600
WFC,2026-01-16,87.44779205322266,88.74397970685388,87.1509608908894,88.02167620222444,26981600
WFC,2026-01-20,85.74594116210938,87.70505251660178,85.36994445144686,86.3396110407761,19353500
WFC,2026-01-21,85.21163940429688,86.63644566012425,85.12258476703883,85.58762858102924,17606700
WFC,2026-01-22,87.11138153076172,88.06125483434015,85.51836272141776,85.51836272141776,19668900
WFC,2026-01-23,86.04277038574219,86.7848596045636,85.12257945244676,86.57707552916423,15227500
WFC,2026-01-26,87.12128448486328,87.3587509407467,86.18130020091546,86.18130020091546,13047400
WFC,2026-01-27,87.7743148803711,88.1305183214289,86.5572927475254,87.22022399380214,15105000
WFC,2026-01-28,87.10148620605469,88.12062088413307,85.92403553386752,87.68526699817815,16395700
WFC,2026-01-29,89.6839599609375,89.6839599609375,87.60611154589641,87.75453090745413,21497000
WFC,2026-01-30,89.53553771972656,90.08963614845956,88.80334512155896,89.2584922798211,18306900
WFC,2026-02-02,91.29676055908203,91.82117662009328,88.9517634352925,89.2090231474404,13835200
WFC,2026-02-03,91.33634185791016,93.79018694954144,90.93067032942095,91.73212429835677,18099000
WFC,2026-02-04,92.15758514404297,92.9194676302531,91.55401864678313,91.67275563849587,12382800
WFC,2026-02-05,91.03951263427734,92.07843307010826,89.95111656148778,91.87064898294207,12641300
WFC,2026-02-06,93.4358139038086,94.11194863982624,92.03382563026247,92.22274797277483,13205700
WFC,2026-02-09,94.07217407226562,94.54944118296955,88.49406445850491,93.2170622807285,20544800
WFC,2026-02-10,91.38752746582031,94.46990353381884,89.23980266838706,93.77387823715846,20148400
WFC,2026-02-11,88.44434356689453,92.55087064188663,87.9969047129332,92.12331475622464,15461700
WFC,2026-02-12,85.79946899414062,89.45854963769573,85.34208486194922,88.80229789192731,16858200
WFC,2026-02-13,86.48554992675781,86.95287175519661,84.60628699161407,85.19293697552165,12425000
WFC,2026-02-17,86.90316009521484,88.33496899109318,86.81366777208405,87.33071598433709,12361900
WFC,2026-02-18,88.05656433105469,88.89179316374123,87.15174131383698,87.32077310146762,8250900
WFC,2026-02-19,87.07218933105469,87.65883929479293,86.10770228943365,87.34065112054601,10427300
WFC,2026-02-20,88.19576263427734,88.20570791120146,85.65031793540311,86.86338379534273,14255000
WFC,2026-02-23,84.66595458984375,88.09633955426678,83.30373981296177,87.66878364517419,20607000
WFC,2026-02-24,84.08924865722656,84.70572690381086,82.00118794412036,83.92021686875192,18817700
WFC,2026-02-25,86.26679992675781,86.42588643440466,84.48697458044161,84.70572516622696,16620700
WFC,2026-02-26,85.80941772460938,87.81793139341235,85.09350945896901,86.39606013971662,18768400
WFC,2026-02-27,80.98697662353516,84.3378218523216,79.99266134228353,84.18867304292914,29145000
WFC,2026-03-02,82.11056518554688,82.59777759341458,78.49125784076692,78.7000631584245,21834300
WFC,2026-03-03,82.06084442138672,83.01538624473334,79.39607898645171,80.53954315336479,19018600
WFC,2026-03-04,83.45288848876953,83.56226378527838,81.56368778709998,82.21993956615302,18061200
WFC,2026-03-05,81.64323425292969,83.32362962725828,80.72846594868979,83.17448080708297,20939200
WFC,2026-03-06,79.96283721923828,80.11198603631851,77.49693944280449,79.80375071077027,16798900
WFC,2026-03-09,78.38188171386719,79.33642354992882,76.4230792392934,78.97846941315268,24959500
WFC,2026-03-10,77.85489654541016,79.34636960117645,77.00972241165653,78.50119546742282,18481700
WFC,2026-03-11,76.44296264648438,77.78529446009513,76.06512553817848,77.60631739068198,17497300
WFC,2026-03-12,74.82222747802734,75.11057982979376,74.22563980603854,75.05092333840203,24794100
WFC,2026-03-13,73.67876434326172,75.77677029380874,73.60916257369009,75.2199561372357,15496900
WFC,2026-03-16,75.31938934326172,75.45859288830131,73.94723686243242,74.40462102270885,17836300
WFC,2026-03-17,75.79666137695312,76.73131263399868,75.38898844803165,76.06512317973694,18173400
WFC,2026-03-18,75.75688934326172,76.45290705752005,75.37904465321508,75.37904465321508,12951200
WFC,2026-03-19,75.95574951171875,76.36342244936623,74.25547116163051,75.24978651859608,18744400
WFC,2026-03-20,77.15886688232422,77.47704747949989,75.7767692021527,75.96569153942144,40461100
WFC,2026-03-23,77.83499908447266,79.34636256173783,77.67591258403733,79.03811966572962,15320800
WFC,2026-03-24,79.15744018554688,80.01255193471808,77.13898137739518,77.18869258986763,19134300
WFC,2026-03-25,79.80374908447266,80.33073498619608,78.87903554064846,79.05801260029263,17213400
WFC,2026-03-26,78.57079315185547,79.84352313214922,78.27250310783688,79.43585021015946,15430500
WFC,2026-03-27,76.75120544433594,78.18301441129879,76.42307955327237,78.17307671958719,13674900
WFC,2026-03-30,76.36341857910156,77.7753444937874,76.05517567556824,77.43727334482074,14311500
WFC,2026-03-31,79.15744018554688,79.28669844120351,77.00971553571497,77.38756019782812,19097600
WFC,2026-04-01,80.11198425292969,81.23555782267725,79.72420188876796,80.72846247632657,14979400
WFC,2026-04-02,80.14181518554688,80.38044874394973,78.24267682379978,78.95858508503238,10001800
WFC,2026-04-06,81.38470458984375,81.40459514372425,80.30090457008825,80.49976459275163,7069200
WFC,2026-04-07,81.2852783203125,81.62334189160701,80.44011180605227,80.94721474901799,8820900
WFC,2026-04-08,84.17874145507812,85.24265857971123,83.77106851891703,84.0196473572521,15130300
WFC,2026-04-09,85.53099822998047,85.6602640732223,83.95998583124346,83.96992352224385,10496100
WFC,2026-04-10,84.9145278930664,85.41168554163703,84.50685497994712,85.34208377427808,7946200
WFC,2026-04-13,86.14747619628906,86.20713268621522,83.59208620212902,84.10912681554419,14506600
WFC,2026-04-14,81.23555755615234,82.68726458022805,79.8634051633146,82.54805345809135,32845600
WFC,2026-04-15,79.83358001708984,81.22562301828361,79.69437647557287,80.45999595391622,31494000
WFC,2026-04-16,80.78811645507812,81.40459465930381,79.54522235576923,79.63470708962817,20713300
WFC,2026-04-17,80.94721221923828,82.13044226781447,80.56936755016002,81.66311286302212,24033900
WFC,2026-04-20,81.5040283203125,81.94152949039085,80.7781747959574,81.08641770488711,14240500
WFC,2026-04-21,81.08641815185547,82.62760236090378,80.7384017177254,81.68300583232656,17387300
WFC,2026-04-22,80.12193298339844,81.41453839097457,79.71426004728521,81.08642008978913,13724200
WFC,2026-04-23,80.05233001708984,80.90744181497888,79.28670295836352,80.10204123239446,13906500
WFC,2026-04-24,78.96852111816406,79.91312522646272,78.79948933392944,79.65460111844138,15419600
WFC,2026-04-27,80.10204315185547,80.43016904202953,78.88897719619925,78.93869599871927,20114400
WFC,2026-04-28,81.03669738769531,81.48413624070253,80.47988324421543,80.85772032928767,14826700
WFC,2026-04-29,81.04664611816406,81.53385851446866,80.24124552800038,80.77817672610148,19930700
WFC,2026-04-30,81.7625503540039,82.16027040468467,79.55516917701671,80.36056214147604,13535900
WFC,2026-05-01,80.35061645507812,82.1901058172125,80.35061645507812,81.78243290551069,14632700
WFC,2026-05-04,78.72988891601562,80.41028426795921,78.72988891601562,80.12193190906791,12968800
WFC,2026-05-05,79.43585205078125,79.65460263974457,78.560857280952,78.94863965737825,11379900
WFC,2026-05-06,79.96283721923828,81.01681663018766,79.89323544940405,80.33073662323298,14347500
WFC,2026-05-07,78.71000671386719,80.54948859338123,78.24267728580179,80.23130798495731,19094800
WFC,2026-05-08,75.63999938964844,79.02999877929688,75.55000305175781,79.0,31062100
WFC,2026-05-11,73.58000183105469,75.72000122070312,73.19000244140625,75.66999816894531,25403900
WFC,2026-05-12,75.18000030517578,75.25,72.87000274658203,73.9000015258789,21003400
WFC,2026-05-13,73.52999877929688,74.76000213623047,73.27999877929688,74.1500015258789,16343900
WFC,2026-05-14,73.79000091552734,74.48999786376953,73.22000122070312,73.9800033569336,19388500
WFC,2026-05-15,73.41999816894531,74.05999755859375,72.77999877929688,73.94000244140625,16479000
WFC,2026-05-18,74.37000274658203,74.7699966430664,73.33000183105469,73.33000183105469,16934200
WFC,2026-05-19,74.55000305175781,75.3499984741211,73.8499984741211,74.4800033569336,18649800
WFC,2026-05-20,75.80999755859375,76.30000305175781,73.9800033569336,74.88999938964844,14695300
WFC,2026-05-21,75.91999816894531,76.05999755859375,74.91000366210938,75.58999633789062,9433400
WFC,2026-05-22,76.4000015258789,76.8499984741211,76.12000274658203,76.36000061035156,8728900
WFC,2026-05-26,77.5199966430664,77.66999816894531,76.7699966430664,76.91000366210938,21956700
WFC,2026-05-27,76.11000061035156,77.70999908447266,75.18000030517578,77.12999725341797,15575700
WFC,2026-05-28,76.6500015258789,77.62000274658203,75.3499984741211,75.83999633789062,14146700
WFC,2026-05-29,77.54000091552734,77.75,76.33999633789062,76.62000274658203,22322900
WFC,2026-06-01,77.16999816894531,78.0199966430664,76.5,76.75,15566900
WFC,2026-06-02,79.44000244140625,79.54000091552734,76.72000122070312,76.80999755859375,19447400
WFC,2026-06-03,78.68000030517578,79.12999725341797,77.4000015258789,78.87999725341797,15236600
WFC,2026-06-04,81.62000274658203,81.88999938964844,79.72000122070312,79.97000122070312,19452100
WFC,2026-06-05,81.94000244140625,82.44999694824219,81.44999694824219,82.1500015258789,15110600
WFC,2026-06-08,80.95999908447266,82.54000091552734,80.83000183105469,81.80999755859375,11481200
WFC,2026-06-09,82.0,82.55999755859375,80.93000030517578,81.25,15565500
WFC,2026-06-10,81.97000122070312,83.18000030517578,81.44999694824219,81.8499984741211,12580800
WFC,2026-06-11,82.4000015258789,82.91000366210938,80.83000183105469,82.55000305175781,10929900
WFC,2026-06-12,83.7300033569336,84.0999984741211,82.62000274658203,82.93000030517578,10526000
WFC,2026-06-15,83.13999938964844,84.93000030517578,83.02999877929688,84.41999816894531,14526900
WFC,2026-06-16,85.05000305175781,85.05999755859375,83.94000244140625,84.0,12400500
WFC,2026-06-17,83.80999755859375,87.08000183105469,83.58999633789062,85.12999725341797,19403500
WFC,2026-06-18,82.19999694824219,85.56999969482422,81.94999694824219,84.93000030517578,36738600
WFC,2026-06-22,83.83999633789062,84.12999725341797,82.69000244140625,82.72000122070312,18657600
WFC,2026-06-23,84.12999725341797,84.33000183105469,83.05000305175781,84.01000213623047,11612300
WFC,2026-06-24,84.30000305175781,84.48999786376953,83.51000213623047,84.19000244140625,11424900
WFC,2026-06-25,84.73999786376953,86.30000305175781,84.27999877929688,84.27999877929688,11403800
WFC,2026-06-26,83.86000061035156,85.16000366210938,83.0999984741211,84.83000183105469,20829300
WFC,2026-06-29,83.51000213623047,84.58000183105469,83.47000122070312,83.76000213623047,16658300
WFC,2026-06-30,82.63999938964844,83.80000305175781,82.5199966430664,83.69999694824219,17283400
WFC,2026-07-01,85.94000244140625,86.05000305175781,82.75,82.83000183105469,14670600
WFC,2026-07-02,85.51000213623047,86.80000305175781,85.08999633789062,86.61000061035156,10782000
WFC,2026-07-06,87.44999694824219,87.62999725341797,85.91999816894531,86.0,9914200
WFC,2026-07-07,87.18000030517578,88.56999969482422,86.88999938964844,88.02999877929688,10029500
WFC,2026-07-08,85.55999755859375,86.7699966430664,85.0999984741211,86.5199966430664,9978600
WFC,2026-07-09,86.91000366210938,87.44999694824219,85.6500015258789,85.8499984741211,13324900
WFC,2026-07-10,87.16000366210938,87.83999633789062,86.6500015258789,87.5,14054800
WFC,2026-07-13,87.66999816894531,88.01000213623047,86.11000061035156,87.88999938964844,15026800
WFC,2026-07-14,85.29000091552734,88.68000030517578,83.83000183105469,84.8499984741211,38943000
WFC,2026-07-15,87.51000213623047,87.62999725341797,85.69999694824219,85.94000244140625,28730300
WFC,2026-07-16,88.06999969482422,88.9000015258789,87.20999908447266,87.94999694824219,20161000
WFC,2026-07-17,87.51000213623047,89.79000091552734,86.54000091552734,87.73999786376953,22740075
